Time(s),Households left,People left,Total households responded, Total people responded,Total households reached car,Total people reached car,Total cars activated,Avg. walking dist.
0,1000,2551,0,0,0,0,0,0
1,1000,2551,1,5,0,0,0,0
2,1000,2551,1,5,0,0,0,0
3,1000,2551,1,5,0,0,0,0
4,1000,2551,1,5,0,0,0,0
5,1000,2551,1,5,0,0,0,0
6,1000,2551,1,5,0,0,0,0
7,1000,2551,1,5,0,0,0,0
8,1000,2551,1,5,0,0,0,0
9,1000,2551,1,5,0,0,0,0
10,1000,2551,1,5,0,0,0,0
11,1000,2551,1,5,0,0,0,0
12,1000,2551,1,5,0,0,0,0
13,1000,2551,1,5,0,0,0,0
14,1000,2551,1,5,0,0,0,0
15,1000,2551,1,5,0,0,0,0
16,1000,2551,3,11,0,0,0,0
17,1000,2551,3,11,0,0,0,0
18,1000,2551,3,11,0,0,0,0
19,1000,2551,3,11,0,0,0,0
20,1000,2551,3,11,0,0,0,0
21,1000,2551,3,11,0,0,0,0
22,1000,2551,3,11,0,0,0,0
23,1000,2551,3,11,0,0,0,0
24,1000,2551,3,11,0,0,0,0
25,1000,2551,5,16,0,0,0,0
26,1000,2551,5,16,0,0,0,0
27,1000,2551,5,16,0,0,0,0
28,1000,2551,5,16,0,0,0,0
29,1000,2551,5,16,0,0,0,0
30,1000,2551,5,16,0,0,0,0
31,1000,2551,5,16,0,0,0,0
32,1000,2551,5,16,0,0,0,0
33,1000,2551,5,16,0,0,0,0
34,1000,2551,5,16,0,0,0,0
35,1000,2551,5,16,0,0,0,0
36,1000,2551,5,16,0,0,0,0
37,1000,2551,5,16,0,0,0,0
38,1000,2551,5,16,0,0,0,0
39,1000,2551,5,16,0,0,0,0
40,1000,2551,5,16,0,0,0,0
41,1000,2551,5,16,0,0,0,0
42,1000,2551,5,16,0,0,0,0
43,1000,2551,5,16,0,0,0,0
44,999,2550,5,16,1,1,1,0
45,999,2550,6,18,1,1,1,25.695627
46,999,2550,6,18,1,1,1,25.695627
47,999,2550,7,19,1,1,1,25.695627
48,999,2550,7,19,1,1,1,25.695627
49,999,2550,7,19,1,1,1,25.695627
50,999,2550,7,19,1,1,1,25.695627
51,999,2550,7,19,1,1,1,25.695627
52,999,2550,7,19,1,1,1,25.695627
53,999,2550,7,19,1,1,1,25.695627
54,999,2550,7,19,1,1,1,25.695627
55,999,2550,7,19,1,1,1,25.695627
56,999,2550,7,19,1,1,1,25.695627
57,999,2550,7,19,1,1,1,25.695627
58,999,2550,7,19,1,1,1,25.695627
59,999,2550,8,22,1,1,1,25.695627
60,999,2550,8,22,1,1,1,25.695627
61,999,2550,8,22,1,1,1,25.695627
62,999,2550,8,22,1,1,1,25.695627
63,999,2550,8,22,1,1,1,25.695627
64,999,2550,8,22,1,1,1,25.695627
65,999,2550,9,25,1,1,1,25.695627
66,998,2548,9,25,2,3,2,25.695627
67,998,2548,9,25,2,3,2,32.78552
68,998,2548,9,25,2,3,2,32.78552
69,998,2548,10,28,2,3,2,32.78552
70,998,2548,10,28,2,3,2,32.78552
71,998,2548,10,28,2,3,2,32.78552
72,998,2548,11,32,2,3,2,32.78552
73,998,2548,11,32,2,3,2,32.78552
74,998,2548,11,32,2,3,2,32.78552
75,998,2548,11,32,2,3,2,32.78552
76,998,2548,11,32,2,3,2,32.78552
77,998,2548,11,32,2,3,2,32.78552
78,998,2548,11,32,2,3,2,32.78552
79,998,2548,11,32,2,3,2,32.78552
80,998,2548,11,32,2,3,2,32.78552
81,998,2548,11,32,2,3,2,32.78552
82,998,2548,11,32,2,3,2,32.78552
83,997,2545,12,37,3,6,3,32.78552
84,997,2545,12,37,3,6,3,36.996357
85,997,2545,12,37,3,6,3,36.996357
86,997,2545,12,37,3,6,3,36.996357
87,997,2545,12,37,3,6,3,36.996357
88,996,2542,12,37,4,9,4,36.996357
89,996,2542,12,37,4,9,4,31.981749
90,996,2542,12,37,4,9,4,31.981749
91,996,2542,12,37,4,9,4,31.981749
92,996,2542,12,37,4,9,4,31.981749
93,995,2537,12,37,5,14,5,31.981749
94,995,2537,12,37,5,14,5,37.40644
95,995,2537,13,41,5,14,5,37.40644
96,995,2537,13,41,5,14,5,37.40644
97,995,2537,13,41,5,14,5,37.40644
98,995,2537,13,41,5,14,5,37.40644
99,995,2537,13,41,5,14,5,37.40644
100,995,2537,13,41,5,14,5,37.40644
101,995,2537,13,41,5,14,5,37.40644
102,994,2535,13,41,6,16,6,37.40644
103,994,2535,14,44,6,16,6,39.2039
104,994,2535,14,44,6,16,6,39.2039
105,993,2532,14,44,7,19,7,39.2039
106,993,2532,14,44,7,19,7,39.032124
107,993,2532,14,44,7,19,7,39.032124
108,993,2532,14,44,7,19,7,39.032124
109,992,2527,14,44,8,24,8,39.032124
110,992,2527,14,44,8,24,8,37.131973
111,992,2527,14,44,8,24,8,37.131973
112,992,2527,14,44,8,24,8,37.131973
113,992,2527,14,44,8,24,8,37.131973
114,992,2527,14,44,8,24,8,37.131973
115,992,2527,14,44,8,24,8,37.131973
116,992,2527,15,48,8,24,8,37.131973
117,991,2524,16,49,9,27,9,37.131973
118,991,2524,17,51,9,27,9,38.029503
119,991,2524,17,51,9,27,9,38.029503
120,991,2524,17,51,9,27,9,38.029503
121,991,2524,17,51,9,27,9,38.029503
122,991,2524,17,51,9,27,9,38.029503
123,989,2519,17,51,11,32,11,38.029503
124,989,2519,17,51,11,32,11,39.04163
125,988,2515,17,51,12,36,12,39.04163
126,988,2515,17,51,12,36,12,40.100227
127,988,2515,17,51,12,36,12,40.100227
128,988,2515,17,51,12,36,12,40.100227
129,988,2515,17,51,12,36,12,40.100227
130,988,2515,17,51,12,36,12,40.100227
131,988,2515,17,51,12,36,12,40.100227
132,988,2515,17,51,12,36,12,40.100227
133,988,2515,17,51,12,36,12,40.100227
134,988,2515,17,51,12,36,12,40.100227
135,988,2515,17,51,12,36,12,40.100227
136,988,2515,18,55,12,36,12,40.100227
137,988,2515,18,55,12,36,12,40.100227
138,988,2515,18,55,12,36,12,40.100227
139,987,2512,18,55,13,39,13,40.100227
140,987,2512,18,55,13,39,13,39.273796
141,987,2512,18,55,13,39,13,39.273796
142,987,2512,18,55,13,39,13,39.273796
143,987,2512,18,55,13,39,13,39.273796
144,987,2512,18,55,13,39,13,39.273796
145,987,2512,18,55,13,39,13,39.273796
146,987,2512,18,55,13,39,13,39.273796
147,987,2512,18,55,13,39,13,39.273796
148,987,2512,18,55,13,39,13,39.273796
149,987,2512,18,55,13,39,13,39.273796
150,987,2512,18,55,13,39,13,39.273796
151,987,2512,18,55,13,39,13,39.273796
152,987,2512,18,55,13,39,13,39.273796
153,987,2512,18,55,13,39,13,39.273796
154,987,2512,18,55,13,39,13,39.273796
155,987,2512,18,55,13,39,13,39.273796
156,987,2512,18,55,13,39,13,39.273796
157,985,2503,18,55,15,48,15,39.273796
158,985,2503,18,55,15,48,15,45.00193
159,985,2503,18,55,15,48,15,45.00193
160,985,2503,18,55,15,48,15,45.00193
161,985,2503,19,57,15,48,15,45.00193
162,985,2503,19,57,15,48,15,45.00193
163,985,2503,19,57,15,48,15,45.00193
164,985,2503,19,57,15,48,15,45.00193
165,985,2503,19,57,15,48,15,45.00193
166,985,2503,19,57,15,48,15,45.00193
167,984,2501,19,57,16,50,16,45.00193
168,984,2501,19,57,16,50,16,44.415703
169,984,2501,19,57,16,50,16,44.415703
170,984,2501,19,57,16,50,16,44.415703
171,984,2501,19,57,16,50,16,44.415703
172,984,2501,19,57,16,50,16,44.415703
173,983,2497,19,57,17,54,17,44.415703
174,983,2497,19,57,17,54,17,43.899513
175,983,2497,19,57,17,54,17,43.899513
176,983,2497,19,57,17,54,17,43.899513
177,983,2497,19,57,17,54,17,43.899513
178,983,2497,19,57,17,54,17,43.899513
179,983,2497,19,57,17,54,17,43.899513
180,983,2497,19,57,17,54,17,43.899513
181,983,2497,19,57,17,54,17,43.899513
182,983,2497,19,57,17,54,17,43.899513
183,983,2497,20,62,17,54,17,43.899513
184,982,2496,20,62,18,55,18,43.899513
185,982,2496,20,62,18,55,18,45.00477
186,982,2496,20,62,18,55,18,45.00477
187,982,2496,20,62,18,55,18,45.00477
188,982,2496,20,62,18,55,18,45.00477
189,982,2496,20,62,18,55,18,45.00477
190,982,2496,20,62,18,55,18,45.00477
191,982,2496,20,62,18,55,18,45.00477
192,982,2496,21,64,18,55,18,45.00477
193,982,2496,21,64,18,55,18,45.00477
194,982,2496,21,64,18,55,18,45.00477
195,982,2496,21,64,18,55,18,45.00477
196,982,2496,21,64,18,55,18,45.00477
197,982,2496,22,66,18,55,18,45.00477
198,982,2496,22,66,18,55,18,45.00477
199,982,2496,23,67,18,55,18,45.00477
200,982,2496,23,67,18,55,18,45.00477
201,982,2496,23,67,18,55,18,45.00477
202,982,2496,24,68,18,55,18,45.00477
203,982,2496,24,68,18,55,18,45.00477
204,982,2496,24,68,18,55,18,45.00477
205,982,2496,24,68,18,55,18,45.00477
206,982,2496,25,71,18,55,18,45.00477
207,982,2496,25,71,18,55,18,45.00477
208,982,2496,25,71,18,55,18,45.00477
209,982,2496,25,71,18,55,18,45.00477
210,982,2496,25,71,18,55,18,45.00477
211,982,2496,25,71,18,55,18,45.00477
212,982,2496,25,71,18,55,18,45.00477
213,982,2496,25,71,18,55,18,45.00477
214,982,2496,26,74,18,55,18,45.00477
215,982,2496,26,74,18,55,18,45.00477
216,982,2496,26,74,18,55,18,45.00477
217,982,2496,26,74,18,55,18,45.00477
218,982,2496,26,74,18,55,18,45.00477
219,982,2496,26,74,18,55,18,45.00477
220,982,2496,26,74,18,55,18,45.00477
221,982,2496,26,74,18,55,18,45.00477
222,981,2495,26,74,19,56,19,45.00477
223,981,2495,26,74,19,56,19,43.44412
224,981,2495,26,74,19,56,19,43.44412
225,981,2495,26,74,19,56,19,43.44412
226,981,2495,26,74,19,56,19,43.44412
227,980,2493,26,74,20,58,20,43.44412
228,980,2493,27,75,20,58,20,42.742165
229,979,2492,28,77,21,59,21,42.742165
230,979,2492,28,77,21,59,21,42.0524
231,979,2492,28,77,21,59,21,42.0524
232,979,2492,28,77,21,59,21,42.0524
233,979,2492,29,80,21,59,21,42.0524
234,979,2492,29,80,21,59,21,42.0524
235,979,2492,29,80,21,59,21,42.0524
236,979,2492,29,80,21,59,21,42.0524
237,979,2492,29,80,21,59,21,42.0524
238,977,2484,29,80,23,67,23,42.0524
239,977,2484,29,80,23,67,23,41.69861
240,977,2484,29,80,23,67,23,41.69861
241,977,2484,29,80,23,67,23,41.69861
242,977,2484,29,80,23,67,23,41.69861
243,977,2484,29,80,23,67,23,41.69861
244,977,2484,29,80,23,67,23,41.69861
245,977,2484,29,80,23,67,23,41.69861
246,977,2484,29,80,23,67,23,41.69861
247,977,2484,29,80,23,67,23,41.69861
248,977,2484,29,80,23,67,23,41.69861
249,977,2484,29,80,23,67,23,41.69861
250,977,2484,30,82,23,67,23,41.69861
251,977,2484,31,86,23,67,23,41.69861
252,977,2484,31,86,23,67,23,41.69861
253,977,2484,31,86,23,67,23,41.69861
254,977,2484,32,89,23,67,23,41.69861
255,977,2484,32,89,23,67,23,41.69861
256,976,2482,32,89,24,69,24,41.69861
257,976,2482,32,89,24,69,24,42.783245
258,976,2482,33,90,24,69,24,42.783245
259,976,2482,33,90,24,69,24,42.783245
260,976,2482,33,90,24,69,24,42.783245
261,976,2482,33,90,24,69,24,42.783245
262,976,2482,33,90,24,69,24,42.783245
263,976,2482,34,92,24,69,24,42.783245
264,976,2482,34,92,24,69,24,42.783245
265,976,2482,34,92,24,69,24,42.783245
266,976,2482,34,92,24,69,24,42.783245
267,976,2482,34,92,24,69,24,42.783245
268,976,2482,34,92,24,69,24,42.783245
269,976,2482,34,92,24,69,24,42.783245
270,976,2482,35,94,24,69,24,42.783245
271,976,2482,35,94,24,69,24,42.783245
272,976,2482,35,94,24,69,24,42.783245
273,976,2482,35,94,24,69,24,42.783245
274,976,2482,35,94,24,69,24,42.783245
275,976,2482,35,94,24,69,24,42.783245
276,976,2482,35,94,24,69,24,42.783245
277,976,2482,35,94,24,69,24,42.783245
278,976,2482,36,95,24,69,24,42.783245
279,976,2482,36,95,24,69,24,42.783245
280,975,2480,36,95,25,71,25,42.783245
281,975,2480,36,95,25,71,25,42.931896
282,975,2480,36,95,25,71,25,42.931896
283,975,2480,36,95,25,71,25,42.931896
284,975,2480,36,95,25,71,25,42.931896
285,975,2480,36,95,25,71,25,42.931896
286,973,2476,37,97,27,75,27,42.931896
287,973,2476,37,97,27,75,27,43.836273
288,973,2476,37,97,27,75,27,43.836273
289,973,2476,37,97,27,75,27,43.836273
290,972,2474,37,97,28,77,28,43.836273
291,972,2474,37,97,28,77,28,43.631947
292,971,2472,37,97,29,79,29,43.631947
293,971,2472,38,98,29,79,29,42.721066
294,971,2472,38,98,29,79,29,42.721066
295,971,2472,38,98,29,79,29,42.721066
296,971,2472,39,102,29,79,29,42.721066
297,971,2472,39,102,29,79,29,42.721066
298,971,2472,39,102,29,79,29,42.721066
299,970,2470,39,102,30,81,30,42.721066
300,969,2467,39,102,31,84,31,44.303032
301,969,2467,41,108,31,84,31,44.449608
302,969,2467,43,112,31,84,31,44.449608
303,969,2467,43,112,31,84,31,44.449608
304,969,2467,43,112,31,84,31,44.449608
305,969,2467,44,116,31,84,31,44.449608
306,969,2467,46,122,31,84,31,44.449608
307,969,2467,46,122,31,84,31,44.449608
308,968,2464,46,122,32,87,32,44.449608
309,968,2464,46,122,32,87,32,44.335293
310,968,2464,46,122,32,87,32,44.335293
311,968,2464,46,122,32,87,32,44.335293
312,968,2464,46,122,32,87,32,44.335293
313,968,2464,47,124,32,87,32,44.335293
314,967,2463,47,124,33,88,33,44.335293
315,967,2463,48,126,33,88,33,43.602238
316,967,2463,49,131,33,88,33,43.602238
317,966,2461,51,138,34,90,34,43.602238
318,966,2461,52,141,34,90,34,43.6036
319,966,2461,55,149,34,90,34,43.6036
320,966,2461,58,156,34,90,34,43.6036
321,966,2461,58,156,34,90,34,43.6036
322,966,2461,58,156,34,90,34,43.6036
323,966,2461,61,161,34,90,34,43.6036
324,965,2459,62,164,35,92,35,43.6036
325,964,2455,63,167,36,96,36,43.11485
326,964,2455,65,174,36,96,36,43.86711
327,964,2455,66,175,36,96,36,43.86711
328,964,2455,68,180,36,96,36,43.86711
329,964,2455,70,182,36,96,36,43.86711
330,964,2455,70,182,36,96,36,43.86711
331,964,2455,70,182,36,96,36,43.86711
332,963,2453,72,185,37,98,37,43.86711
333,963,2453,72,185,37,98,37,43.092678
334,963,2453,72,185,37,98,37,43.092678
335,963,2453,73,186,37,98,37,43.092678
336,963,2453,73,186,37,98,37,43.092678
337,963,2453,74,190,37,98,37,43.092678
338,963,2453,74,190,37,98,37,43.092678
339,963,2453,75,195,37,98,37,43.092678
340,963,2453,77,201,37,98,37,43.092678
341,963,2453,79,204,37,98,37,43.092678
342,962,2451,80,209,38,100,38,43.092678
343,962,2451,80,209,38,100,38,42.31323
344,962,2451,80,209,38,100,38,42.31323
345,962,2451,81,213,38,100,38,42.31323
346,962,2451,82,214,38,100,38,42.31323
347,962,2451,82,214,38,100,38,42.31323
348,961,2448,83,219,39,103,39,42.31323
349,961,2448,83,219,39,103,39,42.240715
350,960,2443,83,219,40,108,40,42.240715
351,959,2442,83,219,41,109,41,41.396675
352,959,2442,83,219,41,109,41,40.95382
353,959,2442,83,219,41,109,41,40.95382
354,959,2442,86,225,41,109,41,40.95382
355,958,2438,89,234,42,113,42,40.95382
356,956,2434,89,234,44,117,44,41.08249
357,956,2434,91,238,44,117,44,40.45051
358,956,2434,91,238,44,117,44,40.45051
359,955,2429,92,242,45,122,45,40.45051
360,954,2428,93,245,46,123,46,40.21318
361,953,2426,94,249,47,125,47,40.251743
362,952,2425,94,249,48,126,48,39.99222
363,952,2425,94,249,48,126,48,39.842724
364,950,2418,95,252,50,133,50,39.842724
365,950,2418,98,261,50,133,50,39.941376
366,950,2418,98,261,50,133,50,39.941376
367,949,2414,99,262,51,137,51,39.941376
368,949,2414,99,262,51,137,51,40.023056
369,949,2414,99,262,51,137,51,40.023056
370,949,2414,100,263,51,137,51,40.023056
371,949,2414,101,264,51,137,51,40.023056
372,949,2414,101,264,51,137,51,40.023056
373,949,2414,103,268,51,137,51,40.023056
374,949,2414,104,270,51,137,51,40.023056
375,948,2411,104,270,52,140,52,40.023056
376,947,2408,104,270,53,143,53,39.97613
377,946,2406,104,270,54,145,54,40.21323
378,946,2406,105,273,54,145,54,40.325832
379,945,2405,106,276,55,146,55,40.325832
380,941,2394,107,280,59,157,59,40.891438
381,941,2394,108,283,59,157,59,41.253056
382,941,2394,108,283,59,157,59,41.253056
383,940,2392,108,283,60,159,60,41.253056
384,937,2385,108,283,63,166,63,41.38724
385,937,2385,110,289,63,166,63,42.48086
386,937,2385,114,304,63,166,63,42.48086
387,936,2380,114,304,64,171,64,42.48086
388,935,2379,114,304,65,172,65,42.33193
389,934,2375,114,304,66,176,66,42.574997
390,934,2375,115,308,66,176,66,42.416447
391,933,2374,115,308,67,177,67,42.416447
392,932,2372,117,313,68,179,68,42.60116
393,931,2369,117,313,69,182,69,42.69084
394,931,2369,117,313,69,182,69,42.881477
395,931,2369,120,322,69,182,69,42.881477
396,931,2369,123,329,69,182,69,42.881477
397,931,2369,124,332,69,182,69,42.881477
398,931,2369,124,332,69,182,69,42.881477
399,931,2369,124,332,69,182,69,42.881477
400,930,2364,124,332,70,187,70,42.881477
401,929,2360,125,333,71,191,71,42.974766
402,927,2356,129,344,73,195,73,42.636433
403,926,2352,130,346,74,199,74,42.496365
404,925,2349,131,348,75,202,75,42.52915
405,923,2345,132,350,77,206,77,42.268723
406,922,2340,133,352,78,211,78,42.413082
407,921,2338,133,352,79,213,79,42.115173
408,921,2338,134,356,79,213,79,42.04592
409,920,2334,134,356,80,217,80,42.04592
410,918,2329,136,362,82,222,82,42.469337
411,918,2329,138,366,82,222,82,43.367928
412,917,2327,139,368,83,224,83,43.367928
413,917,2327,140,371,83,224,83,42.94009
414,917,2327,141,372,83,224,83,42.94009
415,916,2323,141,372,84,228,84,42.94009
416,914,2315,142,373,86,236,86,42.712666
417,913,2310,145,379,87,241,87,42.84585
418,910,2303,147,384,90,248,90,42.96447
419,908,2295,147,384,92,256,92,43.35739
420,905,2291,149,386,95,260,95,43.54401
421,905,2291,149,386,95,260,95,44.059906
422,902,2284,149,386,98,267,98,44.059906
423,901,2283,149,386,99,268,99,44.49474
424,901,2283,149,386,99,268,99,44.327946
425,900,2281,151,393,100,270,100,44.327946
426,899,2278,151,393,101,273,101,44.321392
427,896,2269,151,393,104,282,104,44.26118
428,895,2267,153,399,105,284,105,44.280636
429,895,2267,153,399,105,284,105,44.030567
430,895,2267,153,399,105,284,105,44.030567
431,895,2267,153,399,105,284,105,44.030567
432,894,2263,153,399,106,288,106,44.030567
433,894,2263,153,399,106,288,106,43.89934
434,894,2263,154,403,106,288,106,43.89934
435,893,2259,154,403,107,292,107,43.89934
436,893,2259,154,403,107,292,107,44.181602
437,891,2256,154,403,109,295,109,44.181602
438,890,2255,157,409,110,296,110,44.24285
439,890,2255,158,413,110,296,110,44.48017
440,888,2249,158,413,112,302,112,44.48017
441,888,2249,159,418,112,302,112,44.84507
442,886,2245,160,423,114,306,114,44.84507
443,885,2244,160,423,115,307,115,44.981827
444,884,2241,161,425,116,310,116,45.12516
445,881,2233,162,428,119,318,119,45.088547
446,880,2229,163,430,120,322,120,45.124516
447,880,2229,165,435,120,322,120,45.019764
448,879,2227,165,435,121,324,121,45.019764
449,879,2227,166,437,121,324,121,45.15706
450,878,2225,166,437,122,326,122,45.15706
451,877,2224,166,437,123,327,123,45.118164
452,877,2224,167,441,123,327,123,45.119205
453,876,2223,168,442,124,328,124,45.119205
454,876,2223,169,444,124,328,124,44.982327
455,874,2218,171,446,126,333,126,44.982327
456,874,2218,171,446,126,333,126,44.677418
457,873,2215,171,446,127,336,127,44.677418
458,871,2210,173,452,129,341,129,44.676014
459,870,2205,174,456,130,346,130,44.61278
460,869,2201,174,456,131,350,131,44.390976
461,868,2200,174,456,132,351,132,44.180977
462,867,2196,175,461,133,355,133,43.904743
463,866,2195,176,462,134,356,134,44.0101
464,865,2192,176,462,135,359,135,44.258564
465,864,2189,176,462,136,362,136,44.08922
466,863,2186,177,465,137,365,137,44.051224
467,862,2185,179,468,138,366,138,44.22616
468,860,2181,180,469,140,370,140,44.23704
469,859,2180,181,473,141,371,141,44.320103
470,859,2180,181,473,141,371,141,44.409714
471,859,2180,181,473,141,371,141,44.409714
472,859,2180,181,473,141,371,141,44.409714
473,858,2177,181,473,142,374,142,44.409714
474,856,2171,182,478,144,380,144,44.379128
475,855,2167,183,481,145,384,145,44.416332
476,852,2156,185,485,148,395,148,44.438526
477,851,2151,186,486,149,400,149,44.74848
478,851,2151,187,488,149,400,149,44.83575
479,849,2148,187,488,151,403,151,44.83575
480,848,2147,188,491,152,404,152,44.85526
481,847,2144,188,491,153,407,153,44.8578
482,847,2144,188,491,153,407,153,45.113956
483,847,2144,188,491,153,407,153,45.113956
484,847,2144,188,491,153,407,153,45.113956
485,846,2143,189,493,154,408,154,45.113956
486,846,2143,189,493,154,408,154,45.371788
487,845,2142,190,495,155,409,155,45.371788
488,845,2142,190,495,155,409,155,45.46534
489,844,2140,192,500,156,411,156,45.46534
490,843,2139,193,504,157,412,157,45.364017
491,843,2139,193,504,157,412,157,45.246563
492,843,2139,195,507,157,412,157,45.246563
493,842,2137,197,509,158,414,158,45.246563
494,841,2133,197,509,159,418,159,45.186287
495,841,2133,198,513,159,418,159,45.23983
496,841,2133,198,513,159,418,159,45.23983
497,841,2133,199,516,159,418,159,45.23983
498,841,2133,199,516,159,418,159,45.23983
499,840,2130,202,522,160,421,160,45.23983
500,840,2130,205,526,160,421,160,45.26063
501,840,2130,206,529,160,421,160,45.26063
502,840,2130,208,536,160,421,160,45.26063
503,840,2130,208,536,160,421,160,45.26063
504,839,2127,208,536,161,424,161,45.26063
505,839,2127,209,538,161,424,161,45.19833
506,839,2127,209,538,161,424,161,45.19833
507,837,2120,211,541,163,431,163,45.19833
508,836,2116,211,541,164,435,164,45.300583
509,836,2116,212,545,164,435,164,45.448536
510,836,2116,212,545,164,435,164,45.448536
511,836,2116,213,548,164,435,164,45.448536
512,835,2113,214,550,165,438,165,45.448536
513,834,2112,215,552,166,439,166,45.354397
514,833,2110,216,554,167,441,167,45.549305
515,832,2109,218,558,168,442,168,45.54846
516,831,2105,218,558,169,446,169,45.3528
517,831,2105,219,559,169,446,169,45.418488
518,831,2105,222,569,169,446,169,45.418488
519,830,2103,222,569,170,448,170,45.418488
520,830,2103,224,575,170,448,170,45.562866
521,829,2101,225,578,171,450,171,45.562866
522,829,2101,225,578,171,450,171,45.686028
523,829,2101,226,579,171,450,171,45.686028
524,828,2097,226,579,172,454,172,45.686028
525,828,2097,227,581,172,454,172,45.65835
526,828,2097,227,581,172,454,172,45.65835
527,827,2093,228,583,173,458,173,45.65835
528,827,2093,232,595,173,458,173,45.715744
529,826,2091,234,600,174,460,174,45.715744
530,822,2083,237,610,178,468,178,45.67227
531,819,2078,239,614,181,473,181,45.840744
532,819,2078,240,618,181,473,181,46.087967
533,818,2073,244,627,182,478,182,46.087967
534,818,2073,244,627,182,478,182,46.122295
535,818,2073,247,633,182,478,182,46.122295
536,818,2073,249,641,182,478,182,46.122295
537,818,2073,251,645,182,478,182,46.122295
538,818,2073,252,646,182,478,182,46.122295
539,818,2073,253,648,182,478,182,46.122295
540,816,2069,254,651,184,482,184,46.122295
541,813,2063,256,655,187,488,187,46.411823
542,813,2063,257,657,187,488,187,46.692635
543,813,2063,258,661,187,488,187,46.692635
544,812,2062,258,661,188,489,188,46.692635
545,811,2058,259,665,189,493,189,46.4912
546,809,2055,260,666,191,496,191,46.300407
547,809,2055,261,667,191,496,191,46.34114
548,809,2055,262,672,191,496,191,46.34114
549,808,2053,262,672,192,498,192,46.34114
550,807,2050,263,676,193,501,193,46.356506
551,806,2049,264,679,194,502,194,46.250477
552,805,2048,267,691,195,503,195,46.28023
553,803,2042,270,698,197,509,197,46.327694
554,801,2038,272,704,199,513,199,46.31356
555,800,2035,274,708,200,516,200,46.0461
556,800,2035,274,708,200,516,200,46.069717
557,798,2032,275,711,202,519,202,46.069717
558,798,2032,275,711,202,519,202,46.14608
559,797,2029,278,718,203,522,203,46.14608
560,797,2029,281,722,203,522,203,46.29344
561,795,2026,281,722,205,525,205,46.29344
562,794,2022,281,722,206,529,206,46.133823
563,794,2022,281,722,206,529,206,46.024746
564,790,2012,282,723,210,539,210,46.024746
565,790,2012,283,724,210,539,210,46.620922
566,790,2012,284,729,210,539,210,46.620922
567,789,2009,285,730,211,542,211,46.620922
568,789,2009,285,730,211,542,211,46.57725
569,785,2000,285,730,215,551,215,46.57725
570,785,2000,285,730,215,551,215,46.605373
571,784,1998,287,734,216,553,216,46.605373
572,783,1994,287,734,217,557,217,46.55868
573,781,1991,288,736,219,560,219,46.464092
574,780,1989,289,738,220,562,220,46.5506
575,780,1989,289,738,220,562,220,46.56351
576,779,1988,290,739,221,563,221,46.56351
577,777,1980,291,741,223,571,223,46.43871
578,777,1980,291,741,223,571,223,46.325794
579,776,1978,291,741,224,573,224,46.325794
580,775,1973,291,741,225,578,225,46.273968
581,774,1972,292,745,226,579,226,46.187786
582,774,1972,292,745,226,579,226,46.096523
583,773,1969,292,745,227,582,227,46.096523
584,770,1961,292,745,230,590,230,46.2203
585,769,1957,292,745,231,594,231,46.07442
586,767,1953,296,752,233,598,233,46.173737
587,762,1938,296,752,238,613,238,46.13832
588,760,1933,299,761,240,618,240,46.164284
589,759,1929,300,762,241,622,241,46.04266
590,757,1926,300,762,243,625,243,45.97577
591,756,1924,301,764,244,627,244,45.821518
592,756,1924,302,768,244,627,244,45.843655
593,753,1917,303,769,247,634,247,45.843655
594,752,1914,304,771,248,637,248,46.18437
595,751,1911,307,775,249,640,249,46.02479
596,751,1911,307,775,249,640,249,45.973274
597,749,1907,307,775,251,644,251,45.973274
598,748,1906,308,776,252,645,252,46.009594
599,748,1906,310,781,252,645,252,46.05771
600,748,1906,311,783,252,645,252,46.05771
601,747,1904,312,787,253,647,253,46.05771
602,746,1901,313,788,254,650,254,45.94295
603,746,1901,313,788,254,650,254,46.045914
604,745,1899,314,790,255,652,255,46.045914
605,745,1899,314,790,255,652,255,45.90654
606,744,1898,314,790,256,653,256,45.90654
607,744,1898,314,790,256,653,256,45.887573
608,743,1894,314,790,257,657,257,45.887573
609,741,1886,314,790,259,665,259,45.976
610,739,1880,315,791,261,671,261,46.090652
611,738,1876,315,791,262,675,262,46.0417
612,737,1872,316,792,263,679,263,46.12221
613,737,1872,319,803,263,679,263,46.142162
614,736,1870,319,803,264,681,264,46.142162
615,735,1867,319,803,265,684,265,46.0153
616,732,1861,321,810,268,690,268,46.05289
617,731,1858,322,813,269,693,269,46.022907
618,729,1851,323,817,271,700,271,46.093315
619,728,1848,325,822,272,703,272,46.326138
620,727,1845,325,822,273,706,273,46.26872
621,726,1844,326,826,274,707,274,46.36567
622,724,1842,327,829,276,709,276,46.60537
623,724,1842,328,831,276,709,276,46.491627
624,722,1840,328,831,278,711,278,46.491627
625,722,1840,329,833,278,711,278,46.662483
626,722,1840,329,833,278,711,278,46.662483
627,721,1837,329,833,279,714,279,46.662483
628,720,1836,329,833,280,715,280,46.57872
629,719,1834,329,833,281,717,281,46.711655
630,719,1834,331,840,281,717,281,46.72171
631,717,1830,331,840,283,721,283,46.72171
632,716,1829,331,840,284,722,284,46.9657
633,716,1829,331,840,284,722,284,46.894264
634,715,1827,331,840,285,724,285,46.894264
635,713,1825,331,840,287,726,287,46.89461
636,713,1825,331,840,287,726,287,47.104023
637,711,1822,332,842,289,729,289,47.104023
638,709,1815,332,842,291,736,291,47.12975
639,709,1815,332,842,291,736,291,47.133213
640,708,1811,332,842,292,740,292,47.133213
641,706,1805,332,842,294,746,294,47.16469
642,706,1805,333,843,294,746,294,47.289032
643,706,1805,333,843,294,746,294,47.289032
644,705,1803,334,844,295,748,295,47.289032
645,704,1802,335,846,296,749,296,47.28363
646,704,1802,335,846,296,749,296,47.28062
647,702,1798,335,846,298,753,298,47.28062
648,700,1793,335,846,300,758,300,47.29796
649,699,1792,336,847,301,759,301,47.338833
650,699,1792,336,847,301,759,301,47.367218
651,699,1792,337,852,301,759,301,47.367218
652,699,1792,338,853,301,759,301,47.367218
653,699,1792,339,857,301,759,301,47.367218
654,698,1789,340,859,302,762,302,47.367218
655,698,1789,342,861,302,762,302,47.628876
656,698,1789,344,866,302,762,302,47.628876
657,698,1789,345,867,302,762,302,47.628876
658,697,1785,345,867,303,766,303,47.628876
659,696,1783,346,870,304,768,304,47.614998
660,695,1782,350,885,305,769,305,47.559235
661,693,1779,351,889,307,772,307,47.72986
662,692,1778,352,892,308,773,308,47.907063
663,690,1773,352,892,310,778,310,47.867928
664,690,1773,352,892,310,778,310,47.810486
665,689,1768,353,893,311,783,311,47.810486
666,689,1768,353,893,311,783,311,47.669353
667,687,1764,353,893,313,787,313,47.669353
668,687,1764,353,893,313,787,313,47.605797
669,685,1756,354,897,315,795,315,47.605797
670,683,1754,354,897,317,797,317,47.786915
671,682,1751,354,897,318,800,318,47.879345
672,681,1746,354,897,319,805,319,47.880756
673,680,1741,355,901,320,810,320,48.080307
674,680,1741,355,901,320,810,320,48.181515
675,679,1739,355,901,321,812,321,48.181515
676,679,1739,356,903,321,812,321,48.305565
677,679,1739,359,910,321,812,321,48.305565
678,677,1736,359,910,323,815,323,48.305565
679,675,1730,360,912,325,821,325,48.265793
680,674,1728,360,912,326,823,326,48.20992
681,673,1724,360,912,327,827,327,48.199425
682,672,1720,361,916,328,831,328,48.219177
683,670,1712,363,921,330,839,330,48.145393
684,670,1712,367,935,330,839,330,48.271847
685,670,1712,368,936,330,839,330,48.271847
686,669,1711,368,936,331,840,331,48.271847
687,669,1711,369,939,331,840,331,48.33766
688,669,1711,371,946,331,840,331,48.33766
689,669,1711,372,947,331,840,331,48.33766
690,669,1711,372,947,331,840,331,48.33766
691,669,1711,373,948,331,840,331,48.33766
692,669,1711,373,948,331,840,331,48.33766
693,669,1711,375,951,331,840,331,48.33766
694,669,1711,375,951,331,840,331,48.33766
695,668,1707,376,952,332,844,332,48.33766
696,668,1707,377,956,332,844,332,48.42017
697,666,1701,380,960,334,850,334,48.42017
698,666,1701,381,965,334,850,334,48.66163
699,665,1700,383,968,335,851,335,48.66163
700,665,1700,383,968,335,851,335,48.657707
701,663,1698,383,968,337,853,337,48.657707
702,663,1698,384,970,337,853,337,48.70316
703,663,1698,385,973,337,853,337,48.70316
704,662,1695,387,978,338,856,338,48.70316
705,662,1695,388,979,338,856,338,48.603165
706,661,1691,388,979,339,860,339,48.603165
707,660,1687,389,982,340,864,340,48.559372
708,659,1686,390,984,341,865,341,48.494892
709,659,1686,392,989,341,865,341,48.49555
710,658,1685,392,989,342,866,342,48.49555
711,657,1681,392,989,343,870,343,48.43959
712,656,1678,394,994,344,873,344,48.38915
713,656,1678,395,999,344,873,344,48.327965
714,656,1678,397,1009,344,873,344,48.327965
715,656,1678,399,1013,344,873,344,48.327965
716,655,1676,400,1018,345,875,345,48.327965
717,653,1673,400,1018,347,878,347,48.3403
718,653,1673,400,1018,347,878,347,48.48459
719,653,1673,400,1018,347,878,347,48.48459
720,651,1667,401,1021,349,884,349,48.48459
721,651,1667,401,1021,349,884,349,48.31408
722,649,1663,401,1021,351,888,351,48.31408
723,647,1660,403,1028,353,891,353,48.273956
724,647,1660,404,1032,353,891,353,48.197964
725,647,1660,404,1032,353,891,353,48.197964
726,647,1660,404,1032,353,891,353,48.197964
727,645,1654,404,1032,355,897,355,48.197964
728,643,1649,404,1032,357,902,357,48.265526
729,643,1649,404,1032,357,902,357,48.26063
730,641,1641,404,1032,359,910,359,48.26063
731,640,1640,407,1039,360,911,360,48.105953
732,638,1635,409,1041,362,916,362,48.119373
733,637,1631,410,1042,363,920,363,48.022243
734,637,1631,410,1042,363,920,363,48.023216
735,637,1631,410,1042,363,920,363,48.023216
736,637,1631,410,1042,363,920,363,48.023216
737,636,1630,413,1048,364,921,364,48.023216
738,635,1625,415,1054,365,926,365,48.000816
739,635,1625,415,1054,365,926,365,48.003174
740,634,1623,416,1056,366,928,366,48.003174
741,634,1623,417,1057,366,928,366,47.975483
742,631,1613,420,1068,369,938,369,47.975483
743,631,1613,420,1068,369,938,369,47.849964
744,630,1612,421,1070,370,939,370,47.849964
745,628,1609,423,1077,372,942,372,47.826946
746,628,1609,425,1082,372,942,372,47.682873
747,628,1609,425,1082,372,942,372,47.682873
748,625,1601,425,1082,375,950,375,47.682873
749,623,1597,426,1087,377,954,377,47.72038
750,623,1597,427,1091,377,954,377,47.653664
751,621,1594,430,1099,379,957,379,47.653664
752,621,1594,430,1099,379,957,379,47.524315
753,620,1593,432,1105,380,958,380,47.524315
754,620,1593,432,1105,380,958,380,47.565918
755,618,1589,433,1109,382,962,382,47.565918
756,617,1585,433,1109,383,966,383,47.64084
757,616,1582,433,1109,384,969,384,47.625652
758,615,1579,437,1120,385,972,385,47.72304
759,614,1575,439,1124,386,976,386,47.72033
760,614,1575,439,1124,386,976,386,47.663307
761,613,1573,440,1126,387,978,387,47.663307
762,611,1567,442,1128,389,984,389,47.76766
763,610,1565,442,1128,390,986,390,47.773315
764,609,1562,442,1128,391,989,391,47.694965
765,609,1562,444,1131,391,989,391,47.680237
766,608,1561,445,1135,392,990,392,47.680237
767,607,1556,445,1135,393,995,393,47.744614
768,607,1556,445,1135,393,995,393,47.72385
769,607,1556,445,1135,393,995,393,47.72385
770,607,1556,445,1135,393,995,393,47.72385
771,606,1554,445,1135,394,997,394,47.72385
772,605,1551,446,1137,395,1000,395,47.6656
773,604,1550,447,1139,396,1001,396,47.67345
774,604,1550,448,1140,396,1001,396,47.64985
775,604,1550,448,1140,396,1001,396,47.64985
776,603,1549,448,1140,397,1002,397,47.64985
777,601,1542,450,1144,399,1009,399,47.810944
778,601,1542,450,1144,399,1009,399,47.77655
779,601,1542,451,1145,399,1009,399,47.77655
780,600,1540,453,1151,400,1011,400,47.77655
781,598,1532,454,1156,402,1019,402,47.83171
782,597,1529,454,1156,403,1022,403,48.040466
783,596,1528,454,1156,404,1023,404,47.976986
784,596,1528,457,1159,404,1023,404,47.92838
785,594,1522,457,1159,406,1029,406,47.92838
786,592,1516,457,1159,408,1035,408,47.90505
787,592,1516,457,1159,408,1035,408,48.05444
788,591,1511,457,1159,409,1040,409,48.05444
789,590,1507,458,1160,410,1044,410,48.006634
790,589,1506,458,1160,411,1045,411,47.98682
791,588,1501,458,1160,412,1050,412,47.916363
792,587,1500,460,1169,413,1051,413,47.9717
793,586,1499,460,1169,414,1052,414,48.05264
794,586,1499,460,1169,414,1052,414,48.051258
795,586,1499,461,1173,414,1052,414,48.051258
796,585,1497,461,1173,415,1054,415,48.051258
797,585,1497,462,1176,415,1054,415,48.046356
798,583,1488,464,1180,417,1063,417,48.046356
799,581,1486,466,1186,419,1065,419,48.032642
800,579,1482,467,1190,421,1069,421,48.021553
801,578,1478,467,1190,422,1073,422,47.93885
802,578,1478,469,1196,422,1073,422,47.82898
803,578,1478,469,1196,422,1073,422,47.82898
804,578,1478,469,1196,422,1073,422,47.82898
805,576,1470,469,1196,424,1081,424,47.82898
806,576,1470,469,1196,424,1081,424,47.906517
807,575,1469,471,1201,425,1082,425,47.906517
808,575,1469,471,1201,425,1082,425,47.87375
809,574,1466,472,1205,426,1085,426,47.87375
810,573,1461,474,1208,427,1090,427,47.90053
811,572,1459,475,1209,428,1092,428,47.83938
812,569,1452,475,1209,431,1099,431,47.749805
813,568,1451,477,1215,432,1100,432,47.67545
814,567,1449,477,1215,433,1102,433,47.67111
815,567,1449,479,1223,433,1102,433,47.80006
816,567,1449,479,1223,433,1102,433,47.80006
817,567,1449,479,1223,433,1102,433,47.80006
818,565,1442,482,1228,435,1109,435,47.80006
819,564,1438,482,1228,436,1113,436,47.849667
820,562,1431,482,1228,438,1120,438,47.799084
821,562,1431,482,1228,438,1120,438,47.888668
822,561,1426,484,1233,439,1125,439,47.888668
823,561,1426,484,1233,439,1125,439,47.864975
824,561,1426,484,1233,439,1125,439,47.864975
825,561,1426,484,1233,439,1125,439,47.864975
826,559,1421,487,1237,441,1130,441,47.864975
827,558,1420,488,1240,442,1131,442,47.771072
828,558,1420,489,1244,442,1131,442,47.748882
829,558,1420,491,1248,442,1131,442,47.748882
830,557,1418,492,1252,443,1133,443,47.748882
831,556,1417,492,1252,444,1134,444,47.700672
832,556,1417,492,1252,444,1134,444,47.813786
833,555,1415,493,1255,445,1136,445,47.813786
834,550,1399,496,1270,450,1152,450,47.743187
835,548,1394,496,1270,452,1157,452,47.723064
836,548,1394,496,1270,452,1157,452,47.619347
837,548,1394,496,1270,452,1157,452,47.619347
838,547,1391,496,1270,453,1160,453,47.619347
839,547,1391,496,1270,453,1160,453,47.669952
840,547,1391,497,1271,453,1160,453,47.669952
841,546,1389,497,1271,454,1162,454,47.669952
842,545,1385,499,1277,455,1166,455,47.80693
843,544,1383,499,1277,456,1168,456,47.87136
844,544,1383,499,1277,456,1168,456,47.9487
845,544,1383,499,1277,456,1168,456,47.9487
846,543,1379,499,1277,457,1172,457,47.9487
847,540,1375,499,1277,460,1176,460,48.06942
848,539,1371,499,1277,461,1180,461,48.205048
849,539,1371,500,1280,461,1180,461,48.187794
850,539,1371,500,1280,461,1180,461,48.187794
851,538,1368,500,1280,462,1183,462,48.187794
852,536,1366,502,1288,464,1185,464,48.118347
853,534,1362,502,1288,466,1189,466,48.144203
854,534,1362,503,1290,466,1189,466,48.13214
855,533,1357,503,1290,467,1194,467,48.13214
856,531,1354,503,1290,469,1197,469,48.067913
857,531,1354,503,1290,469,1197,469,47.997364
858,530,1349,504,1292,470,1202,470,47.997364
859,529,1345,506,1295,471,1206,471,48.09002
860,528,1344,507,1297,472,1207,472,48.018917
861,528,1344,509,1299,472,1207,472,47.99841
862,527,1343,509,1299,473,1208,473,47.99841
863,527,1343,511,1303,473,1208,473,48.00225
864,527,1343,511,1303,473,1208,473,48.00225
865,527,1343,513,1307,473,1208,473,48.00225
866,527,1343,513,1307,473,1208,473,48.00225
867,525,1339,514,1308,475,1212,475,48.00225
868,525,1339,514,1308,475,1212,475,48.182816
869,525,1339,515,1312,475,1212,475,48.182816
870,525,1339,515,1312,475,1212,475,48.182816
871,525,1339,517,1320,475,1212,475,48.182816
872,523,1330,517,1320,477,1221,477,48.182816
873,522,1326,517,1320,478,1225,478,48.27048
874,520,1320,518,1324,480,1231,480,48.21275
875,520,1320,519,1326,480,1231,480,48.20587
876,519,1319,519,1326,481,1232,481,48.20587
877,519,1319,521,1330,481,1232,481,48.27567
878,518,1317,524,1339,482,1234,482,48.27567
879,518,1317,524,1339,482,1234,482,48.307888
880,518,1317,524,1339,482,1234,482,48.307888
881,518,1317,525,1342,482,1234,482,48.307888
882,517,1316,526,1347,483,1235,483,48.307888
883,517,1316,526,1347,483,1235,483,48.428997
884,516,1312,526,1347,484,1239,484,48.428997
885,515,1310,526,1347,485,1241,485,48.433125
886,514,1309,526,1347,486,1242,486,48.394222
887,513,1305,526,1347,487,1246,487,48.370747
888,513,1305,526,1347,487,1246,487,48.333096
889,512,1302,527,1351,488,1249,488,48.333096
890,511,1301,527,1351,489,1250,489,48.280693
891,511,1301,528,1354,489,1250,489,48.23848
892,511,1301,531,1357,489,1250,489,48.23848
893,511,1301,531,1357,489,1250,489,48.23848
894,511,1301,532,1358,489,1250,489,48.23848
895,510,1300,533,1359,490,1251,490,48.23848
896,510,1300,534,1361,490,1251,490,48.190598
897,509,1298,534,1361,491,1253,491,48.190598
898,508,1294,535,1362,492,1257,492,48.214455
899,506,1289,538,1370,494,1262,494,48.167065
900,506,1289,538,1370,494,1262,494,48.16453
901,505,1288,538,1370,495,1263,495,48.16453
902,504,1286,538,1370,496,1265,496,48.17585
903,503,1281,540,1376,497,1270,497,48.18193
904,502,1276,540,1376,498,1275,498,48.220036
905,500,1273,541,1378,500,1278,500,48.252735
906,499,1271,541,1378,501,1280,501,48.212814
907,499,1271,542,1380,501,1280,501,48.221333
908,499,1271,542,1380,501,1280,501,48.221333
909,499,1271,542,1380,501,1280,501,48.221333
910,498,1269,542,1380,502,1282,502,48.221333
911,498,1269,542,1380,502,1282,502,48.37604
912,498,1269,542,1380,502,1282,502,48.37604
913,498,1269,542,1380,502,1282,502,48.37604
914,498,1269,543,1384,502,1282,502,48.37604
915,498,1269,544,1388,502,1282,502,48.37604
916,498,1269,548,1399,502,1282,502,48.37604
917,498,1269,549,1401,502,1282,502,48.37604
918,498,1269,550,1402,502,1282,502,48.37604
919,498,1269,551,1405,502,1282,502,48.37604
920,497,1267,552,1409,503,1284,503,48.37604
921,496,1265,554,1416,504,1286,504,48.367466
922,496,1265,555,1418,504,1286,504,48.37099
923,495,1261,557,1422,505,1290,505,48.37099
924,495,1261,559,1428,505,1290,505,48.358307
925,495,1261,560,1429,505,1290,505,48.358307
926,495,1261,560,1429,505,1290,505,48.358307
927,495,1261,561,1433,505,1290,505,48.358307
928,495,1261,562,1434,505,1290,505,48.358307
929,492,1253,562,1434,508,1298,508,48.358307
930,489,1247,563,1437,511,1304,511,48.33491
931,489,1247,563,1437,511,1304,511,48.26592
932,489,1247,564,1441,511,1304,511,48.26592
933,488,1245,566,1447,512,1306,512,48.26592
934,487,1242,567,1448,513,1309,513,48.287666
935,487,1242,568,1449,513,1309,513,48.386047
936,486,1241,569,1452,514,1310,514,48.386047
937,486,1241,571,1459,514,1310,514,48.49995
938,486,1241,571,1459,514,1310,514,48.49995
939,485,1239,571,1459,515,1312,515,48.49995
940,485,1239,571,1459,515,1312,515,48.519543
941,483,1234,571,1459,517,1317,517,48.519543
942,482,1232,572,1462,518,1319,518,48.44886
943,481,1229,573,1467,519,1322,519,48.512344
944,479,1221,573,1467,521,1330,521,48.61507
945,478,1219,574,1469,522,1332,522,48.678688
946,477,1218,574,1469,523,1333,523,48.674484
947,477,1218,574,1469,523,1333,523,48.62038
948,476,1214,574,1469,524,1337,524,48.62038
949,475,1212,574,1469,525,1339,525,48.567253
950,474,1211,575,1472,526,1340,526,48.67037
951,474,1211,577,1475,526,1340,526,48.613605
952,473,1207,579,1481,527,1344,527,48.613605
953,473,1207,579,1481,527,1344,527,48.599823
954,471,1200,581,1488,529,1351,529,48.599823
955,471,1200,581,1488,529,1351,529,48.504536
956,470,1199,584,1499,530,1352,530,48.504536
957,470,1199,585,1503,530,1352,530,48.54345
958,470,1199,586,1506,530,1352,530,48.54345
959,470,1199,587,1510,530,1352,530,48.54345
960,469,1197,587,1510,531,1354,531,48.54345
961,467,1192,587,1510,533,1359,533,48.546688
962,465,1186,587,1510,535,1365,535,48.51738
963,465,1186,590,1517,535,1365,535,48.588375
964,464,1185,591,1519,536,1366,536,48.588375
965,461,1180,592,1521,539,1371,539,48.63017
966,461,1180,592,1521,539,1371,539,48.79288
967,460,1176,593,1523,540,1375,540,48.79288
968,460,1176,593,1523,540,1375,540,48.79612
969,459,1174,593,1523,541,1377,541,48.79612
970,457,1165,593,1523,543,1386,543,48.78955
971,457,1165,593,1523,543,1386,543,48.824257
972,455,1158,594,1524,545,1393,545,48.824257
973,455,1158,596,1529,545,1393,545,48.778694
974,454,1155,596,1529,546,1396,546,48.778694
975,453,1151,596,1529,547,1400,547,48.863926
976,453,1151,596,1529,547,1400,547,48.862083
977,451,1145,596,1529,549,1406,549,48.862083
978,450,1142,596,1529,550,1409,550,48.942562
979,448,1136,596,1529,552,1415,552,48.902626
980,448,1136,597,1533,552,1415,552,48.98489
981,447,1135,597,1533,553,1416,553,48.98489
982,447,1135,597,1533,553,1416,553,49.03728
983,447,1135,597,1533,553,1416,553,49.03728
984,446,1131,598,1534,554,1420,554,49.03728
985,445,1128,598,1534,555,1423,555,49.066723
986,444,1127,600,1537,556,1424,556,49.163216
987,443,1123,601,1542,557,1428,557,49.20992
988,442,1118,601,1542,558,1433,558,49.19147
989,438,1107,602,1543,562,1444,562,49.13766
990,436,1103,602,1543,564,1448,564,49.0965
991,436,1103,604,1547,564,1448,564,49.06887
992,436,1103,605,1551,564,1448,564,49.06887
993,433,1095,607,1559,567,1456,567,49.06887
994,431,1090,609,1564,569,1461,569,49.050056
995,431,1090,609,1564,569,1461,569,49.087425
996,430,1089,609,1564,570,1462,570,49.087425
997,430,1089,609,1564,570,1462,570,49.096897
998,428,1084,610,1569,572,1467,572,49.096897
999,427,1082,611,1570,573,1469,573,49.160774
1000,426,1080,611,1570,574,1471,574,49.187687
1001,426,1080,612,1571,574,1471,574,49.180077
1002,426,1080,616,1582,574,1471,574,49.180077
1003,426,1080,618,1586,574,1471,574,49.180077
1004,424,1076,618,1586,576,1475,576,49.180077
1005,424,1076,620,1591,576,1475,576,49.141796
1006,422,1072,622,1595,578,1479,578,49.141796
1007,419,1061,625,1601,581,1490,581,49.20337
1008,419,1061,627,1608,581,1490,581,49.30978
1009,418,1059,628,1612,582,1492,582,49.30978
1010,418,1059,628,1612,582,1492,582,49.39179
1011,417,1055,631,1619,583,1496,583,49.39179
1012,417,1055,632,1623,583,1496,583,49.33224
1013,416,1054,634,1627,584,1497,584,49.33224
1014,415,1050,637,1631,585,1501,585,49.308838
1015,413,1044,638,1632,587,1507,587,49.299316
1016,413,1044,638,1632,587,1507,587,49.296993
1017,413,1044,638,1632,587,1507,587,49.296993
1018,413,1044,639,1635,587,1507,587,49.296993
1019,413,1044,639,1635,587,1507,587,49.296993
1020,412,1041,641,1638,588,1510,588,49.296993
1021,412,1041,641,1638,588,1510,588,49.288303
1022,411,1037,642,1643,589,1514,589,49.288303
1023,411,1037,642,1643,589,1514,589,49.255566
1024,411,1037,642,1643,589,1514,589,49.255566
1025,411,1037,642,1643,589,1514,589,49.255566
1026,411,1037,643,1644,589,1514,589,49.255566
1027,411,1037,643,1644,589,1514,589,49.255566
1028,411,1037,644,1646,589,1514,589,49.255566
1029,409,1035,644,1646,591,1516,591,49.255566
1030,407,1028,644,1646,593,1523,593,49.171494
1031,407,1028,644,1646,593,1523,593,49.124763
1032,407,1028,644,1646,593,1523,593,49.124763
1033,406,1023,644,1646,594,1528,594,49.124763
1034,405,1022,645,1650,595,1529,595,49.11783
1035,405,1022,646,1655,595,1529,595,49.08844
1036,405,1022,646,1655,595,1529,595,49.08844
1037,404,1019,649,1663,596,1532,596,49.08844
1038,402,1014,650,1664,598,1537,598,49.122227
1039,402,1014,650,1664,598,1537,598,49.132915
1040,400,1007,650,1664,600,1544,600,49.132915
1041,400,1007,651,1666,600,1544,600,49.233772
1042,399,1004,652,1671,601,1547,601,49.233772
1043,398,1002,653,1673,602,1549,602,49.211727
1044,398,1002,653,1673,602,1549,602,49.19431
1045,398,1002,653,1673,602,1549,602,49.19431
1046,398,1002,653,1673,602,1549,602,49.19431
1047,398,1002,654,1678,602,1549,602,49.19431
1048,396,995,654,1678,604,1556,604,49.19431
1049,395,992,656,1681,605,1559,605,49.16371
1050,393,987,657,1682,607,1564,607,49.133335
1051,392,985,657,1682,608,1566,608,49.13062
1052,392,985,658,1685,608,1566,608,49.09772
1053,392,985,660,1691,608,1566,608,49.09772
1054,391,981,660,1691,609,1570,609,49.09772
1055,391,981,660,1691,609,1570,609,49.040997
1056,391,981,662,1695,609,1570,609,49.040997
1057,390,977,664,1700,610,1574,610,49.040997
1058,389,976,664,1700,611,1575,611,49.021355
1059,388,974,666,1705,612,1577,612,48.98887
1060,387,970,667,1709,613,1581,613,48.97778
1061,384,963,668,1710,616,1588,616,48.957756
1062,383,958,668,1710,617,1593,617,49.009228
1063,383,958,668,1710,617,1593,617,49.02686
1064,382,956,668,1710,618,1595,618,49.02686
1065,381,951,669,1712,619,1600,619,49.018715
1066,379,946,670,1717,621,1605,621,48.963173
1067,378,941,670,1717,622,1610,622,49.00931
1068,376,938,670,1717,624,1613,624,48.995354
1069,375,937,670,1717,625,1614,625,48.942463
1070,374,936,670,1717,626,1615,626,48.907818
1071,373,932,671,1719,627,1619,627,48.942356
1072,371,929,672,1721,629,1622,629,48.880985
1073,370,926,674,1724,630,1625,630,48.851223
1074,367,916,674,1724,633,1635,633,48.85456
1075,365,913,675,1725,635,1638,635,48.853813
1076,362,907,675,1725,638,1644,638,48.85967
1077,362,907,675,1725,638,1644,638,48.829185
1078,361,905,676,1729,639,1646,639,48.829185
1079,361,905,678,1735,639,1646,639,48.84811
1080,358,898,679,1739,642,1653,642,48.84811
1081,358,898,679,1739,642,1653,642,48.983208
1082,358,898,679,1739,642,1653,642,48.983208
1083,357,896,679,1739,643,1655,643,48.983208
1084,357,896,679,1739,643,1655,643,48.95084
1085,356,895,679,1739,644,1656,644,48.95084
1086,356,895,679,1739,644,1656,644,48.966457
1087,356,895,680,1744,644,1656,644,48.966457
1088,356,895,680,1744,644,1656,644,48.966457
1089,356,895,680,1744,644,1656,644,48.966457
1090,355,893,680,1744,645,1658,645,48.966457
1091,354,892,681,1746,646,1659,646,49.003975
1092,353,887,681,1746,647,1664,647,49.033993
1093,352,883,681,1746,648,1668,648,49.044724
1094,352,883,681,1746,648,1668,648,48.986443
1095,352,883,683,1750,648,1668,648,48.986443
1096,351,880,683,1750,649,1671,649,48.986443
1097,348,872,683,1750,652,1679,652,48.95978
1098,347,871,683,1750,653,1680,653,49.13397
1099,347,871,683,1750,653,1680,653,49.1682
1100,347,871,684,1752,653,1680,653,49.1682
1101,347,871,684,1752,653,1680,653,49.1682
1102,346,869,684,1752,654,1682,654,49.1682
1103,346,869,684,1752,654,1682,654,49.181705
1104,345,868,684,1752,655,1683,655,49.181705
1105,344,864,684,1752,656,1687,656,49.187164
1106,343,859,684,1752,657,1692,657,49.27222
1107,343,859,684,1752,657,1692,657,49.245834
1108,343,859,684,1752,657,1692,657,49.245834
1109,342,855,685,1756,658,1696,658,49.245834
1110,342,855,685,1756,658,1696,658,49.250355
1111,342,855,685,1756,658,1696,658,49.250355
1112,341,854,685,1756,659,1697,659,49.250355
1113,341,854,685,1756,659,1697,659,49.298313
1114,341,854,685,1756,659,1697,659,49.298313
1115,341,854,685,1756,659,1697,659,49.298313
1116,340,853,685,1756,660,1698,660,49.298313
1117,339,852,685,1756,661,1699,661,49.306934
1118,338,849,685,1756,662,1702,662,49.311592
1119,338,849,685,1756,662,1702,662,49.35779
1120,338,849,685,1756,662,1702,662,49.35779
1121,338,849,685,1756,662,1702,662,49.35779
1122,338,849,685,1756,662,1702,662,49.35779
1123,338,849,686,1758,662,1702,662,49.35779
1124,338,849,686,1758,662,1702,662,49.35779
1125,338,849,686,1758,662,1702,662,49.35779
1126,338,849,686,1758,662,1702,662,49.35779
1127,337,847,686,1758,663,1704,663,49.35779
1128,336,845,686,1758,664,1706,664,49.337402
1129,335,843,686,1758,665,1708,665,49.36863
1130,335,843,686,1758,665,1708,665,49.379322
1131,335,843,686,1758,665,1708,665,49.379322
1132,335,843,686,1758,665,1708,665,49.379322
1133,335,843,686,1758,665,1708,665,49.379322
1134,334,839,686,1758,666,1712,666,49.379322
1135,334,839,686,1758,666,1712,666,49.372356
1136,334,839,686,1758,666,1712,666,49.372356
1137,334,839,686,1758,666,1712,666,49.372356
1138,331,835,686,1758,669,1716,669,49.372356
1139,330,834,686,1758,670,1717,670,49.420002
1140,330,834,686,1758,670,1717,670,49.467503
1141,330,834,686,1758,670,1717,670,49.467503
1142,330,834,686,1758,670,1717,670,49.467503
1143,330,834,686,1758,670,1717,670,49.467503
1144,329,830,686,1758,671,1721,671,49.467503
1145,328,829,686,1758,672,1722,672,49.474903
1146,328,829,686,1758,672,1722,672,49.500164
1147,328,829,686,1758,672,1722,672,49.500164
1148,327,827,686,1758,673,1724,673,49.500164
1149,326,825,687,1759,674,1726,674,49.53715
1150,326,825,687,1759,674,1726,674,49.560493
1151,326,825,687,1759,674,1726,674,49.560493
1152,325,821,687,1759,675,1730,675,49.560493
1153,325,821,687,1759,675,1730,675,49.540672
1154,322,816,687,1759,678,1735,678,49.540672
1155,322,816,687,1759,678,1735,678,49.618298
1156,322,816,687,1759,678,1735,678,49.618298
1157,321,811,687,1759,679,1740,679,49.618298
1158,319,807,687,1759,681,1744,681,49.617943
1159,319,807,688,1763,681,1744,681,49.716652
1160,318,805,688,1763,682,1746,682,49.716652
1161,317,803,688,1763,683,1748,683,49.76045
1162,317,803,688,1763,683,1748,683,49.7812
1163,317,803,688,1763,683,1748,683,49.7812
1164,316,801,689,1764,684,1750,684,49.7812
1165,315,796,689,1764,685,1755,685,49.753838
1166,315,796,689,1764,685,1755,685,49.854504
1167,315,796,689,1764,685,1755,685,49.854504
1168,315,796,689,1764,685,1755,685,49.854504
1169,315,796,689,1764,685,1755,685,49.854504
1170,315,796,690,1765,685,1755,685,49.854504
1171,315,796,690,1765,685,1755,685,49.854504
1172,315,796,690,1765,685,1755,685,49.854504
1173,315,796,690,1765,685,1755,685,49.854504
1174,315,796,690,1765,685,1755,685,49.854504
1175,315,796,690,1765,685,1755,685,49.854504
1176,315,796,691,1769,685,1755,685,49.854504
1177,315,796,692,1773,685,1755,685,49.854504
1178,315,796,692,1773,685,1755,685,49.854504
1179,315,796,692,1773,685,1755,685,49.854504
1180,315,796,692,1773,685,1755,685,49.854504
1181,315,796,693,1778,685,1755,685,49.854504
1182,315,796,694,1782,685,1755,685,49.854504
1183,314,793,694,1782,686,1758,686,49.854504
1184,314,793,694,1782,686,1758,686,49.965412
1185,314,793,695,1784,686,1758,686,49.965412
1186,314,793,695,1784,686,1758,686,49.965412
1187,314,793,695,1784,686,1758,686,49.965412
1188,314,793,695,1784,686,1758,686,49.965412
1189,312,791,695,1784,688,1760,688,49.965412
1190,312,791,695,1784,688,1760,688,49.906704
1191,312,791,695,1784,688,1760,688,49.906704
1192,312,791,695,1784,688,1760,688,49.906704
1193,312,791,695,1784,688,1760,688,49.906704
1194,312,791,695,1784,688,1760,688,49.906704
1195,311,790,695,1784,689,1761,689,49.906704
1196,311,790,696,1787,689,1761,689,49.85978
1197,311,790,696,1787,689,1761,689,49.85978
1198,311,790,696,1787,689,1761,689,49.85978
1199,311,790,696,1787,689,1761,689,49.85978
1200,311,790,696,1787,689,1761,689,49.85978
1201,311,790,696,1787,689,1761,689,49.85978
1202,311,790,696,1787,689,1761,689,49.85978
1203,311,790,696,1787,689,1761,689,49.85978
1204,311,790,696,1787,689,1761,689,49.85978
1205,311,790,696,1787,689,1761,689,49.85978
1206,311,790,696,1787,689,1761,689,49.85978
1207,311,790,696,1787,689,1761,689,49.85978
1208,311,790,696,1787,689,1761,689,49.85978
1209,311,790,696,1787,689,1761,689,49.85978
1210,311,790,696,1787,689,1761,689,49.85978
1211,311,790,696,1787,689,1761,689,49.85978
1212,311,790,696,1787,689,1761,689,49.85978
1213,311,790,696,1787,689,1761,689,49.85978
1214,311,790,696,1787,689,1761,689,49.85978
1215,311,790,696,1787,689,1761,689,49.85978
1216,311,790,697,1792,689,1761,689,49.85978
1217,311,790,697,1792,689,1761,689,49.85978
1218,311,790,697,1792,689,1761,689,49.85978
1219,311,790,697,1792,689,1761,689,49.85978
1220,311,790,697,1792,689,1761,689,49.85978
1221,311,790,697,1792,689,1761,689,49.85978
1222,311,790,697,1792,689,1761,689,49.85978
1223,311,790,697,1792,689,1761,689,49.85978
1224,310,786,697,1792,690,1765,690,49.85978
1225,310,786,697,1792,690,1765,690,49.862053
1226,310,786,697,1792,690,1765,690,49.862053
1227,309,781,697,1792,691,1770,691,49.862053
1228,309,781,697,1792,691,1770,691,49.802578
1229,309,781,697,1792,691,1770,691,49.802578
1230,309,781,697,1792,691,1770,691,49.802578
1231,309,781,697,1792,691,1770,691,49.802578
1232,309,781,697,1792,691,1770,691,49.802578
1233,309,781,697,1792,691,1770,691,49.802578
1234,309,781,697,1792,691,1770,691,49.802578
1235,309,781,697,1792,691,1770,691,49.802578
1236,309,781,697,1792,691,1770,691,49.802578
1237,309,781,697,1792,691,1770,691,49.802578
1238,309,781,698,1797,691,1770,691,49.802578
1239,309,781,698,1797,691,1770,691,49.802578
1240,309,781,698,1797,691,1770,691,49.802578
1241,309,781,698,1797,691,1770,691,49.802578
1242,308,777,699,1798,692,1774,692,49.802578
1243,308,777,700,1800,692,1774,692,49.813007
1244,308,777,700,1800,692,1774,692,49.813007
1245,308,777,700,1800,692,1774,692,49.813007
1246,308,777,700,1800,692,1774,692,49.813007
1247,308,777,700,1800,692,1774,692,49.813007
1248,308,777,700,1800,692,1774,692,49.813007
1249,308,777,700,1800,692,1774,692,49.813007
1250,308,777,700,1800,692,1774,692,49.813007
1251,308,777,700,1800,692,1774,692,49.813007
1252,308,777,701,1801,692,1774,692,49.813007
1253,308,777,701,1801,692,1774,692,49.813007
1254,307,773,701,1801,693,1778,693,49.813007
1255,307,773,701,1801,693,1778,693,49.82988
1256,307,773,702,1803,693,1778,693,49.82988
1257,307,773,703,1804,693,1778,693,49.82988
1258,307,773,703,1804,693,1778,693,49.82988
1259,307,773,703,1804,693,1778,693,49.82988
1260,307,773,703,1804,693,1778,693,49.82988
1261,307,773,703,1804,693,1778,693,49.82988
1262,307,773,703,1804,693,1778,693,49.82988
1263,305,764,703,1804,695,1787,695,49.82988
1264,305,764,703,1804,695,1787,695,49.880615
1265,305,764,703,1804,695,1787,695,49.880615
1266,305,764,703,1804,695,1787,695,49.880615
1267,305,764,703,1804,695,1787,695,49.880615
1268,305,764,703,1804,695,1787,695,49.880615
1269,305,764,703,1804,695,1787,695,49.880615
1270,304,761,704,1805,696,1790,696,49.880615
1271,304,761,704,1805,696,1790,696,49.886448
1272,304,761,704,1805,696,1790,696,49.886448
1273,304,761,704,1805,696,1790,696,49.886448
1274,304,761,704,1805,696,1790,696,49.886448
1275,304,761,704,1805,696,1790,696,49.886448
1276,303,759,704,1805,697,1792,697,49.886448
1277,303,759,704,1805,697,1792,697,49.93192
1278,303,759,704,1805,697,1792,697,49.93192
1279,303,759,704,1805,697,1792,697,49.93192
1280,303,759,704,1805,697,1792,697,49.93192
1281,303,759,704,1805,697,1792,697,49.93192
1282,303,759,704,1805,697,1792,697,49.93192
1283,302,758,704,1805,698,1793,698,49.93192
1284,302,758,704,1805,698,1793,698,49.89316
1285,302,758,704,1805,698,1793,698,49.89316
1286,302,758,704,1805,698,1793,698,49.89316
1287,302,758,704,1805,698,1793,698,49.89316
1288,302,758,705,1807,698,1793,698,49.89316
1289,302,758,705,1807,698,1793,698,49.89316
1290,302,758,706,1808,698,1793,698,49.89316
1291,302,758,706,1808,698,1793,698,49.89316
1292,301,757,706,1808,699,1794,699,49.89316
1293,301,757,706,1808,699,1794,699,49.870766
1294,300,752,706,1808,700,1799,700,49.870766
1295,299,750,706,1808,701,1801,701,49.862137
1296,299,750,706,1808,701,1801,701,49.838886
1297,299,750,707,1813,701,1801,701,49.838886
1298,299,750,707,1813,701,1801,701,49.838886
1299,299,750,707,1813,701,1801,701,49.838886
1300,299,750,707,1813,701,1801,701,49.838886
1301,299,750,707,1813,701,1801,701,49.838886
1302,299,750,707,1813,701,1801,701,49.838886
1303,298,749,707,1813,702,1802,702,49.838886
1304,298,749,707,1813,702,1802,702,49.853725
1305,298,749,707,1813,702,1802,702,49.853725
1306,298,749,707,1813,702,1802,702,49.853725
1307,298,749,707,1813,702,1802,702,49.853725
1308,298,749,707,1813,702,1802,702,49.853725
1309,298,749,707,1813,702,1802,702,49.853725
1310,298,749,707,1813,702,1802,702,49.853725
1311,298,749,707,1813,702,1802,702,49.853725
1312,298,749,707,1813,702,1802,702,49.853725
1313,298,749,707,1813,702,1802,702,49.853725
1314,298,749,707,1813,702,1802,702,49.853725
1315,298,749,707,1813,702,1802,702,49.853725
1316,298,749,707,1813,702,1802,702,49.853725
1317,298,749,707,1813,702,1802,702,49.853725
1318,298,749,707,1813,702,1802,702,49.853725
1319,298,749,707,1813,702,1802,702,49.853725
1320,298,749,707,1813,702,1802,702,49.853725
1321,298,749,708,1817,702,1802,702,49.853725
1322,298,749,708,1817,702,1802,702,49.853725
1323,298,749,708,1817,702,1802,702,49.853725
1324,298,749,708,1817,702,1802,702,49.853725
1325,298,749,708,1817,702,1802,702,49.853725
1326,297,748,708,1817,703,1803,703,49.853725
1327,297,748,708,1817,703,1803,703,49.84728
1328,297,748,708,1817,703,1803,703,49.84728
1329,297,748,708,1817,703,1803,703,49.84728
1330,297,748,708,1817,703,1803,703,49.84728
1331,297,748,708,1817,703,1803,703,49.84728
1332,295,744,708,1817,705,1807,705,49.84728
1333,295,744,708,1817,705,1807,705,49.848087
1334,295,744,708,1817,705,1807,705,49.848087
1335,295,744,708,1817,705,1807,705,49.848087
1336,295,744,708,1817,705,1807,705,49.848087
1337,295,744,708,1817,705,1807,705,49.848087
1338,295,744,708,1817,705,1807,705,49.848087
1339,295,744,708,1817,705,1807,705,49.848087
1340,295,744,708,1817,705,1807,705,49.848087
1341,295,744,708,1817,705,1807,705,49.848087
1342,295,744,708,1817,705,1807,705,49.848087
1343,294,743,709,1819,706,1808,706,49.848087
1344,294,743,709,1819,706,1808,706,49.847485
1345,294,743,709,1819,706,1808,706,49.847485
1346,294,743,709,1819,706,1808,706,49.847485
1347,294,743,710,1821,706,1808,706,49.847485
1348,294,743,710,1821,706,1808,706,49.847485
1349,294,743,710,1821,706,1808,706,49.847485
1350,294,743,710,1821,706,1808,706,49.847485
1351,294,743,710,1821,706,1808,706,49.847485
1352,294,743,710,1821,706,1808,706,49.847485
1353,294,743,710,1821,706,1808,706,49.847485
1354,294,743,710,1821,706,1808,706,49.847485
1355,294,743,710,1821,706,1808,706,49.847485
1356,294,743,710,1821,706,1808,706,49.847485
1357,294,743,710,1821,706,1808,706,49.847485
1358,294,743,710,1821,706,1808,706,49.847485
1359,294,743,710,1821,706,1808,706,49.847485
1360,294,743,710,1821,706,1808,706,49.847485
1361,294,743,710,1821,706,1808,706,49.847485
1362,293,738,710,1821,707,1813,707,49.847485
1363,293,738,710,1821,707,1813,707,49.8527
1364,293,738,710,1821,707,1813,707,49.8527
1365,293,738,710,1821,707,1813,707,49.8527
1366,293,738,710,1821,707,1813,707,49.8527
1367,293,738,710,1821,707,1813,707,49.8527
1368,292,736,710,1821,708,1815,708,49.8527
1369,292,736,710,1821,708,1815,708,49.806183
1370,292,736,711,1823,708,1815,708,49.806183
1371,292,736,711,1823,708,1815,708,49.806183
1372,292,736,711,1823,708,1815,708,49.806183
1373,292,736,711,1823,708,1815,708,49.806183
1374,292,736,711,1823,708,1815,708,49.806183
1375,292,736,711,1823,708,1815,708,49.806183
1376,292,736,711,1823,708,1815,708,49.806183
1377,292,736,711,1823,708,1815,708,49.806183
1378,292,736,711,1823,708,1815,708,49.806183
1379,291,732,712,1827,709,1819,709,49.806183
1380,291,732,712,1827,709,1819,709,49.816208
1381,291,732,713,1831,709,1819,709,49.816208
1382,291,732,713,1831,709,1819,709,49.816208
1383,291,732,713,1831,709,1819,709,49.816208
1384,291,732,713,1831,709,1819,709,49.816208
1385,291,732,713,1831,709,1819,709,49.816208
1386,291,732,713,1831,709,1819,709,49.816208
1387,291,732,713,1831,709,1819,709,49.816208
1388,291,732,713,1831,709,1819,709,49.816208
1389,291,732,713,1831,709,1819,709,49.816208
1390,291,732,713,1831,709,1819,709,49.816208
1391,291,732,714,1835,709,1819,709,49.816208
1392,291,732,714,1835,709,1819,709,49.816208
1393,291,732,714,1835,709,1819,709,49.816208
1394,291,732,714,1835,709,1819,709,49.816208
1395,291,732,714,1835,709,1819,709,49.816208
1396,291,732,714,1835,709,1819,709,49.816208
1397,291,732,714,1835,709,1819,709,49.816208
1398,291,732,714,1835,709,1819,709,49.816208
1399,291,732,714,1835,709,1819,709,49.816208
1400,291,732,714,1835,709,1819,709,49.816208
1401,291,732,714,1835,709,1819,709,49.816208
1402,291,732,715,1839,709,1819,709,49.816208
1403,291,732,715,1839,709,1819,709,49.816208
1404,291,732,716,1842,709,1819,709,49.816208
1405,291,732,716,1842,709,1819,709,49.816208
1406,291,732,716,1842,709,1819,709,49.816208
1407,291,732,716,1842,709,1819,709,49.816208
1408,291,732,716,1842,709,1819,709,49.816208
1409,291,732,716,1842,709,1819,709,49.816208
1410,291,732,716,1842,709,1819,709,49.816208
1411,291,732,716,1842,709,1819,709,49.816208
1412,291,732,716,1842,709,1819,709,49.816208
1413,291,732,716,1842,709,1819,709,49.816208
1414,291,732,716,1842,709,1819,709,49.816208
1415,291,732,716,1842,709,1819,709,49.816208
1416,290,730,717,1843,710,1821,710,49.816208
1417,290,730,717,1843,710,1821,710,49.82566
1418,289,726,718,1847,711,1825,711,49.82566
1419,289,726,719,1850,711,1825,711,49.784416
1420,289,726,719,1850,711,1825,711,49.784416
1421,289,726,719,1850,711,1825,711,49.784416
1422,289,726,719,1850,711,1825,711,49.784416
1423,289,726,719,1850,711,1825,711,49.784416
1424,289,726,719,1850,711,1825,711,49.784416
1425,289,726,719,1850,711,1825,711,49.784416
1426,289,726,720,1855,711,1825,711,49.784416
1427,289,726,720,1855,711,1825,711,49.784416
1428,289,726,720,1855,711,1825,711,49.784416
1429,288,723,720,1855,712,1828,712,49.784416
1430,288,723,720,1855,712,1828,712,49.747425
1431,288,723,720,1855,712,1828,712,49.747425
1432,288,723,720,1855,712,1828,712,49.747425
1433,288,723,720,1855,712,1828,712,49.747425
1434,288,723,720,1855,712,1828,712,49.747425
1435,288,723,720,1855,712,1828,712,49.747425
1436,288,723,720,1855,712,1828,712,49.747425
1437,287,722,720,1855,713,1829,713,49.747425
1438,287,722,720,1855,713,1829,713,49.699284
1439,286,720,720,1855,714,1831,714,49.699284
1440,286,720,720,1855,714,1831,714,49.713333
1441,286,720,721,1856,714,1831,714,49.713333
1442,286,720,721,1856,714,1831,714,49.713333
1443,286,720,721,1856,714,1831,714,49.713333
1444,286,720,721,1856,714,1831,714,49.713333
1445,286,720,721,1856,714,1831,714,49.713333
1446,286,720,721,1856,714,1831,714,49.713333
1447,285,716,721,1856,715,1835,715,49.713333
1448,285,716,721,1856,715,1835,715,49.690815
1449,285,716,721,1856,715,1835,715,49.690815
1450,285,716,721,1856,715,1835,715,49.690815
1451,285,716,721,1856,715,1835,715,49.690815
1452,285,716,721,1856,715,1835,715,49.690815
1453,285,716,721,1856,715,1835,715,49.690815
1454,285,716,721,1856,715,1835,715,49.690815
1455,285,716,721,1856,715,1835,715,49.690815
1456,285,716,721,1856,715,1835,715,49.690815
1457,285,716,721,1856,715,1835,715,49.690815
1458,285,716,721,1856,715,1835,715,49.690815
1459,285,716,721,1856,715,1835,715,49.690815
1460,285,716,721,1856,715,1835,715,49.690815
1461,285,716,722,1861,715,1835,715,49.690815
1462,284,712,723,1862,716,1839,716,49.690815
1463,283,708,723,1862,717,1843,717,49.729076
1464,283,708,723,1862,717,1843,717,49.754833
1465,283,708,723,1862,717,1843,717,49.754833
1466,283,708,723,1862,717,1843,717,49.754833
1467,283,708,723,1862,717,1843,717,49.754833
1468,283,708,723,1862,717,1843,717,49.754833
1469,283,708,723,1862,717,1843,717,49.754833
1470,283,708,723,1862,717,1843,717,49.754833
1471,283,708,723,1862,717,1843,717,49.754833
1472,283,708,723,1862,717,1843,717,49.754833
1473,283,708,723,1862,717,1843,717,49.754833
1474,283,708,723,1862,717,1843,717,49.754833
1475,282,705,723,1862,718,1846,718,49.754833
1476,282,705,723,1862,718,1846,718,49.750847
1477,282,705,723,1862,718,1846,718,49.750847
1478,282,705,723,1862,718,1846,718,49.750847
1479,282,705,723,1862,718,1846,718,49.750847
1480,282,705,723,1862,718,1846,718,49.750847
1481,282,705,723,1862,718,1846,718,49.750847
1482,282,705,723,1862,718,1846,718,49.750847
1483,282,705,723,1862,718,1846,718,49.750847
1484,282,705,723,1862,718,1846,718,49.750847
1485,282,705,723,1862,718,1846,718,49.750847
1486,282,705,723,1862,718,1846,718,49.750847
1487,282,705,723,1862,718,1846,718,49.750847
1488,282,705,723,1862,718,1846,718,49.750847
1489,281,700,723,1862,719,1851,719,49.750847
1490,281,700,723,1862,719,1851,719,49.751614
1491,281,700,723,1862,719,1851,719,49.751614
1492,281,700,723,1862,719,1851,719,49.751614
1493,281,700,724,1866,719,1851,719,49.751614
1494,281,700,724,1866,719,1851,719,49.751614
1495,281,700,724,1866,719,1851,719,49.751614
1496,280,696,724,1866,720,1855,720,49.751614
1497,280,696,724,1866,720,1855,720,49.775352
1498,280,696,724,1866,720,1855,720,49.775352
1499,280,696,724,1866,720,1855,720,49.775352
1500,279,695,724,1866,721,1856,721,49.775352
1501,279,695,724,1866,721,1856,721,49.753906
1502,279,695,724,1866,721,1856,721,49.753906
1503,279,695,724,1866,721,1856,721,49.753906
1504,279,695,725,1867,721,1856,721,49.753906
1505,279,695,725,1867,721,1856,721,49.753906
1506,279,695,725,1867,721,1856,721,49.753906
1507,279,695,725,1867,721,1856,721,49.753906
1508,279,695,725,1867,721,1856,721,49.753906
1509,279,695,725,1867,721,1856,721,49.753906
1510,279,695,725,1867,721,1856,721,49.753906
1511,279,695,725,1867,721,1856,721,49.753906
1512,279,695,725,1867,721,1856,721,49.753906
1513,279,695,725,1867,721,1856,721,49.753906
1514,279,695,725,1867,721,1856,721,49.753906
1515,279,695,725,1867,721,1856,721,49.753906
1516,279,695,725,1867,721,1856,721,49.753906
1517,279,695,725,1867,721,1856,721,49.753906
1518,279,695,725,1867,721,1856,721,49.753906
1519,279,695,725,1867,721,1856,721,49.753906
1520,279,695,725,1867,721,1856,721,49.753906
1521,279,695,725,1867,721,1856,721,49.753906
1522,279,695,725,1867,721,1856,721,49.753906
1523,279,695,725,1867,721,1856,721,49.753906
1524,279,695,725,1867,721,1856,721,49.753906
1525,279,695,725,1867,721,1856,721,49.753906
1526,279,695,725,1867,721,1856,721,49.753906
1527,279,695,726,1869,721,1856,721,49.753906
1528,279,695,726,1869,721,1856,721,49.753906
1529,279,695,727,1871,721,1856,721,49.753906
1530,279,695,727,1871,721,1856,721,49.753906
1531,279,695,727,1871,721,1856,721,49.753906
1532,279,695,727,1871,721,1856,721,49.753906
1533,278,691,727,1871,722,1860,722,49.753906
1534,278,691,727,1871,722,1860,722,49.72581
1535,278,691,727,1871,722,1860,722,49.72581
1536,277,689,727,1871,723,1862,723,49.72581
1537,276,688,727,1871,724,1863,724,49.66986
1538,276,688,728,1872,724,1863,724,49.70939
1539,276,688,728,1872,724,1863,724,49.70939
1540,276,688,728,1872,724,1863,724,49.70939
1541,276,688,728,1872,724,1863,724,49.70939
1542,276,688,728,1872,724,1863,724,49.70939
1543,276,688,728,1872,724,1863,724,49.70939
1544,276,688,728,1872,724,1863,724,49.70939
1545,276,688,728,1872,724,1863,724,49.70939
1546,276,688,728,1872,724,1863,724,49.70939
1547,276,688,728,1872,724,1863,724,49.70939
1548,276,688,728,1872,724,1863,724,49.70939
1549,276,688,728,1872,724,1863,724,49.70939
1550,276,688,728,1872,724,1863,724,49.70939
1551,275,686,728,1872,725,1865,725,49.70939
1552,275,686,729,1873,725,1865,725,49.667137
1553,275,686,730,1877,725,1865,725,49.667137
1554,275,686,730,1877,725,1865,725,49.667137
1555,275,686,730,1877,725,1865,725,49.667137
1556,275,686,730,1877,725,1865,725,49.667137
1557,275,686,730,1877,725,1865,725,49.667137
1558,275,686,731,1880,725,1865,725,49.667137
1559,275,686,731,1880,725,1865,725,49.667137
1560,275,686,731,1880,725,1865,725,49.667137
1561,275,686,731,1880,725,1865,725,49.667137
1562,275,686,731,1880,725,1865,725,49.667137
1563,275,686,731,1880,725,1865,725,49.667137
1564,275,686,731,1880,725,1865,725,49.667137
1565,274,681,731,1880,726,1870,726,49.667137
1566,274,681,731,1880,726,1870,726,49.728188
1567,274,681,731,1880,726,1870,726,49.728188
1568,274,681,731,1880,726,1870,726,49.728188
1569,274,681,731,1880,726,1870,726,49.728188
1570,274,681,731,1880,726,1870,726,49.728188
1571,274,681,731,1880,726,1870,726,49.728188
1572,274,681,731,1880,726,1870,726,49.728188
1573,274,681,731,1880,726,1870,726,49.728188
1574,274,681,732,1885,726,1870,726,49.728188
1575,274,681,732,1885,726,1870,726,49.728188
1576,274,681,732,1885,726,1870,726,49.728188
1577,274,681,732,1885,726,1870,726,49.728188
1578,274,681,732,1885,726,1870,726,49.728188
1579,274,681,732,1885,726,1870,726,49.728188
1580,274,681,732,1885,726,1870,726,49.728188
1581,274,681,732,1885,726,1870,726,49.728188
1582,274,681,732,1885,726,1870,726,49.728188
1583,274,681,732,1885,726,1870,726,49.728188
1584,274,681,732,1885,726,1870,726,49.728188
1585,274,681,732,1885,726,1870,726,49.728188
1586,274,681,732,1885,726,1870,726,49.728188
1587,274,681,732,1885,726,1870,726,49.728188
1588,274,681,732,1885,726,1870,726,49.728188
1589,274,681,732,1885,726,1870,726,49.728188
1590,274,681,732,1885,726,1870,726,49.728188
1591,274,681,733,1887,726,1870,726,49.728188
1592,274,681,733,1887,726,1870,726,49.728188
1593,274,681,734,1889,726,1870,726,49.728188
1594,274,681,734,1889,726,1870,726,49.728188
1595,274,681,734,1889,726,1870,726,49.728188
1596,274,681,734,1889,726,1870,726,49.728188
1597,274,681,734,1889,726,1870,726,49.728188
1598,274,681,734,1889,726,1870,726,49.728188
1599,274,681,734,1889,726,1870,726,49.728188
1600,274,681,734,1889,726,1870,726,49.728188
1601,274,681,734,1889,726,1870,726,49.728188
1602,273,680,734,1889,727,1871,727,49.728188
1603,273,680,735,1890,727,1871,727,49.731453
1604,272,676,735,1890,728,1875,728,49.731453
1605,272,676,735,1890,728,1875,728,49.718353
1606,272,676,735,1890,728,1875,728,49.718353
1607,272,676,735,1890,728,1875,728,49.718353
1608,272,676,736,1894,728,1875,728,49.718353
1609,272,676,736,1894,728,1875,728,49.718353
1610,272,676,736,1894,728,1875,728,49.718353
1611,272,676,736,1894,728,1875,728,49.718353
1612,272,676,736,1894,728,1875,728,49.718353
1613,272,676,736,1894,728,1875,728,49.718353
1614,272,676,736,1894,728,1875,728,49.718353
1615,272,676,736,1894,728,1875,728,49.718353
1616,272,676,736,1894,728,1875,728,49.718353
1617,272,676,736,1894,728,1875,728,49.718353
1618,272,676,736,1894,728,1875,728,49.718353
1619,271,674,736,1894,729,1877,729,49.718353
1620,270,673,736,1894,730,1878,730,49.686974
1621,270,673,736,1894,730,1878,730,49.689533
1622,270,673,736,1894,730,1878,730,49.689533
1623,270,673,736,1894,730,1878,730,49.689533
1624,270,673,737,1897,730,1878,730,49.689533
1625,270,673,737,1897,730,1878,730,49.689533
1626,269,671,737,1897,731,1880,731,49.689533
1627,269,671,739,1902,731,1880,731,49.66525
1628,269,671,739,1902,731,1880,731,49.66525
1629,269,671,739,1902,731,1880,731,49.66525
1630,269,671,739,1902,731,1880,731,49.66525
1631,269,671,739,1902,731,1880,731,49.66525
1632,269,671,739,1902,731,1880,731,49.66525
1633,268,667,739,1902,732,1884,732,49.66525
1634,268,667,739,1902,732,1884,732,49.629665
1635,268,667,739,1902,732,1884,732,49.629665
1636,268,667,739,1902,732,1884,732,49.629665
1637,268,667,739,1902,732,1884,732,49.629665
1638,268,667,739,1902,732,1884,732,49.629665
1639,268,667,739,1902,732,1884,732,49.629665
1640,268,667,739,1902,732,1884,732,49.629665
1641,267,662,740,1904,733,1889,733,49.629665
1642,267,662,740,1904,733,1889,733,49.649227
1643,267,662,740,1904,733,1889,733,49.649227
1644,266,659,740,1904,734,1892,734,49.649227
1645,266,659,740,1904,734,1892,734,49.691525
1646,266,659,740,1904,734,1892,734,49.691525
1647,266,659,740,1904,734,1892,734,49.691525
1648,266,659,740,1904,734,1892,734,49.691525
1649,266,659,740,1904,734,1892,734,49.691525
1650,266,659,740,1904,734,1892,734,49.691525
1651,266,659,740,1904,734,1892,734,49.691525
1652,266,659,740,1904,734,1892,734,49.691525
1653,266,659,740,1904,734,1892,734,49.691525
1654,265,656,741,1907,735,1895,735,49.691525
1655,265,656,741,1907,735,1895,735,49.659214
1656,265,656,741,1907,735,1895,735,49.659214
1657,265,656,742,1908,735,1895,735,49.659214
1658,265,656,742,1908,735,1895,735,49.659214
1659,265,656,742,1908,735,1895,735,49.659214
1660,265,656,742,1908,735,1895,735,49.659214
1661,265,656,742,1908,735,1895,735,49.659214
1662,264,655,742,1908,736,1896,736,49.659214
1663,264,655,742,1908,736,1896,736,49.769054
1664,264,655,742,1908,736,1896,736,49.769054
1665,264,655,742,1908,736,1896,736,49.769054
1666,264,655,742,1908,736,1896,736,49.769054
1667,264,655,742,1908,736,1896,736,49.769054
1668,264,655,742,1908,736,1896,736,49.769054
1669,264,655,742,1908,736,1896,736,49.769054
1670,264,655,742,1908,736,1896,736,49.769054
1671,264,655,742,1908,736,1896,736,49.769054
1672,263,651,742,1908,737,1900,737,49.769054
1673,263,651,742,1908,737,1900,737,49.755184
1674,262,650,742,1908,738,1901,738,49.755184
1675,262,650,742,1908,738,1901,738,49.778122
1676,262,650,742,1908,738,1901,738,49.778122
1677,262,650,742,1908,738,1901,738,49.778122
1678,262,650,742,1908,738,1901,738,49.778122
1679,262,650,742,1908,738,1901,738,49.778122
1680,262,650,742,1908,738,1901,738,49.778122
1681,262,650,742,1908,738,1901,738,49.778122
1682,262,650,742,1908,738,1901,738,49.778122
1683,262,650,742,1908,738,1901,738,49.778122
1684,262,650,743,1909,738,1901,738,49.778122
1685,262,650,743,1909,738,1901,738,49.778122
1686,262,650,743,1909,738,1901,738,49.778122
1687,262,650,743,1909,738,1901,738,49.778122
1688,262,650,743,1909,738,1901,738,49.778122
1689,261,649,743,1909,739,1902,739,49.778122
1690,261,649,743,1909,739,1902,739,49.745872
1691,261,649,743,1909,739,1902,739,49.745872
1692,260,647,744,1913,740,1904,740,49.745872
1693,260,647,744,1913,740,1904,740,49.735382
1694,260,647,744,1913,740,1904,740,49.735382
1695,260,647,744,1913,740,1904,740,49.735382
1696,260,647,744,1913,740,1904,740,49.735382
1697,260,647,744,1913,740,1904,740,49.735382
1698,260,647,744,1913,740,1904,740,49.735382
1699,260,647,744,1913,740,1904,740,49.735382
1700,259,644,744,1913,741,1907,741,49.735382
1701,259,644,745,1914,741,1907,741,49.72139
1702,259,644,745,1914,741,1907,741,49.72139
1703,259,644,745,1914,741,1907,741,49.72139
1704,259,644,745,1914,741,1907,741,49.72139
1705,258,640,745,1914,742,1911,742,49.72139
1706,258,640,746,1918,742,1911,742,49.670036
1707,258,640,748,1920,742,1911,742,49.670036
1708,258,640,748,1920,742,1911,742,49.670036
1709,258,640,748,1920,742,1911,742,49.670036
1710,258,640,748,1920,742,1911,742,49.670036
1711,258,640,748,1920,742,1911,742,49.670036
1712,258,640,748,1920,742,1911,742,49.670036
1713,258,640,748,1920,742,1911,742,49.670036
1714,258,640,748,1920,742,1911,742,49.670036
1715,258,640,748,1920,742,1911,742,49.670036
1716,258,640,748,1920,742,1911,742,49.670036
1717,258,640,748,1920,742,1911,742,49.670036
1718,258,640,748,1920,742,1911,742,49.670036
1719,258,640,748,1920,742,1911,742,49.670036
1720,258,640,748,1920,742,1911,742,49.670036
1721,258,640,748,1920,742,1911,742,49.670036
1722,258,640,748,1920,742,1911,742,49.670036
1723,258,640,748,1920,742,1911,742,49.670036
1724,258,640,748,1920,742,1911,742,49.670036
1725,258,640,748,1920,742,1911,742,49.670036
1726,258,640,748,1920,742,1911,742,49.670036
1727,258,640,748,1920,742,1911,742,49.670036
1728,258,640,748,1920,742,1911,742,49.670036
1729,258,640,748,1920,742,1911,742,49.670036
1730,258,640,748,1920,742,1911,742,49.670036
1731,258,640,749,1921,742,1911,742,49.670036
1732,258,640,749,1921,742,1911,742,49.670036
1733,258,640,749,1921,742,1911,742,49.670036
1734,258,640,749,1921,742,1911,742,49.670036
1735,258,640,749,1921,742,1911,742,49.670036
1736,258,640,749,1921,742,1911,742,49.670036
1737,258,640,749,1921,742,1911,742,49.670036
1738,258,640,749,1921,742,1911,742,49.670036
1739,258,640,749,1921,742,1911,742,49.670036
1740,258,640,749,1921,742,1911,742,49.670036
1741,258,640,750,1923,742,1911,742,49.670036
1742,258,640,751,1924,742,1911,742,49.670036
1743,258,640,751,1924,742,1911,742,49.670036
1744,258,640,751,1924,742,1911,742,49.670036
1745,257,639,751,1924,743,1912,743,49.670036
1746,257,639,751,1924,743,1912,743,49.675434
1747,257,639,751,1924,743,1912,743,49.675434
1748,257,639,751,1924,743,1912,743,49.675434
1749,257,639,751,1924,743,1912,743,49.675434
1750,257,639,751,1924,743,1912,743,49.675434
1751,257,639,751,1924,743,1912,743,49.675434
1752,257,639,751,1924,743,1912,743,49.675434
1753,256,638,751,1924,744,1913,744,49.675434
1754,256,638,751,1924,744,1913,744,49.728107
1755,256,638,751,1924,744,1913,744,49.728107
1756,256,638,751,1924,744,1913,744,49.728107
1757,256,638,751,1924,744,1913,744,49.728107
1758,256,638,751,1924,744,1913,744,49.728107
1759,256,638,751,1924,744,1913,744,49.728107
1760,256,638,751,1924,744,1913,744,49.728107
1761,255,634,751,1924,745,1917,745,49.728107
1762,255,634,751,1924,745,1917,745,49.72579
1763,255,634,751,1924,745,1917,745,49.72579
1764,255,634,751,1924,745,1917,745,49.72579
1765,255,634,751,1924,745,1917,745,49.72579
1766,255,634,751,1924,745,1917,745,49.72579
1767,255,634,751,1924,745,1917,745,49.72579
1768,255,634,751,1924,745,1917,745,49.72579
1769,255,634,751,1924,745,1917,745,49.72579
1770,255,634,751,1924,745,1917,745,49.72579
1771,255,634,752,1928,745,1917,745,49.72579
1772,255,634,752,1928,745,1917,745,49.72579
1773,255,634,752,1928,745,1917,745,49.72579
1774,255,634,752,1928,745,1917,745,49.72579
1775,255,634,752,1928,745,1917,745,49.72579
1776,255,634,752,1928,745,1917,745,49.72579
1777,254,633,752,1928,746,1918,746,49.72579
1778,254,633,753,1929,746,1918,746,49.706676
1779,254,633,753,1929,746,1918,746,49.706676
1780,254,633,753,1929,746,1918,746,49.706676
1781,254,633,753,1929,746,1918,746,49.706676
1782,253,632,753,1929,747,1919,747,49.706676
1783,253,632,753,1929,747,1919,747,49.73103
1784,253,632,753,1929,747,1919,747,49.73103
1785,252,628,754,1931,748,1923,748,49.73103
1786,252,628,755,1933,748,1923,748,49.68205
1787,252,628,755,1933,748,1923,748,49.68205
1788,252,628,755,1933,748,1923,748,49.68205
1789,252,628,755,1933,748,1923,748,49.68205
1790,252,628,755,1933,748,1923,748,49.68205
1791,252,628,756,1937,748,1923,748,49.68205
1792,252,628,756,1937,748,1923,748,49.68205
1793,251,627,756,1937,749,1924,749,49.68205
1794,251,627,756,1937,749,1924,749,49.67659
1795,251,627,756,1937,749,1924,749,49.67659
1796,251,627,756,1937,749,1924,749,49.67659
1797,251,627,756,1937,749,1924,749,49.67659
1798,251,627,756,1937,749,1924,749,49.67659
1799,251,627,756,1937,749,1924,749,49.67659
1800,251,627,756,1937,749,1924,749,49.67659
1801,250,626,756,1937,750,1925,750,49.67659
1802,250,626,756,1937,750,1925,750,49.69999
1803,250,626,756,1937,750,1925,750,49.69999
1804,250,626,756,1937,750,1925,750,49.69999
1805,250,626,756,1937,750,1925,750,49.69999
1806,250,626,756,1937,750,1925,750,49.69999
1807,250,626,756,1937,750,1925,750,49.69999
1808,250,626,756,1937,750,1925,750,49.69999
1809,250,626,756,1937,750,1925,750,49.69999
1810,250,626,756,1937,750,1925,750,49.69999
1811,250,626,756,1937,750,1925,750,49.69999
1812,250,626,756,1937,750,1925,750,49.69999
1813,250,626,756,1937,750,1925,750,49.69999
1814,250,626,756,1937,750,1925,750,49.69999
1815,250,626,756,1937,750,1925,750,49.69999
1816,250,626,756,1937,750,1925,750,49.69999
1817,250,626,756,1937,750,1925,750,49.69999
1818,250,626,756,1937,750,1925,750,49.69999
1819,249,625,756,1937,751,1926,751,49.69999
1820,249,625,756,1937,751,1926,751,49.746628
1821,249,625,757,1941,751,1926,751,49.746628
1822,249,625,757,1941,751,1926,751,49.746628
1823,249,625,757,1941,751,1926,751,49.746628
1824,249,625,757,1941,751,1926,751,49.746628
1825,249,625,758,1942,751,1926,751,49.746628
1826,249,625,758,1942,751,1926,751,49.746628
1827,249,625,758,1942,751,1926,751,49.746628
1828,249,625,758,1942,751,1926,751,49.746628
1829,249,625,758,1942,751,1926,751,49.746628
1830,249,625,758,1942,751,1926,751,49.746628
1831,249,625,758,1942,751,1926,751,49.746628
1832,249,625,758,1942,751,1926,751,49.746628
1833,247,622,758,1942,753,1929,753,49.746628
1834,247,622,758,1942,753,1929,753,49.765167
1835,247,622,758,1942,753,1929,753,49.765167
1836,247,622,758,1942,753,1929,753,49.765167
1837,246,620,758,1942,754,1931,754,49.765167
1838,246,620,758,1942,754,1931,754,49.76295
1839,246,620,758,1942,754,1931,754,49.76295
1840,246,620,758,1942,754,1931,754,49.76295
1841,246,620,758,1942,754,1931,754,49.76295
1842,246,620,758,1942,754,1931,754,49.76295
1843,246,620,758,1942,754,1931,754,49.76295
1844,246,620,758,1942,754,1931,754,49.76295
1845,246,620,758,1942,754,1931,754,49.76295
1846,246,620,758,1942,754,1931,754,49.76295
1847,246,620,758,1942,754,1931,754,49.76295
1848,246,620,758,1942,754,1931,754,49.76295
1849,246,620,758,1942,754,1931,754,49.76295
1850,246,620,758,1942,754,1931,754,49.76295
1851,246,620,758,1942,754,1931,754,49.76295
1852,246,620,758,1942,754,1931,754,49.76295
1853,246,620,758,1942,754,1931,754,49.76295
1854,246,620,758,1942,754,1931,754,49.76295
1855,246,620,758,1942,754,1931,754,49.76295
1856,246,620,758,1942,754,1931,754,49.76295
1857,246,620,758,1942,754,1931,754,49.76295
1858,246,620,758,1942,754,1931,754,49.76295
1859,246,620,759,1944,754,1931,754,49.76295
1860,246,620,759,1944,754,1931,754,49.76295
1861,246,620,759,1944,754,1931,754,49.76295
1862,246,620,759,1944,754,1931,754,49.76295
1863,246,620,760,1945,754,1931,754,49.76295
1864,246,620,760,1945,754,1931,754,49.76295
1865,245,616,761,1948,755,1935,755,49.76295
1866,245,616,762,1952,755,1935,755,49.781376
1867,245,616,762,1952,755,1935,755,49.781376
1868,245,616,762,1952,755,1935,755,49.781376
1869,245,616,762,1952,755,1935,755,49.781376
1870,245,616,764,1958,755,1935,755,49.781376
1871,245,616,765,1961,755,1935,755,49.781376
1872,245,616,765,1961,755,1935,755,49.781376
1873,245,616,767,1965,755,1935,755,49.781376
1874,245,616,767,1965,755,1935,755,49.781376
1875,245,616,767,1965,755,1935,755,49.781376
1876,245,616,768,1966,755,1935,755,49.781376
1877,245,616,768,1966,755,1935,755,49.781376
1878,245,616,769,1969,755,1935,755,49.781376
1879,245,616,773,1979,755,1935,755,49.781376
1880,245,616,773,1979,755,1935,755,49.781376
1881,245,616,775,1988,755,1935,755,49.781376
1882,245,616,776,1991,755,1935,755,49.781376
1883,245,616,778,1997,755,1935,755,49.781376
1884,245,616,779,2002,755,1935,755,49.781376
1885,244,615,779,2002,756,1936,756,49.781376
1886,244,615,779,2002,756,1936,756,49.787006
1887,244,615,779,2002,756,1936,756,49.787006
1888,244,615,779,2002,756,1936,756,49.787006
1889,244,615,779,2002,756,1936,756,49.787006
1890,244,615,780,2004,756,1936,756,49.787006
1891,244,615,780,2004,756,1936,756,49.787006
1892,244,615,780,2004,756,1936,756,49.787006
1893,244,615,781,2008,756,1936,756,49.787006
1894,243,612,781,2008,757,1939,757,49.787006
1895,243,612,781,2008,757,1939,757,49.745346
1896,243,612,782,2010,757,1939,757,49.745346
1897,242,608,784,2013,758,1943,758,49.745346
1898,240,604,785,2014,760,1947,760,49.71574
1899,240,604,786,2018,760,1947,760,49.76471
1900,239,601,786,2018,761,1950,761,49.76471
1901,239,601,786,2018,761,1950,761,49.735523
1902,238,599,786,2018,762,1952,762,49.735523
1903,237,596,786,2018,763,1955,763,49.678223
1904,237,596,786,2018,763,1955,763,49.6507
1905,237,596,787,2023,763,1955,763,49.6507
1906,236,593,788,2025,764,1958,764,49.6507
1907,236,593,790,2034,764,1958,764,49.614212
1908,236,593,790,2034,764,1958,764,49.614212
1909,236,593,790,2034,764,1958,764,49.614212
1910,235,592,791,2037,765,1959,765,49.614212
1911,235,592,792,2038,765,1959,765,49.58503
1912,234,591,792,2038,766,1960,766,49.58503
1913,234,591,792,2038,766,1960,766,49.565376
1914,234,591,794,2047,766,1960,766,49.565376
1915,234,591,795,2051,766,1960,766,49.565376
1916,234,591,795,2051,766,1960,766,49.565376
1917,234,591,796,2054,766,1960,766,49.565376
1918,233,590,796,2054,767,1961,767,49.565376
1919,233,590,797,2056,767,1961,767,49.568356
1920,233,590,798,2058,767,1961,767,49.568356
1921,233,590,798,2058,767,1961,767,49.568356
1922,233,590,799,2063,767,1961,767,49.568356
1923,233,590,799,2063,767,1961,767,49.568356
1924,232,589,799,2063,768,1962,768,49.568356
1925,230,583,799,2063,770,1968,770,49.533894
1926,230,583,799,2063,770,1968,770,49.482273
1927,229,581,800,2065,771,1970,771,49.482273
1928,227,574,803,2071,773,1977,773,49.479996
1929,227,574,803,2071,773,1977,773,49.521183
1930,227,574,804,2073,773,1977,773,49.521183
1931,227,574,806,2080,773,1977,773,49.521183
1932,227,574,806,2080,773,1977,773,49.521183
1933,227,574,807,2081,773,1977,773,49.521183
1934,227,574,807,2081,773,1977,773,49.521183
1935,226,569,808,2082,774,1982,774,49.521183
1936,225,566,808,2082,775,1985,775,49.509815
1937,225,566,808,2082,775,1985,775,49.5256
1938,224,561,810,2087,776,1990,776,49.5256
1939,223,559,810,2087,777,1992,777,49.531406
1940,223,559,810,2087,777,1992,777,49.526913
1941,223,559,812,2089,777,1992,777,49.526913
1942,222,556,814,2095,778,1995,778,49.526913
1943,222,556,814,2095,778,1995,778,49.520298
1944,221,552,815,2099,779,1999,779,49.520298
1945,220,549,815,2099,780,2002,780,49.515247
1946,220,549,815,2099,780,2002,780,49.479263
1947,218,542,817,2105,782,2009,782,49.479263
1948,217,541,817,2105,783,2010,783,49.466873
1949,217,541,818,2106,783,2010,783,49.47687
1950,217,541,819,2111,783,2010,783,49.47687
1951,217,541,819,2111,783,2010,783,49.47687
1952,217,541,820,2113,783,2010,783,49.47687
1953,216,538,821,2115,784,2013,784,49.47687
1954,216,538,824,2123,784,2013,784,49.425125
1955,216,538,824,2123,784,2013,784,49.425125
1956,216,538,825,2127,784,2013,784,49.425125
1957,216,538,827,2133,784,2013,784,49.425125
1958,215,537,828,2137,785,2014,785,49.425125
1959,212,527,829,2139,788,2024,788,49.38364
1960,210,520,830,2141,790,2031,790,49.322426
1961,210,520,831,2142,790,2031,790,49.26868
1962,210,520,832,2144,790,2031,790,49.26868
1963,209,515,832,2144,791,2036,791,49.26868
1964,209,515,832,2144,791,2036,791,49.260223
1965,209,515,832,2144,791,2036,791,49.260223
1966,208,513,834,2147,792,2038,792,49.260223
1967,208,513,835,2151,792,2038,792,49.250267
1968,206,509,838,2156,794,2042,794,49.250267
1969,206,509,838,2156,794,2042,794,49.23159
1970,206,509,838,2156,794,2042,794,49.23159
1971,205,508,838,2156,795,2043,795,49.23159
1972,205,508,839,2158,795,2043,795,49.19098
1973,204,504,842,2165,796,2047,796,49.19098
1974,204,504,843,2170,796,2047,796,49.186558
1975,204,504,843,2170,796,2047,796,49.186558
1976,204,504,844,2172,796,2047,796,49.186558
1977,204,504,844,2172,796,2047,796,49.186558
1978,204,504,845,2175,796,2047,796,49.186558
1979,204,504,846,2179,796,2047,796,49.186558
1980,204,504,847,2182,796,2047,796,49.186558
1981,204,504,847,2182,796,2047,796,49.186558
1982,202,500,847,2182,798,2051,798,49.186558
1983,202,500,847,2182,798,2051,798,49.101387
1984,202,500,847,2182,798,2051,798,49.101387
1985,200,493,847,2182,800,2058,800,49.101387
1986,198,487,848,2184,802,2064,802,49.111797
1987,197,485,848,2184,803,2066,803,49.128067
1988,196,484,848,2184,804,2067,804,49.121304
1989,196,484,849,2185,804,2067,804,49.131256
1990,196,484,849,2185,804,2067,804,49.131256
1991,196,484,849,2185,804,2067,804,49.131256
1992,195,482,849,2185,805,2069,805,49.131256
1993,195,482,849,2185,805,2069,805,49.093372
1994,194,480,849,2185,806,2071,806,49.093372
1995,194,480,849,2185,806,2071,806,49.131863
1996,194,480,849,2185,806,2071,806,49.131863
1997,193,479,849,2185,807,2072,807,49.131863
1998,191,471,849,2185,809,2080,809,49.078377
1999,191,471,849,2185,809,2080,809,49.02678
2000,191,471,849,2185,809,2080,809,49.02678
2001,191,471,849,2185,809,2080,809,49.02678
2002,189,462,849,2185,811,2089,811,49.02678
2003,188,458,849,2185,812,2093,812,48.99948
2004,187,455,849,2185,813,2096,813,49.00567
2005,186,452,849,2185,814,2099,814,49.01236
2006,184,446,849,2185,816,2105,816,49.02466
2007,181,436,849,2185,819,2115,819,49.035107
2008,179,431,849,2185,821,2120,821,49.088894
2009,178,429,849,2185,822,2122,822,49.050255
2010,178,429,849,2185,822,2122,822,49.044937
2011,178,429,849,2185,822,2122,822,49.044937
2012,178,429,849,2185,822,2122,822,49.044937
2013,178,429,849,2185,822,2122,822,49.044937
2014,176,424,849,2185,824,2127,824,49.044937
2015,176,424,849,2185,824,2127,824,48.996
2016,176,424,849,2185,824,2127,824,48.996
2017,176,424,849,2185,824,2127,824,48.996
2018,175,422,849,2185,825,2129,825,48.996
2019,175,422,849,2185,825,2129,825,48.97862
2020,170,408,849,2185,830,2143,830,48.97862
2021,168,402,849,2185,832,2149,832,49.076065
2022,168,402,850,2188,832,2149,832,49.173397
2023,167,400,850,2188,833,2151,833,49.173397
2024,165,392,850,2188,835,2159,835,49.193417
2025,165,392,850,2188,835,2159,835,49.265255
2026,165,392,850,2188,835,2159,835,49.265255
2027,165,392,850,2188,835,2159,835,49.265255
2028,165,392,850,2188,835,2159,835,49.265255
2029,165,392,850,2188,835,2159,835,49.265255
2030,164,391,850,2188,836,2160,836,49.265255
2031,164,391,850,2188,836,2160,836,49.26136
2032,164,391,850,2188,836,2160,836,49.26136
2033,163,390,850,2188,837,2161,837,49.26136
2034,163,390,851,2191,837,2161,837,49.317097
2035,163,390,851,2191,837,2161,837,49.317097
2036,162,389,851,2191,838,2162,838,49.317097
2037,162,389,851,2191,838,2162,838,49.327606
2038,162,389,851,2191,838,2162,838,49.327606
2039,161,386,851,2191,839,2165,839,49.327606
2040,161,386,851,2191,839,2165,839,49.374874
2041,161,386,851,2191,839,2165,839,49.374874
2042,160,385,851,2191,840,2166,840,49.374874
2043,160,385,851,2191,840,2166,840,49.38023
2044,160,385,851,2191,840,2166,840,49.38023
2045,160,385,851,2191,840,2166,840,49.38023
2046,159,384,851,2191,841,2167,841,49.38023
2047,159,384,851,2191,841,2167,841,49.44347
2048,159,384,851,2191,841,2167,841,49.44347
2049,158,380,851,2191,842,2171,842,49.44347
2050,158,380,851,2191,842,2171,842,49.485336
2051,155,375,851,2191,845,2176,845,49.485336
2052,155,375,851,2191,845,2176,845,49.604843
2053,155,375,851,2191,845,2176,845,49.604843
2054,154,373,851,2191,846,2178,846,49.604843
2055,154,373,851,2191,846,2178,846,49.630955
2056,154,373,851,2191,846,2178,846,49.630955
2057,153,371,851,2191,847,2180,847,49.630955
2058,153,371,851,2191,847,2180,847,49.67954
2059,153,371,851,2191,847,2180,847,49.67954
2060,152,367,851,2191,848,2184,848,49.67954
2061,152,367,851,2191,848,2184,848,49.698345
2062,152,367,851,2191,848,2184,848,49.698345
2063,152,367,851,2191,848,2184,848,49.698345
2064,152,367,851,2191,848,2184,848,49.698345
2065,152,367,851,2191,848,2184,848,49.698345
2066,152,367,851,2191,848,2184,848,49.698345
2067,152,367,851,2191,848,2184,848,49.698345
2068,152,367,851,2191,848,2184,848,49.698345
2069,152,367,851,2191,848,2184,848,49.698345
2070,152,367,851,2191,848,2184,848,49.698345
2071,152,367,851,2191,848,2184,848,49.698345
2072,152,367,851,2191,848,2184,848,49.698345
2073,152,367,851,2191,848,2184,848,49.698345
2074,152,367,851,2191,848,2184,848,49.698345
2075,152,367,851,2191,848,2184,848,49.698345
2076,152,367,851,2191,848,2184,848,49.698345
2077,152,367,851,2191,848,2184,848,49.698345
2078,152,367,851,2191,848,2184,848,49.698345
2079,152,367,851,2191,848,2184,848,49.698345
2080,152,367,851,2191,848,2184,848,49.698345
2081,152,367,851,2191,848,2184,848,49.698345
2082,152,367,851,2191,848,2184,848,49.698345
2083,152,367,851,2191,848,2184,848,49.698345
2084,152,367,851,2191,848,2184,848,49.698345
2085,151,366,851,2191,849,2185,849,49.698345
2086,151,366,851,2191,849,2185,849,49.768036
2087,151,366,851,2191,849,2185,849,49.768036
2088,151,366,851,2191,849,2185,849,49.768036
2089,151,366,851,2191,849,2185,849,49.768036
2090,150,363,851,2191,850,2188,850,49.768036
2091,150,363,851,2191,850,2188,850,49.77701
2092,150,363,851,2191,850,2188,850,49.77701
2093,150,363,851,2191,850,2188,850,49.77701
2094,150,363,851,2191,850,2188,850,49.77701
2095,150,363,851,2191,850,2188,850,49.77701
2096,150,363,851,2191,850,2188,850,49.77701
2097,150,363,851,2191,850,2188,850,49.77701
2098,150,363,851,2191,850,2188,850,49.77701
2099,150,363,851,2191,850,2188,850,49.77701
2100,150,363,851,2191,850,2188,850,49.77701
2101,150,363,851,2191,850,2188,850,49.77701
2102,150,363,851,2191,850,2188,850,49.77701
2103,150,363,852,2196,850,2188,850,49.77701
2104,150,363,852,2196,850,2188,850,49.77701
2105,150,363,852,2196,850,2188,850,49.77701
2106,150,363,852,2196,850,2188,850,49.77701
2107,150,363,852,2196,850,2188,850,49.77701
2108,150,363,852,2196,850,2188,850,49.77701
2109,150,363,852,2196,850,2188,850,49.77701
2110,150,363,852,2196,850,2188,850,49.77701
2111,150,363,852,2196,850,2188,850,49.77701
2112,150,363,852,2196,850,2188,850,49.77701
2113,149,360,852,2196,851,2191,851,49.77701
2114,149,360,852,2196,851,2191,851,49.808956
2115,149,360,852,2196,851,2191,851,49.808956
2116,149,360,852,2196,851,2191,851,49.808956
2117,149,360,852,2196,851,2191,851,49.808956
2118,149,360,852,2196,851,2191,851,49.808956
2119,149,360,852,2196,851,2191,851,49.808956
2120,149,360,852,2196,851,2191,851,49.808956
2121,149,360,852,2196,851,2191,851,49.808956
2122,149,360,852,2196,851,2191,851,49.808956
2123,149,360,852,2196,851,2191,851,49.808956
2124,149,360,852,2196,851,2191,851,49.808956
2125,149,360,852,2196,851,2191,851,49.808956
2126,149,360,852,2196,851,2191,851,49.808956
2127,149,360,852,2196,851,2191,851,49.808956
2128,149,360,852,2196,851,2191,851,49.808956
2129,149,360,852,2196,851,2191,851,49.808956
2130,149,360,852,2196,851,2191,851,49.808956
2131,149,360,852,2196,851,2191,851,49.808956
2132,149,360,852,2196,851,2191,851,49.808956
2133,149,360,852,2196,851,2191,851,49.808956
2134,149,360,852,2196,851,2191,851,49.808956
2135,149,360,852,2196,851,2191,851,49.808956
2136,149,360,852,2196,851,2191,851,49.808956
2137,149,360,853,2198,851,2191,851,49.808956
2138,149,360,853,2198,851,2191,851,49.808956
2139,149,360,853,2198,851,2191,851,49.808956
2140,149,360,853,2198,851,2191,851,49.808956
2141,149,360,853,2198,851,2191,851,49.808956
2142,149,360,853,2198,851,2191,851,49.808956
2143,149,360,853,2198,851,2191,851,49.808956
2144,149,360,853,2198,851,2191,851,49.808956
2145,149,360,853,2198,851,2191,851,49.808956
2146,149,360,853,2198,851,2191,851,49.808956
2147,149,360,853,2198,851,2191,851,49.808956
2148,149,360,853,2198,851,2191,851,49.808956
2149,149,360,853,2198,851,2191,851,49.808956
2150,149,360,853,2198,851,2191,851,49.808956
2151,149,360,853,2198,851,2191,851,49.808956
2152,149,360,853,2198,851,2191,851,49.808956
2153,149,360,853,2198,851,2191,851,49.808956
2154,149,360,854,2199,851,2191,851,49.808956
2155,149,360,854,2199,851,2191,851,49.808956
2156,149,360,854,2199,851,2191,851,49.808956
2157,149,360,854,2199,851,2191,851,49.808956
2158,149,360,854,2199,851,2191,851,49.808956
2159,149,360,854,2199,851,2191,851,49.808956
2160,149,360,855,2200,851,2191,851,49.808956
2161,149,360,855,2200,851,2191,851,49.808956
2162,149,360,855,2200,851,2191,851,49.808956
2163,149,360,855,2200,851,2191,851,49.808956
2164,149,360,855,2200,851,2191,851,49.808956
2165,149,360,855,2200,851,2191,851,49.808956
2166,149,360,855,2200,851,2191,851,49.808956
2167,149,360,855,2200,851,2191,851,49.808956
2168,149,360,855,2200,851,2191,851,49.808956
2169,149,360,855,2200,851,2191,851,49.808956
2170,149,360,855,2200,851,2191,851,49.808956
2171,149,360,855,2200,851,2191,851,49.808956
2172,149,360,855,2200,851,2191,851,49.808956
2173,149,360,855,2200,851,2191,851,49.808956
2174,149,360,855,2200,851,2191,851,49.808956
2175,149,360,855,2200,851,2191,851,49.808956
2176,149,360,855,2200,851,2191,851,49.808956
2177,149,360,855,2200,851,2191,851,49.808956
2178,149,360,855,2200,851,2191,851,49.808956
2179,149,360,855,2200,851,2191,851,49.808956
2180,149,360,855,2200,851,2191,851,49.808956
2181,149,360,855,2200,851,2191,851,49.808956
2182,149,360,855,2200,851,2191,851,49.808956
2183,149,360,855,2200,851,2191,851,49.808956
2184,149,360,855,2200,851,2191,851,49.808956
2185,149,360,855,2200,851,2191,851,49.808956
2186,149,360,855,2200,851,2191,851,49.808956
2187,148,355,855,2200,852,2196,852,49.808956
2188,148,355,855,2200,852,2196,852,49.84286
2189,148,355,855,2200,852,2196,852,49.84286
2190,148,355,855,2200,852,2196,852,49.84286
2191,148,355,855,2200,852,2196,852,49.84286
2192,148,355,855,2200,852,2196,852,49.84286
2193,148,355,855,2200,852,2196,852,49.84286
2194,148,355,855,2200,852,2196,852,49.84286
2195,148,355,855,2200,852,2196,852,49.84286
2196,148,355,855,2200,852,2196,852,49.84286
2197,148,355,855,2200,852,2196,852,49.84286
2198,148,355,855,2200,852,2196,852,49.84286
2199,148,355,855,2200,852,2196,852,49.84286
2200,148,355,856,2204,852,2196,852,49.84286
2201,147,354,856,2204,853,2197,853,49.84286
2202,147,354,856,2204,853,2197,853,49.826145
2203,146,353,856,2204,854,2198,854,49.826145
2204,146,353,856,2204,854,2198,854,49.80839
2205,146,353,856,2204,854,2198,854,49.80839
2206,146,353,856,2204,854,2198,854,49.80839
2207,146,353,856,2204,854,2198,854,49.80839
2208,146,353,856,2204,854,2198,854,49.80839
2209,146,353,856,2204,854,2198,854,49.80839
2210,146,353,856,2204,854,2198,854,49.80839
2211,146,353,856,2204,854,2198,854,49.80839
2212,146,353,856,2204,854,2198,854,49.80839
2213,146,353,856,2204,854,2198,854,49.80839
2214,146,353,856,2204,854,2198,854,49.80839
2215,146,353,856,2204,854,2198,854,49.80839
2216,146,353,856,2204,854,2198,854,49.80839
2217,146,353,856,2204,854,2198,854,49.80839
2218,146,353,856,2204,854,2198,854,49.80839
2219,146,353,856,2204,854,2198,854,49.80839
2220,146,353,856,2204,854,2198,854,49.80839
2221,146,353,856,2204,854,2198,854,49.80839
2222,146,353,856,2204,854,2198,854,49.80839
2223,146,353,856,2204,854,2198,854,49.80839
2224,145,351,856,2204,855,2200,855,49.80839
2225,145,351,856,2204,855,2200,855,49.833103
2226,145,351,856,2204,855,2200,855,49.833103
2227,145,351,856,2204,855,2200,855,49.833103
2228,145,351,856,2204,855,2200,855,49.833103
2229,145,351,856,2204,855,2200,855,49.833103
2230,145,351,856,2204,855,2200,855,49.833103
2231,145,351,856,2204,855,2200,855,49.833103
2232,145,351,856,2204,855,2200,855,49.833103
2233,145,351,856,2204,855,2200,855,49.833103
2234,145,351,856,2204,855,2200,855,49.833103
2235,145,351,856,2204,855,2200,855,49.833103
2236,145,351,856,2204,855,2200,855,49.833103
2237,145,351,856,2204,855,2200,855,49.833103
2238,145,351,856,2204,855,2200,855,49.833103
2239,145,351,856,2204,855,2200,855,49.833103
2240,145,351,856,2204,855,2200,855,49.833103
2241,145,351,856,2204,855,2200,855,49.833103
2242,145,351,856,2204,855,2200,855,49.833103
2243,145,351,856,2204,855,2200,855,49.833103
2244,145,351,856,2204,855,2200,855,49.833103
2245,145,351,856,2204,855,2200,855,49.833103
2246,145,351,856,2204,855,2200,855,49.833103
2247,145,351,856,2204,855,2200,855,49.833103
2248,145,351,856,2204,855,2200,855,49.833103
2249,145,351,856,2204,855,2200,855,49.833103
2250,145,351,856,2204,855,2200,855,49.833103
2251,145,351,856,2204,855,2200,855,49.833103
2252,145,351,856,2204,855,2200,855,49.833103
2253,145,351,856,2204,855,2200,855,49.833103
2254,145,351,856,2204,855,2200,855,49.833103
2255,145,351,856,2204,855,2200,855,49.833103
2256,145,351,856,2204,855,2200,855,49.833103
2257,145,351,857,2207,855,2200,855,49.833103
2258,145,351,857,2207,855,2200,855,49.833103
2259,145,351,857,2207,855,2200,855,49.833103
2260,145,351,857,2207,855,2200,855,49.833103
2261,145,351,857,2207,855,2200,855,49.833103
2262,145,351,857,2207,855,2200,855,49.833103
2263,145,351,857,2207,855,2200,855,49.833103
2264,145,351,857,2207,855,2200,855,49.833103
2265,145,351,857,2207,855,2200,855,49.833103
2266,145,351,857,2207,855,2200,855,49.833103
2267,145,351,857,2207,855,2200,855,49.833103
2268,145,351,857,2207,855,2200,855,49.833103
2269,145,351,857,2207,855,2200,855,49.833103
2270,145,351,857,2207,855,2200,855,49.833103
2271,145,351,857,2207,855,2200,855,49.833103
2272,145,351,857,2207,855,2200,855,49.833103
2273,145,351,858,2209,855,2200,855,49.833103
2274,145,351,858,2209,855,2200,855,49.833103
2275,145,351,858,2209,855,2200,855,49.833103
2276,145,351,858,2209,855,2200,855,49.833103
2277,145,351,858,2209,855,2200,855,49.833103
2278,145,351,858,2209,855,2200,855,49.833103
2279,145,351,858,2209,855,2200,855,49.833103
2280,145,351,858,2209,855,2200,855,49.833103
2281,145,351,858,2209,855,2200,855,49.833103
2282,145,351,858,2209,855,2200,855,49.833103
2283,145,351,858,2209,855,2200,855,49.833103
2284,145,351,858,2209,855,2200,855,49.833103
2285,145,351,858,2209,855,2200,855,49.833103
2286,145,351,858,2209,855,2200,855,49.833103
2287,145,351,858,2209,855,2200,855,49.833103
2288,144,349,858,2209,856,2202,856,49.833103
2289,144,349,858,2209,856,2202,856,49.790844
2290,144,349,858,2209,856,2202,856,49.790844
2291,144,349,858,2209,856,2202,856,49.790844
2292,144,349,858,2209,856,2202,856,49.790844
2293,144,349,858,2209,856,2202,856,49.790844
2294,144,349,859,2212,856,2202,856,49.790844
2295,144,349,859,2212,856,2202,856,49.790844
2296,144,349,859,2212,856,2202,856,49.790844
2297,144,349,859,2212,856,2202,856,49.790844
2298,144,349,860,2215,856,2202,856,49.790844
2299,144,349,860,2215,856,2202,856,49.790844
2300,144,349,860,2215,856,2202,856,49.790844
2301,144,349,860,2215,856,2202,856,49.790844
2302,144,349,860,2215,856,2202,856,49.790844
2303,143,346,860,2215,857,2205,857,49.790844
2304,143,346,860,2215,857,2205,857,49.77547
2305,143,346,860,2215,857,2205,857,49.77547
2306,142,342,860,2215,858,2209,858,49.77547
2307,142,342,860,2215,858,2209,858,49.81934
2308,142,342,861,2217,858,2209,858,49.81934
2309,142,342,861,2217,858,2209,858,49.81934
2310,142,342,861,2217,858,2209,858,49.81934
2311,142,342,861,2217,858,2209,858,49.81934
2312,142,342,861,2217,858,2209,858,49.81934
2313,142,342,861,2217,858,2209,858,49.81934
2314,142,342,861,2217,858,2209,858,49.81934
2315,142,342,861,2217,858,2209,858,49.81934
2316,142,342,862,2219,858,2209,858,49.81934
2317,142,342,862,2219,858,2209,858,49.81934
2318,142,342,862,2219,858,2209,858,49.81934
2319,142,342,863,2221,858,2209,858,49.81934
2320,142,342,864,2224,858,2209,858,49.81934
2321,142,342,864,2224,858,2209,858,49.81934
2322,142,342,864,2224,858,2209,858,49.81934
2323,142,342,864,2224,858,2209,858,49.81934
2324,142,342,864,2224,858,2209,858,49.81934
2325,142,342,864,2224,858,2209,858,49.81934
2326,142,342,864,2224,858,2209,858,49.81934
2327,142,342,864,2224,858,2209,858,49.81934
2328,142,342,864,2224,858,2209,858,49.81934
2329,141,340,864,2224,859,2211,859,49.81934
2330,141,340,864,2224,859,2211,859,49.779594
2331,141,340,864,2224,859,2211,859,49.779594
2332,141,340,865,2225,859,2211,859,49.779594
2333,141,340,866,2227,859,2211,859,49.779594
2334,141,340,866,2227,859,2211,859,49.779594
2335,141,340,866,2227,859,2211,859,49.779594
2336,141,340,866,2227,859,2211,859,49.779594
2337,141,340,866,2227,859,2211,859,49.779594
2338,141,340,866,2227,859,2211,859,49.779594
2339,141,340,866,2227,859,2211,859,49.779594
2340,141,340,866,2227,859,2211,859,49.779594
2341,140,338,866,2227,860,2213,860,49.779594
2342,140,338,867,2230,860,2213,860,49.745396
2343,140,338,867,2230,860,2213,860,49.745396
2344,139,335,867,2230,861,2216,861,49.745396
2345,139,335,867,2230,861,2216,861,49.73943
2346,139,335,867,2230,861,2216,861,49.73943
2347,139,335,867,2230,861,2216,861,49.73943
2348,139,335,867,2230,861,2216,861,49.73943
2349,139,335,867,2230,861,2216,861,49.73943
2350,139,335,867,2230,861,2216,861,49.73943
2351,139,335,867,2230,861,2216,861,49.73943
2352,139,335,867,2230,861,2216,861,49.73943
2353,139,335,867,2230,861,2216,861,49.73943
2354,139,335,867,2230,861,2216,861,49.73943
2355,139,335,867,2230,861,2216,861,49.73943
2356,139,335,867,2230,861,2216,861,49.73943
2357,139,335,867,2230,861,2216,861,49.73943
2358,139,335,867,2230,861,2216,861,49.73943
2359,139,335,867,2230,861,2216,861,49.73943
2360,139,335,867,2230,861,2216,861,49.73943
2361,139,335,867,2230,861,2216,861,49.73943
2362,139,335,867,2230,861,2216,861,49.73943
2363,139,335,867,2230,861,2216,861,49.73943
2364,139,335,867,2230,861,2216,861,49.73943
2365,139,335,867,2230,861,2216,861,49.73943
2366,139,335,867,2230,861,2216,861,49.73943
2367,138,334,867,2230,862,2217,862,49.73943
2368,138,334,867,2230,862,2217,862,49.714527
2369,137,331,867,2230,863,2220,863,49.714527
2370,137,331,867,2230,863,2220,863,49.731777
2371,137,331,867,2230,863,2220,863,49.731777
2372,137,331,867,2230,863,2220,863,49.731777
2373,137,331,867,2230,863,2220,863,49.731777
2374,137,331,867,2230,863,2220,863,49.731777
2375,136,328,868,2231,864,2223,864,49.731777
2376,136,328,868,2231,864,2223,864,49.724014
2377,136,328,868,2231,864,2223,864,49.724014
2378,136,328,868,2231,864,2223,864,49.724014
2379,136,328,868,2231,864,2223,864,49.724014
2380,136,328,868,2231,864,2223,864,49.724014
2381,136,328,868,2231,864,2223,864,49.724014
2382,136,328,868,2231,864,2223,864,49.724014
2383,136,328,868,2231,864,2223,864,49.724014
2384,136,328,868,2231,864,2223,864,49.724014
2385,136,328,868,2231,864,2223,864,49.724014
2386,136,328,868,2231,864,2223,864,49.724014
2387,136,328,868,2231,864,2223,864,49.724014
2388,135,327,868,2231,865,2224,865,49.724014
2389,135,327,868,2231,865,2224,865,49.67819
2390,135,327,868,2231,865,2224,865,49.67819
2391,135,327,868,2231,865,2224,865,49.67819
2392,134,325,868,2231,866,2226,866,49.67819
2393,134,325,868,2231,866,2226,866,49.683548
2394,134,325,868,2231,866,2226,866,49.683548
2395,134,325,868,2231,866,2226,866,49.683548
2396,134,325,869,2235,866,2226,866,49.683548
2397,134,325,869,2235,866,2226,866,49.683548
2398,133,323,869,2235,867,2228,867,49.683548
2399,133,323,869,2235,867,2228,867,49.69941
2400,133,323,869,2235,867,2228,867,49.69941
2401,133,323,869,2235,867,2228,867,49.69941
2402,133,323,869,2235,867,2228,867,49.69941
2403,133,323,869,2235,867,2228,867,49.69941
2404,133,323,869,2235,867,2228,867,49.69941
2405,133,323,869,2235,867,2228,867,49.69941
2406,132,320,869,2235,868,2231,868,49.69941
2407,132,320,869,2235,868,2231,868,49.713326
2408,132,320,869,2235,868,2231,868,49.713326
2409,132,320,869,2235,868,2231,868,49.713326
2410,132,320,869,2235,868,2231,868,49.713326
2411,132,320,869,2235,868,2231,868,49.713326
2412,132,320,869,2235,868,2231,868,49.713326
2413,132,320,869,2235,868,2231,868,49.713326
2414,132,320,869,2235,868,2231,868,49.713326
2415,132,320,869,2235,868,2231,868,49.713326
2416,132,320,869,2235,868,2231,868,49.713326
2417,132,320,869,2235,868,2231,868,49.713326
2418,132,320,869,2235,868,2231,868,49.713326
2419,132,320,869,2235,868,2231,868,49.713326
2420,132,320,869,2235,868,2231,868,49.713326
2421,132,320,869,2235,868,2231,868,49.713326
2422,132,320,869,2235,868,2231,868,49.713326
2423,132,320,869,2235,868,2231,868,49.713326
2424,132,320,869,2235,868,2231,868,49.713326
2425,132,320,869,2235,868,2231,868,49.713326
2426,132,320,869,2235,868,2231,868,49.713326
2427,132,320,869,2235,868,2231,868,49.713326
2428,132,320,869,2235,868,2231,868,49.713326
2429,132,320,869,2235,868,2231,868,49.713326
2430,132,320,869,2235,868,2231,868,49.713326
2431,132,320,869,2235,868,2231,868,49.713326
2432,132,320,869,2235,868,2231,868,49.713326
2433,132,320,869,2235,868,2231,868,49.713326
2434,132,320,869,2235,868,2231,868,49.713326
2435,132,320,869,2235,868,2231,868,49.713326
2436,132,320,869,2235,868,2231,868,49.713326
2437,132,320,869,2235,868,2231,868,49.713326
2438,132,320,869,2235,868,2231,868,49.713326
2439,132,320,869,2235,868,2231,868,49.713326
2440,132,320,869,2235,868,2231,868,49.713326
2441,132,320,869,2235,868,2231,868,49.713326
2442,132,320,869,2235,868,2231,868,49.713326
2443,132,320,869,2235,868,2231,868,49.713326
2444,132,320,869,2235,868,2231,868,49.713326
2445,132,320,869,2235,868,2231,868,49.713326
2446,132,320,869,2235,868,2231,868,49.713326
2447,132,320,869,2235,868,2231,868,49.713326
2448,132,320,869,2235,868,2231,868,49.713326
2449,132,320,869,2235,868,2231,868,49.713326
2450,132,320,869,2235,868,2231,868,49.713326
2451,132,320,869,2235,868,2231,868,49.713326
2452,132,320,869,2235,868,2231,868,49.713326
2453,132,320,869,2235,868,2231,868,49.713326
2454,132,320,869,2235,868,2231,868,49.713326
2455,132,320,869,2235,868,2231,868,49.713326
2456,132,320,870,2238,868,2231,868,49.713326
2457,132,320,870,2238,868,2231,868,49.713326
2458,132,320,870,2238,868,2231,868,49.713326
2459,132,320,870,2238,868,2231,868,49.713326
2460,132,320,870,2238,868,2231,868,49.713326
2461,132,320,870,2238,868,2231,868,49.713326
2462,132,320,870,2238,868,2231,868,49.713326
2463,132,320,870,2238,868,2231,868,49.713326
2464,132,320,870,2238,868,2231,868,49.713326
2465,132,320,870,2238,868,2231,868,49.713326
2466,132,320,870,2238,868,2231,868,49.713326
2467,132,320,870,2238,868,2231,868,49.713326
2468,132,320,870,2238,868,2231,868,49.713326
2469,132,320,870,2238,868,2231,868,49.713326
2470,132,320,870,2238,868,2231,868,49.713326
2471,132,320,870,2238,868,2231,868,49.713326
2472,132,320,870,2238,868,2231,868,49.713326
2473,132,320,870,2238,868,2231,868,49.713326
2474,132,320,870,2238,868,2231,868,49.713326
2475,132,320,870,2238,868,2231,868,49.713326
2476,132,320,870,2238,868,2231,868,49.713326
2477,132,320,870,2238,868,2231,868,49.713326
2478,132,320,871,2239,868,2231,868,49.713326
2479,132,320,871,2239,868,2231,868,49.713326
2480,132,320,871,2239,868,2231,868,49.713326
2481,132,320,871,2239,868,2231,868,49.713326
2482,132,320,871,2239,868,2231,868,49.713326
2483,132,320,871,2239,868,2231,868,49.713326
2484,132,320,871,2239,868,2231,868,49.713326
2485,132,320,871,2239,868,2231,868,49.713326
2486,131,316,871,2239,869,2235,869,49.713326
2487,131,316,871,2239,869,2235,869,49.740482
2488,131,316,871,2239,869,2235,869,49.740482
2489,131,316,871,2239,869,2235,869,49.740482
2490,131,316,871,2239,869,2235,869,49.740482
2491,131,316,871,2239,869,2235,869,49.740482
2492,131,316,871,2239,869,2235,869,49.740482
2493,131,316,871,2239,869,2235,869,49.740482
2494,131,316,871,2239,869,2235,869,49.740482
2495,131,316,872,2240,869,2235,869,49.740482
2496,131,316,872,2240,869,2235,869,49.740482
2497,131,316,872,2240,869,2235,869,49.740482
2498,131,316,872,2240,869,2235,869,49.740482
2499,131,316,872,2240,869,2235,869,49.740482
2500,131,316,872,2240,869,2235,869,49.740482
2501,131,316,872,2240,869,2235,869,49.740482
2502,131,316,872,2240,869,2235,869,49.740482
2503,131,316,872,2240,869,2235,869,49.740482
2504,131,316,872,2240,869,2235,869,49.740482
2505,131,316,872,2240,869,2235,869,49.740482
2506,131,316,872,2240,869,2235,869,49.740482
2507,131,316,872,2240,869,2235,869,49.740482
2508,131,316,872,2240,869,2235,869,49.740482
2509,131,316,872,2240,869,2235,869,49.740482
2510,131,316,872,2240,869,2235,869,49.740482
2511,131,316,872,2240,869,2235,869,49.740482
2512,131,316,872,2240,869,2235,869,49.740482
2513,131,316,872,2240,869,2235,869,49.740482
2514,131,316,872,2240,869,2235,869,49.740482
2515,131,316,872,2240,869,2235,869,49.740482
2516,131,316,872,2240,869,2235,869,49.740482
2517,131,316,872,2240,869,2235,869,49.740482
2518,131,316,872,2240,869,2235,869,49.740482
2519,131,316,872,2240,869,2235,869,49.740482
2520,131,316,872,2240,869,2235,869,49.740482
2521,131,316,873,2242,869,2235,869,49.740482
2522,131,316,873,2242,869,2235,869,49.740482
2523,131,316,873,2242,869,2235,869,49.740482
2524,131,316,873,2242,869,2235,869,49.740482
2525,131,316,873,2242,869,2235,869,49.740482
2526,131,316,873,2242,869,2235,869,49.740482
2527,131,316,873,2242,869,2235,869,49.740482
2528,131,316,873,2242,869,2235,869,49.740482
2529,131,316,873,2242,869,2235,869,49.740482
2530,131,316,873,2242,869,2235,869,49.740482
2531,131,316,873,2242,869,2235,869,49.740482
2532,131,316,873,2242,869,2235,869,49.740482
2533,131,316,873,2242,869,2235,869,49.740482
2534,131,316,873,2242,869,2235,869,49.740482
2535,131,316,873,2242,869,2235,869,49.740482
2536,131,316,873,2242,869,2235,869,49.740482
2537,131,316,873,2242,869,2235,869,49.740482
2538,131,316,873,2242,869,2235,869,49.740482
2539,131,316,873,2242,869,2235,869,49.740482
2540,131,316,873,2242,869,2235,869,49.740482
2541,131,316,873,2242,869,2235,869,49.740482
2542,131,316,873,2242,869,2235,869,49.740482
2543,131,316,873,2242,869,2235,869,49.740482
2544,131,316,873,2242,869,2235,869,49.740482
2545,131,316,873,2242,869,2235,869,49.740482
2546,131,316,873,2242,869,2235,869,49.740482
2547,131,316,873,2242,869,2235,869,49.740482
2548,131,316,873,2242,869,2235,869,49.740482
2549,131,316,873,2242,869,2235,869,49.740482
2550,130,313,873,2242,870,2238,870,49.740482
2551,130,313,873,2242,870,2238,870,49.78254
2552,130,313,873,2242,870,2238,870,49.78254
2553,130,313,873,2242,870,2238,870,49.78254
2554,130,313,873,2242,870,2238,870,49.78254
2555,130,313,873,2242,870,2238,870,49.78254
2556,130,313,873,2242,870,2238,870,49.78254
2557,130,313,873,2242,870,2238,870,49.78254
2558,130,313,873,2242,870,2238,870,49.78254
2559,130,313,873,2242,870,2238,870,49.78254
2560,130,313,873,2242,870,2238,870,49.78254
2561,130,313,873,2242,870,2238,870,49.78254
2562,130,313,873,2242,870,2238,870,49.78254
2563,130,313,873,2242,870,2238,870,49.78254
2564,130,313,873,2242,870,2238,870,49.78254
2565,130,313,873,2242,870,2238,870,49.78254
2566,130,313,874,2246,870,2238,870,49.78254
2567,130,313,874,2246,870,2238,870,49.78254
2568,129,312,874,2246,871,2239,871,49.78254
2569,129,312,874,2246,871,2239,871,49.789883
2570,129,312,874,2246,871,2239,871,49.789883
2571,129,312,874,2246,871,2239,871,49.789883
2572,129,312,874,2246,871,2239,871,49.789883
2573,129,312,874,2246,871,2239,871,49.789883
2574,129,312,874,2246,871,2239,871,49.789883
2575,129,312,874,2246,871,2239,871,49.789883
2576,129,312,874,2246,871,2239,871,49.789883
2577,129,312,874,2246,871,2239,871,49.789883
2578,129,312,874,2246,871,2239,871,49.789883
2579,129,312,874,2246,871,2239,871,49.789883
2580,129,312,874,2246,871,2239,871,49.789883
2581,129,312,874,2246,871,2239,871,49.789883
2582,129,312,874,2246,871,2239,871,49.789883
2583,129,312,874,2246,871,2239,871,49.789883
2584,129,312,874,2246,871,2239,871,49.789883
2585,129,312,875,2247,871,2239,871,49.789883
2586,129,312,875,2247,871,2239,871,49.789883
2587,129,312,875,2247,871,2239,871,49.789883
2588,129,312,875,2247,871,2239,871,49.789883
2589,129,312,875,2247,871,2239,871,49.789883
2590,129,312,875,2247,871,2239,871,49.789883
2591,129,312,875,2247,871,2239,871,49.789883
2592,129,312,876,2248,871,2239,871,49.789883
2593,129,312,877,2253,871,2239,871,49.789883
2594,129,312,877,2253,871,2239,871,49.789883
2595,129,312,877,2253,871,2239,871,49.789883
2596,129,312,877,2253,871,2239,871,49.789883
2597,129,312,877,2253,871,2239,871,49.789883
2598,129,312,877,2253,871,2239,871,49.789883
2599,127,309,877,2253,873,2242,873,49.789883
2600,127,309,877,2253,873,2242,873,49.758415
2601,127,309,877,2253,873,2242,873,49.758415
2602,127,309,877,2253,873,2242,873,49.758415
2603,127,309,877,2253,873,2242,873,49.758415
2604,126,305,877,2253,874,2246,874,49.758415
2605,126,305,877,2253,874,2246,874,49.7374
2606,126,305,877,2253,874,2246,874,49.7374
2607,125,304,877,2253,875,2247,875,49.7374
2608,125,304,877,2253,875,2247,875,49.788612
2609,125,304,877,2253,875,2247,875,49.788612
2610,124,299,877,2253,876,2252,876,49.788612
2611,124,299,877,2253,876,2252,876,49.74759
2612,124,299,877,2253,876,2252,876,49.74759
2613,124,299,877,2253,876,2252,876,49.74759
2614,124,299,877,2253,876,2252,876,49.74759
2615,124,299,877,2253,876,2252,876,49.74759
2616,124,299,877,2253,876,2252,876,49.74759
2617,124,299,877,2253,876,2252,876,49.74759
2618,124,299,877,2253,876,2252,876,49.74759
2619,124,299,877,2253,876,2252,876,49.74759
2620,124,299,877,2253,876,2252,876,49.74759
2621,124,299,877,2253,876,2252,876,49.74759
2622,124,299,877,2253,876,2252,876,49.74759
2623,124,299,877,2253,876,2252,876,49.74759
2624,124,299,877,2253,876,2252,876,49.74759
2625,124,299,877,2253,876,2252,876,49.74759
2626,124,299,877,2253,876,2252,876,49.74759
2627,124,299,877,2253,876,2252,876,49.74759
2628,124,299,877,2253,876,2252,876,49.74759
2629,124,299,877,2253,876,2252,876,49.74759
2630,124,299,877,2253,876,2252,876,49.74759
2631,124,299,878,2254,876,2252,876,49.74759
2632,124,299,878,2254,876,2252,876,49.74759
2633,124,299,878,2254,876,2252,876,49.74759
2634,124,299,878,2254,876,2252,876,49.74759
2635,124,299,878,2254,876,2252,876,49.74759
2636,124,299,878,2254,876,2252,876,49.74759
2637,124,299,878,2254,876,2252,876,49.74759
2638,124,299,878,2254,876,2252,876,49.74759
2639,124,299,878,2254,876,2252,876,49.74759
2640,124,299,878,2254,876,2252,876,49.74759
2641,124,299,878,2254,876,2252,876,49.74759
2642,124,299,878,2254,876,2252,876,49.74759
2643,124,299,878,2254,876,2252,876,49.74759
2644,124,299,878,2254,876,2252,876,49.74759
2645,124,299,878,2254,876,2252,876,49.74759
2646,124,299,878,2254,876,2252,876,49.74759
2647,124,299,878,2254,876,2252,876,49.74759
2648,124,299,878,2254,876,2252,876,49.74759
2649,124,299,878,2254,876,2252,876,49.74759
2650,124,299,878,2254,876,2252,876,49.74759
2651,124,299,878,2254,876,2252,876,49.74759
2652,124,299,878,2254,876,2252,876,49.74759
2653,124,299,878,2254,876,2252,876,49.74759
2654,124,299,878,2254,876,2252,876,49.74759
2655,124,299,878,2254,876,2252,876,49.74759
2656,124,299,878,2254,876,2252,876,49.74759
2657,124,299,878,2254,876,2252,876,49.74759
2658,124,299,878,2254,876,2252,876,49.74759
2659,124,299,878,2254,876,2252,876,49.74759
2660,124,299,878,2254,876,2252,876,49.74759
2661,124,299,878,2254,876,2252,876,49.74759
2662,124,299,878,2254,876,2252,876,49.74759
2663,124,299,878,2254,876,2252,876,49.74759
2664,124,299,878,2254,876,2252,876,49.74759
2665,124,299,878,2254,876,2252,876,49.74759
2666,124,299,878,2254,876,2252,876,49.74759
2667,124,299,878,2254,876,2252,876,49.74759
2668,124,299,878,2254,876,2252,876,49.74759
2669,124,299,879,2259,876,2252,876,49.74759
2670,124,299,879,2259,876,2252,876,49.74759
2671,124,299,879,2259,876,2252,876,49.74759
2672,124,299,879,2259,876,2252,876,49.74759
2673,124,299,879,2259,876,2252,876,49.74759
2674,124,299,879,2259,876,2252,876,49.74759
2675,124,299,879,2259,876,2252,876,49.74759
2676,123,298,879,2259,877,2253,877,49.74759
2677,123,298,879,2259,877,2253,877,49.774815
2678,123,298,879,2259,877,2253,877,49.774815
2679,123,298,879,2259,877,2253,877,49.774815
2680,123,298,879,2259,877,2253,877,49.774815
2681,123,298,879,2259,877,2253,877,49.774815
2682,123,298,879,2259,877,2253,877,49.774815
2683,123,298,879,2259,877,2253,877,49.774815
2684,123,298,879,2259,877,2253,877,49.774815
2685,123,298,880,2261,877,2253,877,49.774815
2686,123,298,880,2261,877,2253,877,49.774815
2687,123,298,880,2261,877,2253,877,49.774815
2688,123,298,880,2261,877,2253,877,49.774815
2689,123,298,880,2261,877,2253,877,49.774815
2690,123,298,880,2261,877,2253,877,49.774815
2691,123,298,880,2261,877,2253,877,49.774815
2692,123,298,880,2261,877,2253,877,49.774815
2693,123,298,881,2264,877,2253,877,49.774815
2694,123,298,881,2264,877,2253,877,49.774815
2695,123,298,881,2264,877,2253,877,49.774815
2696,122,296,881,2264,878,2255,878,49.774815
2697,122,296,882,2269,878,2255,878,49.729797
2698,122,296,882,2269,878,2255,878,49.729797
2699,122,296,882,2269,878,2255,878,49.729797
2700,122,296,882,2269,878,2255,878,49.729797
2701,122,296,882,2269,878,2255,878,49.729797
2702,122,296,882,2269,878,2255,878,49.729797
2703,122,296,882,2269,878,2255,878,49.729797
2704,122,296,882,2269,878,2255,878,49.729797
2705,122,296,882,2269,878,2255,878,49.729797
2706,122,296,882,2269,878,2255,878,49.729797
2707,122,296,882,2269,878,2255,878,49.729797
2708,122,296,882,2269,878,2255,878,49.729797
2709,122,296,882,2269,878,2255,878,49.729797
2710,122,296,882,2269,878,2255,878,49.729797
2711,122,296,882,2269,878,2255,878,49.729797
2712,122,296,882,2269,878,2255,878,49.729797
2713,122,296,882,2269,878,2255,878,49.729797
2714,122,296,882,2269,878,2255,878,49.729797
2715,122,296,882,2269,878,2255,878,49.729797
2716,121,291,882,2269,879,2260,879,49.729797
2717,120,290,882,2269,880,2261,880,49.7183
2718,120,290,882,2269,880,2261,880,49.73604
2719,120,290,882,2269,880,2261,880,49.73604
2720,120,290,882,2269,880,2261,880,49.73604
2721,120,290,882,2269,880,2261,880,49.73604
2722,120,290,882,2269,880,2261,880,49.73604
2723,120,290,882,2269,880,2261,880,49.73604
2724,120,290,882,2269,880,2261,880,49.73604
2725,120,290,882,2269,880,2261,880,49.73604
2726,120,290,882,2269,880,2261,880,49.73604
2727,119,285,882,2269,881,2266,881,49.73604
2728,119,285,882,2269,881,2266,881,49.704334
2729,119,285,882,2269,881,2266,881,49.704334
2730,119,285,882,2269,881,2266,881,49.704334
2731,119,285,882,2269,881,2266,881,49.704334
2732,119,285,882,2269,881,2266,881,49.704334
2733,119,285,882,2269,881,2266,881,49.704334
2734,119,285,882,2269,881,2266,881,49.704334
2735,119,285,882,2269,881,2266,881,49.704334
2736,119,285,882,2269,881,2266,881,49.704334
2737,119,285,882,2269,881,2266,881,49.704334
2738,119,285,882,2269,881,2266,881,49.704334
2739,119,285,882,2269,881,2266,881,49.704334
2740,119,285,882,2269,881,2266,881,49.704334
2741,119,285,882,2269,881,2266,881,49.704334
2742,119,285,882,2269,881,2266,881,49.704334
2743,119,285,882,2269,881,2266,881,49.704334
2744,119,285,882,2269,881,2266,881,49.704334
2745,119,285,882,2269,881,2266,881,49.704334
2746,119,285,882,2269,881,2266,881,49.704334
2747,119,285,882,2269,881,2266,881,49.704334
2748,119,285,883,2270,881,2266,881,49.704334
2749,119,285,883,2270,881,2266,881,49.704334
2750,119,285,883,2270,881,2266,881,49.704334
2751,119,285,883,2270,881,2266,881,49.704334
2752,119,285,883,2270,881,2266,881,49.704334
2753,119,285,883,2270,881,2266,881,49.704334
2754,119,285,883,2270,881,2266,881,49.704334
2755,119,285,883,2270,881,2266,881,49.704334
2756,119,285,883,2270,881,2266,881,49.704334
2757,119,285,883,2270,881,2266,881,49.704334
2758,119,285,883,2270,881,2266,881,49.704334
2759,119,285,883,2270,881,2266,881,49.704334
2760,119,285,884,2271,881,2266,881,49.704334
2761,119,285,884,2271,881,2266,881,49.704334
2762,119,285,884,2271,881,2266,881,49.704334
2763,119,285,884,2271,881,2266,881,49.704334
2764,119,285,884,2271,881,2266,881,49.704334
2765,119,285,884,2271,881,2266,881,49.704334
2766,119,285,884,2271,881,2266,881,49.704334
2767,119,285,884,2271,881,2266,881,49.704334
2768,119,285,884,2271,881,2266,881,49.704334
2769,119,285,884,2271,881,2266,881,49.704334
2770,119,285,884,2271,881,2266,881,49.704334
2771,118,282,884,2271,882,2269,882,49.704334
2772,118,282,884,2271,882,2269,882,49.724636
2773,118,282,884,2271,882,2269,882,49.724636
2774,118,282,884,2271,882,2269,882,49.724636
2775,118,282,884,2271,882,2269,882,49.724636
2776,118,282,884,2271,882,2269,882,49.724636
2777,118,282,884,2271,882,2269,882,49.724636
2778,118,282,884,2271,882,2269,882,49.724636
2779,118,282,884,2271,882,2269,882,49.724636
2780,118,282,884,2271,882,2269,882,49.724636
2781,118,282,884,2271,882,2269,882,49.724636
2782,118,282,884,2271,882,2269,882,49.724636
2783,118,282,884,2271,882,2269,882,49.724636
2784,118,282,884,2271,882,2269,882,49.724636
2785,118,282,885,2275,882,2269,882,49.724636
2786,118,282,885,2275,882,2269,882,49.724636
2787,118,282,886,2278,882,2269,882,49.724636
2788,118,282,886,2278,882,2269,882,49.724636
2789,118,282,886,2278,882,2269,882,49.724636
2790,118,282,886,2278,882,2269,882,49.724636
2791,118,282,886,2278,882,2269,882,49.724636
2792,118,282,886,2278,882,2269,882,49.724636
2793,118,282,886,2278,882,2269,882,49.724636
2794,118,282,886,2278,882,2269,882,49.724636
2795,118,282,886,2278,882,2269,882,49.724636
2796,118,282,886,2278,882,2269,882,49.724636
2797,118,282,886,2278,882,2269,882,49.724636
2798,118,282,886,2278,882,2269,882,49.724636
2799,118,282,886,2278,882,2269,882,49.724636
2800,118,282,886,2278,882,2269,882,49.724636
2801,118,282,886,2278,882,2269,882,49.724636
2802,118,282,886,2278,882,2269,882,49.724636
2803,118,282,886,2278,882,2269,882,49.724636
2804,118,282,886,2278,882,2269,882,49.724636
2805,117,281,886,2278,883,2270,883,49.724636
2806,117,281,886,2278,883,2270,883,49.728813
2807,117,281,886,2278,883,2270,883,49.728813
2808,116,280,886,2278,884,2271,884,49.728813
2809,116,280,886,2278,884,2271,884,49.72633
2810,116,280,886,2278,884,2271,884,49.72633
2811,116,280,886,2278,884,2271,884,49.72633
2812,116,280,886,2278,884,2271,884,49.72633
2813,116,280,886,2278,884,2271,884,49.72633
2814,116,280,886,2278,884,2271,884,49.72633
2815,116,280,886,2278,884,2271,884,49.72633
2816,116,280,886,2278,884,2271,884,49.72633
2817,116,280,886,2278,884,2271,884,49.72633
2818,116,280,886,2278,884,2271,884,49.72633
2819,116,280,886,2278,884,2271,884,49.72633
2820,116,280,886,2278,884,2271,884,49.72633
2821,116,280,886,2278,884,2271,884,49.72633
2822,116,280,886,2278,884,2271,884,49.72633
2823,116,280,886,2278,884,2271,884,49.72633
2824,116,280,886,2278,884,2271,884,49.72633
2825,116,280,886,2278,884,2271,884,49.72633
2826,115,276,886,2278,885,2275,885,49.72633
2827,115,276,886,2278,885,2275,885,49.712673
2828,115,276,886,2278,885,2275,885,49.712673
2829,115,276,886,2278,885,2275,885,49.712673
2830,115,276,886,2278,885,2275,885,49.712673
2831,115,276,886,2278,885,2275,885,49.712673
2832,115,276,886,2278,885,2275,885,49.712673
2833,115,276,887,2279,885,2275,885,49.712673
2834,115,276,887,2279,885,2275,885,49.712673
2835,115,276,887,2279,885,2275,885,49.712673
2836,115,276,887,2279,885,2275,885,49.712673
2837,115,276,887,2279,885,2275,885,49.712673
2838,115,276,887,2279,885,2275,885,49.712673
2839,115,276,887,2279,885,2275,885,49.712673
2840,115,276,887,2279,885,2275,885,49.712673
2841,115,276,887,2279,885,2275,885,49.712673
2842,115,276,887,2279,885,2275,885,49.712673
2843,115,276,888,2283,885,2275,885,49.712673
2844,115,276,888,2283,885,2275,885,49.712673
2845,115,276,889,2284,885,2275,885,49.712673
2846,115,276,889,2284,885,2275,885,49.712673
2847,115,276,889,2284,885,2275,885,49.712673
2848,115,276,889,2284,885,2275,885,49.712673
2849,115,276,889,2284,885,2275,885,49.712673
2850,115,276,889,2284,885,2275,885,49.712673
2851,115,276,889,2284,885,2275,885,49.712673
2852,115,276,889,2284,885,2275,885,49.712673
2853,115,276,889,2284,885,2275,885,49.712673
2854,115,276,889,2284,885,2275,885,49.712673
2855,115,276,889,2284,885,2275,885,49.712673
2856,115,276,889,2284,885,2275,885,49.712673
2857,115,276,889,2284,885,2275,885,49.712673
2858,114,273,889,2284,886,2278,886,49.712673
2859,114,273,889,2284,886,2278,886,49.71491
2860,114,273,889,2284,886,2278,886,49.71491
2861,114,273,889,2284,886,2278,886,49.71491
2862,114,273,889,2284,886,2278,886,49.71491
2863,114,273,889,2284,886,2278,886,49.71491
2864,114,273,889,2284,886,2278,886,49.71491
2865,114,273,889,2284,886,2278,886,49.71491
2866,114,273,889,2284,886,2278,886,49.71491
2867,114,273,889,2284,886,2278,886,49.71491
2868,114,273,889,2284,886,2278,886,49.71491
2869,114,273,889,2284,886,2278,886,49.71491
2870,114,273,889,2284,886,2278,886,49.71491
2871,113,272,889,2284,887,2279,887,49.71491
2872,113,272,889,2284,887,2279,887,49.685665
2873,113,272,889,2284,887,2279,887,49.685665
2874,113,272,889,2284,887,2279,887,49.685665
2875,113,272,889,2284,887,2279,887,49.685665
2876,113,272,889,2284,887,2279,887,49.685665
2877,113,272,889,2284,887,2279,887,49.685665
2878,113,272,889,2284,887,2279,887,49.685665
2879,113,272,889,2284,887,2279,887,49.685665
2880,113,272,889,2284,887,2279,887,49.685665
2881,113,272,889,2284,887,2279,887,49.685665
2882,113,272,889,2284,887,2279,887,49.685665
2883,113,272,889,2284,887,2279,887,49.685665
2884,113,272,889,2284,887,2279,887,49.685665
2885,113,272,889,2284,887,2279,887,49.685665
2886,113,272,890,2285,887,2279,887,49.685665
2887,112,268,890,2285,888,2283,888,49.685665
2888,112,268,890,2285,888,2283,888,49.676
2889,112,268,890,2285,888,2283,888,49.676
2890,112,268,890,2285,888,2283,888,49.676
2891,112,268,890,2285,888,2283,888,49.676
2892,112,268,890,2285,888,2283,888,49.676
2893,112,268,890,2285,888,2283,888,49.676
2894,112,268,890,2285,888,2283,888,49.676
2895,112,268,890,2285,888,2283,888,49.676
2896,112,268,890,2285,888,2283,888,49.676
2897,112,268,890,2285,888,2283,888,49.676
2898,112,268,890,2285,888,2283,888,49.676
2899,112,268,890,2285,888,2283,888,49.676
2900,111,267,890,2285,889,2284,889,49.676
2901,111,267,890,2285,889,2284,889,49.689545
2902,111,267,890,2285,889,2284,889,49.689545
2903,111,267,890,2285,889,2284,889,49.689545
2904,111,267,890,2285,889,2284,889,49.689545
2905,111,267,890,2285,889,2284,889,49.689545
2906,111,267,890,2285,889,2284,889,49.689545
2907,111,267,890,2285,889,2284,889,49.689545
2908,111,267,890,2285,889,2284,889,49.689545
2909,111,267,890,2285,889,2284,889,49.689545
2910,111,267,890,2285,889,2284,889,49.689545
2911,111,267,890,2285,889,2284,889,49.689545
2912,111,267,890,2285,889,2284,889,49.689545
2913,111,267,890,2285,889,2284,889,49.689545
2914,111,267,890,2285,889,2284,889,49.689545
2915,111,267,890,2285,889,2284,889,49.689545
2916,111,267,890,2285,889,2284,889,49.689545
2917,111,267,890,2285,889,2284,889,49.689545
2918,111,267,890,2285,889,2284,889,49.689545
2919,111,267,890,2285,889,2284,889,49.689545
2920,111,267,890,2285,889,2284,889,49.689545
2921,111,267,890,2285,889,2284,889,49.689545
2922,111,267,890,2285,889,2284,889,49.689545
2923,111,267,890,2285,889,2284,889,49.689545
2924,111,267,890,2285,889,2284,889,49.689545
2925,111,267,890,2285,889,2284,889,49.689545
2926,111,267,890,2285,889,2284,889,49.689545
2927,111,267,890,2285,889,2284,889,49.689545
2928,111,267,890,2285,889,2284,889,49.689545
2929,111,267,890,2285,889,2284,889,49.689545
2930,111,267,890,2285,889,2284,889,49.689545
2931,111,267,890,2285,889,2284,889,49.689545
2932,111,267,890,2285,889,2284,889,49.689545
2933,111,267,890,2285,889,2284,889,49.689545
2934,111,267,890,2285,889,2284,889,49.689545
2935,111,267,890,2285,889,2284,889,49.689545
2936,111,267,890,2285,889,2284,889,49.689545
2937,111,267,890,2285,889,2284,889,49.689545
2938,111,267,890,2285,889,2284,889,49.689545
2939,111,267,890,2285,889,2284,889,49.689545
2940,111,267,890,2285,889,2284,889,49.689545
2941,111,267,890,2285,889,2284,889,49.689545
2942,111,267,890,2285,889,2284,889,49.689545
2943,111,267,890,2285,889,2284,889,49.689545
2944,111,267,890,2285,889,2284,889,49.689545
2945,111,267,890,2285,889,2284,889,49.689545
2946,111,267,890,2285,889,2284,889,49.689545
2947,111,267,890,2285,889,2284,889,49.689545
2948,111,267,890,2285,889,2284,889,49.689545
2949,111,267,890,2285,889,2284,889,49.689545
2950,111,267,890,2285,889,2284,889,49.689545
2951,111,267,890,2285,889,2284,889,49.689545
2952,111,267,890,2285,889,2284,889,49.689545
2953,111,267,891,2290,889,2284,889,49.689545
2954,111,267,891,2290,889,2284,889,49.689545
2955,111,267,891,2290,889,2284,889,49.689545
2956,111,267,891,2290,889,2284,889,49.689545
2957,111,267,892,2293,889,2284,889,49.689545
2958,111,267,892,2293,889,2284,889,49.689545
2959,111,267,892,2293,889,2284,889,49.689545
2960,111,267,892,2293,889,2284,889,49.689545
2961,111,267,892,2293,889,2284,889,49.689545
2962,111,267,892,2293,889,2284,889,49.689545
2963,111,267,892,2293,889,2284,889,49.689545
2964,111,267,892,2293,889,2284,889,49.689545
2965,111,267,892,2293,889,2284,889,49.689545
2966,111,267,892,2293,889,2284,889,49.689545
2967,111,267,892,2293,889,2284,889,49.689545
2968,111,267,892,2293,889,2284,889,49.689545
2969,111,267,892,2293,889,2284,889,49.689545
2970,111,267,892,2293,889,2284,889,49.689545
2971,111,267,892,2293,889,2284,889,49.689545
2972,111,267,892,2293,889,2284,889,49.689545
2973,111,267,892,2293,889,2284,889,49.689545
2974,111,267,892,2293,889,2284,889,49.689545
2975,111,267,892,2293,889,2284,889,49.689545
2976,111,267,892,2293,889,2284,889,49.689545
2977,111,267,892,2293,889,2284,889,49.689545
2978,111,267,892,2293,889,2284,889,49.689545
2979,111,267,892,2293,889,2284,889,49.689545
2980,111,267,892,2293,889,2284,889,49.689545
2981,110,262,892,2293,890,2289,890,49.689545
2982,110,262,892,2293,890,2289,890,49.66136
2983,110,262,892,2293,890,2289,890,49.66136
2984,110,262,892,2293,890,2289,890,49.66136
2985,110,262,892,2293,890,2289,890,49.66136
2986,110,262,892,2293,890,2289,890,49.66136
2987,110,262,892,2293,890,2289,890,49.66136
2988,110,262,892,2293,890,2289,890,49.66136
2989,110,262,892,2293,890,2289,890,49.66136
2990,110,262,892,2293,890,2289,890,49.66136
2991,110,262,892,2293,890,2289,890,49.66136
2992,110,262,892,2293,890,2289,890,49.66136
2993,110,262,892,2293,890,2289,890,49.66136
2994,110,262,893,2298,890,2289,890,49.66136
2995,110,262,893,2298,890,2289,890,49.66136
2996,109,261,893,2298,891,2290,891,49.66136
2997,109,261,893,2298,891,2290,891,49.71031
2998,109,261,893,2298,891,2290,891,49.71031
2999,109,261,893,2298,891,2290,891,49.71031
3000,109,261,893,2298,891,2290,891,49.71031
3001,109,261,893,2298,891,2290,891,49.71031
3002,109,261,893,2298,891,2290,891,49.71031
3003,109,261,893,2298,891,2290,891,49.71031
3004,109,261,893,2298,891,2290,891,49.71031
3005,109,261,893,2298,891,2290,891,49.71031
3006,109,261,893,2298,891,2290,891,49.71031
3007,109,261,893,2298,891,2290,891,49.71031
3008,109,261,893,2298,891,2290,891,49.71031
3009,109,261,893,2298,891,2290,891,49.71031
3010,109,261,893,2298,891,2290,891,49.71031
3011,109,261,893,2298,891,2290,891,49.71031
3012,109,261,893,2298,891,2290,891,49.71031
3013,109,261,893,2298,891,2290,891,49.71031
3014,109,261,893,2298,891,2290,891,49.71031
3015,109,261,893,2298,891,2290,891,49.71031
3016,109,261,893,2298,891,2290,891,49.71031
3017,109,261,893,2298,891,2290,891,49.71031
3018,109,261,894,2300,891,2290,891,49.71031
3019,109,261,894,2300,891,2290,891,49.71031
3020,109,261,894,2300,891,2290,891,49.71031
3021,109,261,894,2300,891,2290,891,49.71031
3022,109,261,894,2300,891,2290,891,49.71031
3023,109,261,894,2300,891,2290,891,49.71031
3024,109,261,894,2300,891,2290,891,49.71031
3025,109,261,894,2300,891,2290,891,49.71031
3026,108,258,894,2300,892,2293,892,49.71031
3027,108,258,894,2300,892,2293,892,49.71462
3028,107,253,894,2300,893,2298,893,49.71462
3029,107,253,894,2300,893,2298,893,49.688538
3030,107,253,894,2300,893,2298,893,49.688538
3031,107,253,894,2300,893,2298,893,49.688538
3032,107,253,895,2303,893,2298,893,49.688538
3033,107,253,895,2303,893,2298,893,49.688538
3034,107,253,895,2303,893,2298,893,49.688538
3035,107,253,895,2303,893,2298,893,49.688538
3036,107,253,895,2303,893,2298,893,49.688538
3037,107,253,895,2303,893,2298,893,49.688538
3038,107,253,895,2303,893,2298,893,49.688538
3039,107,253,895,2303,893,2298,893,49.688538
3040,107,253,895,2303,893,2298,893,49.688538
3041,107,253,895,2303,893,2298,893,49.688538
3042,107,253,895,2303,893,2298,893,49.688538
3043,107,253,895,2303,893,2298,893,49.688538
3044,107,253,895,2303,893,2298,893,49.688538
3045,107,253,895,2303,893,2298,893,49.688538
3046,107,253,895,2303,893,2298,893,49.688538
3047,107,253,895,2303,893,2298,893,49.688538
3048,107,253,895,2303,893,2298,893,49.688538
3049,107,253,895,2303,893,2298,893,49.688538
3050,107,253,895,2303,893,2298,893,49.688538
3051,107,253,895,2303,893,2298,893,49.688538
3052,107,253,895,2303,893,2298,893,49.688538
3053,107,253,895,2303,893,2298,893,49.688538
3054,107,253,895,2303,893,2298,893,49.688538
3055,107,253,895,2303,893,2298,893,49.688538
3056,107,253,895,2303,893,2298,893,49.688538
3057,107,253,895,2303,893,2298,893,49.688538
3058,106,251,895,2303,894,2300,894,49.688538
3059,106,251,895,2303,894,2300,894,49.67494
3060,106,251,895,2303,894,2300,894,49.67494
3061,106,251,895,2303,894,2300,894,49.67494
3062,106,251,895,2303,894,2300,894,49.67494
3063,106,251,895,2303,894,2300,894,49.67494
3064,106,251,895,2303,894,2300,894,49.67494
3065,106,251,895,2303,894,2300,894,49.67494
3066,106,251,895,2303,894,2300,894,49.67494
3067,106,251,895,2303,894,2300,894,49.67494
3068,106,251,895,2303,894,2300,894,49.67494
3069,106,251,895,2303,894,2300,894,49.67494
3070,106,251,895,2303,894,2300,894,49.67494
3071,106,251,895,2303,894,2300,894,49.67494
3072,106,251,895,2303,894,2300,894,49.67494
3073,106,251,895,2303,894,2300,894,49.67494
3074,106,251,895,2303,894,2300,894,49.67494
3075,106,251,895,2303,894,2300,894,49.67494
3076,106,251,895,2303,894,2300,894,49.67494
3077,106,251,895,2303,894,2300,894,49.67494
3078,106,251,895,2303,894,2300,894,49.67494
3079,106,251,895,2303,894,2300,894,49.67494
3080,106,251,896,2305,894,2300,894,49.67494
3081,106,251,896,2305,894,2300,894,49.67494
3082,106,251,896,2305,894,2300,894,49.67494
3083,106,251,896,2305,894,2300,894,49.67494
3084,106,251,896,2305,894,2300,894,49.67494
3085,106,251,896,2305,894,2300,894,49.67494
3086,106,251,896,2305,894,2300,894,49.67494
3087,106,251,896,2305,894,2300,894,49.67494
3088,106,251,897,2306,894,2300,894,49.67494
3089,106,251,897,2306,894,2300,894,49.67494
3090,106,251,897,2306,894,2300,894,49.67494
3091,106,251,897,2306,894,2300,894,49.67494
3092,106,251,897,2306,894,2300,894,49.67494
3093,106,251,897,2306,894,2300,894,49.67494
3094,106,251,897,2306,894,2300,894,49.67494
3095,106,251,897,2306,894,2300,894,49.67494
3096,106,251,897,2306,894,2300,894,49.67494
3097,106,251,897,2306,894,2300,894,49.67494
3098,106,251,897,2306,894,2300,894,49.67494
3099,106,251,897,2306,894,2300,894,49.67494
3100,106,251,897,2306,894,2300,894,49.67494
3101,106,251,897,2306,894,2300,894,49.67494
3102,105,248,897,2306,895,2303,895,49.67494
3103,105,248,897,2306,895,2303,895,49.684765
3104,105,248,897,2306,895,2303,895,49.684765
3105,105,248,897,2306,895,2303,895,49.684765
3106,105,248,897,2306,895,2303,895,49.684765
3107,105,248,897,2306,895,2303,895,49.684765
3108,105,248,897,2306,895,2303,895,49.684765
3109,105,248,897,2306,895,2303,895,49.684765
3110,105,248,897,2306,895,2303,895,49.684765
3111,105,248,897,2306,895,2303,895,49.684765
3112,105,248,897,2306,895,2303,895,49.684765
3113,105,248,897,2306,895,2303,895,49.684765
3114,104,247,897,2306,896,2304,896,49.684765
3115,104,247,897,2306,896,2304,896,49.6518
3116,104,247,897,2306,896,2304,896,49.6518
3117,104,247,897,2306,896,2304,896,49.6518
3118,104,247,897,2306,896,2304,896,49.6518
3119,104,247,897,2306,896,2304,896,49.6518
3120,104,247,897,2306,896,2304,896,49.6518
3121,104,247,897,2306,896,2304,896,49.6518
3122,104,247,897,2306,896,2304,896,49.6518
3123,104,247,897,2306,896,2304,896,49.6518
3124,104,247,897,2306,896,2304,896,49.6518
3125,104,247,897,2306,896,2304,896,49.6518
3126,104,247,897,2306,896,2304,896,49.6518
3127,104,247,897,2306,896,2304,896,49.6518
3128,103,245,897,2306,897,2306,897,49.6518
3129,103,245,897,2306,897,2306,897,49.63399
3130,103,245,897,2306,897,2306,897,49.63399
3131,103,245,897,2306,897,2306,897,49.63399
3132,103,245,897,2306,897,2306,897,49.63399
3133,103,245,897,2306,897,2306,897,49.63399
3134,103,245,897,2306,897,2306,897,49.63399
3135,103,245,897,2306,897,2306,897,49.63399
3136,103,245,897,2306,897,2306,897,49.63399
3137,103,245,897,2306,897,2306,897,49.63399
3138,103,245,897,2306,897,2306,897,49.63399
3139,103,245,897,2306,897,2306,897,49.63399
3140,103,245,897,2306,897,2306,897,49.63399
3141,103,245,897,2306,897,2306,897,49.63399
3142,103,245,897,2306,897,2306,897,49.63399
3143,103,245,897,2306,897,2306,897,49.63399
3144,103,245,897,2306,897,2306,897,49.63399
3145,103,245,897,2306,897,2306,897,49.63399
3146,103,245,897,2306,897,2306,897,49.63399
3147,103,245,897,2306,897,2306,897,49.63399
3148,103,245,897,2306,897,2306,897,49.63399
3149,103,245,897,2306,897,2306,897,49.63399
3150,103,245,897,2306,897,2306,897,49.63399
3151,103,245,897,2306,897,2306,897,49.63399
3152,103,245,897,2306,897,2306,897,49.63399
3153,103,245,897,2306,897,2306,897,49.63399
3154,103,245,897,2306,897,2306,897,49.63399
3155,103,245,897,2306,897,2306,897,49.63399
3156,103,245,897,2306,897,2306,897,49.63399
3157,103,245,897,2306,897,2306,897,49.63399
3158,103,245,898,2308,897,2306,897,49.63399
3159,103,245,898,2308,897,2306,897,49.63399
3160,103,245,898,2308,897,2306,897,49.63399
3161,103,245,898,2308,897,2306,897,49.63399
3162,103,245,898,2308,897,2306,897,49.63399
3163,103,245,898,2308,897,2306,897,49.63399
3164,103,245,898,2308,897,2306,897,49.63399
3165,103,245,898,2308,897,2306,897,49.63399
3166,103,245,898,2308,897,2306,897,49.63399
3167,103,245,898,2308,897,2306,897,49.63399
3168,103,245,898,2308,897,2306,897,49.63399
3169,103,245,898,2308,897,2306,897,49.63399
3170,103,245,898,2308,897,2306,897,49.63399
3171,103,245,898,2308,897,2306,897,49.63399
3172,103,245,898,2308,897,2306,897,49.63399
3173,103,245,898,2308,897,2306,897,49.63399
3174,103,245,898,2308,897,2306,897,49.63399
3175,103,245,899,2311,897,2306,897,49.63399
3176,103,245,899,2311,897,2306,897,49.63399
3177,103,245,899,2311,897,2306,897,49.63399
3178,103,245,899,2311,897,2306,897,49.63399
3179,103,245,899,2311,897,2306,897,49.63399
3180,103,245,899,2311,897,2306,897,49.63399
3181,103,245,899,2311,897,2306,897,49.63399
3182,103,245,899,2311,897,2306,897,49.63399
3183,103,245,899,2311,897,2306,897,49.63399
3184,103,245,899,2311,897,2306,897,49.63399
3185,103,245,899,2311,897,2306,897,49.63399
3186,103,245,899,2311,897,2306,897,49.63399
3187,103,245,900,2312,897,2306,897,49.63399
3188,103,245,901,2315,897,2306,897,49.63399
3189,103,245,901,2315,897,2306,897,49.63399
3190,103,245,901,2315,897,2306,897,49.63399
3191,103,245,901,2315,897,2306,897,49.63399
3192,103,245,901,2315,897,2306,897,49.63399
3193,103,245,901,2315,897,2306,897,49.63399
3194,103,245,901,2315,897,2306,897,49.63399
3195,103,245,901,2315,897,2306,897,49.63399
3196,103,245,901,2315,897,2306,897,49.63399
3197,103,245,901,2315,897,2306,897,49.63399
3198,103,245,901,2315,897,2306,897,49.63399
3199,103,245,901,2315,897,2306,897,49.63399
3200,103,245,901,2315,897,2306,897,49.63399
3201,103,245,901,2315,897,2306,897,49.63399
3202,103,245,901,2315,897,2306,897,49.63399
3203,103,245,901,2315,897,2306,897,49.63399
3204,103,245,901,2315,897,2306,897,49.63399
3205,103,245,901,2315,897,2306,897,49.63399
3206,103,245,901,2315,897,2306,897,49.63399
3207,103,245,901,2315,897,2306,897,49.63399
3208,103,245,901,2315,897,2306,897,49.63399
3209,103,245,901,2315,897,2306,897,49.63399
3210,103,245,901,2315,897,2306,897,49.63399
3211,103,245,901,2315,897,2306,897,49.63399
3212,103,245,901,2315,897,2306,897,49.63399
3213,103,245,901,2315,897,2306,897,49.63399
3214,103,245,901,2315,897,2306,897,49.63399
3215,103,245,901,2315,897,2306,897,49.63399
3216,102,242,901,2315,898,2309,898,49.63399
3217,102,242,902,2316,898,2309,898,49.61205
3218,102,242,902,2316,898,2309,898,49.61205
3219,102,242,902,2316,898,2309,898,49.61205
3220,102,242,902,2316,898,2309,898,49.61205
3221,102,242,902,2316,898,2309,898,49.61205
3222,102,242,902,2316,898,2309,898,49.61205
3223,102,242,902,2316,898,2309,898,49.61205
3224,102,242,902,2316,898,2309,898,49.61205
3225,102,242,902,2316,898,2309,898,49.61205
3226,102,242,902,2316,898,2309,898,49.61205
3227,102,242,902,2316,898,2309,898,49.61205
3228,102,242,902,2316,898,2309,898,49.61205
3229,102,242,902,2316,898,2309,898,49.61205
3230,102,242,902,2316,898,2309,898,49.61205
3231,102,242,902,2316,898,2309,898,49.61205
3232,102,242,902,2316,898,2309,898,49.61205
3233,102,242,902,2316,898,2309,898,49.61205
3234,102,242,902,2316,898,2309,898,49.61205
3235,102,242,902,2316,898,2309,898,49.61205
3236,102,242,902,2316,898,2309,898,49.61205
3237,102,242,902,2316,898,2309,898,49.61205
3238,102,242,902,2316,898,2309,898,49.61205
3239,102,242,902,2316,898,2309,898,49.61205
3240,102,242,902,2316,898,2309,898,49.61205
3241,102,242,902,2316,898,2309,898,49.61205
3242,102,242,902,2316,898,2309,898,49.61205
3243,102,242,902,2316,898,2309,898,49.61205
3244,102,242,902,2316,898,2309,898,49.61205
3245,102,242,902,2316,898,2309,898,49.61205
3246,102,242,902,2316,898,2309,898,49.61205
3247,102,242,902,2316,898,2309,898,49.61205
3248,102,242,902,2316,898,2309,898,49.61205
3249,101,239,902,2316,899,2312,899,49.61205
3250,101,239,902,2316,899,2312,899,49.607006
3251,101,239,902,2316,899,2312,899,49.607006
3252,101,239,902,2316,899,2312,899,49.607006
3253,101,239,902,2316,899,2312,899,49.607006
3254,101,239,902,2316,899,2312,899,49.607006
3255,101,239,902,2316,899,2312,899,49.607006
3256,101,239,903,2319,899,2312,899,49.607006
3257,101,239,903,2319,899,2312,899,49.607006
3258,101,239,904,2320,899,2312,899,49.607006
3259,99,236,904,2320,901,2315,901,49.607006
3260,98,235,904,2320,902,2316,902,49.636425
3261,98,235,904,2320,902,2316,902,49.649967
3262,98,235,904,2320,902,2316,902,49.649967
3263,98,235,904,2320,902,2316,902,49.649967
3264,98,235,904,2320,902,2316,902,49.649967
3265,98,235,904,2320,902,2316,902,49.649967
3266,98,235,904,2320,902,2316,902,49.649967
3267,98,235,904,2320,902,2316,902,49.649967
3268,98,235,904,2320,902,2316,902,49.649967
3269,98,235,904,2320,902,2316,902,49.649967
3270,98,235,904,2320,902,2316,902,49.649967
3271,98,235,904,2320,902,2316,902,49.649967
3272,98,235,904,2320,902,2316,902,49.649967
3273,98,235,904,2320,902,2316,902,49.649967
3274,98,235,904,2320,902,2316,902,49.649967
3275,98,235,904,2320,902,2316,902,49.649967
3276,98,235,904,2320,902,2316,902,49.649967
3277,98,235,904,2320,902,2316,902,49.649967
3278,98,235,904,2320,902,2316,902,49.649967
3279,98,235,904,2320,902,2316,902,49.649967
3280,98,235,905,2321,902,2316,902,49.649967
3281,98,235,905,2321,902,2316,902,49.649967
3282,98,235,905,2321,902,2316,902,49.649967
3283,98,235,905,2321,902,2316,902,49.649967
3284,98,235,906,2324,902,2316,902,49.649967
3285,98,235,906,2324,902,2316,902,49.649967
3286,98,235,906,2324,902,2316,902,49.649967
3287,98,235,906,2324,902,2316,902,49.649967
3288,98,235,906,2324,902,2316,902,49.649967
3289,98,235,906,2324,902,2316,902,49.649967
3290,98,235,906,2324,902,2316,902,49.649967
3291,98,235,906,2324,902,2316,902,49.649967
3292,98,235,906,2324,902,2316,902,49.649967
3293,98,235,906,2324,902,2316,902,49.649967
3294,98,235,906,2324,902,2316,902,49.649967
3295,98,235,906,2324,902,2316,902,49.649967
3296,98,235,906,2324,902,2316,902,49.649967
3297,98,235,906,2324,902,2316,902,49.649967
3298,98,235,906,2324,902,2316,902,49.649967
3299,98,235,906,2324,902,2316,902,49.649967
3300,98,235,906,2324,902,2316,902,49.649967
3301,98,235,906,2324,902,2316,902,49.649967
3302,98,235,906,2324,902,2316,902,49.649967
3303,98,235,907,2328,902,2316,902,49.649967
3304,98,235,907,2328,902,2316,902,49.649967
3305,98,235,907,2328,902,2316,902,49.649967
3306,98,235,907,2328,902,2316,902,49.649967
3307,98,235,907,2328,902,2316,902,49.649967
3308,97,234,907,2328,903,2317,903,49.649967
3309,97,234,907,2328,903,2317,903,49.64634
3310,97,234,907,2328,903,2317,903,49.64634
3311,96,231,907,2328,904,2320,904,49.64634
3312,96,231,907,2328,904,2320,904,49.644146
3313,96,231,907,2328,904,2320,904,49.644146
3314,96,231,907,2328,904,2320,904,49.644146
3315,96,231,907,2328,904,2320,904,49.644146
3316,96,231,908,2333,904,2320,904,49.644146
3317,96,231,908,2333,904,2320,904,49.644146
3318,96,231,909,2336,904,2320,904,49.644146
3319,95,230,909,2336,905,2321,905,49.644146
3320,95,230,909,2336,905,2321,905,49.63117
3321,95,230,909,2336,905,2321,905,49.63117
3322,95,230,909,2336,905,2321,905,49.63117
3323,95,230,909,2336,905,2321,905,49.63117
3324,95,230,909,2336,905,2321,905,49.63117
3325,95,230,909,2336,905,2321,905,49.63117
3326,95,230,909,2336,905,2321,905,49.63117
3327,95,230,909,2336,905,2321,905,49.63117
3328,95,230,909,2336,905,2321,905,49.63117
3329,95,230,909,2336,905,2321,905,49.63117
3330,95,230,909,2336,905,2321,905,49.63117
3331,95,230,909,2336,905,2321,905,49.63117
3332,95,230,909,2336,905,2321,905,49.63117
3333,95,230,909,2336,905,2321,905,49.63117
3334,95,230,909,2336,905,2321,905,49.63117
3335,95,230,909,2336,905,2321,905,49.63117
3336,95,230,909,2336,905,2321,905,49.63117
3337,95,230,909,2336,905,2321,905,49.63117
3338,95,230,909,2336,905,2321,905,49.63117
3339,95,230,909,2336,905,2321,905,49.63117
3340,95,230,909,2336,905,2321,905,49.63117
3341,95,230,909,2336,905,2321,905,49.63117
3342,95,230,909,2336,905,2321,905,49.63117
3343,95,230,909,2336,905,2321,905,49.63117
3344,95,230,909,2336,905,2321,905,49.63117
3345,95,230,909,2336,905,2321,905,49.63117
3346,95,230,909,2336,905,2321,905,49.63117
3347,95,230,909,2336,905,2321,905,49.63117
3348,95,230,909,2336,905,2321,905,49.63117
3349,95,230,909,2336,905,2321,905,49.63117
3350,95,230,909,2336,905,2321,905,49.63117
3351,95,230,909,2336,905,2321,905,49.63117
3352,95,230,909,2336,905,2321,905,49.63117
3353,95,230,909,2336,905,2321,905,49.63117
3354,95,230,909,2336,905,2321,905,49.63117
3355,95,230,909,2336,905,2321,905,49.63117
3356,95,230,909,2336,905,2321,905,49.63117
3357,95,230,909,2336,905,2321,905,49.63117
3358,95,230,909,2336,905,2321,905,49.63117
3359,95,230,909,2336,905,2321,905,49.63117
3360,95,230,909,2336,905,2321,905,49.63117
3361,95,230,909,2336,905,2321,905,49.63117
3362,95,230,910,2340,905,2321,905,49.63117
3363,94,227,910,2340,906,2324,906,49.63117
3364,94,227,910,2340,906,2324,906,49.656746
3365,94,227,910,2340,906,2324,906,49.656746
3366,92,218,910,2340,908,2333,908,49.656746
3367,92,218,910,2340,908,2333,908,49.65426
3368,91,214,910,2340,909,2337,909,49.65426
3369,91,214,910,2340,909,2337,909,49.605682
3370,90,211,910,2340,910,2340,910,49.605682
3371,90,211,910,2340,910,2340,910,49.602898
3372,90,211,910,2340,910,2340,910,49.602898
3373,90,211,910,2340,910,2340,910,49.602898
3374,90,211,910,2340,910,2340,910,49.602898
3375,90,211,911,2343,910,2340,910,49.602898
3376,90,211,911,2343,910,2340,910,49.602898
3377,90,211,911,2343,910,2340,910,49.602898
3378,90,211,911,2343,910,2340,910,49.602898
3379,90,211,911,2343,910,2340,910,49.602898
3380,90,211,911,2343,910,2340,910,49.602898
3381,90,211,911,2343,910,2340,910,49.602898
3382,90,211,911,2343,910,2340,910,49.602898
3383,90,211,911,2343,910,2340,910,49.602898
3384,90,211,911,2343,910,2340,910,49.602898
3385,90,211,911,2343,910,2340,910,49.602898
3386,90,211,911,2343,910,2340,910,49.602898
3387,90,211,911,2343,910,2340,910,49.602898
3388,90,211,912,2345,910,2340,910,49.602898
3389,90,211,912,2345,910,2340,910,49.602898
3390,90,211,912,2345,910,2340,910,49.602898
3391,90,211,912,2345,910,2340,910,49.602898
3392,90,211,912,2345,910,2340,910,49.602898
3393,90,211,912,2345,910,2340,910,49.602898
3394,90,211,912,2345,910,2340,910,49.602898
3395,90,211,912,2345,910,2340,910,49.602898
3396,90,211,912,2345,910,2340,910,49.602898
3397,90,211,912,2345,910,2340,910,49.602898
3398,90,211,912,2345,910,2340,910,49.602898
3399,90,211,912,2345,910,2340,910,49.602898
3400,90,211,912,2345,910,2340,910,49.602898
3401,90,211,912,2345,910,2340,910,49.602898
3402,90,211,912,2345,910,2340,910,49.602898
3403,90,211,912,2345,910,2340,910,49.602898
3404,90,211,912,2345,910,2340,910,49.602898
3405,90,211,912,2345,910,2340,910,49.602898
3406,90,211,912,2345,910,2340,910,49.602898
3407,90,211,912,2345,910,2340,910,49.602898
3408,89,208,913,2346,911,2343,911,49.602898
3409,89,208,913,2346,911,2343,911,49.57771
3410,89,208,913,2346,911,2343,911,49.57771
3411,89,208,913,2346,911,2343,911,49.57771
3412,89,208,913,2346,911,2343,911,49.57771
3413,89,208,913,2346,911,2343,911,49.57771
3414,89,208,913,2346,911,2343,911,49.57771
3415,89,208,913,2346,911,2343,911,49.57771
3416,89,208,913,2346,911,2343,911,49.57771
3417,89,208,913,2346,911,2343,911,49.57771
3418,89,208,913,2346,911,2343,911,49.57771
3419,89,208,913,2346,911,2343,911,49.57771
3420,89,208,913,2346,911,2343,911,49.57771
3421,89,208,913,2346,911,2343,911,49.57771
3422,89,208,913,2346,911,2343,911,49.57771
3423,89,208,913,2346,911,2343,911,49.57771
3424,89,208,913,2346,911,2343,911,49.57771
3425,89,208,913,2346,911,2343,911,49.57771
3426,89,208,913,2346,911,2343,911,49.57771
3427,89,208,913,2346,911,2343,911,49.57771
3428,89,208,913,2346,911,2343,911,49.57771
3429,89,208,913,2346,911,2343,911,49.57771
3430,89,208,913,2346,911,2343,911,49.57771
3431,89,208,913,2346,911,2343,911,49.57771
3432,89,208,913,2346,911,2343,911,49.57771
3433,89,208,913,2346,911,2343,911,49.57771
3434,88,207,913,2346,912,2344,912,49.57771
3435,88,207,913,2346,912,2344,912,49.55069
3436,88,207,913,2346,912,2344,912,49.55069
3437,88,207,913,2346,912,2344,912,49.55069
3438,88,207,913,2346,912,2344,912,49.55069
3439,88,207,913,2346,912,2344,912,49.55069
3440,88,207,913,2346,912,2344,912,49.55069
3441,88,207,913,2346,912,2344,912,49.55069
3442,88,207,913,2346,912,2344,912,49.55069
3443,88,207,913,2346,912,2344,912,49.55069
3444,88,207,913,2346,912,2344,912,49.55069
3445,88,207,913,2346,912,2344,912,49.55069
3446,88,207,913,2346,912,2344,912,49.55069
3447,88,207,913,2346,912,2344,912,49.55069
3448,88,207,913,2346,912,2344,912,49.55069
3449,88,207,913,2346,912,2344,912,49.55069
3450,88,207,913,2346,912,2344,912,49.55069
3451,88,207,913,2346,912,2344,912,49.55069
3452,88,207,913,2346,912,2344,912,49.55069
3453,88,207,913,2346,912,2344,912,49.55069
3454,88,207,913,2346,912,2344,912,49.55069
3455,88,207,913,2346,912,2344,912,49.55069
3456,88,207,913,2346,912,2344,912,49.55069
3457,88,207,913,2346,912,2344,912,49.55069
3458,88,207,913,2346,912,2344,912,49.55069
3459,88,207,913,2346,912,2344,912,49.55069
3460,88,207,913,2346,912,2344,912,49.55069
3461,88,207,913,2346,912,2344,912,49.55069
3462,88,207,913,2346,912,2344,912,49.55069
3463,88,207,913,2346,912,2344,912,49.55069
3464,88,207,913,2346,912,2344,912,49.55069
3465,88,207,913,2346,912,2344,912,49.55069
3466,88,207,913,2346,912,2344,912,49.55069
3467,88,207,913,2346,912,2344,912,49.55069
3468,88,207,913,2346,912,2344,912,49.55069
3469,88,207,913,2346,912,2344,912,49.55069
3470,88,207,913,2346,912,2344,912,49.55069
3471,88,207,913,2346,912,2344,912,49.55069
3472,88,207,913,2346,912,2344,912,49.55069
3473,88,207,913,2346,912,2344,912,49.55069
3474,88,207,913,2346,912,2344,912,49.55069
3475,88,207,913,2346,912,2344,912,49.55069
3476,88,207,914,2349,912,2344,912,49.55069
3477,88,207,914,2349,912,2344,912,49.55069
3478,88,207,914,2349,912,2344,912,49.55069
3479,88,207,915,2354,912,2344,912,49.55069
3480,88,207,915,2354,912,2344,912,49.55069
3481,88,207,915,2354,912,2344,912,49.55069
3482,88,207,915,2354,912,2344,912,49.55069
3483,88,207,915,2354,912,2344,912,49.55069
3484,88,207,915,2354,912,2344,912,49.55069
3485,88,207,915,2354,912,2344,912,49.55069
3486,88,207,915,2354,912,2344,912,49.55069
3487,88,207,915,2354,912,2344,912,49.55069
3488,88,207,915,2354,912,2344,912,49.55069
3489,88,207,915,2354,912,2344,912,49.55069
3490,88,207,915,2354,912,2344,912,49.55069
3491,88,207,915,2354,912,2344,912,49.55069
3492,88,207,915,2354,912,2344,912,49.55069
3493,88,207,915,2354,912,2344,912,49.55069
3494,88,207,915,2354,912,2344,912,49.55069
3495,88,207,915,2354,912,2344,912,49.55069
3496,88,207,915,2354,912,2344,912,49.55069
3497,87,205,915,2354,913,2346,913,49.55069
3498,87,205,915,2354,913,2346,913,49.589893
3499,87,205,915,2354,913,2346,913,49.589893
3500,87,205,915,2354,913,2346,913,49.589893
3501,87,205,915,2354,913,2346,913,49.589893
3502,87,205,915,2354,913,2346,913,49.589893
3503,87,205,915,2354,913,2346,913,49.589893
3504,87,205,915,2354,913,2346,913,49.589893
3505,87,205,915,2354,913,2346,913,49.589893
3506,87,205,915,2354,913,2346,913,49.589893
3507,87,205,915,2354,913,2346,913,49.589893
3508,87,205,915,2354,913,2346,913,49.589893
3509,87,205,915,2354,913,2346,913,49.589893
3510,87,205,915,2354,913,2346,913,49.589893
3511,87,205,915,2354,913,2346,913,49.589893
3512,87,205,915,2354,913,2346,913,49.589893
3513,87,205,915,2354,913,2346,913,49.589893
3514,87,205,915,2354,913,2346,913,49.589893
3515,87,205,915,2354,913,2346,913,49.589893
3516,87,205,915,2354,913,2346,913,49.589893
3517,87,205,915,2354,913,2346,913,49.589893
3518,87,205,915,2354,913,2346,913,49.589893
3519,87,205,915,2354,913,2346,913,49.589893
3520,87,205,916,2358,913,2346,913,49.589893
3521,87,205,916,2358,913,2346,913,49.589893
3522,87,205,916,2358,913,2346,913,49.589893
3523,87,205,916,2358,913,2346,913,49.589893
3524,86,202,916,2358,914,2349,914,49.589893
3525,86,202,916,2358,914,2349,914,49.58766
3526,86,202,916,2358,914,2349,914,49.58766
3527,86,202,916,2358,914,2349,914,49.58766
3528,86,202,916,2358,914,2349,914,49.58766
3529,86,202,916,2358,914,2349,914,49.58766
3530,86,202,916,2358,914,2349,914,49.58766
3531,86,202,916,2358,914,2349,914,49.58766
3532,86,202,916,2358,914,2349,914,49.58766
3533,86,202,916,2358,914,2349,914,49.58766
3534,86,202,916,2358,914,2349,914,49.58766
3535,86,202,916,2358,914,2349,914,49.58766
3536,86,202,916,2358,914,2349,914,49.58766
3537,86,202,917,2359,914,2349,914,49.58766
3538,86,202,917,2359,914,2349,914,49.58766
3539,86,202,917,2359,914,2349,914,49.58766
3540,86,202,917,2359,914,2349,914,49.58766
3541,86,202,917,2359,914,2349,914,49.58766
3542,86,202,917,2359,914,2349,914,49.58766
3543,86,202,917,2359,914,2349,914,49.58766
3544,86,202,917,2359,914,2349,914,49.58766
3545,86,202,917,2359,914,2349,914,49.58766
3546,85,201,917,2359,915,2350,915,49.58766
3547,85,201,917,2359,915,2350,915,49.54314
3548,85,201,917,2359,915,2350,915,49.54314
3549,85,201,918,2362,915,2350,915,49.54314
3550,85,201,918,2362,915,2350,915,49.54314
3551,84,197,918,2362,916,2354,916,49.54314
3552,84,197,918,2362,916,2354,916,49.52017
3553,84,197,918,2362,916,2354,916,49.52017
3554,84,197,918,2362,916,2354,916,49.52017
3555,84,197,918,2362,916,2354,916,49.52017
3556,84,197,918,2362,916,2354,916,49.52017
3557,84,197,918,2362,916,2354,916,49.52017
3558,84,197,918,2362,916,2354,916,49.52017
3559,84,197,918,2362,916,2354,916,49.52017
3560,84,197,918,2362,916,2354,916,49.52017
3561,84,197,918,2362,916,2354,916,49.52017
3562,83,192,918,2362,917,2359,917,49.52017
3563,83,192,918,2362,917,2359,917,49.529858
3564,83,192,918,2362,917,2359,917,49.529858
3565,83,192,918,2362,917,2359,917,49.529858
3566,83,192,918,2362,917,2359,917,49.529858
3567,83,192,918,2362,917,2359,917,49.529858
3568,83,192,918,2362,917,2359,917,49.529858
3569,83,192,918,2362,917,2359,917,49.529858
3570,83,192,918,2362,917,2359,917,49.529858
3571,83,192,918,2362,917,2359,917,49.529858
3572,83,192,918,2362,917,2359,917,49.529858
3573,83,192,918,2362,917,2359,917,49.529858
3574,83,192,918,2362,917,2359,917,49.529858
3575,83,192,918,2362,917,2359,917,49.529858
3576,83,192,918,2362,917,2359,917,49.529858
3577,83,192,918,2362,917,2359,917,49.529858
3578,83,192,918,2362,917,2359,917,49.529858
3579,83,192,918,2362,917,2359,917,49.529858
3580,83,192,918,2362,917,2359,917,49.529858
3581,83,192,918,2362,917,2359,917,49.529858
3582,83,192,918,2362,917,2359,917,49.529858
3583,83,192,918,2362,917,2359,917,49.529858
3584,83,192,918,2362,917,2359,917,49.529858
3585,83,192,918,2362,917,2359,917,49.529858
3586,83,192,918,2362,917,2359,917,49.529858
3587,83,192,918,2362,917,2359,917,49.529858
3588,83,192,918,2362,917,2359,917,49.529858
3589,83,192,918,2362,917,2359,917,49.529858
3590,83,192,918,2362,917,2359,917,49.529858
3591,83,192,918,2362,917,2359,917,49.529858
3592,83,192,918,2362,917,2359,917,49.529858
3593,83,192,918,2362,917,2359,917,49.529858
3594,83,192,918,2362,917,2359,917,49.529858
3595,83,192,918,2362,917,2359,917,49.529858
3596,83,192,918,2362,917,2359,917,49.529858
3597,83,192,918,2362,917,2359,917,49.529858
3598,83,192,918,2362,917,2359,917,49.529858
3599,83,192,918,2362,917,2359,917,49.529858
3600,83,192,918,2362,917,2359,917,49.529858
3601,83,192,918,2362,917,2359,917,49.529858
3602,83,192,918,2362,917,2359,917,49.529858
3603,83,192,918,2362,917,2359,917,49.529858
3604,83,192,918,2362,917,2359,917,49.529858
3605,83,192,918,2362,917,2359,917,49.529858
3606,83,192,918,2362,917,2359,917,49.529858
3607,83,192,918,2362,917,2359,917,49.529858
3608,83,192,918,2362,917,2359,917,49.529858
3609,83,192,918,2362,917,2359,917,49.529858
3610,83,192,918,2362,917,2359,917,49.529858
3611,83,192,918,2362,917,2359,917,49.529858
3612,83,192,918,2362,917,2359,917,49.529858
3613,82,189,919,2363,918,2362,918,49.529858
3614,82,189,919,2363,918,2362,918,49.536343
3615,82,189,919,2363,918,2362,918,49.536343
3616,82,189,919,2363,918,2362,918,49.536343
3617,82,189,919,2363,918,2362,918,49.536343
3618,82,189,919,2363,918,2362,918,49.536343
3619,82,189,919,2363,918,2362,918,49.536343
3620,82,189,919,2363,918,2362,918,49.536343
3621,81,188,919,2363,919,2363,919,49.536343
3622,81,188,919,2363,919,2363,919,49.48898
3623,81,188,919,2363,919,2363,919,49.48898
3624,81,188,919,2363,919,2363,919,49.48898
3625,81,188,919,2363,919,2363,919,49.48898
3626,81,188,919,2363,919,2363,919,49.48898
3627,81,188,919,2363,919,2363,919,49.48898
3628,81,188,919,2363,919,2363,919,49.48898
3629,81,188,919,2363,919,2363,919,49.48898
3630,81,188,919,2363,919,2363,919,49.48898
3631,81,188,919,2363,919,2363,919,49.48898
3632,81,188,919,2363,919,2363,919,49.48898
3633,81,188,919,2363,919,2363,919,49.48898
3634,81,188,919,2363,919,2363,919,49.48898
3635,81,188,920,2367,919,2363,919,49.48898
3636,81,188,920,2367,919,2363,919,49.48898
3637,81,188,920,2367,919,2363,919,49.48898
3638,81,188,920,2367,919,2363,919,49.48898
3639,81,188,920,2367,919,2363,919,49.48898
3640,81,188,920,2367,919,2363,919,49.48898
3641,81,188,920,2367,919,2363,919,49.48898
3642,81,188,920,2367,919,2363,919,49.48898
3643,81,188,920,2367,919,2363,919,49.48898
3644,81,188,920,2367,919,2363,919,49.48898
3645,81,188,920,2367,919,2363,919,49.48898
3646,81,188,920,2367,919,2363,919,49.48898
3647,81,188,920,2367,919,2363,919,49.48898
3648,81,188,920,2367,919,2363,919,49.48898
3649,81,188,920,2367,919,2363,919,49.48898
3650,81,188,920,2367,919,2363,919,49.48898
3651,81,188,920,2367,919,2363,919,49.48898
3652,81,188,920,2367,919,2363,919,49.48898
3653,81,188,920,2367,919,2363,919,49.48898
3654,81,188,920,2367,919,2363,919,49.48898
3655,81,188,920,2367,919,2363,919,49.48898
3656,81,188,920,2367,919,2363,919,49.48898
3657,81,188,920,2367,919,2363,919,49.48898
3658,81,188,920,2367,919,2363,919,49.48898
3659,81,188,920,2367,919,2363,919,49.48898
3660,81,188,920,2367,919,2363,919,49.48898
3661,81,188,920,2367,919,2363,919,49.48898
3662,81,188,920,2367,919,2363,919,49.48898
3663,81,188,920,2367,919,2363,919,49.48898
3664,81,188,920,2367,919,2363,919,49.48898
3665,81,188,920,2367,919,2363,919,49.48898
3666,81,188,920,2367,919,2363,919,49.48898
3667,81,188,920,2367,919,2363,919,49.48898
3668,81,188,920,2367,919,2363,919,49.48898
3669,81,188,920,2367,919,2363,919,49.48898
3670,81,188,920,2367,919,2363,919,49.48898
3671,81,188,920,2367,919,2363,919,49.48898
3672,81,188,920,2367,919,2363,919,49.48898
3673,81,188,920,2367,919,2363,919,49.48898
3674,81,188,920,2367,919,2363,919,49.48898
3675,81,188,920,2367,919,2363,919,49.48898
3676,81,188,921,2368,919,2363,919,49.48898
3677,81,188,921,2368,919,2363,919,49.48898
3678,81,188,921,2368,919,2363,919,49.48898
3679,81,188,921,2368,919,2363,919,49.48898
3680,81,188,921,2368,919,2363,919,49.48898
3681,81,188,921,2368,919,2363,919,49.48898
3682,81,188,921,2368,919,2363,919,49.48898
3683,81,188,921,2368,919,2363,919,49.48898
3684,81,188,921,2368,919,2363,919,49.48898
3685,81,188,921,2368,919,2363,919,49.48898
3686,81,188,921,2368,919,2363,919,49.48898
3687,81,188,921,2368,919,2363,919,49.48898
3688,81,188,921,2368,919,2363,919,49.48898
3689,81,188,921,2368,919,2363,919,49.48898
3690,81,188,921,2368,919,2363,919,49.48898
3691,81,188,921,2368,919,2363,919,49.48898
3692,81,188,921,2368,919,2363,919,49.48898
3693,81,188,921,2368,919,2363,919,49.48898
3694,81,188,921,2368,919,2363,919,49.48898
3695,81,188,921,2368,919,2363,919,49.48898
3696,81,188,921,2368,919,2363,919,49.48898
3697,81,188,921,2368,919,2363,919,49.48898
3698,81,188,921,2368,919,2363,919,49.48898
3699,81,188,921,2368,919,2363,919,49.48898
3700,81,188,921,2368,919,2363,919,49.48898
3701,81,188,921,2368,919,2363,919,49.48898
3702,81,188,921,2368,919,2363,919,49.48898
3703,81,188,921,2368,919,2363,919,49.48898
3704,81,188,921,2368,919,2363,919,49.48898
3705,81,188,921,2368,919,2363,919,49.48898
3706,81,188,921,2368,919,2363,919,49.48898
3707,81,188,921,2368,919,2363,919,49.48898
3708,81,188,921,2368,919,2363,919,49.48898
3709,81,188,921,2368,919,2363,919,49.48898
3710,81,188,921,2368,919,2363,919,49.48898
3711,81,188,921,2368,919,2363,919,49.48898
3712,81,188,922,2369,919,2363,919,49.48898
3713,81,188,922,2369,919,2363,919,49.48898
3714,81,188,922,2369,919,2363,919,49.48898
3715,81,188,922,2369,919,2363,919,49.48898
3716,81,188,922,2369,919,2363,919,49.48898
3717,81,188,922,2369,919,2363,919,49.48898
3718,81,188,922,2369,919,2363,919,49.48898
3719,81,188,922,2369,919,2363,919,49.48898
3720,81,188,922,2369,919,2363,919,49.48898
3721,81,188,922,2369,919,2363,919,49.48898
3722,81,188,922,2369,919,2363,919,49.48898
3723,81,188,922,2369,919,2363,919,49.48898
3724,81,188,922,2369,919,2363,919,49.48898
3725,81,188,922,2369,919,2363,919,49.48898
3726,81,188,922,2369,919,2363,919,49.48898
3727,81,188,922,2369,919,2363,919,49.48898
3728,81,188,922,2369,919,2363,919,49.48898
3729,81,188,922,2369,919,2363,919,49.48898
3730,81,188,922,2369,919,2363,919,49.48898
3731,81,188,922,2369,919,2363,919,49.48898
3732,81,188,922,2369,919,2363,919,49.48898
3733,81,188,922,2369,919,2363,919,49.48898
3734,81,188,922,2369,919,2363,919,49.48898
3735,81,188,922,2369,919,2363,919,49.48898
3736,80,184,922,2369,920,2367,920,49.48898
3737,80,184,922,2369,920,2367,920,49.528732
3738,80,184,922,2369,920,2367,920,49.528732
3739,80,184,922,2369,920,2367,920,49.528732
3740,80,184,922,2369,920,2367,920,49.528732
3741,80,184,922,2369,920,2367,920,49.528732
3742,80,184,922,2369,920,2367,920,49.528732
3743,80,184,922,2369,920,2367,920,49.528732
3744,80,184,922,2369,920,2367,920,49.528732
3745,80,184,922,2369,920,2367,920,49.528732
3746,80,184,922,2369,920,2367,920,49.528732
3747,80,184,922,2369,920,2367,920,49.528732
3748,80,184,922,2369,920,2367,920,49.528732
3749,80,184,922,2369,920,2367,920,49.528732
3750,80,184,922,2369,920,2367,920,49.528732
3751,80,184,922,2369,920,2367,920,49.528732
3752,80,184,922,2369,920,2367,920,49.528732
3753,80,184,922,2369,920,2367,920,49.528732
3754,80,184,922,2369,920,2367,920,49.528732
3755,80,184,922,2369,920,2367,920,49.528732
3756,80,184,922,2369,920,2367,920,49.528732
3757,79,183,922,2369,921,2368,921,49.528732
3758,79,183,922,2369,921,2368,921,49.550816
3759,79,183,922,2369,921,2368,921,49.550816
3760,79,183,922,2369,921,2368,921,49.550816
3761,79,183,922,2369,921,2368,921,49.550816
3762,79,183,922,2369,921,2368,921,49.550816
3763,79,183,922,2369,921,2368,921,49.550816
3764,79,183,922,2369,921,2368,921,49.550816
3765,79,183,922,2369,921,2368,921,49.550816
3766,79,183,922,2369,921,2368,921,49.550816
3767,79,183,922,2369,921,2368,921,49.550816
3768,79,183,922,2369,921,2368,921,49.550816
3769,79,183,922,2369,921,2368,921,49.550816
3770,79,183,922,2369,921,2368,921,49.550816
3771,79,183,922,2369,921,2368,921,49.550816
3772,79,183,922,2369,921,2368,921,49.550816
3773,79,183,922,2369,921,2368,921,49.550816
3774,79,183,922,2369,921,2368,921,49.550816
3775,79,183,922,2369,921,2368,921,49.550816
3776,79,183,922,2369,921,2368,921,49.550816
3777,79,183,922,2369,921,2368,921,49.550816
3778,79,183,922,2369,921,2368,921,49.550816
3779,79,183,922,2369,921,2368,921,49.550816
3780,79,183,922,2369,921,2368,921,49.550816
3781,79,183,922,2369,921,2368,921,49.550816
3782,79,183,922,2369,921,2368,921,49.550816
3783,79,183,923,2370,921,2368,921,49.550816
3784,79,183,923,2370,921,2368,921,49.550816
3785,79,183,923,2370,921,2368,921,49.550816
3786,79,183,923,2370,921,2368,921,49.550816
3787,79,183,923,2370,921,2368,921,49.550816
3788,79,183,923,2370,921,2368,921,49.550816
3789,79,183,923,2370,921,2368,921,49.550816
3790,79,183,923,2370,921,2368,921,49.550816
3791,79,183,923,2370,921,2368,921,49.550816
3792,79,183,923,2370,921,2368,921,49.550816
3793,79,183,923,2370,921,2368,921,49.550816
3794,79,183,923,2370,921,2368,921,49.550816
3795,79,183,923,2370,921,2368,921,49.550816
3796,79,183,923,2370,921,2368,921,49.550816
3797,79,183,923,2370,921,2368,921,49.550816
3798,79,183,923,2370,921,2368,921,49.550816
3799,79,183,923,2370,921,2368,921,49.550816
3800,79,183,923,2370,921,2368,921,49.550816
3801,79,183,923,2370,921,2368,921,49.550816
3802,79,183,923,2370,921,2368,921,49.550816
3803,79,183,923,2370,921,2368,921,49.550816
3804,79,183,923,2370,921,2368,921,49.550816
3805,79,183,923,2370,921,2368,921,49.550816
3806,79,183,923,2370,921,2368,921,49.550816
3807,79,183,923,2370,921,2368,921,49.550816
3808,79,183,923,2370,921,2368,921,49.550816
3809,79,183,923,2370,921,2368,921,49.550816
3810,78,182,923,2370,922,2369,922,49.550816
3811,78,182,923,2370,922,2369,922,49.518036
3812,78,182,923,2370,922,2369,922,49.518036
3813,78,182,923,2370,922,2369,922,49.518036
3814,78,182,923,2370,922,2369,922,49.518036
3815,78,182,923,2370,922,2369,922,49.518036
3816,78,182,923,2370,922,2369,922,49.518036
3817,78,182,923,2370,922,2369,922,49.518036
3818,78,182,923,2370,922,2369,922,49.518036
3819,78,182,923,2370,922,2369,922,49.518036
3820,78,182,923,2370,922,2369,922,49.518036
3821,78,182,923,2370,922,2369,922,49.518036
3822,78,182,923,2370,922,2369,922,49.518036
3823,78,182,923,2370,922,2369,922,49.518036
3824,78,182,923,2370,922,2369,922,49.518036
3825,78,182,923,2370,922,2369,922,49.518036
3826,78,182,923,2370,922,2369,922,49.518036
3827,78,182,923,2370,922,2369,922,49.518036
3828,78,182,923,2370,922,2369,922,49.518036
3829,78,182,923,2370,922,2369,922,49.518036
3830,78,182,923,2370,922,2369,922,49.518036
3831,77,181,923,2370,923,2370,923,49.518036
3832,77,181,923,2370,923,2370,923,49.576996
3833,77,181,923,2370,923,2370,923,49.576996
3834,77,181,923,2370,923,2370,923,49.576996
3835,77,181,923,2370,923,2370,923,49.576996
3836,77,181,923,2370,923,2370,923,49.576996
3837,77,181,923,2370,923,2370,923,49.576996
3838,77,181,923,2370,923,2370,923,49.576996
3839,77,181,923,2370,923,2370,923,49.576996
3840,77,181,923,2370,923,2370,923,49.576996
3841,77,181,923,2370,923,2370,923,49.576996
3842,77,181,923,2370,923,2370,923,49.576996
3843,77,181,923,2370,923,2370,923,49.576996
3844,77,181,923,2370,923,2370,923,49.576996
3845,77,181,923,2370,923,2370,923,49.576996
3846,77,181,923,2370,923,2370,923,49.576996
3847,77,181,923,2370,923,2370,923,49.576996
3848,77,181,923,2370,923,2370,923,49.576996
3849,77,181,923,2370,923,2370,923,49.576996
3850,77,181,923,2370,923,2370,923,49.576996
3851,77,181,923,2370,923,2370,923,49.576996
3852,77,181,923,2370,923,2370,923,49.576996
3853,77,181,923,2370,923,2370,923,49.576996
3854,77,181,923,2370,923,2370,923,49.576996
3855,77,181,923,2370,923,2370,923,49.576996
3856,77,181,923,2370,923,2370,923,49.576996
3857,77,181,923,2370,923,2370,923,49.576996
3858,77,181,923,2370,923,2370,923,49.576996
3859,77,181,924,2374,923,2370,923,49.576996
3860,77,181,924,2374,923,2370,923,49.576996
3861,77,181,924,2374,923,2370,923,49.576996
3862,77,181,924,2374,923,2370,923,49.576996
3863,77,181,924,2374,923,2370,923,49.576996
3864,77,181,924,2374,923,2370,923,49.576996
3865,77,181,924,2374,923,2370,923,49.576996
3866,77,181,924,2374,923,2370,923,49.576996
3867,77,181,924,2374,923,2370,923,49.576996
3868,77,181,924,2374,923,2370,923,49.576996
3869,77,181,924,2374,923,2370,923,49.576996
3870,77,181,924,2374,923,2370,923,49.576996
3871,77,181,924,2374,923,2370,923,49.576996
3872,77,181,924,2374,923,2370,923,49.576996
3873,77,181,924,2374,923,2370,923,49.576996
3874,77,181,924,2374,923,2370,923,49.576996
3875,77,181,925,2375,923,2370,923,49.576996
3876,77,181,925,2375,923,2370,923,49.576996
3877,77,181,925,2375,923,2370,923,49.576996
3878,77,181,925,2375,923,2370,923,49.576996
3879,77,181,925,2375,923,2370,923,49.576996
3880,77,181,925,2375,923,2370,923,49.576996
3881,77,181,925,2375,923,2370,923,49.576996
3882,77,181,925,2375,923,2370,923,49.576996
3883,77,181,925,2375,923,2370,923,49.576996
3884,77,181,925,2375,923,2370,923,49.576996
3885,77,181,925,2375,923,2370,923,49.576996
3886,77,181,926,2380,923,2370,923,49.576996
3887,77,181,926,2380,923,2370,923,49.576996
3888,77,181,926,2380,923,2370,923,49.576996
3889,77,181,926,2380,923,2370,923,49.576996
3890,77,181,926,2380,923,2370,923,49.576996
3891,77,181,926,2380,923,2370,923,49.576996
3892,77,181,926,2380,923,2370,923,49.576996
3893,77,181,926,2380,923,2370,923,49.576996
3894,76,177,926,2380,924,2374,924,49.576996
3895,76,177,926,2380,924,2374,924,49.55804
3896,76,177,926,2380,924,2374,924,49.55804
3897,76,177,926,2380,924,2374,924,49.55804
3898,76,177,927,2381,924,2374,924,49.55804
3899,76,177,927,2381,924,2374,924,49.55804
3900,76,177,927,2381,924,2374,924,49.55804
3901,76,177,927,2381,924,2374,924,49.55804
3902,76,177,927,2381,924,2374,924,49.55804
3903,76,177,927,2381,924,2374,924,49.55804
3904,76,177,927,2381,924,2374,924,49.55804
3905,76,177,927,2381,924,2374,924,49.55804
3906,76,177,927,2381,924,2374,924,49.55804
3907,76,177,927,2381,924,2374,924,49.55804
3908,76,177,927,2381,924,2374,924,49.55804
3909,76,177,927,2381,924,2374,924,49.55804
3910,76,177,927,2381,924,2374,924,49.55804
3911,76,177,927,2381,924,2374,924,49.55804
3912,76,177,927,2381,924,2374,924,49.55804
3913,76,177,927,2381,924,2374,924,49.55804
3914,76,177,927,2381,924,2374,924,49.55804
3915,76,177,927,2381,924,2374,924,49.55804
3916,76,177,927,2381,924,2374,924,49.55804
3917,76,177,927,2381,924,2374,924,49.55804
3918,76,177,927,2381,924,2374,924,49.55804
3919,76,177,927,2381,924,2374,924,49.55804
3920,76,177,927,2381,924,2374,924,49.55804
3921,75,176,927,2381,925,2375,925,49.55804
3922,75,176,927,2381,925,2375,925,49.526676
3923,75,176,927,2381,925,2375,925,49.526676
3924,75,176,927,2381,925,2375,925,49.526676
3925,75,176,927,2381,925,2375,925,49.526676
3926,75,176,927,2381,925,2375,925,49.526676
3927,75,176,927,2381,925,2375,925,49.526676
3928,75,176,927,2381,925,2375,925,49.526676
3929,75,176,927,2381,925,2375,925,49.526676
3930,75,176,927,2381,925,2375,925,49.526676
3931,75,176,927,2381,925,2375,925,49.526676
3932,75,176,927,2381,925,2375,925,49.526676
3933,75,176,927,2381,925,2375,925,49.526676
3934,75,176,927,2381,925,2375,925,49.526676
3935,75,176,927,2381,925,2375,925,49.526676
3936,75,176,927,2381,925,2375,925,49.526676
3937,75,176,927,2381,925,2375,925,49.526676
3938,75,176,927,2381,925,2375,925,49.526676
3939,75,176,927,2381,925,2375,925,49.526676
3940,75,176,927,2381,925,2375,925,49.526676
3941,75,176,927,2381,925,2375,925,49.526676
3942,75,176,927,2381,925,2375,925,49.526676
3943,75,176,927,2381,925,2375,925,49.526676
3944,75,176,927,2381,925,2375,925,49.526676
3945,74,171,927,2381,926,2380,926,49.526676
3946,74,171,927,2381,926,2380,926,49.531197
3947,74,171,927,2381,926,2380,926,49.531197
3948,74,171,927,2381,926,2380,926,49.531197
3949,74,171,927,2381,926,2380,926,49.531197
3950,74,171,927,2381,926,2380,926,49.531197
3951,74,171,927,2381,926,2380,926,49.531197
3952,74,171,927,2381,926,2380,926,49.531197
3953,74,171,927,2381,926,2380,926,49.531197
3954,74,171,927,2381,926,2380,926,49.531197
3955,74,171,927,2381,926,2380,926,49.531197
3956,74,171,927,2381,926,2380,926,49.531197
3957,74,171,927,2381,926,2380,926,49.531197
3958,74,171,927,2381,926,2380,926,49.531197
3959,74,171,927,2381,926,2380,926,49.531197
3960,74,171,927,2381,926,2380,926,49.531197
3961,74,171,927,2381,926,2380,926,49.531197
3962,74,171,928,2383,926,2380,926,49.531197
3963,74,171,928,2383,926,2380,926,49.531197
3964,74,171,928,2383,926,2380,926,49.531197
3965,74,171,928,2383,926,2380,926,49.531197
3966,74,171,928,2383,926,2380,926,49.531197
3967,73,170,928,2383,927,2381,927,49.531197
3968,73,170,928,2383,927,2381,927,49.547527
3969,73,170,928,2383,927,2381,927,49.547527
3970,73,170,928,2383,927,2381,927,49.547527
3971,73,170,928,2383,927,2381,927,49.547527
3972,73,170,928,2383,927,2381,927,49.547527
3973,73,170,928,2383,927,2381,927,49.547527
3974,73,170,928,2383,927,2381,927,49.547527
3975,73,170,928,2383,927,2381,927,49.547527
3976,73,170,928,2383,927,2381,927,49.547527
3977,73,170,928,2383,927,2381,927,49.547527
3978,73,170,928,2383,927,2381,927,49.547527
3979,73,170,928,2383,927,2381,927,49.547527
3980,73,170,928,2383,927,2381,927,49.547527
3981,73,170,928,2383,927,2381,927,49.547527
3982,73,170,928,2383,927,2381,927,49.547527
3983,73,170,928,2383,927,2381,927,49.547527
3984,73,170,928,2383,927,2381,927,49.547527
3985,73,170,929,2384,927,2381,927,49.547527
3986,73,170,929,2384,927,2381,927,49.547527
3987,73,170,929,2384,927,2381,927,49.547527
3988,73,170,929,2384,927,2381,927,49.547527
3989,73,170,929,2384,927,2381,927,49.547527
3990,73,170,929,2384,927,2381,927,49.547527
3991,73,170,929,2384,927,2381,927,49.547527
3992,73,170,929,2384,927,2381,927,49.547527
3993,73,170,929,2384,927,2381,927,49.547527
3994,73,170,929,2384,927,2381,927,49.547527
3995,73,170,929,2384,927,2381,927,49.547527
3996,73,170,929,2384,927,2381,927,49.547527
3997,73,170,929,2384,927,2381,927,49.547527
3998,73,170,929,2384,927,2381,927,49.547527
3999,73,170,929,2384,927,2381,927,49.547527
4000,73,170,929,2384,927,2381,927,49.547527
4001,73,170,929,2384,927,2381,927,49.547527
4002,73,170,929,2384,927,2381,927,49.547527
4003,73,170,929,2384,927,2381,927,49.547527
4004,73,170,929,2384,927,2381,927,49.547527
4005,73,170,929,2384,927,2381,927,49.547527
4006,73,170,929,2384,927,2381,927,49.547527
4007,73,170,929,2384,927,2381,927,49.547527
4008,73,170,929,2384,927,2381,927,49.547527
4009,73,170,929,2384,927,2381,927,49.547527
4010,73,170,929,2384,927,2381,927,49.547527
4011,73,170,929,2384,927,2381,927,49.547527
4012,73,170,929,2384,927,2381,927,49.547527
4013,73,170,929,2384,927,2381,927,49.547527
4014,73,170,929,2384,927,2381,927,49.547527
4015,73,170,929,2384,927,2381,927,49.547527
4016,73,170,929,2384,927,2381,927,49.547527
4017,73,170,929,2384,927,2381,927,49.547527
4018,73,170,929,2384,927,2381,927,49.547527
4019,73,170,929,2384,927,2381,927,49.547527
4020,73,170,929,2384,927,2381,927,49.547527
4021,73,170,929,2384,927,2381,927,49.547527
4022,73,170,929,2384,927,2381,927,49.547527
4023,73,170,929,2384,927,2381,927,49.547527
4024,72,168,929,2384,928,2383,928,49.547527
4025,72,168,929,2384,928,2383,928,49.559357
4026,72,168,929,2384,928,2383,928,49.559357
4027,72,168,929,2384,928,2383,928,49.559357
4028,72,168,929,2384,928,2383,928,49.559357
4029,72,168,929,2384,928,2383,928,49.559357
4030,72,168,929,2384,928,2383,928,49.559357
4031,72,168,929,2384,928,2383,928,49.559357
4032,72,168,929,2384,928,2383,928,49.559357
4033,72,168,929,2384,928,2383,928,49.559357
4034,72,168,929,2384,928,2383,928,49.559357
4035,72,168,929,2384,928,2383,928,49.559357
4036,72,168,929,2384,928,2383,928,49.559357
4037,72,168,929,2384,928,2383,928,49.559357
4038,72,168,929,2384,928,2383,928,49.559357
4039,72,168,929,2384,928,2383,928,49.559357
4040,72,168,929,2384,928,2383,928,49.559357
4041,72,168,929,2384,928,2383,928,49.559357
4042,72,168,929,2384,928,2383,928,49.559357
4043,72,168,929,2384,928,2383,928,49.559357
4044,72,168,929,2384,928,2383,928,49.559357
4045,71,167,929,2384,929,2384,929,49.559357
4046,71,167,929,2384,929,2384,929,49.554985
4047,71,167,929,2384,929,2384,929,49.554985
4048,71,167,929,2384,929,2384,929,49.554985
4049,71,167,929,2384,929,2384,929,49.554985
4050,71,167,929,2384,929,2384,929,49.554985
4051,71,167,929,2384,929,2384,929,49.554985
4052,71,167,929,2384,929,2384,929,49.554985
4053,71,167,929,2384,929,2384,929,49.554985
4054,71,167,929,2384,929,2384,929,49.554985
4055,71,167,929,2384,929,2384,929,49.554985
4056,71,167,929,2384,929,2384,929,49.554985
4057,71,167,929,2384,929,2384,929,49.554985
4058,71,167,929,2384,929,2384,929,49.554985
4059,71,167,929,2384,929,2384,929,49.554985
4060,71,167,929,2384,929,2384,929,49.554985
4061,71,167,929,2384,929,2384,929,49.554985
4062,71,167,929,2384,929,2384,929,49.554985
4063,71,167,929,2384,929,2384,929,49.554985
4064,71,167,929,2384,929,2384,929,49.554985
4065,71,167,929,2384,929,2384,929,49.554985
4066,71,167,929,2384,929,2384,929,49.554985
4067,71,167,929,2384,929,2384,929,49.554985
4068,71,167,929,2384,929,2384,929,49.554985
4069,71,167,929,2384,929,2384,929,49.554985
4070,71,167,929,2384,929,2384,929,49.554985
4071,71,167,929,2384,929,2384,929,49.554985
4072,71,167,929,2384,929,2384,929,49.554985
4073,71,167,929,2384,929,2384,929,49.554985
4074,71,167,929,2384,929,2384,929,49.554985
4075,71,167,929,2384,929,2384,929,49.554985
4076,71,167,929,2384,929,2384,929,49.554985
4077,71,167,929,2384,929,2384,929,49.554985
4078,71,167,929,2384,929,2384,929,49.554985
4079,71,167,929,2384,929,2384,929,49.554985
4080,71,167,929,2384,929,2384,929,49.554985
4081,71,167,929,2384,929,2384,929,49.554985
4082,71,167,929,2384,929,2384,929,49.554985
4083,71,167,929,2384,929,2384,929,49.554985
4084,71,167,929,2384,929,2384,929,49.554985
4085,71,167,929,2384,929,2384,929,49.554985
4086,71,167,929,2384,929,2384,929,49.554985
4087,71,167,929,2384,929,2384,929,49.554985
4088,71,167,929,2384,929,2384,929,49.554985
4089,71,167,929,2384,929,2384,929,49.554985
4090,71,167,929,2384,929,2384,929,49.554985
4091,71,167,929,2384,929,2384,929,49.554985
4092,71,167,929,2384,929,2384,929,49.554985
4093,71,167,929,2384,929,2384,929,49.554985
4094,71,167,929,2384,929,2384,929,49.554985
4095,71,167,929,2384,929,2384,929,49.554985
4096,71,167,929,2384,929,2384,929,49.554985
4097,71,167,929,2384,929,2384,929,49.554985
4098,71,167,929,2384,929,2384,929,49.554985
4099,71,167,929,2384,929,2384,929,49.554985
4100,71,167,930,2386,929,2384,929,49.554985
4101,71,167,930,2386,929,2384,929,49.554985
4102,71,167,930,2386,929,2384,929,49.554985
4103,71,167,930,2386,929,2384,929,49.554985
4104,71,167,930,2386,929,2384,929,49.554985
4105,71,167,930,2386,929,2384,929,49.554985
4106,71,167,930,2386,929,2384,929,49.554985
4107,71,167,931,2388,929,2384,929,49.554985
4108,71,167,931,2388,929,2384,929,49.554985
4109,71,167,931,2388,929,2384,929,49.554985
4110,71,167,931,2388,929,2384,929,49.554985
4111,71,167,931,2388,929,2384,929,49.554985
4112,71,167,931,2388,929,2384,929,49.554985
4113,71,167,931,2388,929,2384,929,49.554985
4114,71,167,931,2388,929,2384,929,49.554985
4115,71,167,931,2388,929,2384,929,49.554985
4116,71,167,931,2388,929,2384,929,49.554985
4117,71,167,931,2388,929,2384,929,49.554985
4118,71,167,931,2388,929,2384,929,49.554985
4119,71,167,931,2388,929,2384,929,49.554985
4120,71,167,931,2388,929,2384,929,49.554985
4121,71,167,931,2388,929,2384,929,49.554985
4122,71,167,931,2388,929,2384,929,49.554985
4123,71,167,931,2388,929,2384,929,49.554985
4124,71,167,931,2388,929,2384,929,49.554985
4125,71,167,931,2388,929,2384,929,49.554985
4126,71,167,931,2388,929,2384,929,49.554985
4127,71,167,931,2388,929,2384,929,49.554985
4128,71,167,931,2388,929,2384,929,49.554985
4129,71,167,931,2388,929,2384,929,49.554985
4130,71,167,931,2388,929,2384,929,49.554985
4131,71,167,931,2388,929,2384,929,49.554985
4132,71,167,931,2388,929,2384,929,49.554985
4133,71,167,931,2388,929,2384,929,49.554985
4134,71,167,931,2388,929,2384,929,49.554985
4135,71,167,931,2388,929,2384,929,49.554985
4136,71,167,931,2388,929,2384,929,49.554985
4137,71,167,931,2388,929,2384,929,49.554985
4138,71,167,931,2388,929,2384,929,49.554985
4139,71,167,931,2388,929,2384,929,49.554985
4140,71,167,931,2388,929,2384,929,49.554985
4141,71,167,931,2388,929,2384,929,49.554985
4142,71,167,931,2388,929,2384,929,49.554985
4143,70,165,931,2388,930,2386,930,49.554985
4144,70,165,931,2388,930,2386,930,49.54052
4145,70,165,931,2388,930,2386,930,49.54052
4146,69,163,931,2388,931,2388,931,49.54052
4147,69,163,931,2388,931,2388,931,49.52756
4148,69,163,931,2388,931,2388,931,49.52756
4149,69,163,931,2388,931,2388,931,49.52756
4150,69,163,931,2388,931,2388,931,49.52756
4151,69,163,931,2388,931,2388,931,49.52756
4152,69,163,931,2388,931,2388,931,49.52756
4153,69,163,931,2388,931,2388,931,49.52756
4154,69,163,931,2388,931,2388,931,49.52756
4155,69,163,931,2388,931,2388,931,49.52756
4156,69,163,931,2388,931,2388,931,49.52756
4157,69,163,931,2388,931,2388,931,49.52756
4158,69,163,932,2391,931,2388,931,49.52756
4159,69,163,932,2391,931,2388,931,49.52756
4160,69,163,932,2391,931,2388,931,49.52756
4161,69,163,932,2391,931,2388,931,49.52756
4162,69,163,932,2391,931,2388,931,49.52756
4163,69,163,932,2391,931,2388,931,49.52756
4164,69,163,932,2391,931,2388,931,49.52756
4165,69,163,932,2391,931,2388,931,49.52756
4166,69,163,932,2391,931,2388,931,49.52756
4167,69,163,932,2391,931,2388,931,49.52756
4168,69,163,932,2391,931,2388,931,49.52756
4169,69,163,932,2391,931,2388,931,49.52756
4170,69,163,932,2391,931,2388,931,49.52756
4171,69,163,932,2391,931,2388,931,49.52756
4172,69,163,932,2391,931,2388,931,49.52756
4173,69,163,932,2391,931,2388,931,49.52756
4174,69,163,932,2391,931,2388,931,49.52756
4175,69,163,932,2391,931,2388,931,49.52756
4176,69,163,932,2391,931,2388,931,49.52756
4177,69,163,932,2391,931,2388,931,49.52756
4178,69,163,932,2391,931,2388,931,49.52756
4179,69,163,932,2391,931,2388,931,49.52756
4180,69,163,932,2391,931,2388,931,49.52756
4181,69,163,932,2391,931,2388,931,49.52756
4182,69,163,932,2391,931,2388,931,49.52756
4183,69,163,932,2391,931,2388,931,49.52756
4184,69,163,932,2391,931,2388,931,49.52756
4185,69,163,932,2391,931,2388,931,49.52756
4186,69,163,932,2391,931,2388,931,49.52756
4187,69,163,932,2391,931,2388,931,49.52756
4188,69,163,932,2391,931,2388,931,49.52756
4189,69,163,932,2391,931,2388,931,49.52756
4190,68,160,932,2391,932,2391,932,49.52756
4191,68,160,932,2391,932,2391,932,49.509357
4192,68,160,932,2391,932,2391,932,49.509357
4193,68,160,932,2391,932,2391,932,49.509357
4194,68,160,932,2391,932,2391,932,49.509357
4195,68,160,933,2394,932,2391,932,49.509357
4196,68,160,933,2394,932,2391,932,49.509357
4197,68,160,933,2394,932,2391,932,49.509357
4198,68,160,933,2394,932,2391,932,49.509357
4199,68,160,933,2394,932,2391,932,49.509357
4200,68,160,933,2394,932,2391,932,49.509357
4201,68,160,933,2394,932,2391,932,49.509357
4202,68,160,933,2394,932,2391,932,49.509357
4203,68,160,933,2394,932,2391,932,49.509357
4204,68,160,933,2394,932,2391,932,49.509357
4205,68,160,933,2394,932,2391,932,49.509357
4206,68,160,933,2394,932,2391,932,49.509357
4207,68,160,933,2394,932,2391,932,49.509357
4208,68,160,933,2394,932,2391,932,49.509357
4209,68,160,933,2394,932,2391,932,49.509357
4210,68,160,933,2394,932,2391,932,49.509357
4211,68,160,933,2394,932,2391,932,49.509357
4212,68,160,933,2394,932,2391,932,49.509357
4213,68,160,933,2394,932,2391,932,49.509357
4214,68,160,933,2394,932,2391,932,49.509357
4215,68,160,933,2394,932,2391,932,49.509357
4216,68,160,933,2394,932,2391,932,49.509357
4217,68,160,933,2394,932,2391,932,49.509357
4218,68,160,933,2394,932,2391,932,49.509357
4219,68,160,933,2394,932,2391,932,49.509357
4220,68,160,933,2394,932,2391,932,49.509357
4221,68,160,933,2394,932,2391,932,49.509357
4222,68,160,933,2394,932,2391,932,49.509357
4223,68,160,933,2394,932,2391,932,49.509357
4224,68,160,933,2394,932,2391,932,49.509357
4225,68,160,933,2394,932,2391,932,49.509357
4226,68,160,933,2394,932,2391,932,49.509357
4227,68,160,933,2394,932,2391,932,49.509357
4228,68,160,933,2394,932,2391,932,49.509357
4229,68,160,933,2394,932,2391,932,49.509357
4230,68,160,933,2394,932,2391,932,49.509357
4231,68,160,933,2394,932,2391,932,49.509357
4232,68,160,933,2394,932,2391,932,49.509357
4233,68,160,933,2394,932,2391,932,49.509357
4234,68,160,933,2394,932,2391,932,49.509357
4235,68,160,933,2394,932,2391,932,49.509357
4236,68,160,933,2394,932,2391,932,49.509357
4237,68,160,933,2394,932,2391,932,49.509357
4238,68,160,933,2394,932,2391,932,49.509357
4239,68,160,933,2394,932,2391,932,49.509357
4240,68,160,933,2394,932,2391,932,49.509357
4241,68,160,933,2394,932,2391,932,49.509357
4242,68,160,933,2394,932,2391,932,49.509357
4243,68,160,933,2394,932,2391,932,49.509357
4244,68,160,933,2394,932,2391,932,49.509357
4245,68,160,933,2394,932,2391,932,49.509357
4246,68,160,933,2394,932,2391,932,49.509357
4247,68,160,933,2394,932,2391,932,49.509357
4248,68,160,933,2394,932,2391,932,49.509357
4249,68,160,933,2394,932,2391,932,49.509357
4250,68,160,933,2394,932,2391,932,49.509357
4251,68,160,933,2394,932,2391,932,49.509357
4252,68,160,933,2394,932,2391,932,49.509357
4253,68,160,933,2394,932,2391,932,49.509357
4254,68,160,933,2394,932,2391,932,49.509357
4255,68,160,933,2394,932,2391,932,49.509357
4256,68,160,933,2394,932,2391,932,49.509357
4257,68,160,933,2394,932,2391,932,49.509357
4258,68,160,933,2394,932,2391,932,49.509357
4259,68,160,933,2394,932,2391,932,49.509357
4260,68,160,933,2394,932,2391,932,49.509357
4261,67,157,933,2394,933,2394,933,49.509357
4262,67,157,933,2394,933,2394,933,49.511887
4263,67,157,933,2394,933,2394,933,49.511887
4264,67,157,933,2394,933,2394,933,49.511887
4265,67,157,933,2394,933,2394,933,49.511887
4266,67,157,933,2394,933,2394,933,49.511887
4267,67,157,933,2394,933,2394,933,49.511887
4268,67,157,933,2394,933,2394,933,49.511887
4269,67,157,933,2394,933,2394,933,49.511887
4270,67,157,933,2394,933,2394,933,49.511887
4271,67,157,933,2394,933,2394,933,49.511887
4272,67,157,933,2394,933,2394,933,49.511887
4273,67,157,933,2394,933,2394,933,49.511887
4274,67,157,933,2394,933,2394,933,49.511887
4275,67,157,933,2394,933,2394,933,49.511887
4276,67,157,933,2394,933,2394,933,49.511887
4277,67,157,933,2394,933,2394,933,49.511887
4278,67,157,933,2394,933,2394,933,49.511887
4279,67,157,933,2394,933,2394,933,49.511887
4280,67,157,933,2394,933,2394,933,49.511887
4281,67,157,934,2397,933,2394,933,49.511887
4282,67,157,934,2397,933,2394,933,49.511887
4283,67,157,934,2397,933,2394,933,49.511887
4284,67,157,934,2397,933,2394,933,49.511887
4285,67,157,934,2397,933,2394,933,49.511887
4286,67,157,934,2397,933,2394,933,49.511887
4287,67,157,934,2397,933,2394,933,49.511887
4288,67,157,934,2397,933,2394,933,49.511887
4289,67,157,934,2397,933,2394,933,49.511887
4290,67,157,934,2397,933,2394,933,49.511887
4291,67,157,934,2397,933,2394,933,49.511887
4292,67,157,934,2397,933,2394,933,49.511887
4293,67,157,934,2397,933,2394,933,49.511887
4294,67,157,934,2397,933,2394,933,49.511887
4295,67,157,934,2397,933,2394,933,49.511887
4296,67,157,934,2397,933,2394,933,49.511887
4297,67,157,934,2397,933,2394,933,49.511887
4298,67,157,934,2397,933,2394,933,49.511887
4299,66,154,934,2397,934,2397,934,49.511887
4300,66,154,934,2397,934,2397,934,49.47329
4301,66,154,934,2397,934,2397,934,49.47329
4302,66,154,934,2397,934,2397,934,49.47329
4303,66,154,934,2397,934,2397,934,49.47329
4304,66,154,934,2397,934,2397,934,49.47329
4305,66,154,934,2397,934,2397,934,49.47329
4306,66,154,934,2397,934,2397,934,49.47329
4307,66,154,934,2397,934,2397,934,49.47329
4308,66,154,934,2397,934,2397,934,49.47329
4309,66,154,934,2397,934,2397,934,49.47329
4310,66,154,934,2397,934,2397,934,49.47329
4311,66,154,934,2397,934,2397,934,49.47329
4312,66,154,934,2397,934,2397,934,49.47329
4313,66,154,935,2399,934,2397,934,49.47329
4314,66,154,935,2399,934,2397,934,49.47329
4315,66,154,935,2399,934,2397,934,49.47329
4316,66,154,935,2399,934,2397,934,49.47329
4317,66,154,935,2399,934,2397,934,49.47329
4318,66,154,935,2399,934,2397,934,49.47329
4319,66,154,935,2399,934,2397,934,49.47329
4320,66,154,935,2399,934,2397,934,49.47329
4321,66,154,935,2399,934,2397,934,49.47329
4322,66,154,935,2399,934,2397,934,49.47329
4323,66,154,935,2399,934,2397,934,49.47329
4324,66,154,935,2399,934,2397,934,49.47329
4325,66,154,935,2399,934,2397,934,49.47329
4326,66,154,935,2399,934,2397,934,49.47329
4327,66,154,935,2399,934,2397,934,49.47329
4328,66,154,935,2399,934,2397,934,49.47329
4329,66,154,935,2399,934,2397,934,49.47329
4330,66,154,935,2399,934,2397,934,49.47329
4331,66,154,935,2399,934,2397,934,49.47329
4332,66,154,935,2399,934,2397,934,49.47329
4333,66,154,936,2400,934,2397,934,49.47329
4334,66,154,936,2400,934,2397,934,49.47329
4335,66,154,936,2400,934,2397,934,49.47329
4336,66,154,936,2400,934,2397,934,49.47329
4337,66,154,936,2400,934,2397,934,49.47329
4338,66,154,936,2400,934,2397,934,49.47329
4339,66,154,936,2400,934,2397,934,49.47329
4340,66,154,936,2400,934,2397,934,49.47329
4341,66,154,936,2400,934,2397,934,49.47329
4342,66,154,936,2400,934,2397,934,49.47329
4343,66,154,937,2401,934,2397,934,49.47329
4344,66,154,937,2401,934,2397,934,49.47329
4345,66,154,937,2401,934,2397,934,49.47329
4346,66,154,937,2401,934,2397,934,49.47329
4347,66,154,937,2401,934,2397,934,49.47329
4348,66,154,937,2401,934,2397,934,49.47329
4349,66,154,937,2401,934,2397,934,49.47329
4350,66,154,937,2401,934,2397,934,49.47329
4351,66,154,937,2401,934,2397,934,49.47329
4352,66,154,937,2401,934,2397,934,49.47329
4353,66,154,937,2401,934,2397,934,49.47329
4354,66,154,938,2402,934,2397,934,49.47329
4355,66,154,938,2402,934,2397,934,49.47329
4356,66,154,938,2402,934,2397,934,49.47329
4357,66,154,938,2402,934,2397,934,49.47329
4358,66,154,938,2402,934,2397,934,49.47329
4359,66,154,938,2402,934,2397,934,49.47329
4360,66,154,938,2402,934,2397,934,49.47329
4361,66,154,938,2402,934,2397,934,49.47329
4362,66,154,938,2402,934,2397,934,49.47329
4363,66,154,938,2402,934,2397,934,49.47329
4364,66,154,938,2402,934,2397,934,49.47329
4365,66,154,938,2402,934,2397,934,49.47329
4366,66,154,938,2402,934,2397,934,49.47329
4367,66,154,938,2402,934,2397,934,49.47329
4368,66,154,938,2402,934,2397,934,49.47329
4369,66,154,938,2402,934,2397,934,49.47329
4370,66,154,939,2406,934,2397,934,49.47329
4371,66,154,939,2406,934,2397,934,49.47329
4372,66,154,939,2406,934,2397,934,49.47329
4373,66,154,939,2406,934,2397,934,49.47329
4374,66,154,939,2406,934,2397,934,49.47329
4375,66,154,939,2406,934,2397,934,49.47329
4376,66,154,939,2406,934,2397,934,49.47329
4377,66,154,939,2406,934,2397,934,49.47329
4378,66,154,939,2406,934,2397,934,49.47329
4379,66,154,939,2406,934,2397,934,49.47329
4380,66,154,939,2406,934,2397,934,49.47329
4381,66,154,939,2406,934,2397,934,49.47329
4382,66,154,939,2406,934,2397,934,49.47329
4383,66,154,939,2406,934,2397,934,49.47329
4384,66,154,939,2406,934,2397,934,49.47329
4385,66,154,939,2406,934,2397,934,49.47329
4386,66,154,939,2406,934,2397,934,49.47329
4387,66,154,939,2406,934,2397,934,49.47329
4388,66,154,939,2406,934,2397,934,49.47329
4389,66,154,939,2406,934,2397,934,49.47329
4390,65,152,939,2406,935,2399,935,49.47329
4391,65,152,939,2406,935,2399,935,49.49285
4392,65,152,939,2406,935,2399,935,49.49285
4393,65,152,939,2406,935,2399,935,49.49285
4394,65,152,939,2406,935,2399,935,49.49285
4395,65,152,939,2406,935,2399,935,49.49285
4396,65,152,939,2406,935,2399,935,49.49285
4397,65,152,939,2406,935,2399,935,49.49285
4398,65,152,939,2406,935,2399,935,49.49285
4399,65,152,939,2406,935,2399,935,49.49285
4400,65,152,939,2406,935,2399,935,49.49285
4401,65,152,939,2406,935,2399,935,49.49285
4402,65,152,939,2406,935,2399,935,49.49285
4403,65,152,939,2406,935,2399,935,49.49285
4404,64,151,939,2406,936,2400,936,49.49285
4405,64,151,939,2406,936,2400,936,49.4883
4406,63,147,939,2406,937,2404,937,49.4883
4407,63,147,939,2406,937,2404,937,49.471165
4408,63,147,939,2406,937,2404,937,49.471165
4409,63,147,939,2406,937,2404,937,49.471165
4410,63,147,939,2406,937,2404,937,49.471165
4411,63,147,939,2406,937,2404,937,49.471165
4412,63,147,939,2406,937,2404,937,49.471165
4413,63,147,939,2406,937,2404,937,49.471165
4414,63,147,940,2407,937,2404,937,49.471165
4415,63,147,940,2407,937,2404,937,49.471165
4416,63,147,940,2407,937,2404,937,49.471165
4417,62,146,940,2407,938,2405,938,49.471165
4418,62,146,940,2407,938,2405,938,49.497307
4419,62,146,940,2407,938,2405,938,49.497307
4420,62,146,940,2407,938,2405,938,49.497307
4421,62,146,940,2407,938,2405,938,49.497307
4422,62,146,940,2407,938,2405,938,49.497307
4423,62,146,940,2407,938,2405,938,49.497307
4424,62,146,940,2407,938,2405,938,49.497307
4425,62,146,940,2407,938,2405,938,49.497307
4426,62,146,940,2407,938,2405,938,49.497307
4427,62,146,940,2407,938,2405,938,49.497307
4428,62,146,940,2407,938,2405,938,49.497307
4429,62,146,940,2407,938,2405,938,49.497307
4430,62,146,940,2407,938,2405,938,49.497307
4431,62,146,940,2407,938,2405,938,49.497307
4432,62,146,940,2407,938,2405,938,49.497307
4433,62,146,940,2407,938,2405,938,49.497307
4434,62,146,940,2407,938,2405,938,49.497307
4435,62,146,940,2407,938,2405,938,49.497307
4436,62,146,940,2407,938,2405,938,49.497307
4437,62,146,941,2408,938,2405,938,49.497307
4438,62,146,941,2408,938,2405,938,49.497307
4439,62,146,941,2408,938,2405,938,49.497307
4440,62,146,941,2408,938,2405,938,49.497307
4441,62,146,941,2408,938,2405,938,49.497307
4442,62,146,941,2408,938,2405,938,49.497307
4443,62,146,941,2408,938,2405,938,49.497307
4444,62,146,941,2408,938,2405,938,49.497307
4445,62,146,941,2408,938,2405,938,49.497307
4446,62,146,941,2408,938,2405,938,49.497307
4447,62,146,941,2408,938,2405,938,49.497307
4448,62,146,941,2408,938,2405,938,49.497307
4449,62,146,941,2408,938,2405,938,49.497307
4450,62,146,941,2408,938,2405,938,49.497307
4451,62,146,941,2408,938,2405,938,49.497307
4452,62,146,941,2408,938,2405,938,49.497307
4453,62,146,941,2408,938,2405,938,49.497307
4454,62,146,941,2408,938,2405,938,49.497307
4455,62,146,941,2408,938,2405,938,49.497307
4456,62,146,941,2408,938,2405,938,49.497307
4457,62,146,941,2408,938,2405,938,49.497307
4458,62,146,941,2408,938,2405,938,49.497307
4459,62,146,941,2408,938,2405,938,49.497307
4460,62,146,941,2408,938,2405,938,49.497307
4461,62,146,941,2408,938,2405,938,49.497307
4462,62,146,941,2408,938,2405,938,49.497307
4463,61,145,941,2408,939,2406,939,49.497307
4464,61,145,941,2408,939,2406,939,49.545433
4465,61,145,941,2408,939,2406,939,49.545433
4466,61,145,941,2408,939,2406,939,49.545433
4467,61,145,941,2408,939,2406,939,49.545433
4468,61,145,941,2408,939,2406,939,49.545433
4469,61,145,941,2408,939,2406,939,49.545433
4470,61,145,941,2408,939,2406,939,49.545433
4471,61,145,941,2408,939,2406,939,49.545433
4472,61,145,941,2408,939,2406,939,49.545433
4473,61,145,941,2408,939,2406,939,49.545433
4474,61,145,941,2408,939,2406,939,49.545433
4475,61,145,941,2408,939,2406,939,49.545433
4476,61,145,941,2408,939,2406,939,49.545433
4477,61,145,941,2408,939,2406,939,49.545433
4478,61,145,941,2408,939,2406,939,49.545433
4479,61,145,941,2408,939,2406,939,49.545433
4480,61,145,941,2408,939,2406,939,49.545433
4481,61,145,941,2408,939,2406,939,49.545433
4482,61,145,941,2408,939,2406,939,49.545433
4483,61,145,941,2408,939,2406,939,49.545433
4484,61,145,941,2408,939,2406,939,49.545433
4485,61,145,941,2408,939,2406,939,49.545433
4486,61,145,941,2408,939,2406,939,49.545433
4487,61,145,941,2408,939,2406,939,49.545433
4488,61,145,941,2408,939,2406,939,49.545433
4489,61,145,941,2408,939,2406,939,49.545433
4490,61,145,941,2408,939,2406,939,49.545433
4491,61,145,941,2408,939,2406,939,49.545433
4492,61,145,941,2408,939,2406,939,49.545433
4493,61,145,941,2408,939,2406,939,49.545433
4494,61,145,941,2408,939,2406,939,49.545433
4495,61,145,941,2408,939,2406,939,49.545433
4496,61,145,941,2408,939,2406,939,49.545433
4497,61,145,941,2408,939,2406,939,49.545433
4498,61,145,941,2408,939,2406,939,49.545433
4499,61,145,941,2408,939,2406,939,49.545433
4500,61,145,941,2408,939,2406,939,49.545433
4501,61,145,941,2408,939,2406,939,49.545433
4502,61,145,941,2408,939,2406,939,49.545433
4503,61,145,941,2408,939,2406,939,49.545433
4504,61,145,941,2408,939,2406,939,49.545433
4505,61,145,941,2408,939,2406,939,49.545433
4506,61,145,941,2408,939,2406,939,49.545433
4507,61,145,941,2408,939,2406,939,49.545433
4508,61,145,941,2408,939,2406,939,49.545433
4509,61,145,941,2408,939,2406,939,49.545433
4510,61,145,941,2408,939,2406,939,49.545433
4511,61,145,941,2408,939,2406,939,49.545433
4512,61,145,942,2410,939,2406,939,49.545433
4513,61,145,942,2410,939,2406,939,49.545433
4514,61,145,942,2410,939,2406,939,49.545433
4515,61,145,942,2410,939,2406,939,49.545433
4516,61,145,942,2410,939,2406,939,49.545433
4517,61,145,942,2410,939,2406,939,49.545433
4518,61,145,942,2410,939,2406,939,49.545433
4519,61,145,942,2410,939,2406,939,49.545433
4520,61,145,942,2410,939,2406,939,49.545433
4521,61,145,942,2410,939,2406,939,49.545433
4522,61,145,942,2410,939,2406,939,49.545433
4523,61,145,942,2410,939,2406,939,49.545433
4524,61,145,942,2410,939,2406,939,49.545433
4525,61,145,942,2410,939,2406,939,49.545433
4526,61,145,942,2410,939,2406,939,49.545433
4527,61,145,942,2410,939,2406,939,49.545433
4528,60,144,942,2410,940,2407,940,49.545433
4529,60,144,942,2410,940,2407,940,49.582344
4530,60,144,942,2410,940,2407,940,49.582344
4531,60,144,942,2410,940,2407,940,49.582344
4532,60,144,942,2410,940,2407,940,49.582344
4533,60,144,942,2410,940,2407,940,49.582344
4534,60,144,942,2410,940,2407,940,49.582344
4535,60,144,942,2410,940,2407,940,49.582344
4536,60,144,942,2410,940,2407,940,49.582344
4537,60,144,942,2410,940,2407,940,49.582344
4538,60,144,942,2410,940,2407,940,49.582344
4539,60,144,942,2410,940,2407,940,49.582344
4540,60,144,942,2410,940,2407,940,49.582344
4541,60,144,942,2410,940,2407,940,49.582344
4542,60,144,942,2410,940,2407,940,49.582344
4543,60,144,942,2410,940,2407,940,49.582344
4544,60,144,942,2410,940,2407,940,49.582344
4545,59,143,942,2410,941,2408,941,49.582344
4546,59,143,942,2410,941,2408,941,49.641552
4547,59,143,943,2415,941,2408,941,49.641552
4548,59,143,943,2415,941,2408,941,49.641552
4549,59,143,943,2415,941,2408,941,49.641552
4550,59,143,943,2415,941,2408,941,49.641552
4551,59,143,943,2415,941,2408,941,49.641552
4552,59,143,943,2415,941,2408,941,49.641552
4553,59,143,944,2419,941,2408,941,49.641552
4554,59,143,944,2419,941,2408,941,49.641552
4555,59,143,944,2419,941,2408,941,49.641552
4556,59,143,944,2419,941,2408,941,49.641552
4557,59,143,944,2419,941,2408,941,49.641552
4558,59,143,944,2419,941,2408,941,49.641552
4559,59,143,944,2419,941,2408,941,49.641552
4560,59,143,944,2419,941,2408,941,49.641552
4561,59,143,944,2419,941,2408,941,49.641552
4562,59,143,944,2419,941,2408,941,49.641552
4563,59,143,944,2419,941,2408,941,49.641552
4564,59,143,944,2419,941,2408,941,49.641552
4565,59,143,944,2419,941,2408,941,49.641552
4566,58,141,945,2422,942,2410,942,49.641552
4567,58,141,945,2422,942,2410,942,49.629147
4568,58,141,945,2422,942,2410,942,49.629147
4569,58,141,945,2422,942,2410,942,49.629147
4570,58,141,945,2422,942,2410,942,49.629147
4571,58,141,945,2422,942,2410,942,49.629147
4572,57,137,946,2423,943,2414,943,49.629147
4573,57,137,946,2423,943,2414,943,49.592236
4574,57,137,946,2423,943,2414,943,49.592236
4575,57,137,946,2423,943,2414,943,49.592236
4576,57,137,946,2423,943,2414,943,49.592236
4577,57,137,946,2423,943,2414,943,49.592236
4578,57,137,946,2423,943,2414,943,49.592236
4579,57,137,946,2423,943,2414,943,49.592236
4580,57,137,946,2423,943,2414,943,49.592236
4581,56,134,946,2423,944,2417,944,49.592236
4582,56,134,946,2423,944,2417,944,49.555447
4583,56,134,946,2423,944,2417,944,49.555447
4584,56,134,946,2423,944,2417,944,49.555447
4585,56,134,946,2423,944,2417,944,49.555447
4586,56,134,946,2423,944,2417,944,49.555447
4587,56,134,946,2423,944,2417,944,49.555447
4588,56,134,946,2423,944,2417,944,49.555447
4589,56,134,946,2423,944,2417,944,49.555447
4590,56,134,946,2423,944,2417,944,49.555447
4591,56,134,946,2423,944,2417,944,49.555447
4592,56,134,946,2423,944,2417,944,49.555447
4593,55,133,946,2423,945,2418,945,49.555447
4594,55,133,946,2423,945,2418,945,49.519398
4595,55,133,946,2423,945,2418,945,49.519398
4596,55,133,946,2423,945,2418,945,49.519398
4597,55,133,946,2423,945,2418,945,49.519398
4598,55,133,946,2423,945,2418,945,49.519398
4599,55,133,946,2423,945,2418,945,49.519398
4600,55,133,946,2423,945,2418,945,49.519398
4601,55,133,946,2423,945,2418,945,49.519398
4602,55,133,946,2423,945,2418,945,49.519398
4603,55,133,946,2423,945,2418,945,49.519398
4604,54,128,946,2423,946,2423,946,49.519398
4605,54,128,946,2423,946,2423,946,49.51806
4606,54,128,946,2423,946,2423,946,49.51806
4607,54,128,946,2423,946,2423,946,49.51806
4608,54,128,946,2423,946,2423,946,49.51806
4609,54,128,947,2425,946,2423,946,49.51806
4610,54,128,947,2425,946,2423,946,49.51806
4611,54,128,947,2425,946,2423,946,49.51806
4612,54,128,947,2425,946,2423,946,49.51806
4613,54,128,947,2425,946,2423,946,49.51806
4614,54,128,947,2425,946,2423,946,49.51806
4615,54,128,947,2425,946,2423,946,49.51806
4616,54,128,947,2425,946,2423,946,49.51806
4617,54,128,947,2425,946,2423,946,49.51806
4618,54,128,947,2425,946,2423,946,49.51806
4619,54,128,947,2425,946,2423,946,49.51806
4620,54,128,947,2425,946,2423,946,49.51806
4621,54,128,947,2425,946,2423,946,49.51806
4622,54,128,947,2425,946,2423,946,49.51806
4623,54,128,947,2425,946,2423,946,49.51806
4624,54,128,947,2425,946,2423,946,49.51806
4625,54,128,947,2425,946,2423,946,49.51806
4626,54,128,947,2425,946,2423,946,49.51806
4627,54,128,947,2425,946,2423,946,49.51806
4628,54,128,947,2425,946,2423,946,49.51806
4629,54,128,947,2425,946,2423,946,49.51806
4630,54,128,947,2425,946,2423,946,49.51806
4631,54,128,947,2425,946,2423,946,49.51806
4632,54,128,947,2425,946,2423,946,49.51806
4633,54,128,947,2425,946,2423,946,49.51806
4634,54,128,947,2425,946,2423,946,49.51806
4635,54,128,947,2425,946,2423,946,49.51806
4636,54,128,947,2425,946,2423,946,49.51806
4637,53,126,947,2425,947,2425,947,49.51806
4638,53,126,947,2425,947,2425,947,49.49352
4639,53,126,947,2425,947,2425,947,49.49352
4640,53,126,947,2425,947,2425,947,49.49352
4641,53,126,947,2425,947,2425,947,49.49352
4642,53,126,947,2425,947,2425,947,49.49352
4643,53,126,948,2426,947,2425,947,49.49352
4644,53,126,948,2426,947,2425,947,49.49352
4645,53,126,948,2426,947,2425,947,49.49352
4646,53,126,948,2426,947,2425,947,49.49352
4647,53,126,948,2426,947,2425,947,49.49352
4648,53,126,948,2426,947,2425,947,49.49352
4649,53,126,948,2426,947,2425,947,49.49352
4650,53,126,948,2426,947,2425,947,49.49352
4651,53,126,948,2426,947,2425,947,49.49352
4652,53,126,948,2426,947,2425,947,49.49352
4653,53,126,949,2427,947,2425,947,49.49352
4654,53,126,949,2427,947,2425,947,49.49352
4655,53,126,949,2427,947,2425,947,49.49352
4656,53,126,949,2427,947,2425,947,49.49352
4657,53,126,949,2427,947,2425,947,49.49352
4658,53,126,949,2427,947,2425,947,49.49352
4659,53,126,949,2427,947,2425,947,49.49352
4660,53,126,949,2427,947,2425,947,49.49352
4661,53,126,949,2427,947,2425,947,49.49352
4662,53,126,949,2427,947,2425,947,49.49352
4663,53,126,949,2427,947,2425,947,49.49352
4664,53,126,949,2427,947,2425,947,49.49352
4665,53,126,949,2427,947,2425,947,49.49352
4666,53,126,949,2427,947,2425,947,49.49352
4667,53,126,949,2427,947,2425,947,49.49352
4668,53,126,949,2427,947,2425,947,49.49352
4669,53,126,949,2427,947,2425,947,49.49352
4670,53,126,949,2427,947,2425,947,49.49352
4671,53,126,949,2427,947,2425,947,49.49352
4672,53,126,949,2427,947,2425,947,49.49352
4673,53,126,949,2427,947,2425,947,49.49352
4674,53,126,949,2427,947,2425,947,49.49352
4675,53,126,949,2427,947,2425,947,49.49352
4676,53,126,949,2427,947,2425,947,49.49352
4677,53,126,949,2427,947,2425,947,49.49352
4678,53,126,949,2427,947,2425,947,49.49352
4679,53,126,949,2427,947,2425,947,49.49352
4680,53,126,949,2427,947,2425,947,49.49352
4681,53,126,949,2427,947,2425,947,49.49352
4682,53,126,949,2427,947,2425,947,49.49352
4683,53,126,949,2427,947,2425,947,49.49352
4684,53,126,949,2427,947,2425,947,49.49352
4685,53,126,949,2427,947,2425,947,49.49352
4686,53,126,949,2427,947,2425,947,49.49352
4687,53,126,949,2427,947,2425,947,49.49352
4688,53,126,949,2427,947,2425,947,49.49352
4689,53,126,949,2427,947,2425,947,49.49352
4690,53,126,949,2427,947,2425,947,49.49352
4691,53,126,949,2427,947,2425,947,49.49352
4692,53,126,949,2427,947,2425,947,49.49352
4693,53,126,949,2427,947,2425,947,49.49352
4694,53,126,949,2427,947,2425,947,49.49352
4695,53,126,949,2427,947,2425,947,49.49352
4696,53,126,949,2427,947,2425,947,49.49352
4697,53,126,949,2427,947,2425,947,49.49352
4698,53,126,949,2427,947,2425,947,49.49352
4699,53,126,949,2427,947,2425,947,49.49352
4700,53,126,949,2427,947,2425,947,49.49352
4701,53,126,949,2427,947,2425,947,49.49352
4702,53,126,949,2427,947,2425,947,49.49352
4703,53,126,949,2427,947,2425,947,49.49352
4704,53,126,949,2427,947,2425,947,49.49352
4705,53,126,949,2427,947,2425,947,49.49352
4706,53,126,949,2427,947,2425,947,49.49352
4707,53,126,949,2427,947,2425,947,49.49352
4708,53,126,949,2427,947,2425,947,49.49352
4709,53,126,949,2427,947,2425,947,49.49352
4710,53,126,949,2427,947,2425,947,49.49352
4711,53,126,949,2427,947,2425,947,49.49352
4712,53,126,949,2427,947,2425,947,49.49352
4713,53,126,949,2427,947,2425,947,49.49352
4714,53,126,949,2427,947,2425,947,49.49352
4715,53,126,949,2427,947,2425,947,49.49352
4716,53,126,949,2427,947,2425,947,49.49352
4717,53,126,949,2427,947,2425,947,49.49352
4718,53,126,949,2427,947,2425,947,49.49352
4719,53,126,949,2427,947,2425,947,49.49352
4720,53,126,949,2427,947,2425,947,49.49352
4721,53,126,949,2427,947,2425,947,49.49352
4722,53,126,949,2427,947,2425,947,49.49352
4723,53,126,949,2427,947,2425,947,49.49352
4724,53,126,949,2427,947,2425,947,49.49352
4725,53,126,949,2427,947,2425,947,49.49352
4726,53,126,949,2427,947,2425,947,49.49352
4727,53,126,949,2427,947,2425,947,49.49352
4728,53,126,949,2427,947,2425,947,49.49352
4729,53,126,950,2430,947,2425,947,49.49352
4730,53,126,950,2430,947,2425,947,49.49352
4731,53,126,950,2430,947,2425,947,49.49352
4732,53,126,950,2430,947,2425,947,49.49352
4733,53,126,950,2430,947,2425,947,49.49352
4734,53,126,950,2430,947,2425,947,49.49352
4735,53,126,950,2430,947,2425,947,49.49352
4736,53,126,950,2430,947,2425,947,49.49352
4737,53,126,950,2430,947,2425,947,49.49352
4738,53,126,950,2430,947,2425,947,49.49352
4739,53,126,950,2430,947,2425,947,49.49352
4740,52,125,950,2430,948,2426,948,49.49352
4741,52,125,950,2430,948,2426,948,49.511032
4742,52,125,950,2430,948,2426,948,49.511032
4743,52,125,950,2430,948,2426,948,49.511032
4744,52,125,950,2430,948,2426,948,49.511032
4745,52,125,950,2430,948,2426,948,49.511032
4746,52,125,950,2430,948,2426,948,49.511032
4747,52,125,950,2430,948,2426,948,49.511032
4748,52,125,950,2430,948,2426,948,49.511032
4749,52,125,950,2430,948,2426,948,49.511032
4750,52,125,950,2430,948,2426,948,49.511032
4751,52,125,950,2430,948,2426,948,49.511032
4752,51,124,950,2430,949,2427,949,49.511032
4753,51,124,950,2430,949,2427,949,49.556133
4754,51,124,950,2430,949,2427,949,49.556133
4755,51,124,950,2430,949,2427,949,49.556133
4756,51,124,950,2430,949,2427,949,49.556133
4757,51,124,950,2430,949,2427,949,49.556133
4758,51,124,950,2430,949,2427,949,49.556133
4759,51,124,950,2430,949,2427,949,49.556133
4760,51,124,950,2430,949,2427,949,49.556133
4761,51,124,950,2430,949,2427,949,49.556133
4762,51,124,950,2430,949,2427,949,49.556133
4763,51,124,950,2430,949,2427,949,49.556133
4764,51,124,950,2430,949,2427,949,49.556133
4765,51,124,950,2430,949,2427,949,49.556133
4766,51,124,950,2430,949,2427,949,49.556133
4767,51,124,950,2430,949,2427,949,49.556133
4768,51,124,950,2430,949,2427,949,49.556133
4769,51,124,950,2430,949,2427,949,49.556133
4770,51,124,950,2430,949,2427,949,49.556133
4771,51,124,950,2430,949,2427,949,49.556133
4772,51,124,950,2430,949,2427,949,49.556133
4773,51,124,950,2430,949,2427,949,49.556133
4774,51,124,951,2433,949,2427,949,49.556133
4775,51,124,951,2433,949,2427,949,49.556133
4776,51,124,951,2433,949,2427,949,49.556133
4777,51,124,951,2433,949,2427,949,49.556133
4778,51,124,951,2433,949,2427,949,49.556133
4779,51,124,951,2433,949,2427,949,49.556133
4780,51,124,951,2433,949,2427,949,49.556133
4781,51,124,951,2433,949,2427,949,49.556133
4782,51,124,951,2433,949,2427,949,49.556133
4783,51,124,951,2433,949,2427,949,49.556133
4784,51,124,951,2433,949,2427,949,49.556133
4785,51,124,951,2433,949,2427,949,49.556133
4786,51,124,951,2433,949,2427,949,49.556133
4787,51,124,951,2433,949,2427,949,49.556133
4788,51,124,951,2433,949,2427,949,49.556133
4789,51,124,952,2434,949,2427,949,49.556133
4790,51,124,952,2434,949,2427,949,49.556133
4791,51,124,952,2434,949,2427,949,49.556133
4792,51,124,952,2434,949,2427,949,49.556133
4793,51,124,952,2434,949,2427,949,49.556133
4794,51,124,952,2434,949,2427,949,49.556133
4795,51,124,952,2434,949,2427,949,49.556133
4796,51,124,952,2434,949,2427,949,49.556133
4797,51,124,952,2434,949,2427,949,49.556133
4798,51,124,952,2434,949,2427,949,49.556133
4799,51,124,952,2434,949,2427,949,49.556133
4800,51,124,952,2434,949,2427,949,49.556133
4801,51,124,952,2434,949,2427,949,49.556133
4802,51,124,952,2434,949,2427,949,49.556133
4803,51,124,952,2434,949,2427,949,49.556133
4804,51,124,952,2434,949,2427,949,49.556133
4805,50,121,952,2434,950,2430,950,49.556133
4806,50,121,952,2434,950,2430,950,49.562275
4807,49,118,952,2434,951,2433,951,49.562275
4808,49,118,952,2434,951,2433,951,49.539173
4809,49,118,952,2434,951,2433,951,49.539173
4810,49,118,952,2434,951,2433,951,49.539173
4811,49,118,952,2434,951,2433,951,49.539173
4812,49,118,952,2434,951,2433,951,49.539173
4813,49,118,952,2434,951,2433,951,49.539173
4814,49,118,952,2434,951,2433,951,49.539173
4815,49,118,952,2434,951,2433,951,49.539173
4816,49,118,952,2434,951,2433,951,49.539173
4817,49,118,952,2434,951,2433,951,49.539173
4818,49,118,952,2434,951,2433,951,49.539173
4819,49,118,952,2434,951,2433,951,49.539173
4820,49,118,952,2434,951,2433,951,49.539173
4821,49,118,952,2434,951,2433,951,49.539173
4822,49,118,952,2434,951,2433,951,49.539173
4823,49,118,952,2434,951,2433,951,49.539173
4824,49,118,952,2434,951,2433,951,49.539173
4825,49,118,952,2434,951,2433,951,49.539173
4826,49,118,952,2434,951,2433,951,49.539173
4827,49,118,952,2434,951,2433,951,49.539173
4828,49,118,952,2434,951,2433,951,49.539173
4829,49,118,952,2434,951,2433,951,49.539173
4830,49,118,952,2434,951,2433,951,49.539173
4831,49,118,952,2434,951,2433,951,49.539173
4832,49,118,952,2434,951,2433,951,49.539173
4833,49,118,953,2435,951,2433,951,49.539173
4834,49,118,953,2435,951,2433,951,49.539173
4835,49,118,953,2435,951,2433,951,49.539173
4836,49,118,953,2435,951,2433,951,49.539173
4837,49,118,953,2435,951,2433,951,49.539173
4838,49,118,953,2435,951,2433,951,49.539173
4839,49,118,953,2435,951,2433,951,49.539173
4840,49,118,953,2435,951,2433,951,49.539173
4841,49,118,953,2435,951,2433,951,49.539173
4842,49,118,953,2435,951,2433,951,49.539173
4843,49,118,953,2435,951,2433,951,49.539173
4844,49,118,953,2435,951,2433,951,49.539173
4845,49,118,953,2435,951,2433,951,49.539173
4846,49,118,953,2435,951,2433,951,49.539173
4847,49,118,953,2435,951,2433,951,49.539173
4848,49,118,953,2435,951,2433,951,49.539173
4849,49,118,953,2435,951,2433,951,49.539173
4850,49,118,953,2435,951,2433,951,49.539173
4851,49,118,953,2435,951,2433,951,49.539173
4852,48,117,953,2435,952,2434,952,49.539173
4853,48,117,953,2435,952,2434,952,49.542736
4854,48,117,953,2435,952,2434,952,49.542736
4855,47,116,953,2435,953,2435,953,49.542736
4856,47,116,953,2435,953,2435,953,49.506725
4857,47,116,953,2435,953,2435,953,49.506725
4858,47,116,953,2435,953,2435,953,49.506725
4859,47,116,953,2435,953,2435,953,49.506725
4860,47,116,953,2435,953,2435,953,49.506725
4861,47,116,953,2435,953,2435,953,49.506725
4862,47,116,953,2435,953,2435,953,49.506725
4863,47,116,953,2435,953,2435,953,49.506725
4864,47,116,953,2435,953,2435,953,49.506725
4865,47,116,953,2435,953,2435,953,49.506725
4866,47,116,953,2435,953,2435,953,49.506725
4867,47,116,953,2435,953,2435,953,49.506725
4868,47,116,954,2437,953,2435,953,49.506725
4869,47,116,954,2437,953,2435,953,49.506725
4870,47,116,954,2437,953,2435,953,49.506725
4871,47,116,954,2437,953,2435,953,49.506725
4872,47,116,954,2437,953,2435,953,49.506725
4873,47,116,954,2437,953,2435,953,49.506725
4874,47,116,954,2437,953,2435,953,49.506725
4875,47,116,954,2437,953,2435,953,49.506725
4876,47,116,954,2437,953,2435,953,49.506725
4877,47,116,954,2437,953,2435,953,49.506725
4878,47,116,954,2437,953,2435,953,49.506725
4879,47,116,954,2437,953,2435,953,49.506725
4880,47,116,954,2437,953,2435,953,49.506725
4881,47,116,954,2437,953,2435,953,49.506725
4882,47,116,954,2437,953,2435,953,49.506725
4883,47,116,954,2437,953,2435,953,49.506725
4884,47,116,954,2437,953,2435,953,49.506725
4885,47,116,954,2437,953,2435,953,49.506725
4886,47,116,954,2437,953,2435,953,49.506725
4887,47,116,954,2437,953,2435,953,49.506725
4888,47,116,954,2437,953,2435,953,49.506725
4889,47,116,954,2437,953,2435,953,49.506725
4890,47,116,954,2437,953,2435,953,49.506725
4891,47,116,954,2437,953,2435,953,49.506725
4892,47,116,954,2437,953,2435,953,49.506725
4893,47,116,955,2442,953,2435,953,49.506725
4894,47,116,955,2442,953,2435,953,49.506725
4895,47,116,955,2442,953,2435,953,49.506725
4896,47,116,955,2442,953,2435,953,49.506725
4897,47,116,955,2442,953,2435,953,49.506725
4898,47,116,955,2442,953,2435,953,49.506725
4899,47,116,955,2442,953,2435,953,49.506725
4900,47,116,955,2442,953,2435,953,49.506725
4901,47,116,955,2442,953,2435,953,49.506725
4902,47,116,955,2442,953,2435,953,49.506725
4903,47,116,955,2442,953,2435,953,49.506725
4904,47,116,955,2442,953,2435,953,49.506725
4905,47,116,955,2442,953,2435,953,49.506725
4906,47,116,955,2442,953,2435,953,49.506725
4907,47,116,955,2442,953,2435,953,49.506725
4908,47,116,955,2442,953,2435,953,49.506725
4909,47,116,955,2442,953,2435,953,49.506725
4910,47,116,955,2442,953,2435,953,49.506725
4911,47,116,955,2442,953,2435,953,49.506725
4912,47,116,955,2442,953,2435,953,49.506725
4913,47,116,955,2442,953,2435,953,49.506725
4914,47,116,955,2442,953,2435,953,49.506725
4915,47,116,955,2442,953,2435,953,49.506725
4916,47,116,955,2442,953,2435,953,49.506725
4917,47,116,955,2442,953,2435,953,49.506725
4918,47,116,955,2442,953,2435,953,49.506725
4919,47,116,955,2442,953,2435,953,49.506725
4920,47,116,955,2442,953,2435,953,49.506725
4921,47,116,955,2442,953,2435,953,49.506725
4922,46,114,955,2442,954,2437,954,49.506725
4923,46,114,955,2442,954,2437,954,49.503204
4924,46,114,955,2442,954,2437,954,49.503204
4925,46,114,955,2442,954,2437,954,49.503204
4926,46,114,955,2442,954,2437,954,49.503204
4927,46,114,955,2442,954,2437,954,49.503204
4928,46,114,955,2442,954,2437,954,49.503204
4929,46,114,955,2442,954,2437,954,49.503204
4930,46,114,955,2442,954,2437,954,49.503204
4931,46,114,956,2447,954,2437,954,49.503204
4932,46,114,956,2447,954,2437,954,49.503204
4933,45,109,956,2447,955,2442,955,49.503204
4934,45,109,956,2447,955,2442,955,49.48891
4935,45,109,956,2447,955,2442,955,49.48891
4936,45,109,956,2447,955,2442,955,49.48891
4937,45,109,956,2447,955,2442,955,49.48891
4938,45,109,956,2447,955,2442,955,49.48891
4939,45,109,956,2447,955,2442,955,49.48891
4940,45,109,956,2447,955,2442,955,49.48891
4941,45,109,956,2447,955,2442,955,49.48891
4942,45,109,956,2447,955,2442,955,49.48891
4943,45,109,957,2448,955,2442,955,49.48891
4944,45,109,957,2448,955,2442,955,49.48891
4945,45,109,957,2448,955,2442,955,49.48891
4946,45,109,957,2448,955,2442,955,49.48891
4947,45,109,957,2448,955,2442,955,49.48891
4948,45,109,957,2448,955,2442,955,49.48891
4949,45,109,957,2448,955,2442,955,49.48891
4950,45,109,957,2448,955,2442,955,49.48891
4951,45,109,957,2448,955,2442,955,49.48891
4952,45,109,957,2448,955,2442,955,49.48891
4953,45,109,957,2448,955,2442,955,49.48891
4954,45,109,957,2448,955,2442,955,49.48891
4955,45,109,957,2448,955,2442,955,49.48891
4956,45,109,957,2448,955,2442,955,49.48891
4957,45,109,957,2448,955,2442,955,49.48891
4958,45,109,957,2448,955,2442,955,49.48891
4959,45,109,957,2448,955,2442,955,49.48891
4960,45,109,957,2448,955,2442,955,49.48891
4961,45,109,957,2448,955,2442,955,49.48891
4962,45,109,957,2448,955,2442,955,49.48891
4963,45,109,957,2448,955,2442,955,49.48891
4964,45,109,957,2448,955,2442,955,49.48891
4965,45,109,957,2448,955,2442,955,49.48891
4966,45,109,957,2448,955,2442,955,49.48891
4967,45,109,957,2448,955,2442,955,49.48891
4968,45,109,957,2448,955,2442,955,49.48891
4969,45,109,957,2448,955,2442,955,49.48891
4970,45,109,957,2448,955,2442,955,49.48891
4971,45,109,957,2448,955,2442,955,49.48891
4972,45,109,957,2448,955,2442,955,49.48891
4973,45,109,958,2449,955,2442,955,49.48891
4974,45,109,958,2449,955,2442,955,49.48891
4975,45,109,958,2449,955,2442,955,49.48891
4976,45,109,958,2449,955,2442,955,49.48891
4977,45,109,958,2449,955,2442,955,49.48891
4978,45,109,958,2449,955,2442,955,49.48891
4979,45,109,958,2449,955,2442,955,49.48891
4980,45,109,958,2449,955,2442,955,49.48891
4981,45,109,958,2449,955,2442,955,49.48891
4982,45,109,958,2449,955,2442,955,49.48891
4983,45,109,958,2449,955,2442,955,49.48891
4984,45,109,958,2449,955,2442,955,49.48891
4985,45,109,959,2450,955,2442,955,49.48891
4986,45,109,959,2450,955,2442,955,49.48891
4987,45,109,959,2450,955,2442,955,49.48891
4988,45,109,959,2450,955,2442,955,49.48891
4989,45,109,959,2450,955,2442,955,49.48891
4990,45,109,959,2450,955,2442,955,49.48891
4991,45,109,959,2450,955,2442,955,49.48891
4992,45,109,959,2450,955,2442,955,49.48891
4993,45,109,959,2450,955,2442,955,49.48891
4994,45,109,960,2453,955,2442,955,49.48891
4995,45,109,960,2453,955,2442,955,49.48891
4996,45,109,960,2453,955,2442,955,49.48891
4997,45,109,960,2453,955,2442,955,49.48891
4998,45,109,960,2453,955,2442,955,49.48891
4999,45,109,960,2453,955,2442,955,49.48891
5000,45,109,961,2455,955,2442,955,49.48891
5001,45,109,961,2455,955,2442,955,49.48891
5002,45,109,961,2455,955,2442,955,49.48891
5003,45,109,961,2455,955,2442,955,49.48891
5004,45,109,961,2455,955,2442,955,49.48891
5005,45,109,961,2455,955,2442,955,49.48891
5006,45,109,961,2455,955,2442,955,49.48891
5007,45,109,961,2455,955,2442,955,49.48891
5008,45,109,962,2456,955,2442,955,49.48891
5009,45,109,963,2458,955,2442,955,49.48891
5010,45,109,963,2458,955,2442,955,49.48891
5011,44,108,963,2458,956,2443,956,49.48891
5012,44,108,963,2458,956,2443,956,49.506485
5013,44,108,963,2458,956,2443,956,49.506485
5014,44,108,963,2458,956,2443,956,49.506485
5015,44,108,963,2458,956,2443,956,49.506485
5016,44,108,963,2458,956,2443,956,49.506485
5017,44,108,963,2458,956,2443,956,49.506485
5018,44,108,963,2458,956,2443,956,49.506485
5019,44,108,963,2458,956,2443,956,49.506485
5020,44,108,963,2458,956,2443,956,49.506485
5021,44,108,963,2458,956,2443,956,49.506485
5022,43,105,963,2458,957,2446,957,49.506485
5023,43,105,963,2458,957,2446,957,49.48264
5024,43,105,963,2458,957,2446,957,49.48264
5025,42,104,963,2458,958,2447,958,49.48264
5026,42,104,963,2458,958,2447,958,49.4719
5027,42,104,963,2458,958,2447,958,49.4719
5028,42,104,964,2463,958,2447,958,49.4719
5029,42,104,964,2463,958,2447,958,49.4719
5030,42,104,964,2463,958,2447,958,49.4719
5031,42,104,964,2463,958,2447,958,49.4719
5032,42,104,964,2463,958,2447,958,49.4719
5033,42,104,964,2463,958,2447,958,49.4719
5034,42,104,964,2463,958,2447,958,49.4719
5035,42,104,964,2463,958,2447,958,49.4719
5036,42,104,964,2463,958,2447,958,49.4719
5037,42,104,964,2463,958,2447,958,49.4719
5038,42,104,964,2463,958,2447,958,49.4719
5039,42,104,964,2463,958,2447,958,49.4719
5040,42,104,964,2463,958,2447,958,49.4719
5041,42,104,964,2463,958,2447,958,49.4719
5042,42,104,964,2463,958,2447,958,49.4719
5043,42,104,964,2463,958,2447,958,49.4719
5044,42,104,964,2463,958,2447,958,49.4719
5045,42,104,964,2463,958,2447,958,49.4719
5046,42,104,964,2463,958,2447,958,49.4719
5047,42,104,964,2463,958,2447,958,49.4719
5048,42,104,964,2463,958,2447,958,49.4719
5049,41,102,964,2463,959,2449,959,49.4719
5050,41,102,964,2463,959,2449,959,49.470173
5051,41,102,965,2465,959,2449,959,49.470173
5052,41,102,965,2465,959,2449,959,49.470173
5053,40,101,965,2465,960,2450,960,49.470173
5054,40,101,965,2465,960,2450,960,49.4598
5055,40,101,965,2465,960,2450,960,49.4598
5056,40,101,965,2465,960,2450,960,49.4598
5057,40,101,965,2465,960,2450,960,49.4598
5058,40,101,965,2465,960,2450,960,49.4598
5059,40,101,965,2465,960,2450,960,49.4598
5060,40,101,965,2465,960,2450,960,49.4598
5061,40,101,965,2465,960,2450,960,49.4598
5062,39,96,965,2465,961,2455,961,49.4598
5063,39,96,965,2465,961,2455,961,49.504158
5064,39,96,965,2465,961,2455,961,49.504158
5065,38,94,965,2465,962,2457,962,49.504158
5066,38,94,965,2465,962,2457,962,49.49544
5067,38,94,965,2465,962,2457,962,49.49544
5068,38,94,965,2465,962,2457,962,49.49544
5069,38,94,965,2465,962,2457,962,49.49544
5070,38,94,965,2465,962,2457,962,49.49544
5071,38,94,965,2465,962,2457,962,49.49544
5072,38,94,965,2465,962,2457,962,49.49544
5073,38,94,965,2465,962,2457,962,49.49544
5074,38,94,965,2465,962,2457,962,49.49544
5075,38,94,965,2465,962,2457,962,49.49544
5076,38,94,965,2465,962,2457,962,49.49544
5077,38,94,965,2465,962,2457,962,49.49544
5078,38,94,965,2465,962,2457,962,49.49544
5079,38,94,965,2465,962,2457,962,49.49544
5080,38,94,965,2465,962,2457,962,49.49544
5081,38,94,965,2465,962,2457,962,49.49544
5082,38,94,965,2465,962,2457,962,49.49544
5083,38,94,965,2465,962,2457,962,49.49544
5084,38,94,965,2465,962,2457,962,49.49544
5085,38,94,965,2465,962,2457,962,49.49544
5086,38,94,965,2465,962,2457,962,49.49544
5087,38,94,965,2465,962,2457,962,49.49544
5088,38,94,965,2465,962,2457,962,49.49544
5089,38,94,965,2465,962,2457,962,49.49544
5090,38,94,965,2465,962,2457,962,49.49544
5091,38,94,965,2465,962,2457,962,49.49544
5092,38,94,965,2465,962,2457,962,49.49544
5093,38,94,965,2465,962,2457,962,49.49544
5094,38,94,965,2465,962,2457,962,49.49544
5095,38,94,965,2465,962,2457,962,49.49544
5096,38,94,965,2465,962,2457,962,49.49544
5097,38,94,965,2465,962,2457,962,49.49544
5098,37,89,965,2465,963,2462,963,49.49544
5099,36,88,965,2465,964,2463,964,49.50771
5100,36,88,965,2465,964,2463,964,49.551476
5101,36,88,965,2465,964,2463,964,49.551476
5102,36,88,965,2465,964,2463,964,49.551476
5103,36,88,965,2465,964,2463,964,49.551476
5104,36,88,965,2465,964,2463,964,49.551476
5105,36,88,965,2465,964,2463,964,49.551476
5106,36,88,965,2465,964,2463,964,49.551476
5107,36,88,965,2465,964,2463,964,49.551476
5108,36,88,965,2465,964,2463,964,49.551476
5109,36,88,965,2465,964,2463,964,49.551476
5110,36,88,965,2465,964,2463,964,49.551476
5111,36,88,965,2465,964,2463,964,49.551476
5112,36,88,965,2465,964,2463,964,49.551476
5113,36,88,965,2465,964,2463,964,49.551476
5114,36,88,965,2465,964,2463,964,49.551476
5115,36,88,965,2465,964,2463,964,49.551476
5116,36,88,965,2465,964,2463,964,49.551476
5117,36,88,965,2465,964,2463,964,49.551476
5118,36,88,965,2465,964,2463,964,49.551476
5119,35,86,965,2465,965,2465,965,49.551476
5120,35,86,965,2465,965,2465,965,49.562893
5121,35,86,965,2465,965,2465,965,49.562893
5122,35,86,965,2465,965,2465,965,49.562893
5123,35,86,965,2465,965,2465,965,49.562893
5124,35,86,965,2465,965,2465,965,49.562893
5125,35,86,965,2465,965,2465,965,49.562893
5126,35,86,965,2465,965,2465,965,49.562893
5127,35,86,965,2465,965,2465,965,49.562893
5128,35,86,965,2465,965,2465,965,49.562893
5129,35,86,965,2465,965,2465,965,49.562893
5130,35,86,966,2467,965,2465,965,49.562893
5131,35,86,966,2467,965,2465,965,49.562893
5132,35,86,966,2467,965,2465,965,49.562893
5133,35,86,967,2471,965,2465,965,49.562893
5134,35,86,967,2471,965,2465,965,49.562893
5135,35,86,967,2471,965,2465,965,49.562893
5136,35,86,967,2471,965,2465,965,49.562893
5137,35,86,967,2471,965,2465,965,49.562893
5138,35,86,967,2471,965,2465,965,49.562893
5139,35,86,967,2471,965,2465,965,49.562893
5140,35,86,967,2471,965,2465,965,49.562893
5141,35,86,968,2476,965,2465,965,49.562893
5142,35,86,968,2476,965,2465,965,49.562893
5143,35,86,968,2476,965,2465,965,49.562893
5144,35,86,969,2479,965,2465,965,49.562893
5145,35,86,969,2479,965,2465,965,49.562893
5146,35,86,970,2481,965,2465,965,49.562893
5147,35,86,970,2481,965,2465,965,49.562893
5148,35,86,971,2484,965,2465,965,49.562893
5149,35,86,971,2484,965,2465,965,49.562893
5150,35,86,971,2484,965,2465,965,49.562893
5151,35,86,971,2484,965,2465,965,49.562893
5152,35,86,971,2484,965,2465,965,49.562893
5153,35,86,971,2484,965,2465,965,49.562893
5154,35,86,971,2484,965,2465,965,49.562893
5155,35,86,971,2484,965,2465,965,49.562893
5156,35,86,971,2484,965,2465,965,49.562893
5157,35,86,971,2484,965,2465,965,49.562893
5158,35,86,971,2484,965,2465,965,49.562893
5159,35,86,971,2484,965,2465,965,49.562893
5160,35,86,971,2484,965,2465,965,49.562893
5161,35,86,971,2484,965,2465,965,49.562893
5162,35,86,971,2484,965,2465,965,49.562893
5163,35,86,971,2484,965,2465,965,49.562893
5164,35,86,971,2484,965,2465,965,49.562893
5165,35,86,971,2484,965,2465,965,49.562893
5166,35,86,971,2484,965,2465,965,49.562893
5167,35,86,971,2484,965,2465,965,49.562893
5168,35,86,971,2484,965,2465,965,49.562893
5169,35,86,971,2484,965,2465,965,49.562893
5170,35,86,971,2484,965,2465,965,49.562893
5171,35,86,971,2484,965,2465,965,49.562893
5172,35,86,971,2484,965,2465,965,49.562893
5173,35,86,971,2484,965,2465,965,49.562893
5174,35,86,971,2484,965,2465,965,49.562893
5175,35,86,971,2484,965,2465,965,49.562893
5176,35,86,971,2484,965,2465,965,49.562893
5177,35,86,971,2484,965,2465,965,49.562893
5178,35,86,971,2484,965,2465,965,49.562893
5179,35,86,971,2484,965,2465,965,49.562893
5180,35,86,971,2484,965,2465,965,49.562893
5181,35,86,971,2484,965,2465,965,49.562893
5182,34,83,971,2484,966,2468,966,49.562893
5183,34,83,971,2484,966,2468,966,49.548115
5184,34,83,971,2484,966,2468,966,49.548115
5185,34,83,971,2484,966,2468,966,49.548115
5186,33,80,971,2484,967,2471,967,49.548115
5187,33,80,971,2484,967,2471,967,49.531593
5188,33,80,971,2484,967,2471,967,49.531593
5189,33,80,971,2484,967,2471,967,49.531593
5190,32,75,971,2484,968,2476,968,49.531593
5191,32,75,971,2484,968,2476,968,49.518913
5192,32,75,971,2484,968,2476,968,49.518913
5193,32,75,971,2484,968,2476,968,49.518913
5194,32,75,971,2484,968,2476,968,49.518913
5195,32,75,971,2484,968,2476,968,49.518913
5196,32,75,972,2485,968,2476,968,49.518913
5197,32,75,972,2485,968,2476,968,49.518913
5198,32,75,972,2485,968,2476,968,49.518913
5199,32,75,972,2485,968,2476,968,49.518913
5200,32,75,972,2485,968,2476,968,49.518913
5201,32,75,972,2485,968,2476,968,49.518913
5202,32,75,972,2485,968,2476,968,49.518913
5203,32,75,972,2485,968,2476,968,49.518913
5204,31,71,972,2485,969,2480,969,49.518913
5205,31,71,972,2485,969,2480,969,49.522507
5206,31,71,972,2485,969,2480,969,49.522507
5207,31,71,972,2485,969,2480,969,49.522507
5208,31,71,972,2485,969,2480,969,49.522507
5209,31,71,973,2487,969,2480,969,49.522507
5210,31,71,973,2487,969,2480,969,49.522507
5211,31,71,974,2491,969,2480,969,49.522507
5212,31,71,974,2491,969,2480,969,49.522507
5213,31,71,974,2491,969,2480,969,49.522507
5214,31,71,974,2491,969,2480,969,49.522507
5215,31,71,974,2491,969,2480,969,49.522507
5216,30,70,974,2491,970,2481,970,49.522507
5217,30,70,974,2491,970,2481,970,49.49206
5218,30,70,974,2491,970,2481,970,49.49206
5219,30,70,974,2491,970,2481,970,49.49206
5220,30,70,974,2491,970,2481,970,49.49206
5221,30,70,974,2491,970,2481,970,49.49206
5222,30,70,974,2491,970,2481,970,49.49206
5223,30,70,974,2491,970,2481,970,49.49206
5224,30,70,974,2491,970,2481,970,49.49206
5225,29,68,974,2491,971,2483,971,49.49206
5226,29,68,974,2491,971,2483,971,49.49911
5227,29,68,974,2491,971,2483,971,49.49911
5228,29,68,974,2491,971,2483,971,49.49911
5229,29,68,974,2491,971,2483,971,49.49911
5230,29,68,974,2491,971,2483,971,49.49911
5231,29,68,974,2491,971,2483,971,49.49911
5232,29,68,974,2491,971,2483,971,49.49911
5233,29,68,974,2491,971,2483,971,49.49911
5234,29,68,974,2491,971,2483,971,49.49911
5235,29,68,974,2491,971,2483,971,49.49911
5236,29,68,974,2491,971,2483,971,49.49911
5237,29,68,974,2491,971,2483,971,49.49911
5238,29,68,974,2491,971,2483,971,49.49911
5239,29,68,974,2491,971,2483,971,49.49911
5240,29,68,974,2491,971,2483,971,49.49911
5241,28,66,974,2491,972,2485,972,49.49911
5242,28,66,974,2491,972,2485,972,49.55897
5243,28,66,974,2491,972,2485,972,49.55897
5244,28,66,974,2491,972,2485,972,49.55897
5245,28,66,974,2491,972,2485,972,49.55897
5246,28,66,974,2491,972,2485,972,49.55897
5247,28,66,974,2491,972,2485,972,49.55897
5248,28,66,974,2491,972,2485,972,49.55897
5249,28,66,974,2491,972,2485,972,49.55897
5250,28,66,974,2491,972,2485,972,49.55897
5251,28,66,974,2491,972,2485,972,49.55897
5252,28,66,974,2491,972,2485,972,49.55897
5253,28,66,974,2491,972,2485,972,49.55897
5254,28,66,974,2491,972,2485,972,49.55897
5255,28,66,974,2491,972,2485,972,49.55897
5256,28,66,974,2491,972,2485,972,49.55897
5257,28,66,974,2491,972,2485,972,49.55897
5258,28,66,974,2491,972,2485,972,49.55897
5259,28,66,974,2491,972,2485,972,49.55897
5260,28,66,974,2491,972,2485,972,49.55897
5261,28,66,974,2491,972,2485,972,49.55897
5262,28,66,974,2491,972,2485,972,49.55897
5263,28,66,974,2491,972,2485,972,49.55897
5264,28,66,974,2491,972,2485,972,49.55897
5265,28,66,974,2491,972,2485,972,49.55897
5266,28,66,974,2491,972,2485,972,49.55897
5267,28,66,974,2491,972,2485,972,49.55897
5268,28,66,974,2491,972,2485,972,49.55897
5269,27,62,974,2491,973,2489,973,49.55897
5270,27,62,974,2491,973,2489,973,49.566055
5271,27,62,974,2491,973,2489,973,49.566055
5272,27,62,974,2491,973,2489,973,49.566055
5273,27,62,974,2491,973,2489,973,49.566055
5274,27,62,974,2491,973,2489,973,49.566055
5275,27,62,974,2491,973,2489,973,49.566055
5276,27,62,974,2491,973,2489,973,49.566055
5277,26,60,974,2491,974,2491,974,49.566055
5278,26,60,974,2491,974,2491,974,49.584957
5279,26,60,974,2491,974,2491,974,49.584957
5280,26,60,974,2491,974,2491,974,49.584957
5281,26,60,974,2491,974,2491,974,49.584957
5282,26,60,974,2491,974,2491,974,49.584957
5283,26,60,974,2491,974,2491,974,49.584957
5284,26,60,974,2491,974,2491,974,49.584957
5285,26,60,974,2491,974,2491,974,49.584957
5286,26,60,974,2491,974,2491,974,49.584957
5287,26,60,974,2491,974,2491,974,49.584957
5288,26,60,974,2491,974,2491,974,49.584957
5289,26,60,974,2491,974,2491,974,49.584957
5290,26,60,974,2491,974,2491,974,49.584957
5291,26,60,974,2491,974,2491,974,49.584957
5292,26,60,974,2491,974,2491,974,49.584957
5293,26,60,974,2491,974,2491,974,49.584957
5294,26,60,974,2491,974,2491,974,49.584957
5295,26,60,974,2491,974,2491,974,49.584957
5296,26,60,974,2491,974,2491,974,49.584957
5297,26,60,974,2491,974,2491,974,49.584957
5298,26,60,974,2491,974,2491,974,49.584957
5299,26,60,974,2491,974,2491,974,49.584957
5300,26,60,974,2491,974,2491,974,49.584957
5301,26,60,974,2491,974,2491,974,49.584957
5302,26,60,974,2491,974,2491,974,49.584957
5303,26,60,974,2491,974,2491,974,49.584957
5304,26,60,974,2491,974,2491,974,49.584957
5305,26,60,974,2491,974,2491,974,49.584957
5306,26,60,974,2491,974,2491,974,49.584957
5307,26,60,974,2491,974,2491,974,49.584957
5308,26,60,974,2491,974,2491,974,49.584957
5309,26,60,974,2491,974,2491,974,49.584957
5310,26,60,974,2491,974,2491,974,49.584957
5311,26,60,974,2491,974,2491,974,49.584957
5312,26,60,974,2491,974,2491,974,49.584957
5313,26,60,974,2491,974,2491,974,49.584957
5314,26,60,974,2491,974,2491,974,49.584957
5315,26,60,974,2491,974,2491,974,49.584957
5316,26,60,974,2491,974,2491,974,49.584957
5317,26,60,974,2491,974,2491,974,49.584957
5318,26,60,974,2491,974,2491,974,49.584957
5319,26,60,974,2491,974,2491,974,49.584957
5320,26,60,974,2491,974,2491,974,49.584957
5321,26,60,974,2491,974,2491,974,49.584957
5322,26,60,974,2491,974,2491,974,49.584957
5323,26,60,974,2491,974,2491,974,49.584957
5324,26,60,974,2491,974,2491,974,49.584957
5325,26,60,974,2491,974,2491,974,49.584957
5326,26,60,974,2491,974,2491,974,49.584957
5327,26,60,974,2491,974,2491,974,49.584957
5328,26,60,974,2491,974,2491,974,49.584957
5329,26,60,974,2491,974,2491,974,49.584957
5330,26,60,974,2491,974,2491,974,49.584957
5331,26,60,974,2491,974,2491,974,49.584957
5332,26,60,974,2491,974,2491,974,49.584957
5333,26,60,974,2491,974,2491,974,49.584957
5334,26,60,974,2491,974,2491,974,49.584957
5335,26,60,974,2491,974,2491,974,49.584957
5336,26,60,974,2491,974,2491,974,49.584957
5337,26,60,974,2491,974,2491,974,49.584957
5338,26,60,974,2491,974,2491,974,49.584957
5339,26,60,974,2491,974,2491,974,49.584957
5340,26,60,974,2491,974,2491,974,49.584957
5341,26,60,974,2491,974,2491,974,49.584957
5342,26,60,974,2491,974,2491,974,49.584957
5343,26,60,974,2491,974,2491,974,49.584957
5344,26,60,974,2491,974,2491,974,49.584957
5345,26,60,974,2491,974,2491,974,49.584957
5346,26,60,974,2491,974,2491,974,49.584957
5347,26,60,974,2491,974,2491,974,49.584957
5348,26,60,974,2491,974,2491,974,49.584957
5349,26,60,974,2491,974,2491,974,49.584957
5350,26,60,974,2491,974,2491,974,49.584957
5351,26,60,974,2491,974,2491,974,49.584957
5352,26,60,974,2491,974,2491,974,49.584957
5353,26,60,974,2491,974,2491,974,49.584957
5354,26,60,974,2491,974,2491,974,49.584957
5355,26,60,974,2491,974,2491,974,49.584957
5356,26,60,974,2491,974,2491,974,49.584957
5357,26,60,974,2491,974,2491,974,49.584957
5358,26,60,974,2491,974,2491,974,49.584957
5359,26,60,974,2491,974,2491,974,49.584957
5360,26,60,974,2491,974,2491,974,49.584957
5361,26,60,974,2491,974,2491,974,49.584957
5362,26,60,974,2491,974,2491,974,49.584957
5363,26,60,974,2491,974,2491,974,49.584957
5364,26,60,974,2491,974,2491,974,49.584957
5365,26,60,974,2491,974,2491,974,49.584957
5366,26,60,974,2491,974,2491,974,49.584957
5367,26,60,974,2491,974,2491,974,49.584957
5368,26,60,974,2491,974,2491,974,49.584957
5369,26,60,974,2491,974,2491,974,49.584957
5370,26,60,974,2491,974,2491,974,49.584957
5371,26,60,974,2491,974,2491,974,49.584957
5372,26,60,974,2491,974,2491,974,49.584957
5373,26,60,974,2491,974,2491,974,49.584957
5374,26,60,974,2491,974,2491,974,49.584957
5375,26,60,974,2491,974,2491,974,49.584957
5376,26,60,974,2491,974,2491,974,49.584957
5377,26,60,974,2491,974,2491,974,49.584957
5378,26,60,974,2491,974,2491,974,49.584957
5379,26,60,974,2491,974,2491,974,49.584957
5380,26,60,974,2491,974,2491,974,49.584957
5381,26,60,974,2491,974,2491,974,49.584957
5382,26,60,974,2491,974,2491,974,49.584957
5383,26,60,974,2491,974,2491,974,49.584957
5384,26,60,974,2491,974,2491,974,49.584957
5385,26,60,974,2491,974,2491,974,49.584957
5386,26,60,974,2491,974,2491,974,49.584957
5387,26,60,975,2494,974,2491,974,49.584957
5388,26,60,975,2494,974,2491,974,49.584957
5389,26,60,975,2494,974,2491,974,49.584957
5390,26,60,975,2494,974,2491,974,49.584957
5391,26,60,975,2494,974,2491,974,49.584957
5392,26,60,975,2494,974,2491,974,49.584957
5393,26,60,975,2494,974,2491,974,49.584957
5394,26,60,975,2494,974,2491,974,49.584957
5395,26,60,975,2494,974,2491,974,49.584957
5396,26,60,975,2494,974,2491,974,49.584957
5397,26,60,975,2494,974,2491,974,49.584957
5398,26,60,975,2494,974,2491,974,49.584957
5399,26,60,975,2494,974,2491,974,49.584957
5400,26,60,975,2494,974,2491,974,49.584957
5401,26,60,975,2494,974,2491,974,49.584957
5402,26,60,975,2494,974,2491,974,49.584957
5403,26,60,975,2494,974,2491,974,49.584957
5404,26,60,975,2494,974,2491,974,49.584957
5405,26,60,975,2494,974,2491,974,49.584957
5406,26,60,975,2494,974,2491,974,49.584957
5407,26,60,975,2494,974,2491,974,49.584957
5408,26,60,975,2494,974,2491,974,49.584957
5409,26,60,975,2494,974,2491,974,49.584957
5410,26,60,975,2494,974,2491,974,49.584957
5411,26,60,975,2494,974,2491,974,49.584957
5412,26,60,975,2494,974,2491,974,49.584957
5413,26,60,975,2494,974,2491,974,49.584957
5414,26,60,975,2494,974,2491,974,49.584957
5415,26,60,975,2494,974,2491,974,49.584957
5416,26,60,975,2494,974,2491,974,49.584957
5417,26,60,975,2494,974,2491,974,49.584957
5418,26,60,975,2494,974,2491,974,49.584957
5419,26,60,975,2494,974,2491,974,49.584957
5420,26,60,975,2494,974,2491,974,49.584957
5421,26,60,975,2494,974,2491,974,49.584957
5422,26,60,975,2494,974,2491,974,49.584957
5423,26,60,975,2494,974,2491,974,49.584957
5424,26,60,975,2494,974,2491,974,49.584957
5425,26,60,975,2494,974,2491,974,49.584957
5426,26,60,975,2494,974,2491,974,49.584957
5427,26,60,975,2494,974,2491,974,49.584957
5428,26,60,975,2494,974,2491,974,49.584957
5429,26,60,975,2494,974,2491,974,49.584957
5430,26,60,975,2494,974,2491,974,49.584957
5431,26,60,975,2494,974,2491,974,49.584957
5432,26,60,975,2494,974,2491,974,49.584957
5433,26,60,975,2494,974,2491,974,49.584957
5434,26,60,975,2494,974,2491,974,49.584957
5435,26,60,975,2494,974,2491,974,49.584957
5436,26,60,975,2494,974,2491,974,49.584957
5437,25,57,975,2494,975,2494,975,49.584957
5438,25,57,975,2494,975,2494,975,49.581257
5439,25,57,975,2494,975,2494,975,49.581257
5440,25,57,975,2494,975,2494,975,49.581257
5441,25,57,975,2494,975,2494,975,49.581257
5442,25,57,975,2494,975,2494,975,49.581257
5443,25,57,975,2494,975,2494,975,49.581257
5444,25,57,975,2494,975,2494,975,49.581257
5445,25,57,975,2494,975,2494,975,49.581257
5446,25,57,975,2494,975,2494,975,49.581257
5447,25,57,975,2494,975,2494,975,49.581257
5448,25,57,975,2494,975,2494,975,49.581257
5449,25,57,975,2494,975,2494,975,49.581257
5450,25,57,975,2494,975,2494,975,49.581257
5451,25,57,975,2494,975,2494,975,49.581257
5452,25,57,975,2494,975,2494,975,49.581257
5453,25,57,975,2494,975,2494,975,49.581257
5454,25,57,975,2494,975,2494,975,49.581257
5455,25,57,975,2494,975,2494,975,49.581257
5456,25,57,975,2494,975,2494,975,49.581257
5457,25,57,975,2494,975,2494,975,49.581257
5458,25,57,975,2494,975,2494,975,49.581257
5459,25,57,975,2494,975,2494,975,49.581257
5460,25,57,975,2494,975,2494,975,49.581257
5461,25,57,975,2494,975,2494,975,49.581257
5462,25,57,975,2494,975,2494,975,49.581257
5463,25,57,975,2494,975,2494,975,49.581257
5464,25,57,975,2494,975,2494,975,49.581257
5465,25,57,975,2494,975,2494,975,49.581257
5466,25,57,975,2494,975,2494,975,49.581257
5467,25,57,975,2494,975,2494,975,49.581257
5468,25,57,975,2494,975,2494,975,49.581257
5469,25,57,976,2496,975,2494,975,49.581257
5470,25,57,976,2496,975,2494,975,49.581257
5471,25,57,976,2496,975,2494,975,49.581257
5472,25,57,976,2496,975,2494,975,49.581257
5473,25,57,976,2496,975,2494,975,49.581257
5474,25,57,976,2496,975,2494,975,49.581257
5475,25,57,976,2496,975,2494,975,49.581257
5476,25,57,976,2496,975,2494,975,49.581257
5477,25,57,976,2496,975,2494,975,49.581257
5478,25,57,977,2499,975,2494,975,49.581257
5479,25,57,977,2499,975,2494,975,49.581257
5480,25,57,977,2499,975,2494,975,49.581257
5481,25,57,977,2499,975,2494,975,49.581257
5482,25,57,977,2499,975,2494,975,49.581257
5483,25,57,977,2499,975,2494,975,49.581257
5484,25,57,977,2499,975,2494,975,49.581257
5485,25,57,977,2499,975,2494,975,49.581257
5486,25,57,978,2502,975,2494,975,49.581257
5487,25,57,978,2502,975,2494,975,49.581257
5488,25,57,978,2502,975,2494,975,49.581257
5489,25,57,978,2502,975,2494,975,49.581257
5490,25,57,978,2502,975,2494,975,49.581257
5491,25,57,978,2502,975,2494,975,49.581257
5492,25,57,978,2502,975,2494,975,49.581257
5493,25,57,978,2502,975,2494,975,49.581257
5494,25,57,978,2502,975,2494,975,49.581257
5495,25,57,978,2502,975,2494,975,49.581257
5496,25,57,978,2502,975,2494,975,49.581257
5497,25,57,978,2502,975,2494,975,49.581257
5498,25,57,978,2502,975,2494,975,49.581257
5499,25,57,978,2502,975,2494,975,49.581257
5500,25,57,978,2502,975,2494,975,49.581257
5501,25,57,978,2502,975,2494,975,49.581257
5502,25,57,978,2502,975,2494,975,49.581257
5503,25,57,978,2502,975,2494,975,49.581257
5504,24,55,978,2502,976,2496,976,49.581257
5505,24,55,978,2502,976,2496,976,49.56322
5506,24,55,978,2502,976,2496,976,49.56322
5507,24,55,978,2502,976,2496,976,49.56322
5508,24,55,978,2502,976,2496,976,49.56322
5509,24,55,978,2502,976,2496,976,49.56322
5510,24,55,978,2502,976,2496,976,49.56322
5511,24,55,978,2502,976,2496,976,49.56322
5512,24,55,978,2502,976,2496,976,49.56322
5513,24,55,978,2502,976,2496,976,49.56322
5514,24,55,978,2502,976,2496,976,49.56322
5515,24,55,978,2502,976,2496,976,49.56322
5516,24,55,978,2502,976,2496,976,49.56322
5517,24,55,978,2502,976,2496,976,49.56322
5518,24,55,978,2502,976,2496,976,49.56322
5519,24,55,978,2502,976,2496,976,49.56322
5520,24,55,978,2502,976,2496,976,49.56322
5521,23,52,978,2502,977,2499,977,49.56322
5522,23,52,978,2502,977,2499,977,49.54729
5523,23,52,978,2502,977,2499,977,49.54729
5524,23,52,978,2502,977,2499,977,49.54729
5525,23,52,978,2502,977,2499,977,49.54729
5526,23,52,978,2502,977,2499,977,49.54729
5527,23,52,978,2502,977,2499,977,49.54729
5528,23,52,978,2502,977,2499,977,49.54729
5529,23,52,978,2502,977,2499,977,49.54729
5530,23,52,978,2502,977,2499,977,49.54729
5531,23,52,978,2502,977,2499,977,49.54729
5532,23,52,978,2502,977,2499,977,49.54729
5533,23,52,978,2502,977,2499,977,49.54729
5534,23,52,978,2502,977,2499,977,49.54729
5535,22,49,978,2502,978,2502,978,49.54729
5536,22,49,978,2502,978,2502,978,49.534004
5537,22,49,978,2502,978,2502,978,49.534004
5538,22,49,978,2502,978,2502,978,49.534004
5539,22,49,978,2502,978,2502,978,49.534004
5540,22,49,979,2506,978,2502,978,49.534004
5541,22,49,979,2506,978,2502,978,49.534004
5542,22,49,979,2506,978,2502,978,49.534004
5543,22,49,979,2506,978,2502,978,49.534004
5544,22,49,979,2506,978,2502,978,49.534004
5545,22,49,979,2506,978,2502,978,49.534004
5546,22,49,979,2506,978,2502,978,49.534004
5547,22,49,979,2506,978,2502,978,49.534004
5548,22,49,979,2506,978,2502,978,49.534004
5549,22,49,979,2506,978,2502,978,49.534004
5550,22,49,979,2506,978,2502,978,49.534004
5551,22,49,979,2506,978,2502,978,49.534004
5552,22,49,979,2506,978,2502,978,49.534004
5553,22,49,979,2506,978,2502,978,49.534004
5554,22,49,980,2507,978,2502,978,49.534004
5555,22,49,980,2507,978,2502,978,49.534004
5556,22,49,980,2507,978,2502,978,49.534004
5557,22,49,980,2507,978,2502,978,49.534004
5558,22,49,980,2507,978,2502,978,49.534004
5559,22,49,980,2507,978,2502,978,49.534004
5560,22,49,980,2507,978,2502,978,49.534004
5561,22,49,980,2507,978,2502,978,49.534004
5562,22,49,980,2507,978,2502,978,49.534004
5563,22,49,980,2507,978,2502,978,49.534004
5564,22,49,980,2507,978,2502,978,49.534004
5565,21,45,980,2507,979,2506,979,49.534004
5566,21,45,980,2507,979,2506,979,49.50356
5567,21,45,980,2507,979,2506,979,49.50356
5568,21,45,980,2507,979,2506,979,49.50356
5569,21,45,980,2507,979,2506,979,49.50356
5570,21,45,980,2507,979,2506,979,49.50356
5571,21,45,980,2507,979,2506,979,49.50356
5572,21,45,980,2507,979,2506,979,49.50356
5573,21,45,980,2507,979,2506,979,49.50356
5574,21,45,980,2507,979,2506,979,49.50356
5575,21,45,980,2507,979,2506,979,49.50356
5576,21,45,980,2507,979,2506,979,49.50356
5577,21,45,980,2507,979,2506,979,49.50356
5578,21,45,980,2507,979,2506,979,49.50356
5579,21,45,980,2507,979,2506,979,49.50356
5580,21,45,980,2507,979,2506,979,49.50356
5581,21,45,980,2507,979,2506,979,49.50356
5582,21,45,980,2507,979,2506,979,49.50356
5583,21,45,980,2507,979,2506,979,49.50356
5584,21,45,980,2507,979,2506,979,49.50356
5585,21,45,980,2507,979,2506,979,49.50356
5586,21,45,980,2507,979,2506,979,49.50356
5587,21,45,980,2507,979,2506,979,49.50356
5588,21,45,980,2507,979,2506,979,49.50356
5589,21,45,980,2507,979,2506,979,49.50356
5590,21,45,980,2507,979,2506,979,49.50356
5591,21,45,980,2507,979,2506,979,49.50356
5592,21,45,980,2507,979,2506,979,49.50356
5593,21,45,980,2507,979,2506,979,49.50356
5594,21,45,980,2507,979,2506,979,49.50356
5595,21,45,980,2507,979,2506,979,49.50356
5596,21,45,980,2507,979,2506,979,49.50356
5597,21,45,980,2507,979,2506,979,49.50356
5598,21,45,980,2507,979,2506,979,49.50356
5599,21,45,980,2507,979,2506,979,49.50356
5600,21,45,980,2507,979,2506,979,49.50356
5601,21,45,980,2507,979,2506,979,49.50356
5602,21,45,980,2507,979,2506,979,49.50356
5603,21,45,980,2507,979,2506,979,49.50356
5604,21,45,980,2507,979,2506,979,49.50356
5605,21,45,980,2507,979,2506,979,49.50356
5606,21,45,980,2507,979,2506,979,49.50356
5607,21,45,981,2509,979,2506,979,49.50356
5608,21,45,981,2509,979,2506,979,49.50356
5609,21,45,981,2509,979,2506,979,49.50356
5610,20,44,981,2509,980,2507,980,49.50356
5611,20,44,981,2509,980,2507,980,49.49674
5612,19,42,981,2509,981,2509,981,49.49674
5613,19,42,981,2509,981,2509,981,49.451046
5614,19,42,981,2509,981,2509,981,49.451046
5615,19,42,981,2509,981,2509,981,49.451046
5616,19,42,981,2509,981,2509,981,49.451046
5617,19,42,981,2509,981,2509,981,49.451046
5618,19,42,981,2509,981,2509,981,49.451046
5619,19,42,981,2509,981,2509,981,49.451046
5620,19,42,981,2509,981,2509,981,49.451046
5621,19,42,981,2509,981,2509,981,49.451046
5622,19,42,981,2509,981,2509,981,49.451046
5623,19,42,981,2509,981,2509,981,49.451046
5624,19,42,981,2509,981,2509,981,49.451046
5625,19,42,981,2509,981,2509,981,49.451046
5626,19,42,981,2509,981,2509,981,49.451046
5627,19,42,981,2509,981,2509,981,49.451046
5628,19,42,981,2509,981,2509,981,49.451046
5629,19,42,981,2509,981,2509,981,49.451046
5630,19,42,981,2509,981,2509,981,49.451046
5631,19,42,981,2509,981,2509,981,49.451046
5632,19,42,981,2509,981,2509,981,49.451046
5633,19,42,981,2509,981,2509,981,49.451046
5634,19,42,981,2509,981,2509,981,49.451046
5635,19,42,981,2509,981,2509,981,49.451046
5636,19,42,981,2509,981,2509,981,49.451046
5637,19,42,981,2509,981,2509,981,49.451046
5638,19,42,981,2509,981,2509,981,49.451046
5639,19,42,981,2509,981,2509,981,49.451046
5640,19,42,981,2509,981,2509,981,49.451046
5641,19,42,981,2509,981,2509,981,49.451046
5642,19,42,981,2509,981,2509,981,49.451046
5643,19,42,981,2509,981,2509,981,49.451046
5644,19,42,981,2509,981,2509,981,49.451046
5645,19,42,981,2509,981,2509,981,49.451046
5646,19,42,981,2509,981,2509,981,49.451046
5647,19,42,981,2509,981,2509,981,49.451046
5648,19,42,981,2509,981,2509,981,49.451046
5649,19,42,981,2509,981,2509,981,49.451046
5650,19,42,981,2509,981,2509,981,49.451046
5651,19,42,981,2509,981,2509,981,49.451046
5652,19,42,981,2509,981,2509,981,49.451046
5653,19,42,981,2509,981,2509,981,49.451046
5654,19,42,981,2509,981,2509,981,49.451046
5655,19,42,981,2509,981,2509,981,49.451046
5656,19,42,981,2509,981,2509,981,49.451046
5657,19,42,981,2509,981,2509,981,49.451046
5658,19,42,981,2509,981,2509,981,49.451046
5659,19,42,982,2510,981,2509,981,49.451046
5660,19,42,982,2510,981,2509,981,49.451046
5661,19,42,982,2510,981,2509,981,49.451046
5662,19,42,982,2510,981,2509,981,49.451046
5663,19,42,982,2510,981,2509,981,49.451046
5664,19,42,982,2510,981,2509,981,49.451046
5665,19,42,982,2510,981,2509,981,49.451046
5666,19,42,982,2510,981,2509,981,49.451046
5667,19,42,982,2510,981,2509,981,49.451046
5668,19,42,982,2510,981,2509,981,49.451046
5669,19,42,982,2510,981,2509,981,49.451046
5670,19,42,982,2510,981,2509,981,49.451046
5671,19,42,984,2516,981,2509,981,49.451046
5672,19,42,984,2516,981,2509,981,49.451046
5673,19,42,985,2517,981,2509,981,49.451046
5674,19,42,985,2517,981,2509,981,49.451046
5675,19,42,985,2517,981,2509,981,49.451046
5676,19,42,985,2517,981,2509,981,49.451046
5677,19,42,985,2517,981,2509,981,49.451046
5678,19,42,985,2517,981,2509,981,49.451046
5679,19,42,985,2517,981,2509,981,49.451046
5680,19,42,985,2517,981,2509,981,49.451046
5681,19,42,985,2517,981,2509,981,49.451046
5682,19,42,985,2517,981,2509,981,49.451046
5683,19,42,985,2517,981,2509,981,49.451046
5684,19,42,985,2517,981,2509,981,49.451046
5685,19,42,985,2517,981,2509,981,49.451046
5686,19,42,985,2517,981,2509,981,49.451046
5687,19,42,985,2517,981,2509,981,49.451046
5688,19,42,985,2517,981,2509,981,49.451046
5689,19,42,985,2517,981,2509,981,49.451046
5690,19,42,985,2517,981,2509,981,49.451046
5691,19,42,985,2517,981,2509,981,49.451046
5692,19,42,985,2517,981,2509,981,49.451046
5693,19,42,985,2517,981,2509,981,49.451046
5694,19,42,986,2518,981,2509,981,49.451046
5695,19,42,986,2518,981,2509,981,49.451046
5696,19,42,986,2518,981,2509,981,49.451046
5697,19,42,986,2518,981,2509,981,49.451046
5698,19,42,986,2518,981,2509,981,49.451046
5699,19,42,986,2518,981,2509,981,49.451046
5700,19,42,986,2518,981,2509,981,49.451046
5701,19,42,986,2518,981,2509,981,49.451046
5702,19,42,986,2518,981,2509,981,49.451046
5703,19,42,986,2518,981,2509,981,49.451046
5704,18,41,986,2518,982,2510,982,49.451046
5705,18,41,986,2518,982,2510,982,49.426964
5706,18,41,986,2518,982,2510,982,49.426964
5707,18,41,986,2518,982,2510,982,49.426964
5708,18,41,986,2518,982,2510,982,49.426964
5709,18,41,986,2518,982,2510,982,49.426964
5710,18,41,986,2518,982,2510,982,49.426964
5711,18,41,986,2518,982,2510,982,49.426964
5712,18,41,986,2518,982,2510,982,49.426964
5713,18,41,986,2518,982,2510,982,49.426964
5714,18,41,986,2518,982,2510,982,49.426964
5715,18,41,986,2518,982,2510,982,49.426964
5716,18,41,986,2518,982,2510,982,49.426964
5717,18,41,986,2518,982,2510,982,49.426964
5718,18,41,986,2518,982,2510,982,49.426964
5719,18,41,986,2518,982,2510,982,49.426964
5720,18,41,986,2518,982,2510,982,49.426964
5721,18,41,987,2521,982,2510,982,49.426964
5722,18,41,987,2521,982,2510,982,49.426964
5723,17,40,987,2521,983,2511,983,49.426964
5724,17,40,987,2521,983,2511,983,49.43415
5725,17,40,987,2521,983,2511,983,49.43415
5726,17,40,987,2521,983,2511,983,49.43415
5727,17,40,987,2521,983,2511,983,49.43415
5728,17,40,987,2521,983,2511,983,49.43415
5729,17,40,987,2521,983,2511,983,49.43415
5730,17,40,987,2521,983,2511,983,49.43415
5731,17,40,987,2521,983,2511,983,49.43415
5732,17,40,987,2521,983,2511,983,49.43415
5733,17,40,987,2521,983,2511,983,49.43415
5734,17,40,987,2521,983,2511,983,49.43415
5735,17,40,987,2521,983,2511,983,49.43415
5736,17,40,987,2521,983,2511,983,49.43415
5737,17,40,987,2521,983,2511,983,49.43415
5738,17,40,987,2521,983,2511,983,49.43415
5739,17,40,987,2521,983,2511,983,49.43415
5740,17,40,987,2521,983,2511,983,49.43415
5741,17,40,987,2521,983,2511,983,49.43415
5742,17,40,988,2523,983,2511,983,49.43415
5743,17,40,988,2523,983,2511,983,49.43415
5744,17,40,988,2523,983,2511,983,49.43415
5745,17,40,988,2523,983,2511,983,49.43415
5746,17,40,988,2523,983,2511,983,49.43415
5747,17,40,988,2523,983,2511,983,49.43415
5748,17,40,988,2523,983,2511,983,49.43415
5749,17,40,988,2523,983,2511,983,49.43415
5750,17,40,988,2523,983,2511,983,49.43415
5751,17,40,988,2523,983,2511,983,49.43415
5752,16,37,988,2523,984,2514,984,49.43415
5753,16,37,988,2523,984,2514,984,49.40988
5754,16,37,988,2523,984,2514,984,49.40988
5755,16,37,989,2524,984,2514,984,49.40988
5756,15,33,989,2524,985,2518,985,49.40988
5757,15,33,989,2524,985,2518,985,49.427177
5758,15,33,989,2524,985,2518,985,49.427177
5759,15,33,989,2524,985,2518,985,49.427177
5760,15,33,989,2524,985,2518,985,49.427177
5761,15,33,989,2524,985,2518,985,49.427177
5762,15,33,989,2524,985,2518,985,49.427177
5763,15,33,989,2524,985,2518,985,49.427177
5764,15,33,989,2524,985,2518,985,49.427177
5765,15,33,989,2524,985,2518,985,49.427177
5766,15,33,989,2524,985,2518,985,49.427177
5767,15,33,989,2524,985,2518,985,49.427177
5768,15,33,989,2524,985,2518,985,49.427177
5769,15,33,989,2524,985,2518,985,49.427177
5770,15,33,989,2524,985,2518,985,49.427177
5771,15,33,989,2524,985,2518,985,49.427177
5772,15,33,989,2524,985,2518,985,49.427177
5773,15,33,989,2524,985,2518,985,49.427177
5774,15,33,989,2524,985,2518,985,49.427177
5775,15,33,989,2524,985,2518,985,49.427177
5776,15,33,989,2524,985,2518,985,49.427177
5777,15,33,989,2524,985,2518,985,49.427177
5778,15,33,989,2524,985,2518,985,49.427177
5779,15,33,989,2524,985,2518,985,49.427177
5780,15,33,989,2524,985,2518,985,49.427177
5781,15,33,989,2524,985,2518,985,49.427177
5782,15,33,989,2524,985,2518,985,49.427177
5783,15,33,989,2524,985,2518,985,49.427177
5784,14,32,989,2524,986,2519,986,49.427177
5785,14,32,989,2524,986,2519,986,49.40281
5786,14,32,989,2524,986,2519,986,49.40281
5787,14,32,989,2524,986,2519,986,49.40281
5788,14,32,989,2524,986,2519,986,49.40281
5789,14,32,989,2524,986,2519,986,49.40281
5790,14,32,989,2524,986,2519,986,49.40281
5791,14,32,989,2524,986,2519,986,49.40281
5792,14,32,989,2524,986,2519,986,49.40281
5793,14,32,989,2524,986,2519,986,49.40281
5794,14,32,989,2524,986,2519,986,49.40281
5795,14,32,989,2524,986,2519,986,49.40281
5796,14,32,989,2524,986,2519,986,49.40281
5797,14,32,989,2524,986,2519,986,49.40281
5798,13,30,989,2524,987,2521,987,49.40281
5799,12,29,989,2524,988,2522,988,49.403397
5800,12,29,989,2524,988,2522,988,49.434563
5801,12,29,989,2524,988,2522,988,49.434563
5802,12,29,989,2524,988,2522,988,49.434563
5803,12,29,989,2524,988,2522,988,49.434563
5804,12,29,989,2524,988,2522,988,49.434563
5805,12,29,989,2524,988,2522,988,49.434563
5806,12,29,989,2524,988,2522,988,49.434563
5807,12,29,989,2524,988,2522,988,49.434563
5808,12,29,989,2524,988,2522,988,49.434563
5809,12,29,990,2527,988,2522,988,49.434563
5810,12,29,990,2527,988,2522,988,49.434563
5811,12,29,990,2527,988,2522,988,49.434563
5812,12,29,990,2527,988,2522,988,49.434563
5813,12,29,990,2527,988,2522,988,49.434563
5814,11,27,990,2527,989,2524,989,49.434563
5815,11,27,990,2527,989,2524,989,49.497738
5816,11,27,990,2527,989,2524,989,49.497738
5817,11,27,990,2527,989,2524,989,49.497738
5818,11,27,990,2527,989,2524,989,49.497738
5819,11,27,990,2527,989,2524,989,49.497738
5820,11,27,990,2527,989,2524,989,49.497738
5821,11,27,990,2527,989,2524,989,49.497738
5822,11,27,990,2527,989,2524,989,49.497738
5823,11,27,990,2527,989,2524,989,49.497738
5824,11,27,991,2529,989,2524,989,49.497738
5825,11,27,991,2529,989,2524,989,49.497738
5826,11,27,991,2529,989,2524,989,49.497738
5827,11,27,991,2529,989,2524,989,49.497738
5828,11,27,991,2529,989,2524,989,49.497738
5829,11,27,991,2529,989,2524,989,49.497738
5830,11,27,991,2529,989,2524,989,49.497738
5831,11,27,991,2529,989,2524,989,49.497738
5832,11,27,991,2529,989,2524,989,49.497738
5833,11,27,991,2529,989,2524,989,49.497738
5834,11,27,991,2529,989,2524,989,49.497738
5835,11,27,991,2529,989,2524,989,49.497738
5836,11,27,991,2529,989,2524,989,49.497738
5837,11,27,991,2529,989,2524,989,49.497738
5838,11,27,991,2529,989,2524,989,49.497738
5839,11,27,991,2529,989,2524,989,49.497738
5840,11,27,991,2529,989,2524,989,49.497738
5841,11,27,992,2530,989,2524,989,49.497738
5842,11,27,992,2530,989,2524,989,49.497738
5843,11,27,992,2530,989,2524,989,49.497738
5844,11,27,992,2530,989,2524,989,49.497738
5845,11,27,992,2530,989,2524,989,49.497738
5846,11,27,992,2530,989,2524,989,49.497738
5847,11,27,992,2530,989,2524,989,49.497738
5848,11,27,992,2530,989,2524,989,49.497738
5849,11,27,992,2530,989,2524,989,49.497738
5850,11,27,992,2530,989,2524,989,49.497738
5851,11,27,992,2530,989,2524,989,49.497738
5852,11,27,992,2530,989,2524,989,49.497738
5853,11,27,992,2530,989,2524,989,49.497738
5854,11,27,992,2530,989,2524,989,49.497738
5855,11,27,992,2530,989,2524,989,49.497738
5856,11,27,992,2530,989,2524,989,49.497738
5857,11,27,992,2530,989,2524,989,49.497738
5858,11,27,992,2530,989,2524,989,49.497738
5859,11,27,992,2530,989,2524,989,49.497738
5860,11,27,992,2530,989,2524,989,49.497738
5861,11,27,992,2530,989,2524,989,49.497738
5862,11,27,992,2530,989,2524,989,49.497738
5863,11,27,992,2530,989,2524,989,49.497738
5864,11,27,992,2530,989,2524,989,49.497738
5865,11,27,992,2530,989,2524,989,49.497738
5866,11,27,992,2530,989,2524,989,49.497738
5867,11,27,992,2530,989,2524,989,49.497738
5868,11,27,992,2530,989,2524,989,49.497738
5869,11,27,992,2530,989,2524,989,49.497738
5870,11,27,992,2530,989,2524,989,49.497738
5871,11,27,992,2530,989,2524,989,49.497738
5872,11,27,992,2530,989,2524,989,49.497738
5873,11,27,992,2530,989,2524,989,49.497738
5874,11,27,992,2530,989,2524,989,49.497738
5875,11,27,992,2530,989,2524,989,49.497738
5876,11,27,992,2530,989,2524,989,49.497738
5877,11,27,992,2530,989,2524,989,49.497738
5878,11,27,992,2530,989,2524,989,49.497738
5879,11,27,992,2530,989,2524,989,49.497738
5880,11,27,992,2530,989,2524,989,49.497738
5881,11,27,992,2530,989,2524,989,49.497738
5882,11,27,992,2530,989,2524,989,49.497738
5883,11,27,992,2530,989,2524,989,49.497738
5884,11,27,992,2530,989,2524,989,49.497738
5885,11,27,992,2530,989,2524,989,49.497738
5886,11,27,992,2530,989,2524,989,49.497738
5887,11,27,992,2530,989,2524,989,49.497738
5888,11,27,992,2530,989,2524,989,49.497738
5889,11,27,992,2530,989,2524,989,49.497738
5890,11,27,992,2530,989,2524,989,49.497738
5891,11,27,992,2530,989,2524,989,49.497738
5892,11,27,992,2530,989,2524,989,49.497738
5893,11,27,992,2530,989,2524,989,49.497738
5894,11,27,992,2530,989,2524,989,49.497738
5895,11,27,992,2530,989,2524,989,49.497738
5896,11,27,992,2530,989,2524,989,49.497738
5897,11,27,992,2530,989,2524,989,49.497738
5898,11,27,992,2530,989,2524,989,49.497738
5899,11,27,992,2530,989,2524,989,49.497738
5900,11,27,992,2530,989,2524,989,49.497738
5901,11,27,992,2530,989,2524,989,49.497738
5902,11,27,992,2530,989,2524,989,49.497738
5903,11,27,992,2530,989,2524,989,49.497738
5904,10,25,992,2530,990,2526,990,49.497738
5905,10,25,992,2530,990,2526,990,49.509212
5906,10,25,992,2530,990,2526,990,49.509212
5907,10,25,992,2530,990,2526,990,49.509212
5908,10,25,992,2530,990,2526,990,49.509212
5909,10,25,992,2530,990,2526,990,49.509212
5910,10,25,992,2530,990,2526,990,49.509212
5911,10,25,992,2530,990,2526,990,49.509212
5912,10,25,992,2530,990,2526,990,49.509212
5913,10,25,992,2530,990,2526,990,49.509212
5914,10,25,992,2530,990,2526,990,49.509212
5915,10,25,992,2530,990,2526,990,49.509212
5916,10,25,992,2530,990,2526,990,49.509212
5917,10,25,992,2530,990,2526,990,49.509212
5918,10,25,992,2530,990,2526,990,49.509212
5919,10,25,992,2530,990,2526,990,49.509212
5920,10,25,992,2530,990,2526,990,49.509212
5921,10,25,992,2530,990,2526,990,49.509212
5922,10,25,992,2530,990,2526,990,49.509212
5923,10,25,992,2530,990,2526,990,49.509212
5924,10,25,992,2530,990,2526,990,49.509212
5925,10,25,992,2530,990,2526,990,49.509212
5926,10,25,992,2530,990,2526,990,49.509212
5927,10,25,992,2530,990,2526,990,49.509212
5928,10,25,992,2530,990,2526,990,49.509212
5929,10,25,992,2530,990,2526,990,49.509212
5930,10,25,992,2530,990,2526,990,49.509212
5931,10,25,992,2530,990,2526,990,49.509212
5932,10,25,992,2530,990,2526,990,49.509212
5933,10,25,992,2530,990,2526,990,49.509212
5934,10,25,992,2530,990,2526,990,49.509212
5935,10,25,992,2530,990,2526,990,49.509212
5936,9,22,992,2530,991,2529,991,49.509212
5937,9,22,992,2530,991,2529,991,49.556923
5938,9,22,992,2530,991,2529,991,49.556923
5939,9,22,992,2530,991,2529,991,49.556923
5940,9,22,992,2530,991,2529,991,49.556923
5941,9,22,992,2530,991,2529,991,49.556923
5942,9,22,992,2530,991,2529,991,49.556923
5943,9,22,992,2530,991,2529,991,49.556923
5944,9,22,992,2530,991,2529,991,49.556923
5945,9,22,992,2530,991,2529,991,49.556923
5946,9,22,992,2530,991,2529,991,49.556923
5947,9,22,992,2530,991,2529,991,49.556923
5948,9,22,992,2530,991,2529,991,49.556923
5949,9,22,992,2530,991,2529,991,49.556923
5950,9,22,992,2530,991,2529,991,49.556923
5951,8,21,992,2530,992,2530,992,49.556923
5952,8,21,992,2530,992,2530,992,49.617073
5953,8,21,992,2530,992,2530,992,49.617073
5954,8,21,992,2530,992,2530,992,49.617073
5955,8,21,992,2530,992,2530,992,49.617073
5956,8,21,992,2530,992,2530,992,49.617073
5957,8,21,992,2530,992,2530,992,49.617073
5958,8,21,992,2530,992,2530,992,49.617073
5959,8,21,992,2530,992,2530,992,49.617073
5960,8,21,992,2530,992,2530,992,49.617073
5961,8,21,992,2530,992,2530,992,49.617073
5962,8,21,992,2530,992,2530,992,49.617073
5963,8,21,992,2530,992,2530,992,49.617073
5964,8,21,992,2530,992,2530,992,49.617073
5965,8,21,992,2530,992,2530,992,49.617073
5966,8,21,992,2530,992,2530,992,49.617073
5967,8,21,992,2530,992,2530,992,49.617073
5968,8,21,992,2530,992,2530,992,49.617073
5969,8,21,992,2530,992,2530,992,49.617073
5970,8,21,992,2530,992,2530,992,49.617073
5971,8,21,992,2530,992,2530,992,49.617073
5972,8,21,992,2530,992,2530,992,49.617073
5973,8,21,992,2530,992,2530,992,49.617073
5974,8,21,993,2532,992,2530,992,49.617073
5975,8,21,993,2532,992,2530,992,49.617073
5976,8,21,993,2532,992,2530,992,49.617073
5977,8,21,993,2532,992,2530,992,49.617073
5978,8,21,993,2532,992,2530,992,49.617073
5979,8,21,993,2532,992,2530,992,49.617073
5980,8,21,993,2532,992,2530,992,49.617073
5981,8,21,993,2532,992,2530,992,49.617073
5982,8,21,993,2532,992,2530,992,49.617073
5983,8,21,993,2532,992,2530,992,49.617073
5984,8,21,993,2532,992,2530,992,49.617073
5985,8,21,993,2532,992,2530,992,49.617073
5986,8,21,993,2532,992,2530,992,49.617073
5987,8,21,993,2532,992,2530,992,49.617073
5988,8,21,993,2532,992,2530,992,49.617073
5989,8,21,993,2532,992,2530,992,49.617073
5990,8,21,993,2532,992,2530,992,49.617073
5991,8,21,993,2532,992,2530,992,49.617073
5992,8,21,993,2532,992,2530,992,49.617073
5993,8,21,993,2532,992,2530,992,49.617073
5994,8,21,993,2532,992,2530,992,49.617073
5995,8,21,994,2534,992,2530,992,49.617073
5996,8,21,994,2534,992,2530,992,49.617073
5997,8,21,994,2534,992,2530,992,49.617073
5998,7,19,994,2534,993,2532,993,49.617073
5999,7,19,994,2534,993,2532,993,49.589043
6000,7,19,994,2534,993,2532,993,49.589043
6001,7,19,994,2534,993,2532,993,49.589043
6002,7,19,994,2534,993,2532,993,49.589043
6003,7,19,994,2534,993,2532,993,49.589043
6004,7,19,994,2534,993,2532,993,49.589043
6005,7,19,994,2534,993,2532,993,49.589043
6006,7,19,994,2534,993,2532,993,49.589043
6007,7,19,994,2534,993,2532,993,49.589043
6008,7,19,994,2534,993,2532,993,49.589043
6009,7,19,994,2534,993,2532,993,49.589043
6010,7,19,994,2534,993,2532,993,49.589043
6011,7,19,994,2534,993,2532,993,49.589043
6012,7,19,994,2534,993,2532,993,49.589043
6013,7,19,994,2534,993,2532,993,49.589043
6014,7,19,994,2534,993,2532,993,49.589043
6015,7,19,994,2534,993,2532,993,49.589043
6016,7,19,994,2534,993,2532,993,49.589043
6017,7,19,994,2534,993,2532,993,49.589043
6018,7,19,994,2534,993,2532,993,49.589043
6019,7,19,994,2534,993,2532,993,49.589043
6020,7,19,994,2534,993,2532,993,49.589043
6021,7,19,994,2534,993,2532,993,49.589043
6022,7,19,994,2534,993,2532,993,49.589043
6023,7,19,994,2534,993,2532,993,49.589043
6024,7,19,994,2534,993,2532,993,49.589043
6025,7,19,994,2534,993,2532,993,49.589043
6026,7,19,994,2534,993,2532,993,49.589043
6027,7,19,994,2534,993,2532,993,49.589043
6028,7,19,994,2534,993,2532,993,49.589043
6029,7,19,994,2534,993,2532,993,49.589043
6030,6,17,994,2534,994,2534,994,49.589043
6031,6,17,994,2534,994,2534,994,49.5656
6032,6,17,994,2534,994,2534,994,49.5656
6033,6,17,994,2534,994,2534,994,49.5656
6034,6,17,995,2535,994,2534,994,49.5656
6035,6,17,995,2535,994,2534,994,49.5656
6036,6,17,995,2535,994,2534,994,49.5656
6037,6,17,995,2535,994,2534,994,49.5656
6038,6,17,995,2535,994,2534,994,49.5656
6039,6,17,995,2535,994,2534,994,49.5656
6040,6,17,995,2535,994,2534,994,49.5656
6041,6,17,995,2535,994,2534,994,49.5656
6042,6,17,995,2535,994,2534,994,49.5656
6043,6,17,995,2535,994,2534,994,49.5656
6044,6,17,995,2535,994,2534,994,49.5656
6045,6,17,995,2535,994,2534,994,49.5656
6046,6,17,995,2535,994,2534,994,49.5656
6047,6,17,995,2535,994,2534,994,49.5656
6048,6,17,995,2535,994,2534,994,49.5656
6049,6,17,995,2535,994,2534,994,49.5656
6050,6,17,995,2535,994,2534,994,49.5656
6051,6,17,995,2535,994,2534,994,49.5656
6052,6,17,995,2535,994,2534,994,49.5656
6053,6,17,995,2535,994,2534,994,49.5656
6054,6,17,995,2535,994,2534,994,49.5656
6055,6,17,995,2535,994,2534,994,49.5656
6056,6,17,995,2535,994,2534,994,49.5656
6057,6,17,995,2535,994,2534,994,49.5656
6058,6,17,995,2535,994,2534,994,49.5656
6059,6,17,995,2535,994,2534,994,49.5656
6060,6,17,995,2535,994,2534,994,49.5656
6061,6,17,995,2535,994,2534,994,49.5656
6062,6,17,995,2535,994,2534,994,49.5656
6063,6,17,995,2535,994,2534,994,49.5656
6064,6,17,995,2535,994,2534,994,49.5656
6065,6,17,995,2535,994,2534,994,49.5656
6066,6,17,995,2535,994,2534,994,49.5656
6067,6,17,995,2535,994,2534,994,49.5656
6068,6,17,995,2535,994,2534,994,49.5656
6069,6,17,995,2535,994,2534,994,49.5656
6070,6,17,995,2535,994,2534,994,49.5656
6071,6,17,995,2535,994,2534,994,49.5656
6072,6,17,995,2535,994,2534,994,49.5656
6073,6,17,995,2535,994,2534,994,49.5656
6074,6,17,995,2535,994,2534,994,49.5656
6075,6,17,995,2535,994,2534,994,49.5656
6076,6,17,995,2535,994,2534,994,49.5656
6077,6,17,995,2535,994,2534,994,49.5656
6078,6,17,995,2535,994,2534,994,49.5656
6079,6,17,995,2535,994,2534,994,49.5656
6080,6,17,995,2535,994,2534,994,49.5656
6081,6,17,995,2535,994,2534,994,49.5656
6082,6,17,995,2535,994,2534,994,49.5656
6083,6,17,995,2535,994,2534,994,49.5656
6084,6,17,995,2535,994,2534,994,49.5656
6085,6,17,995,2535,994,2534,994,49.5656
6086,6,17,995,2535,994,2534,994,49.5656
6087,6,17,995,2535,994,2534,994,49.5656
6088,6,17,995,2535,994,2534,994,49.5656
6089,6,17,995,2535,994,2534,994,49.5656
6090,6,17,995,2535,994,2534,994,49.5656
6091,6,17,995,2535,994,2534,994,49.5656
6092,6,17,995,2535,994,2534,994,49.5656
6093,6,17,995,2535,994,2534,994,49.5656
6094,6,17,995,2535,994,2534,994,49.5656
6095,6,17,995,2535,994,2534,994,49.5656
6096,6,17,995,2535,994,2534,994,49.5656
6097,6,17,995,2535,994,2534,994,49.5656
6098,6,17,995,2535,994,2534,994,49.5656
6099,6,17,996,2539,994,2534,994,49.5656
6100,6,17,996,2539,994,2534,994,49.5656
6101,6,17,996,2539,994,2534,994,49.5656
6102,6,17,996,2539,994,2534,994,49.5656
6103,6,17,996,2539,994,2534,994,49.5656
6104,6,17,996,2539,994,2534,994,49.5656
6105,6,17,996,2539,994,2534,994,49.5656
6106,6,17,996,2539,994,2534,994,49.5656
6107,6,17,996,2539,994,2534,994,49.5656
6108,6,17,996,2539,994,2534,994,49.5656
6109,6,17,997,2540,994,2534,994,49.5656
6110,6,17,997,2540,994,2534,994,49.5656
6111,6,17,997,2540,994,2534,994,49.5656
6112,5,16,997,2540,995,2535,995,49.5656
6113,5,16,997,2540,995,2535,995,49.588005
6114,5,16,997,2540,995,2535,995,49.588005
6115,5,16,997,2540,995,2535,995,49.588005
6116,5,16,997,2540,995,2535,995,49.588005
6117,5,16,997,2540,995,2535,995,49.588005
6118,5,16,997,2540,995,2535,995,49.588005
6119,5,16,997,2540,995,2535,995,49.588005
6120,5,16,997,2540,995,2535,995,49.588005
6121,5,16,997,2540,995,2535,995,49.588005
6122,5,16,997,2540,995,2535,995,49.588005
6123,5,16,997,2540,995,2535,995,49.588005
6124,5,16,997,2540,995,2535,995,49.588005
6125,5,16,997,2540,995,2535,995,49.588005
6126,5,16,997,2540,995,2535,995,49.588005
6127,5,16,997,2540,995,2535,995,49.588005
6128,5,16,997,2540,995,2535,995,49.588005
6129,5,16,997,2540,995,2535,995,49.588005
6130,5,16,997,2540,995,2535,995,49.588005
6131,5,16,997,2540,995,2535,995,49.588005
6132,4,15,997,2540,996,2536,996,49.588005
6133,4,15,997,2540,996,2536,996,49.560936
6134,4,15,997,2540,996,2536,996,49.560936
6135,4,15,997,2540,996,2536,996,49.560936
6136,4,15,997,2540,996,2536,996,49.560936
6137,4,15,997,2540,996,2536,996,49.560936
6138,4,15,997,2540,996,2536,996,49.560936
6139,4,15,997,2540,996,2536,996,49.560936
6140,4,15,997,2540,996,2536,996,49.560936
6141,4,15,997,2540,996,2536,996,49.560936
6142,4,15,997,2540,996,2536,996,49.560936
6143,4,15,997,2540,996,2536,996,49.560936
6144,4,15,997,2540,996,2536,996,49.560936
6145,4,15,997,2540,996,2536,996,49.560936
6146,4,15,997,2540,996,2536,996,49.560936
6147,4,15,997,2540,996,2536,996,49.560936
6148,4,15,997,2540,996,2536,996,49.560936
6149,4,15,997,2540,996,2536,996,49.560936
6150,4,15,997,2540,996,2536,996,49.560936
6151,4,15,997,2540,996,2536,996,49.560936
6152,4,15,997,2540,996,2536,996,49.560936
6153,4,15,997,2540,996,2536,996,49.560936
6154,4,15,997,2540,996,2536,996,49.560936
6155,4,15,998,2541,996,2536,996,49.560936
6156,4,15,998,2541,996,2536,996,49.560936
6157,4,15,998,2541,996,2536,996,49.560936
6158,4,15,998,2541,996,2536,996,49.560936
6159,4,15,998,2541,996,2536,996,49.560936
6160,4,15,998,2541,996,2536,996,49.560936
6161,4,15,998,2541,996,2536,996,49.560936
6162,4,15,998,2541,996,2536,996,49.560936
6163,4,15,998,2541,996,2536,996,49.560936
6164,4,15,998,2541,996,2536,996,49.560936
6165,4,15,998,2541,996,2536,996,49.560936
6166,4,15,998,2541,996,2536,996,49.560936
6167,3,11,998,2541,997,2540,997,49.560936
6168,3,11,998,2541,997,2540,997,49.561256
6169,3,11,998,2541,997,2540,997,49.561256
6170,3,11,998,2541,997,2540,997,49.561256
6171,3,11,998,2541,997,2540,997,49.561256
6172,3,11,998,2541,997,2540,997,49.561256
6173,3,11,998,2541,997,2540,997,49.561256
6174,3,11,999,2546,997,2540,997,49.561256
6175,3,11,999,2546,997,2540,997,49.561256
6176,3,11,999,2546,997,2540,997,49.561256
6177,3,11,999,2546,997,2540,997,49.561256
6178,3,11,999,2546,997,2540,997,49.561256
6179,3,11,999,2546,997,2540,997,49.561256
6180,3,11,999,2546,997,2540,997,49.561256
6181,3,11,999,2546,997,2540,997,49.561256
6182,3,11,999,2546,997,2540,997,49.561256
6183,3,11,999,2546,997,2540,997,49.561256
6184,3,11,999,2546,997,2540,997,49.561256
6185,3,11,999,2546,997,2540,997,49.561256
6186,3,11,999,2546,997,2540,997,49.561256
6187,3,11,999,2546,997,2540,997,49.561256
6188,3,11,999,2546,997,2540,997,49.561256
6189,3,11,999,2546,997,2540,997,49.561256
6190,3,11,999,2546,997,2540,997,49.561256
6191,3,11,999,2546,997,2540,997,49.561256
6192,3,11,999,2546,997,2540,997,49.561256
6193,3,11,999,2546,997,2540,997,49.561256
6194,3,11,999,2546,997,2540,997,49.561256
6195,3,11,999,2546,997,2540,997,49.561256
6196,3,11,999,2546,997,2540,997,49.561256
6197,3,11,999,2546,997,2540,997,49.561256
6198,3,11,999,2546,997,2540,997,49.561256
6199,3,11,999,2546,997,2540,997,49.561256
6200,3,11,999,2546,997,2540,997,49.561256
6201,3,11,999,2546,997,2540,997,49.561256
6202,3,11,999,2546,997,2540,997,49.561256
6203,3,11,999,2546,997,2540,997,49.561256
6204,3,11,999,2546,997,2540,997,49.561256
6205,3,11,999,2546,997,2540,997,49.561256
6206,3,11,999,2546,997,2540,997,49.561256
6207,3,11,999,2546,997,2540,997,49.561256
6208,3,11,999,2546,997,2540,997,49.561256
6209,3,11,999,2546,997,2540,997,49.561256
6210,3,11,999,2546,997,2540,997,49.561256
6211,3,11,999,2546,997,2540,997,49.561256
6212,3,11,999,2546,997,2540,997,49.561256
6213,2,10,999,2546,998,2541,998,49.561256
6214,2,10,999,2546,998,2541,998,49.564095
6215,2,10,999,2546,998,2541,998,49.564095
6216,2,10,999,2546,998,2541,998,49.564095
6217,1,5,999,2546,999,2546,999,49.564095
6218,1,5,999,2546,999,2546,999,49.545403
6219,1,5,999,2546,999,2546,999,49.545403
6220,1,5,999,2546,999,2546,999,49.545403
6221,1,5,999,2546,999,2546,999,49.545403
6222,1,5,999,2546,999,2546,999,49.545403
6223,1,5,999,2546,999,2546,999,49.545403
6224,1,5,999,2546,999,2546,999,49.545403
6225,1,5,999,2546,999,2546,999,49.545403
6226,1,5,999,2546,999,2546,999,49.545403
6227,1,5,999,2546,999,2546,999,49.545403
6228,1,5,999,2546,999,2546,999,49.545403
6229,1,5,999,2546,999,2546,999,49.545403
6230,1,5,999,2546,999,2546,999,49.545403
6231,1,5,999,2546,999,2546,999,49.545403
6232,1,5,999,2546,999,2546,999,49.545403
6233,1,5,999,2546,999,2546,999,49.545403
6234,1,5,999,2546,999,2546,999,49.545403
6235,1,5,999,2546,999,2546,999,49.545403
6236,1,5,999,2546,999,2546,999,49.545403
6237,1,5,999,2546,999,2546,999,49.545403
6238,1,5,999,2546,999,2546,999,49.545403
6239,1,5,999,2546,999,2546,999,49.545403
6240,1,5,999,2546,999,2546,999,49.545403
6241,1,5,999,2546,999,2546,999,49.545403
6242,1,5,999,2546,999,2546,999,49.545403
6243,1,5,999,2546,999,2546,999,49.545403
6244,1,5,999,2546,999,2546,999,49.545403
6245,1,5,999,2546,999,2546,999,49.545403
6246,1,5,999,2546,999,2546,999,49.545403
6247,1,5,999,2546,999,2546,999,49.545403
6248,1,5,999,2546,999,2546,999,49.545403
6249,1,5,999,2546,999,2546,999,49.545403
6250,1,5,999,2546,999,2546,999,49.545403
6251,1,5,999,2546,999,2546,999,49.545403
6252,1,5,999,2546,999,2546,999,49.545403
6253,1,5,999,2546,999,2546,999,49.545403
6254,1,5,999,2546,999,2546,999,49.545403
6255,1,5,999,2546,999,2546,999,49.545403
6256,1,5,999,2546,999,2546,999,49.545403
6257,1,5,999,2546,999,2546,999,49.545403
6258,1,5,999,2546,999,2546,999,49.545403
6259,1,5,999,2546,999,2546,999,49.545403
6260,1,5,999,2546,999,2546,999,49.545403
6261,1,5,999,2546,999,2546,999,49.545403
6262,1,5,999,2546,999,2546,999,49.545403
6263,1,5,999,2546,999,2546,999,49.545403
6264,1,5,999,2546,999,2546,999,49.545403
6265,1,5,999,2546,999,2546,999,49.545403
6266,1,5,999,2546,999,2546,999,49.545403
6267,1,5,999,2546,999,2546,999,49.545403
6268,1,5,999,2546,999,2546,999,49.545403
6269,1,5,999,2546,999,2546,999,49.545403
6270,1,5,999,2546,999,2546,999,49.545403
6271,1,5,999,2546,999,2546,999,49.545403
6272,1,5,999,2546,999,2546,999,49.545403
6273,1,5,1000,2551,999,2546,999,49.545403
6274,1,5,1000,2551,999,2546,999,49.545403
6275,1,5,1000,2551,999,2546,999,49.545403
6276,1,5,1000,2551,999,2546,999,49.545403
6277,1,5,1000,2551,999,2546,999,49.545403
6278,1,5,1000,2551,999,2546,999,49.545403
6279,1,5,1000,2551,999,2546,999,49.545403
6280,1,5,1000,2551,999,2546,999,49.545403
6281,1,5,1000,2551,999,2546,999,49.545403
6282,1,5,1000,2551,999,2546,999,49.545403
6283,1,5,1000,2551,999,2546,999,49.545403
6284,1,5,1000,2551,999,2546,999,49.545403
6285,1,5,1000,2551,999,2546,999,49.545403
6286,1,5,1000,2551,999,2546,999,49.545403
6287,1,5,1000,2551,999,2546,999,49.545403
6288,1,5,1000,2551,999,2546,999,49.545403
6289,1,5,1000,2551,999,2546,999,49.545403
6290,1,5,1000,2551,999,2546,999,49.545403
6291,1,5,1000,2551,999,2546,999,49.545403
6292,1,5,1000,2551,999,2546,999,49.545403
6293,1,5,1000,2551,999,2546,999,49.545403
6294,1,5,1000,2551,999,2546,999,49.545403
6295,1,5,1000,2551,999,2546,999,49.545403
6296,1,5,1000,2551,999,2546,999,49.545403
6297,1,5,1000,2551,999,2546,999,49.545403
6298,1,5,1000,2551,999,2546,999,49.545403
6299,1,5,1000,2551,999,2546,999,49.545403
6300,1,5,1000,2551,999,2546,999,49.545403
6301,1,5,1000,2551,999,2546,999,49.545403
6302,1,5,1000,2551,999,2546,999,49.545403
6303,1,5,1000,2551,999,2546,999,49.545403
6304,1,5,1000,2551,999,2546,999,49.545403
6305,1,5,1000,2551,999,2546,999,49.545403
6306,1,5,1000,2551,999,2546,999,49.545403
6307,1,5,1000,2551,999,2546,999,49.545403
6308,1,5,1000,2551,999,2546,999,49.545403
6309,1,5,1000,2551,999,2546,999,49.545403
6310,1,5,1000,2551,999,2546,999,49.545403
6311,0,0,1000,2551,1000,2551,1000,49.545403
