Time(s),Total cars injected, Total cars arrived,Current cars in system,Exiting people,Total Sumo cars injected,Total Sumo cars arrived,Goal_highway people arrived,Goal_highway cars arrived,Goal_highway flow [veh./h]
0,0,0,0,0,0,0,0,0,0
1,0,0,0,0,0,0,0,0,0
2,0,0,0,0,0,0,0,0,0
3,0,0,0,0,0,0,0,0,0
4,0,0,0,0,0,0,0,0,0
5,0,0,0,0,0,0,0,0,0
6,0,0,0,0,0,0,0,0,0
7,0,0,0,0,0,0,0,0,0
8,0,0,0,0,0,0,0,0,0
9,0,0,0,0,0,0,0,0,0
10,0,0,0,0,0,0,0,0,0
11,0,0,0,0,0,0,0,0,0
12,0,0,0,0,0,0,0,0,0
13,0,0,0,0,0,0,0,0,0
14,0,0,0,0,0,0,0,0,0
15,0,0,0,0,0,0,0,0,0
16,0,0,0,0,0,0,0,0,0
17,0,0,0,0,0,0,0,0,0
18,0,0,0,0,0,0,0,0,0
19,0,0,0,0,0,0,0,0,0
20,0,0,0,0,0,0,0,0,0
21,0,0,0,0,0,0,0,0,0
22,0,0,0,0,0,0,0,0,0
23,0,0,0,0,0,0,0,0,0
24,0,0,0,0,0,0,0,0,0
25,0,0,0,0,0,0,0,0,0
26,0,0,0,0,0,0,0,0,0
27,0,0,0,0,0,0,0,0,0
28,0,0,0,0,0,0,0,0,0
29,0,0,0,0,0,0,0,0,0
30,0,0,0,0,0,0,0,0,0
31,0,0,0,0,0,0,0,0,0
32,0,0,0,0,0,0,0,0,0
33,0,0,0,0,0,0,0,0,0
34,0,0,0,0,0,0,0,0,0
35,0,0,0,0,0,0,0,0,0
36,0,0,0,0,0,0,0,0,0
37,0,0,0,0,0,0,0,0,0
38,0,0,0,0,0,0,0,0,0
39,0,0,0,0,0,0,0,0,0
40,0,0,0,0,0,0,0,0,0
41,0,0,0,0,0,0,0,0,0
42,0,0,0,0,0,0,0,0,0
43,0,0,0,0,0,0,0,0,0
44,0,0,0,0,0,0,0,0,0
45,1,0,1,0,0,0,0,0,0
46,1,0,1,0,0,0,0,0,0
47,1,0,1,0,0,0,0,0,0
48,1,0,1,0,0,0,0,0,0
49,1,0,1,0,0,0,0,0,0
50,1,0,1,0,0,0,0,0,0
51,1,0,1,0,0,0,0,0,0
52,1,0,1,0,0,0,0,0,0
53,1,0,1,0,0,0,0,0,0
54,1,0,1,0,0,0,0,0,0
55,1,0,1,0,0,0,0,0,0
56,1,0,1,0,0,0,0,0,0
57,1,0,1,0,0,0,0,0,0
58,1,0,1,0,0,0,0,0,0
59,1,0,1,0,0,0,0,0,0
60,1,0,1,0,0,0,0,0,0
61,1,0,1,0,0,0,0,0,0
62,1,0,1,0,0,0,0,0,0
63,1,0,1,0,0,0,0,0,0
64,1,0,1,0,0,0,0,0,0
65,1,0,1,0,0,0,0,0,0
66,1,0,1,0,0,0,0,0,0
67,2,0,2,0,0,0,0,0,0
68,2,0,2,0,0,0,0,0,0
69,2,0,2,0,0,0,0,0,0
70,2,0,2,0,0,0,0,0,0
71,2,0,2,0,0,0,0,0,0
72,2,0,2,0,0,0,0,0,0
73,2,0,2,0,0,0,0,0,0
74,2,0,2,0,0,0,0,0,0
75,2,0,2,0,0,0,0,0,0
76,2,0,2,0,0,0,0,0,0
77,2,0,2,0,0,0,0,0,0
78,2,0,2,0,0,0,0,0,0
79,2,0,2,0,0,0,0,0,0
80,2,0,2,0,0,0,0,0,0
81,2,0,2,0,0,0,0,0,0
82,2,0,2,0,0,0,0,0,0
83,2,0,2,0,0,0,0,0,0
84,3,0,3,0,0,0,0,0,0
85,3,0,3,0,0,0,0,0,0
86,3,0,3,0,0,0,0,0,0
87,3,0,3,0,0,0,0,0,0
88,3,0,3,0,0,0,0,0,0
89,4,0,4,0,0,0,0,0,0
90,4,0,4,0,0,0,0,0,0
91,4,0,4,0,0,0,0,0,0
92,4,0,4,0,0,0,0,0,0
93,4,0,4,0,0,0,0,0,0
94,5,0,5,0,0,0,0,0,0
95,5,0,5,0,0,0,0,0,0
96,5,0,5,0,0,0,0,0,0
97,5,0,5,0,0,0,0,0,0
98,5,0,5,0,0,0,0,0,0
99,5,0,5,0,0,0,0,0,0
100,5,0,5,0,0,0,0,0,0
101,5,0,5,0,0,0,0,0,0
102,5,0,5,0,0,0,0,0,0
103,6,0,6,0,0,0,0,0,0
104,6,0,6,0,0,0,0,0,0
105,6,0,6,0,0,0,0,0,0
106,7,0,7,0,0,0,0,0,0
107,7,0,7,0,0,0,0,0,0
108,7,0,7,0,0,0,0,0,0
109,7,0,7,0,0,0,0,0,0
110,8,0,8,0,0,0,0,0,0
111,8,0,8,0,0,0,0,0,0
112,8,0,8,0,0,0,0,0,0
113,8,0,8,0,0,0,0,0,0
114,8,0,8,0,0,0,0,0,0
115,8,0,8,0,0,0,0,0,0
116,8,0,8,0,0,0,0,0,0
117,8,0,8,0,0,0,0,0,0
118,9,0,9,0,0,0,0,0,0
119,9,0,9,0,0,0,0,0,0
120,9,0,9,0,0,0,0,0,0
121,9,0,9,0,0,0,0,0,0
122,9,0,9,0,0,0,0,0,0
123,9,0,9,0,0,0,0,0,0
124,11,0,11,0,0,0,0,0,0
125,11,0,11,0,0,0,0,0,0
126,12,0,12,0,0,0,0,0,0
127,12,0,12,0,0,0,0,0,0
128,12,0,12,0,0,0,0,0,0
129,12,0,12,0,0,0,0,0,0
130,12,0,12,0,0,0,0,0,0
131,12,0,12,0,0,0,0,0,0
132,12,0,12,0,0,0,0,0,0
133,12,0,12,0,0,0,0,0,0
134,12,0,12,0,0,0,0,0,0
135,12,0,12,0,0,0,0,0,0
136,12,0,12,0,0,0,0,0,0
137,12,0,12,0,0,0,0,0,0
138,12,0,12,0,0,0,0,0,0
139,12,0,12,0,0,0,0,0,0
140,13,0,13,0,0,0,0,0,0
141,13,0,13,0,0,0,0,0,0
142,13,0,13,0,0,0,0,0,0
143,13,0,13,0,0,0,0,0,0
144,13,0,13,0,0,0,0,0,0
145,13,0,13,0,0,0,0,0,0
146,13,0,13,0,0,0,0,0,0
147,13,0,13,0,0,0,0,0,0
148,13,0,13,0,0,0,0,0,0
149,13,0,13,0,0,0,0,0,0
150,13,0,13,0,0,0,0,0,0
151,13,0,13,0,0,0,0,0,0
152,13,0,13,0,0,0,0,0,0
153,13,0,13,0,0,0,0,0,0
154,13,0,13,0,0,0,0,0,0
155,13,0,13,0,0,0,0,0,0
156,13,0,13,0,0,0,0,0,0
157,13,0,13,0,0,0,0,0,0
158,15,0,15,0,0,0,0,0,0
159,15,0,15,0,0,0,0,0,0
160,15,0,15,0,0,0,0,0,0
161,15,0,15,0,0,0,0,0,0
162,15,0,15,0,0,0,0,0,0
163,15,0,15,0,0,0,0,0,0
164,15,0,15,0,0,0,0,0,0
165,15,0,15,0,0,0,0,0,0
166,15,0,15,0,0,0,0,0,0
167,15,0,15,0,0,0,0,0,0
168,16,0,16,0,0,0,0,0,0
169,16,0,16,0,0,0,0,0,0
170,16,0,16,0,0,0,0,0,0
171,16,0,16,0,0,0,0,0,0
172,16,0,16,0,0,0,0,0,0
173,16,0,16,0,0,0,0,0,0
174,17,0,17,0,0,0,0,0,0
175,17,0,17,0,0,0,0,0,0
176,17,0,17,0,0,0,0,0,0
177,17,0,17,0,0,0,0,0,0
178,17,0,17,0,0,0,0,0,0
179,17,0,17,0,0,0,0,0,0
180,17,0,17,0,0,0,0,0,0
181,17,0,17,0,0,0,0,0,0
182,17,0,17,0,0,0,0,0,0
183,17,0,17,0,0,0,0,0,0
184,17,0,17,0,0,0,0,0,0
185,18,0,18,0,0,0,0,0,0
186,18,0,18,0,0,0,0,0,0
187,18,0,18,0,0,0,0,0,0
188,18,0,18,0,0,0,0,0,0
189,18,0,18,0,0,0,0,0,0
190,18,0,18,0,0,0,0,0,0
191,18,0,18,0,0,0,0,0,0
192,18,0,18,0,0,0,0,0,0
193,18,0,18,0,0,0,0,0,0
194,18,0,18,0,0,0,0,0,0
195,18,0,18,0,0,0,0,0,0
196,18,0,18,0,0,0,0,0,0
197,18,0,18,0,0,0,0,0,0
198,18,0,18,0,0,0,0,0,0
199,18,0,18,0,0,0,0,0,0
200,18,0,18,0,0,0,0,0,0
201,18,0,18,0,0,0,0,0,0
202,18,0,18,0,0,0,0,0,0
203,18,0,18,0,0,0,0,0,0
204,18,0,18,0,0,0,0,0,0
205,18,0,18,0,0,0,0,0,0
206,18,0,18,0,0,0,0,0,0
207,18,0,18,0,0,0,0,0,0
208,18,0,18,0,0,0,0,0,0
209,18,0,18,0,0,0,0,0,0
210,18,0,18,0,0,0,0,0,0
211,18,0,18,0,0,0,0,0,0
212,18,0,18,0,0,0,0,0,0
213,18,0,18,0,0,0,0,0,0
214,18,0,18,0,0,0,0,0,0
215,18,0,18,0,0,0,0,0,0
216,18,0,18,0,0,0,0,0,0
217,18,0,18,0,0,0,0,0,0
218,18,0,18,0,0,0,0,0,0
219,18,0,18,0,0,0,0,0,0
220,18,0,18,0,0,0,0,0,0
221,18,0,18,0,0,0,0,0,0
222,18,0,18,0,0,0,0,0,0
223,19,0,19,0,0,0,0,0,0
224,19,0,19,0,0,0,0,0,0
225,19,0,19,0,0,0,0,0,0
226,19,0,19,0,0,0,0,0,0
227,19,0,19,0,0,0,0,0,0
228,20,0,20,0,0,0,0,0,0
229,20,0,20,0,0,0,0,0,0
230,21,0,21,0,0,0,0,0,0
231,21,0,21,0,0,0,0,0,0
232,21,0,21,0,0,0,0,0,0
233,21,0,21,0,0,0,0,0,0
234,21,0,21,0,0,0,0,0,0
235,21,0,21,0,0,0,0,0,0
236,21,0,21,0,0,0,0,0,0
237,21,0,21,0,0,0,0,0,0
238,21,0,21,0,0,0,0,0,0
239,23,0,23,0,0,0,0,0,0
240,23,0,23,0,0,0,0,0,0
241,23,0,23,0,0,0,0,0,0
242,23,0,23,0,0,0,0,0,0
243,23,0,23,0,0,0,0,0,0
244,23,0,23,0,0,0,0,0,0
245,23,0,23,0,0,0,0,0,0
246,23,0,23,0,0,0,0,0,0
247,23,0,23,0,0,0,0,0,0
248,23,0,23,0,0,0,0,0,0
249,23,0,23,0,0,0,0,0,0
250,23,0,23,0,0,0,0,0,0
251,23,0,23,0,0,0,0,0,0
252,23,0,23,0,0,0,0,0,0
253,23,0,23,0,0,0,0,0,0
254,23,0,23,0,0,0,0,0,0
255,23,0,23,0,0,0,0,0,0
256,23,0,23,0,0,0,0,0,0
257,24,0,24,0,0,0,0,0,0
258,24,0,24,0,0,0,0,0,0
259,24,0,24,0,0,0,0,0,0
260,24,0,24,0,0,0,0,0,0
261,24,0,24,0,0,0,0,0,0
262,24,0,24,0,0,0,0,0,0
263,24,0,24,0,0,0,0,0,0
264,24,0,24,0,0,0,0,0,0
265,24,0,24,0,0,0,0,0,0
266,24,0,24,0,0,0,0,0,0
267,24,0,24,0,0,0,0,0,0
268,24,0,24,0,0,0,0,0,0
269,24,0,24,0,0,0,0,0,0
270,24,0,24,0,0,0,0,0,0
271,24,0,24,0,0,0,0,0,0
272,24,0,24,0,0,0,0,0,0
273,24,0,24,0,0,0,0,0,0
274,24,0,24,0,0,0,0,0,0
275,24,0,24,0,0,0,0,0,0
276,24,0,24,0,0,0,0,0,0
277,24,0,24,0,0,0,0,0,0
278,24,0,24,0,0,0,0,0,0
279,24,0,24,0,0,0,0,0,0
280,24,0,24,0,0,0,0,0,0
281,25,0,25,0,0,0,0,0,0
282,25,0,25,0,0,0,0,0,0
283,25,0,25,0,0,0,0,0,0
284,25,0,25,0,0,0,0,0,0
285,25,0,25,0,0,0,0,0,0
286,25,0,25,0,0,0,0,0,0
287,27,0,27,0,0,0,0,0,0
288,27,0,27,0,0,0,0,0,0
289,27,0,27,0,0,0,0,0,0
290,27,0,27,0,0,0,0,0,0
291,28,0,28,0,0,0,0,0,0
292,28,0,28,0,0,0,0,0,0
293,29,0,29,0,0,0,0,0,0
294,29,0,29,0,0,0,0,0,0
295,29,0,29,0,0,0,0,0,0
296,29,0,29,0,0,0,0,0,0
297,29,0,29,0,0,0,0,0,0
298,29,0,29,0,0,0,0,0,0
299,29,0,29,0,0,0,0,0,0
300,30,0,30,0,0,0,0,0,0
301,31,0,31,0,0,0,0,0,0
302,31,0,31,0,0,0,0,0,0
303,31,0,31,0,0,0,0,0,0
304,31,0,31,0,0,0,0,0,0
305,31,0,31,0,0,0,0,0,0
306,31,0,31,0,0,0,0,0,0
307,31,0,31,0,0,0,0,0,0
308,31,0,31,0,0,0,0,0,0
309,32,0,32,0,0,0,0,0,0
310,32,0,32,0,0,0,0,0,0
311,32,0,32,0,0,0,0,0,0
312,32,0,32,0,0,0,0,0,0
313,32,0,32,0,0,0,0,0,0
314,32,0,32,0,0,0,0,0,0
315,33,0,33,0,0,0,0,0,0
316,33,0,33,0,0,0,0,0,0
317,33,0,33,0,0,0,0,0,0
318,34,0,34,0,0,0,0,0,0
319,34,0,34,0,0,0,0,0,0
320,34,0,34,0,0,0,0,0,0
321,34,0,34,0,0,0,0,0,0
322,34,0,34,0,0,0,0,0,0
323,34,0,34,0,0,0,0,0,0
324,34,0,34,0,0,0,0,0,0
325,35,0,35,0,0,0,0,0,0
326,36,0,36,0,0,0,0,0,0
327,36,0,36,0,0,0,0,0,0
328,36,0,36,0,0,0,0,0,0
329,36,0,36,0,0,0,0,0,0
330,36,0,36,0,0,0,0,0,0
331,36,0,36,0,0,0,0,0,0
332,36,0,36,0,0,0,0,0,0
333,37,0,37,0,0,0,0,0,0
334,37,0,37,0,0,0,0,0,0
335,37,0,37,0,0,0,0,0,0
336,37,0,37,0,0,0,0,0,0
337,37,0,37,0,0,0,0,0,0
338,37,0,37,0,0,0,0,0,0
339,37,0,37,0,0,0,0,0,0
340,37,0,37,0,0,0,0,0,0
341,37,0,37,0,0,0,0,0,0
342,37,0,37,0,0,0,0,0,0
343,38,0,38,0,0,0,0,0,0
344,38,0,38,0,0,0,0,0,0
345,38,0,38,0,0,0,0,0,0
346,38,0,38,0,0,0,0,0,0
347,38,0,38,0,0,0,0,0,0
348,38,0,38,0,0,0,0,0,0
349,39,0,39,0,0,0,0,0,0
350,39,0,39,0,0,0,0,0,0
351,40,0,40,0,0,0,0,0,0
352,41,0,41,0,0,0,0,0,0
353,41,0,41,0,0,0,0,0,0
354,41,0,41,0,0,0,0,0,0
355,41,0,41,0,0,0,0,0,0
356,42,0,42,0,0,0,0,0,0
357,44,0,44,0,0,0,0,0,0
358,44,0,44,0,0,0,0,0,0
359,44,0,44,0,0,0,0,0,0
360,45,0,44,0,0,0,0,0,0
361,46,0,45,0,0,0,0,0,0
362,47,0,46,0,0,0,0,0,0
363,48,0,47,0,0,0,0,0,0
364,48,0,48,0,0,0,0,0,0
365,50,0,50,0,0,0,0,0,0
366,50,0,50,0,0,0,0,0,0
367,50,0,50,0,0,0,0,0,0
368,51,0,51,0,0,0,0,0,0
369,51,0,51,0,0,0,0,0,0
370,51,0,51,0,0,0,0,0,0
371,51,0,51,0,0,0,0,0,0
372,51,0,51,0,0,0,0,0,0
373,51,0,51,0,0,0,0,0,0
374,51,0,51,0,0,0,0,0,0
375,51,0,51,0,0,0,0,0,0
376,52,0,52,0,0,0,0,0,0
377,53,0,53,0,0,0,0,0,0
378,54,0,54,0,0,0,0,0,0
379,54,0,54,0,0,0,0,0,0
380,55,0,55,0,0,0,0,0,0
381,59,0,57,0,0,0,0,0,0
382,59,0,57,0,0,0,0,0,0
383,59,0,57,0,0,0,0,0,0
384,60,0,60,0,0,0,0,0,0
385,63,0,63,0,0,0,0,0,0
386,63,0,63,0,0,0,0,0,0
387,63,0,63,0,0,0,0,0,0
388,64,0,64,0,0,0,0,0,0
389,65,0,65,0,0,0,0,0,0
390,66,0,66,0,0,0,0,0,0
391,66,0,66,0,0,0,0,0,0
392,67,0,67,0,0,0,0,0,0
393,68,0,68,0,0,0,0,0,0
394,69,0,69,0,0,0,0,0,0
395,69,0,69,0,0,0,0,0,0
396,69,0,69,0,0,0,0,0,0
397,69,0,69,0,0,0,0,0,0
398,69,0,69,0,0,0,0,0,0
399,69,0,69,0,0,0,0,0,0
400,69,0,69,0,0,0,0,0,0
401,70,0,70,0,0,0,0,0,0
402,71,0,71,0,0,0,0,0,0
403,73,0,73,0,0,0,0,0,0
404,74,0,74,0,0,0,0,0,0
405,75,0,74,0,0,0,0,0,0
406,77,0,76,0,0,0,0,0,0
407,78,0,77,0,0,0,0,0,0
408,79,0,79,0,0,0,0,0,0
409,79,0,79,0,0,0,0,0,0
410,80,0,80,0,0,0,0,0,0
411,82,0,82,0,0,0,0,0,0
412,82,0,82,0,0,0,0,0,0
413,83,0,83,0,0,0,0,0,0
414,83,0,83,0,0,0,0,0,0
415,83,0,83,0,0,0,0,0,0
416,84,0,84,0,0,0,0,0,0
417,86,0,85,0,0,0,0,0,0
418,87,0,86,0,0,0,0,0,0
419,90,0,88,0,0,0,0,0,0
420,92,0,91,0,0,0,0,0,0
421,95,0,93,0,0,0,0,0,0
422,95,0,93,0,0,0,0,0,0
423,98,0,96,0,0,0,0,0,0
424,99,0,98,0,0,0,0,0,0
425,99,0,99,0,0,0,0,0,0
426,100,0,100,0,0,0,0,0,0
427,101,0,101,0,0,0,0,0,0
428,104,0,103,0,0,0,0,0,0
429,105,0,104,0,0,0,0,0,0
430,105,0,104,0,0,0,0,0,0
431,105,0,104,0,0,0,0,0,0
432,105,0,104,0,0,0,0,0,0
433,106,0,105,0,0,0,0,0,0
434,106,0,106,0,0,0,0,0,0
435,106,0,106,0,0,0,0,0,0
436,107,0,107,0,0,0,0,0,0
437,107,0,107,0,0,0,0,0,0
438,109,0,109,0,0,0,0,0,0
439,110,0,110,0,0,0,0,0,0
440,110,0,110,0,0,0,0,0,0
441,112,0,112,0,0,0,0,0,0
442,112,0,112,0,0,0,0,0,0
443,114,0,113,0,0,0,0,0,0
444,115,0,114,0,0,0,0,0,0
445,116,0,115,0,0,0,0,0,0
446,119,0,118,0,0,0,0,0,0
447,120,0,118,0,0,0,0,0,0
448,120,0,119,0,0,0,0,0,0
449,121,0,120,0,0,0,0,0,0
450,121,0,120,0,0,0,0,0,0
451,122,0,121,0,0,0,0,0,0
452,123,0,123,0,0,0,0,0,0
453,123,0,123,0,0,0,0,0,0
454,124,0,124,0,0,0,0,0,0
455,124,0,124,0,0,0,0,0,0
456,126,0,126,0,0,0,0,0,0
457,126,0,126,0,0,0,0,0,0
458,127,0,127,0,0,0,0,0,0
459,129,0,129,0,0,0,0,0,0
460,130,0,130,0,0,0,0,0,0
461,131,0,131,0,0,0,0,0,0
462,132,0,132,0,0,0,0,0,0
463,133,0,133,0,0,0,0,0,0
464,134,0,134,0,0,0,0,0,0
465,135,0,134,0,0,0,0,0,0
466,136,0,135,0,0,0,0,0,0
467,137,0,137,0,0,0,0,0,0
468,138,0,138,0,0,0,0,0,0
469,140,0,140,0,0,0,0,0,0
470,141,0,141,0,0,0,0,0,0
471,141,0,141,0,0,0,0,0,0
472,141,0,141,0,0,0,0,0,0
473,141,0,141,0,0,0,0,0,0
474,142,0,142,0,0,0,0,0,0
475,144,0,144,0,0,0,0,0,0
476,145,0,145,0,0,0,0,0,0
477,148,0,147,0,0,0,0,0,0
478,149,0,148,0,0,0,0,0,0
479,149,0,148,0,0,0,0,0,0
480,151,0,150,0,0,0,0,0,0
481,152,0,152,0,0,0,0,0,0
482,153,0,153,0,0,0,0,0,0
483,153,0,153,0,0,0,0,0,0
484,153,0,153,0,0,0,0,0,0
485,153,0,153,0,0,0,0,0,0
486,154,0,154,0,0,0,0,0,0
487,154,0,154,0,0,0,0,0,0
488,155,0,154,0,0,0,0,0,0
489,155,0,154,0,0,0,0,0,0
490,156,0,154,0,0,0,0,0,0
491,157,0,156,0,0,0,0,0,0
492,157,0,156,0,0,0,0,0,0
493,157,0,157,0,0,0,0,0,0
494,158,0,158,0,0,0,0,0,0
495,159,0,159,0,0,0,0,0,0
496,159,0,159,0,0,0,0,0,0
497,159,0,159,0,0,0,0,0,0
498,159,0,159,0,0,0,0,0,0
499,159,0,159,0,0,0,0,0,0
500,160,0,160,0,0,0,0,0,0
501,160,0,160,0,0,0,0,0,0
502,160,0,160,0,0,0,0,0,0
503,160,0,160,0,0,0,0,0,0
504,160,0,160,0,0,0,0,0,0
505,161,0,161,0,0,0,0,0,0
506,161,0,161,0,0,0,0,0,0
507,161,0,161,0,0,0,0,0,0
508,163,0,163,0,0,0,0,0,0
509,164,0,164,0,0,0,0,0,0
510,164,0,164,0,0,0,0,0,0
511,164,0,164,0,0,0,0,0,0
512,164,0,164,0,0,0,0,0,0
513,165,0,164,0,0,0,0,0,0
514,166,0,165,0,0,0,0,0,0
515,167,0,167,0,0,0,0,0,0
516,168,0,168,0,0,0,0,0,0
517,169,0,169,0,0,0,0,0,0
518,169,0,169,0,0,0,0,0,0
519,169,0,169,0,0,0,0,0,0
520,170,0,170,0,0,0,0,0,0
521,170,0,170,0,0,0,0,0,0
522,171,0,171,0,0,0,0,0,0
523,171,0,171,0,0,0,0,0,0
524,171,0,171,0,0,0,0,0,0
525,172,0,172,0,0,0,0,0,0
526,172,0,172,0,0,0,0,0,0
527,172,0,172,0,0,0,0,0,0
528,173,0,173,0,0,0,0,0,0
529,173,0,173,0,0,0,0,0,0
530,174,0,174,0,0,0,0,0,0
531,178,0,177,0,0,0,0,0,0
532,181,0,180,0,0,0,0,0,0
533,181,0,180,0,0,0,0,0,0
534,182,0,181,0,0,0,0,0,0
535,182,0,181,0,0,0,0,0,0
536,182,0,182,0,0,0,0,0,0
537,182,0,182,0,0,0,0,0,0
538,182,0,182,0,0,0,0,0,0
539,182,0,182,0,0,0,0,0,0
540,182,0,182,0,0,0,0,0,0
541,184,0,183,0,0,0,0,0,0
542,187,0,185,0,0,0,0,0,0
543,187,0,186,0,0,0,0,0,0
544,187,0,186,0,0,0,0,0,0
545,188,0,187,0,0,0,0,0,0
546,189,0,187,0,0,0,0,0,0
547,191,0,189,0,0,0,0,0,0
548,191,0,190,0,0,0,0,0,0
549,191,0,191,0,0,0,0,0,0
550,192,0,192,0,0,0,0,0,0
551,193,0,192,0,0,0,0,0,0
552,194,0,193,0,0,0,0,0,0
553,195,0,194,0,0,0,0,0,0
554,197,0,196,0,0,0,0,0,0
555,199,0,197,0,0,0,0,0,0
556,200,0,198,0,0,0,0,0,0
557,200,0,198,0,0,0,0,0,0
558,202,0,201,0,0,0,0,0,0
559,202,0,201,0,0,0,0,0,0
560,203,0,202,0,0,0,0,0,0
561,203,0,202,0,0,0,0,0,0
562,205,0,204,0,0,0,0,0,0
563,206,0,206,0,0,0,0,0,0
564,206,0,206,0,0,0,0,0,0
565,210,0,209,0,0,0,0,0,0
566,210,0,209,0,0,0,0,0,0
567,210,0,210,0,0,0,0,0,0
568,211,0,211,0,0,0,0,0,0
569,211,0,211,0,0,0,0,0,0
570,215,0,214,0,0,0,0,0,0
571,215,0,214,0,0,0,0,0,0
572,216,0,216,0,0,0,0,0,0
573,217,0,217,0,0,0,0,0,0
574,219,0,219,0,0,0,0,0,0
575,220,0,220,0,0,0,0,0,0
576,220,0,220,0,0,0,0,0,0
577,221,0,221,0,0,0,0,0,0
578,223,0,223,0,0,0,0,0,0
579,223,0,223,0,0,0,0,0,0
580,224,0,223,0,0,0,0,0,0
581,225,0,224,0,0,0,0,0,0
582,226,0,225,0,0,0,0,0,0
583,226,0,225,0,0,0,0,0,0
584,227,0,226,0,0,0,0,0,0
585,230,0,229,0,0,0,0,0,0
586,231,0,229,0,0,0,0,0,0
587,233,0,231,0,0,0,0,0,0
588,238,0,236,0,0,0,0,0,0
589,240,0,238,0,0,0,0,0,0
590,241,0,241,0,0,0,0,0,0
591,243,0,242,0,0,0,0,0,0
592,244,0,243,0,0,0,0,0,0
593,244,0,243,0,0,0,0,0,0
594,247,0,244,0,0,0,0,0,0
595,248,0,248,0,0,0,0,0,0
596,249,0,249,0,0,0,0,0,0
597,249,0,249,0,0,0,0,0,0
598,251,0,250,0,0,0,0,0,0
599,252,0,251,0,0,0,0,0,0
600,252,0,252,0,0,0,0,0,0
601,252,0,252,0,0,0,0,0,0
602,253,0,252,0,0,0,0,0,0
603,254,0,253,0,0,0,0,0,0
604,254,0,253,0,0,0,0,0,0
605,255,0,255,0,0,0,0,0,0
606,255,0,255,0,0,0,0,0,0
607,256,0,256,0,0,0,0,0,0
608,256,0,256,0,0,0,0,0,0
609,257,0,257,0,0,0,0,0,0
610,259,0,258,0,0,0,0,0,0
611,261,0,259,0,0,0,0,0,0
612,262,0,262,0,0,0,0,0,0
613,263,0,263,0,0,0,0,0,0
614,263,0,263,0,0,0,0,0,0
615,264,0,264,0,0,0,0,0,0
616,265,0,265,0,0,0,0,0,0
617,268,0,267,0,0,0,0,0,0
618,269,0,268,0,0,0,0,0,0
619,271,0,271,0,0,0,0,0,0
620,272,0,272,0,0,0,0,0,0
621,273,0,272,0,0,0,0,0,0
622,274,0,274,0,0,0,0,0,0
623,276,0,276,0,0,0,0,0,0
624,276,0,276,0,0,0,0,0,0
625,278,0,277,0,0,0,0,0,0
626,278,0,277,0,0,0,0,0,0
627,278,0,277,0,0,0,0,0,0
628,279,0,278,0,0,0,0,0,0
629,280,0,279,0,0,0,0,0,0
630,281,0,280,0,0,0,0,0,0
631,281,0,281,0,0,0,0,0,0
632,283,0,282,0,0,0,0,0,0
633,284,0,283,0,0,0,0,0,0
634,284,0,284,0,0,0,0,0,0
635,285,0,284,0,0,0,0,0,0
636,287,0,286,0,0,0,0,0,0
637,287,0,286,0,0,0,0,0,0
638,289,0,288,0,0,0,0,0,0
639,291,0,290,0,0,0,0,0,0
640,291,0,290,0,0,0,0,0,0
641,292,0,291,0,0,0,0,0,0
642,294,0,293,0,0,0,0,0,0
643,294,0,293,0,0,0,0,0,0
644,294,0,293,0,0,0,0,0,0
645,295,0,294,0,0,0,0,0,0
646,296,0,295,0,0,0,0,0,0
647,296,0,295,0,0,0,0,0,0
648,298,0,297,0,0,0,0,0,0
649,300,0,298,0,0,0,0,0,0
650,301,0,298,0,0,0,0,0,0
651,301,0,299,0,0,0,0,0,0
652,301,0,299,0,0,0,0,0,0
653,301,0,300,0,0,0,0,0,0
654,301,0,300,0,0,0,0,0,0
655,302,0,301,0,0,0,0,0,0
656,302,0,301,0,0,0,0,0,0
657,302,0,301,0,0,0,0,0,0
658,302,0,301,0,0,0,0,0,0
659,303,0,301,0,0,0,0,0,0
660,304,0,302,0,0,0,0,0,0
661,305,0,303,0,0,0,0,0,0
662,307,0,305,0,0,0,0,0,0
663,308,0,306,0,0,0,0,0,0
664,310,0,307,0,0,0,0,0,0
665,310,0,307,0,0,0,0,0,0
666,311,0,308,0,0,0,0,0,0
667,311,0,308,0,0,0,0,0,0
668,313,0,309,0,0,0,0,0,0
669,313,0,309,0,0,0,0,0,0
670,315,0,311,0,0,0,0,0,0
671,317,0,314,0,0,0,0,0,0
672,318,1,314,1,0,0,1,1,0
673,319,1,314,1,0,0,1,1,0
674,320,1,315,1,0,0,1,1,0
675,320,1,315,1,0,0,1,1,0
676,321,1,315,1,0,0,1,1,0
677,321,1,315,1,0,0,1,1,0
678,321,1,317,1,0,0,1,1,0
679,323,1,319,1,0,0,1,1,0
680,325,1,320,1,0,0,1,1,0
681,326,1,321,1,0,0,1,1,0
682,327,1,323,1,0,0,1,1,0
683,328,1,323,1,0,0,1,1,0
684,330,1,326,1,0,0,1,1,0
685,330,1,327,1,0,0,1,1,0
686,330,1,327,1,0,0,1,1,0
687,331,1,327,1,0,0,1,1,0
688,331,1,328,1,0,0,1,1,0
689,331,1,329,1,0,0,1,1,0
690,331,1,329,1,0,0,1,1,0
691,331,1,329,1,0,0,1,1,0
692,331,1,329,1,0,0,1,1,0
693,331,1,329,1,0,0,1,1,0
694,331,1,329,1,0,0,1,1,0
695,331,1,329,1,0,0,1,1,0
696,332,1,329,1,0,0,1,1,0
697,332,1,329,1,0,0,1,1,0
698,334,1,331,1,0,0,1,1,0
699,334,1,331,1,0,0,1,1,0
700,335,1,331,1,0,0,1,1,0
701,335,1,331,1,0,0,1,1,0
702,337,1,333,1,0,0,1,1,0
703,337,1,334,1,0,0,1,1,0
704,337,1,334,1,0,0,1,1,0
705,338,1,335,1,0,0,1,1,0
706,338,1,335,1,0,0,1,1,0
707,339,1,336,1,0,0,1,1,0
708,340,1,337,1,0,0,1,1,0
709,341,1,337,1,0,0,1,1,0
710,341,1,337,1,0,0,1,1,0
711,342,1,338,1,0,0,1,1,0
712,343,1,338,1,0,0,1,1,0
713,344,1,338,1,0,0,1,1,0
714,344,1,338,1,0,0,1,1,0
715,344,1,339,1,0,0,1,1,0
716,344,1,340,1,0,0,1,1,0
717,345,1,341,1,0,0,1,1,0
718,347,1,342,1,0,0,1,1,0
719,347,1,343,1,0,0,1,1,0
720,347,1,344,1,0,0,1,1,0
721,349,1,346,1,0,0,1,1,0
722,349,1,346,1,0,0,1,1,0
723,351,1,348,1,0,0,1,1,0
724,353,1,349,1,0,0,1,1,0
725,353,1,349,1,0,0,1,1,0
726,353,1,350,1,0,0,1,1,0
727,353,1,350,1,0,0,1,1,0
728,355,1,352,1,0,0,1,1,0
729,357,1,354,1,0,0,1,1,0
730,357,1,354,1,0,0,1,1,0
731,359,1,356,1,0,0,1,1,0
732,360,1,356,1,0,0,1,1,0
733,362,1,357,1,0,0,1,1,0
734,363,1,360,1,0,0,1,1,0
735,363,1,360,1,0,0,1,1,0
736,363,1,360,1,0,0,1,1,0
737,363,1,360,1,0,0,1,1,0
738,364,1,361,1,0,0,1,1,0
739,365,1,362,1,0,0,1,1,0
740,365,1,362,1,0,0,1,1,0
741,366,1,364,1,0,0,1,1,0
742,366,1,364,1,0,0,1,1,0
743,369,1,367,1,0,0,1,1,0
744,369,1,367,1,0,0,1,1,0
745,370,1,368,1,0,0,1,1,0
746,372,1,370,1,0,0,1,1,0
747,372,1,370,1,0,0,1,1,0
748,372,1,370,1,0,0,1,1,0
749,375,1,372,1,0,0,1,1,0
750,377,2,372,6,0,0,6,2,4.7999997
751,377,2,372,6,0,0,6,2,4.7999997
752,379,2,374,6,0,0,6,2,4.7999997
753,379,2,375,6,0,0,6,2,4.7999997
754,380,2,376,6,0,0,6,2,4.7999997
755,380,2,377,6,0,0,6,2,4.7999997
756,382,2,378,6,0,0,6,2,4.7999997
757,383,2,380,6,0,0,6,2,4.7999997
758,384,2,381,6,0,0,6,2,4.7999997
759,385,2,381,6,0,0,6,2,4.7999997
760,386,2,381,6,0,0,6,2,4.7999997
761,386,2,383,6,0,0,6,2,4.7999997
762,387,2,384,6,0,0,6,2,4.7999997
763,389,2,385,6,0,0,6,2,4.7999997
764,390,2,386,6,0,0,6,2,4.7999997
765,391,2,386,6,0,0,6,2,4.7999997
766,391,2,386,6,0,0,6,2,4.7999997
767,392,2,386,6,0,0,6,2,4.7999997
768,393,2,388,6,0,0,6,2,4.7999997
769,393,2,388,6,0,0,6,2,4.7999997
770,393,2,388,6,0,0,6,2,4.7999997
771,393,2,388,6,0,0,6,2,4.7999997
772,394,2,390,6,0,0,6,2,4.7999997
773,395,2,390,6,0,0,6,2,4.7999997
774,396,2,392,6,0,0,6,2,4.7999997
775,396,2,392,6,0,0,6,2,4.7999997
776,396,2,392,6,0,0,6,2,4.7999997
777,397,2,394,6,0,0,6,2,4.7999997
778,399,2,395,6,0,0,6,2,4.7999997
779,399,2,395,6,0,0,6,2,4.7999997
780,399,2,395,6,0,0,6,2,4.7999997
781,400,2,397,6,0,0,6,2,4.7999997
782,402,2,398,6,0,0,6,2,4.7999997
783,403,2,399,6,0,0,6,2,4.7999997
784,404,2,399,6,0,0,6,2,4.7999997
785,404,2,399,6,0,0,6,2,4.7999997
786,406,2,401,6,0,0,6,2,4.7999997
787,408,3,401,7,0,0,7,3,9.148665
788,408,3,402,7,0,0,7,3,9.148665
789,409,3,402,7,0,0,7,3,9.148665
790,410,3,403,7,0,0,7,3,9.148665
791,411,3,403,7,0,0,7,3,9.148665
792,412,3,405,7,0,0,7,3,9.148665
793,413,3,406,7,0,0,7,3,9.148665
794,414,3,408,7,0,0,7,3,9.148665
795,414,3,408,7,0,0,7,3,9.148665
796,414,3,408,7,0,0,7,3,9.148665
797,415,3,409,7,0,0,7,3,9.148665
798,415,3,409,7,0,0,7,3,9.148665
799,417,3,411,7,0,0,7,3,9.148665
800,419,3,412,7,0,0,7,3,9.148665
801,421,3,414,7,0,0,7,3,9.148665
802,422,3,415,7,0,0,7,3,9.148665
803,422,3,415,7,0,0,7,3,9.148665
804,422,3,416,7,0,0,7,3,9.148665
805,422,3,416,7,0,0,7,3,9.148665
806,424,3,418,7,0,0,7,3,9.148665
807,424,3,418,7,0,0,7,3,9.148665
808,425,3,420,7,0,0,7,3,9.148665
809,425,3,420,7,0,0,7,3,9.148665
810,426,3,421,7,0,0,7,3,9.148665
811,427,3,421,7,0,0,7,3,9.148665
812,428,3,422,7,0,0,7,3,9.148665
813,431,3,424,7,0,0,7,3,9.148665
814,432,3,425,7,0,0,7,3,9.148665
815,433,3,426,7,0,0,7,3,9.148665
816,433,3,426,7,0,0,7,3,9.148665
817,433,3,426,7,0,0,7,3,9.148665
818,433,3,426,7,0,0,7,3,9.148665
819,435,3,428,7,0,0,7,3,9.148665
820,436,3,428,7,0,0,7,3,9.148665
821,438,3,430,7,0,0,7,3,9.148665
822,438,3,432,7,0,0,7,3,9.148665
823,439,3,432,7,0,0,7,3,9.148665
824,439,3,432,7,0,0,7,3,9.148665
825,439,3,433,7,0,0,7,3,9.148665
826,439,3,434,7,0,0,7,3,9.148665
827,441,3,436,7,0,0,7,3,9.148665
828,442,3,437,7,0,0,7,3,9.148665
829,442,3,437,7,0,0,7,3,9.148665
830,442,3,437,7,0,0,7,3,9.148665
831,443,3,438,7,0,0,7,3,9.148665
832,444,3,439,7,0,0,7,3,9.148665
833,444,3,439,7,0,0,7,3,9.148665
834,445,3,440,7,0,0,7,3,9.148665
835,450,3,443,7,0,0,7,3,9.148665
836,452,3,445,7,0,0,7,3,9.148665
837,452,3,445,7,0,0,7,3,9.148665
838,452,3,445,7,0,0,7,3,9.148665
839,453,3,446,7,0,0,7,3,9.148665
840,453,3,447,7,0,0,7,3,9.148665
841,453,3,448,7,0,0,7,3,9.148665
842,454,3,449,7,0,0,7,3,9.148665
843,455,3,450,7,0,0,7,3,9.148665
844,456,3,452,7,0,0,7,3,9.148665
845,456,3,452,7,0,0,7,3,9.148665
846,456,3,452,7,0,0,7,3,9.148665
847,457,3,453,7,0,0,7,3,9.148665
848,460,3,456,7,0,0,7,3,9.148665
849,461,3,457,7,0,0,7,3,9.148665
850,461,3,457,7,0,0,7,3,9.148665
851,461,3,456,7,0,0,7,3,9.148665
852,462,3,457,7,0,0,7,3,9.148665
853,464,3,457,7,0,0,7,3,9.148665
854,466,3,460,7,0,0,7,3,9.148665
855,466,3,461,7,0,0,7,3,9.148665
856,467,3,462,7,0,0,7,3,9.148665
857,469,4,463,10,0,0,10,4,12.6021
858,469,5,462,13,0,0,13,5,16.783216
859,470,5,463,13,0,0,13,5,16.783216
860,471,6,464,17,0,0,17,6,20.930233
861,472,6,465,17,0,0,17,6,20.930233
862,472,7,464,18,0,0,18,7,25.058004
863,473,9,463,22,0,0,22,9,33.371956
864,473,9,463,22,0,0,22,9,33.371956
865,473,11,461,27,0,0,27,11,41.618496
866,473,11,461,27,0,0,27,11,41.618496
867,473,12,460,29,0,0,29,12,45.67474
868,475,12,461,29,0,0,29,12,45.67474
869,475,12,461,29,0,0,29,12,45.67474
870,475,12,462,29,0,0,29,12,45.67474
871,475,12,462,29,0,0,29,12,45.67474
872,475,12,461,29,0,0,29,12,45.67474
873,477,12,463,29,0,0,29,12,45.67474
874,478,12,464,29,0,0,29,12,45.67474
875,480,12,465,29,0,0,29,12,45.67474
876,480,12,466,29,0,0,29,12,45.67474
877,481,12,466,29,0,0,29,12,45.67474
878,481,12,466,29,0,0,29,12,45.67474
879,482,12,467,29,0,0,29,12,45.67474
880,482,12,468,29,0,0,29,12,45.67474
881,482,12,468,29,0,0,29,12,45.67474
882,482,12,468,29,0,0,29,12,45.67474
883,483,12,469,29,0,0,29,12,45.67474
884,483,12,469,29,0,0,29,12,45.67474
885,484,12,469,29,0,0,29,12,45.67474
886,485,12,470,29,0,0,29,12,45.67474
887,486,12,473,29,0,0,29,12,45.67474
888,487,12,473,29,0,0,29,12,45.67474
889,487,12,473,29,0,0,29,12,45.67474
890,488,12,474,29,0,0,29,12,45.67474
891,489,12,475,29,0,0,29,12,45.67474
892,489,12,475,29,0,0,29,12,45.67474
893,489,12,475,29,0,0,29,12,45.67474
894,489,12,475,29,0,0,29,12,45.67474
895,489,12,475,29,0,0,29,12,45.67474
896,490,12,476,29,0,0,29,12,45.67474
897,490,13,475,32,0,0,32,13,48.160534
898,491,13,476,32,0,0,32,13,48.160534
899,492,14,476,35,0,0,35,14,52.057842
900,494,14,478,35,0,0,35,14,52.057842
901,494,14,478,35,0,0,35,14,52.057842
902,495,14,479,35,0,0,35,14,52.057842
903,496,14,480,35,0,0,35,14,52.057842
904,497,14,480,35,0,0,35,14,52.057842
905,498,14,481,35,0,0,35,14,52.057842
906,500,14,482,35,0,0,35,14,52.057842
907,501,14,482,35,0,0,35,14,52.057842
908,501,14,482,35,0,0,35,14,52.057842
909,501,14,483,35,0,0,35,14,52.057842
910,501,14,483,35,0,0,35,14,52.057842
911,502,14,485,35,0,0,35,14,52.057842
912,502,14,485,35,0,0,35,14,52.057842
913,502,14,485,35,0,0,35,14,52.057842
914,502,14,485,35,0,0,35,14,52.057842
915,502,14,485,35,0,0,35,14,52.057842
916,502,14,485,35,0,0,35,14,52.057842
917,502,14,485,35,0,0,35,14,52.057842
918,502,14,485,35,0,0,35,14,52.057842
919,502,14,485,35,0,0,35,14,52.057842
920,502,14,485,35,0,0,35,14,52.057842
921,503,14,485,35,0,0,35,14,52.057842
922,504,14,485,35,0,0,35,14,52.057842
923,504,14,485,35,0,0,35,14,52.057842
924,505,14,486,35,0,0,35,14,52.057842
925,505,14,486,35,0,0,35,14,52.057842
926,505,14,486,35,0,0,35,14,52.057842
927,505,14,487,35,0,0,35,14,52.057842
928,505,14,487,35,0,0,35,14,52.057842
929,505,14,488,35,0,0,35,14,52.057842
930,508,14,491,35,0,0,35,14,52.057842
931,511,14,493,35,0,0,35,14,52.057842
932,511,14,494,35,0,0,35,14,52.057842
933,511,14,495,35,0,0,35,14,52.057842
934,512,14,496,35,0,0,35,14,52.057842
935,513,14,497,35,0,0,35,14,52.057842
936,513,14,497,35,0,0,35,14,52.057842
937,514,14,498,35,0,0,35,14,52.057842
938,514,14,498,35,0,0,35,14,52.057842
939,514,14,498,35,0,0,35,14,52.057842
940,515,14,499,35,0,0,35,14,52.057842
941,515,14,500,35,0,0,35,14,52.057842
942,517,14,501,35,0,0,35,14,52.057842
943,518,14,501,35,0,0,35,14,52.057842
944,519,14,502,35,0,0,35,14,52.057842
945,521,14,504,35,0,0,35,14,52.057842
946,522,14,507,35,0,0,35,14,52.057842
947,523,14,508,35,0,0,35,14,52.057842
948,523,14,508,35,0,0,35,14,52.057842
949,524,14,509,35,0,0,35,14,52.057842
950,525,14,510,35,0,0,35,14,52.057842
951,526,14,510,35,0,0,35,14,52.057842
952,526,14,510,35,0,0,35,14,52.057842
953,527,14,510,35,0,0,35,14,52.057842
954,527,14,510,35,0,0,35,14,52.057842
955,529,14,512,35,0,0,35,14,52.057842
956,529,14,512,35,0,0,35,14,52.057842
957,530,14,513,35,0,0,35,14,52.057842
958,530,14,513,35,0,0,35,14,52.057842
959,530,14,513,35,0,0,35,14,52.057842
960,530,14,513,35,0,0,35,14,52.057842
961,531,14,514,35,0,0,35,14,52.057842
962,533,14,516,35,0,0,35,14,52.057842
963,535,14,518,35,0,0,35,14,52.057842
964,535,14,518,35,0,0,35,14,52.057842
965,536,14,518,35,0,0,35,14,52.057842
966,539,14,521,35,0,0,35,14,52.057842
967,539,14,521,35,0,0,35,14,52.057842
968,540,14,522,35,0,0,35,14,52.057842
969,540,14,523,35,0,0,35,14,52.057842
970,541,14,525,35,0,0,35,14,52.057842
971,543,14,527,35,0,0,35,14,52.057842
972,543,14,527,35,0,0,35,14,52.057842
973,545,14,529,35,0,0,35,14,52.057842
974,545,14,529,35,0,0,35,14,52.057842
975,546,14,529,35,0,0,35,14,52.057842
976,547,14,530,35,0,0,35,14,52.057842
977,547,14,530,35,0,0,35,14,52.057842
978,549,14,532,35,0,0,35,14,52.057842
979,550,14,533,35,0,0,35,14,52.057842
980,552,14,534,35,0,0,35,14,52.057842
981,552,14,534,35,0,0,35,14,52.057842
982,553,14,535,35,0,0,35,14,52.057842
983,553,14,535,35,0,0,35,14,52.057842
984,553,14,535,35,0,0,35,14,52.057842
985,554,14,536,35,0,0,35,14,52.057842
986,555,14,537,35,0,0,35,14,52.057842
987,556,14,538,35,0,0,35,14,52.057842
988,557,14,539,35,0,0,35,14,52.057842
989,558,14,540,35,0,0,35,14,52.057842
990,562,14,545,35,0,0,35,14,52.057842
991,564,14,546,35,0,0,35,14,52.057842
992,564,14,546,35,0,0,35,14,52.057842
993,564,14,546,35,0,0,35,14,52.057842
994,567,14,546,35,0,0,35,14,52.057842
995,569,14,549,35,0,0,35,14,52.057842
996,569,14,551,35,0,0,35,14,52.057842
997,570,14,551,35,0,0,35,14,52.057842
998,570,14,551,35,0,0,35,14,52.057842
999,572,14,553,35,0,0,35,14,52.057842
1000,573,14,554,35,0,0,35,14,52.057842
1001,574,14,555,35,0,0,35,14,52.057842
1002,574,14,555,35,0,0,35,14,52.057842
1003,574,14,555,35,0,0,35,14,52.057842
1004,574,14,556,35,0,0,35,14,52.057842
1005,576,15,555,37,0,0,37,15,50.149254
1006,576,15,555,37,0,0,37,15,50.149254
1007,578,15,558,37,0,0,37,15,50.149254
1008,581,15,561,37,0,0,37,15,50.149254
1009,581,15,564,37,0,0,37,15,50.149254
1010,582,15,565,37,0,0,37,15,50.149254
1011,582,15,565,37,0,0,37,15,50.149254
1012,583,16,565,41,0,0,41,16,53.359684
1013,583,16,565,41,0,0,41,16,53.359684
1014,584,17,564,46,0,0,46,17,56.804733
1015,585,19,563,54,0,0,54,19,63.84236
1016,587,20,565,56,0,0,56,20,67.32284
1017,587,22,563,60,0,0,60,22,74.33628
1018,587,23,562,62,0,0,62,23,77.79961
1019,587,24,561,67,0,0,67,24,81.256134
1020,587,25,560,70,0,0,70,25,84.70589
1021,588,26,559,71,0,0,71,26,88.14887
1022,588,26,559,71,0,0,71,26,88.14887
1023,589,26,560,71,0,0,71,26,88.14887
1024,589,26,560,71,0,0,71,26,88.14887
1025,589,26,562,71,0,0,71,26,88.14887
1026,589,26,562,71,0,0,71,26,88.14887
1027,589,26,562,71,0,0,71,26,88.14887
1028,589,26,562,71,0,0,71,26,88.14887
1029,589,26,562,71,0,0,71,26,88.14887
1030,591,26,564,71,0,0,71,26,88.14887
1031,593,26,566,71,0,0,71,26,88.14887
1032,593,26,566,71,0,0,71,26,88.14887
1033,593,26,566,71,0,0,71,26,88.14887
1034,594,26,566,71,0,0,71,26,88.14887
1035,595,26,567,71,0,0,71,26,88.14887
1036,595,26,567,71,0,0,71,26,88.14887
1037,595,26,567,71,0,0,71,26,88.14887
1038,596,26,567,71,0,0,71,26,88.14887
1039,598,26,570,71,0,0,71,26,88.14887
1040,598,26,570,71,0,0,71,26,88.14887
1041,600,26,572,71,0,0,71,26,88.14887
1042,600,26,572,71,0,0,71,26,88.14887
1043,601,26,574,71,0,0,71,26,88.14887
1044,602,26,575,71,0,0,71,26,88.14887
1045,602,26,575,71,0,0,71,26,88.14887
1046,602,26,575,71,0,0,71,26,88.14887
1047,602,27,574,74,0,0,74,27,89.398285
1048,602,27,574,74,0,0,74,27,89.398285
1049,604,27,574,74,0,0,74,27,89.398285
1050,605,28,574,78,0,0,78,28,92.57143
1051,607,28,575,78,0,0,78,28,92.57143
1052,608,28,577,78,0,0,78,28,92.57143
1053,608,28,577,78,0,0,78,28,92.57143
1054,608,30,576,83,0,0,83,30,99.05124
1055,609,31,576,88,0,0,88,31,102.36967
1056,609,31,576,88,0,0,88,31,102.36967
1057,609,31,576,88,0,0,88,31,102.36967
1058,610,31,577,88,0,0,88,31,102.36967
1059,611,32,577,90,0,0,90,32,105.38244
1060,612,32,578,90,0,0,90,32,105.38244
1061,613,33,578,93,0,0,93,33,108.57681
1062,616,34,580,94,0,0,94,34,111.8644
1063,617,34,581,94,0,0,94,34,111.8644
1064,617,35,580,95,0,0,95,35,115.0376
1065,618,35,581,95,0,0,95,35,115.0376
1066,619,35,583,95,0,0,95,35,115.0376
1067,621,36,584,98,0,0,98,36,118.088104
1068,622,36,584,98,0,0,98,36,118.088104
1069,624,37,585,102,0,0,102,37,121.2348
1070,625,37,585,102,0,0,102,37,121.2348
1071,626,38,585,103,0,0,103,38,124.36975
1072,627,38,586,103,0,0,103,38,124.36975
1073,629,38,589,103,0,0,103,38,124.36975
1074,630,38,591,103,0,0,103,38,124.36975
1075,633,38,593,103,0,0,103,38,124.36975
1076,635,38,595,103,0,0,103,38,124.36975
1077,638,38,598,103,0,0,103,38,124.36975
1078,638,38,598,103,0,0,103,38,124.36975
1079,639,38,600,103,0,0,103,38,124.36975
1080,639,38,600,103,0,0,103,38,124.36975
1081,642,38,603,103,0,0,103,38,124.36975
1082,642,38,603,103,0,0,103,38,124.36975
1083,642,38,603,103,0,0,103,38,124.36975
1084,643,38,603,103,0,0,103,38,124.36975
1085,643,38,603,103,0,0,103,38,124.36975
1086,644,38,605,103,0,0,103,38,124.36975
1087,644,38,605,103,0,0,103,38,124.36975
1088,644,38,605,103,0,0,103,38,124.36975
1089,644,38,605,103,0,0,103,38,124.36975
1090,644,38,605,103,0,0,103,38,124.36975
1091,645,38,606,103,0,0,103,38,124.36975
1092,646,38,606,103,0,0,103,38,124.36975
1093,647,38,607,103,0,0,103,38,124.36975
1094,648,38,608,103,0,0,103,38,124.36975
1095,648,38,608,103,0,0,103,38,124.36975
1096,648,38,609,103,0,0,103,38,124.36975
1097,649,38,610,103,0,0,103,38,124.36975
1098,652,38,612,103,0,0,103,38,124.36975
1099,653,38,613,103,0,0,103,38,124.36975
1100,653,38,614,103,0,0,103,38,124.36975
1101,653,38,614,103,0,0,103,38,124.36975
1102,653,38,614,103,0,0,103,38,124.36975
1103,654,38,615,103,0,0,103,38,124.36975
1104,654,38,615,103,0,0,103,38,124.36975
1105,655,38,616,103,0,0,103,38,124.36975
1106,656,38,617,103,0,0,103,38,124.36975
1107,657,38,618,103,0,0,103,38,124.36975
1108,657,38,618,103,0,0,103,38,124.36975
1109,657,38,618,103,0,0,103,38,124.36975
1110,658,38,619,103,0,0,103,38,124.36975
1111,658,38,619,103,0,0,103,38,124.36975
1112,658,38,619,103,0,0,103,38,124.36975
1113,659,38,619,103,0,0,103,38,124.36975
1114,659,38,619,103,0,0,103,38,124.36975
1115,659,38,619,103,0,0,103,38,124.36975
1116,659,38,619,103,0,0,103,38,124.36975
1117,660,38,621,103,0,0,103,38,124.36975
1118,661,38,621,103,0,0,103,38,124.36975
1119,662,38,623,103,0,0,103,38,124.36975
1120,662,39,622,105,0,0,105,39,122.14286
1121,662,39,622,105,0,0,105,39,122.14286
1122,662,39,622,105,0,0,105,39,122.14286
1123,662,39,622,105,0,0,105,39,122.14286
1124,662,39,622,105,0,0,105,39,122.14286
1125,662,40,621,108,0,0,108,40,124.799995
1126,662,40,621,108,0,0,108,40,124.799995
1127,662,40,621,108,0,0,108,40,124.799995
1128,663,40,622,108,0,0,108,40,124.799995
1129,664,40,623,108,0,0,108,40,124.799995
1130,665,40,623,108,0,0,108,40,124.799995
1131,665,40,623,108,0,0,108,40,124.799995
1132,665,40,623,108,0,0,108,40,124.799995
1133,665,40,623,108,0,0,108,40,124.799995
1134,665,40,623,108,0,0,108,40,124.799995
1135,666,40,624,108,0,0,108,40,124.799995
1136,666,40,624,108,0,0,108,40,124.799995
1137,666,40,624,108,0,0,108,40,124.799995
1138,666,40,624,108,0,0,108,40,124.799995
1139,669,40,627,108,0,0,108,40,124.799995
1140,670,40,628,108,0,0,108,40,124.799995
1141,670,40,629,108,0,0,108,40,124.799995
1142,670,40,629,108,0,0,108,40,124.799995
1143,670,40,629,108,0,0,108,40,124.799995
1144,670,40,629,108,0,0,108,40,124.799995
1145,671,40,629,108,0,0,108,40,124.799995
1146,672,41,629,110,0,0,110,41,125.65445
1147,672,43,628,118,0,0,118,43,131.82214
1148,672,44,627,122,0,0,122,44,134.8432
1149,673,46,626,130,0,0,130,46,140.99217
1150,674,47,626,132,0,0,132,47,144
1151,674,47,626,132,0,0,132,47,144
1152,674,48,625,133,0,0,133,48,146.875
1153,675,48,625,133,0,0,133,48,146.875
1154,675,49,624,135,0,0,135,49,149.74004
1155,678,49,627,135,0,0,135,49,149.74004
1156,678,50,627,137,0,0,137,50,152.59517
1157,678,50,627,137,0,0,137,50,152.59517
1158,679,50,628,137,0,0,137,50,152.59517
1159,681,50,629,137,0,0,137,50,152.59517
1160,681,50,630,137,0,0,137,50,152.59517
1161,682,50,631,137,0,0,137,50,152.59517
1162,683,50,632,137,0,0,137,50,152.59517
1163,683,50,632,137,0,0,137,50,152.59517
1164,683,50,632,137,0,0,137,50,152.59517
1165,684,50,633,137,0,0,137,50,152.59517
1166,685,50,634,137,0,0,137,50,152.59517
1167,685,50,634,137,0,0,137,50,152.59517
1168,685,50,634,137,0,0,137,50,152.59517
1169,685,50,634,137,0,0,137,50,152.59517
1170,685,50,634,137,0,0,137,50,152.59517
1171,685,50,634,137,0,0,137,50,152.59517
1172,685,50,634,137,0,0,137,50,152.59517
1173,685,50,634,137,0,0,137,50,152.59517
1174,685,50,634,137,0,0,137,50,152.59517
1175,685,50,634,137,0,0,137,50,152.59517
1176,685,50,634,137,0,0,137,50,152.59517
1177,685,50,634,137,0,0,137,50,152.59517
1178,685,50,634,137,0,0,137,50,152.59517
1179,685,50,634,137,0,0,137,50,152.59517
1180,685,50,634,137,0,0,137,50,152.59517
1181,685,51,633,142,0,0,142,51,152.41321
1182,685,52,632,144,0,0,144,52,155.32994
1183,685,52,632,144,0,0,144,52,155.32994
1184,686,52,633,144,0,0,144,52,155.32994
1185,686,52,633,144,0,0,144,52,155.32994
1186,686,52,633,144,0,0,144,52,155.32994
1187,686,52,633,144,0,0,144,52,155.32994
1188,686,52,633,144,0,0,144,52,155.32994
1189,686,54,631,146,0,0,146,54,160.471
1190,688,56,631,150,0,0,150,56,166.38655
1191,688,57,630,153,0,0,153,57,169.26952
1192,688,58,629,155,0,0,155,58,172.14764
1193,688,58,629,155,0,0,155,58,172.14764
1194,688,58,629,155,0,0,155,58,172.14764
1195,688,58,629,155,0,0,155,58,172.14764
1196,689,58,630,155,0,0,155,58,172.14764
1197,689,58,630,155,0,0,155,58,172.14764
1198,689,58,630,155,0,0,155,58,172.14764
1199,689,58,630,155,0,0,155,58,172.14764
1200,689,58,630,155,0,0,155,58,172.14764
1201,689,58,630,155,0,0,155,58,172.14764
1202,689,58,630,155,0,0,155,58,172.14764
1203,689,58,630,155,0,0,155,58,172.14764
1204,689,58,630,155,0,0,155,58,172.14764
1205,689,58,630,155,0,0,155,58,172.14764
1206,689,58,630,155,0,0,155,58,172.14764
1207,689,58,630,155,0,0,155,58,172.14764
1208,689,58,630,155,0,0,155,58,172.14764
1209,689,58,630,155,0,0,155,58,172.14764
1210,689,58,630,155,0,0,155,58,172.14764
1211,689,58,630,155,0,0,155,58,172.14764
1212,689,58,630,155,0,0,155,58,172.14764
1213,689,58,630,155,0,0,155,58,172.14764
1214,689,58,630,155,0,0,155,58,172.14764
1215,689,58,630,155,0,0,155,58,172.14764
1216,689,58,630,155,0,0,155,58,172.14764
1217,689,58,630,155,0,0,155,58,172.14764
1218,689,58,630,155,0,0,155,58,172.14764
1219,689,58,630,155,0,0,155,58,172.14764
1220,689,58,630,155,0,0,155,58,172.14764
1221,689,58,630,155,0,0,155,58,172.14764
1222,689,58,630,155,0,0,155,58,172.14764
1223,689,58,630,155,0,0,155,58,172.14764
1224,689,58,630,155,0,0,155,58,172.14764
1225,690,60,629,159,0,0,159,60,173.38776
1226,690,61,628,161,0,0,161,61,176.18271
1227,690,61,628,161,0,0,161,61,176.18271
1228,691,61,629,161,0,0,161,61,176.18271
1229,691,62,628,162,0,0,162,62,178.68185
1230,691,63,627,166,0,0,166,63,181.46341
1231,691,65,625,168,0,0,168,65,187.1649
1232,691,66,624,171,0,0,171,66,189.93506
1233,691,66,624,171,0,0,171,66,189.93506
1234,691,67,623,175,0,0,175,67,192.54457
1235,691,69,621,177,0,0,177,69,198.21863
1236,691,70,620,181,0,0,181,70,200.97087
1237,691,72,618,187,0,0,187,72,206.62895
1238,691,72,618,187,0,0,187,72,206.62895
1239,691,74,616,195,0,0,195,74,212.10654
1240,691,75,615,198,0,0,198,75,214.8387
1241,691,75,615,198,0,0,198,75,214.8387
1242,691,76,614,203,0,0,203,76,217.39131
1243,692,77,614,205,0,0,205,77,220.11263
1244,692,77,614,205,0,0,205,77,220.11263
1245,692,78,613,209,0,0,209,78,222.6506
1246,692,79,612,211,0,0,211,79,225.36116
1247,692,79,612,211,0,0,211,79,225.36116
1248,692,79,612,211,0,0,211,79,225.36116
1249,692,79,612,211,0,0,211,79,225.36116
1250,692,80,611,214,0,0,214,80,227.51999
1251,692,80,611,214,0,0,214,80,227.51999
1252,692,80,611,214,0,0,214,80,227.51999
1253,692,80,611,214,0,0,214,80,227.51999
1254,692,80,611,214,0,0,214,80,227.51999
1255,693,80,612,214,0,0,214,80,227.51999
1256,693,80,612,214,0,0,214,80,227.51999
1257,693,80,612,214,0,0,214,80,227.51999
1258,693,80,612,214,0,0,214,80,227.51999
1259,693,80,612,214,0,0,214,80,227.51999
1260,693,80,612,214,0,0,214,80,227.51999
1261,693,80,612,214,0,0,214,80,227.51999
1262,693,80,612,214,0,0,214,80,227.51999
1263,693,80,612,214,0,0,214,80,227.51999
1264,695,81,612,216,0,0,216,81,227.8481
1265,695,81,612,216,0,0,216,81,227.8481
1266,695,82,611,217,0,0,217,82,230.33174
1267,695,83,611,221,0,0,221,83,232.99132
1268,695,83,611,221,0,0,221,83,232.99132
1269,695,83,611,221,0,0,221,83,232.99132
1270,695,83,611,221,0,0,221,83,232.99132
1271,696,83,612,221,0,0,221,83,232.99132
1272,696,83,612,221,0,0,221,83,232.99132
1273,696,83,612,221,0,0,221,83,232.99132
1274,696,83,612,221,0,0,221,83,232.99132
1275,696,83,612,221,0,0,221,83,232.99132
1276,696,83,612,221,0,0,221,83,232.99132
1277,697,83,613,221,0,0,221,83,232.99132
1278,697,84,612,223,0,0,223,84,233.80283
1279,697,86,610,227,0,0,227,86,239.24942
1280,697,86,610,227,0,0,227,86,239.24942
1281,697,88,608,231,0,0,231,88,244.49649
1282,697,88,608,231,0,0,231,88,244.49649
1283,697,89,607,234,0,0,234,89,246.92126
1284,698,89,608,234,0,0,234,89,246.92126
1285,698,91,606,237,0,0,237,91,252.14006
1286,698,91,606,237,0,0,237,91,252.14006
1287,698,92,605,241,0,0,241,92,254.54544
1288,698,93,604,244,0,0,244,93,257.14288
1289,698,94,603,249,0,0,249,94,259.73624
1290,698,96,601,252,0,0,252,96,265.11627
1291,698,96,601,252,0,0,252,96,265.11627
1292,698,97,600,256,0,0,256,97,267.49225
1293,699,97,601,256,0,0,256,97,267.49225
1294,699,97,601,256,0,0,256,97,267.49225
1295,700,97,602,256,0,0,256,97,267.49225
1296,701,97,603,256,0,0,256,97,267.49225
1297,701,97,603,256,0,0,256,97,267.49225
1298,701,97,603,256,0,0,256,97,267.49225
1299,701,97,603,256,0,0,256,97,267.49225
1300,701,97,603,256,0,0,256,97,267.49225
1301,701,97,603,256,0,0,256,97,267.49225
1302,701,97,603,256,0,0,256,97,267.49225
1303,701,97,603,256,0,0,256,97,267.49225
1304,702,97,604,256,0,0,256,97,267.49225
1305,702,97,604,256,0,0,256,97,267.49225
1306,702,97,604,256,0,0,256,97,267.49225
1307,702,97,604,256,0,0,256,97,267.49225
1308,702,97,604,256,0,0,256,97,267.49225
1309,702,97,604,256,0,0,256,97,267.49225
1310,702,97,604,256,0,0,256,97,267.49225
1311,702,97,604,256,0,0,256,97,267.49225
1312,702,97,604,256,0,0,256,97,267.49225
1313,702,97,604,256,0,0,256,97,267.49225
1314,702,97,604,256,0,0,256,97,267.49225
1315,702,97,604,256,0,0,256,97,267.49225
1316,702,97,604,256,0,0,256,97,267.49225
1317,702,97,604,256,0,0,256,97,267.49225
1318,702,97,604,256,0,0,256,97,267.49225
1319,702,97,604,256,0,0,256,97,267.49225
1320,702,97,604,256,0,0,256,97,267.49225
1321,702,97,604,256,0,0,256,97,267.49225
1322,702,97,604,256,0,0,256,97,267.49225
1323,702,97,604,256,0,0,256,97,267.49225
1324,702,97,604,256,0,0,256,97,267.49225
1325,702,98,603,259,0,0,259,98,263.54718
1326,702,99,602,264,0,0,264,99,266.06335
1327,703,100,602,266,0,0,266,100,268.57574
1328,703,100,602,266,0,0,266,100,268.57574
1329,703,100,602,266,0,0,266,100,268.57574
1330,703,101,601,270,0,0,270,101,270.67667
1331,703,101,601,270,0,0,270,101,270.67667
1332,703,104,597,279,0,0,279,104,278.3784
1333,705,104,599,279,0,0,279,104,278.3784
1334,705,105,599,281,0,0,281,105,280.65967
1335,705,105,599,281,0,0,281,105,280.65967
1336,705,106,598,283,0,0,283,106,282.93414
1337,705,107,597,287,0,0,287,107,285.4151
1338,705,107,597,287,0,0,287,107,285.4151
1339,705,109,595,294,0,0,294,109,290.36594
1340,705,109,595,294,0,0,294,109,290.36594
1341,705,109,595,294,0,0,294,109,290.36594
1342,705,109,595,294,0,0,294,109,290.36594
1343,705,109,595,294,0,0,294,109,290.36594
1344,706,109,596,294,0,0,294,109,290.36594
1345,706,109,596,294,0,0,294,109,290.36594
1346,706,109,596,294,0,0,294,109,290.36594
1347,706,109,596,294,0,0,294,109,290.36594
1348,706,109,596,294,0,0,294,109,290.36594
1349,706,110,595,296,0,0,296,110,290.88214
1350,706,110,595,296,0,0,296,110,290.88214
1351,706,110,595,296,0,0,296,110,290.88214
1352,706,110,595,296,0,0,296,110,290.88214
1353,706,110,595,296,0,0,296,110,290.88214
1354,706,110,595,296,0,0,296,110,290.88214
1355,706,110,595,296,0,0,296,110,290.88214
1356,706,110,595,296,0,0,296,110,290.88214
1357,706,110,595,296,0,0,296,110,290.88214
1358,706,110,595,296,0,0,296,110,290.88214
1359,706,110,595,296,0,0,296,110,290.88214
1360,706,110,595,296,0,0,296,110,290.88214
1361,706,110,595,296,0,0,296,110,290.88214
1362,706,110,595,296,0,0,296,110,290.88214
1363,707,110,596,296,0,0,296,110,290.88214
1364,707,110,596,296,0,0,296,110,290.88214
1365,707,110,596,296,0,0,296,110,290.88214
1366,707,110,596,296,0,0,296,110,290.88214
1367,707,110,596,296,0,0,296,110,290.88214
1368,707,111,595,299,0,0,299,111,289.4737
1369,708,112,595,302,0,0,302,112,291.89188
1370,708,113,594,305,0,0,305,113,294.30658
1371,708,113,594,305,0,0,305,113,294.30658
1372,708,114,593,309,0,0,309,114,296.50146
1373,708,114,593,309,0,0,309,114,296.50146
1374,708,115,592,314,0,0,314,115,298.68997
1375,708,116,591,318,0,0,318,116,301.0909
1376,708,117,590,320,0,0,320,117,303.48837
1377,708,118,589,321,0,0,321,118,305.88235
1378,708,118,589,321,0,0,321,118,305.88235
1379,708,119,588,326,0,0,326,119,308.04932
1380,709,119,589,326,0,0,326,119,308.04932
1381,709,120,588,328,0,0,328,120,310.21
1382,709,120,588,328,0,0,328,120,310.21
1383,709,120,588,328,0,0,328,120,310.21
1384,709,120,588,328,0,0,328,120,310.21
1385,709,120,588,328,0,0,328,120,310.21
1386,709,120,588,328,0,0,328,120,310.21
1387,709,120,588,328,0,0,328,120,310.21
1388,709,120,588,328,0,0,328,120,310.21
1389,709,120,588,328,0,0,328,120,310.21
1390,709,120,588,328,0,0,328,120,310.21
1391,709,120,588,328,0,0,328,120,310.21
1392,709,120,588,328,0,0,328,120,310.21
1393,709,120,588,328,0,0,328,120,310.21
1394,709,120,588,328,0,0,328,120,310.21
1395,709,120,588,328,0,0,328,120,310.21
1396,709,120,588,328,0,0,328,120,310.21
1397,709,120,588,328,0,0,328,120,310.21
1398,709,120,588,328,0,0,328,120,310.21
1399,709,120,588,328,0,0,328,120,310.21
1400,709,120,588,328,0,0,328,120,310.21
1401,709,120,588,328,0,0,328,120,310.21
1402,709,120,588,328,0,0,328,120,310.21
1403,709,120,588,328,0,0,328,120,310.21
1404,709,120,588,328,0,0,328,120,310.21
1405,709,120,588,328,0,0,328,120,310.21
1406,709,120,588,328,0,0,328,120,310.21
1407,709,120,589,328,0,0,328,120,310.21
1408,709,120,589,328,0,0,328,120,310.21
1409,709,120,589,328,0,0,328,120,310.21
1410,709,121,588,331,0,0,331,121,306.38297
1411,709,121,588,331,0,0,331,121,306.38297
1412,709,121,588,331,0,0,331,121,306.38297
1413,709,121,588,331,0,0,331,121,306.38297
1414,709,121,588,331,0,0,331,121,306.38297
1415,709,121,588,331,0,0,331,121,306.38297
1416,709,121,588,331,0,0,331,121,306.38297
1417,710,121,589,331,0,0,331,121,306.38297
1418,710,121,589,331,0,0,331,121,306.38297
1419,711,121,590,331,0,0,331,121,306.38297
1420,711,121,590,331,0,0,331,121,306.38297
1421,711,121,590,331,0,0,331,121,306.38297
1422,711,121,590,331,0,0,331,121,306.38297
1423,711,121,590,331,0,0,331,121,306.38297
1424,711,121,590,331,0,0,331,121,306.38297
1425,711,121,590,331,0,0,331,121,306.38297
1426,711,121,590,331,0,0,331,121,306.38297
1427,711,121,590,331,0,0,331,121,306.38297
1428,711,121,590,331,0,0,331,121,306.38297
1429,711,121,590,331,0,0,331,121,306.38297
1430,712,121,591,331,0,0,331,121,306.38297
1431,712,121,591,331,0,0,331,121,306.38297
1432,712,121,591,331,0,0,331,121,306.38297
1433,712,121,591,331,0,0,331,121,306.38297
1434,712,121,591,331,0,0,331,121,306.38297
1435,712,121,591,331,0,0,331,121,306.38297
1436,712,121,591,331,0,0,331,121,306.38297
1437,712,121,591,331,0,0,331,121,306.38297
1438,713,121,592,331,0,0,331,121,306.38297
1439,713,121,592,331,0,0,331,121,306.38297
1440,714,121,593,331,0,0,331,121,306.38297
1441,714,121,593,331,0,0,331,121,306.38297
1442,714,121,593,331,0,0,331,121,306.38297
1443,714,122,592,335,0,0,335,122,301.8711
1444,714,122,592,335,0,0,335,122,301.8711
1445,714,124,590,342,0,0,342,124,306.436
1446,714,124,590,342,0,0,342,124,306.436
1447,714,126,588,346,0,0,346,126,310.98825
1448,715,126,589,346,0,0,346,126,310.98825
1449,715,127,588,349,0,0,349,127,313.0435
1450,715,128,587,350,0,0,350,128,315.31036
1451,715,128,587,350,0,0,350,128,315.31036
1452,715,128,587,350,0,0,350,128,315.31036
1453,715,129,586,354,0,0,354,129,317.13696
1454,715,129,586,354,0,0,354,129,317.13696
1455,715,130,585,356,0,0,356,130,319.17526
1456,715,131,584,357,0,0,357,131,321.4286
1457,715,132,583,358,0,0,358,132,323.6788
1458,715,132,583,358,0,0,358,132,323.6788
1459,715,132,583,358,0,0,358,132,323.6788
1460,715,132,583,358,0,0,358,132,323.6788
1461,715,134,581,361,0,0,361,134,327.72073
1462,715,135,580,366,0,0,366,135,329.95898
1463,716,136,580,368,0,0,368,136,332.19412
1464,717,138,579,376,0,0,376,138,336.88522
1465,717,139,578,378,0,0,378,139,339.1126
1466,717,140,577,380,0,0,380,140,341.33698
1467,717,141,576,382,0,0,382,141,343.5583
1468,717,142,575,383,0,0,383,142,345.77658
1469,717,142,575,383,0,0,383,142,345.77658
1470,717,142,575,383,0,0,383,142,345.77658
1471,717,142,575,383,0,0,383,142,345.77658
1472,717,142,575,383,0,0,383,142,345.77658
1473,717,142,575,383,0,0,383,142,345.77658
1474,717,142,575,383,0,0,383,142,345.77658
1475,717,142,575,383,0,0,383,142,345.77658
1476,718,142,575,383,0,0,383,142,345.77658
1477,718,142,576,383,0,0,383,142,345.77658
1478,718,142,576,383,0,0,383,142,345.77658
1479,718,142,576,383,0,0,383,142,345.77658
1480,718,142,576,383,0,0,383,142,345.77658
1481,718,142,576,383,0,0,383,142,345.77658
1482,718,142,576,383,0,0,383,142,345.77658
1483,718,142,576,383,0,0,383,142,345.77658
1484,718,142,576,383,0,0,383,142,345.77658
1485,718,142,576,383,0,0,383,142,345.77658
1486,718,142,576,383,0,0,383,142,345.77658
1487,718,142,576,383,0,0,383,142,345.77658
1488,718,142,576,383,0,0,383,142,345.77658
1489,718,142,576,383,0,0,383,142,345.77658
1490,719,142,577,383,0,0,383,142,345.77658
1491,719,142,577,383,0,0,383,142,345.77658
1492,719,142,577,383,0,0,383,142,345.77658
1493,719,142,577,383,0,0,383,142,345.77658
1494,719,142,577,383,0,0,383,142,345.77658
1495,719,142,577,383,0,0,383,142,345.77658
1496,719,142,577,383,0,0,383,142,345.77658
1497,720,142,578,383,0,0,383,142,345.77658
1498,720,142,578,383,0,0,383,142,345.77658
1499,720,142,578,383,0,0,383,142,345.77658
1500,720,142,578,383,0,0,383,142,345.77658
1501,721,143,578,385,0,0,385,143,340.57297
1502,721,144,577,388,0,0,388,144,342.743
1503,721,145,576,390,0,0,390,145,344.9102
1504,721,146,575,391,0,0,391,146,347.07446
1505,721,146,575,391,0,0,391,146,347.07446
1506,721,146,575,391,0,0,391,146,347.07446
1507,721,148,573,395,0,0,395,148,351.16125
1508,721,148,573,395,0,0,395,148,351.16125
1509,721,148,573,395,0,0,395,148,351.16125
1510,721,148,573,395,0,0,395,148,351.16125
1511,721,148,573,395,0,0,395,148,351.16125
1512,721,148,573,395,0,0,395,148,351.16125
1513,721,148,573,395,0,0,395,148,351.16125
1514,721,149,572,397,0,0,397,149,351.91547
1515,721,149,572,397,0,0,397,149,351.91547
1516,721,149,572,397,0,0,397,149,351.91547
1517,721,149,572,397,0,0,397,149,351.91547
1518,721,149,572,397,0,0,397,149,351.91547
1519,721,149,572,397,0,0,397,149,351.91547
1520,721,149,572,397,0,0,397,149,351.91547
1521,721,149,572,397,0,0,397,149,351.91547
1522,721,149,572,397,0,0,397,149,351.91547
1523,721,149,572,397,0,0,397,149,351.91547
1524,721,149,572,397,0,0,397,149,351.91547
1525,721,149,572,397,0,0,397,149,351.91547
1526,721,149,572,397,0,0,397,149,351.91547
1527,721,149,572,397,0,0,397,149,351.91547
1528,721,149,572,397,0,0,397,149,351.91547
1529,721,149,572,397,0,0,397,149,351.91547
1530,721,149,572,397,0,0,397,149,351.91547
1531,721,149,572,397,0,0,397,149,351.91547
1532,721,149,572,397,0,0,397,149,351.91547
1533,721,149,572,397,0,0,397,149,351.91547
1534,722,149,573,397,0,0,397,149,351.91547
1535,722,149,573,397,0,0,397,149,351.91547
1536,722,149,573,397,0,0,397,149,351.91547
1537,723,149,574,397,0,0,397,149,351.91547
1538,724,149,575,397,0,0,397,149,351.91547
1539,724,150,574,402,0,0,402,150,348.53802
1540,724,150,574,402,0,0,402,150,348.53802
1541,724,151,573,403,0,0,403,151,350.4218
1542,724,152,572,407,0,0,407,152,352.5292
1543,724,152,572,407,0,0,407,152,352.5292
1544,724,155,569,416,0,0,416,155,359.06735
1545,724,156,568,417,0,0,417,156,361.16504
1546,724,158,566,424,0,0,424,158,365.5886
1547,724,159,565,426,0,0,426,159,367.67938
1548,724,162,562,433,0,0,433,162,374.4186
1549,724,162,562,433,0,0,433,162,374.4186
1550,724,163,561,436,0,0,436,163,376.25806
1551,724,165,559,440,0,0,440,165,380.65762
1552,725,166,559,443,0,0,443,166,382.73196
1553,725,167,558,446,0,0,446,167,384.8036
1554,725,169,556,452,0,0,452,169,389.1892
1555,725,169,556,452,0,0,452,169,389.1892
1556,725,171,554,455,0,0,455,171,393.3162
1557,725,172,553,456,0,0,456,172,395.3757
1558,725,173,552,459,0,0,459,173,397.4326
1559,725,175,550,462,0,0,462,175,401.79602
1560,725,176,549,465,0,0,465,176,403.84616
1561,725,177,548,466,0,0,466,177,405.89365
1562,725,179,546,468,0,0,468,179,410.2433
1563,725,180,545,471,0,0,471,180,412.28406
1564,725,180,545,471,0,0,471,180,412.28406
1565,725,182,543,478,0,0,478,182,416.35782
1566,726,182,544,478,0,0,478,182,416.35782
1567,726,183,543,479,0,0,479,183,418.1238
1568,726,184,542,480,0,0,480,184,420.15305
1569,726,184,542,480,0,0,480,184,420.15305
1570,726,184,542,480,0,0,480,184,420.15305
1571,726,184,542,480,0,0,480,184,420.15305
1572,726,185,541,485,0,0,485,185,421.37405
1573,726,185,541,485,0,0,485,185,421.37405
1574,726,185,541,485,0,0,485,185,421.37405
1575,726,185,541,485,0,0,485,185,421.37405
1576,726,185,541,485,0,0,485,185,421.37405
1577,726,185,541,485,0,0,485,185,421.37405
1578,726,185,541,485,0,0,485,185,421.37405
1579,726,185,541,485,0,0,485,185,421.37405
1580,726,185,541,485,0,0,485,185,421.37405
1581,726,185,541,485,0,0,485,185,421.37405
1582,726,185,541,485,0,0,485,185,421.37405
1583,726,185,541,485,0,0,485,185,421.37405
1584,726,185,541,485,0,0,485,185,421.37405
1585,726,185,541,485,0,0,485,185,421.37405
1586,726,185,541,485,0,0,485,185,421.37405
1587,726,185,541,485,0,0,485,185,421.37405
1588,726,185,541,485,0,0,485,185,421.37405
1589,726,185,541,485,0,0,485,185,421.37405
1590,726,185,541,485,0,0,485,185,421.37405
1591,726,185,541,485,0,0,485,185,421.37405
1592,726,185,541,485,0,0,485,185,421.37405
1593,726,185,541,485,0,0,485,185,421.37405
1594,726,185,541,485,0,0,485,185,421.37405
1595,726,185,541,485,0,0,485,185,421.37405
1596,726,185,541,485,0,0,485,185,421.37405
1597,726,185,541,485,0,0,485,185,421.37405
1598,726,185,541,485,0,0,485,185,421.37405
1599,726,185,541,485,0,0,485,185,421.37405
1600,726,185,541,485,0,0,485,185,421.37405
1601,726,185,541,485,0,0,485,185,421.37405
1602,726,185,541,485,0,0,485,185,421.37405
1603,727,187,539,489,0,0,489,187,417.71677
1604,727,187,540,489,0,0,489,187,417.71677
1605,728,188,540,490,0,0,490,188,419.43927
1606,728,188,540,490,0,0,490,188,419.43927
1607,728,188,540,490,0,0,490,188,419.43927
1608,728,189,539,494,0,0,494,189,420.8955
1609,728,189,539,494,0,0,494,189,420.8955
1610,728,190,538,496,0,0,496,190,422.6087
1611,728,191,537,499,0,0,499,191,424.581
1612,728,192,536,503,0,0,503,192,426.55087
1613,728,193,535,505,0,0,505,193,428.5183
1614,728,194,534,506,0,0,506,194,430.48328
1615,728,196,532,511,0,0,511,196,434.67493
1616,728,196,532,511,0,0,511,196,434.67493
1617,728,197,531,512,0,0,512,197,436.36365
1618,728,197,531,512,0,0,512,197,436.36365
1619,728,199,529,517,0,0,517,199,440.27176
1620,729,200,529,519,0,0,519,200,442.2222
1621,730,200,529,519,0,0,519,200,442.2222
1622,730,201,529,521,0,0,521,201,443.89642
1623,730,201,529,521,0,0,521,201,443.89642
1624,730,202,528,524,0,0,524,202,445.5665
1625,730,202,528,524,0,0,524,202,445.5665
1626,730,202,528,524,0,0,524,202,445.5665
1627,731,203,528,528,0,0,528,203,446.9576
1628,731,203,528,528,0,0,528,203,446.9576
1629,731,203,528,528,0,0,528,203,446.9576
1630,731,204,527,530,0,0,530,204,448.34354
1631,731,205,526,535,0,0,535,205,450.27588
1632,731,205,526,535,0,0,535,205,450.27588
1633,731,206,525,537,0,0,537,206,451.929
1634,732,206,526,537,0,0,537,206,451.929
1635,732,206,526,537,0,0,537,206,451.929
1636,732,206,526,537,0,0,537,206,451.929
1637,732,206,526,537,0,0,537,206,451.929
1638,732,206,526,537,0,0,537,206,451.929
1639,732,206,526,537,0,0,537,206,451.929
1640,732,206,526,537,0,0,537,206,451.929
1641,732,206,526,537,0,0,537,206,451.929
1642,733,206,527,537,0,0,537,206,451.929
1643,733,206,527,537,0,0,537,206,451.929
1644,733,206,527,537,0,0,537,206,451.929
1645,734,206,528,537,0,0,537,206,451.929
1646,734,206,528,537,0,0,537,206,451.929
1647,734,206,528,537,0,0,537,206,451.929
1648,734,206,528,537,0,0,537,206,451.929
1649,734,206,528,537,0,0,537,206,451.929
1650,734,206,528,537,0,0,537,206,451.929
1651,734,206,528,537,0,0,537,206,451.929
1652,734,206,528,537,0,0,537,206,451.929
1653,734,206,528,537,0,0,537,206,451.929
1654,734,206,528,537,0,0,537,206,451.929
1655,735,206,529,537,0,0,537,206,451.929
1656,735,206,529,537,0,0,537,206,451.929
1657,735,206,529,537,0,0,537,206,451.929
1658,735,206,529,537,0,0,537,206,451.929
1659,735,206,529,537,0,0,537,206,451.929
1660,735,206,529,537,0,0,537,206,451.929
1661,735,206,529,537,0,0,537,206,451.929
1662,735,206,529,537,0,0,537,206,451.929
1663,736,206,530,537,0,0,537,206,451.929
1664,736,206,530,537,0,0,537,206,451.929
1665,736,206,530,537,0,0,537,206,451.929
1666,736,206,530,537,0,0,537,206,451.929
1667,736,207,529,540,0,0,540,207,444.87103
1668,736,208,528,541,0,0,541,208,446.7626
1669,736,210,526,547,0,0,547,210,450.80884
1670,736,211,525,548,0,0,548,211,452.6946
1671,736,211,525,548,0,0,548,211,452.6946
1672,736,212,524,549,0,0,549,212,454.30624
1673,737,212,525,549,0,0,549,212,454.30624
1674,737,212,525,549,0,0,549,212,454.30624
1675,738,212,526,549,0,0,549,212,454.30624
1676,738,212,526,549,0,0,549,212,454.30624
1677,738,212,526,549,0,0,549,212,454.30624
1678,738,212,526,549,0,0,549,212,454.30624
1679,738,212,526,549,0,0,549,212,454.30624
1680,738,212,526,549,0,0,549,212,454.30624
1681,738,212,526,549,0,0,549,212,454.30624
1682,738,212,526,549,0,0,549,212,454.30624
1683,738,212,526,549,0,0,549,212,454.30624
1684,738,213,525,551,0,0,551,213,453.20663
1685,738,213,525,551,0,0,551,213,453.20663
1686,738,213,525,551,0,0,551,213,453.20663
1687,738,213,525,551,0,0,551,213,453.20663
1688,738,213,525,551,0,0,551,213,453.20663
1689,738,213,525,551,0,0,551,213,453.20663
1690,739,213,526,551,0,0,551,213,453.20663
1691,739,213,526,551,0,0,551,213,453.20663
1692,739,213,526,551,0,0,551,213,453.20663
1693,740,213,527,551,0,0,551,213,453.20663
1694,740,213,527,551,0,0,551,213,453.20663
1695,740,213,527,551,0,0,551,213,453.20663
1696,740,213,527,551,0,0,551,213,453.20663
1697,740,213,527,551,0,0,551,213,453.20663
1698,740,213,527,551,0,0,551,213,453.20663
1699,740,213,527,551,0,0,551,213,453.20663
1700,740,214,526,553,0,0,553,214,451.05884
1701,741,215,526,558,0,0,558,215,452.91003
1702,741,215,526,558,0,0,558,215,452.91003
1703,741,216,525,559,0,0,559,216,454.49207
1704,741,216,525,559,0,0,559,216,454.49207
1705,741,217,524,560,0,0,560,217,456.07037
1706,742,217,525,560,0,0,560,217,456.07037
1707,742,218,524,564,0,0,564,218,457.645
1708,742,218,524,564,0,0,564,218,457.645
1709,742,219,523,565,0,0,565,219,459.2159
1710,742,220,522,566,0,0,566,220,461.05264
1711,742,220,522,566,0,0,566,220,461.05264
1712,742,222,520,570,0,0,570,222,464.71964
1713,742,222,520,570,0,0,570,222,464.71964
1714,742,223,519,572,0,0,572,223,466.27774
1715,742,223,519,572,0,0,572,223,466.27774
1716,742,223,519,572,0,0,572,223,466.27774
1717,742,223,519,572,0,0,572,223,466.27774
1718,742,223,519,572,0,0,572,223,466.27774
1719,742,223,519,572,0,0,572,223,466.27774
1720,742,223,519,572,0,0,572,223,466.27774
1721,742,223,519,572,0,0,572,223,466.27774
1722,742,223,519,572,0,0,572,223,466.27774
1723,742,223,519,572,0,0,572,223,466.27774
1724,742,223,519,572,0,0,572,223,466.27774
1725,742,223,519,572,0,0,572,223,466.27774
1726,742,223,519,572,0,0,572,223,466.27774
1727,742,223,519,572,0,0,572,223,466.27774
1728,742,223,519,572,0,0,572,223,466.27774
1729,742,223,519,572,0,0,572,223,466.27774
1730,742,223,519,572,0,0,572,223,466.27774
1731,742,223,519,572,0,0,572,223,466.27774
1732,742,223,519,572,0,0,572,223,466.27774
1733,742,223,519,572,0,0,572,223,466.27774
1734,742,223,519,572,0,0,572,223,466.27774
1735,742,223,519,572,0,0,572,223,466.27774
1736,742,223,519,572,0,0,572,223,466.27774
1737,742,223,519,572,0,0,572,223,466.27774
1738,742,223,519,572,0,0,572,223,466.27774
1739,742,223,519,572,0,0,572,223,466.27774
1740,742,223,519,572,0,0,572,223,466.27774
1741,742,223,519,572,0,0,572,223,466.27774
1742,742,223,519,572,0,0,572,223,466.27774
1743,742,223,519,572,0,0,572,223,466.27774
1744,742,224,518,573,0,0,573,224,460.32108
1745,742,224,518,573,0,0,573,224,460.32108
1746,743,225,518,576,0,0,576,225,461.85568
1747,743,225,518,576,0,0,576,225,461.85568
1748,743,226,517,577,0,0,577,226,463.38675
1749,743,226,517,577,0,0,577,226,463.38675
1750,743,226,517,577,0,0,577,226,463.38675
1751,743,227,516,578,0,0,578,227,464.64877
1752,743,228,515,580,0,0,580,228,466.43835
1753,743,230,513,586,0,0,586,230,470.27954
1754,744,231,513,587,0,0,587,231,472.06384
1755,744,231,513,587,0,0,587,231,472.06384
1756,744,233,511,594,0,0,594,233,475.6264
1757,744,235,509,597,0,0,597,235,479.4536
1758,744,236,508,599,0,0,599,236,481.2287
1759,744,236,508,599,0,0,599,236,481.2287
1760,744,237,507,602,0,0,602,237,482.7273
1761,744,238,506,607,0,0,607,238,484.49744
1762,745,238,507,607,0,0,607,238,484.49744
1763,745,241,504,615,0,0,615,241,490.07376
1764,745,241,504,615,0,0,615,241,490.07376
1765,745,243,502,619,0,0,619,243,493.59775
1766,745,244,501,622,0,0,622,244,495.35675
1767,745,244,501,622,0,0,622,244,495.35675
1768,745,245,500,625,0,0,625,245,496.8326
1769,745,245,500,625,0,0,625,245,496.8326
1770,745,245,500,625,0,0,625,245,496.8326
1771,745,245,500,625,0,0,625,245,496.8326
1772,745,245,500,625,0,0,625,245,496.8326
1773,745,245,500,625,0,0,625,245,496.8326
1774,745,245,500,625,0,0,625,245,496.8326
1775,745,245,500,625,0,0,625,245,496.8326
1776,745,245,500,625,0,0,625,245,496.8326
1777,745,245,500,625,0,0,625,245,496.8326
1778,746,245,501,625,0,0,625,245,496.8326
1779,746,245,501,625,0,0,625,245,496.8326
1780,746,245,501,625,0,0,625,245,496.8326
1781,746,245,501,625,0,0,625,245,496.8326
1782,746,245,501,625,0,0,625,245,496.8326
1783,747,245,502,625,0,0,625,245,496.8326
1784,747,245,502,625,0,0,625,245,496.8326
1785,747,245,502,625,0,0,625,245,496.8326
1786,748,245,503,625,0,0,625,245,496.8326
1787,748,245,503,625,0,0,625,245,496.8326
1788,748,245,503,625,0,0,625,245,496.8326
1789,748,245,503,625,0,0,625,245,496.8326
1790,748,245,503,625,0,0,625,245,496.8326
1791,748,245,503,625,0,0,625,245,496.8326
1792,748,245,503,625,0,0,625,245,496.8326
1793,748,245,503,625,0,0,625,245,496.8326
1794,749,246,503,629,0,0,629,246,491.63876
1795,749,246,503,629,0,0,629,246,491.63876
1796,749,246,503,629,0,0,629,246,491.63876
1797,749,246,503,629,0,0,629,246,491.63876
1798,749,247,502,633,0,0,633,247,492.5473
1799,749,247,502,633,0,0,633,247,492.5473
1800,749,248,501,634,0,0,634,248,493.99997
1801,749,248,501,634,0,0,634,248,493.99997
1802,750,249,500,637,0,0,637,249,495.4495
1803,750,249,500,637,0,0,637,249,495.4495
1804,750,250,500,638,0,0,638,250,496.89578
1805,750,251,499,642,0,0,642,251,498.615
1806,750,252,498,646,0,0,646,252,500.33224
1807,750,252,498,646,0,0,646,252,500.33224
1808,750,252,498,646,0,0,646,252,500.33224
1809,750,253,497,648,0,0,648,253,501.49252
1810,750,253,497,648,0,0,648,253,501.49252
1811,750,253,497,648,0,0,648,253,501.49252
1812,750,253,497,648,0,0,648,253,501.49252
1813,750,253,497,648,0,0,648,253,501.49252
1814,750,253,497,648,0,0,648,253,501.49252
1815,750,253,497,648,0,0,648,253,501.49252
1816,750,253,497,648,0,0,648,253,501.49252
1817,750,253,497,648,0,0,648,253,501.49252
1818,750,253,497,648,0,0,648,253,501.49252
1819,750,253,497,648,0,0,648,253,501.49252
1820,751,253,498,648,0,0,648,253,501.49252
1821,751,253,498,648,0,0,648,253,501.49252
1822,751,253,498,648,0,0,648,253,501.49252
1823,751,253,498,648,0,0,648,253,501.49252
1824,751,253,498,648,0,0,648,253,501.49252
1825,751,253,498,648,0,0,648,253,501.49252
1826,751,253,498,648,0,0,648,253,501.49252
1827,751,253,498,648,0,0,648,253,501.49252
1828,751,253,498,648,0,0,648,253,501.49252
1829,751,253,498,648,0,0,648,253,501.49252
1830,751,253,498,648,0,0,648,253,501.49252
1831,751,253,498,648,0,0,648,253,501.49252
1832,751,253,498,648,0,0,648,253,501.49252
1833,751,253,498,648,0,0,648,253,501.49252
1834,753,253,500,648,0,0,648,253,501.49252
1835,753,253,500,648,0,0,648,253,501.49252
1836,753,253,500,648,0,0,648,253,501.49252
1837,753,253,500,648,0,0,648,253,501.49252
1838,754,253,501,648,0,0,648,253,501.49252
1839,754,253,501,648,0,0,648,253,501.49252
1840,754,253,501,648,0,0,648,253,501.49252
1841,754,253,501,648,0,0,648,253,501.49252
1842,754,253,501,648,0,0,648,253,501.49252
1843,754,253,501,648,0,0,648,253,501.49252
1844,754,253,501,648,0,0,648,253,501.49252
1845,754,253,501,648,0,0,648,253,501.49252
1846,754,253,501,648,0,0,648,253,501.49252
1847,754,253,501,648,0,0,648,253,501.49252
1848,754,253,501,648,0,0,648,253,501.49252
1849,754,253,501,648,0,0,648,253,501.49252
1850,754,254,500,650,0,0,650,254,492.32434
1851,754,254,500,650,0,0,650,254,492.32434
1852,754,254,500,650,0,0,650,254,492.32434
1853,754,254,500,650,0,0,650,254,492.32434
1854,754,254,500,650,0,0,650,254,492.32434
1855,754,254,500,650,0,0,650,254,492.32434
1856,754,254,500,650,0,0,650,254,492.32434
1857,754,254,500,650,0,0,650,254,492.32434
1858,754,254,500,650,0,0,650,254,492.32434
1859,754,254,500,650,0,0,650,254,492.32434
1860,754,254,500,650,0,0,650,254,492.32434
1861,754,254,500,650,0,0,650,254,492.32434
1862,754,254,500,650,0,0,650,254,492.32434
1863,754,254,500,650,0,0,650,254,492.32434
1864,754,254,500,650,0,0,650,254,492.32434
1865,754,254,500,650,0,0,650,254,492.32434
1866,755,254,501,650,0,0,650,254,492.32434
1867,755,254,501,650,0,0,650,254,492.32434
1868,755,254,501,650,0,0,650,254,492.32434
1869,755,255,500,654,0,0,654,255,489.2456
1870,755,255,500,654,0,0,654,255,489.2456
1871,755,255,500,654,0,0,654,255,489.2456
1872,755,255,500,654,0,0,654,255,489.2456
1873,755,256,499,657,0,0,657,256,490.1228
1874,755,258,497,659,0,0,659,258,493.70334
1875,755,258,497,659,0,0,659,258,493.70334
1876,755,259,496,663,0,0,663,259,495.09592
1877,755,259,496,663,0,0,663,259,495.09592
1878,755,260,495,668,0,0,668,260,496.48563
1879,755,260,495,668,0,0,668,260,496.48563
1880,755,260,495,668,0,0,668,260,496.48563
1881,755,262,493,672,0,0,672,262,499.5215
1882,755,262,493,672,0,0,672,262,499.5215
1883,755,262,493,672,0,0,672,262,499.5215
1884,755,262,493,672,0,0,672,262,499.5215
1885,755,263,492,675,0,0,675,263,500.37134
1886,756,265,491,678,0,0,678,265,503.92368
1887,756,265,491,678,0,0,678,265,503.92368
1888,756,267,489,682,0,0,682,267,507.20337
1889,756,267,489,682,0,0,682,267,507.20337
1890,756,270,486,692,0,0,692,270,512.3809
1891,756,272,484,699,0,0,699,272,515.9175
1892,756,272,484,699,0,0,699,272,515.9175
1893,756,274,482,708,0,0,708,274,519.1759
1894,756,276,480,713,0,0,713,276,522.70325
1895,757,276,481,713,0,0,713,276,522.70325
1896,757,278,479,718,0,0,718,278,525.9494
1897,757,278,479,718,0,0,718,278,525.9494
1898,758,278,480,718,0,0,718,278,525.9494
1899,760,278,482,718,0,0,718,278,525.9494
1900,760,279,481,720,0,0,720,279,526.7368
1901,761,279,482,720,0,0,720,279,526.7368
1902,761,280,481,722,0,0,722,280,528.07574
1903,762,281,481,727,0,0,727,281,529.69
1904,763,281,482,727,0,0,727,281,529.69
1905,763,281,482,727,0,0,727,281,529.69
1906,763,281,482,727,0,0,727,281,529.69
1907,764,282,482,728,0,0,728,282,530.4667
1908,764,283,481,729,0,0,729,283,532.0755
1909,764,283,481,729,0,0,729,283,532.0755
1910,764,283,481,729,0,0,729,283,532.0755
1911,765,283,482,729,0,0,729,283,532.0755
1912,765,283,482,729,0,0,729,283,532.0755
1913,766,283,483,729,0,0,729,283,532.0755
1914,766,283,483,729,0,0,729,283,532.0755
1915,766,283,483,729,0,0,729,283,532.0755
1916,766,283,483,729,0,0,729,283,532.0755
1917,766,283,483,729,0,0,729,283,532.0755
1918,766,283,483,729,0,0,729,283,532.0755
1919,767,283,484,729,0,0,729,283,532.0755
1920,767,283,484,729,0,0,729,283,532.0755
1921,767,283,484,729,0,0,729,283,532.0755
1922,767,283,484,729,0,0,729,283,532.0755
1923,767,283,484,729,0,0,729,283,532.0755
1924,767,283,484,729,0,0,729,283,532.0755
1925,768,283,484,729,0,0,729,283,532.0755
1926,770,283,486,729,0,0,729,283,532.0755
1927,770,283,486,729,0,0,729,283,532.0755
1928,771,283,488,729,0,0,729,283,532.0755
1929,773,283,490,729,0,0,729,283,532.0755
1930,773,283,490,729,0,0,729,283,532.0755
1931,773,283,490,729,0,0,729,283,532.0755
1932,773,283,490,729,0,0,729,283,532.0755
1933,773,283,490,729,0,0,729,283,532.0755
1934,773,283,490,729,0,0,729,283,532.0755
1935,773,283,490,729,0,0,729,283,532.0755
1936,774,283,491,729,0,0,729,283,532.0755
1937,775,283,492,729,0,0,729,283,532.0755
1938,775,283,492,729,0,0,729,283,532.0755
1939,776,283,493,729,0,0,729,283,532.0755
1940,777,283,494,729,0,0,729,283,532.0755
1941,777,285,492,733,0,0,733,285,526.73883
1942,777,286,491,737,0,0,737,286,528.3213
1943,778,286,492,737,0,0,737,286,528.3213
1944,778,288,490,743,0,0,743,288,531.4815
1945,779,289,490,745,0,0,745,289,533.0591
1946,780,291,489,748,0,0,748,291,536.4851
1947,780,291,489,748,0,0,748,291,536.4851
1948,782,292,490,751,0,0,751,292,537.7823
1949,783,292,491,751,0,0,751,292,537.7823
1950,783,293,490,754,0,0,754,293,539.0769
1951,783,293,490,754,0,0,754,293,539.0769
1952,783,293,490,754,0,0,754,293,539.0769
1953,783,293,490,754,0,0,754,293,539.0769
1954,784,293,491,754,0,0,754,293,539.0769
1955,784,293,491,754,0,0,754,293,539.0769
1956,784,293,491,754,0,0,754,293,539.0769
1957,784,293,491,754,0,0,754,293,539.0769
1958,784,293,491,754,0,0,754,293,539.0769
1959,785,293,492,754,0,0,754,293,539.0769
1960,788,293,495,754,0,0,754,293,539.0769
1961,790,293,497,754,0,0,754,293,539.0769
1962,790,293,497,754,0,0,754,293,539.0769
1963,790,293,497,754,0,0,754,293,539.0769
1964,791,293,498,754,0,0,754,293,539.0769
1965,791,293,498,754,0,0,754,293,539.0769
1966,791,293,498,754,0,0,754,293,539.0769
1967,792,293,499,754,0,0,754,293,539.0769
1968,792,293,499,754,0,0,754,293,539.0769
1969,794,293,499,754,0,0,754,293,539.0769
1970,794,293,501,754,0,0,754,293,539.0769
1971,794,293,501,754,0,0,754,293,539.0769
1972,795,293,501,754,0,0,754,293,539.0769
1973,795,293,502,754,0,0,754,293,539.0769
1974,796,293,503,754,0,0,754,293,539.0769
1975,796,293,503,754,0,0,754,293,539.0769
1976,796,293,503,754,0,0,754,293,539.0769
1977,796,293,503,754,0,0,754,293,539.0769
1978,796,293,503,754,0,0,754,293,539.0769
1979,796,293,503,754,0,0,754,293,539.0769
1980,796,293,503,754,0,0,754,293,539.0769
1981,796,293,503,754,0,0,754,293,539.0769
1982,796,293,503,754,0,0,754,293,539.0769
1983,798,293,505,754,0,0,754,293,539.0769
1984,798,293,505,754,0,0,754,293,539.0769
1985,798,293,505,754,0,0,754,293,539.0769
1986,800,293,507,754,0,0,754,293,539.0769
1987,802,294,508,755,0,0,755,294,530.8505
1988,803,294,509,755,0,0,755,294,530.8505
1989,804,295,509,760,0,0,760,295,532.1267
1990,804,297,507,764,0,0,764,297,535.4774
1991,804,297,507,764,0,0,764,297,535.4774
1992,804,298,506,765,0,0,765,298,536.747
1993,805,299,506,766,0,0,766,299,538.284
1994,805,300,505,767,0,0,767,300,539.81946
1995,806,301,505,768,0,0,768,301,541.35333
1996,806,301,505,768,0,0,768,301,541.35333
1997,806,303,503,776,0,0,776,303,544.4166
1998,807,303,504,776,0,0,776,303,544.4166
1999,809,305,503,782,0,0,782,305,547.47375
2000,809,306,502,786,0,0,786,306,549
2001,809,307,501,790,0,0,790,307,550.5247
2002,809,309,499,797,0,0,797,309,553.8462
2003,811,310,499,798,0,0,798,310,555.36694
2004,812,311,499,799,0,0,799,311,556.8862
2005,813,313,497,802,0,0,802,313,560.1995
2006,814,313,498,802,0,0,802,313,560.1995
2007,816,314,499,805,0,0,805,314,561.435
2008,819,314,501,805,0,0,805,314,561.435
2009,821,314,503,805,0,0,805,314,561.435
2010,822,314,503,805,0,0,805,314,561.435
2011,822,314,504,805,0,0,805,314,561.435
2012,822,314,505,805,0,0,805,314,561.435
2013,822,314,505,805,0,0,805,314,561.435
2014,822,314,506,805,0,0,805,314,561.435
2015,824,314,508,805,0,0,805,314,561.435
2016,824,314,509,805,0,0,805,314,561.435
2017,824,314,510,805,0,0,805,314,561.435
2018,824,314,510,805,0,0,805,314,561.435
2019,825,314,511,805,0,0,805,314,561.435
2020,825,314,511,805,0,0,805,314,561.435
2021,830,314,515,805,0,0,805,314,561.435
2022,832,314,517,805,0,0,805,314,561.435
2023,832,314,517,805,0,0,805,314,561.435
2024,833,314,518,805,0,0,805,314,561.435
2025,835,314,520,805,0,0,805,314,561.435
2026,835,314,520,805,0,0,805,314,561.435
2027,835,314,520,805,0,0,805,314,561.435
2028,835,314,521,805,0,0,805,314,561.435
2029,835,314,521,805,0,0,805,314,561.435
2030,835,314,521,805,0,0,805,314,561.435
2031,836,314,522,805,0,0,805,314,561.435
2032,836,314,522,805,0,0,805,314,561.435
2033,836,314,522,805,0,0,805,314,561.435
2034,837,314,523,805,0,0,805,314,561.435
2035,837,314,523,805,0,0,805,314,561.435
2036,837,314,523,805,0,0,805,314,561.435
2037,838,314,523,805,0,0,805,314,561.435
2038,838,315,522,809,0,0,809,315,554.66144
2039,838,315,522,809,0,0,809,315,554.66144
2040,839,315,523,809,0,0,809,315,554.66144
2041,839,315,523,809,0,0,809,315,554.66144
2042,839,316,522,811,0,0,811,316,555.3379
2043,840,317,523,813,0,0,813,317,556.8282
2044,840,318,522,815,0,0,815,318,558.317
2045,840,319,521,817,0,0,817,319,559.8044
2046,840,319,521,817,0,0,817,319,559.8044
2047,841,321,520,823,0,0,823,321,562.77484
2048,841,322,519,827,0,0,827,322,564.2578
2049,841,322,519,827,0,0,827,322,564.2578
2050,842,323,519,828,0,0,828,323,565.46344
2051,842,323,519,828,0,0,828,323,565.46344
2052,845,325,519,834,0,0,834,325,568.421
2053,845,326,519,839,0,0,839,326,569.8977
2054,845,327,518,840,0,0,840,327,571.3729
2055,846,328,518,841,0,0,841,328,572.84674
2056,846,329,517,842,0,0,842,329,574.31903
2057,846,330,516,844,0,0,844,330,575.79
2058,847,332,515,852,0,0,852,332,579.0087
2059,847,333,514,853,0,0,853,333,580.47595
2060,847,334,513,856,0,0,856,334,581.9417
2061,848,336,511,866,0,0,866,336,585.1529
2062,848,336,512,866,0,0,866,336,585.1529
2063,848,338,510,869,0,0,869,338,588.0756
2064,848,338,510,869,0,0,869,338,588.0756
2065,848,340,508,871,0,0,871,340,590.99274
2066,848,341,507,872,0,0,872,341,592.44916
2067,848,341,507,872,0,0,872,341,592.44916
2068,848,341,507,872,0,0,872,341,592.44916
2069,848,341,507,872,0,0,872,341,592.44916
2070,848,341,507,872,0,0,872,341,592.44916
2071,848,341,507,872,0,0,872,341,592.44916
2072,848,341,507,872,0,0,872,341,592.44916
2073,848,341,507,872,0,0,872,341,592.44916
2074,848,341,507,872,0,0,872,341,592.44916
2075,848,341,507,872,0,0,872,341,592.44916
2076,848,341,507,872,0,0,872,341,592.44916
2077,848,341,507,872,0,0,872,341,592.44916
2078,848,341,507,872,0,0,872,341,592.44916
2079,848,341,507,872,0,0,872,341,592.44916
2080,848,341,507,872,0,0,872,341,592.44916
2081,848,341,507,872,0,0,872,341,592.44916
2082,848,341,507,872,0,0,872,341,592.44916
2083,848,341,507,872,0,0,872,341,592.44916
2084,848,341,507,872,0,0,872,341,592.44916
2085,848,341,507,872,0,0,872,341,592.44916
2086,849,341,508,872,0,0,872,341,592.44916
2087,849,341,508,872,0,0,872,341,592.44916
2088,849,341,508,872,0,0,872,341,592.44916
2089,849,341,508,872,0,0,872,341,592.44916
2090,849,341,508,872,0,0,872,341,592.44916
2091,850,341,508,872,0,0,872,341,592.44916
2092,850,341,509,872,0,0,872,341,592.44916
2093,850,341,509,872,0,0,872,341,592.44916
2094,850,341,509,872,0,0,872,341,592.44916
2095,850,341,509,872,0,0,872,341,592.44916
2096,850,341,509,872,0,0,872,341,592.44916
2097,850,341,509,872,0,0,872,341,592.44916
2098,850,342,508,873,0,0,873,342,585.12866
2099,850,342,508,873,0,0,873,342,585.12866
2100,850,343,507,876,0,0,876,343,586.2857
2101,850,343,507,876,0,0,876,343,586.2857
2102,850,343,507,876,0,0,876,343,586.2857
2103,850,343,507,876,0,0,876,343,586.2857
2104,850,343,507,876,0,0,876,343,586.2857
2105,850,343,507,876,0,0,876,343,586.2857
2106,850,343,507,876,0,0,876,343,586.2857
2107,850,343,507,876,0,0,876,343,586.2857
2108,850,343,507,876,0,0,876,343,586.2857
2109,850,343,507,876,0,0,876,343,586.2857
2110,850,343,507,876,0,0,876,343,586.2857
2111,850,343,507,876,0,0,876,343,586.2857
2112,850,343,507,876,0,0,876,343,586.2857
2113,850,343,507,876,0,0,876,343,586.2857
2114,851,343,508,876,0,0,876,343,586.2857
2115,851,343,508,876,0,0,876,343,586.2857
2116,851,343,508,876,0,0,876,343,586.2857
2117,851,343,508,876,0,0,876,343,586.2857
2118,851,343,508,876,0,0,876,343,586.2857
2119,851,343,508,876,0,0,876,343,586.2857
2120,851,343,508,876,0,0,876,343,586.2857
2121,851,343,508,876,0,0,876,343,586.2857
2122,851,343,508,876,0,0,876,343,586.2857
2123,851,343,508,876,0,0,876,343,586.2857
2124,851,343,508,876,0,0,876,343,586.2857
2125,851,343,508,876,0,0,876,343,586.2857
2126,851,343,508,876,0,0,876,343,586.2857
2127,851,343,508,876,0,0,876,343,586.2857
2128,851,343,508,876,0,0,876,343,586.2857
2129,851,343,508,876,0,0,876,343,586.2857
2130,851,344,507,880,0,0,880,344,579.7183
2131,851,344,507,880,0,0,880,344,579.7183
2132,851,344,507,880,0,0,880,344,579.7183
2133,851,344,507,880,0,0,880,344,579.7183
2134,851,344,507,880,0,0,880,344,579.7183
2135,851,344,507,880,0,0,880,344,579.7183
2136,851,345,506,885,0,0,885,345,579.7753
2137,851,345,506,885,0,0,885,345,579.7753
2138,851,347,504,890,0,0,890,347,582.6006
2139,851,347,504,890,0,0,890,347,582.6006
2140,851,347,504,890,0,0,890,347,582.6006
2141,851,347,504,890,0,0,890,347,582.6006
2142,851,347,504,890,0,0,890,347,582.6006
2143,851,347,504,890,0,0,890,347,582.6006
2144,851,348,503,893,0,0,893,348,582.64923
2145,851,348,503,893,0,0,893,348,582.64923
2146,851,348,503,893,0,0,893,348,582.64923
2147,851,348,503,893,0,0,893,348,582.64923
2148,851,348,503,893,0,0,893,348,582.64923
2149,851,348,503,893,0,0,893,348,582.64923
2150,851,348,503,893,0,0,893,348,582.64923
2151,851,348,503,893,0,0,893,348,582.64923
2152,851,348,503,893,0,0,893,348,582.64923
2153,851,348,503,893,0,0,893,348,582.64923
2154,851,348,503,893,0,0,893,348,582.64923
2155,851,348,503,893,0,0,893,348,582.64923
2156,851,348,503,893,0,0,893,348,582.64923
2157,851,348,503,893,0,0,893,348,582.64923
2158,851,348,503,893,0,0,893,348,582.64923
2159,851,348,503,893,0,0,893,348,582.64923
2160,851,348,503,893,0,0,893,348,582.64923
2161,851,348,503,893,0,0,893,348,582.64923
2162,851,348,503,893,0,0,893,348,582.64923
2163,851,348,503,893,0,0,893,348,582.64923
2164,851,348,503,893,0,0,893,348,582.64923
2165,851,348,503,893,0,0,893,348,582.64923
2166,851,348,503,893,0,0,893,348,582.64923
2167,851,348,503,893,0,0,893,348,582.64923
2168,851,348,503,893,0,0,893,348,582.64923
2169,851,348,503,893,0,0,893,348,582.64923
2170,851,348,503,893,0,0,893,348,582.64923
2171,851,349,502,894,0,0,894,349,577.0613
2172,851,349,502,894,0,0,894,349,577.0613
2173,851,349,502,894,0,0,894,349,577.0613
2174,851,349,502,894,0,0,894,349,577.0613
2175,851,349,502,894,0,0,894,349,577.0613
2176,851,349,502,894,0,0,894,349,577.0613
2177,851,349,502,894,0,0,894,349,577.0613
2178,851,349,502,894,0,0,894,349,577.0613
2179,851,349,502,894,0,0,894,349,577.0613
2180,851,349,502,894,0,0,894,349,577.0613
2181,851,349,502,894,0,0,894,349,577.0613
2182,851,349,502,894,0,0,894,349,577.0613
2183,851,349,502,894,0,0,894,349,577.0613
2184,851,349,502,894,0,0,894,349,577.0613
2185,851,349,502,894,0,0,894,349,577.0613
2186,851,349,502,894,0,0,894,349,577.0613
2187,851,349,502,894,0,0,894,349,577.0613
2188,852,349,503,894,0,0,894,349,577.0613
2189,852,349,503,894,0,0,894,349,577.0613
2190,852,349,503,894,0,0,894,349,577.0613
2191,852,349,503,894,0,0,894,349,577.0613
2192,852,349,503,894,0,0,894,349,577.0613
2193,852,349,503,894,0,0,894,349,577.0613
2194,852,349,503,894,0,0,894,349,577.0613
2195,852,349,503,894,0,0,894,349,577.0613
2196,852,349,503,894,0,0,894,349,577.0613
2197,852,349,503,894,0,0,894,349,577.0613
2198,852,349,503,894,0,0,894,349,577.0613
2199,852,349,503,894,0,0,894,349,577.0613
2200,852,349,503,894,0,0,894,349,577.0613
2201,852,349,503,894,0,0,894,349,577.0613
2202,853,349,504,894,0,0,894,349,577.0613
2203,853,349,504,894,0,0,894,349,577.0613
2204,854,349,505,894,0,0,894,349,577.0613
2205,854,349,505,894,0,0,894,349,577.0613
2206,854,349,505,894,0,0,894,349,577.0613
2207,854,349,505,894,0,0,894,349,577.0613
2208,854,349,505,894,0,0,894,349,577.0613
2209,854,349,505,894,0,0,894,349,577.0613
2210,854,351,503,897,0,0,897,351,570.13574
2211,854,351,503,897,0,0,897,351,570.13574
2212,854,352,502,900,0,0,900,352,571.24774
2213,854,354,500,903,0,0,903,354,574.2431
2214,854,354,500,903,0,0,903,354,574.2431
2215,854,355,499,908,0,0,908,355,575.34985
2216,854,355,499,908,0,0,908,355,575.34985
2217,854,355,499,908,0,0,908,355,575.34985
2218,854,356,498,911,0,0,911,356,576.19476
2219,854,357,497,912,0,0,912,357,577.55743
2220,854,358,496,913,0,0,913,358,578.91895
2221,854,359,495,915,0,0,915,359,580.2791
2222,854,362,492,923,0,0,923,362,584.8785
2223,854,362,492,923,0,0,923,362,584.8785
2224,854,363,491,924,0,0,924,363,585.9712
2225,855,365,490,931,0,0,931,365,588.94385
2226,855,366,489,933,0,0,933,366,590.2965
2227,855,368,487,940,0,0,940,368,593.26447
2228,855,368,487,940,0,0,940,368,593.26447
2229,855,370,485,943,0,0,943,370,595.96234
2230,855,371,484,945,0,0,945,371,597.30945
2231,855,372,483,946,0,0,946,372,598.65533
2232,855,374,481,955,0,0,955,374,601.61285
2233,855,375,480,959,0,0,959,375,602.9556
2234,855,376,479,960,0,0,960,376,604.29724
2235,855,376,479,960,0,0,960,376,604.29724
2236,855,376,479,960,0,0,960,376,604.29724
2237,855,377,478,961,0,0,961,377,605.0961
2238,855,378,477,963,0,0,963,378,606.4343
2239,855,379,476,964,0,0,964,379,607.77136
2240,855,381,474,970,0,0,970,381,610.71423
2241,855,381,474,970,0,0,970,381,610.71423
2242,855,382,473,973,0,0,973,382,611.7752
2243,855,382,473,973,0,0,973,382,611.7752
2244,855,382,473,973,0,0,973,382,611.7752
2245,855,382,473,973,0,0,973,382,611.7752
2246,855,382,473,973,0,0,973,382,611.7752
2247,855,382,473,973,0,0,973,382,611.7752
2248,855,382,473,973,0,0,973,382,611.7752
2249,855,382,473,973,0,0,973,382,611.7752
2250,855,382,473,973,0,0,973,382,611.7752
2251,855,382,473,973,0,0,973,382,611.7752
2252,855,382,473,973,0,0,973,382,611.7752
2253,855,382,473,973,0,0,973,382,611.7752
2254,855,382,473,973,0,0,973,382,611.7752
2255,855,382,473,973,0,0,973,382,611.7752
2256,855,382,473,973,0,0,973,382,611.7752
2257,855,382,473,973,0,0,973,382,611.7752
2258,855,382,473,973,0,0,973,382,611.7752
2259,855,382,473,973,0,0,973,382,611.7752
2260,855,382,473,973,0,0,973,382,611.7752
2261,855,382,473,973,0,0,973,382,611.7752
2262,855,382,473,973,0,0,973,382,611.7752
2263,855,382,473,973,0,0,973,382,611.7752
2264,855,382,473,973,0,0,973,382,611.7752
2265,855,382,473,973,0,0,973,382,611.7752
2266,855,382,473,973,0,0,973,382,611.7752
2267,855,382,473,973,0,0,973,382,611.7752
2268,855,382,473,973,0,0,973,382,611.7752
2269,855,382,473,973,0,0,973,382,611.7752
2270,855,382,473,973,0,0,973,382,611.7752
2271,855,383,472,977,0,0,977,383,605.5482
2272,855,384,471,979,0,0,979,384,606.8662
2273,855,384,471,979,0,0,979,384,606.8662
2274,855,384,471,979,0,0,979,384,606.8662
2275,855,384,471,979,0,0,979,384,606.8662
2276,855,385,470,980,0,0,980,385,607.38135
2277,855,387,468,983,0,0,983,387,610.2767
2278,855,388,467,988,0,0,988,388,611.5891
2279,855,389,466,990,0,0,990,389,612.9004
2280,855,390,465,991,0,0,991,390,614.2105
2281,855,390,465,991,0,0,991,390,614.2105
2282,855,391,464,995,0,0,995,391,615.24976
2283,855,392,463,996,0,0,996,392,616.5572
2284,855,394,461,1003,0,0,1003,394,619.4396
2285,855,394,461,1003,0,0,1003,394,619.4396
2286,855,396,459,1006,0,0,1006,396,622.04724
2287,855,397,458,1008,0,0,1008,397,623.34937
2288,855,398,457,1012,0,0,1012,398,624.6503
2289,856,400,456,1014,0,0,1014,400,627.5229
2290,856,400,456,1014,0,0,1014,400,627.5229
2291,856,402,454,1017,0,0,1017,402,630.11786
2292,856,404,452,1022,0,0,1022,404,632.98425
2293,856,404,452,1022,0,0,1022,404,632.98425
2294,856,405,451,1024,0,0,1024,405,634.0017
2295,856,405,451,1024,0,0,1024,405,634.0017
2296,856,405,451,1024,0,0,1024,405,634.0017
2297,856,405,451,1024,0,0,1024,405,634.0017
2298,856,405,451,1024,0,0,1024,405,634.0017
2299,856,405,451,1024,0,0,1024,405,634.0017
2300,856,405,451,1024,0,0,1024,405,634.0017
2301,856,405,451,1024,0,0,1024,405,634.0017
2302,856,405,451,1024,0,0,1024,405,634.0017
2303,856,405,451,1024,0,0,1024,405,634.0017
2304,857,405,452,1024,0,0,1024,405,634.0017
2305,857,405,452,1024,0,0,1024,405,634.0017
2306,857,405,452,1024,0,0,1024,405,634.0017
2307,858,405,453,1024,0,0,1024,405,634.0017
2308,858,405,453,1024,0,0,1024,405,634.0017
2309,858,405,453,1024,0,0,1024,405,634.0017
2310,858,405,453,1024,0,0,1024,405,634.0017
2311,858,405,453,1024,0,0,1024,405,634.0017
2312,858,405,453,1024,0,0,1024,405,634.0017
2313,858,405,453,1024,0,0,1024,405,634.0017
2314,858,405,453,1024,0,0,1024,405,634.0017
2315,858,405,453,1024,0,0,1024,405,634.0017
2316,858,405,453,1024,0,0,1024,405,634.0017
2317,858,405,453,1024,0,0,1024,405,634.0017
2318,858,405,453,1024,0,0,1024,405,634.0017
2319,858,405,453,1024,0,0,1024,405,634.0017
2320,858,405,453,1024,0,0,1024,405,634.0017
2321,858,405,453,1024,0,0,1024,405,634.0017
2322,858,405,453,1024,0,0,1024,405,634.0017
2323,858,405,453,1024,0,0,1024,405,634.0017
2324,858,405,453,1024,0,0,1024,405,634.0017
2325,858,406,452,1028,0,0,1028,406,627.09674
2326,858,406,452,1028,0,0,1028,406,627.09674
2327,858,406,452,1028,0,0,1028,406,627.09674
2328,858,407,451,1033,0,0,1033,407,627.8351
2329,858,407,451,1033,0,0,1033,407,627.8351
2330,859,408,451,1036,0,0,1036,408,628.84125
2331,859,409,450,1040,0,0,1040,409,630.1158
2332,859,409,450,1040,0,0,1040,409,630.1158
2333,859,410,449,1041,0,0,1041,410,631.1187
2334,859,410,449,1041,0,0,1041,410,631.1187
2335,859,410,449,1041,0,0,1041,410,631.1187
2336,859,410,449,1041,0,0,1041,410,631.1187
2337,859,410,449,1041,0,0,1041,410,631.1187
2338,859,410,449,1041,0,0,1041,410,631.1187
2339,859,410,449,1041,0,0,1041,410,631.1187
2340,859,410,449,1041,0,0,1041,410,631.1187
2341,859,410,449,1041,0,0,1041,410,631.1187
2342,860,410,450,1041,0,0,1041,410,631.1187
2343,860,410,450,1041,0,0,1041,410,631.1187
2344,860,410,450,1041,0,0,1041,410,631.1187
2345,861,410,451,1041,0,0,1041,410,631.1187
2346,861,410,451,1041,0,0,1041,410,631.1187
2347,861,410,451,1041,0,0,1041,410,631.1187
2348,861,410,451,1041,0,0,1041,410,631.1187
2349,861,410,451,1041,0,0,1041,410,631.1187
2350,861,410,451,1041,0,0,1041,410,631.1187
2351,861,410,451,1041,0,0,1041,410,631.1187
2352,861,410,451,1041,0,0,1041,410,631.1187
2353,861,410,451,1041,0,0,1041,410,631.1187
2354,861,410,451,1041,0,0,1041,410,631.1187
2355,861,410,451,1041,0,0,1041,410,631.1187
2356,861,410,451,1041,0,0,1041,410,631.1187
2357,861,410,451,1041,0,0,1041,410,631.1187
2358,861,410,451,1041,0,0,1041,410,631.1187
2359,861,410,451,1041,0,0,1041,410,631.1187
2360,861,410,451,1041,0,0,1041,410,631.1187
2361,861,410,451,1041,0,0,1041,410,631.1187
2362,861,410,451,1041,0,0,1041,410,631.1187
2363,861,410,451,1041,0,0,1041,410,631.1187
2364,861,410,451,1041,0,0,1041,410,631.1187
2365,861,410,451,1041,0,0,1041,410,631.1187
2366,861,411,450,1042,0,0,1042,411,623.8377
2367,861,412,449,1043,0,0,1043,412,625.09503
2368,862,412,450,1043,0,0,1043,412,625.09503
2369,862,413,449,1047,0,0,1047,413,626.087
2370,863,414,449,1051,0,0,1051,414,627.34174
2371,863,414,449,1051,0,0,1051,414,627.34174
2372,863,415,448,1055,0,0,1055,415,628.3305
2373,863,416,447,1056,0,0,1056,416,629.5828
2374,863,418,445,1064,0,0,1064,418,632.35046
2375,863,419,444,1065,0,0,1065,419,633.6
2376,864,422,442,1073,0,0,1073,422,637.8788
2377,864,422,442,1073,0,0,1073,422,637.8788
2378,864,423,441,1074,0,0,1074,423,638.85614
2379,864,424,440,1075,0,0,1075,424,640.1009
2380,864,425,439,1079,0,0,1079,425,641.34454
2381,864,427,437,1087,0,0,1087,427,644.0991
2382,864,427,437,1087,0,0,1087,427,644.0991
2383,864,428,436,1089,0,0,1089,428,645.0692
2384,864,429,435,1092,0,0,1092,429,646.3087
2385,864,430,434,1093,0,0,1093,430,647.5472
2386,864,431,433,1097,0,0,1097,431,648.78455
2387,864,432,432,1102,0,0,1102,432,650.02094
2388,864,433,431,1107,0,0,1107,433,651.2563
2389,865,433,432,1107,0,0,1107,433,651.2563
2390,865,433,432,1107,0,0,1107,433,651.2563
2391,865,433,432,1107,0,0,1107,433,651.2563
2392,865,433,432,1107,0,0,1107,433,651.2563
2393,866,433,433,1107,0,0,1107,433,651.2563
2394,866,433,433,1107,0,0,1107,433,651.2563
2395,866,433,433,1107,0,0,1107,433,651.2563
2396,866,433,433,1107,0,0,1107,433,651.2563
2397,866,433,433,1107,0,0,1107,433,651.2563
2398,866,433,433,1107,0,0,1107,433,651.2563
2399,867,433,434,1107,0,0,1107,433,651.2563
2400,867,433,434,1107,0,0,1107,433,651.2563
2401,867,433,434,1107,0,0,1107,433,651.2563
2402,867,433,434,1107,0,0,1107,433,651.2563
2403,867,433,434,1107,0,0,1107,433,651.2563
2404,867,433,434,1107,0,0,1107,433,651.2563
2405,867,433,434,1107,0,0,1107,433,651.2563
2406,867,433,434,1107,0,0,1107,433,651.2563
2407,868,433,435,1107,0,0,1107,433,651.2563
2408,868,433,435,1107,0,0,1107,433,651.2563
2409,868,433,435,1107,0,0,1107,433,651.2563
2410,868,433,435,1107,0,0,1107,433,651.2563
2411,868,433,435,1107,0,0,1107,433,651.2563
2412,868,433,435,1107,0,0,1107,433,651.2563
2413,868,433,435,1107,0,0,1107,433,651.2563
2414,868,433,435,1107,0,0,1107,433,651.2563
2415,868,433,435,1107,0,0,1107,433,651.2563
2416,868,433,435,1107,0,0,1107,433,651.2563
2417,868,433,435,1107,0,0,1107,433,651.2563
2418,868,434,434,1109,0,0,1109,434,644.66504
2419,868,434,434,1109,0,0,1109,434,644.66504
2420,868,434,434,1109,0,0,1109,434,644.66504
2421,868,435,433,1113,0,0,1113,435,645.35315
2422,868,436,432,1115,0,0,1115,436,646.5731
2423,868,436,432,1115,0,0,1115,436,646.5731
2424,868,437,431,1116,0,0,1116,437,647.5247
2425,868,438,430,1120,0,0,1120,438,648.74225
2426,868,439,429,1123,0,0,1123,439,649.9588
2427,868,440,428,1124,0,0,1124,440,651.1743
2428,868,441,427,1125,0,0,1125,441,652.3888
2429,868,442,426,1129,0,0,1129,442,653.6023
2430,868,443,425,1131,0,0,1131,443,654.8148
2431,868,444,424,1133,0,0,1133,444,656.0263
2432,868,444,424,1133,0,0,1133,444,656.0263
2433,868,444,424,1133,0,0,1133,444,656.0263
2434,868,444,424,1133,0,0,1133,444,656.0263
2435,868,444,424,1133,0,0,1133,444,656.0263
2436,868,444,424,1133,0,0,1133,444,656.0263
2437,868,444,424,1133,0,0,1133,444,656.0263
2438,868,444,424,1133,0,0,1133,444,656.0263
2439,868,444,424,1133,0,0,1133,444,656.0263
2440,868,444,424,1133,0,0,1133,444,656.0263
2441,868,444,424,1133,0,0,1133,444,656.0263
2442,868,444,424,1133,0,0,1133,444,656.0263
2443,868,444,424,1133,0,0,1133,444,656.0263
2444,868,444,424,1133,0,0,1133,444,656.0263
2445,868,444,424,1133,0,0,1133,444,656.0263
2446,868,444,424,1133,0,0,1133,444,656.0263
2447,868,444,424,1133,0,0,1133,444,656.0263
2448,868,444,424,1133,0,0,1133,444,656.0263
2449,868,444,424,1133,0,0,1133,444,656.0263
2450,868,444,424,1133,0,0,1133,444,656.0263
2451,868,444,424,1133,0,0,1133,444,656.0263
2452,868,444,424,1133,0,0,1133,444,656.0263
2453,868,444,424,1133,0,0,1133,444,656.0263
2454,868,444,424,1133,0,0,1133,444,656.0263
2455,868,444,424,1133,0,0,1133,444,656.0263
2456,868,444,424,1133,0,0,1133,444,656.0263
2457,868,444,424,1133,0,0,1133,444,656.0263
2458,868,444,424,1133,0,0,1133,444,656.0263
2459,868,444,424,1133,0,0,1133,444,656.0263
2460,868,444,424,1133,0,0,1133,444,656.0263
2461,868,444,424,1133,0,0,1133,444,656.0263
2462,868,444,424,1133,0,0,1133,444,656.0263
2463,868,444,424,1133,0,0,1133,444,656.0263
2464,868,444,424,1133,0,0,1133,444,656.0263
2465,868,444,424,1133,0,0,1133,444,656.0263
2466,868,445,423,1135,0,0,1135,445,648.1752
2467,868,445,423,1135,0,0,1135,445,648.1752
2468,868,446,422,1136,0,0,1136,446,649.1086
2469,868,448,420,1142,0,0,1142,448,651.76184
2470,868,449,419,1143,0,0,1143,449,652.95544
2471,868,450,418,1144,0,0,1144,450,654.14813
2472,868,450,418,1144,0,0,1144,450,654.14813
2473,868,451,417,1146,0,0,1146,451,655.07477
2474,868,452,416,1147,0,0,1147,452,656.26514
2475,868,453,415,1149,0,0,1149,453,657.4545
2476,868,454,414,1150,0,0,1150,454,658.643
2477,868,455,413,1154,0,0,1154,455,659.83044
2478,868,457,411,1156,0,0,1156,457,662.4697
2479,868,458,410,1160,0,0,1160,458,663.65466
2480,868,459,409,1163,0,0,1163,459,664.83875
2481,868,460,408,1167,0,0,1167,460,666.0218
2482,868,460,408,1167,0,0,1167,460,666.0218
2483,868,462,406,1169,0,0,1169,462,668.385
2484,868,463,405,1172,0,0,1172,463,669.5652
2485,868,463,405,1172,0,0,1172,463,669.5652
2486,868,464,404,1175,0,0,1175,464,670.4747
2487,869,464,405,1175,0,0,1175,464,670.4747
2488,869,464,405,1175,0,0,1175,464,670.4747
2489,869,464,405,1175,0,0,1175,464,670.4747
2490,869,464,405,1175,0,0,1175,464,670.4747
2491,869,464,405,1175,0,0,1175,464,670.4747
2492,869,464,405,1175,0,0,1175,464,670.4747
2493,869,464,405,1175,0,0,1175,464,670.4747
2494,869,464,405,1175,0,0,1175,464,670.4747
2495,869,464,405,1175,0,0,1175,464,670.4747
2496,869,464,405,1175,0,0,1175,464,670.4747
2497,869,464,405,1175,0,0,1175,464,670.4747
2498,869,464,405,1175,0,0,1175,464,670.4747
2499,869,464,405,1175,0,0,1175,464,670.4747
2500,869,464,405,1175,0,0,1175,464,670.4747
2501,869,464,405,1175,0,0,1175,464,670.4747
2502,869,464,405,1175,0,0,1175,464,670.4747
2503,869,464,405,1175,0,0,1175,464,670.4747
2504,869,464,405,1175,0,0,1175,464,670.4747
2505,869,464,405,1175,0,0,1175,464,670.4747
2506,869,464,405,1175,0,0,1175,464,670.4747
2507,869,464,405,1175,0,0,1175,464,670.4747
2508,869,464,405,1175,0,0,1175,464,670.4747
2509,869,464,405,1175,0,0,1175,464,670.4747
2510,869,464,405,1175,0,0,1175,464,670.4747
2511,869,464,405,1175,0,0,1175,464,670.4747
2512,869,464,405,1175,0,0,1175,464,670.4747
2513,869,464,405,1175,0,0,1175,464,670.4747
2514,869,464,405,1175,0,0,1175,464,670.4747
2515,869,465,404,1176,0,0,1176,465,664.1749
2516,869,465,404,1176,0,0,1176,465,664.1749
2517,869,466,403,1179,0,0,1179,466,665.0775
2518,869,466,403,1179,0,0,1179,466,665.0775
2519,869,468,401,1188,0,0,1188,468,667.4077
2520,869,468,401,1188,0,0,1188,468,667.4077
2521,869,468,401,1188,0,0,1188,468,667.4077
2522,869,468,401,1188,0,0,1188,468,667.4077
2523,869,469,400,1191,0,0,1191,469,667.7764
2524,869,469,400,1191,0,0,1191,469,667.7764
2525,869,469,400,1191,0,0,1191,469,667.7764
2526,869,469,400,1191,0,0,1191,469,667.7764
2527,869,469,400,1191,0,0,1191,469,667.7764
2528,869,469,400,1191,0,0,1191,469,667.7764
2529,869,469,400,1191,0,0,1191,469,667.7764
2530,869,469,400,1191,0,0,1191,469,667.7764
2531,869,469,400,1191,0,0,1191,469,667.7764
2532,869,469,400,1191,0,0,1191,469,667.7764
2533,869,469,400,1191,0,0,1191,469,667.7764
2534,869,469,400,1191,0,0,1191,469,667.7764
2535,869,469,400,1191,0,0,1191,469,667.7764
2536,869,469,400,1191,0,0,1191,469,667.7764
2537,869,469,400,1191,0,0,1191,469,667.7764
2538,869,469,400,1191,0,0,1191,469,667.7764
2539,869,469,400,1191,0,0,1191,469,667.7764
2540,869,469,400,1191,0,0,1191,469,667.7764
2541,869,469,400,1191,0,0,1191,469,667.7764
2542,869,469,400,1191,0,0,1191,469,667.7764
2543,869,469,400,1191,0,0,1191,469,667.7764
2544,869,469,400,1191,0,0,1191,469,667.7764
2545,869,469,400,1191,0,0,1191,469,667.7764
2546,869,469,400,1191,0,0,1191,469,667.7764
2547,869,469,400,1191,0,0,1191,469,667.7764
2548,869,469,400,1191,0,0,1191,469,667.7764
2549,869,469,400,1191,0,0,1191,469,667.7764
2550,869,469,400,1191,0,0,1191,469,667.7764
2551,870,469,401,1191,0,0,1191,469,667.7764
2552,870,469,401,1191,0,0,1191,469,667.7764
2553,870,469,401,1191,0,0,1191,469,667.7764
2554,870,469,401,1191,0,0,1191,469,667.7764
2555,870,471,399,1199,0,0,1199,471,662.2309
2556,870,472,398,1203,0,0,1203,472,663.3803
2557,870,472,398,1203,0,0,1203,472,663.3803
2558,870,473,397,1208,0,0,1208,473,664.269
2559,870,473,397,1208,0,0,1208,473,664.269
2560,870,475,395,1210,0,0,1210,475,666.5625
2561,870,476,394,1213,0,0,1213,476,667.70795
2562,870,477,393,1215,0,0,1215,477,668.8525
2563,870,478,392,1219,0,0,1219,478,669.99615
2564,870,480,390,1228,0,0,1228,480,672.5429
2565,870,481,389,1230,0,0,1230,481,673.6842
2566,870,482,388,1232,0,0,1232,482,674.82465
2567,870,484,386,1237,0,0,1237,484,677.3666
2568,870,485,385,1239,0,0,1239,485,678.5047
2569,871,485,386,1239,0,0,1239,485,678.5047
2570,871,487,384,1243,0,0,1243,487,680.77826
2571,871,487,384,1243,0,0,1243,487,680.77826
2572,871,489,382,1247,0,0,1247,489,683.0482
2573,871,490,381,1248,0,0,1248,490,684.1819
2574,871,491,380,1249,0,0,1249,491,685.3147
2575,871,492,379,1253,0,0,1253,492,686.4466
2576,871,492,379,1253,0,0,1253,492,686.4466
2577,871,492,379,1253,0,0,1253,492,686.4466
2578,871,492,379,1253,0,0,1253,492,686.4466
2579,871,492,379,1253,0,0,1253,492,686.4466
2580,871,492,379,1253,0,0,1253,492,686.4466
2581,871,493,378,1254,0,0,1254,493,686.24567
2582,871,493,378,1254,0,0,1254,493,686.24567
2583,871,493,378,1254,0,0,1254,493,686.24567
2584,871,493,378,1254,0,0,1254,493,686.24567
2585,871,493,378,1254,0,0,1254,493,686.24567
2586,871,493,378,1254,0,0,1254,493,686.24567
2587,871,493,378,1254,0,0,1254,493,686.24567
2588,871,493,378,1254,0,0,1254,493,686.24567
2589,871,493,378,1254,0,0,1254,493,686.24567
2590,871,493,378,1254,0,0,1254,493,686.24567
2591,871,493,378,1254,0,0,1254,493,686.24567
2592,871,493,378,1254,0,0,1254,493,686.24567
2593,871,493,378,1254,0,0,1254,493,686.24567
2594,871,493,378,1254,0,0,1254,493,686.24567
2595,871,493,378,1254,0,0,1254,493,686.24567
2596,871,493,378,1254,0,0,1254,493,686.24567
2597,871,493,378,1254,0,0,1254,493,686.24567
2598,871,493,378,1254,0,0,1254,493,686.24567
2599,871,493,378,1254,0,0,1254,493,686.24567
2600,873,493,380,1254,0,0,1254,493,686.24567
2601,873,493,380,1254,0,0,1254,493,686.24567
2602,873,493,380,1254,0,0,1254,493,686.24567
2603,873,493,380,1254,0,0,1254,493,686.24567
2604,873,493,380,1254,0,0,1254,493,686.24567
2605,874,493,381,1254,0,0,1254,493,686.24567
2606,874,493,381,1254,0,0,1254,493,686.24567
2607,874,493,381,1254,0,0,1254,493,686.24567
2608,875,494,381,1259,0,0,1259,494,680.5215
2609,875,495,380,1263,0,0,1263,495,681.64044
2610,875,496,379,1264,0,0,1264,496,682.7586
2611,876,496,380,1264,0,0,1264,496,682.7586
2612,876,498,378,1269,0,0,1269,498,684.9924
2613,876,498,378,1269,0,0,1269,498,684.9924
2614,876,499,377,1271,0,0,1271,499,685.84546
2615,876,499,377,1271,0,0,1271,499,685.84546
2616,876,500,376,1276,0,0,1276,500,686.69727
2617,876,501,375,1277,0,0,1277,501,687.8104
2618,876,502,374,1280,0,0,1280,502,688.92285
2619,876,504,372,1285,0,0,1285,504,691.40894
2620,876,504,372,1285,0,0,1285,504,691.40894
2621,876,505,371,1289,0,0,1289,505,692.2549
2622,876,507,369,1295,0,0,1295,507,694.7368
2623,876,508,368,1299,0,0,1299,508,695.8445
2624,876,508,368,1299,0,0,1299,508,695.8445
2625,876,509,367,1301,0,0,1301,509,696.6857
2626,876,509,367,1301,0,0,1301,509,696.6857
2627,876,511,365,1305,0,0,1305,511,698.89606
2628,876,512,364,1309,0,0,1309,512,700
2629,876,513,363,1314,0,0,1314,513,701.1031
2630,876,513,363,1314,0,0,1314,513,701.1031
2631,876,513,363,1314,0,0,1314,513,701.1031
2632,876,513,363,1314,0,0,1314,513,701.1031
2633,876,513,363,1314,0,0,1314,513,701.1031
2634,876,513,363,1314,0,0,1314,513,701.1031
2635,876,513,363,1314,0,0,1314,513,701.1031
2636,876,513,363,1314,0,0,1314,513,701.1031
2637,876,513,363,1314,0,0,1314,513,701.1031
2638,876,513,363,1314,0,0,1314,513,701.1031
2639,876,513,363,1314,0,0,1314,513,701.1031
2640,876,513,363,1314,0,0,1314,513,701.1031
2641,876,513,363,1314,0,0,1314,513,701.1031
2642,876,513,363,1314,0,0,1314,513,701.1031
2643,876,513,363,1314,0,0,1314,513,701.1031
2644,876,513,363,1314,0,0,1314,513,701.1031
2645,876,513,363,1314,0,0,1314,513,701.1031
2646,876,513,363,1314,0,0,1314,513,701.1031
2647,876,513,363,1314,0,0,1314,513,701.1031
2648,876,513,363,1314,0,0,1314,513,701.1031
2649,876,513,363,1314,0,0,1314,513,701.1031
2650,876,513,363,1314,0,0,1314,513,701.1031
2651,876,513,363,1314,0,0,1314,513,701.1031
2652,876,513,363,1314,0,0,1314,513,701.1031
2653,876,513,363,1314,0,0,1314,513,701.1031
2654,876,513,363,1314,0,0,1314,513,701.1031
2655,876,513,363,1314,0,0,1314,513,701.1031
2656,876,513,363,1314,0,0,1314,513,701.1031
2657,876,513,363,1314,0,0,1314,513,701.1031
2658,876,513,363,1314,0,0,1314,513,701.1031
2659,876,513,363,1314,0,0,1314,513,701.1031
2660,876,513,363,1314,0,0,1314,513,701.1031
2661,876,514,362,1316,0,0,1316,514,694.0248
2662,876,514,362,1316,0,0,1316,514,694.0248
2663,876,514,362,1316,0,0,1316,514,694.0248
2664,876,515,361,1317,0,0,1317,515,694.5946
2665,876,517,359,1322,0,0,1322,517,697.03564
2666,876,517,359,1322,0,0,1322,517,697.03564
2667,876,518,358,1324,0,0,1324,518,697.8628
2668,876,519,357,1325,0,0,1325,519,698.9505
2669,876,520,356,1328,0,0,1328,520,700.0375
2670,876,521,355,1331,0,0,1331,521,701.1236
2671,876,522,354,1333,0,0,1333,522,702.2089
2672,876,524,352,1336,0,0,1336,524,704.6407
2673,876,524,352,1336,0,0,1336,524,704.6407
2674,876,524,352,1336,0,0,1336,524,704.6407
2675,876,524,352,1336,0,0,1336,524,704.6407
2676,876,524,352,1336,0,0,1336,524,704.6407
2677,877,524,353,1336,0,0,1336,524,704.6407
2678,877,524,353,1336,0,0,1336,524,704.6407
2679,877,524,353,1336,0,0,1336,524,704.6407
2680,877,524,353,1336,0,0,1336,524,704.6407
2681,877,524,353,1336,0,0,1336,524,704.6407
2682,877,524,353,1336,0,0,1336,524,704.6407
2683,877,524,353,1336,0,0,1336,524,704.6407
2684,877,524,353,1336,0,0,1336,524,704.6407
2685,877,524,353,1336,0,0,1336,524,704.6407
2686,877,524,353,1336,0,0,1336,524,704.6407
2687,877,524,353,1336,0,0,1336,524,704.6407
2688,877,524,353,1336,0,0,1336,524,704.6407
2689,877,524,353,1336,0,0,1336,524,704.6407
2690,877,524,353,1336,0,0,1336,524,704.6407
2691,877,524,353,1336,0,0,1336,524,704.6407
2692,877,525,352,1338,0,0,1338,525,700.7429
2693,877,525,352,1338,0,0,1338,525,700.7429
2694,877,525,352,1338,0,0,1338,525,700.7429
2695,877,525,352,1338,0,0,1338,525,700.7429
2696,877,525,352,1338,0,0,1338,525,700.7429
2697,878,525,353,1338,0,0,1338,525,700.7429
2698,878,525,353,1338,0,0,1338,525,700.7429
2699,878,525,353,1338,0,0,1338,525,700.7429
2700,878,525,353,1338,0,0,1338,525,700.7429
2701,878,525,353,1338,0,0,1338,525,700.7429
2702,878,525,353,1338,0,0,1338,525,700.7429
2703,878,525,353,1338,0,0,1338,525,700.7429
2704,878,526,352,1339,0,0,1339,526,698.96454
2705,878,526,352,1339,0,0,1339,526,698.96454
2706,878,526,352,1339,0,0,1339,526,698.96454
2707,878,526,352,1339,0,0,1339,526,698.96454
2708,878,527,351,1344,0,0,1344,527,699.2614
2709,878,528,350,1346,0,0,1346,528,700.3322
2710,878,529,349,1348,0,0,1348,529,701.4022
2711,878,529,349,1348,0,0,1348,529,701.4022
2712,878,530,348,1349,0,0,1349,530,702.2124
2713,878,530,348,1349,0,0,1349,530,702.2124
2714,878,531,347,1350,0,0,1350,531,703.02136
2715,878,531,347,1350,0,0,1350,531,703.02136
2716,878,532,346,1354,0,0,1354,532,703.82916
2717,879,532,347,1354,0,0,1354,532,703.82916
2718,880,532,348,1354,0,0,1354,532,703.82916
2719,880,535,345,1362,0,0,1362,535,707.02466
2720,880,535,345,1362,0,0,1362,535,707.02466
2721,880,536,344,1366,0,0,1366,536,707.828
2722,880,538,342,1369,0,0,1369,538,710.2131
2723,880,539,341,1370,0,0,1370,539,711.27435
2724,880,539,341,1370,0,0,1370,539,711.27435
2725,880,539,341,1370,0,0,1370,539,711.27435
2726,880,539,341,1370,0,0,1370,539,711.27435
2727,880,540,340,1371,0,0,1371,540,711.55115
2728,881,541,340,1376,0,0,1376,541,712.61
2729,881,541,340,1376,0,0,1376,541,712.61
2730,881,541,340,1376,0,0,1376,541,712.61
2731,881,541,340,1376,0,0,1376,541,712.61
2732,881,542,339,1377,0,0,1377,542,712.88434
2733,881,543,338,1380,0,0,1380,543,713.94073
2734,881,543,338,1380,0,0,1380,543,713.94073
2735,881,543,338,1380,0,0,1380,543,713.94073
2736,881,544,337,1383,0,0,1383,544,714.4737
2737,881,544,337,1383,0,0,1383,544,714.4737
2738,881,546,335,1390,0,0,1390,546,716.5814
2739,881,546,335,1390,0,0,1390,546,716.5814
2740,881,548,333,1395,0,0,1395,548,718.68616
2741,881,548,333,1395,0,0,1395,548,718.68616
2742,881,549,332,1400,0,0,1400,549,719.47485
2743,881,549,332,1400,0,0,1400,549,719.47485
2744,881,550,331,1402,0,0,1402,550,720.2624
2745,881,550,331,1402,0,0,1402,550,720.2624
2746,881,550,331,1402,0,0,1402,550,720.2624
2747,881,550,331,1402,0,0,1402,550,720.2624
2748,881,550,331,1402,0,0,1402,550,720.2624
2749,881,550,331,1402,0,0,1402,550,720.2624
2750,881,550,331,1402,0,0,1402,550,720.2624
2751,881,550,331,1402,0,0,1402,550,720.2624
2752,881,550,331,1402,0,0,1402,550,720.2624
2753,881,550,331,1402,0,0,1402,550,720.2624
2754,881,550,331,1402,0,0,1402,550,720.2624
2755,881,550,331,1402,0,0,1402,550,720.2624
2756,881,550,331,1402,0,0,1402,550,720.2624
2757,881,550,331,1402,0,0,1402,550,720.2624
2758,881,550,331,1402,0,0,1402,550,720.2624
2759,881,550,331,1402,0,0,1402,550,720.2624
2760,881,550,331,1402,0,0,1402,550,720.2624
2761,881,550,331,1402,0,0,1402,550,720.2624
2762,881,550,331,1402,0,0,1402,550,720.2624
2763,881,550,331,1402,0,0,1402,550,720.2624
2764,881,550,331,1402,0,0,1402,550,720.2624
2765,881,550,331,1402,0,0,1402,550,720.2624
2766,881,550,331,1402,0,0,1402,550,720.2624
2767,881,550,331,1402,0,0,1402,550,720.2624
2768,881,550,331,1402,0,0,1402,550,720.2624
2769,881,550,331,1402,0,0,1402,550,720.2624
2770,881,550,331,1402,0,0,1402,550,720.2624
2771,881,550,331,1402,0,0,1402,550,720.2624
2772,882,550,332,1402,0,0,1402,550,720.2624
2773,882,550,332,1402,0,0,1402,550,720.2624
2774,882,550,332,1402,0,0,1402,550,720.2624
2775,882,550,332,1402,0,0,1402,550,720.2624
2776,882,550,332,1402,0,0,1402,550,720.2624
2777,882,550,332,1402,0,0,1402,550,720.2624
2778,882,550,332,1402,0,0,1402,550,720.2624
2779,882,550,332,1402,0,0,1402,550,720.2624
2780,882,552,330,1405,0,0,1405,552,713.52515
2781,882,553,329,1407,0,0,1407,553,714.5631
2782,882,553,329,1407,0,0,1407,553,714.5631
2783,882,553,329,1407,0,0,1407,553,714.5631
2784,882,554,328,1409,0,0,1409,554,715.0862
2785,882,555,327,1412,0,0,1412,555,716.1221
2786,882,555,327,1412,0,0,1412,555,716.1221
2787,882,555,327,1412,0,0,1412,555,716.1221
2788,882,555,327,1412,0,0,1412,555,716.1221
2789,882,555,327,1412,0,0,1412,555,716.1221
2790,882,555,327,1412,0,0,1412,555,716.1221
2791,882,555,327,1412,0,0,1412,555,716.1221
2792,882,555,327,1412,0,0,1412,555,716.1221
2793,882,555,327,1412,0,0,1412,555,716.1221
2794,882,555,327,1412,0,0,1412,555,716.1221
2795,882,555,327,1412,0,0,1412,555,716.1221
2796,882,555,327,1412,0,0,1412,555,716.1221
2797,882,555,327,1412,0,0,1412,555,716.1221
2798,882,555,327,1412,0,0,1412,555,716.1221
2799,882,555,327,1412,0,0,1412,555,716.1221
2800,882,555,327,1412,0,0,1412,555,716.1221
2801,882,555,327,1412,0,0,1412,555,716.1221
2802,882,555,327,1412,0,0,1412,555,716.1221
2803,882,555,327,1412,0,0,1412,555,716.1221
2804,882,555,327,1412,0,0,1412,555,716.1221
2805,882,555,327,1412,0,0,1412,555,716.1221
2806,883,555,328,1412,0,0,1412,555,716.1221
2807,883,555,328,1412,0,0,1412,555,716.1221
2808,883,555,328,1412,0,0,1412,555,716.1221
2809,884,555,329,1412,0,0,1412,555,716.1221
2810,884,555,329,1412,0,0,1412,555,716.1221
2811,884,555,329,1412,0,0,1412,555,716.1221
2812,884,555,329,1412,0,0,1412,555,716.1221
2813,884,556,328,1416,0,0,1416,556,710.27374
2814,884,556,328,1416,0,0,1416,556,710.27374
2815,884,557,327,1419,0,0,1419,557,711.048
2816,884,557,327,1419,0,0,1419,557,711.048
2817,884,557,327,1419,0,0,1419,557,711.048
2818,884,558,326,1423,0,0,1423,558,711.5685
2819,884,558,326,1423,0,0,1423,558,711.5685
2820,884,559,325,1424,0,0,1424,559,712.34045
2821,884,560,324,1428,0,0,1428,560,713.3641
2822,884,561,323,1430,0,0,1430,561,714.38696
2823,884,562,322,1433,0,0,1433,562,715.4091
2824,884,564,320,1437,0,0,1437,564,717.7054
2825,884,565,319,1439,0,0,1439,565,718.72565
2826,884,566,318,1444,0,0,1444,566,719.7452
2827,885,568,317,1449,0,0,1449,568,722.0375
2828,885,568,317,1449,0,0,1449,568,722.0375
2829,885,569,316,1453,0,0,1453,569,722.7996
2830,885,570,315,1455,0,0,1455,570,723.8163
2831,885,570,315,1455,0,0,1455,570,723.8163
2832,885,573,312,1465,0,0,1465,573,727.11865
2833,885,573,312,1465,0,0,1465,573,727.11865
2834,885,573,312,1465,0,0,1465,573,727.11865
2835,885,574,311,1466,0,0,1466,574,727.619
2836,885,574,311,1466,0,0,1466,574,727.619
2837,885,574,311,1466,0,0,1466,574,727.619
2838,885,575,310,1467,0,0,1467,575,728.1184
2839,885,575,310,1467,0,0,1467,575,728.1184
2840,885,575,310,1467,0,0,1467,575,728.1184
2841,885,575,310,1467,0,0,1467,575,728.1184
2842,885,575,310,1467,0,0,1467,575,728.1184
2843,885,575,310,1467,0,0,1467,575,728.1184
2844,885,575,310,1467,0,0,1467,575,728.1184
2845,885,575,310,1467,0,0,1467,575,728.1184
2846,885,575,310,1467,0,0,1467,575,728.1184
2847,885,575,310,1467,0,0,1467,575,728.1184
2848,885,575,310,1467,0,0,1467,575,728.1184
2849,885,575,310,1467,0,0,1467,575,728.1184
2850,885,575,310,1467,0,0,1467,575,728.1184
2851,885,575,310,1467,0,0,1467,575,728.1184
2852,885,575,310,1467,0,0,1467,575,728.1184
2853,885,575,310,1467,0,0,1467,575,728.1184
2854,885,575,310,1467,0,0,1467,575,728.1184
2855,885,575,310,1467,0,0,1467,575,728.1184
2856,885,575,310,1467,0,0,1467,575,728.1184
2857,885,575,310,1467,0,0,1467,575,728.1184
2858,885,575,310,1467,0,0,1467,575,728.1184
2859,886,575,311,1467,0,0,1467,575,728.1184
2860,886,575,311,1467,0,0,1467,575,728.1184
2861,886,575,311,1467,0,0,1467,575,728.1184
2862,886,575,311,1467,0,0,1467,575,728.1184
2863,886,575,311,1467,0,0,1467,575,728.1184
2864,886,575,311,1467,0,0,1467,575,728.1184
2865,886,575,311,1467,0,0,1467,575,728.1184
2866,886,575,311,1467,0,0,1467,575,728.1184
2867,886,575,311,1467,0,0,1467,575,728.1184
2868,886,575,311,1467,0,0,1467,575,728.1184
2869,886,576,310,1471,0,0,1471,576,721.50574
2870,886,577,309,1473,0,0,1473,577,722.5087
2871,886,578,308,1476,0,0,1476,578,723.511
2872,887,578,309,1476,0,0,1476,578,723.511
2873,887,579,308,1478,0,0,1478,579,724.2604
2874,887,579,308,1478,0,0,1478,579,724.2604
2875,887,579,308,1478,0,0,1478,579,724.2604
2876,887,579,308,1478,0,0,1478,579,724.2604
2877,887,580,307,1479,0,0,1479,580,724.5047
2878,887,580,307,1479,0,0,1479,580,724.5047
2879,887,581,306,1482,0,0,1482,581,725.25183
2880,887,581,306,1482,0,0,1482,581,725.25183
2881,887,581,306,1482,0,0,1482,581,725.25183
2882,887,581,306,1482,0,0,1482,581,725.25183
2883,887,581,306,1482,0,0,1482,581,725.25183
2884,887,581,306,1482,0,0,1482,581,725.25183
2885,887,581,306,1482,0,0,1482,581,725.25183
2886,887,581,306,1482,0,0,1482,581,725.25183
2887,887,581,306,1482,0,0,1482,581,725.25183
2888,888,581,307,1482,0,0,1482,581,725.25183
2889,888,581,307,1482,0,0,1482,581,725.25183
2890,888,581,307,1482,0,0,1482,581,725.25183
2891,888,581,307,1482,0,0,1482,581,725.25183
2892,888,581,307,1482,0,0,1482,581,725.25183
2893,888,581,307,1482,0,0,1482,581,725.25183
2894,888,581,307,1482,0,0,1482,581,725.25183
2895,888,581,307,1482,0,0,1482,581,725.25183
2896,888,581,307,1482,0,0,1482,581,725.25183
2897,888,581,307,1482,0,0,1482,581,725.25183
2898,888,581,307,1482,0,0,1482,581,725.25183
2899,888,581,307,1482,0,0,1482,581,725.25183
2900,888,581,307,1482,0,0,1482,581,725.25183
2901,889,581,308,1482,0,0,1482,581,725.25183
2902,889,581,308,1482,0,0,1482,581,725.25183
2903,889,582,307,1484,0,0,1484,582,720.49603
2904,889,582,307,1484,0,0,1484,582,720.49603
2905,889,582,307,1484,0,0,1484,582,720.49603
2906,889,583,306,1489,0,0,1489,583,720.991
2907,889,584,305,1491,0,0,1491,584,721.9814
2908,889,584,305,1491,0,0,1491,584,721.9814
2909,889,584,305,1491,0,0,1491,584,721.9814
2910,889,584,305,1491,0,0,1491,584,721.9814
2911,889,585,304,1492,0,0,1492,585,722.226
2912,889,586,303,1493,0,0,1493,586,723.21423
2913,889,588,301,1497,0,0,1497,588,725.4377
2914,889,588,301,1497,0,0,1497,588,725.4377
2915,889,590,299,1503,0,0,1503,590,727.4099
2916,889,591,298,1506,0,0,1506,591,728.3951
2917,889,592,297,1511,0,0,1511,592,729.37946
2918,889,593,296,1513,0,0,1513,593,730.3633
2919,889,594,295,1517,0,0,1517,594,731.3464
2920,889,595,294,1522,0,0,1522,595,732.3288
2921,889,595,294,1522,0,0,1522,595,732.3288
2922,889,596,293,1523,0,0,1523,596,733.0595
2923,889,596,293,1523,0,0,1523,596,733.0595
2924,889,596,293,1523,0,0,1523,596,733.0595
2925,889,596,293,1523,0,0,1523,596,733.0595
2926,889,596,293,1523,0,0,1523,596,733.0595
2927,889,596,293,1523,0,0,1523,596,733.0595
2928,889,596,293,1523,0,0,1523,596,733.0595
2929,889,596,293,1523,0,0,1523,596,733.0595
2930,889,596,293,1523,0,0,1523,596,733.0595
2931,889,596,293,1523,0,0,1523,596,733.0595
2932,889,596,293,1523,0,0,1523,596,733.0595
2933,889,596,293,1523,0,0,1523,596,733.0595
2934,889,596,293,1523,0,0,1523,596,733.0595
2935,889,596,293,1523,0,0,1523,596,733.0595
2936,889,597,292,1525,0,0,1525,597,730.7902
2937,889,598,291,1526,0,0,1526,598,731.76715
2938,889,598,291,1526,0,0,1526,598,731.76715
2939,889,598,291,1526,0,0,1526,598,731.76715
2940,889,598,291,1526,0,0,1526,598,731.76715
2941,889,598,291,1526,0,0,1526,598,731.76715
2942,889,598,291,1526,0,0,1526,598,731.76715
2943,889,598,291,1526,0,0,1526,598,731.76715
2944,889,598,291,1526,0,0,1526,598,731.76715
2945,889,598,291,1526,0,0,1526,598,731.76715
2946,889,598,291,1526,0,0,1526,598,731.76715
2947,889,598,291,1526,0,0,1526,598,731.76715
2948,889,598,291,1526,0,0,1526,598,731.76715
2949,889,599,290,1527,0,0,1527,599,730.0102
2950,889,599,290,1527,0,0,1527,599,730.0102
2951,889,599,290,1527,0,0,1527,599,730.0102
2952,889,599,290,1527,0,0,1527,599,730.0102
2953,889,599,290,1527,0,0,1527,599,730.0102
2954,889,599,290,1527,0,0,1527,599,730.0102
2955,889,599,290,1527,0,0,1527,599,730.0102
2956,889,599,290,1527,0,0,1527,599,730.0102
2957,889,599,290,1527,0,0,1527,599,730.0102
2958,889,599,290,1527,0,0,1527,599,730.0102
2959,889,599,290,1527,0,0,1527,599,730.0102
2960,889,599,290,1527,0,0,1527,599,730.0102
2961,889,599,290,1527,0,0,1527,599,730.0102
2962,889,599,290,1527,0,0,1527,599,730.0102
2963,889,599,290,1527,0,0,1527,599,730.0102
2964,889,599,290,1527,0,0,1527,599,730.0102
2965,889,599,290,1527,0,0,1527,599,730.0102
2966,889,599,290,1527,0,0,1527,599,730.0102
2967,889,599,290,1527,0,0,1527,599,730.0102
2968,889,599,290,1527,0,0,1527,599,730.0102
2969,889,599,290,1527,0,0,1527,599,730.0102
2970,889,599,290,1527,0,0,1527,599,730.0102
2971,889,599,290,1527,0,0,1527,599,730.0102
2972,889,599,290,1527,0,0,1527,599,730.0102
2973,889,599,290,1527,0,0,1527,599,730.0102
2974,889,599,290,1527,0,0,1527,599,730.0102
2975,889,599,290,1527,0,0,1527,599,730.0102
2976,889,599,290,1527,0,0,1527,599,730.0102
2977,889,599,290,1527,0,0,1527,599,730.0102
2978,889,599,290,1527,0,0,1527,599,730.0102
2979,889,599,290,1527,0,0,1527,599,730.0102
2980,889,599,290,1527,0,0,1527,599,730.0102
2981,889,599,290,1527,0,0,1527,599,730.0102
2982,890,599,291,1527,0,0,1527,599,730.0102
2983,890,599,291,1527,0,0,1527,599,730.0102
2984,890,599,291,1527,0,0,1527,599,730.0102
2985,890,599,291,1527,0,0,1527,599,730.0102
2986,890,599,291,1527,0,0,1527,599,730.0102
2987,890,599,291,1527,0,0,1527,599,730.0102
2988,890,599,291,1527,0,0,1527,599,730.0102
2989,890,599,291,1527,0,0,1527,599,730.0102
2990,890,599,291,1527,0,0,1527,599,730.0102
2991,890,601,289,1532,0,0,1532,601,722.1665
2992,890,602,288,1534,0,0,1534,602,723.1283
2993,890,602,288,1534,0,0,1534,602,723.1283
2994,890,603,287,1538,0,0,1538,603,723.8477
2995,890,603,287,1538,0,0,1538,603,723.8477
2996,890,604,286,1543,0,0,1543,604,724.5661
2997,891,604,287,1543,0,0,1543,604,724.5661
2998,891,605,286,1544,0,0,1544,605,725.2835
2999,891,606,285,1546,0,0,1546,606,726.2421
3000,891,606,285,1546,0,0,1546,606,726.2421
3001,891,607,284,1549,0,0,1549,607,726.95764
3002,891,608,283,1551,0,0,1551,608,727.91473
3003,891,610,281,1558,0,0,1558,610,730.06995
3004,891,612,279,1566,0,0,1566,612,732.2237
3005,891,612,279,1566,0,0,1566,612,732.2237
3006,891,614,277,1575,0,0,1575,614,734.1317
3007,891,615,276,1579,0,0,1579,615,735.0848
3008,891,616,275,1581,0,0,1581,616,736.03723
3009,891,618,273,1587,0,0,1587,618,738.1854
3010,891,619,272,1589,0,0,1589,619,739.1362
3011,891,620,271,1591,0,0,1591,620,740.08636
3012,891,621,270,1593,0,0,1593,621,741.0359
3013,891,622,269,1596,0,0,1596,622,741.98474
3014,891,622,269,1596,0,0,1596,622,741.98474
3015,891,622,269,1596,0,0,1596,622,741.98474
3016,891,622,269,1596,0,0,1596,622,741.98474
3017,891,622,269,1596,0,0,1596,622,741.98474
3018,891,625,266,1608,0,0,1608,625,744.334
3019,891,625,266,1608,0,0,1608,625,744.334
3020,891,625,266,1608,0,0,1608,625,744.334
3021,891,625,266,1608,0,0,1608,625,744.334
3022,891,626,265,1612,0,0,1612,626,744.54004
3023,891,626,265,1612,0,0,1612,626,744.54004
3024,891,626,265,1612,0,0,1612,626,744.54004
3025,891,626,265,1612,0,0,1612,626,744.54004
3026,891,626,265,1612,0,0,1612,626,744.54004
3027,892,626,266,1612,0,0,1612,626,744.54004
3028,892,626,266,1612,0,0,1612,626,744.54004
3029,893,626,267,1612,0,0,1612,626,744.54004
3030,893,626,267,1612,0,0,1612,626,744.54004
3031,893,626,267,1612,0,0,1612,626,744.54004
3032,893,626,267,1612,0,0,1612,626,744.54004
3033,893,626,267,1612,0,0,1612,626,744.54004
3034,893,626,267,1612,0,0,1612,626,744.54004
3035,893,626,267,1612,0,0,1612,626,744.54004
3036,893,626,267,1612,0,0,1612,626,744.54004
3037,893,626,267,1612,0,0,1612,626,744.54004
3038,893,626,267,1612,0,0,1612,626,744.54004
3039,893,626,267,1612,0,0,1612,626,744.54004
3040,893,626,267,1612,0,0,1612,626,744.54004
3041,893,626,267,1612,0,0,1612,626,744.54004
3042,893,626,267,1612,0,0,1612,626,744.54004
3043,893,626,267,1612,0,0,1612,626,744.54004
3044,893,626,267,1612,0,0,1612,626,744.54004
3045,893,626,267,1612,0,0,1612,626,744.54004
3046,893,626,267,1612,0,0,1612,626,744.54004
3047,893,626,267,1612,0,0,1612,626,744.54004
3048,893,626,267,1612,0,0,1612,626,744.54004
3049,893,626,267,1612,0,0,1612,626,744.54004
3050,893,626,267,1612,0,0,1612,626,744.54004
3051,893,626,267,1612,0,0,1612,626,744.54004
3052,893,627,266,1613,0,0,1613,627,738.40106
3053,893,627,266,1613,0,0,1613,627,738.40106
3054,893,627,266,1613,0,0,1613,627,738.40106
3055,893,628,265,1617,0,0,1617,628,738.8543
3056,893,628,265,1617,0,0,1617,628,738.8543
3057,893,629,264,1619,0,0,1619,629,739.5486
3058,893,632,261,1628,0,0,1628,632,742.83844
3059,894,633,261,1631,0,0,1631,633,743.77246
3060,894,634,260,1632,0,0,1632,634,744.7059
3061,894,635,259,1637,0,0,1637,635,745.6387
3062,894,635,259,1637,0,0,1637,635,745.6387
3063,894,636,258,1642,0,0,1642,636,746.32715
3064,894,636,258,1642,0,0,1642,636,746.32715
3065,894,636,258,1642,0,0,1642,636,746.32715
3066,894,636,258,1642,0,0,1642,636,746.32715
3067,894,636,258,1642,0,0,1642,636,746.32715
3068,894,636,258,1642,0,0,1642,636,746.32715
3069,894,636,258,1642,0,0,1642,636,746.32715
3070,894,636,258,1642,0,0,1642,636,746.32715
3071,894,636,258,1642,0,0,1642,636,746.32715
3072,894,636,258,1642,0,0,1642,636,746.32715
3073,894,636,258,1642,0,0,1642,636,746.32715
3074,894,636,258,1642,0,0,1642,636,746.32715
3075,894,636,258,1642,0,0,1642,636,746.32715
3076,894,636,258,1642,0,0,1642,636,746.32715
3077,894,636,258,1642,0,0,1642,636,746.32715
3078,894,636,258,1642,0,0,1642,636,746.32715
3079,894,636,258,1642,0,0,1642,636,746.32715
3080,894,636,258,1642,0,0,1642,636,746.32715
3081,894,636,258,1642,0,0,1642,636,746.32715
3082,894,636,258,1642,0,0,1642,636,746.32715
3083,894,636,258,1642,0,0,1642,636,746.32715
3084,894,636,258,1642,0,0,1642,636,746.32715
3085,894,636,258,1642,0,0,1642,636,746.32715
3086,894,636,258,1642,0,0,1642,636,746.32715
3087,894,636,258,1642,0,0,1642,636,746.32715
3088,894,636,258,1642,0,0,1642,636,746.32715
3089,894,636,258,1642,0,0,1642,636,746.32715
3090,894,636,258,1642,0,0,1642,636,746.32715
3091,894,636,258,1642,0,0,1642,636,746.32715
3092,894,636,258,1642,0,0,1642,636,746.32715
3093,894,636,258,1642,0,0,1642,636,746.32715
3094,894,636,258,1642,0,0,1642,636,746.32715
3095,894,636,258,1642,0,0,1642,636,746.32715
3096,894,636,258,1642,0,0,1642,636,746.32715
3097,894,636,258,1642,0,0,1642,636,746.32715
3098,894,636,258,1642,0,0,1642,636,746.32715
3099,894,636,258,1642,0,0,1642,636,746.32715
3100,894,637,257,1644,0,0,1644,637,738.5806
3101,894,637,257,1644,0,0,1644,637,738.5806
3102,894,637,257,1644,0,0,1644,637,738.5806
3103,895,637,258,1644,0,0,1644,637,738.5806
3104,895,637,258,1644,0,0,1644,637,738.5806
3105,895,637,258,1644,0,0,1644,637,738.5806
3106,895,637,258,1644,0,0,1644,637,738.5806
3107,895,637,258,1644,0,0,1644,637,738.5806
3108,895,637,258,1644,0,0,1644,637,738.5806
3109,895,637,258,1644,0,0,1644,637,738.5806
3110,895,637,258,1644,0,0,1644,637,738.5806
3111,895,637,258,1644,0,0,1644,637,738.5806
3112,895,637,258,1644,0,0,1644,637,738.5806
3113,895,637,258,1644,0,0,1644,637,738.5806
3114,895,637,258,1644,0,0,1644,637,738.5806
3115,896,637,259,1644,0,0,1644,637,738.5806
3116,896,637,259,1644,0,0,1644,637,738.5806
3117,896,637,259,1644,0,0,1644,637,738.5806
3118,896,637,259,1644,0,0,1644,637,738.5806
3119,896,637,259,1644,0,0,1644,637,738.5806
3120,896,637,259,1644,0,0,1644,637,738.5806
3121,896,637,259,1644,0,0,1644,637,738.5806
3122,896,637,259,1644,0,0,1644,637,738.5806
3123,896,637,259,1644,0,0,1644,637,738.5806
3124,896,637,259,1644,0,0,1644,637,738.5806
3125,896,637,259,1644,0,0,1644,637,738.5806
3126,896,637,259,1644,0,0,1644,637,738.5806
3127,896,637,259,1644,0,0,1644,637,738.5806
3128,896,639,257,1647,0,0,1647,639,734.27106
3129,897,640,257,1650,0,0,1650,640,735.18695
3130,897,640,257,1650,0,0,1650,640,735.18695
3131,897,641,256,1655,0,0,1655,641,735.8671
3132,897,641,256,1655,0,0,1655,641,735.8671
3133,897,643,254,1658,0,0,1658,643,737.6955
3134,897,644,253,1662,0,0,1662,644,738.6088
3135,897,644,253,1662,0,0,1662,644,738.6088
3136,897,645,252,1666,0,0,1666,645,739.28577
3137,897,646,251,1668,0,0,1668,646,740.19763
3138,897,647,250,1673,0,0,1673,647,741.109
3139,897,648,249,1674,0,0,1674,648,742.0198
3140,897,648,249,1674,0,0,1674,648,742.0198
3141,897,648,249,1674,0,0,1674,648,742.0198
3142,897,648,249,1674,0,0,1674,648,742.0198
3143,897,649,248,1676,0,0,1676,649,742.2208
3144,897,650,247,1677,0,0,1677,650,743.12976
3145,897,651,246,1681,0,0,1681,651,744.0382
3146,897,652,245,1686,0,0,1686,652,744.9459
3147,897,652,245,1686,0,0,1686,652,744.9459
3148,897,653,244,1687,0,0,1687,653,745.6163
3149,897,653,244,1687,0,0,1687,653,745.6163
3150,897,654,243,1692,0,0,1692,654,746.2857
3151,897,655,242,1696,0,0,1696,655,747.1914
3152,897,658,239,1703,0,0,1703,658,750.3807
3153,897,658,239,1703,0,0,1703,658,750.3807
3154,897,659,238,1708,0,0,1708,659,751.0463
3155,897,659,238,1708,0,0,1708,659,751.0463
3156,897,660,237,1709,0,0,1709,660,751.711
3157,897,660,237,1709,0,0,1709,660,751.711
3158,897,660,237,1709,0,0,1709,660,751.711
3159,897,660,237,1709,0,0,1709,660,751.711
3160,897,660,237,1709,0,0,1709,660,751.711
3161,897,660,237,1709,0,0,1709,660,751.711
3162,897,660,237,1709,0,0,1709,660,751.711
3163,897,660,237,1709,0,0,1709,660,751.711
3164,897,660,237,1709,0,0,1709,660,751.711
3165,897,660,237,1709,0,0,1709,660,751.711
3166,897,660,237,1709,0,0,1709,660,751.711
3167,897,660,237,1709,0,0,1709,660,751.711
3168,897,660,237,1709,0,0,1709,660,751.711
3169,897,660,237,1709,0,0,1709,660,751.711
3170,897,660,237,1709,0,0,1709,660,751.711
3171,897,660,237,1709,0,0,1709,660,751.711
3172,897,660,237,1709,0,0,1709,660,751.711
3173,897,660,237,1709,0,0,1709,660,751.711
3174,897,660,237,1709,0,0,1709,660,751.711
3175,897,660,237,1709,0,0,1709,660,751.711
3176,897,660,237,1709,0,0,1709,660,751.711
3177,897,660,237,1709,0,0,1709,660,751.711
3178,897,660,237,1709,0,0,1709,660,751.711
3179,897,660,237,1709,0,0,1709,660,751.711
3180,897,660,237,1709,0,0,1709,660,751.711
3181,897,660,237,1709,0,0,1709,660,751.711
3182,897,660,237,1709,0,0,1709,660,751.711
3183,897,660,237,1709,0,0,1709,660,751.711
3184,897,660,237,1709,0,0,1709,660,751.711
3185,897,660,237,1709,0,0,1709,660,751.711
3186,897,661,236,1714,0,0,1714,661,745.76276
3187,897,661,236,1714,0,0,1714,661,745.76276
3188,897,663,234,1716,0,0,1716,663,747.55334
3189,897,663,234,1716,0,0,1716,663,747.55334
3190,897,663,234,1716,0,0,1716,663,747.55334
3191,897,663,234,1716,0,0,1716,663,747.55334
3192,897,663,234,1716,0,0,1716,663,747.55334
3193,897,663,234,1716,0,0,1716,663,747.55334
3194,897,664,233,1717,0,0,1717,664,747.2761
3195,897,666,231,1724,0,0,1724,666,749.2958
3196,897,667,230,1726,0,0,1726,667,750.18774
3197,897,668,229,1728,0,0,1728,668,751.07916
3198,897,669,228,1732,0,0,1732,669,751.97
3199,897,670,227,1735,0,0,1735,670,752.8603
3200,897,672,225,1741,0,0,1741,672,754.875
3201,897,673,224,1742,0,0,1742,673,755.76385
3202,897,674,223,1743,0,0,1743,674,756.6521
3203,897,675,222,1745,0,0,1745,675,757.53986
3204,897,675,222,1745,0,0,1745,675,757.53986
3205,897,676,221,1747,0,0,1747,676,758.1903
3206,897,677,220,1749,0,0,1749,677,759.0767
3207,897,679,218,1756,0,0,1756,679,761.08514
3208,897,679,218,1756,0,0,1756,679,761.08514
3209,897,680,217,1757,0,0,1757,680,761.7326
3210,897,680,217,1757,0,0,1757,680,761.7326
3211,897,681,216,1761,0,0,1761,681,762.37933
3212,897,681,216,1761,0,0,1761,681,762.37933
3213,897,682,215,1766,0,0,1766,682,763.0252
3214,897,683,214,1768,0,0,1768,683,763.9079
3215,897,683,214,1768,0,0,1768,683,763.9079
3216,897,683,214,1768,0,0,1768,683,763.9079
3217,898,683,215,1768,0,0,1768,683,763.9079
3218,898,683,215,1768,0,0,1768,683,763.9079
3219,898,683,215,1768,0,0,1768,683,763.9079
3220,898,683,215,1768,0,0,1768,683,763.9079
3221,898,683,215,1768,0,0,1768,683,763.9079
3222,898,683,215,1768,0,0,1768,683,763.9079
3223,898,683,215,1768,0,0,1768,683,763.9079
3224,898,683,215,1768,0,0,1768,683,763.9079
3225,898,683,215,1768,0,0,1768,683,763.9079
3226,898,683,215,1768,0,0,1768,683,763.9079
3227,898,683,215,1768,0,0,1768,683,763.9079
3228,898,683,215,1768,0,0,1768,683,763.9079
3229,898,683,215,1768,0,0,1768,683,763.9079
3230,898,683,215,1768,0,0,1768,683,763.9079
3231,898,683,215,1768,0,0,1768,683,763.9079
3232,898,683,215,1768,0,0,1768,683,763.9079
3233,898,683,215,1768,0,0,1768,683,763.9079
3234,898,683,215,1768,0,0,1768,683,763.9079
3235,898,683,215,1768,0,0,1768,683,763.9079
3236,898,683,215,1768,0,0,1768,683,763.9079
3237,898,683,215,1768,0,0,1768,683,763.9079
3238,898,683,215,1768,0,0,1768,683,763.9079
3239,898,683,215,1768,0,0,1768,683,763.9079
3240,898,683,215,1768,0,0,1768,683,763.9079
3241,898,683,215,1768,0,0,1768,683,763.9079
3242,898,683,215,1768,0,0,1768,683,763.9079
3243,898,683,215,1768,0,0,1768,683,763.9079
3244,898,683,215,1768,0,0,1768,683,763.9079
3245,898,683,215,1768,0,0,1768,683,763.9079
3246,898,683,215,1768,0,0,1768,683,763.9079
3247,898,684,214,1772,0,0,1772,684,757.2528
3248,898,685,213,1774,0,0,1774,685,758.1281
3249,898,685,213,1774,0,0,1774,685,758.1281
3250,899,686,213,1778,0,0,1778,686,758.7692
3251,899,687,212,1782,0,0,1782,687,759.6432
3252,899,687,212,1782,0,0,1782,687,759.6432
3253,899,687,212,1782,0,0,1782,687,759.6432
3254,899,687,212,1782,0,0,1782,687,759.6432
3255,899,689,210,1786,0,0,1786,689,760.9217
3256,899,690,209,1787,0,0,1787,690,761.7936
3257,899,690,209,1787,0,0,1787,690,761.7936
3258,899,692,207,1790,0,0,1790,692,763.5359
3259,899,693,206,1793,0,0,1793,693,764.40625
3260,901,693,208,1793,0,0,1793,693,764.40625
3261,902,693,209,1793,0,0,1793,693,764.40625
3262,902,693,209,1793,0,0,1793,693,764.40625
3263,902,693,209,1793,0,0,1793,693,764.40625
3264,902,693,209,1793,0,0,1793,693,764.40625
3265,902,693,209,1793,0,0,1793,693,764.40625
3266,902,693,209,1793,0,0,1793,693,764.40625
3267,902,693,209,1793,0,0,1793,693,764.40625
3268,902,693,209,1793,0,0,1793,693,764.40625
3269,902,693,209,1793,0,0,1793,693,764.40625
3270,902,693,209,1793,0,0,1793,693,764.40625
3271,902,693,209,1793,0,0,1793,693,764.40625
3272,902,693,209,1793,0,0,1793,693,764.40625
3273,902,693,209,1793,0,0,1793,693,764.40625
3274,902,693,209,1793,0,0,1793,693,764.40625
3275,902,693,209,1793,0,0,1793,693,764.40625
3276,902,693,209,1793,0,0,1793,693,764.40625
3277,902,693,209,1793,0,0,1793,693,764.40625
3278,902,693,209,1793,0,0,1793,693,764.40625
3279,902,693,209,1793,0,0,1793,693,764.40625
3280,902,693,209,1793,0,0,1793,693,764.40625
3281,902,693,209,1793,0,0,1793,693,764.40625
3282,902,693,209,1793,0,0,1793,693,764.40625
3283,902,693,209,1793,0,0,1793,693,764.40625
3284,902,693,209,1793,0,0,1793,693,764.40625
3285,902,693,209,1793,0,0,1793,693,764.40625
3286,902,693,209,1793,0,0,1793,693,764.40625
3287,902,693,209,1793,0,0,1793,693,764.40625
3288,902,693,209,1793,0,0,1793,693,764.40625
3289,902,693,209,1793,0,0,1793,693,764.40625
3290,902,693,209,1793,0,0,1793,693,764.40625
3291,902,693,209,1793,0,0,1793,693,764.40625
3292,902,693,209,1793,0,0,1793,693,764.40625
3293,902,693,209,1793,0,0,1793,693,764.40625
3294,902,693,209,1793,0,0,1793,693,764.40625
3295,902,693,209,1793,0,0,1793,693,764.40625
3296,902,693,209,1793,0,0,1793,693,764.40625
3297,902,693,209,1793,0,0,1793,693,764.40625
3298,902,693,209,1793,0,0,1793,693,764.40625
3299,902,693,209,1793,0,0,1793,693,764.40625
3300,902,693,209,1793,0,0,1793,693,764.40625
3301,902,693,209,1793,0,0,1793,693,764.40625
3302,902,693,209,1793,0,0,1793,693,764.40625
3303,902,693,209,1793,0,0,1793,693,764.40625
3304,902,693,209,1793,0,0,1793,693,764.40625
3305,902,693,209,1793,0,0,1793,693,764.40625
3306,902,693,209,1793,0,0,1793,693,764.40625
3307,902,693,209,1793,0,0,1793,693,764.40625
3308,902,693,209,1793,0,0,1793,693,764.40625
3309,903,693,210,1793,0,0,1793,693,764.40625
3310,903,693,210,1793,0,0,1793,693,764.40625
3311,903,693,210,1793,0,0,1793,693,764.40625
3312,904,693,211,1793,0,0,1793,693,764.40625
3313,904,693,211,1793,0,0,1793,693,764.40625
3314,904,693,211,1793,0,0,1793,693,764.40625
3315,904,693,211,1793,0,0,1793,693,764.40625
3316,904,693,211,1793,0,0,1793,693,764.40625
3317,904,693,211,1793,0,0,1793,693,764.40625
3318,904,693,211,1793,0,0,1793,693,764.40625
3319,904,693,211,1793,0,0,1793,693,764.40625
3320,905,693,212,1793,0,0,1793,693,764.40625
3321,905,693,212,1793,0,0,1793,693,764.40625
3322,905,693,212,1793,0,0,1793,693,764.40625
3323,905,693,212,1793,0,0,1793,693,764.40625
3324,905,693,212,1793,0,0,1793,693,764.40625
3325,905,693,212,1793,0,0,1793,693,764.40625
3326,905,694,211,1797,0,0,1797,694,750.0902
3327,905,695,210,1801,0,0,1801,695,750.9468
3328,905,696,209,1805,0,0,1805,696,751.8029
3329,905,697,208,1807,0,0,1807,697,752.6585
3330,905,698,207,1808,0,0,1808,698,753.5135
3331,905,699,206,1812,0,0,1812,699,754.36804
3332,905,700,205,1815,0,0,1815,700,755.2221
3333,905,701,204,1817,0,0,1817,701,756.0756
3334,905,702,203,1820,0,0,1820,702,756.9286
3335,905,702,203,1820,0,0,1820,702,756.9286
3336,905,703,202,1821,0,0,1821,703,757.55396
3337,905,704,201,1822,0,0,1822,704,758.40576
3338,905,704,201,1822,0,0,1822,704,758.40576
3339,905,705,200,1824,0,0,1824,705,759.02966
3340,905,706,199,1826,0,0,1826,706,759.88025
3341,905,707,198,1827,0,0,1827,707,760.73035
3342,905,707,198,1827,0,0,1827,707,760.73035
3343,905,708,197,1831,0,0,1831,708,761.35205
3344,905,709,196,1833,0,0,1833,709,762.201
3345,905,710,195,1835,0,0,1835,710,763.0493
3346,905,710,195,1835,0,0,1835,710,763.0493
3347,905,713,192,1842,0,0,1842,713,765.8201
3348,905,713,192,1842,0,0,1842,713,765.8201
3349,905,715,190,1847,0,0,1847,715,767.5127
3350,905,716,189,1851,0,0,1851,716,768.3582
3351,905,717,188,1853,0,0,1853,717,769.2032
3352,905,717,188,1853,0,0,1853,717,769.2032
3353,905,717,188,1853,0,0,1853,717,769.2032
3354,905,718,187,1857,0,0,1857,718,769.5885
3355,905,719,186,1859,0,0,1859,719,770.4322
3356,905,720,185,1862,0,0,1862,720,771.2753
3357,905,721,184,1866,0,0,1866,721,772.118
3358,905,721,184,1866,0,0,1866,721,772.118
3359,905,721,184,1866,0,0,1866,721,772.118
3360,905,722,183,1868,0,0,1868,722,772.5
3361,905,722,183,1868,0,0,1868,722,772.5
3362,905,722,183,1868,0,0,1868,722,772.5
3363,905,723,182,1870,0,0,1870,723,772.88135
3364,906,724,182,1874,0,0,1874,724,773.72174
3365,906,724,182,1874,0,0,1874,724,773.72174
3366,906,724,182,1874,0,0,1874,724,773.72174
3367,908,724,184,1874,0,0,1874,724,773.72174
3368,908,724,184,1874,0,0,1874,724,773.72174
3369,909,724,185,1874,0,0,1874,724,773.72174
3370,909,724,185,1874,0,0,1874,724,773.72174
3371,910,724,186,1874,0,0,1874,724,773.72174
3372,910,724,186,1874,0,0,1874,724,773.72174
3373,910,724,186,1874,0,0,1874,724,773.72174
3374,910,724,186,1874,0,0,1874,724,773.72174
3375,910,724,186,1874,0,0,1874,724,773.72174
3376,910,724,186,1874,0,0,1874,724,773.72174
3377,910,724,186,1874,0,0,1874,724,773.72174
3378,910,724,186,1874,0,0,1874,724,773.72174
3379,910,724,186,1874,0,0,1874,724,773.72174
3380,910,724,186,1874,0,0,1874,724,773.72174
3381,910,724,186,1874,0,0,1874,724,773.72174
3382,910,724,186,1874,0,0,1874,724,773.72174
3383,910,724,186,1874,0,0,1874,724,773.72174
3384,910,724,186,1874,0,0,1874,724,773.72174
3385,910,724,186,1874,0,0,1874,724,773.72174
3386,910,724,186,1874,0,0,1874,724,773.72174
3387,910,724,186,1874,0,0,1874,724,773.72174
3388,910,724,186,1874,0,0,1874,724,773.72174
3389,910,724,186,1874,0,0,1874,724,773.72174
3390,910,724,186,1874,0,0,1874,724,773.72174
3391,910,724,186,1874,0,0,1874,724,773.72174
3392,910,724,186,1874,0,0,1874,724,773.72174
3393,910,725,185,1875,0,0,1875,725,768.16974
3394,910,726,184,1876,0,0,1876,726,769.00415
3395,910,726,184,1876,0,0,1876,726,769.00415
3396,910,726,184,1876,0,0,1876,726,769.00415
3397,910,726,184,1876,0,0,1876,726,769.00415
3398,910,727,183,1879,0,0,1879,727,769.1583
3399,910,728,182,1881,0,0,1881,728,769.9912
3400,910,728,182,1881,0,0,1881,728,769.9912
3401,910,730,180,1887,0,0,1887,730,771.6554
3402,910,731,179,1890,0,0,1890,731,772.48676
3403,910,733,177,1895,0,0,1895,733,774.37555
3404,910,733,177,1895,0,0,1895,733,774.37555
3405,910,735,175,1900,0,0,1900,735,776.0352
3406,910,735,175,1900,0,0,1900,735,776.0352
3407,910,736,174,1902,0,0,1902,736,776.63635
3408,910,737,173,1906,0,0,1906,737,777.4648
3409,911,737,174,1906,0,0,1906,737,777.4648
3410,911,740,171,1913,0,0,1913,740,780.17596
3411,911,740,171,1913,0,0,1913,740,780.17596
3412,911,741,170,1914,0,0,1914,741,780.77374
3413,911,742,169,1915,0,0,1915,742,781.5998
3414,911,743,168,1919,0,0,1919,743,782.4253
3415,911,743,168,1919,0,0,1919,743,782.4253
3416,911,743,168,1919,0,0,1919,743,782.4253
3417,911,743,168,1919,0,0,1919,743,782.4253
3418,911,743,168,1919,0,0,1919,743,782.4253
3419,911,743,168,1919,0,0,1919,743,782.4253
3420,911,743,168,1919,0,0,1919,743,782.4253
3421,911,743,168,1919,0,0,1919,743,782.4253
3422,911,743,168,1919,0,0,1919,743,782.4253
3423,911,743,168,1919,0,0,1919,743,782.4253
3424,911,743,168,1919,0,0,1919,743,782.4253
3425,911,743,168,1919,0,0,1919,743,782.4253
3426,911,743,168,1919,0,0,1919,743,782.4253
3427,911,743,168,1919,0,0,1919,743,782.4253
3428,911,743,168,1919,0,0,1919,743,782.4253
3429,911,743,168,1919,0,0,1919,743,782.4253
3430,911,743,168,1919,0,0,1919,743,782.4253
3431,911,743,168,1919,0,0,1919,743,782.4253
3432,911,743,168,1919,0,0,1919,743,782.4253
3433,911,743,168,1919,0,0,1919,743,782.4253
3434,911,743,168,1919,0,0,1919,743,782.4253
3435,912,743,169,1919,0,0,1919,743,782.4253
3436,912,743,169,1919,0,0,1919,743,782.4253
3437,912,743,169,1919,0,0,1919,743,782.4253
3438,912,743,169,1919,0,0,1919,743,782.4253
3439,912,743,169,1919,0,0,1919,743,782.4253
3440,912,743,169,1919,0,0,1919,743,782.4253
3441,912,743,169,1919,0,0,1919,743,782.4253
3442,912,743,169,1919,0,0,1919,743,782.4253
3443,912,743,169,1919,0,0,1919,743,782.4253
3444,912,743,169,1919,0,0,1919,743,782.4253
3445,912,743,169,1919,0,0,1919,743,782.4253
3446,912,743,169,1919,0,0,1919,743,782.4253
3447,912,744,168,1921,0,0,1921,744,775.9791
3448,912,745,167,1922,0,0,1922,745,776.79816
3449,912,745,167,1922,0,0,1922,745,776.79816
3450,912,747,165,1928,0,0,1928,747,778.43475
3451,912,747,165,1928,0,0,1928,747,778.43475
3452,912,748,164,1931,0,0,1931,748,779.0266
3453,912,748,164,1931,0,0,1931,748,779.0266
3454,912,748,164,1931,0,0,1931,748,779.0266
3455,912,748,164,1931,0,0,1931,748,779.0266
3456,912,749,163,1936,0,0,1936,749,779.1666
3457,912,750,162,1939,0,0,1939,750,779.9826
3458,912,750,162,1939,0,0,1939,750,779.9826
3459,912,751,161,1940,0,0,1940,751,780.57245
3460,912,751,161,1940,0,0,1940,751,780.57245
3461,912,751,161,1940,0,0,1940,751,780.57245
3462,912,751,161,1940,0,0,1940,751,780.57245
3463,912,751,161,1940,0,0,1940,751,780.57245
3464,912,751,161,1940,0,0,1940,751,780.57245
3465,912,751,161,1940,0,0,1940,751,780.57245
3466,912,751,161,1940,0,0,1940,751,780.57245
3467,912,751,161,1940,0,0,1940,751,780.57245
3468,912,751,161,1940,0,0,1940,751,780.57245
3469,912,751,161,1940,0,0,1940,751,780.57245
3470,912,751,161,1940,0,0,1940,751,780.57245
3471,912,751,161,1940,0,0,1940,751,780.57245
3472,912,751,161,1940,0,0,1940,751,780.57245
3473,912,751,161,1940,0,0,1940,751,780.57245
3474,912,751,161,1940,0,0,1940,751,780.57245
3475,912,751,161,1940,0,0,1940,751,780.57245
3476,912,751,161,1940,0,0,1940,751,780.57245
3477,912,751,161,1940,0,0,1940,751,780.57245
3478,912,751,161,1940,0,0,1940,751,780.57245
3479,912,751,161,1940,0,0,1940,751,780.57245
3480,912,751,161,1940,0,0,1940,751,780.57245
3481,912,751,161,1940,0,0,1940,751,780.57245
3482,912,751,161,1940,0,0,1940,751,780.57245
3483,912,752,160,1945,0,0,1945,752,776.22736
3484,912,752,160,1945,0,0,1945,752,776.22736
3485,912,752,160,1945,0,0,1945,752,776.22736
3486,912,754,158,1952,0,0,1952,754,777.6248
3487,912,754,158,1952,0,0,1952,754,777.6248
3488,912,755,157,1953,0,0,1953,755,778.211
3489,912,755,157,1953,0,0,1953,755,778.211
3490,912,756,156,1956,0,0,1956,756,778.7966
3491,912,757,155,1961,0,0,1961,757,779.6047
3492,912,759,153,1966,0,0,1966,759,781.4433
3493,912,760,152,1967,0,0,1967,760,782.25024
3494,912,761,151,1970,0,0,1970,761,783.05664
3495,912,761,151,1970,0,0,1970,761,783.05664
3496,912,762,150,1971,0,0,1971,762,783.6384
3497,912,764,148,1974,0,0,1974,764,785.47327
3498,913,765,148,1976,0,0,1976,765,786.2779
3499,913,766,147,1979,0,0,1979,766,787.08203
3500,913,766,147,1979,0,0,1979,766,787.08203
3501,913,767,146,1984,0,0,1984,767,787.66064
3502,913,767,146,1984,0,0,1984,767,787.66064
3503,913,768,145,1986,0,0,1986,768,788.23865
3504,913,770,143,1990,0,0,1990,770,790.0685
3505,913,770,143,1990,0,0,1990,770,790.0685
3506,913,771,142,1992,0,0,1992,771,790.6446
3507,913,771,142,1992,0,0,1992,771,790.6446
3508,913,771,142,1992,0,0,1992,771,790.6446
3509,913,771,142,1992,0,0,1992,771,790.6446
3510,913,771,142,1992,0,0,1992,771,790.6446
3511,913,771,142,1992,0,0,1992,771,790.6446
3512,913,771,142,1992,0,0,1992,771,790.6446
3513,913,771,142,1992,0,0,1992,771,790.6446
3514,913,771,142,1992,0,0,1992,771,790.6446
3515,913,771,142,1992,0,0,1992,771,790.6446
3516,913,771,142,1992,0,0,1992,771,790.6446
3517,913,771,142,1992,0,0,1992,771,790.6446
3518,913,771,142,1992,0,0,1992,771,790.6446
3519,913,771,142,1992,0,0,1992,771,790.6446
3520,913,771,142,1992,0,0,1992,771,790.6446
3521,913,771,142,1992,0,0,1992,771,790.6446
3522,913,771,142,1992,0,0,1992,771,790.6446
3523,913,771,142,1992,0,0,1992,771,790.6446
3524,913,771,142,1992,0,0,1992,771,790.6446
3525,914,771,143,1992,0,0,1992,771,790.6446
3526,914,771,143,1992,0,0,1992,771,790.6446
3527,914,771,143,1992,0,0,1992,771,790.6446
3528,914,771,143,1992,0,0,1992,771,790.6446
3529,914,771,143,1992,0,0,1992,771,790.6446
3530,914,771,143,1992,0,0,1992,771,790.6446
3531,914,771,143,1992,0,0,1992,771,790.6446
3532,914,771,143,1992,0,0,1992,771,790.6446
3533,914,771,143,1992,0,0,1992,771,790.6446
3534,914,771,143,1992,0,0,1992,771,790.6446
3535,914,771,143,1992,0,0,1992,771,790.6446
3536,914,771,143,1992,0,0,1992,771,790.6446
3537,914,771,143,1992,0,0,1992,771,790.6446
3538,914,772,142,1995,0,0,1995,772,784.511
3539,914,773,141,2000,0,0,2000,773,785.3066
3540,914,774,140,2001,0,0,2001,774,786.1017
3541,914,775,139,2003,0,0,2003,775,786.89636
3542,914,775,139,2003,0,0,2003,775,786.89636
3543,914,775,139,2003,0,0,2003,775,786.89636
3544,914,775,139,2003,0,0,2003,775,786.89636
3545,914,775,139,2003,0,0,2003,775,786.89636
3546,914,775,139,2003,0,0,2003,775,786.89636
3547,915,776,139,2004,0,0,2004,776,786.5802
3548,915,777,138,2006,0,0,2006,777,787.37317
3549,915,777,138,2006,0,0,2006,777,787.37317
3550,915,777,138,2006,0,0,2006,777,787.37317
3551,915,777,138,2006,0,0,2006,777,787.37317
3552,916,777,139,2006,0,0,2006,777,787.37317
3553,916,777,139,2006,0,0,2006,777,787.37317
3554,916,777,139,2006,0,0,2006,777,787.37317
3555,916,777,139,2006,0,0,2006,777,787.37317
3556,916,777,139,2006,0,0,2006,777,787.37317
3557,916,777,139,2006,0,0,2006,777,787.37317
3558,916,777,139,2006,0,0,2006,777,787.37317
3559,916,777,139,2006,0,0,2006,777,787.37317
3560,916,777,139,2006,0,0,2006,777,787.37317
3561,916,777,139,2006,0,0,2006,777,787.37317
3562,916,777,139,2006,0,0,2006,777,787.37317
3563,917,777,140,2006,0,0,2006,777,787.37317
3564,917,777,140,2006,0,0,2006,777,787.37317
3565,917,777,140,2006,0,0,2006,777,787.37317
3566,917,777,140,2006,0,0,2006,777,787.37317
3567,917,777,140,2006,0,0,2006,777,787.37317
3568,917,777,140,2006,0,0,2006,777,787.37317
3569,917,777,140,2006,0,0,2006,777,787.37317
3570,917,777,140,2006,0,0,2006,777,787.37317
3571,917,777,140,2006,0,0,2006,777,787.37317
3572,917,778,139,2008,0,0,2008,778,783.0907
3573,917,778,139,2008,0,0,2008,778,783.0907
3574,917,779,138,2012,0,0,2012,779,783.6598
3575,917,779,138,2012,0,0,2012,779,783.6598
3576,917,780,137,2014,0,0,2014,780,784.2282
3577,917,781,136,2015,0,0,2015,781,785.0154
3578,917,781,136,2015,0,0,2015,781,785.0154
3579,917,782,135,2019,0,0,2019,782,785.5825
3580,917,783,134,2023,0,0,2023,783,786.3687
3581,917,783,134,2023,0,0,2023,783,786.3687
3582,917,785,132,2026,0,0,2026,785,787.9397
3583,917,786,131,2029,0,0,2029,786,788.72455
3584,917,786,131,2029,0,0,2029,786,788.72455
3585,917,788,129,2035,0,0,2035,788,790.29285
3586,917,788,129,2035,0,0,2035,788,790.29285
3587,917,790,127,2041,0,0,2041,790,791.8595
3588,917,791,126,2045,0,0,2045,791,792.6421
3589,917,791,126,2045,0,0,2045,791,792.6421
3590,917,793,124,2051,0,0,2051,793,794.2061
3591,917,793,124,2051,0,0,2051,793,794.2061
3592,917,795,122,2059,0,0,2059,795,795.7684
3593,917,796,121,2063,0,0,2063,796,796.5489
3594,917,798,119,2068,0,0,2068,798,798.33057
3595,917,798,119,2068,0,0,2068,798,798.33057
3596,917,799,118,2073,0,0,2073,799,798.88763
3597,917,799,118,2073,0,0,2073,799,798.88763
3598,917,801,116,2079,0,0,2079,801,800.4447
3599,917,802,115,2081,0,0,2081,802,801.22253
3600,917,803,114,2084,0,0,2084,803,802
3601,917,805,112,2088,0,0,2088,805,803.77673
3602,917,805,112,2088,0,0,2088,805,803.77673
3603,917,805,112,2088,0,0,2088,805,803.77673
3604,917,805,112,2088,0,0,2088,805,803.77673
3605,917,805,112,2088,0,0,2088,805,803.77673
3606,917,805,112,2088,0,0,2088,805,803.77673
3607,917,805,112,2088,0,0,2088,805,803.77673
3608,917,805,112,2088,0,0,2088,805,803.77673
3609,917,805,112,2088,0,0,2088,805,803.77673
3610,917,805,112,2088,0,0,2088,805,803.77673
3611,917,805,112,2088,0,0,2088,805,803.77673
3612,917,805,112,2088,0,0,2088,805,803.77673
3613,917,805,112,2088,0,0,2088,805,803.77673
3614,918,805,113,2088,0,0,2088,805,803.77673
3615,918,805,113,2088,0,0,2088,805,803.77673
3616,918,805,113,2088,0,0,2088,805,803.77673
3617,918,805,113,2088,0,0,2088,805,803.77673
3618,918,805,113,2088,0,0,2088,805,803.77673
3619,918,805,113,2088,0,0,2088,805,803.77673
3620,918,805,113,2088,0,0,2088,805,803.77673
3621,918,805,113,2088,0,0,2088,805,803.77673
3622,919,805,114,2088,0,0,2088,805,803.77673
3623,919,805,114,2088,0,0,2088,805,803.77673
3624,919,805,114,2088,0,0,2088,805,803.77673
3625,919,805,114,2088,0,0,2088,805,803.77673
3626,919,805,114,2088,0,0,2088,805,803.77673
3627,919,805,114,2088,0,0,2088,805,803.77673
3628,919,805,114,2088,0,0,2088,805,803.77673
3629,919,805,114,2088,0,0,2088,805,803.77673
3630,919,805,114,2088,0,0,2088,805,803.77673
3631,919,805,114,2088,0,0,2088,805,803.77673
3632,919,805,114,2088,0,0,2088,805,803.77673
3633,919,805,114,2088,0,0,2088,805,803.77673
3634,919,806,113,2091,0,0,2091,806,797.4684
3635,919,807,112,2092,0,0,2092,807,798.2394
3636,919,807,112,2092,0,0,2092,807,798.2394
3637,919,807,112,2092,0,0,2092,807,798.2394
3638,919,807,112,2092,0,0,2092,807,798.2394
3639,919,809,110,2100,0,0,2100,809,799.3405
3640,919,809,110,2100,0,0,2100,809,799.3405
3641,919,810,109,2102,0,0,2102,810,799.89014
3642,919,811,108,2103,0,0,2103,811,800.659
3643,919,811,108,2103,0,0,2103,811,800.659
3644,919,811,108,2103,0,0,2103,811,800.659
3645,919,811,108,2103,0,0,2103,811,800.659
3646,919,811,108,2103,0,0,2103,811,800.659
3647,919,811,108,2103,0,0,2103,811,800.659
3648,919,811,108,2103,0,0,2103,811,800.659
3649,919,811,108,2103,0,0,2103,811,800.659
3650,919,811,108,2103,0,0,2103,811,800.659
3651,919,811,108,2103,0,0,2103,811,800.659
3652,919,811,108,2103,0,0,2103,811,800.659
3653,919,811,108,2103,0,0,2103,811,800.659
3654,919,811,108,2103,0,0,2103,811,800.659
3655,919,811,108,2103,0,0,2103,811,800.659
3656,919,811,108,2103,0,0,2103,811,800.659
3657,919,811,108,2103,0,0,2103,811,800.659
3658,919,811,108,2103,0,0,2103,811,800.659
3659,919,811,108,2103,0,0,2103,811,800.659
3660,919,811,108,2103,0,0,2103,811,800.659
3661,919,811,108,2103,0,0,2103,811,800.659
3662,919,811,108,2103,0,0,2103,811,800.659
3663,919,811,108,2103,0,0,2103,811,800.659
3664,919,811,108,2103,0,0,2103,811,800.659
3665,919,811,108,2103,0,0,2103,811,800.659
3666,919,811,108,2103,0,0,2103,811,800.659
3667,919,811,108,2103,0,0,2103,811,800.659
3668,919,811,108,2103,0,0,2103,811,800.659
3669,919,811,108,2103,0,0,2103,811,800.659
3670,919,811,108,2103,0,0,2103,811,800.659
3671,919,811,108,2103,0,0,2103,811,800.659
3672,919,811,108,2103,0,0,2103,811,800.659
3673,919,811,108,2103,0,0,2103,811,800.659
3674,919,812,107,2105,0,0,2105,812,794.6652
3675,919,813,106,2108,0,0,2108,813,795.4285
3676,919,813,106,2108,0,0,2108,813,795.4285
3677,919,814,105,2109,0,0,2109,814,795.975
3678,919,814,105,2109,0,0,2109,814,795.975
3679,919,815,104,2112,0,0,2112,815,796.5208
3680,919,816,103,2113,0,0,2113,816,797.2826
3681,919,817,102,2114,0,0,2114,817,798.044
3682,919,819,100,2117,0,0,2117,819,799.7828
3683,919,819,100,2117,0,0,2117,819,799.7828
3684,919,820,99,2118,0,0,2118,820,800.32574
3685,919,820,99,2118,0,0,2118,820,800.32574
3686,919,821,98,2119,0,0,2119,821,800.8681
3687,919,824,95,2124,0,0,2124,824,803.58014
3688,919,825,94,2128,0,0,2128,825,804.3384
3689,919,827,92,2133,0,0,2133,827,806.0721
3690,919,827,92,2133,0,0,2133,827,806.0721
3691,919,828,91,2135,0,0,2135,828,806.61066
3692,919,829,90,2137,0,0,2137,829,807.3673
3693,919,829,90,2137,0,0,2137,829,807.3673
3694,919,829,90,2137,0,0,2137,829,807.3673
3695,919,829,90,2137,0,0,2137,829,807.3673
3696,919,829,90,2137,0,0,2137,829,807.3673
3697,919,829,90,2137,0,0,2137,829,807.3673
3698,919,829,90,2137,0,0,2137,829,807.3673
3699,919,829,90,2137,0,0,2137,829,807.3673
3700,919,829,90,2137,0,0,2137,829,807.3673
3701,919,829,90,2137,0,0,2137,829,807.3673
3702,919,829,90,2137,0,0,2137,829,807.3673
3703,919,829,90,2137,0,0,2137,829,807.3673
3704,919,829,90,2137,0,0,2137,829,807.3673
3705,919,829,90,2137,0,0,2137,829,807.3673
3706,919,829,90,2137,0,0,2137,829,807.3673
3707,919,829,90,2137,0,0,2137,829,807.3673
3708,919,829,90,2137,0,0,2137,829,807.3673
3709,919,829,90,2137,0,0,2137,829,807.3673
3710,919,829,90,2137,0,0,2137,829,807.3673
3711,919,829,90,2137,0,0,2137,829,807.3673
3712,919,829,90,2137,0,0,2137,829,807.3673
3713,919,829,90,2137,0,0,2137,829,807.3673
3714,919,829,90,2137,0,0,2137,829,807.3673
3715,919,829,90,2137,0,0,2137,829,807.3673
3716,919,829,90,2137,0,0,2137,829,807.3673
3717,919,829,90,2137,0,0,2137,829,807.3673
3718,919,829,90,2137,0,0,2137,829,807.3673
3719,919,829,90,2137,0,0,2137,829,807.3673
3720,919,829,90,2137,0,0,2137,829,807.3673
3721,919,829,90,2137,0,0,2137,829,807.3673
3722,919,829,90,2137,0,0,2137,829,807.3673
3723,919,829,90,2137,0,0,2137,829,807.3673
3724,919,829,90,2137,0,0,2137,829,807.3673
3725,919,830,89,2141,0,0,2141,830,801.1812
3726,919,831,88,2143,0,0,2143,831,801.9324
3727,919,831,88,2143,0,0,2143,831,801.9324
3728,919,831,88,2143,0,0,2143,831,801.9324
3729,919,832,87,2148,0,0,2148,832,802.2526
3730,919,833,86,2150,0,0,2150,833,803.0027
3731,919,833,86,2150,0,0,2150,833,803.0027
3732,919,835,84,2155,0,0,2155,835,804.5016
3733,919,835,84,2155,0,0,2155,835,804.5016
3734,919,836,83,2156,0,0,2156,836,805.03485
3735,919,836,83,2156,0,0,2156,836,805.03485
3736,919,836,83,2156,0,0,2156,836,805.03485
3737,920,836,84,2156,0,0,2156,836,805.03485
3738,920,836,84,2156,0,0,2156,836,805.03485
3739,920,836,84,2156,0,0,2156,836,805.03485
3740,920,836,84,2156,0,0,2156,836,805.03485
3741,920,836,84,2156,0,0,2156,836,805.03485
3742,920,836,84,2156,0,0,2156,836,805.03485
3743,920,836,84,2156,0,0,2156,836,805.03485
3744,920,836,84,2156,0,0,2156,836,805.03485
3745,920,836,84,2156,0,0,2156,836,805.03485
3746,920,836,84,2156,0,0,2156,836,805.03485
3747,920,836,84,2156,0,0,2156,836,805.03485
3748,920,836,84,2156,0,0,2156,836,805.03485
3749,920,836,84,2156,0,0,2156,836,805.03485
3750,920,836,84,2156,0,0,2156,836,805.03485
3751,920,836,84,2156,0,0,2156,836,805.03485
3752,920,836,84,2156,0,0,2156,836,805.03485
3753,920,836,84,2156,0,0,2156,836,805.03485
3754,920,836,84,2156,0,0,2156,836,805.03485
3755,920,836,84,2156,0,0,2156,836,805.03485
3756,920,836,84,2156,0,0,2156,836,805.03485
3757,920,836,84,2156,0,0,2156,836,805.03485
3758,921,836,85,2156,0,0,2156,836,805.03485
3759,921,836,85,2156,0,0,2156,836,805.03485
3760,921,836,85,2156,0,0,2156,836,805.03485
3761,921,836,85,2156,0,0,2156,836,805.03485
3762,921,836,85,2156,0,0,2156,836,805.03485
3763,921,836,85,2156,0,0,2156,836,805.03485
3764,921,836,85,2156,0,0,2156,836,805.03485
3765,921,836,85,2156,0,0,2156,836,805.03485
3766,921,836,85,2156,0,0,2156,836,805.03485
3767,921,836,85,2156,0,0,2156,836,805.03485
3768,921,836,85,2156,0,0,2156,836,805.03485
3769,921,836,85,2156,0,0,2156,836,805.03485
3770,921,836,85,2156,0,0,2156,836,805.03485
3771,921,836,85,2156,0,0,2156,836,805.03485
3772,921,836,85,2156,0,0,2156,836,805.03485
3773,921,836,85,2156,0,0,2156,836,805.03485
3774,921,836,85,2156,0,0,2156,836,805.03485
3775,921,836,85,2156,0,0,2156,836,805.03485
3776,921,836,85,2156,0,0,2156,836,805.03485
3777,921,836,85,2156,0,0,2156,836,805.03485
3778,921,836,85,2156,0,0,2156,836,805.03485
3779,921,836,85,2156,0,0,2156,836,805.03485
3780,921,836,85,2156,0,0,2156,836,805.03485
3781,921,836,85,2156,0,0,2156,836,805.03485
3782,921,836,85,2156,0,0,2156,836,805.03485
3783,921,836,85,2156,0,0,2156,836,805.03485
3784,921,836,85,2156,0,0,2156,836,805.03485
3785,921,836,85,2156,0,0,2156,836,805.03485
3786,921,836,85,2156,0,0,2156,836,805.03485
3787,921,836,85,2156,0,0,2156,836,805.03485
3788,921,836,85,2156,0,0,2156,836,805.03485
3789,921,836,85,2156,0,0,2156,836,805.03485
3790,921,836,85,2156,0,0,2156,836,805.03485
3791,921,836,85,2156,0,0,2156,836,805.03485
3792,921,836,85,2156,0,0,2156,836,805.03485
3793,921,837,84,2160,0,0,2160,837,793.4616
3794,921,837,84,2160,0,0,2160,837,793.4616
3795,921,838,83,2161,0,0,2161,838,793.99207
3796,921,839,82,2162,0,0,2162,839,794.73126
3797,921,839,82,2162,0,0,2162,839,794.73126
3798,921,839,82,2162,0,0,2162,839,794.73126
3799,921,840,81,2163,0,0,2163,840,795.05133
3800,921,840,81,2163,0,0,2163,840,795.05133
3801,921,840,81,2163,0,0,2163,840,795.05133
3802,921,841,80,2164,0,0,2164,841,795.37085
3803,921,841,80,2164,0,0,2164,841,795.37085
3804,921,842,79,2167,0,0,2167,842,795.89905
3805,921,842,79,2167,0,0,2167,842,795.89905
3806,921,842,79,2167,0,0,2167,842,795.89905
3807,921,842,79,2167,0,0,2167,842,795.89905
3808,921,842,79,2167,0,0,2167,842,795.89905
3809,921,842,79,2167,0,0,2167,842,795.89905
3810,921,842,79,2167,0,0,2167,842,795.89905
3811,922,842,80,2167,0,0,2167,842,795.89905
3812,922,842,80,2167,0,0,2167,842,795.89905
3813,922,842,80,2167,0,0,2167,842,795.89905
3814,922,842,80,2167,0,0,2167,842,795.89905
3815,922,842,80,2167,0,0,2167,842,795.89905
3816,922,842,80,2167,0,0,2167,842,795.89905
3817,922,842,80,2167,0,0,2167,842,795.89905
3818,922,842,80,2167,0,0,2167,842,795.89905
3819,922,842,80,2167,0,0,2167,842,795.89905
3820,922,842,80,2167,0,0,2167,842,795.89905
3821,922,842,80,2167,0,0,2167,842,795.89905
3822,922,842,80,2167,0,0,2167,842,795.89905
3823,922,842,80,2167,0,0,2167,842,795.89905
3824,922,842,80,2167,0,0,2167,842,795.89905
3825,922,842,80,2167,0,0,2167,842,795.89905
3826,922,842,80,2167,0,0,2167,842,795.89905
3827,922,842,80,2167,0,0,2167,842,795.89905
3828,922,842,80,2167,0,0,2167,842,795.89905
3829,922,842,80,2167,0,0,2167,842,795.89905
3830,922,842,80,2167,0,0,2167,842,795.89905
3831,922,842,80,2167,0,0,2167,842,795.89905
3832,923,842,81,2167,0,0,2167,842,795.89905
3833,923,842,81,2167,0,0,2167,842,795.89905
3834,923,842,81,2167,0,0,2167,842,795.89905
3835,923,842,81,2167,0,0,2167,842,795.89905
3836,923,842,81,2167,0,0,2167,842,795.89905
3837,923,842,81,2167,0,0,2167,842,795.89905
3838,923,843,80,2170,0,0,2170,843,789.7864
3839,923,844,79,2171,0,0,2171,844,790.5184
3840,923,844,79,2171,0,0,2171,844,790.5184
3841,923,844,79,2171,0,0,2171,844,790.5184
3842,923,846,77,2173,0,0,2173,846,791.77515
3843,923,846,77,2173,0,0,2173,846,791.77515
3844,923,847,76,2177,0,0,2177,847,792.2997
3845,923,848,75,2180,0,0,2180,848,793.0299
3846,923,849,74,2184,0,0,2184,849,793.75977
3847,923,850,73,2188,0,0,2188,850,794.4892
3848,923,853,70,2195,0,0,2195,853,797.08936
3849,923,854,69,2198,0,0,2198,854,797.8176
3850,923,855,68,2199,0,0,2199,855,798.5455
3851,923,857,66,2204,0,0,2204,857,800.2077
3852,923,858,65,2207,0,0,2207,858,800.9346
3853,923,859,64,2212,0,0,2212,859,801.6611
3854,923,859,64,2212,0,0,2212,859,801.6611
3855,923,860,63,2213,0,0,2213,860,802.17896
3856,923,861,62,2215,0,0,2215,861,802.90454
3857,923,861,62,2215,0,0,2215,861,802.90454
3858,923,863,60,2219,0,0,2219,863,804.35455
3859,923,864,59,2220,0,0,2220,864,805.07904
3860,923,864,59,2220,0,0,2220,864,805.07904
3861,923,865,58,2223,0,0,2223,865,805.5944
3862,923,865,58,2223,0,0,2223,865,805.5944
3863,923,865,58,2223,0,0,2223,865,805.5944
3864,923,865,58,2223,0,0,2223,865,805.5944
3865,923,865,58,2223,0,0,2223,865,805.5944
3866,923,865,58,2223,0,0,2223,865,805.5944
3867,923,865,58,2223,0,0,2223,865,805.5944
3868,923,865,58,2223,0,0,2223,865,805.5944
3869,923,865,58,2223,0,0,2223,865,805.5944
3870,923,865,58,2223,0,0,2223,865,805.5944
3871,923,865,58,2223,0,0,2223,865,805.5944
3872,923,865,58,2223,0,0,2223,865,805.5944
3873,923,865,58,2223,0,0,2223,865,805.5944
3874,923,865,58,2223,0,0,2223,865,805.5944
3875,923,865,58,2223,0,0,2223,865,805.5944
3876,923,865,58,2223,0,0,2223,865,805.5944
3877,923,865,58,2223,0,0,2223,865,805.5944
3878,923,865,58,2223,0,0,2223,865,805.5944
3879,923,865,58,2223,0,0,2223,865,805.5944
3880,923,865,58,2223,0,0,2223,865,805.5944
3881,923,865,58,2223,0,0,2223,865,805.5944
3882,923,865,58,2223,0,0,2223,865,805.5944
3883,923,865,58,2223,0,0,2223,865,805.5944
3884,923,865,58,2223,0,0,2223,865,805.5944
3885,923,865,58,2223,0,0,2223,865,805.5944
3886,923,865,58,2223,0,0,2223,865,805.5944
3887,923,865,58,2223,0,0,2223,865,805.5944
3888,923,865,58,2223,0,0,2223,865,805.5944
3889,923,865,58,2223,0,0,2223,865,805.5944
3890,923,865,58,2223,0,0,2223,865,805.5944
3891,923,865,58,2223,0,0,2223,865,805.5944
3892,923,865,58,2223,0,0,2223,865,805.5944
3893,923,865,58,2223,0,0,2223,865,805.5944
3894,923,866,57,2224,0,0,2224,866,799.69183
3895,924,867,57,2227,0,0,2227,867,800.41077
3896,924,868,56,2231,0,0,2231,868,801.1294
3897,924,868,56,2231,0,0,2231,868,801.1294
3898,924,869,55,2233,0,0,2233,869,801.6419
3899,924,870,54,2238,0,0,2238,870,802.3596
3900,924,870,54,2238,0,0,2238,870,802.3596
3901,924,872,52,2243,0,0,2243,872,803.7939
3902,924,873,51,2248,0,0,2248,873,804.5105
3903,924,874,50,2249,0,0,2249,874,805.22675
3904,924,875,49,2250,0,0,2250,875,805.9426
3905,924,877,47,2257,0,0,2257,877,807.58
3906,924,877,47,2257,0,0,2257,877,807.58
3907,924,880,44,2268,0,0,2268,880,809.9309
3908,924,880,44,2268,0,0,2268,880,809.9309
3909,924,880,44,2268,0,0,2268,880,809.9309
3910,924,880,44,2268,0,0,2268,880,809.9309
3911,924,880,44,2268,0,0,2268,880,809.9309
3912,924,882,42,2272,0,0,2272,882,810.7362
3913,924,882,42,2272,0,0,2272,882,810.7362
3914,924,884,40,2275,0,0,2275,884,812.16144
3915,924,885,39,2277,0,0,2277,885,812.8736
3916,924,886,38,2278,0,0,2278,886,813.58527
3917,924,886,38,2278,0,0,2278,886,813.58527
3918,924,886,38,2278,0,0,2278,886,813.58527
3919,924,886,38,2278,0,0,2278,886,813.58527
3920,924,886,38,2278,0,0,2278,886,813.58527
3921,924,886,38,2278,0,0,2278,886,813.58527
3922,925,886,39,2278,0,0,2278,886,813.58527
3923,925,886,39,2278,0,0,2278,886,813.58527
3924,925,886,39,2278,0,0,2278,886,813.58527
3925,925,886,39,2278,0,0,2278,886,813.58527
3926,925,886,39,2278,0,0,2278,886,813.58527
3927,925,886,39,2278,0,0,2278,886,813.58527
3928,925,886,39,2278,0,0,2278,886,813.58527
3929,925,886,39,2278,0,0,2278,886,813.58527
3930,925,886,39,2278,0,0,2278,886,813.58527
3931,925,886,39,2278,0,0,2278,886,813.58527
3932,925,886,39,2278,0,0,2278,886,813.58527
3933,925,886,39,2278,0,0,2278,886,813.58527
3934,925,886,39,2278,0,0,2278,886,813.58527
3935,925,886,39,2278,0,0,2278,886,813.58527
3936,925,886,39,2278,0,0,2278,886,813.58527
3937,925,886,39,2278,0,0,2278,886,813.58527
3938,925,886,39,2278,0,0,2278,886,813.58527
3939,925,886,39,2278,0,0,2278,886,813.58527
3940,925,886,39,2278,0,0,2278,886,813.58527
3941,925,886,39,2278,0,0,2278,886,813.58527
3942,925,886,39,2278,0,0,2278,886,813.58527
3943,925,886,39,2278,0,0,2278,886,813.58527
3944,925,886,39,2278,0,0,2278,886,813.58527
3945,925,886,39,2278,0,0,2278,886,813.58527
3946,926,887,39,2283,0,0,2283,887,808.31226
3947,926,888,38,2287,0,0,2287,888,809.01953
3948,926,889,37,2288,0,0,2288,889,809.72644
3949,926,889,37,2288,0,0,2288,889,809.72644
3950,926,890,36,2289,0,0,2289,890,810.22784
3951,926,891,35,2290,0,0,2290,891,810.9339
3952,926,891,35,2290,0,0,2290,891,810.9339
3953,926,891,35,2290,0,0,2290,891,810.9339
3954,926,891,35,2290,0,0,2290,891,810.9339
3955,926,892,34,2292,0,0,2292,892,811.02405
3956,926,894,32,2298,0,0,2298,894,812.639
3957,926,895,31,2303,0,0,2303,895,813.34344
3958,926,896,30,2305,0,0,2305,896,814.0475
3959,926,898,28,2307,0,0,2307,898,815.6605
3960,926,898,28,2307,0,0,2307,898,815.6605
3961,926,898,28,2307,0,0,2307,898,815.6605
3962,926,898,28,2307,0,0,2307,898,815.6605
3963,926,898,28,2307,0,0,2307,898,815.6605
3964,926,898,28,2307,0,0,2307,898,815.6605
3965,926,898,28,2307,0,0,2307,898,815.6605
3966,926,898,28,2307,0,0,2307,898,815.6605
3967,926,898,28,2307,0,0,2307,898,815.6605
3968,927,898,29,2307,0,0,2307,898,815.6605
3969,927,898,29,2307,0,0,2307,898,815.6605
3970,927,898,29,2307,0,0,2307,898,815.6605
3971,927,898,29,2307,0,0,2307,898,815.6605
3972,927,898,29,2307,0,0,2307,898,815.6605
3973,927,898,29,2307,0,0,2307,898,815.6605
3974,927,898,29,2307,0,0,2307,898,815.6605
3975,927,898,29,2307,0,0,2307,898,815.6605
3976,927,898,29,2307,0,0,2307,898,815.6605
3977,927,898,29,2307,0,0,2307,898,815.6605
3978,927,898,29,2307,0,0,2307,898,815.6605
3979,927,898,29,2307,0,0,2307,898,815.6605
3980,927,898,29,2307,0,0,2307,898,815.6605
3981,927,898,29,2307,0,0,2307,898,815.6605
3982,927,898,29,2307,0,0,2307,898,815.6605
3983,927,898,29,2307,0,0,2307,898,815.6605
3984,927,898,29,2307,0,0,2307,898,815.6605
3985,927,898,29,2307,0,0,2307,898,815.6605
3986,927,898,29,2307,0,0,2307,898,815.6605
3987,927,898,29,2307,0,0,2307,898,815.6605
3988,927,898,29,2307,0,0,2307,898,815.6605
3989,927,898,29,2307,0,0,2307,898,815.6605
3990,927,899,28,2308,0,0,2308,899,810.2255
3991,927,899,28,2308,0,0,2308,899,810.2255
3992,927,899,28,2308,0,0,2308,899,810.2255
3993,927,899,28,2308,0,0,2308,899,810.2255
3994,927,899,28,2308,0,0,2308,899,810.2255
3995,927,899,28,2308,0,0,2308,899,810.2255
3996,927,899,28,2308,0,0,2308,899,810.2255
3997,927,899,28,2308,0,0,2308,899,810.2255
3998,927,899,28,2308,0,0,2308,899,810.2255
3999,927,899,28,2308,0,0,2308,899,810.2255
4000,927,899,28,2308,0,0,2308,899,810.2255
4001,927,899,28,2308,0,0,2308,899,810.2255
4002,927,899,28,2308,0,0,2308,899,810.2255
4003,927,899,28,2308,0,0,2308,899,810.2255
4004,927,899,28,2308,0,0,2308,899,810.2255
4005,927,899,28,2308,0,0,2308,899,810.2255
4006,927,899,28,2308,0,0,2308,899,810.2255
4007,927,899,28,2308,0,0,2308,899,810.2255
4008,927,899,28,2308,0,0,2308,899,810.2255
4009,927,899,28,2308,0,0,2308,899,810.2255
4010,927,899,28,2308,0,0,2308,899,810.2255
4011,927,899,28,2308,0,0,2308,899,810.2255
4012,927,899,28,2308,0,0,2308,899,810.2255
4013,927,899,28,2308,0,0,2308,899,810.2255
4014,927,899,28,2308,0,0,2308,899,810.2255
4015,927,899,28,2308,0,0,2308,899,810.2255
4016,927,899,28,2308,0,0,2308,899,810.2255
4017,927,899,28,2308,0,0,2308,899,810.2255
4018,927,899,28,2308,0,0,2308,899,810.2255
4019,927,899,28,2308,0,0,2308,899,810.2255
4020,927,899,28,2308,0,0,2308,899,810.2255
4021,927,899,28,2308,0,0,2308,899,810.2255
4022,927,899,28,2308,0,0,2308,899,810.2255
4023,927,899,28,2308,0,0,2308,899,810.2255
4024,927,900,27,2311,0,0,2311,900,804.27435
4025,928,900,28,2311,0,0,2311,900,804.27435
4026,928,900,28,2311,0,0,2311,900,804.27435
4027,928,900,28,2311,0,0,2311,900,804.27435
4028,928,901,27,2313,0,0,2313,901,804.36945
4029,928,901,27,2313,0,0,2313,901,804.36945
4030,928,901,27,2313,0,0,2313,901,804.36945
4031,928,902,26,2317,0,0,2317,902,804.6638
4032,928,903,25,2320,0,0,2320,903,805.3571
4033,928,903,25,2320,0,0,2320,903,805.3571
4034,928,903,25,2320,0,0,2320,903,805.3571
4035,928,903,25,2320,0,0,2320,903,805.3571
4036,928,903,25,2320,0,0,2320,903,805.3571
4037,928,903,25,2320,0,0,2320,903,805.3571
4038,928,903,25,2320,0,0,2320,903,805.3571
4039,928,903,25,2320,0,0,2320,903,805.3571
4040,928,903,25,2320,0,0,2320,903,805.3571
4041,928,903,25,2320,0,0,2320,903,805.3571
4042,928,903,25,2320,0,0,2320,903,805.3571
4043,928,903,25,2320,0,0,2320,903,805.3571
4044,928,903,25,2320,0,0,2320,903,805.3571
4045,928,903,25,2320,0,0,2320,903,805.3571
4046,929,903,26,2320,0,0,2320,903,805.3571
4047,929,903,26,2320,0,0,2320,903,805.3571
4048,929,903,26,2320,0,0,2320,903,805.3571
4049,929,903,26,2320,0,0,2320,903,805.3571
4050,929,903,26,2320,0,0,2320,903,805.3571
4051,929,903,26,2320,0,0,2320,903,805.3571
4052,929,903,26,2320,0,0,2320,903,805.3571
4053,929,903,26,2320,0,0,2320,903,805.3571
4054,929,903,26,2320,0,0,2320,903,805.3571
4055,929,903,26,2320,0,0,2320,903,805.3571
4056,929,903,26,2320,0,0,2320,903,805.3571
4057,929,903,26,2320,0,0,2320,903,805.3571
4058,929,904,25,2324,0,0,2324,904,801.0843
4059,929,904,25,2324,0,0,2324,904,801.0843
4060,929,904,25,2324,0,0,2324,904,801.0843
4061,929,905,24,2325,0,0,2325,905,801.37897
4062,929,905,24,2325,0,0,2325,905,801.37897
4063,929,905,24,2325,0,0,2325,905,801.37897
4064,929,905,24,2325,0,0,2325,905,801.37897
4065,929,905,24,2325,0,0,2325,905,801.37897
4066,929,905,24,2325,0,0,2325,905,801.37897
4067,929,905,24,2325,0,0,2325,905,801.37897
4068,929,905,24,2325,0,0,2325,905,801.37897
4069,929,905,24,2325,0,0,2325,905,801.37897
4070,929,905,24,2325,0,0,2325,905,801.37897
4071,929,905,24,2325,0,0,2325,905,801.37897
4072,929,905,24,2325,0,0,2325,905,801.37897
4073,929,905,24,2325,0,0,2325,905,801.37897
4074,929,905,24,2325,0,0,2325,905,801.37897
4075,929,905,24,2325,0,0,2325,905,801.37897
4076,929,905,24,2325,0,0,2325,905,801.37897
4077,929,905,24,2325,0,0,2325,905,801.37897
4078,929,905,24,2325,0,0,2325,905,801.37897
4079,929,905,24,2325,0,0,2325,905,801.37897
4080,929,905,24,2325,0,0,2325,905,801.37897
4081,929,905,24,2325,0,0,2325,905,801.37897
4082,929,905,24,2325,0,0,2325,905,801.37897
4083,929,905,24,2325,0,0,2325,905,801.37897
4084,929,905,24,2325,0,0,2325,905,801.37897
4085,929,905,24,2325,0,0,2325,905,801.37897
4086,929,905,24,2325,0,0,2325,905,801.37897
4087,929,905,24,2325,0,0,2325,905,801.37897
4088,929,905,24,2325,0,0,2325,905,801.37897
4089,929,905,24,2325,0,0,2325,905,801.37897
4090,929,905,24,2325,0,0,2325,905,801.37897
4091,929,905,24,2325,0,0,2325,905,801.37897
4092,929,905,24,2325,0,0,2325,905,801.37897
4093,929,905,24,2325,0,0,2325,905,801.37897
4094,929,905,24,2325,0,0,2325,905,801.37897
4095,929,905,24,2325,0,0,2325,905,801.37897
4096,929,905,24,2325,0,0,2325,905,801.37897
4097,929,905,24,2325,0,0,2325,905,801.37897
4098,929,905,24,2325,0,0,2325,905,801.37897
4099,929,905,24,2325,0,0,2325,905,801.37897
4100,929,905,24,2325,0,0,2325,905,801.37897
4101,929,905,24,2325,0,0,2325,905,801.37897
4102,929,905,24,2325,0,0,2325,905,801.37897
4103,929,905,24,2325,0,0,2325,905,801.37897
4104,929,905,24,2325,0,0,2325,905,801.37897
4105,929,905,24,2325,0,0,2325,905,801.37897
4106,929,905,24,2325,0,0,2325,905,801.37897
4107,929,905,24,2325,0,0,2325,905,801.37897
4108,929,905,24,2325,0,0,2325,905,801.37897
4109,929,905,24,2325,0,0,2325,905,801.37897
4110,929,905,24,2325,0,0,2325,905,801.37897
4111,929,905,24,2325,0,0,2325,905,801.37897
4112,929,905,24,2325,0,0,2325,905,801.37897
4113,929,906,23,2328,0,0,2328,906,792.1225
4114,929,906,23,2328,0,0,2328,906,792.1225
4115,929,906,23,2328,0,0,2328,906,792.1225
4116,929,906,23,2328,0,0,2328,906,792.1225
4117,929,906,23,2328,0,0,2328,906,792.1225
4118,929,906,23,2328,0,0,2328,906,792.1225
4119,929,906,23,2328,0,0,2328,906,792.1225
4120,929,906,23,2328,0,0,2328,906,792.1225
4121,929,906,23,2328,0,0,2328,906,792.1225
4122,929,906,23,2328,0,0,2328,906,792.1225
4123,929,906,23,2328,0,0,2328,906,792.1225
4124,929,906,23,2328,0,0,2328,906,792.1225
4125,929,906,23,2328,0,0,2328,906,792.1225
4126,929,906,23,2328,0,0,2328,906,792.1225
4127,929,906,23,2328,0,0,2328,906,792.1225
4128,929,906,23,2328,0,0,2328,906,792.1225
4129,929,906,23,2328,0,0,2328,906,792.1225
4130,929,906,23,2328,0,0,2328,906,792.1225
4131,929,906,23,2328,0,0,2328,906,792.1225
4132,929,906,23,2328,0,0,2328,906,792.1225
4133,929,906,23,2328,0,0,2328,906,792.1225
4134,929,906,23,2328,0,0,2328,906,792.1225
4135,929,906,23,2328,0,0,2328,906,792.1225
4136,929,906,23,2328,0,0,2328,906,792.1225
4137,929,906,23,2328,0,0,2328,906,792.1225
4138,929,906,23,2328,0,0,2328,906,792.1225
4139,929,906,23,2328,0,0,2328,906,792.1225
4140,929,906,23,2328,0,0,2328,906,792.1225
4141,929,906,23,2328,0,0,2328,906,792.1225
4142,929,906,23,2328,0,0,2328,906,792.1225
4143,929,906,23,2328,0,0,2328,906,792.1225
4144,930,906,24,2328,0,0,2328,906,792.1225
4145,930,906,24,2328,0,0,2328,906,792.1225
4146,930,906,24,2328,0,0,2328,906,792.1225
4147,931,906,25,2328,0,0,2328,906,792.1225
4148,931,906,25,2328,0,0,2328,906,792.1225
4149,931,906,25,2328,0,0,2328,906,792.1225
4150,931,906,25,2328,0,0,2328,906,792.1225
4151,931,906,25,2328,0,0,2328,906,792.1225
4152,931,906,25,2328,0,0,2328,906,792.1225
4153,931,906,25,2328,0,0,2328,906,792.1225
4154,931,906,25,2328,0,0,2328,906,792.1225
4155,931,906,25,2328,0,0,2328,906,792.1225
4156,931,906,25,2328,0,0,2328,906,792.1225
4157,931,906,25,2328,0,0,2328,906,792.1225
4158,931,906,25,2328,0,0,2328,906,792.1225
4159,931,906,25,2328,0,0,2328,906,792.1225
4160,931,906,25,2328,0,0,2328,906,792.1225
4161,931,906,25,2328,0,0,2328,906,792.1225
4162,931,906,25,2328,0,0,2328,906,792.1225
4163,931,906,25,2328,0,0,2328,906,792.1225
4164,931,906,25,2328,0,0,2328,906,792.1225
4165,931,906,25,2328,0,0,2328,906,792.1225
4166,931,906,25,2328,0,0,2328,906,792.1225
4167,931,906,25,2328,0,0,2328,906,792.1225
4168,931,906,25,2328,0,0,2328,906,792.1225
4169,931,906,25,2328,0,0,2328,906,792.1225
4170,931,906,25,2328,0,0,2328,906,792.1225
4171,931,906,25,2328,0,0,2328,906,792.1225
4172,931,907,24,2331,0,0,2331,907,781.7833
4173,931,907,24,2331,0,0,2331,907,781.7833
4174,931,907,24,2331,0,0,2331,907,781.7833
4175,931,907,24,2331,0,0,2331,907,781.7833
4176,931,907,24,2331,0,0,2331,907,781.7833
4177,931,907,24,2331,0,0,2331,907,781.7833
4178,931,907,24,2331,0,0,2331,907,781.7833
4179,931,907,24,2331,0,0,2331,907,781.7833
4180,931,907,24,2331,0,0,2331,907,781.7833
4181,931,907,24,2331,0,0,2331,907,781.7833
4182,931,907,24,2331,0,0,2331,907,781.7833
4183,931,907,24,2331,0,0,2331,907,781.7833
4184,931,907,24,2331,0,0,2331,907,781.7833
4185,931,907,24,2331,0,0,2331,907,781.7833
4186,931,907,24,2331,0,0,2331,907,781.7833
4187,931,907,24,2331,0,0,2331,907,781.7833
4188,931,907,24,2331,0,0,2331,907,781.7833
4189,931,907,24,2331,0,0,2331,907,781.7833
4190,931,907,24,2331,0,0,2331,907,781.7833
4191,932,907,25,2331,0,0,2331,907,781.7833
4192,932,907,25,2331,0,0,2331,907,781.7833
4193,932,907,25,2331,0,0,2331,907,781.7833
4194,932,907,25,2331,0,0,2331,907,781.7833
4195,932,907,25,2331,0,0,2331,907,781.7833
4196,932,907,25,2331,0,0,2331,907,781.7833
4197,932,907,25,2331,0,0,2331,907,781.7833
4198,932,907,25,2331,0,0,2331,907,781.7833
4199,932,907,25,2331,0,0,2331,907,781.7833
4200,932,907,25,2331,0,0,2331,907,781.7833
4201,932,907,25,2331,0,0,2331,907,781.7833
4202,932,907,25,2331,0,0,2331,907,781.7833
4203,932,907,25,2331,0,0,2331,907,781.7833
4204,932,907,25,2331,0,0,2331,907,781.7833
4205,932,908,24,2336,0,0,2336,908,776.50415
4206,932,909,23,2339,0,0,2339,909,777.1755
4207,932,909,23,2339,0,0,2339,909,777.1755
4208,932,909,23,2339,0,0,2339,909,777.1755
4209,932,909,23,2339,0,0,2339,909,777.1755
4210,932,909,23,2339,0,0,2339,909,777.1755
4211,932,909,23,2339,0,0,2339,909,777.1755
4212,932,909,23,2339,0,0,2339,909,777.1755
4213,932,909,23,2339,0,0,2339,909,777.1755
4214,932,909,23,2339,0,0,2339,909,777.1755
4215,932,909,23,2339,0,0,2339,909,777.1755
4216,932,909,23,2339,0,0,2339,909,777.1755
4217,932,909,23,2339,0,0,2339,909,777.1755
4218,932,909,23,2339,0,0,2339,909,777.1755
4219,932,909,23,2339,0,0,2339,909,777.1755
4220,932,909,23,2339,0,0,2339,909,777.1755
4221,932,909,23,2339,0,0,2339,909,777.1755
4222,932,909,23,2339,0,0,2339,909,777.1755
4223,932,909,23,2339,0,0,2339,909,777.1755
4224,932,909,23,2339,0,0,2339,909,777.1755
4225,932,909,23,2339,0,0,2339,909,777.1755
4226,932,909,23,2339,0,0,2339,909,777.1755
4227,932,909,23,2339,0,0,2339,909,777.1755
4228,932,909,23,2339,0,0,2339,909,777.1755
4229,932,909,23,2339,0,0,2339,909,777.1755
4230,932,909,23,2339,0,0,2339,909,777.1755
4231,932,909,23,2339,0,0,2339,909,777.1755
4232,932,909,23,2339,0,0,2339,909,777.1755
4233,932,909,23,2339,0,0,2339,909,777.1755
4234,932,909,23,2339,0,0,2339,909,777.1755
4235,932,909,23,2339,0,0,2339,909,777.1755
4236,932,909,23,2339,0,0,2339,909,777.1755
4237,932,909,23,2339,0,0,2339,909,777.1755
4238,932,909,23,2339,0,0,2339,909,777.1755
4239,932,909,23,2339,0,0,2339,909,777.1755
4240,932,909,23,2339,0,0,2339,909,777.1755
4241,932,909,23,2339,0,0,2339,909,777.1755
4242,932,909,23,2339,0,0,2339,909,777.1755
4243,932,909,23,2339,0,0,2339,909,777.1755
4244,932,909,23,2339,0,0,2339,909,777.1755
4245,932,909,23,2339,0,0,2339,909,777.1755
4246,932,909,23,2339,0,0,2339,909,777.1755
4247,932,909,23,2339,0,0,2339,909,777.1755
4248,932,909,23,2339,0,0,2339,909,777.1755
4249,932,909,23,2339,0,0,2339,909,777.1755
4250,932,909,23,2339,0,0,2339,909,777.1755
4251,932,909,23,2339,0,0,2339,909,777.1755
4252,932,909,23,2339,0,0,2339,909,777.1755
4253,932,909,23,2339,0,0,2339,909,777.1755
4254,932,909,23,2339,0,0,2339,909,777.1755
4255,932,909,23,2339,0,0,2339,909,777.1755
4256,932,909,23,2339,0,0,2339,909,777.1755
4257,932,909,23,2339,0,0,2339,909,777.1755
4258,932,909,23,2339,0,0,2339,909,777.1755
4259,932,909,23,2339,0,0,2339,909,777.1755
4260,932,909,23,2339,0,0,2339,909,777.1755
4261,932,909,23,2339,0,0,2339,909,777.1755
4262,933,909,24,2339,0,0,2339,909,777.1755
4263,933,909,24,2339,0,0,2339,909,777.1755
4264,933,909,24,2339,0,0,2339,909,777.1755
4265,933,909,24,2339,0,0,2339,909,777.1755
4266,933,909,24,2339,0,0,2339,909,777.1755
4267,933,909,24,2339,0,0,2339,909,777.1755
4268,933,909,24,2339,0,0,2339,909,777.1755
4269,933,909,24,2339,0,0,2339,909,777.1755
4270,933,909,24,2339,0,0,2339,909,777.1755
4271,933,909,24,2339,0,0,2339,909,777.1755
4272,933,909,24,2339,0,0,2339,909,777.1755
4273,933,909,24,2339,0,0,2339,909,777.1755
4274,933,909,24,2339,0,0,2339,909,777.1755
4275,933,909,24,2339,0,0,2339,909,777.1755
4276,933,909,24,2339,0,0,2339,909,777.1755
4277,933,909,24,2339,0,0,2339,909,777.1755
4278,933,909,24,2339,0,0,2339,909,777.1755
4279,933,909,24,2339,0,0,2339,909,777.1755
4280,933,909,24,2339,0,0,2339,909,777.1755
4281,933,909,24,2339,0,0,2339,909,777.1755
4282,933,909,24,2339,0,0,2339,909,777.1755
4283,933,909,24,2339,0,0,2339,909,777.1755
4284,933,909,24,2339,0,0,2339,909,777.1755
4285,933,909,24,2339,0,0,2339,909,777.1755
4286,933,909,24,2339,0,0,2339,909,777.1755
4287,933,909,24,2339,0,0,2339,909,777.1755
4288,933,909,24,2339,0,0,2339,909,777.1755
4289,933,909,24,2339,0,0,2339,909,777.1755
4290,933,909,24,2339,0,0,2339,909,777.1755
4291,933,909,24,2339,0,0,2339,909,777.1755
4292,933,909,24,2339,0,0,2339,909,777.1755
4293,933,909,24,2339,0,0,2339,909,777.1755
4294,933,909,24,2339,0,0,2339,909,777.1755
4295,933,909,24,2339,0,0,2339,909,777.1755
4296,933,909,24,2339,0,0,2339,909,777.1755
4297,933,909,24,2339,0,0,2339,909,777.1755
4298,933,909,24,2339,0,0,2339,909,777.1755
4299,933,909,24,2339,0,0,2339,909,777.1755
4300,934,909,25,2339,0,0,2339,909,777.1755
4301,934,909,25,2339,0,0,2339,909,777.1755
4302,934,909,25,2339,0,0,2339,909,777.1755
4303,934,909,25,2339,0,0,2339,909,777.1755
4304,934,909,25,2339,0,0,2339,909,777.1755
4305,934,909,25,2339,0,0,2339,909,777.1755
4306,934,909,25,2339,0,0,2339,909,777.1755
4307,934,909,25,2339,0,0,2339,909,777.1755
4308,934,909,25,2339,0,0,2339,909,777.1755
4309,934,909,25,2339,0,0,2339,909,777.1755
4310,934,909,25,2339,0,0,2339,909,777.1755
4311,934,909,25,2339,0,0,2339,909,777.1755
4312,934,909,25,2339,0,0,2339,909,777.1755
4313,934,909,25,2339,0,0,2339,909,777.1755
4314,934,910,24,2341,0,0,2341,910,758.5535
4315,934,910,24,2341,0,0,2341,910,758.5535
4316,934,910,24,2341,0,0,2341,910,758.5535
4317,934,911,23,2342,0,0,2342,911,758.86035
4318,934,911,23,2342,0,0,2342,911,758.86035
4319,934,911,23,2342,0,0,2342,911,758.86035
4320,934,911,23,2342,0,0,2342,911,758.86035
4321,934,911,23,2342,0,0,2342,911,758.86035
4322,934,911,23,2342,0,0,2342,911,758.86035
4323,934,911,23,2342,0,0,2342,911,758.86035
4324,934,911,23,2342,0,0,2342,911,758.86035
4325,934,911,23,2342,0,0,2342,911,758.86035
4326,934,911,23,2342,0,0,2342,911,758.86035
4327,934,911,23,2342,0,0,2342,911,758.86035
4328,934,911,23,2342,0,0,2342,911,758.86035
4329,934,911,23,2342,0,0,2342,911,758.86035
4330,934,911,23,2342,0,0,2342,911,758.86035
4331,934,911,23,2342,0,0,2342,911,758.86035
4332,934,911,23,2342,0,0,2342,911,758.86035
4333,934,911,23,2342,0,0,2342,911,758.86035
4334,934,911,23,2342,0,0,2342,911,758.86035
4335,934,911,23,2342,0,0,2342,911,758.86035
4336,934,911,23,2342,0,0,2342,911,758.86035
4337,934,911,23,2342,0,0,2342,911,758.86035
4338,934,911,23,2342,0,0,2342,911,758.86035
4339,934,911,23,2342,0,0,2342,911,758.86035
4340,934,911,23,2342,0,0,2342,911,758.86035
4341,934,911,23,2342,0,0,2342,911,758.86035
4342,934,911,23,2342,0,0,2342,911,758.86035
4343,934,911,23,2342,0,0,2342,911,758.86035
4344,934,911,23,2342,0,0,2342,911,758.86035
4345,934,911,23,2342,0,0,2342,911,758.86035
4346,934,911,23,2342,0,0,2342,911,758.86035
4347,934,911,23,2342,0,0,2342,911,758.86035
4348,934,911,23,2342,0,0,2342,911,758.86035
4349,934,911,23,2342,0,0,2342,911,758.86035
4350,934,911,23,2342,0,0,2342,911,758.86035
4351,934,911,23,2342,0,0,2342,911,758.86035
4352,934,911,23,2342,0,0,2342,911,758.86035
4353,934,911,23,2342,0,0,2342,911,758.86035
4354,934,911,23,2342,0,0,2342,911,758.86035
4355,934,911,23,2342,0,0,2342,911,758.86035
4356,934,911,23,2342,0,0,2342,911,758.86035
4357,934,911,23,2342,0,0,2342,911,758.86035
4358,934,911,23,2342,0,0,2342,911,758.86035
4359,934,911,23,2342,0,0,2342,911,758.86035
4360,934,911,23,2342,0,0,2342,911,758.86035
4361,934,911,23,2342,0,0,2342,911,758.86035
4362,934,911,23,2342,0,0,2342,911,758.86035
4363,934,911,23,2342,0,0,2342,911,758.86035
4364,934,911,23,2342,0,0,2342,911,758.86035
4365,934,911,23,2342,0,0,2342,911,758.86035
4366,934,911,23,2342,0,0,2342,911,758.86035
4367,934,911,23,2342,0,0,2342,911,758.86035
4368,934,911,23,2342,0,0,2342,911,758.86035
4369,934,911,23,2342,0,0,2342,911,758.86035
4370,934,911,23,2342,0,0,2342,911,758.86035
4371,934,911,23,2342,0,0,2342,911,758.86035
4372,934,911,23,2342,0,0,2342,911,758.86035
4373,934,911,23,2342,0,0,2342,911,758.86035
4374,934,911,23,2342,0,0,2342,911,758.86035
4375,934,911,23,2342,0,0,2342,911,758.86035
4376,934,911,23,2342,0,0,2342,911,758.86035
4377,934,911,23,2342,0,0,2342,911,758.86035
4378,934,911,23,2342,0,0,2342,911,758.86035
4379,934,911,23,2342,0,0,2342,911,758.86035
4380,934,911,23,2342,0,0,2342,911,758.86035
4381,934,911,23,2342,0,0,2342,911,758.86035
4382,934,911,23,2342,0,0,2342,911,758.86035
4383,934,911,23,2342,0,0,2342,911,758.86035
4384,934,911,23,2342,0,0,2342,911,758.86035
4385,934,911,23,2342,0,0,2342,911,758.86035
4386,934,911,23,2342,0,0,2342,911,758.86035
4387,934,911,23,2342,0,0,2342,911,758.86035
4388,934,911,23,2342,0,0,2342,911,758.86035
4389,934,911,23,2342,0,0,2342,911,758.86035
4390,934,911,23,2342,0,0,2342,911,758.86035
4391,935,911,24,2342,0,0,2342,911,758.86035
4392,935,911,24,2342,0,0,2342,911,758.86035
4393,935,911,24,2342,0,0,2342,911,758.86035
4394,935,911,24,2342,0,0,2342,911,758.86035
4395,935,911,24,2342,0,0,2342,911,758.86035
4396,935,911,24,2342,0,0,2342,911,758.86035
4397,935,911,24,2342,0,0,2342,911,758.86035
4398,935,911,24,2342,0,0,2342,911,758.86035
4399,935,911,24,2342,0,0,2342,911,758.86035
4400,935,911,24,2342,0,0,2342,911,758.86035
4401,935,911,24,2342,0,0,2342,911,758.86035
4402,935,911,24,2342,0,0,2342,911,758.86035
4403,935,911,24,2342,0,0,2342,911,758.86035
4404,935,911,24,2342,0,0,2342,911,758.86035
4405,936,911,25,2342,0,0,2342,911,758.86035
4406,936,911,25,2342,0,0,2342,911,758.86035
4407,937,911,26,2342,0,0,2342,911,758.86035
4408,937,911,26,2342,0,0,2342,911,758.86035
4409,937,911,26,2342,0,0,2342,911,758.86035
4410,937,911,26,2342,0,0,2342,911,758.86035
4411,937,911,26,2342,0,0,2342,911,758.86035
4412,937,911,26,2342,0,0,2342,911,758.86035
4413,937,911,26,2342,0,0,2342,911,758.86035
4414,937,911,26,2342,0,0,2342,911,758.86035
4415,937,911,26,2342,0,0,2342,911,758.86035
4416,937,911,26,2342,0,0,2342,911,758.86035
4417,937,911,26,2342,0,0,2342,911,758.86035
4418,938,911,27,2342,0,0,2342,911,758.86035
4419,938,911,27,2342,0,0,2342,911,758.86035
4420,938,912,26,2343,0,0,2343,912,741.99097
4421,938,912,26,2343,0,0,2343,912,741.99097
4422,938,912,26,2343,0,0,2343,912,741.99097
4423,938,913,25,2347,0,0,2347,913,742.30164
4424,938,913,25,2347,0,0,2347,913,742.30164
4425,938,913,25,2347,0,0,2347,913,742.30164
4426,938,914,24,2350,0,0,2350,914,742.6118
4427,938,915,23,2355,0,0,2355,915,743.25726
4428,938,915,23,2355,0,0,2355,915,743.25726
4429,938,915,23,2355,0,0,2355,915,743.25726
4430,938,915,23,2355,0,0,2355,915,743.25726
4431,938,915,23,2355,0,0,2355,915,743.25726
4432,938,915,23,2355,0,0,2355,915,743.25726
4433,938,915,23,2355,0,0,2355,915,743.25726
4434,938,915,23,2355,0,0,2355,915,743.25726
4435,938,915,23,2355,0,0,2355,915,743.25726
4436,938,915,23,2355,0,0,2355,915,743.25726
4437,938,915,23,2355,0,0,2355,915,743.25726
4438,938,915,23,2355,0,0,2355,915,743.25726
4439,938,915,23,2355,0,0,2355,915,743.25726
4440,938,915,23,2355,0,0,2355,915,743.25726
4441,938,915,23,2355,0,0,2355,915,743.25726
4442,938,915,23,2355,0,0,2355,915,743.25726
4443,938,915,23,2355,0,0,2355,915,743.25726
4444,938,915,23,2355,0,0,2355,915,743.25726
4445,938,915,23,2355,0,0,2355,915,743.25726
4446,938,915,23,2355,0,0,2355,915,743.25726
4447,938,915,23,2355,0,0,2355,915,743.25726
4448,938,915,23,2355,0,0,2355,915,743.25726
4449,938,915,23,2355,0,0,2355,915,743.25726
4450,938,915,23,2355,0,0,2355,915,743.25726
4451,938,915,23,2355,0,0,2355,915,743.25726
4452,938,915,23,2355,0,0,2355,915,743.25726
4453,938,915,23,2355,0,0,2355,915,743.25726
4454,938,915,23,2355,0,0,2355,915,743.25726
4455,938,915,23,2355,0,0,2355,915,743.25726
4456,938,915,23,2355,0,0,2355,915,743.25726
4457,938,915,23,2355,0,0,2355,915,743.25726
4458,938,915,23,2355,0,0,2355,915,743.25726
4459,938,915,23,2355,0,0,2355,915,743.25726
4460,938,915,23,2355,0,0,2355,915,743.25726
4461,938,915,23,2355,0,0,2355,915,743.25726
4462,938,915,23,2355,0,0,2355,915,743.25726
4463,938,915,23,2355,0,0,2355,915,743.25726
4464,939,915,24,2355,0,0,2355,915,743.25726
4465,939,915,24,2355,0,0,2355,915,743.25726
4466,939,915,24,2355,0,0,2355,915,743.25726
4467,939,915,24,2355,0,0,2355,915,743.25726
4468,939,915,24,2355,0,0,2355,915,743.25726
4469,939,915,24,2355,0,0,2355,915,743.25726
4470,939,915,24,2355,0,0,2355,915,743.25726
4471,939,915,24,2355,0,0,2355,915,743.25726
4472,939,915,24,2355,0,0,2355,915,743.25726
4473,939,915,24,2355,0,0,2355,915,743.25726
4474,939,915,24,2355,0,0,2355,915,743.25726
4475,939,915,24,2355,0,0,2355,915,743.25726
4476,939,915,24,2355,0,0,2355,915,743.25726
4477,939,915,24,2355,0,0,2355,915,743.25726
4478,939,915,24,2355,0,0,2355,915,743.25726
4479,939,915,24,2355,0,0,2355,915,743.25726
4480,939,915,24,2355,0,0,2355,915,743.25726
4481,939,915,24,2355,0,0,2355,915,743.25726
4482,939,915,24,2355,0,0,2355,915,743.25726
4483,939,915,24,2355,0,0,2355,915,743.25726
4484,939,915,24,2355,0,0,2355,915,743.25726
4485,939,915,24,2355,0,0,2355,915,743.25726
4486,939,915,24,2355,0,0,2355,915,743.25726
4487,939,915,24,2355,0,0,2355,915,743.25726
4488,939,915,24,2355,0,0,2355,915,743.25726
4489,939,915,24,2355,0,0,2355,915,743.25726
4490,939,915,24,2355,0,0,2355,915,743.25726
4491,939,915,24,2355,0,0,2355,915,743.25726
4492,939,915,24,2355,0,0,2355,915,743.25726
4493,939,916,23,2358,0,0,2358,916,733.14044
4494,939,916,23,2358,0,0,2358,916,733.14044
4495,939,916,23,2358,0,0,2358,916,733.14044
4496,939,916,23,2358,0,0,2358,916,733.14044
4497,939,916,23,2358,0,0,2358,916,733.14044
4498,939,916,23,2358,0,0,2358,916,733.14044
4499,939,916,23,2358,0,0,2358,916,733.14044
4500,939,916,23,2358,0,0,2358,916,733.14044
4501,939,917,22,2361,0,0,2361,917,732.6372
4502,939,917,22,2361,0,0,2361,917,732.6372
4503,939,918,21,2362,0,0,2362,918,733.11127
4504,939,918,21,2362,0,0,2362,918,733.11127
4505,939,918,21,2362,0,0,2362,918,733.11127
4506,939,918,21,2362,0,0,2362,918,733.11127
4507,939,918,21,2362,0,0,2362,918,733.11127
4508,939,918,21,2362,0,0,2362,918,733.11127
4509,939,918,21,2362,0,0,2362,918,733.11127
4510,939,918,21,2362,0,0,2362,918,733.11127
4511,939,918,21,2362,0,0,2362,918,733.11127
4512,939,918,21,2362,0,0,2362,918,733.11127
4513,939,918,21,2362,0,0,2362,918,733.11127
4514,939,918,21,2362,0,0,2362,918,733.11127
4515,939,918,21,2362,0,0,2362,918,733.11127
4516,939,918,21,2362,0,0,2362,918,733.11127
4517,939,918,21,2362,0,0,2362,918,733.11127
4518,939,918,21,2362,0,0,2362,918,733.11127
4519,939,918,21,2362,0,0,2362,918,733.11127
4520,939,918,21,2362,0,0,2362,918,733.11127
4521,939,918,21,2362,0,0,2362,918,733.11127
4522,939,918,21,2362,0,0,2362,918,733.11127
4523,939,918,21,2362,0,0,2362,918,733.11127
4524,939,918,21,2362,0,0,2362,918,733.11127
4525,939,918,21,2362,0,0,2362,918,733.11127
4526,939,918,21,2362,0,0,2362,918,733.11127
4527,939,918,21,2362,0,0,2362,918,733.11127
4528,939,918,21,2362,0,0,2362,918,733.11127
4529,940,918,22,2362,0,0,2362,918,733.11127
4530,940,918,22,2362,0,0,2362,918,733.11127
4531,940,919,21,2363,0,0,2363,919,729.3754
4532,940,919,21,2363,0,0,2363,919,729.3754
4533,940,919,21,2363,0,0,2363,919,729.3754
4534,940,919,21,2363,0,0,2363,919,729.3754
4535,940,919,21,2363,0,0,2363,919,729.3754
4536,940,920,20,2367,0,0,2367,920,729.3651
4537,940,920,20,2367,0,0,2367,920,729.3651
4538,940,920,20,2367,0,0,2367,920,729.3651
4539,940,920,20,2367,0,0,2367,920,729.3651
4540,940,920,20,2367,0,0,2367,920,729.3651
4541,940,920,20,2367,0,0,2367,920,729.3651
4542,940,920,20,2367,0,0,2367,920,729.3651
4543,940,920,20,2367,0,0,2367,920,729.3651
4544,940,920,20,2367,0,0,2367,920,729.3651
4545,940,920,20,2367,0,0,2367,920,729.3651
4546,941,920,21,2367,0,0,2367,920,729.3651
4547,941,920,21,2367,0,0,2367,920,729.3651
4548,941,920,21,2367,0,0,2367,920,729.3651
4549,941,920,21,2367,0,0,2367,920,729.3651
4550,941,920,21,2367,0,0,2367,920,729.3651
4551,941,920,21,2367,0,0,2367,920,729.3651
4552,941,920,21,2367,0,0,2367,920,729.3651
4553,941,920,21,2367,0,0,2367,920,729.3651
4554,941,920,21,2367,0,0,2367,920,729.3651
4555,941,920,21,2367,0,0,2367,920,729.3651
4556,941,920,21,2367,0,0,2367,920,729.3651
4557,941,920,21,2367,0,0,2367,920,729.3651
4558,941,920,21,2367,0,0,2367,920,729.3651
4559,941,920,21,2367,0,0,2367,920,729.3651
4560,941,920,21,2367,0,0,2367,920,729.3651
4561,941,920,21,2367,0,0,2367,920,729.3651
4562,941,920,21,2367,0,0,2367,920,729.3651
4563,941,920,21,2367,0,0,2367,920,729.3651
4564,941,921,20,2371,0,0,2371,921,725.6792
4565,941,921,20,2371,0,0,2371,921,725.6792
4566,941,921,20,2371,0,0,2371,921,725.6792
4567,942,921,21,2371,0,0,2371,921,725.6792
4568,942,922,20,2372,0,0,2372,922,725.8319
4569,942,923,19,2373,0,0,2373,923,726.46094
4570,942,924,18,2378,0,0,2378,924,727.0897
4571,942,924,18,2378,0,0,2378,924,727.0897
4572,942,924,18,2378,0,0,2378,924,727.0897
4573,943,924,19,2378,0,0,2378,924,727.0897
4574,943,924,19,2378,0,0,2378,924,727.0897
4575,943,924,19,2378,0,0,2378,924,727.0897
4576,943,924,19,2378,0,0,2378,924,727.0897
4577,943,924,19,2378,0,0,2378,924,727.0897
4578,943,924,19,2378,0,0,2378,924,727.0897
4579,943,924,19,2378,0,0,2378,924,727.0897
4580,943,924,19,2378,0,0,2378,924,727.0897
4581,943,924,19,2378,0,0,2378,924,727.0897
4582,944,924,20,2378,0,0,2378,924,727.0897
4583,944,924,20,2378,0,0,2378,924,727.0897
4584,944,924,20,2378,0,0,2378,924,727.0897
4585,944,924,20,2378,0,0,2378,924,727.0897
4586,944,924,20,2378,0,0,2378,924,727.0897
4587,944,924,20,2378,0,0,2378,924,727.0897
4588,944,924,20,2378,0,0,2378,924,727.0897
4589,944,924,20,2378,0,0,2378,924,727.0897
4590,944,924,20,2378,0,0,2378,924,727.0897
4591,944,924,20,2378,0,0,2378,924,727.0897
4592,944,924,20,2378,0,0,2378,924,727.0897
4593,944,924,20,2378,0,0,2378,924,727.0897
4594,945,924,21,2378,0,0,2378,924,727.0897
4595,945,924,21,2378,0,0,2378,924,727.0897
4596,945,924,21,2378,0,0,2378,924,727.0897
4597,945,924,21,2378,0,0,2378,924,727.0897
4598,945,924,21,2378,0,0,2378,924,727.0897
4599,945,924,21,2378,0,0,2378,924,727.0897
4600,945,924,21,2378,0,0,2378,924,727.0897
4601,945,924,21,2378,0,0,2378,924,727.0897
4602,945,924,21,2378,0,0,2378,924,727.0897
4603,945,924,21,2378,0,0,2378,924,727.0897
4604,945,924,21,2378,0,0,2378,924,727.0897
4605,946,925,21,2379,0,0,2379,925,722.3453
4606,946,925,21,2379,0,0,2379,925,722.3453
4607,946,925,21,2379,0,0,2379,925,722.3453
4608,946,925,21,2379,0,0,2379,925,722.3453
4609,946,925,21,2379,0,0,2379,925,722.3453
4610,946,925,21,2379,0,0,2379,925,722.3453
4611,946,925,21,2379,0,0,2379,925,722.3453
4612,946,925,21,2379,0,0,2379,925,722.3453
4613,946,925,21,2379,0,0,2379,925,722.3453
4614,946,925,21,2379,0,0,2379,925,722.3453
4615,946,925,21,2379,0,0,2379,925,722.3453
4616,946,925,21,2379,0,0,2379,925,722.3453
4617,946,925,21,2379,0,0,2379,925,722.3453
4618,946,925,21,2379,0,0,2379,925,722.3453
4619,946,925,21,2379,0,0,2379,925,722.3453
4620,946,925,21,2379,0,0,2379,925,722.3453
4621,946,925,21,2379,0,0,2379,925,722.3453
4622,946,925,21,2379,0,0,2379,925,722.3453
4623,946,925,21,2379,0,0,2379,925,722.3453
4624,946,925,21,2379,0,0,2379,925,722.3453
4625,946,925,21,2379,0,0,2379,925,722.3453
4626,946,925,21,2379,0,0,2379,925,722.3453
4627,946,925,21,2379,0,0,2379,925,722.3453
4628,946,925,21,2379,0,0,2379,925,722.3453
4629,946,925,21,2379,0,0,2379,925,722.3453
4630,946,925,21,2379,0,0,2379,925,722.3453
4631,946,925,21,2379,0,0,2379,925,722.3453
4632,946,925,21,2379,0,0,2379,925,722.3453
4633,946,925,21,2379,0,0,2379,925,722.3453
4634,946,925,21,2379,0,0,2379,925,722.3453
4635,946,925,21,2379,0,0,2379,925,722.3453
4636,946,925,21,2379,0,0,2379,925,722.3453
4637,946,925,21,2379,0,0,2379,925,722.3453
4638,947,925,22,2379,0,0,2379,925,722.3453
4639,947,925,22,2379,0,0,2379,925,722.3453
4640,947,925,22,2379,0,0,2379,925,722.3453
4641,947,925,22,2379,0,0,2379,925,722.3453
4642,947,925,22,2379,0,0,2379,925,722.3453
4643,947,925,22,2379,0,0,2379,925,722.3453
4644,947,925,22,2379,0,0,2379,925,722.3453
4645,947,925,22,2379,0,0,2379,925,722.3453
4646,947,925,22,2379,0,0,2379,925,722.3453
4647,947,925,22,2379,0,0,2379,925,722.3453
4648,947,925,22,2379,0,0,2379,925,722.3453
4649,947,925,22,2379,0,0,2379,925,722.3453
4650,947,925,22,2379,0,0,2379,925,722.3453
4651,947,925,22,2379,0,0,2379,925,722.3453
4652,947,925,22,2379,0,0,2379,925,722.3453
4653,947,925,22,2379,0,0,2379,925,722.3453
4654,947,925,22,2379,0,0,2379,925,722.3453
4655,947,925,22,2379,0,0,2379,925,722.3453
4656,947,925,22,2379,0,0,2379,925,722.3453
4657,947,925,22,2379,0,0,2379,925,722.3453
4658,947,925,22,2379,0,0,2379,925,722.3453
4659,947,925,22,2379,0,0,2379,925,722.3453
4660,947,925,22,2379,0,0,2379,925,722.3453
4661,947,925,22,2379,0,0,2379,925,722.3453
4662,947,925,22,2379,0,0,2379,925,722.3453
4663,947,925,22,2379,0,0,2379,925,722.3453
4664,947,925,22,2379,0,0,2379,925,722.3453
4665,947,925,22,2379,0,0,2379,925,722.3453
4666,947,925,22,2379,0,0,2379,925,722.3453
4667,947,925,22,2379,0,0,2379,925,722.3453
4668,947,925,22,2379,0,0,2379,925,722.3453
4669,947,925,22,2379,0,0,2379,925,722.3453
4670,947,925,22,2379,0,0,2379,925,722.3453
4671,947,925,22,2379,0,0,2379,925,722.3453
4672,947,925,22,2379,0,0,2379,925,722.3453
4673,947,925,22,2379,0,0,2379,925,722.3453
4674,947,925,22,2379,0,0,2379,925,722.3453
4675,947,925,22,2379,0,0,2379,925,722.3453
4676,947,925,22,2379,0,0,2379,925,722.3453
4677,947,925,22,2379,0,0,2379,925,722.3453
4678,947,926,21,2380,0,0,2380,926,711.84265
4679,947,926,21,2380,0,0,2380,926,711.84265
4680,947,926,21,2380,0,0,2380,926,711.84265
4681,947,926,21,2380,0,0,2380,926,711.84265
4682,947,926,21,2380,0,0,2380,926,711.84265
4683,947,926,21,2380,0,0,2380,926,711.84265
4684,947,926,21,2380,0,0,2380,926,711.84265
4685,947,926,21,2380,0,0,2380,926,711.84265
4686,947,926,21,2380,0,0,2380,926,711.84265
4687,947,926,21,2380,0,0,2380,926,711.84265
4688,947,926,21,2380,0,0,2380,926,711.84265
4689,947,926,21,2380,0,0,2380,926,711.84265
4690,947,926,21,2380,0,0,2380,926,711.84265
4691,947,926,21,2380,0,0,2380,926,711.84265
4692,947,926,21,2380,0,0,2380,926,711.84265
4693,947,926,21,2380,0,0,2380,926,711.84265
4694,947,926,21,2380,0,0,2380,926,711.84265
4695,947,926,21,2380,0,0,2380,926,711.84265
4696,947,926,21,2380,0,0,2380,926,711.84265
4697,947,926,21,2380,0,0,2380,926,711.84265
4698,947,926,21,2380,0,0,2380,926,711.84265
4699,947,926,21,2380,0,0,2380,926,711.84265
4700,947,926,21,2380,0,0,2380,926,711.84265
4701,947,926,21,2380,0,0,2380,926,711.84265
4702,947,926,21,2380,0,0,2380,926,711.84265
4703,947,926,21,2380,0,0,2380,926,711.84265
4704,947,926,21,2380,0,0,2380,926,711.84265
4705,947,926,21,2380,0,0,2380,926,711.84265
4706,947,926,21,2380,0,0,2380,926,711.84265
4707,947,926,21,2380,0,0,2380,926,711.84265
4708,947,926,21,2380,0,0,2380,926,711.84265
4709,947,926,21,2380,0,0,2380,926,711.84265
4710,947,926,21,2380,0,0,2380,926,711.84265
4711,947,926,21,2380,0,0,2380,926,711.84265
4712,947,926,21,2380,0,0,2380,926,711.84265
4713,947,926,21,2380,0,0,2380,926,711.84265
4714,947,926,21,2380,0,0,2380,926,711.84265
4715,947,926,21,2380,0,0,2380,926,711.84265
4716,947,926,21,2380,0,0,2380,926,711.84265
4717,947,926,21,2380,0,0,2380,926,711.84265
4718,947,926,21,2380,0,0,2380,926,711.84265
4719,947,926,21,2380,0,0,2380,926,711.84265
4720,947,926,21,2380,0,0,2380,926,711.84265
4721,947,926,21,2380,0,0,2380,926,711.84265
4722,947,926,21,2380,0,0,2380,926,711.84265
4723,947,926,21,2380,0,0,2380,926,711.84265
4724,947,926,21,2380,0,0,2380,926,711.84265
4725,947,926,21,2380,0,0,2380,926,711.84265
4726,947,926,21,2380,0,0,2380,926,711.84265
4727,947,926,21,2380,0,0,2380,926,711.84265
4728,947,926,21,2380,0,0,2380,926,711.84265
4729,947,926,21,2380,0,0,2380,926,711.84265
4730,947,926,21,2380,0,0,2380,926,711.84265
4731,947,926,21,2380,0,0,2380,926,711.84265
4732,947,926,21,2380,0,0,2380,926,711.84265
4733,947,926,21,2380,0,0,2380,926,711.84265
4734,947,926,21,2380,0,0,2380,926,711.84265
4735,947,926,21,2380,0,0,2380,926,711.84265
4736,947,926,21,2380,0,0,2380,926,711.84265
4737,947,926,21,2380,0,0,2380,926,711.84265
4738,947,926,21,2380,0,0,2380,926,711.84265
4739,947,926,21,2380,0,0,2380,926,711.84265
4740,947,926,21,2380,0,0,2380,926,711.84265
4741,948,926,22,2380,0,0,2380,926,711.84265
4742,948,926,22,2380,0,0,2380,926,711.84265
4743,948,926,22,2380,0,0,2380,926,711.84265
4744,948,926,22,2380,0,0,2380,926,711.84265
4745,948,926,22,2380,0,0,2380,926,711.84265
4746,948,926,22,2380,0,0,2380,926,711.84265
4747,948,926,22,2380,0,0,2380,926,711.84265
4748,948,926,22,2380,0,0,2380,926,711.84265
4749,948,926,22,2380,0,0,2380,926,711.84265
4750,948,926,22,2380,0,0,2380,926,711.84265
4751,948,926,22,2380,0,0,2380,926,711.84265
4752,948,926,22,2380,0,0,2380,926,711.84265
4753,949,926,23,2380,0,0,2380,926,711.84265
4754,949,926,23,2380,0,0,2380,926,711.84265
4755,949,926,23,2380,0,0,2380,926,711.84265
4756,949,926,23,2380,0,0,2380,926,711.84265
4757,949,926,23,2380,0,0,2380,926,711.84265
4758,949,926,23,2380,0,0,2380,926,711.84265
4759,949,926,23,2380,0,0,2380,926,711.84265
4760,949,926,23,2380,0,0,2380,926,711.84265
4761,949,926,23,2380,0,0,2380,926,711.84265
4762,949,926,23,2380,0,0,2380,926,711.84265
4763,949,926,23,2380,0,0,2380,926,711.84265
4764,949,926,23,2380,0,0,2380,926,711.84265
4765,949,926,23,2380,0,0,2380,926,711.84265
4766,949,926,23,2380,0,0,2380,926,711.84265
4767,949,926,23,2380,0,0,2380,926,711.84265
4768,949,926,23,2380,0,0,2380,926,711.84265
4769,949,926,23,2380,0,0,2380,926,711.84265
4770,949,926,23,2380,0,0,2380,926,711.84265
4771,949,926,23,2380,0,0,2380,926,711.84265
4772,949,926,23,2380,0,0,2380,926,711.84265
4773,949,926,23,2380,0,0,2380,926,711.84265
4774,949,926,23,2380,0,0,2380,926,711.84265
4775,949,926,23,2380,0,0,2380,926,711.84265
4776,949,926,23,2380,0,0,2380,926,711.84265
4777,949,926,23,2380,0,0,2380,926,711.84265
4778,949,926,23,2380,0,0,2380,926,711.84265
4779,949,926,23,2380,0,0,2380,926,711.84265
4780,949,926,23,2380,0,0,2380,926,711.84265
4781,949,926,23,2380,0,0,2380,926,711.84265
4782,949,926,23,2380,0,0,2380,926,711.84265
4783,949,927,22,2381,0,0,2381,927,696.96844
4784,949,927,22,2381,0,0,2381,927,696.96844
4785,949,928,21,2383,0,0,2383,928,697.4295
4786,949,928,21,2383,0,0,2383,928,697.4295
4787,949,928,21,2383,0,0,2383,928,697.4295
4788,949,928,21,2383,0,0,2383,928,697.4295
4789,949,928,21,2383,0,0,2383,928,697.4295
4790,949,928,21,2383,0,0,2383,928,697.4295
4791,949,928,21,2383,0,0,2383,928,697.4295
4792,949,928,21,2383,0,0,2383,928,697.4295
4793,949,928,21,2383,0,0,2383,928,697.4295
4794,949,928,21,2383,0,0,2383,928,697.4295
4795,949,928,21,2383,0,0,2383,928,697.4295
4796,949,928,21,2383,0,0,2383,928,697.4295
4797,949,928,21,2383,0,0,2383,928,697.4295
4798,949,928,21,2383,0,0,2383,928,697.4295
4799,949,928,21,2383,0,0,2383,928,697.4295
4800,949,928,21,2383,0,0,2383,928,697.4295
4801,949,928,21,2383,0,0,2383,928,697.4295
4802,949,928,21,2383,0,0,2383,928,697.4295
4803,949,928,21,2383,0,0,2383,928,697.4295
4804,949,928,21,2383,0,0,2383,928,697.4295
4805,949,928,21,2383,0,0,2383,928,697.4295
4806,950,928,22,2383,0,0,2383,928,697.4295
4807,950,928,22,2383,0,0,2383,928,697.4295
4808,951,928,23,2383,0,0,2383,928,697.4295
4809,951,928,23,2383,0,0,2383,928,697.4295
4810,951,928,23,2383,0,0,2383,928,697.4295
4811,951,928,23,2383,0,0,2383,928,697.4295
4812,951,928,23,2383,0,0,2383,928,697.4295
4813,951,928,23,2383,0,0,2383,928,697.4295
4814,951,928,23,2383,0,0,2383,928,697.4295
4815,951,928,23,2383,0,0,2383,928,697.4295
4816,951,928,23,2383,0,0,2383,928,697.4295
4817,951,928,23,2383,0,0,2383,928,697.4295
4818,951,928,23,2383,0,0,2383,928,697.4295
4819,951,929,22,2385,0,0,2385,929,693.25586
4820,951,929,22,2385,0,0,2385,929,693.25586
4821,951,929,22,2385,0,0,2385,929,693.25586
4822,951,929,22,2385,0,0,2385,929,693.25586
4823,951,929,22,2385,0,0,2385,929,693.25586
4824,951,929,22,2385,0,0,2385,929,693.25586
4825,951,929,22,2385,0,0,2385,929,693.25586
4826,951,929,22,2385,0,0,2385,929,693.25586
4827,951,929,22,2385,0,0,2385,929,693.25586
4828,951,929,22,2385,0,0,2385,929,693.25586
4829,951,929,22,2385,0,0,2385,929,693.25586
4830,951,929,22,2385,0,0,2385,929,693.25586
4831,951,929,22,2385,0,0,2385,929,693.25586
4832,951,929,22,2385,0,0,2385,929,693.25586
4833,951,929,22,2385,0,0,2385,929,693.25586
4834,951,929,22,2385,0,0,2385,929,693.25586
4835,951,929,22,2385,0,0,2385,929,693.25586
4836,951,929,22,2385,0,0,2385,929,693.25586
4837,951,929,22,2385,0,0,2385,929,693.25586
4838,951,929,22,2385,0,0,2385,929,693.25586
4839,951,929,22,2385,0,0,2385,929,693.25586
4840,951,929,22,2385,0,0,2385,929,693.25586
4841,951,929,22,2385,0,0,2385,929,693.25586
4842,951,929,22,2385,0,0,2385,929,693.25586
4843,951,929,22,2385,0,0,2385,929,693.25586
4844,951,929,22,2385,0,0,2385,929,693.25586
4845,951,929,22,2385,0,0,2385,929,693.25586
4846,951,929,22,2385,0,0,2385,929,693.25586
4847,951,929,22,2385,0,0,2385,929,693.25586
4848,951,929,22,2385,0,0,2385,929,693.25586
4849,951,929,22,2385,0,0,2385,929,693.25586
4850,951,929,22,2385,0,0,2385,929,693.25586
4851,951,929,22,2385,0,0,2385,929,693.25586
4852,951,929,22,2385,0,0,2385,929,693.25586
4853,952,929,23,2385,0,0,2385,929,693.25586
4854,952,929,23,2385,0,0,2385,929,693.25586
4855,952,929,23,2385,0,0,2385,929,693.25586
4856,953,929,24,2385,0,0,2385,929,693.25586
4857,953,929,24,2385,0,0,2385,929,693.25586
4858,953,929,24,2385,0,0,2385,929,693.25586
4859,953,929,24,2385,0,0,2385,929,693.25586
4860,953,929,24,2385,0,0,2385,929,693.25586
4861,953,929,24,2385,0,0,2385,929,693.25586
4862,953,929,24,2385,0,0,2385,929,693.25586
4863,953,929,24,2385,0,0,2385,929,693.25586
4864,953,929,24,2385,0,0,2385,929,693.25586
4865,953,929,24,2385,0,0,2385,929,693.25586
4866,953,929,24,2385,0,0,2385,929,693.25586
4867,953,929,24,2385,0,0,2385,929,693.25586
4868,953,929,24,2385,0,0,2385,929,693.25586
4869,953,929,24,2385,0,0,2385,929,693.25586
4870,953,929,24,2385,0,0,2385,929,693.25586
4871,953,929,24,2385,0,0,2385,929,693.25586
4872,953,929,24,2385,0,0,2385,929,693.25586
4873,953,929,24,2385,0,0,2385,929,693.25586
4874,953,929,24,2385,0,0,2385,929,693.25586
4875,953,929,24,2385,0,0,2385,929,693.25586
4876,953,929,24,2385,0,0,2385,929,693.25586
4877,953,929,24,2385,0,0,2385,929,693.25586
4878,953,929,24,2385,0,0,2385,929,693.25586
4879,953,929,24,2385,0,0,2385,929,693.25586
4880,953,929,24,2385,0,0,2385,929,693.25586
4881,953,929,24,2385,0,0,2385,929,693.25586
4882,953,929,24,2385,0,0,2385,929,693.25586
4883,953,929,24,2385,0,0,2385,929,693.25586
4884,953,929,24,2385,0,0,2385,929,693.25586
4885,953,929,24,2385,0,0,2385,929,693.25586
4886,953,929,24,2385,0,0,2385,929,693.25586
4887,953,929,24,2385,0,0,2385,929,693.25586
4888,953,929,24,2385,0,0,2385,929,693.25586
4889,953,929,24,2385,0,0,2385,929,693.25586
4890,953,929,24,2385,0,0,2385,929,693.25586
4891,953,929,24,2385,0,0,2385,929,693.25586
4892,953,930,23,2388,0,0,2388,930,683.6467
4893,953,930,23,2388,0,0,2388,930,683.6467
4894,953,930,23,2388,0,0,2388,930,683.6467
4895,953,930,23,2388,0,0,2388,930,683.6467
4896,953,930,23,2388,0,0,2388,930,683.6467
4897,953,930,23,2388,0,0,2388,930,683.6467
4898,953,930,23,2388,0,0,2388,930,683.6467
4899,953,930,23,2388,0,0,2388,930,683.6467
4900,953,930,23,2388,0,0,2388,930,683.6467
4901,953,930,23,2388,0,0,2388,930,683.6467
4902,953,930,23,2388,0,0,2388,930,683.6467
4903,953,930,23,2388,0,0,2388,930,683.6467
4904,953,930,23,2388,0,0,2388,930,683.6467
4905,953,930,23,2388,0,0,2388,930,683.6467
4906,953,930,23,2388,0,0,2388,930,683.6467
4907,953,930,23,2388,0,0,2388,930,683.6467
4908,953,930,23,2388,0,0,2388,930,683.6467
4909,953,930,23,2388,0,0,2388,930,683.6467
4910,953,930,23,2388,0,0,2388,930,683.6467
4911,953,930,23,2388,0,0,2388,930,683.6467
4912,953,930,23,2388,0,0,2388,930,683.6467
4913,953,930,23,2388,0,0,2388,930,683.6467
4914,953,930,23,2388,0,0,2388,930,683.6467
4915,953,930,23,2388,0,0,2388,930,683.6467
4916,953,930,23,2388,0,0,2388,930,683.6467
4917,953,930,23,2388,0,0,2388,930,683.6467
4918,953,930,23,2388,0,0,2388,930,683.6467
4919,953,930,23,2388,0,0,2388,930,683.6467
4920,953,930,23,2388,0,0,2388,930,683.6467
4921,953,930,23,2388,0,0,2388,930,683.6467
4922,953,930,23,2388,0,0,2388,930,683.6467
4923,954,930,24,2388,0,0,2388,930,683.6467
4924,954,930,24,2388,0,0,2388,930,683.6467
4925,954,930,24,2388,0,0,2388,930,683.6467
4926,954,930,24,2388,0,0,2388,930,683.6467
4927,954,930,24,2388,0,0,2388,930,683.6467
4928,954,930,24,2388,0,0,2388,930,683.6467
4929,954,930,24,2388,0,0,2388,930,683.6467
4930,954,930,24,2388,0,0,2388,930,683.6467
4931,954,930,24,2388,0,0,2388,930,683.6467
4932,954,930,24,2388,0,0,2388,930,683.6467
4933,954,930,24,2388,0,0,2388,930,683.6467
4934,955,930,25,2388,0,0,2388,930,683.6467
4935,955,930,25,2388,0,0,2388,930,683.6467
4936,955,930,25,2388,0,0,2388,930,683.6467
4937,955,930,25,2388,0,0,2388,930,683.6467
4938,955,930,25,2388,0,0,2388,930,683.6467
4939,955,930,25,2388,0,0,2388,930,683.6467
4940,955,930,25,2388,0,0,2388,930,683.6467
4941,955,930,25,2388,0,0,2388,930,683.6467
4942,955,930,25,2388,0,0,2388,930,683.6467
4943,955,930,25,2388,0,0,2388,930,683.6467
4944,955,930,25,2388,0,0,2388,930,683.6467
4945,955,930,25,2388,0,0,2388,930,683.6467
4946,955,930,25,2388,0,0,2388,930,683.6467
4947,955,930,25,2388,0,0,2388,930,683.6467
4948,955,930,25,2388,0,0,2388,930,683.6467
4949,955,930,25,2388,0,0,2388,930,683.6467
4950,955,930,25,2388,0,0,2388,930,683.6467
4951,955,930,25,2388,0,0,2388,930,683.6467
4952,955,930,25,2388,0,0,2388,930,683.6467
4953,955,930,25,2388,0,0,2388,930,683.6467
4954,955,930,25,2388,0,0,2388,930,683.6467
4955,955,930,25,2388,0,0,2388,930,683.6467
4956,955,930,25,2388,0,0,2388,930,683.6467
4957,955,930,25,2388,0,0,2388,930,683.6467
4958,955,930,25,2388,0,0,2388,930,683.6467
4959,955,930,25,2388,0,0,2388,930,683.6467
4960,955,930,25,2388,0,0,2388,930,683.6467
4961,955,930,25,2388,0,0,2388,930,683.6467
4962,955,930,25,2388,0,0,2388,930,683.6467
4963,955,930,25,2388,0,0,2388,930,683.6467
4964,955,930,25,2388,0,0,2388,930,683.6467
4965,955,930,25,2388,0,0,2388,930,683.6467
4966,955,930,25,2388,0,0,2388,930,683.6467
4967,955,930,25,2388,0,0,2388,930,683.6467
4968,955,930,25,2388,0,0,2388,930,683.6467
4969,955,930,25,2388,0,0,2388,930,683.6467
4970,955,930,25,2388,0,0,2388,930,683.6467
4971,955,930,25,2388,0,0,2388,930,683.6467
4972,955,930,25,2388,0,0,2388,930,683.6467
4973,955,930,25,2388,0,0,2388,930,683.6467
4974,955,930,25,2388,0,0,2388,930,683.6467
4975,955,930,25,2388,0,0,2388,930,683.6467
4976,955,930,25,2388,0,0,2388,930,683.6467
4977,955,930,25,2388,0,0,2388,930,683.6467
4978,955,930,25,2388,0,0,2388,930,683.6467
4979,955,930,25,2388,0,0,2388,930,683.6467
4980,955,930,25,2388,0,0,2388,930,683.6467
4981,955,930,25,2388,0,0,2388,930,683.6467
4982,955,930,25,2388,0,0,2388,930,683.6467
4983,955,930,25,2388,0,0,2388,930,683.6467
4984,955,930,25,2388,0,0,2388,930,683.6467
4985,955,930,25,2388,0,0,2388,930,683.6467
4986,955,930,25,2388,0,0,2388,930,683.6467
4987,955,930,25,2388,0,0,2388,930,683.6467
4988,955,930,25,2388,0,0,2388,930,683.6467
4989,955,930,25,2388,0,0,2388,930,683.6467
4990,955,930,25,2388,0,0,2388,930,683.6467
4991,955,930,25,2388,0,0,2388,930,683.6467
4992,955,930,25,2388,0,0,2388,930,683.6467
4993,955,930,25,2388,0,0,2388,930,683.6467
4994,955,930,25,2388,0,0,2388,930,683.6467
4995,955,930,25,2388,0,0,2388,930,683.6467
4996,955,930,25,2388,0,0,2388,930,683.6467
4997,955,930,25,2388,0,0,2388,930,683.6467
4998,955,930,25,2388,0,0,2388,930,683.6467
4999,955,930,25,2388,0,0,2388,930,683.6467
5000,955,930,25,2388,0,0,2388,930,683.6467
5001,955,930,25,2388,0,0,2388,930,683.6467
5002,955,930,25,2388,0,0,2388,930,683.6467
5003,955,930,25,2388,0,0,2388,930,683.6467
5004,955,930,25,2388,0,0,2388,930,683.6467
5005,955,930,25,2388,0,0,2388,930,683.6467
5006,955,930,25,2388,0,0,2388,930,683.6467
5007,955,930,25,2388,0,0,2388,930,683.6467
5008,955,930,25,2388,0,0,2388,930,683.6467
5009,955,930,25,2388,0,0,2388,930,683.6467
5010,955,930,25,2388,0,0,2388,930,683.6467
5011,955,930,25,2388,0,0,2388,930,683.6467
5012,956,930,26,2388,0,0,2388,930,683.6467
5013,956,930,26,2388,0,0,2388,930,683.6467
5014,956,930,26,2388,0,0,2388,930,683.6467
5015,956,930,26,2388,0,0,2388,930,683.6467
5016,956,930,26,2388,0,0,2388,930,683.6467
5017,956,930,26,2388,0,0,2388,930,683.6467
5018,956,930,26,2388,0,0,2388,930,683.6467
5019,956,930,26,2388,0,0,2388,930,683.6467
5020,956,930,26,2388,0,0,2388,930,683.6467
5021,956,930,26,2388,0,0,2388,930,683.6467
5022,956,930,26,2388,0,0,2388,930,683.6467
5023,957,930,27,2388,0,0,2388,930,683.6467
5024,957,930,27,2388,0,0,2388,930,683.6467
5025,957,930,27,2388,0,0,2388,930,683.6467
5026,958,930,28,2388,0,0,2388,930,683.6467
5027,958,930,28,2388,0,0,2388,930,683.6467
5028,958,930,28,2388,0,0,2388,930,683.6467
5029,958,930,28,2388,0,0,2388,930,683.6467
5030,958,930,28,2388,0,0,2388,930,683.6467
5031,958,930,28,2388,0,0,2388,930,683.6467
5032,958,930,28,2388,0,0,2388,930,683.6467
5033,958,930,28,2388,0,0,2388,930,683.6467
5034,958,930,28,2388,0,0,2388,930,683.6467
5035,958,930,28,2388,0,0,2388,930,683.6467
5036,958,930,28,2388,0,0,2388,930,683.6467
5037,958,930,28,2388,0,0,2388,930,683.6467
5038,958,930,28,2388,0,0,2388,930,683.6467
5039,958,930,28,2388,0,0,2388,930,683.6467
5040,958,930,28,2388,0,0,2388,930,683.6467
5041,958,930,28,2388,0,0,2388,930,683.6467
5042,958,930,28,2388,0,0,2388,930,683.6467
5043,958,930,28,2388,0,0,2388,930,683.6467
5044,958,930,28,2388,0,0,2388,930,683.6467
5045,958,930,28,2388,0,0,2388,930,683.6467
5046,958,930,28,2388,0,0,2388,930,683.6467
5047,958,930,28,2388,0,0,2388,930,683.6467
5048,958,930,28,2388,0,0,2388,930,683.6467
5049,958,930,28,2388,0,0,2388,930,683.6467
5050,959,930,29,2388,0,0,2388,930,683.6467
5051,959,930,29,2388,0,0,2388,930,683.6467
5052,959,930,29,2388,0,0,2388,930,683.6467
5053,959,930,29,2388,0,0,2388,930,683.6467
5054,960,930,30,2388,0,0,2388,930,683.6467
5055,960,930,30,2388,0,0,2388,930,683.6467
5056,960,930,30,2388,0,0,2388,930,683.6467
5057,960,930,30,2388,0,0,2388,930,683.6467
5058,960,930,30,2388,0,0,2388,930,683.6467
5059,960,930,30,2388,0,0,2388,930,683.6467
5060,960,930,30,2388,0,0,2388,930,683.6467
5061,960,930,30,2388,0,0,2388,930,683.6467
5062,960,930,30,2388,0,0,2388,930,683.6467
5063,961,930,31,2388,0,0,2388,930,683.6467
5064,961,930,31,2388,0,0,2388,930,683.6467
5065,961,930,31,2388,0,0,2388,930,683.6467
5066,962,930,32,2388,0,0,2388,930,683.6467
5067,962,930,32,2388,0,0,2388,930,683.6467
5068,962,930,32,2388,0,0,2388,930,683.6467
5069,962,930,32,2388,0,0,2388,930,683.6467
5070,962,930,32,2388,0,0,2388,930,683.6467
5071,962,930,32,2388,0,0,2388,930,683.6467
5072,962,930,32,2388,0,0,2388,930,683.6467
5073,962,930,32,2388,0,0,2388,930,683.6467
5074,962,930,32,2388,0,0,2388,930,683.6467
5075,962,930,32,2388,0,0,2388,930,683.6467
5076,962,930,32,2388,0,0,2388,930,683.6467
5077,962,930,32,2388,0,0,2388,930,683.6467
5078,962,930,32,2388,0,0,2388,930,683.6467
5079,962,930,32,2388,0,0,2388,930,683.6467
5080,962,930,32,2388,0,0,2388,930,683.6467
5081,962,930,32,2388,0,0,2388,930,683.6467
5082,962,930,32,2388,0,0,2388,930,683.6467
5083,962,930,32,2388,0,0,2388,930,683.6467
5084,962,930,32,2388,0,0,2388,930,683.6467
5085,962,930,32,2388,0,0,2388,930,683.6467
5086,962,930,32,2388,0,0,2388,930,683.6467
5087,962,930,32,2388,0,0,2388,930,683.6467
5088,962,930,32,2388,0,0,2388,930,683.6467
5089,962,930,32,2388,0,0,2388,930,683.6467
5090,962,930,32,2388,0,0,2388,930,683.6467
5091,962,930,32,2388,0,0,2388,930,683.6467
5092,962,930,32,2388,0,0,2388,930,683.6467
5093,962,930,32,2388,0,0,2388,930,683.6467
5094,962,930,32,2388,0,0,2388,930,683.6467
5095,962,930,32,2388,0,0,2388,930,683.6467
5096,962,930,32,2388,0,0,2388,930,683.6467
5097,962,930,32,2388,0,0,2388,930,683.6467
5098,962,930,32,2388,0,0,2388,930,683.6467
5099,963,930,33,2388,0,0,2388,930,683.6467
5100,964,930,34,2388,0,0,2388,930,683.6467
5101,964,930,34,2388,0,0,2388,930,683.6467
5102,964,930,34,2388,0,0,2388,930,683.6467
5103,964,930,34,2388,0,0,2388,930,683.6467
5104,964,930,34,2388,0,0,2388,930,683.6467
5105,964,930,34,2388,0,0,2388,930,683.6467
5106,964,931,33,2390,0,0,2390,931,655.6992
5107,964,931,33,2390,0,0,2390,931,655.6992
5108,964,931,33,2390,0,0,2390,931,655.6992
5109,964,931,33,2390,0,0,2390,931,655.6992
5110,964,931,33,2390,0,0,2390,931,655.6992
5111,964,931,33,2390,0,0,2390,931,655.6992
5112,964,931,33,2390,0,0,2390,931,655.6992
5113,964,931,33,2390,0,0,2390,931,655.6992
5114,964,932,32,2393,0,0,2393,932,655.3774
5115,964,933,31,2395,0,0,2395,933,655.9531
5116,964,933,31,2395,0,0,2395,933,655.9531
5117,964,933,31,2395,0,0,2395,933,655.9531
5118,964,933,31,2395,0,0,2395,933,655.9531
5119,964,933,31,2395,0,0,2395,933,655.9531
5120,965,933,32,2395,0,0,2395,933,655.9531
5121,965,933,32,2395,0,0,2395,933,655.9531
5122,965,933,32,2395,0,0,2395,933,655.9531
5123,965,933,32,2395,0,0,2395,933,655.9531
5124,965,933,32,2395,0,0,2395,933,655.9531
5125,965,933,32,2395,0,0,2395,933,655.9531
5126,965,933,32,2395,0,0,2395,933,655.9531
5127,965,933,32,2395,0,0,2395,933,655.9531
5128,965,933,32,2395,0,0,2395,933,655.9531
5129,965,933,32,2395,0,0,2395,933,655.9531
5130,965,933,32,2395,0,0,2395,933,655.9531
5131,965,933,32,2395,0,0,2395,933,655.9531
5132,965,933,32,2395,0,0,2395,933,655.9531
5133,965,933,32,2395,0,0,2395,933,655.9531
5134,965,933,32,2395,0,0,2395,933,655.9531
5135,965,933,32,2395,0,0,2395,933,655.9531
5136,965,933,32,2395,0,0,2395,933,655.9531
5137,965,933,32,2395,0,0,2395,933,655.9531
5138,965,933,32,2395,0,0,2395,933,655.9531
5139,965,933,32,2395,0,0,2395,933,655.9531
5140,965,933,32,2395,0,0,2395,933,655.9531
5141,965,933,32,2395,0,0,2395,933,655.9531
5142,965,933,32,2395,0,0,2395,933,655.9531
5143,965,933,32,2395,0,0,2395,933,655.9531
5144,965,934,31,2396,0,0,2396,934,652.9549
5145,965,935,30,2400,0,0,2400,935,653.5277
5146,965,935,30,2400,0,0,2400,935,653.5277
5147,965,935,30,2400,0,0,2400,935,653.5277
5148,965,935,30,2400,0,0,2400,935,653.5277
5149,965,936,29,2401,0,0,2401,936,653.7192
5150,965,936,29,2401,0,0,2401,936,653.7192
5151,965,936,29,2401,0,0,2401,936,653.7192
5152,965,936,29,2401,0,0,2401,936,653.7192
5153,965,936,29,2401,0,0,2401,936,653.7192
5154,965,936,29,2401,0,0,2401,936,653.7192
5155,965,936,29,2401,0,0,2401,936,653.7192
5156,965,936,29,2401,0,0,2401,936,653.7192
5157,965,936,29,2401,0,0,2401,936,653.7192
5158,965,936,29,2401,0,0,2401,936,653.7192
5159,965,936,29,2401,0,0,2401,936,653.7192
5160,965,936,29,2401,0,0,2401,936,653.7192
5161,965,936,29,2401,0,0,2401,936,653.7192
5162,965,936,29,2401,0,0,2401,936,653.7192
5163,965,936,29,2401,0,0,2401,936,653.7192
5164,965,936,29,2401,0,0,2401,936,653.7192
5165,965,936,29,2401,0,0,2401,936,653.7192
5166,965,936,29,2401,0,0,2401,936,653.7192
5167,965,936,29,2401,0,0,2401,936,653.7192
5168,965,936,29,2401,0,0,2401,936,653.7192
5169,965,936,29,2401,0,0,2401,936,653.7192
5170,965,936,29,2401,0,0,2401,936,653.7192
5171,965,936,29,2401,0,0,2401,936,653.7192
5172,965,936,29,2401,0,0,2401,936,653.7192
5173,965,936,29,2401,0,0,2401,936,653.7192
5174,965,936,29,2401,0,0,2401,936,653.7192
5175,965,936,29,2401,0,0,2401,936,653.7192
5176,965,936,29,2401,0,0,2401,936,653.7192
5177,965,937,28,2402,0,0,2402,937,650.8789
5178,965,937,28,2402,0,0,2402,937,650.8789
5179,965,937,28,2402,0,0,2402,937,650.8789
5180,965,937,28,2402,0,0,2402,937,650.8789
5181,965,937,28,2402,0,0,2402,937,650.8789
5182,965,937,28,2402,0,0,2402,937,650.8789
5183,966,937,29,2402,0,0,2402,937,650.8789
5184,966,937,29,2402,0,0,2402,937,650.8789
5185,966,937,29,2402,0,0,2402,937,650.8789
5186,966,937,29,2402,0,0,2402,937,650.8789
5187,967,937,30,2402,0,0,2402,937,650.8789
5188,967,937,30,2402,0,0,2402,937,650.8789
5189,967,937,30,2402,0,0,2402,937,650.8789
5190,967,937,30,2402,0,0,2402,937,650.8789
5191,968,937,31,2402,0,0,2402,937,650.8789
5192,968,937,31,2402,0,0,2402,937,650.8789
5193,968,937,31,2402,0,0,2402,937,650.8789
5194,968,937,31,2402,0,0,2402,937,650.8789
5195,968,937,31,2402,0,0,2402,937,650.8789
5196,968,937,31,2402,0,0,2402,937,650.8789
5197,968,937,31,2402,0,0,2402,937,650.8789
5198,968,937,31,2402,0,0,2402,937,650.8789
5199,968,937,31,2402,0,0,2402,937,650.8789
5200,968,937,31,2402,0,0,2402,937,650.8789
5201,968,937,31,2402,0,0,2402,937,650.8789
5202,968,937,31,2402,0,0,2402,937,650.8789
5203,968,937,31,2402,0,0,2402,937,650.8789
5204,968,937,31,2402,0,0,2402,937,650.8789
5205,969,937,32,2402,0,0,2402,937,650.8789
5206,969,937,32,2402,0,0,2402,937,650.8789
5207,969,937,32,2402,0,0,2402,937,650.8789
5208,969,937,32,2402,0,0,2402,937,650.8789
5209,969,937,32,2402,0,0,2402,937,650.8789
5210,969,937,32,2402,0,0,2402,937,650.8789
5211,969,937,32,2402,0,0,2402,937,650.8789
5212,969,937,32,2402,0,0,2402,937,650.8789
5213,969,937,32,2402,0,0,2402,937,650.8789
5214,969,937,32,2402,0,0,2402,937,650.8789
5215,969,937,32,2402,0,0,2402,937,650.8789
5216,969,937,32,2402,0,0,2402,937,650.8789
5217,970,937,33,2402,0,0,2402,937,650.8789
5218,970,937,33,2402,0,0,2402,937,650.8789
5219,970,938,32,2404,0,0,2404,938,646.33075
5220,970,938,32,2404,0,0,2404,938,646.33075
5221,970,938,32,2404,0,0,2404,938,646.33075
5222,970,938,32,2404,0,0,2404,938,646.33075
5223,970,938,32,2404,0,0,2404,938,646.33075
5224,970,938,32,2404,0,0,2404,938,646.33075
5225,970,938,32,2404,0,0,2404,938,646.33075
5226,971,938,33,2404,0,0,2404,938,646.33075
5227,971,938,33,2404,0,0,2404,938,646.33075
5228,971,938,33,2404,0,0,2404,938,646.33075
5229,971,938,33,2404,0,0,2404,938,646.33075
5230,971,938,33,2404,0,0,2404,938,646.33075
5231,971,938,33,2404,0,0,2404,938,646.33075
5232,971,938,33,2404,0,0,2404,938,646.33075
5233,971,938,33,2404,0,0,2404,938,646.33075
5234,971,938,33,2404,0,0,2404,938,646.33075
5235,971,938,33,2404,0,0,2404,938,646.33075
5236,971,938,33,2404,0,0,2404,938,646.33075
5237,971,938,33,2404,0,0,2404,938,646.33075
5238,971,938,33,2404,0,0,2404,938,646.33075
5239,971,938,33,2404,0,0,2404,938,646.33075
5240,971,938,33,2404,0,0,2404,938,646.33075
5241,971,938,33,2404,0,0,2404,938,646.33075
5242,972,938,34,2404,0,0,2404,938,646.33075
5243,972,938,34,2404,0,0,2404,938,646.33075
5244,972,938,34,2404,0,0,2404,938,646.33075
5245,972,938,34,2404,0,0,2404,938,646.33075
5246,972,938,34,2404,0,0,2404,938,646.33075
5247,972,938,34,2404,0,0,2404,938,646.33075
5248,972,938,34,2404,0,0,2404,938,646.33075
5249,972,938,34,2404,0,0,2404,938,646.33075
5250,972,938,34,2404,0,0,2404,938,646.33075
5251,972,938,34,2404,0,0,2404,938,646.33075
5252,972,939,33,2406,0,0,2406,939,642.9551
5253,972,939,33,2406,0,0,2406,939,642.9551
5254,972,939,33,2406,0,0,2406,939,642.9551
5255,972,940,32,2407,0,0,2407,940,643.2731
5256,972,940,32,2407,0,0,2407,940,643.2731
5257,972,940,32,2407,0,0,2407,940,643.2731
5258,972,940,32,2407,0,0,2407,940,643.2731
5259,972,940,32,2407,0,0,2407,940,643.2731
5260,972,940,32,2407,0,0,2407,940,643.2731
5261,972,940,32,2407,0,0,2407,940,643.2731
5262,972,940,32,2407,0,0,2407,940,643.2731
5263,972,940,32,2407,0,0,2407,940,643.2731
5264,972,940,32,2407,0,0,2407,940,643.2731
5265,972,940,32,2407,0,0,2407,940,643.2731
5266,972,940,32,2407,0,0,2407,940,643.2731
5267,972,940,32,2407,0,0,2407,940,643.2731
5268,972,940,32,2407,0,0,2407,940,643.2731
5269,972,940,32,2407,0,0,2407,940,643.2731
5270,973,940,33,2407,0,0,2407,940,643.2731
5271,973,940,33,2407,0,0,2407,940,643.2731
5272,973,940,33,2407,0,0,2407,940,643.2731
5273,973,940,33,2407,0,0,2407,940,643.2731
5274,973,940,33,2407,0,0,2407,940,643.2731
5275,973,940,33,2407,0,0,2407,940,643.2731
5276,973,940,33,2407,0,0,2407,940,643.2731
5277,973,940,33,2407,0,0,2407,940,643.2731
5278,974,940,34,2407,0,0,2407,940,643.2731
5279,974,940,34,2407,0,0,2407,940,643.2731
5280,974,940,34,2407,0,0,2407,940,643.2731
5281,974,940,34,2407,0,0,2407,940,643.2731
5282,974,940,34,2407,0,0,2407,940,643.2731
5283,974,940,34,2407,0,0,2407,940,643.2731
5284,974,940,34,2407,0,0,2407,940,643.2731
5285,974,940,34,2407,0,0,2407,940,643.2731
5286,974,940,34,2407,0,0,2407,940,643.2731
5287,974,940,34,2407,0,0,2407,940,643.2731
5288,974,941,33,2412,0,0,2412,941,639.9395
5289,974,941,33,2412,0,0,2412,941,639.9395
5290,974,941,33,2412,0,0,2412,941,639.9395
5291,974,941,33,2412,0,0,2412,941,639.9395
5292,974,941,33,2412,0,0,2412,941,639.9395
5293,974,941,33,2412,0,0,2412,941,639.9395
5294,974,941,33,2412,0,0,2412,941,639.9395
5295,974,941,33,2412,0,0,2412,941,639.9395
5296,974,941,33,2412,0,0,2412,941,639.9395
5297,974,941,33,2412,0,0,2412,941,639.9395
5298,974,941,33,2412,0,0,2412,941,639.9395
5299,974,941,33,2412,0,0,2412,941,639.9395
5300,974,941,33,2412,0,0,2412,941,639.9395
5301,974,941,33,2412,0,0,2412,941,639.9395
5302,974,941,33,2412,0,0,2412,941,639.9395
5303,974,941,33,2412,0,0,2412,941,639.9395
5304,974,941,33,2412,0,0,2412,941,639.9395
5305,974,941,33,2412,0,0,2412,941,639.9395
5306,974,941,33,2412,0,0,2412,941,639.9395
5307,974,941,33,2412,0,0,2412,941,639.9395
5308,974,941,33,2412,0,0,2412,941,639.9395
5309,974,941,33,2412,0,0,2412,941,639.9395
5310,974,941,33,2412,0,0,2412,941,639.9395
5311,974,941,33,2412,0,0,2412,941,639.9395
5312,974,941,33,2412,0,0,2412,941,639.9395
5313,974,941,33,2412,0,0,2412,941,639.9395
5314,974,941,33,2412,0,0,2412,941,639.9395
5315,974,941,33,2412,0,0,2412,941,639.9395
5316,974,941,33,2412,0,0,2412,941,639.9395
5317,974,941,33,2412,0,0,2412,941,639.9395
5318,974,941,33,2412,0,0,2412,941,639.9395
5319,974,941,33,2412,0,0,2412,941,639.9395
5320,974,941,33,2412,0,0,2412,941,639.9395
5321,974,941,33,2412,0,0,2412,941,639.9395
5322,974,941,33,2412,0,0,2412,941,639.9395
5323,974,941,33,2412,0,0,2412,941,639.9395
5324,974,941,33,2412,0,0,2412,941,639.9395
5325,974,941,33,2412,0,0,2412,941,639.9395
5326,974,941,33,2412,0,0,2412,941,639.9395
5327,974,941,33,2412,0,0,2412,941,639.9395
5328,974,941,33,2412,0,0,2412,941,639.9395
5329,974,941,33,2412,0,0,2412,941,639.9395
5330,974,941,33,2412,0,0,2412,941,639.9395
5331,974,941,33,2412,0,0,2412,941,639.9395
5332,974,941,33,2412,0,0,2412,941,639.9395
5333,974,941,33,2412,0,0,2412,941,639.9395
5334,974,941,33,2412,0,0,2412,941,639.9395
5335,974,941,33,2412,0,0,2412,941,639.9395
5336,974,941,33,2412,0,0,2412,941,639.9395
5337,974,941,33,2412,0,0,2412,941,639.9395
5338,974,941,33,2412,0,0,2412,941,639.9395
5339,974,941,33,2412,0,0,2412,941,639.9395
5340,974,941,33,2412,0,0,2412,941,639.9395
5341,974,941,33,2412,0,0,2412,941,639.9395
5342,974,941,33,2412,0,0,2412,941,639.9395
5343,974,941,33,2412,0,0,2412,941,639.9395
5344,974,941,33,2412,0,0,2412,941,639.9395
5345,974,941,33,2412,0,0,2412,941,639.9395
5346,974,941,33,2412,0,0,2412,941,639.9395
5347,974,941,33,2412,0,0,2412,941,639.9395
5348,974,941,33,2412,0,0,2412,941,639.9395
5349,974,941,33,2412,0,0,2412,941,639.9395
5350,974,941,33,2412,0,0,2412,941,639.9395
5351,974,941,33,2412,0,0,2412,941,639.9395
5352,974,941,33,2412,0,0,2412,941,639.9395
5353,974,941,33,2412,0,0,2412,941,639.9395
5354,974,941,33,2412,0,0,2412,941,639.9395
5355,974,941,33,2412,0,0,2412,941,639.9395
5356,974,941,33,2412,0,0,2412,941,639.9395
5357,974,941,33,2412,0,0,2412,941,639.9395
5358,974,941,33,2412,0,0,2412,941,639.9395
5359,974,941,33,2412,0,0,2412,941,639.9395
5360,974,941,33,2412,0,0,2412,941,639.9395
5361,974,941,33,2412,0,0,2412,941,639.9395
5362,974,941,33,2412,0,0,2412,941,639.9395
5363,974,942,32,2415,0,0,2415,942,631.6614
5364,974,942,32,2415,0,0,2415,942,631.6614
5365,974,942,32,2415,0,0,2415,942,631.6614
5366,974,942,32,2415,0,0,2415,942,631.6614
5367,974,942,32,2415,0,0,2415,942,631.6614
5368,974,942,32,2415,0,0,2415,942,631.6614
5369,974,942,32,2415,0,0,2415,942,631.6614
5370,974,942,32,2415,0,0,2415,942,631.6614
5371,974,942,32,2415,0,0,2415,942,631.6614
5372,974,942,32,2415,0,0,2415,942,631.6614
5373,974,942,32,2415,0,0,2415,942,631.6614
5374,974,942,32,2415,0,0,2415,942,631.6614
5375,974,942,32,2415,0,0,2415,942,631.6614
5376,974,942,32,2415,0,0,2415,942,631.6614
5377,974,942,32,2415,0,0,2415,942,631.6614
5378,974,942,32,2415,0,0,2415,942,631.6614
5379,974,942,32,2415,0,0,2415,942,631.6614
5380,974,942,32,2415,0,0,2415,942,631.6614
5381,974,942,32,2415,0,0,2415,942,631.6614
5382,974,942,32,2415,0,0,2415,942,631.6614
5383,974,942,32,2415,0,0,2415,942,631.6614
5384,974,942,32,2415,0,0,2415,942,631.6614
5385,974,942,32,2415,0,0,2415,942,631.6614
5386,974,942,32,2415,0,0,2415,942,631.6614
5387,974,942,32,2415,0,0,2415,942,631.6614
5388,974,942,32,2415,0,0,2415,942,631.6614
5389,974,942,32,2415,0,0,2415,942,631.6614
5390,974,942,32,2415,0,0,2415,942,631.6614
5391,974,942,32,2415,0,0,2415,942,631.6614
5392,974,942,32,2415,0,0,2415,942,631.6614
5393,974,942,32,2415,0,0,2415,942,631.6614
5394,974,942,32,2415,0,0,2415,942,631.6614
5395,974,942,32,2415,0,0,2415,942,631.6614
5396,974,943,31,2416,0,0,2416,943,628.4656
5397,974,943,31,2416,0,0,2416,943,628.4656
5398,974,943,31,2416,0,0,2416,943,628.4656
5399,974,943,31,2416,0,0,2416,943,628.4656
5400,974,943,31,2416,0,0,2416,943,628.4656
5401,974,943,31,2416,0,0,2416,943,628.4656
5402,974,943,31,2416,0,0,2416,943,628.4656
5403,974,943,31,2416,0,0,2416,943,628.4656
5404,974,943,31,2416,0,0,2416,943,628.4656
5405,974,943,31,2416,0,0,2416,943,628.4656
5406,974,943,31,2416,0,0,2416,943,628.4656
5407,974,943,31,2416,0,0,2416,943,628.4656
5408,974,943,31,2416,0,0,2416,943,628.4656
5409,974,943,31,2416,0,0,2416,943,628.4656
5410,974,943,31,2416,0,0,2416,943,628.4656
5411,974,943,31,2416,0,0,2416,943,628.4656
5412,974,943,31,2416,0,0,2416,943,628.4656
5413,974,943,31,2416,0,0,2416,943,628.4656
5414,974,943,31,2416,0,0,2416,943,628.4656
5415,974,943,31,2416,0,0,2416,943,628.4656
5416,974,943,31,2416,0,0,2416,943,628.4656
5417,974,943,31,2416,0,0,2416,943,628.4656
5418,974,943,31,2416,0,0,2416,943,628.4656
5419,974,943,31,2416,0,0,2416,943,628.4656
5420,974,943,31,2416,0,0,2416,943,628.4656
5421,974,943,31,2416,0,0,2416,943,628.4656
5422,974,943,31,2416,0,0,2416,943,628.4656
5423,974,943,31,2416,0,0,2416,943,628.4656
5424,974,943,31,2416,0,0,2416,943,628.4656
5425,974,943,31,2416,0,0,2416,943,628.4656
5426,974,943,31,2416,0,0,2416,943,628.4656
5427,974,943,31,2416,0,0,2416,943,628.4656
5428,974,943,31,2416,0,0,2416,943,628.4656
5429,974,943,31,2416,0,0,2416,943,628.4656
5430,974,943,31,2416,0,0,2416,943,628.4656
5431,974,943,31,2416,0,0,2416,943,628.4656
5432,974,943,31,2416,0,0,2416,943,628.4656
5433,974,943,31,2416,0,0,2416,943,628.4656
5434,974,943,31,2416,0,0,2416,943,628.4656
5435,974,943,31,2416,0,0,2416,943,628.4656
5436,974,943,31,2416,0,0,2416,943,628.4656
5437,974,944,30,2419,0,0,2419,944,624.3884
5438,975,945,29,2420,0,0,2420,945,624.93567
5439,975,945,30,2420,0,0,2420,945,624.93567
5440,975,945,30,2420,0,0,2420,945,624.93567
5441,975,945,30,2420,0,0,2420,945,624.93567
5442,975,945,30,2420,0,0,2420,945,624.93567
5443,975,945,30,2420,0,0,2420,945,624.93567
5444,975,945,30,2420,0,0,2420,945,624.93567
5445,975,945,30,2420,0,0,2420,945,624.93567
5446,975,945,30,2420,0,0,2420,945,624.93567
5447,975,945,30,2420,0,0,2420,945,624.93567
5448,975,945,30,2420,0,0,2420,945,624.93567
5449,975,945,30,2420,0,0,2420,945,624.93567
5450,975,945,30,2420,0,0,2420,945,624.93567
5451,975,945,30,2420,0,0,2420,945,624.93567
5452,975,945,30,2420,0,0,2420,945,624.93567
5453,975,945,30,2420,0,0,2420,945,624.93567
5454,975,945,30,2420,0,0,2420,945,624.93567
5455,975,945,30,2420,0,0,2420,945,624.93567
5456,975,945,30,2420,0,0,2420,945,624.93567
5457,975,945,30,2420,0,0,2420,945,624.93567
5458,975,945,30,2420,0,0,2420,945,624.93567
5459,975,945,30,2420,0,0,2420,945,624.93567
5460,975,945,30,2420,0,0,2420,945,624.93567
5461,975,945,30,2420,0,0,2420,945,624.93567
5462,975,945,30,2420,0,0,2420,945,624.93567
5463,975,945,30,2420,0,0,2420,945,624.93567
5464,975,945,30,2420,0,0,2420,945,624.93567
5465,975,945,30,2420,0,0,2420,945,624.93567
5466,975,945,30,2420,0,0,2420,945,624.93567
5467,975,945,30,2420,0,0,2420,945,624.93567
5468,975,945,30,2420,0,0,2420,945,624.93567
5469,975,945,30,2420,0,0,2420,945,624.93567
5470,975,945,30,2420,0,0,2420,945,624.93567
5471,975,945,30,2420,0,0,2420,945,624.93567
5472,975,945,30,2420,0,0,2420,945,624.93567
5473,975,947,28,2424,0,0,2424,947,622.2547
5474,975,947,28,2424,0,0,2424,947,622.2547
5475,975,948,27,2425,0,0,2425,948,622.68494
5476,975,948,27,2425,0,0,2425,948,622.68494
5477,975,948,27,2425,0,0,2425,948,622.68494
5478,975,948,27,2425,0,0,2425,948,622.68494
5479,975,948,27,2425,0,0,2425,948,622.68494
5480,975,948,27,2425,0,0,2425,948,622.68494
5481,975,948,27,2425,0,0,2425,948,622.68494
5482,975,948,27,2425,0,0,2425,948,622.68494
5483,975,948,27,2425,0,0,2425,948,622.68494
5484,975,948,27,2425,0,0,2425,948,622.68494
5485,975,948,27,2425,0,0,2425,948,622.68494
5486,975,948,27,2425,0,0,2425,948,622.68494
5487,975,948,27,2425,0,0,2425,948,622.68494
5488,975,948,27,2425,0,0,2425,948,622.68494
5489,975,948,27,2425,0,0,2425,948,622.68494
5490,975,948,27,2425,0,0,2425,948,622.68494
5491,975,948,27,2425,0,0,2425,948,622.68494
5492,975,948,27,2425,0,0,2425,948,622.68494
5493,975,948,27,2425,0,0,2425,948,622.68494
5494,975,948,27,2425,0,0,2425,948,622.68494
5495,975,948,27,2425,0,0,2425,948,622.68494
5496,975,948,27,2425,0,0,2425,948,622.68494
5497,975,948,27,2425,0,0,2425,948,622.68494
5498,975,948,27,2425,0,0,2425,948,622.68494
5499,975,948,27,2425,0,0,2425,948,622.68494
5500,975,948,27,2425,0,0,2425,948,622.68494
5501,975,948,27,2425,0,0,2425,948,622.68494
5502,975,949,26,2427,0,0,2427,949,620.2835
5503,975,949,26,2427,0,0,2427,949,620.2835
5504,975,949,26,2427,0,0,2427,949,620.2835
5505,976,950,26,2428,0,0,2428,950,620.5994
5506,976,950,26,2428,0,0,2428,950,620.5994
5507,976,950,26,2428,0,0,2428,950,620.5994
5508,976,950,26,2428,0,0,2428,950,620.5994
5509,976,950,26,2428,0,0,2428,950,620.5994
5510,976,950,26,2428,0,0,2428,950,620.5994
5511,976,950,26,2428,0,0,2428,950,620.5994
5512,976,950,26,2428,0,0,2428,950,620.5994
5513,976,950,26,2428,0,0,2428,950,620.5994
5514,976,950,26,2428,0,0,2428,950,620.5994
5515,976,950,26,2428,0,0,2428,950,620.5994
5516,976,950,26,2428,0,0,2428,950,620.5994
5517,976,950,26,2428,0,0,2428,950,620.5994
5518,976,950,26,2428,0,0,2428,950,620.5994
5519,976,950,26,2428,0,0,2428,950,620.5994
5520,976,950,26,2428,0,0,2428,950,620.5994
5521,976,950,26,2428,0,0,2428,950,620.5994
5522,977,950,27,2428,0,0,2428,950,620.5994
5523,977,950,27,2428,0,0,2428,950,620.5994
5524,977,950,27,2428,0,0,2428,950,620.5994
5525,977,950,27,2428,0,0,2428,950,620.5994
5526,977,950,27,2428,0,0,2428,950,620.5994
5527,977,950,27,2428,0,0,2428,950,620.5994
5528,977,950,27,2428,0,0,2428,950,620.5994
5529,977,950,27,2428,0,0,2428,950,620.5994
5530,977,950,27,2428,0,0,2428,950,620.5994
5531,977,950,27,2428,0,0,2428,950,620.5994
5532,977,950,27,2428,0,0,2428,950,620.5994
5533,977,950,27,2428,0,0,2428,950,620.5994
5534,977,950,27,2428,0,0,2428,950,620.5994
5535,977,950,27,2428,0,0,2428,950,620.5994
5536,978,950,28,2428,0,0,2428,950,620.5994
5537,978,950,28,2428,0,0,2428,950,620.5994
5538,978,950,28,2428,0,0,2428,950,620.5994
5539,978,950,28,2428,0,0,2428,950,620.5994
5540,978,950,28,2428,0,0,2428,950,620.5994
5541,978,950,28,2428,0,0,2428,950,620.5994
5542,978,950,28,2428,0,0,2428,950,620.5994
5543,978,950,28,2428,0,0,2428,950,620.5994
5544,978,950,28,2428,0,0,2428,950,620.5994
5545,978,950,28,2428,0,0,2428,950,620.5994
5546,978,950,28,2428,0,0,2428,950,620.5994
5547,978,950,28,2428,0,0,2428,950,620.5994
5548,978,950,28,2428,0,0,2428,950,620.5994
5549,978,950,28,2428,0,0,2428,950,620.5994
5550,978,950,28,2428,0,0,2428,950,620.5994
5551,978,950,28,2428,0,0,2428,950,620.5994
5552,978,950,28,2428,0,0,2428,950,620.5994
5553,978,950,28,2428,0,0,2428,950,620.5994
5554,978,950,28,2428,0,0,2428,950,620.5994
5555,978,950,28,2428,0,0,2428,950,620.5994
5556,978,950,28,2428,0,0,2428,950,620.5994
5557,978,950,28,2428,0,0,2428,950,620.5994
5558,978,950,28,2428,0,0,2428,950,620.5994
5559,978,950,28,2428,0,0,2428,950,620.5994
5560,978,950,28,2428,0,0,2428,950,620.5994
5561,978,950,28,2428,0,0,2428,950,620.5994
5562,978,950,28,2428,0,0,2428,950,620.5994
5563,978,950,28,2428,0,0,2428,950,620.5994
5564,978,950,28,2428,0,0,2428,950,620.5994
5565,978,950,28,2428,0,0,2428,950,620.5994
5566,979,950,29,2428,0,0,2428,950,620.5994
5567,979,950,29,2428,0,0,2428,950,620.5994
5568,979,950,29,2428,0,0,2428,950,620.5994
5569,979,950,29,2428,0,0,2428,950,620.5994
5570,979,950,29,2428,0,0,2428,950,620.5994
5571,979,950,29,2428,0,0,2428,950,620.5994
5572,979,950,29,2428,0,0,2428,950,620.5994
5573,979,950,29,2428,0,0,2428,950,620.5994
5574,979,950,29,2428,0,0,2428,950,620.5994
5575,979,951,28,2429,0,0,2429,951,613.4529
5576,979,951,28,2429,0,0,2429,951,613.4529
5577,979,951,28,2429,0,0,2429,951,613.4529
5578,979,951,28,2429,0,0,2429,951,613.4529
5579,979,951,28,2429,0,0,2429,951,613.4529
5580,979,951,28,2429,0,0,2429,951,613.4529
5581,979,951,28,2429,0,0,2429,951,613.4529
5582,979,952,27,2433,0,0,2433,952,613.32855
5583,979,952,27,2433,0,0,2433,952,613.32855
5584,979,952,27,2433,0,0,2433,952,613.32855
5585,979,952,27,2433,0,0,2433,952,613.32855
5586,979,952,27,2433,0,0,2433,952,613.32855
5587,979,952,27,2433,0,0,2433,952,613.32855
5588,979,952,27,2433,0,0,2433,952,613.32855
5589,979,952,27,2433,0,0,2433,952,613.32855
5590,979,952,27,2433,0,0,2433,952,613.32855
5591,979,952,27,2433,0,0,2433,952,613.32855
5592,979,952,27,2433,0,0,2433,952,613.32855
5593,979,952,27,2433,0,0,2433,952,613.32855
5594,979,952,27,2433,0,0,2433,952,613.32855
5595,979,952,27,2433,0,0,2433,952,613.32855
5596,979,952,27,2433,0,0,2433,952,613.32855
5597,979,952,27,2433,0,0,2433,952,613.32855
5598,979,952,27,2433,0,0,2433,952,613.32855
5599,979,952,27,2433,0,0,2433,952,613.32855
5600,979,952,27,2433,0,0,2433,952,613.32855
5601,979,952,27,2433,0,0,2433,952,613.32855
5602,979,952,27,2433,0,0,2433,952,613.32855
5603,979,952,27,2433,0,0,2433,952,613.32855
5604,979,952,27,2433,0,0,2433,952,613.32855
5605,979,952,27,2433,0,0,2433,952,613.32855
5606,979,952,27,2433,0,0,2433,952,613.32855
5607,979,952,27,2433,0,0,2433,952,613.32855
5608,979,952,27,2433,0,0,2433,952,613.32855
5609,979,952,27,2433,0,0,2433,952,613.32855
5610,979,952,27,2433,0,0,2433,952,613.32855
5611,980,952,28,2433,0,0,2433,952,613.32855
5612,980,952,28,2433,0,0,2433,952,613.32855
5613,981,952,29,2433,0,0,2433,952,613.32855
5614,981,952,29,2433,0,0,2433,952,613.32855
5615,981,954,27,2441,0,0,2441,954,611.0062
5616,981,954,27,2441,0,0,2441,954,611.0062
5617,981,954,27,2441,0,0,2441,954,611.0062
5618,981,954,27,2441,0,0,2441,954,611.0062
5619,981,954,27,2441,0,0,2441,954,611.0062
5620,981,954,27,2441,0,0,2441,954,611.0062
5621,981,954,27,2441,0,0,2441,954,611.0062
5622,981,954,27,2441,0,0,2441,954,611.0062
5623,981,954,27,2441,0,0,2441,954,611.0062
5624,981,954,27,2441,0,0,2441,954,611.0062
5625,981,954,27,2441,0,0,2441,954,611.0062
5626,981,954,27,2441,0,0,2441,954,611.0062
5627,981,954,27,2441,0,0,2441,954,611.0062
5628,981,954,27,2441,0,0,2441,954,611.0062
5629,981,954,27,2441,0,0,2441,954,611.0062
5630,981,954,27,2441,0,0,2441,954,611.0062
5631,981,954,27,2441,0,0,2441,954,611.0062
5632,981,954,27,2441,0,0,2441,954,611.0062
5633,981,954,27,2441,0,0,2441,954,611.0062
5634,981,954,27,2441,0,0,2441,954,611.0062
5635,981,954,27,2441,0,0,2441,954,611.0062
5636,981,954,27,2441,0,0,2441,954,611.0062
5637,981,954,27,2441,0,0,2441,954,611.0062
5638,981,954,27,2441,0,0,2441,954,611.0062
5639,981,954,27,2441,0,0,2441,954,611.0062
5640,981,954,27,2441,0,0,2441,954,611.0062
5641,981,954,27,2441,0,0,2441,954,611.0062
5642,981,954,27,2441,0,0,2441,954,611.0062
5643,981,954,27,2441,0,0,2441,954,611.0062
5644,981,954,27,2441,0,0,2441,954,611.0062
5645,981,954,27,2441,0,0,2441,954,611.0062
5646,981,954,27,2441,0,0,2441,954,611.0062
5647,981,954,27,2441,0,0,2441,954,611.0062
5648,981,954,27,2441,0,0,2441,954,611.0062
5649,981,954,27,2441,0,0,2441,954,611.0062
5650,981,954,27,2441,0,0,2441,954,611.0062
5651,981,954,27,2441,0,0,2441,954,611.0062
5652,981,954,27,2441,0,0,2441,954,611.0062
5653,981,954,27,2441,0,0,2441,954,611.0062
5654,981,954,27,2441,0,0,2441,954,611.0062
5655,981,954,27,2441,0,0,2441,954,611.0062
5656,981,954,27,2441,0,0,2441,954,611.0062
5657,981,954,27,2441,0,0,2441,954,611.0062
5658,981,954,27,2441,0,0,2441,954,611.0062
5659,981,954,27,2441,0,0,2441,954,611.0062
5660,981,954,27,2441,0,0,2441,954,611.0062
5661,981,954,27,2441,0,0,2441,954,611.0062
5662,981,954,27,2441,0,0,2441,954,611.0062
5663,981,954,27,2441,0,0,2441,954,611.0062
5664,981,954,27,2441,0,0,2441,954,611.0062
5665,981,954,27,2441,0,0,2441,954,611.0062
5666,981,954,27,2441,0,0,2441,954,611.0062
5667,981,954,27,2441,0,0,2441,954,611.0062
5668,981,954,27,2441,0,0,2441,954,611.0062
5669,981,954,27,2441,0,0,2441,954,611.0062
5670,981,954,27,2441,0,0,2441,954,611.0062
5671,981,954,27,2441,0,0,2441,954,611.0062
5672,981,954,27,2441,0,0,2441,954,611.0062
5673,981,954,27,2441,0,0,2441,954,611.0062
5674,981,954,27,2441,0,0,2441,954,611.0062
5675,981,954,27,2441,0,0,2441,954,611.0062
5676,981,954,27,2441,0,0,2441,954,611.0062
5677,981,954,27,2441,0,0,2441,954,611.0062
5678,981,954,27,2441,0,0,2441,954,611.0062
5679,981,954,27,2441,0,0,2441,954,611.0062
5680,981,954,27,2441,0,0,2441,954,611.0062
5681,981,954,27,2441,0,0,2441,954,611.0062
5682,981,954,27,2441,0,0,2441,954,611.0062
5683,981,954,27,2441,0,0,2441,954,611.0062
5684,981,954,27,2441,0,0,2441,954,611.0062
5685,981,954,27,2441,0,0,2441,954,611.0062
5686,981,954,27,2441,0,0,2441,954,611.0062
5687,981,954,27,2441,0,0,2441,954,611.0062
5688,981,954,27,2441,0,0,2441,954,611.0062
5689,981,954,27,2441,0,0,2441,954,611.0062
5690,981,954,27,2441,0,0,2441,954,611.0062
5691,981,954,27,2441,0,0,2441,954,611.0062
5692,981,954,27,2441,0,0,2441,954,611.0062
5693,981,954,27,2441,0,0,2441,954,611.0062
5694,981,954,27,2441,0,0,2441,954,611.0062
5695,981,954,27,2441,0,0,2441,954,611.0062
5696,981,954,27,2441,0,0,2441,954,611.0062
5697,981,954,27,2441,0,0,2441,954,611.0062
5698,981,954,27,2441,0,0,2441,954,611.0062
5699,981,954,27,2441,0,0,2441,954,611.0062
5700,981,954,27,2441,0,0,2441,954,611.0062
5701,981,954,27,2441,0,0,2441,954,611.0062
5702,981,954,27,2441,0,0,2441,954,611.0062
5703,981,954,27,2441,0,0,2441,954,611.0062
5704,981,954,27,2441,0,0,2441,954,611.0062
5705,982,954,28,2441,0,0,2441,954,611.0062
5706,982,954,28,2441,0,0,2441,954,611.0062
5707,982,954,28,2441,0,0,2441,954,611.0062
5708,982,954,28,2441,0,0,2441,954,611.0062
5709,982,954,28,2441,0,0,2441,954,611.0062
5710,982,954,28,2441,0,0,2441,954,611.0062
5711,982,954,28,2441,0,0,2441,954,611.0062
5712,982,954,28,2441,0,0,2441,954,611.0062
5713,982,954,28,2441,0,0,2441,954,611.0062
5714,982,954,28,2441,0,0,2441,954,611.0062
5715,982,954,28,2441,0,0,2441,954,611.0062
5716,982,954,28,2441,0,0,2441,954,611.0062
5717,982,954,28,2441,0,0,2441,954,611.0062
5718,982,954,28,2441,0,0,2441,954,611.0062
5719,982,954,28,2441,0,0,2441,954,611.0062
5720,982,955,27,2446,0,0,2446,955,600.41956
5721,982,955,27,2446,0,0,2446,955,600.41956
5722,982,955,27,2446,0,0,2446,955,600.41956
5723,982,955,27,2446,0,0,2446,955,600.41956
5724,983,955,28,2446,0,0,2446,955,600.41956
5725,983,955,28,2446,0,0,2446,955,600.41956
5726,983,955,28,2446,0,0,2446,955,600.41956
5727,983,955,28,2446,0,0,2446,955,600.41956
5728,983,955,28,2446,0,0,2446,955,600.41956
5729,983,955,28,2446,0,0,2446,955,600.41956
5730,983,955,28,2446,0,0,2446,955,600.41956
5731,983,955,28,2446,0,0,2446,955,600.41956
5732,983,955,28,2446,0,0,2446,955,600.41956
5733,983,955,28,2446,0,0,2446,955,600.41956
5734,983,955,28,2446,0,0,2446,955,600.41956
5735,983,955,28,2446,0,0,2446,955,600.41956
5736,983,955,28,2446,0,0,2446,955,600.41956
5737,983,955,28,2446,0,0,2446,955,600.41956
5738,983,955,28,2446,0,0,2446,955,600.41956
5739,983,955,28,2446,0,0,2446,955,600.41956
5740,983,955,28,2446,0,0,2446,955,600.41956
5741,983,955,28,2446,0,0,2446,955,600.41956
5742,983,955,28,2446,0,0,2446,955,600.41956
5743,983,955,28,2446,0,0,2446,955,600.41956
5744,983,955,28,2446,0,0,2446,955,600.41956
5745,983,955,28,2446,0,0,2446,955,600.41956
5746,983,955,28,2446,0,0,2446,955,600.41956
5747,983,955,28,2446,0,0,2446,955,600.41956
5748,983,955,28,2446,0,0,2446,955,600.41956
5749,983,955,28,2446,0,0,2446,955,600.41956
5750,983,955,28,2446,0,0,2446,955,600.41956
5751,983,955,28,2446,0,0,2446,955,600.41956
5752,983,955,28,2446,0,0,2446,955,600.41956
5753,984,955,29,2446,0,0,2446,955,600.41956
5754,984,955,29,2446,0,0,2446,955,600.41956
5755,984,955,29,2446,0,0,2446,955,600.41956
5756,984,956,28,2447,0,0,2447,956,597.2898
5757,985,956,29,2447,0,0,2447,956,597.2898
5758,985,956,29,2447,0,0,2447,956,597.2898
5759,985,957,28,2448,0,0,2448,957,597.60376
5760,985,957,28,2448,0,0,2448,957,597.60376
5761,985,958,27,2450,0,0,2450,958,598.0212
5762,985,958,27,2450,0,0,2450,958,598.0212
5763,985,958,27,2450,0,0,2450,958,598.0212
5764,985,958,27,2450,0,0,2450,958,598.0212
5765,985,959,26,2451,0,0,2451,959,598.2307
5766,985,959,26,2451,0,0,2451,959,598.2307
5767,985,959,26,2451,0,0,2451,959,598.2307
5768,985,959,26,2451,0,0,2451,959,598.2307
5769,985,959,26,2451,0,0,2451,959,598.2307
5770,985,959,26,2451,0,0,2451,959,598.2307
5771,985,959,26,2451,0,0,2451,959,598.2307
5772,985,959,26,2451,0,0,2451,959,598.2307
5773,985,959,26,2451,0,0,2451,959,598.2307
5774,985,959,26,2451,0,0,2451,959,598.2307
5775,985,959,26,2451,0,0,2451,959,598.2307
5776,985,959,26,2451,0,0,2451,959,598.2307
5777,985,959,26,2451,0,0,2451,959,598.2307
5778,985,959,26,2451,0,0,2451,959,598.2307
5779,985,959,26,2451,0,0,2451,959,598.2307
5780,985,959,26,2451,0,0,2451,959,598.2307
5781,985,959,26,2451,0,0,2451,959,598.2307
5782,985,959,26,2451,0,0,2451,959,598.2307
5783,985,959,26,2451,0,0,2451,959,598.2307
5784,985,959,26,2451,0,0,2451,959,598.2307
5785,986,959,27,2451,0,0,2451,959,598.2307
5786,986,959,27,2451,0,0,2451,959,598.2307
5787,986,959,27,2451,0,0,2451,959,598.2307
5788,986,959,27,2451,0,0,2451,959,598.2307
5789,986,959,27,2451,0,0,2451,959,598.2307
5790,986,959,27,2451,0,0,2451,959,598.2307
5791,986,959,27,2451,0,0,2451,959,598.2307
5792,986,960,26,2456,0,0,2456,960,596.06354
5793,986,960,26,2456,0,0,2456,960,596.06354
5794,986,960,26,2456,0,0,2456,960,596.06354
5795,986,960,26,2456,0,0,2456,960,596.06354
5796,986,960,26,2456,0,0,2456,960,596.06354
5797,986,960,26,2456,0,0,2456,960,596.06354
5798,986,960,26,2456,0,0,2456,960,596.06354
5799,987,960,27,2456,0,0,2456,960,596.06354
5800,988,960,28,2456,0,0,2456,960,596.06354
5801,988,960,28,2456,0,0,2456,960,596.06354
5802,988,960,28,2456,0,0,2456,960,596.06354
5803,988,960,28,2456,0,0,2456,960,596.06354
5804,988,960,28,2456,0,0,2456,960,596.06354
5805,988,960,28,2456,0,0,2456,960,596.06354
5806,988,960,28,2456,0,0,2456,960,596.06354
5807,988,960,28,2456,0,0,2456,960,596.06354
5808,988,960,28,2456,0,0,2456,960,596.06354
5809,988,960,28,2456,0,0,2456,960,596.06354
5810,988,960,28,2456,0,0,2456,960,596.06354
5811,988,960,28,2456,0,0,2456,960,596.06354
5812,988,960,28,2456,0,0,2456,960,596.06354
5813,988,960,28,2456,0,0,2456,960,596.06354
5814,988,960,28,2456,0,0,2456,960,596.06354
5815,989,960,29,2456,0,0,2456,960,596.06354
5816,989,960,29,2456,0,0,2456,960,596.06354
5817,989,960,29,2456,0,0,2456,960,596.06354
5818,989,960,29,2456,0,0,2456,960,596.06354
5819,989,960,29,2456,0,0,2456,960,596.06354
5820,989,960,29,2456,0,0,2456,960,596.06354
5821,989,960,29,2456,0,0,2456,960,596.06354
5822,989,960,29,2456,0,0,2456,960,596.06354
5823,989,960,29,2456,0,0,2456,960,596.06354
5824,989,960,29,2456,0,0,2456,960,596.06354
5825,989,960,29,2456,0,0,2456,960,596.06354
5826,989,960,29,2456,0,0,2456,960,596.06354
5827,989,960,29,2456,0,0,2456,960,596.06354
5828,989,960,29,2456,0,0,2456,960,596.06354
5829,989,960,29,2456,0,0,2456,960,596.06354
5830,989,960,29,2456,0,0,2456,960,596.06354
5831,989,961,28,2459,0,0,2459,961,592.6942
5832,989,961,28,2459,0,0,2459,961,592.6942
5833,989,961,28,2459,0,0,2459,961,592.6942
5834,989,961,28,2459,0,0,2459,961,592.6942
5835,989,961,28,2459,0,0,2459,961,592.6942
5836,989,961,28,2459,0,0,2459,961,592.6942
5837,989,961,28,2459,0,0,2459,961,592.6942
5838,989,961,28,2459,0,0,2459,961,592.6942
5839,989,961,28,2459,0,0,2459,961,592.6942
5840,989,961,28,2459,0,0,2459,961,592.6942
5841,989,961,28,2459,0,0,2459,961,592.6942
5842,989,961,28,2459,0,0,2459,961,592.6942
5843,989,961,28,2459,0,0,2459,961,592.6942
5844,989,961,28,2459,0,0,2459,961,592.6942
5845,989,961,28,2459,0,0,2459,961,592.6942
5846,989,961,28,2459,0,0,2459,961,592.6942
5847,989,961,28,2459,0,0,2459,961,592.6942
5848,989,961,28,2459,0,0,2459,961,592.6942
5849,989,961,28,2459,0,0,2459,961,592.6942
5850,989,961,28,2459,0,0,2459,961,592.6942
5851,989,961,28,2459,0,0,2459,961,592.6942
5852,989,961,28,2459,0,0,2459,961,592.6942
5853,989,961,28,2459,0,0,2459,961,592.6942
5854,989,961,28,2459,0,0,2459,961,592.6942
5855,989,961,28,2459,0,0,2459,961,592.6942
5856,989,961,28,2459,0,0,2459,961,592.6942
5857,989,961,28,2459,0,0,2459,961,592.6942
5858,989,961,28,2459,0,0,2459,961,592.6942
5859,989,961,28,2459,0,0,2459,961,592.6942
5860,989,961,28,2459,0,0,2459,961,592.6942
5861,989,961,28,2459,0,0,2459,961,592.6942
5862,989,962,27,2460,0,0,2460,962,590.174
5863,989,962,27,2460,0,0,2460,962,590.174
5864,989,962,27,2460,0,0,2460,962,590.174
5865,989,962,27,2460,0,0,2460,962,590.174
5866,989,962,27,2460,0,0,2460,962,590.174
5867,989,962,27,2460,0,0,2460,962,590.174
5868,989,962,27,2460,0,0,2460,962,590.174
5869,989,962,27,2460,0,0,2460,962,590.174
5870,989,962,27,2460,0,0,2460,962,590.174
5871,989,962,27,2460,0,0,2460,962,590.174
5872,989,962,27,2460,0,0,2460,962,590.174
5873,989,962,27,2460,0,0,2460,962,590.174
5874,989,962,27,2460,0,0,2460,962,590.174
5875,989,962,27,2460,0,0,2460,962,590.174
5876,989,963,26,2462,0,0,2462,963,589.3805
5877,989,963,26,2462,0,0,2462,963,589.3805
5878,989,963,26,2462,0,0,2462,963,589.3805
5879,989,963,26,2462,0,0,2462,963,589.3805
5880,989,963,26,2462,0,0,2462,963,589.3805
5881,989,963,26,2462,0,0,2462,963,589.3805
5882,989,963,26,2462,0,0,2462,963,589.3805
5883,989,963,26,2462,0,0,2462,963,589.3805
5884,989,963,26,2462,0,0,2462,963,589.3805
5885,989,963,26,2462,0,0,2462,963,589.3805
5886,989,963,26,2462,0,0,2462,963,589.3805
5887,989,963,26,2462,0,0,2462,963,589.3805
5888,989,963,26,2462,0,0,2462,963,589.3805
5889,989,963,26,2462,0,0,2462,963,589.3805
5890,989,963,26,2462,0,0,2462,963,589.3805
5891,989,963,26,2462,0,0,2462,963,589.3805
5892,989,963,26,2462,0,0,2462,963,589.3805
5893,989,963,26,2462,0,0,2462,963,589.3805
5894,989,963,26,2462,0,0,2462,963,589.3805
5895,989,963,26,2462,0,0,2462,963,589.3805
5896,989,963,26,2462,0,0,2462,963,589.3805
5897,989,963,26,2462,0,0,2462,963,589.3805
5898,989,963,26,2462,0,0,2462,963,589.3805
5899,989,964,25,2464,0,0,2464,964,587.6928
5900,989,964,25,2464,0,0,2464,964,587.6928
5901,989,965,24,2466,0,0,2466,965,588.1037
5902,989,965,24,2466,0,0,2466,965,588.1037
5903,989,965,24,2466,0,0,2466,965,588.1037
5904,989,965,24,2466,0,0,2466,965,588.1037
5905,990,965,25,2466,0,0,2466,965,588.1037
5906,990,966,24,2469,0,0,2469,966,588.21533
5907,990,966,24,2469,0,0,2469,966,588.21533
5908,990,966,24,2469,0,0,2469,966,588.21533
5909,990,966,24,2469,0,0,2469,966,588.21533
5910,990,967,23,2473,0,0,2473,967,588.4264
5911,990,968,22,2474,0,0,2474,968,588.9359
5912,990,968,22,2474,0,0,2474,968,588.9359
5913,990,968,22,2474,0,0,2474,968,588.9359
5914,990,968,22,2474,0,0,2474,968,588.9359
5915,990,968,22,2474,0,0,2474,968,588.9359
5916,990,968,22,2474,0,0,2474,968,588.9359
5917,990,968,22,2474,0,0,2474,968,588.9359
5918,990,968,22,2474,0,0,2474,968,588.9359
5919,990,968,22,2474,0,0,2474,968,588.9359
5920,990,968,22,2474,0,0,2474,968,588.9359
5921,990,968,22,2474,0,0,2474,968,588.9359
5922,990,968,22,2474,0,0,2474,968,588.9359
5923,990,968,22,2474,0,0,2474,968,588.9359
5924,990,968,22,2474,0,0,2474,968,588.9359
5925,990,968,22,2474,0,0,2474,968,588.9359
5926,990,968,22,2474,0,0,2474,968,588.9359
5927,990,968,22,2474,0,0,2474,968,588.9359
5928,990,968,22,2474,0,0,2474,968,588.9359
5929,990,968,22,2474,0,0,2474,968,588.9359
5930,990,968,22,2474,0,0,2474,968,588.9359
5931,990,968,22,2474,0,0,2474,968,588.9359
5932,990,968,22,2474,0,0,2474,968,588.9359
5933,990,968,22,2474,0,0,2474,968,588.9359
5934,990,968,22,2474,0,0,2474,968,588.9359
5935,990,968,22,2474,0,0,2474,968,588.9359
5936,990,968,22,2474,0,0,2474,968,588.9359
5937,991,968,23,2474,0,0,2474,968,588.9359
5938,991,968,23,2474,0,0,2474,968,588.9359
5939,991,968,23,2474,0,0,2474,968,588.9359
5940,991,968,23,2474,0,0,2474,968,588.9359
5941,991,968,23,2474,0,0,2474,968,588.9359
5942,991,968,23,2474,0,0,2474,968,588.9359
5943,991,968,23,2474,0,0,2474,968,588.9359
5944,991,968,23,2474,0,0,2474,968,588.9359
5945,991,968,23,2474,0,0,2474,968,588.9359
5946,991,968,23,2474,0,0,2474,968,588.9359
5947,991,968,23,2474,0,0,2474,968,588.9359
5948,991,968,23,2474,0,0,2474,968,588.9359
5949,991,968,23,2474,0,0,2474,968,588.9359
5950,991,968,23,2474,0,0,2474,968,588.9359
5951,991,968,23,2474,0,0,2474,968,588.9359
5952,992,968,24,2474,0,0,2474,968,588.9359
5953,992,968,24,2474,0,0,2474,968,588.9359
5954,992,968,24,2474,0,0,2474,968,588.9359
5955,992,968,24,2474,0,0,2474,968,588.9359
5956,992,968,24,2474,0,0,2474,968,588.9359
5957,992,968,24,2474,0,0,2474,968,588.9359
5958,992,968,24,2474,0,0,2474,968,588.9359
5959,992,968,24,2474,0,0,2474,968,588.9359
5960,992,968,24,2474,0,0,2474,968,588.9359
5961,992,968,24,2474,0,0,2474,968,588.9359
5962,992,968,24,2474,0,0,2474,968,588.9359
5963,992,968,24,2474,0,0,2474,968,588.9359
5964,992,968,24,2474,0,0,2474,968,588.9359
5965,992,968,24,2474,0,0,2474,968,588.9359
5966,992,968,24,2474,0,0,2474,968,588.9359
5967,992,968,24,2474,0,0,2474,968,588.9359
5968,992,968,24,2474,0,0,2474,968,588.9359
5969,992,968,24,2474,0,0,2474,968,588.9359
5970,992,968,24,2474,0,0,2474,968,588.9359
5971,992,968,24,2474,0,0,2474,968,588.9359
5972,992,968,24,2474,0,0,2474,968,588.9359
5973,992,968,24,2474,0,0,2474,968,588.9359
5974,992,968,24,2474,0,0,2474,968,588.9359
5975,992,968,24,2474,0,0,2474,968,588.9359
5976,992,968,24,2474,0,0,2474,968,588.9359
5977,992,968,24,2474,0,0,2474,968,588.9359
5978,992,968,24,2474,0,0,2474,968,588.9359
5979,992,968,24,2474,0,0,2474,968,588.9359
5980,992,968,24,2474,0,0,2474,968,588.9359
5981,992,968,24,2474,0,0,2474,968,588.9359
5982,992,968,24,2474,0,0,2474,968,588.9359
5983,992,968,24,2474,0,0,2474,968,588.9359
5984,992,968,24,2474,0,0,2474,968,588.9359
5985,992,968,24,2474,0,0,2474,968,588.9359
5986,992,968,24,2474,0,0,2474,968,588.9359
5987,992,968,24,2474,0,0,2474,968,588.9359
5988,992,968,24,2474,0,0,2474,968,588.9359
5989,992,968,24,2474,0,0,2474,968,588.9359
5990,992,968,24,2474,0,0,2474,968,588.9359
5991,992,968,24,2474,0,0,2474,968,588.9359
5992,992,968,24,2474,0,0,2474,968,588.9359
5993,992,968,24,2474,0,0,2474,968,588.9359
5994,992,968,24,2474,0,0,2474,968,588.9359
5995,992,968,24,2474,0,0,2474,968,588.9359
5996,992,968,24,2474,0,0,2474,968,588.9359
5997,992,968,24,2474,0,0,2474,968,588.9359
5998,992,968,24,2474,0,0,2474,968,588.9359
5999,993,968,25,2474,0,0,2474,968,588.9359
6000,993,968,25,2474,0,0,2474,968,588.9359
6001,993,968,25,2474,0,0,2474,968,588.9359
6002,993,968,25,2474,0,0,2474,968,588.9359
6003,993,968,25,2474,0,0,2474,968,588.9359
6004,993,968,25,2474,0,0,2474,968,588.9359
6005,993,968,25,2474,0,0,2474,968,588.9359
6006,993,968,25,2474,0,0,2474,968,588.9359
6007,993,968,25,2474,0,0,2474,968,588.9359
6008,993,968,25,2474,0,0,2474,968,588.9359
6009,993,968,25,2474,0,0,2474,968,588.9359
6010,993,968,25,2474,0,0,2474,968,588.9359
6011,993,968,25,2474,0,0,2474,968,588.9359
6012,993,968,25,2474,0,0,2474,968,588.9359
6013,993,969,24,2477,0,0,2477,969,579.5443
6014,993,970,23,2479,0,0,2479,970,580.0466
6015,993,970,23,2479,0,0,2479,970,580.0466
6016,993,970,23,2479,0,0,2479,970,580.0466
6017,993,972,21,2483,0,0,2483,972,580.954
6018,993,972,21,2483,0,0,2483,972,580.954
6019,993,972,21,2483,0,0,2483,972,580.954
6020,993,972,21,2483,0,0,2483,972,580.954
6021,993,972,21,2483,0,0,2483,972,580.954
6022,993,972,21,2483,0,0,2483,972,580.954
6023,993,972,21,2483,0,0,2483,972,580.954
6024,993,972,21,2483,0,0,2483,972,580.954
6025,993,972,21,2483,0,0,2483,972,580.954
6026,993,973,20,2488,0,0,2488,973,580.6837
6027,993,973,20,2488,0,0,2488,973,580.6837
6028,993,973,20,2488,0,0,2488,973,580.6837
6029,993,973,20,2488,0,0,2488,973,580.6837
6030,993,973,20,2488,0,0,2488,973,580.6837
6031,994,973,20,2488,0,0,2488,973,580.6837
6032,994,973,20,2488,0,0,2488,973,580.6837
6033,994,973,21,2488,0,0,2488,973,580.6837
6034,994,973,21,2488,0,0,2488,973,580.6837
6035,994,973,21,2488,0,0,2488,973,580.6837
6036,994,973,21,2488,0,0,2488,973,580.6837
6037,994,973,21,2488,0,0,2488,973,580.6837
6038,994,973,21,2488,0,0,2488,973,580.6837
6039,994,973,21,2488,0,0,2488,973,580.6837
6040,994,973,21,2488,0,0,2488,973,580.6837
6041,994,973,21,2488,0,0,2488,973,580.6837
6042,994,973,21,2488,0,0,2488,973,580.6837
6043,994,973,21,2488,0,0,2488,973,580.6837
6044,994,973,21,2488,0,0,2488,973,580.6837
6045,994,973,21,2488,0,0,2488,973,580.6837
6046,994,973,21,2488,0,0,2488,973,580.6837
6047,994,973,21,2488,0,0,2488,973,580.6837
6048,994,973,21,2488,0,0,2488,973,580.6837
6049,994,973,21,2488,0,0,2488,973,580.6837
6050,994,973,21,2488,0,0,2488,973,580.6837
6051,994,973,21,2488,0,0,2488,973,580.6837
6052,994,973,21,2488,0,0,2488,973,580.6837
6053,994,973,21,2488,0,0,2488,973,580.6837
6054,994,974,20,2490,0,0,2490,974,578.59265
6055,994,974,20,2490,0,0,2490,974,578.59265
6056,994,974,20,2490,0,0,2490,974,578.59265
6057,994,974,20,2490,0,0,2490,974,578.59265
6058,994,974,20,2490,0,0,2490,974,578.59265
6059,994,974,20,2490,0,0,2490,974,578.59265
6060,994,974,20,2490,0,0,2490,974,578.59265
6061,994,974,20,2490,0,0,2490,974,578.59265
6062,994,974,20,2490,0,0,2490,974,578.59265
6063,994,974,20,2490,0,0,2490,974,578.59265
6064,994,974,20,2490,0,0,2490,974,578.59265
6065,994,974,20,2490,0,0,2490,974,578.59265
6066,994,974,20,2490,0,0,2490,974,578.59265
6067,994,974,20,2490,0,0,2490,974,578.59265
6068,994,974,20,2490,0,0,2490,974,578.59265
6069,994,974,20,2490,0,0,2490,974,578.59265
6070,994,974,20,2490,0,0,2490,974,578.59265
6071,994,974,20,2490,0,0,2490,974,578.59265
6072,994,974,20,2490,0,0,2490,974,578.59265
6073,994,974,20,2490,0,0,2490,974,578.59265
6074,994,974,20,2490,0,0,2490,974,578.59265
6075,994,974,20,2490,0,0,2490,974,578.59265
6076,994,974,20,2490,0,0,2490,974,578.59265
6077,994,974,20,2490,0,0,2490,974,578.59265
6078,994,974,20,2490,0,0,2490,974,578.59265
6079,994,974,20,2490,0,0,2490,974,578.59265
6080,994,974,20,2490,0,0,2490,974,578.59265
6081,994,974,20,2490,0,0,2490,974,578.59265
6082,994,974,20,2490,0,0,2490,974,578.59265
6083,994,974,20,2490,0,0,2490,974,578.59265
6084,994,974,20,2490,0,0,2490,974,578.59265
6085,994,974,20,2490,0,0,2490,974,578.59265
6086,994,974,20,2490,0,0,2490,974,578.59265
6087,994,974,20,2490,0,0,2490,974,578.59265
6088,994,974,20,2490,0,0,2490,974,578.59265
6089,994,974,20,2490,0,0,2490,974,578.59265
6090,994,974,20,2490,0,0,2490,974,578.59265
6091,994,974,20,2490,0,0,2490,974,578.59265
6092,994,974,20,2490,0,0,2490,974,578.59265
6093,994,974,20,2490,0,0,2490,974,578.59265
6094,994,974,20,2490,0,0,2490,974,578.59265
6095,994,974,20,2490,0,0,2490,974,578.59265
6096,994,974,20,2490,0,0,2490,974,578.59265
6097,994,974,20,2490,0,0,2490,974,578.59265
6098,994,974,20,2490,0,0,2490,974,578.59265
6099,994,974,20,2490,0,0,2490,974,578.59265
6100,994,974,20,2490,0,0,2490,974,578.59265
6101,994,974,20,2490,0,0,2490,974,578.59265
6102,994,974,20,2490,0,0,2490,974,578.59265
6103,994,974,20,2490,0,0,2490,974,578.59265
6104,994,974,20,2490,0,0,2490,974,578.59265
6105,994,974,20,2490,0,0,2490,974,578.59265
6106,994,974,20,2490,0,0,2490,974,578.59265
6107,994,974,20,2490,0,0,2490,974,578.59265
6108,994,974,20,2490,0,0,2490,974,578.59265
6109,994,974,20,2490,0,0,2490,974,578.59265
6110,994,974,20,2490,0,0,2490,974,578.59265
6111,994,974,20,2490,0,0,2490,974,578.59265
6112,994,974,20,2490,0,0,2490,974,578.59265
6113,995,974,21,2490,0,0,2490,974,578.59265
6114,995,974,21,2490,0,0,2490,974,578.59265
6115,995,974,21,2490,0,0,2490,974,578.59265
6116,995,974,21,2490,0,0,2490,974,578.59265
6117,995,974,21,2490,0,0,2490,974,578.59265
6118,995,974,21,2490,0,0,2490,974,578.59265
6119,995,974,21,2490,0,0,2490,974,578.59265
6120,995,974,21,2490,0,0,2490,974,578.59265
6121,995,974,21,2490,0,0,2490,974,578.59265
6122,995,974,21,2490,0,0,2490,974,578.59265
6123,995,974,21,2490,0,0,2490,974,578.59265
6124,995,974,21,2490,0,0,2490,974,578.59265
6125,995,974,21,2490,0,0,2490,974,578.59265
6126,995,974,21,2490,0,0,2490,974,578.59265
6127,995,974,21,2490,0,0,2490,974,578.59265
6128,995,974,21,2490,0,0,2490,974,578.59265
6129,995,974,21,2490,0,0,2490,974,578.59265
6130,995,974,21,2490,0,0,2490,974,578.59265
6131,995,974,21,2490,0,0,2490,974,578.59265
6132,995,974,21,2490,0,0,2490,974,578.59265
6133,996,974,22,2490,0,0,2490,974,578.59265
6134,996,974,22,2490,0,0,2490,974,578.59265
6135,996,974,22,2490,0,0,2490,974,578.59265
6136,996,974,22,2490,0,0,2490,974,578.59265
6137,996,974,22,2490,0,0,2490,974,578.59265
6138,996,974,22,2490,0,0,2490,974,578.59265
6139,996,974,22,2490,0,0,2490,974,578.59265
6140,996,974,22,2490,0,0,2490,974,578.59265
6141,996,974,22,2490,0,0,2490,974,578.59265
6142,996,974,22,2490,0,0,2490,974,578.59265
6143,996,974,22,2490,0,0,2490,974,578.59265
6144,996,974,22,2490,0,0,2490,974,578.59265
6145,996,974,22,2490,0,0,2490,974,578.59265
6146,996,974,22,2490,0,0,2490,974,578.59265
6147,996,974,22,2490,0,0,2490,974,578.59265
6148,996,974,22,2490,0,0,2490,974,578.59265
6149,996,974,22,2490,0,0,2490,974,578.59265
6150,996,974,22,2490,0,0,2490,974,578.59265
6151,996,974,22,2490,0,0,2490,974,578.59265
6152,996,974,22,2490,0,0,2490,974,578.59265
6153,996,974,22,2490,0,0,2490,974,578.59265
6154,996,974,22,2490,0,0,2490,974,578.59265
6155,996,974,22,2490,0,0,2490,974,578.59265
6156,996,974,22,2490,0,0,2490,974,578.59265
6157,996,974,22,2490,0,0,2490,974,578.59265
6158,996,974,22,2490,0,0,2490,974,578.59265
6159,996,974,22,2490,0,0,2490,974,578.59265
6160,996,974,22,2490,0,0,2490,974,578.59265
6161,996,974,22,2490,0,0,2490,974,578.59265
6162,996,974,22,2490,0,0,2490,974,578.59265
6163,996,974,22,2490,0,0,2490,974,578.59265
6164,996,974,22,2490,0,0,2490,974,578.59265
6165,996,974,22,2490,0,0,2490,974,578.59265
6166,996,974,22,2490,0,0,2490,974,578.59265
6167,996,974,22,2490,0,0,2490,974,578.59265
6168,997,974,23,2490,0,0,2490,974,578.59265
6169,997,974,23,2490,0,0,2490,974,578.59265
6170,997,974,23,2490,0,0,2490,974,578.59265
6171,997,974,23,2490,0,0,2490,974,578.59265
6172,997,974,23,2490,0,0,2490,974,578.59265
6173,997,974,23,2490,0,0,2490,974,578.59265
6174,997,974,23,2490,0,0,2490,974,578.59265
6175,997,974,23,2490,0,0,2490,974,578.59265
6176,997,974,23,2490,0,0,2490,974,578.59265
6177,997,974,23,2490,0,0,2490,974,578.59265
6178,997,974,23,2490,0,0,2490,974,578.59265
6179,997,974,23,2490,0,0,2490,974,578.59265
6180,997,974,23,2490,0,0,2490,974,578.59265
6181,997,974,23,2490,0,0,2490,974,578.59265
6182,997,974,23,2490,0,0,2490,974,578.59265
6183,997,974,23,2490,0,0,2490,974,578.59265
6184,997,974,23,2490,0,0,2490,974,578.59265
6185,997,974,23,2490,0,0,2490,974,578.59265
6186,997,974,23,2490,0,0,2490,974,578.59265
6187,997,974,23,2490,0,0,2490,974,578.59265
6188,997,974,23,2490,0,0,2490,974,578.59265
6189,997,974,23,2490,0,0,2490,974,578.59265
6190,997,974,23,2490,0,0,2490,974,578.59265
6191,997,974,23,2490,0,0,2490,974,578.59265
6192,997,974,23,2490,0,0,2490,974,578.59265
6193,997,974,23,2490,0,0,2490,974,578.59265
6194,997,974,23,2490,0,0,2490,974,578.59265
6195,997,974,23,2490,0,0,2490,974,578.59265
6196,997,974,23,2490,0,0,2490,974,578.59265
6197,997,974,23,2490,0,0,2490,974,578.59265
6198,997,974,23,2490,0,0,2490,974,578.59265
6199,997,974,23,2490,0,0,2490,974,578.59265
6200,997,974,23,2490,0,0,2490,974,578.59265
6201,997,974,23,2490,0,0,2490,974,578.59265
6202,997,974,23,2490,0,0,2490,974,578.59265
6203,997,974,23,2490,0,0,2490,974,578.59265
6204,997,974,23,2490,0,0,2490,974,578.59265
6205,997,974,23,2490,0,0,2490,974,578.59265
6206,997,974,23,2490,0,0,2490,974,578.59265
6207,997,974,23,2490,0,0,2490,974,578.59265
6208,997,974,23,2490,0,0,2490,974,578.59265
6209,997,974,23,2490,0,0,2490,974,578.59265
6210,997,974,23,2490,0,0,2490,974,578.59265
6211,997,974,23,2490,0,0,2490,974,578.59265
6212,997,974,23,2490,0,0,2490,974,578.59265
6213,997,974,23,2490,0,0,2490,974,578.59265
6214,998,974,24,2490,0,0,2490,974,578.59265
6215,998,974,24,2490,0,0,2490,974,578.59265
6216,998,974,24,2490,0,0,2490,974,578.59265
6217,998,974,24,2490,0,0,2490,974,578.59265
6218,999,974,25,2490,0,0,2490,974,578.59265
6219,999,974,25,2490,0,0,2490,974,578.59265
6220,999,974,25,2490,0,0,2490,974,578.59265
6221,999,974,25,2490,0,0,2490,974,578.59265
6222,999,974,25,2490,0,0,2490,974,578.59265
6223,999,974,25,2490,0,0,2490,974,578.59265
6224,999,974,25,2490,0,0,2490,974,578.59265
6225,999,974,25,2490,0,0,2490,974,578.59265
6226,999,974,25,2490,0,0,2490,974,578.59265
6227,999,974,25,2490,0,0,2490,974,578.59265
6228,999,974,25,2490,0,0,2490,974,578.59265
6229,999,974,25,2490,0,0,2490,974,578.59265
6230,999,974,25,2490,0,0,2490,974,578.59265
6231,999,974,25,2490,0,0,2490,974,578.59265
6232,999,974,25,2490,0,0,2490,974,578.59265
6233,999,974,25,2490,0,0,2490,974,578.59265
6234,999,974,25,2490,0,0,2490,974,578.59265
6235,999,975,24,2494,0,0,2494,975,562.3737
6236,999,976,23,2498,0,0,2498,976,562.86084
6237,999,976,23,2498,0,0,2498,976,562.86084
6238,999,976,23,2498,0,0,2498,976,562.86084
6239,999,977,22,2500,0,0,2500,977,563.1672
6240,999,977,22,2500,0,0,2500,977,563.1672
6241,999,977,22,2500,0,0,2500,977,563.1672
6242,999,978,21,2503,0,0,2503,978,563.47327
6243,999,978,21,2503,0,0,2503,978,563.47327
6244,999,978,21,2503,0,0,2503,978,563.47327
6245,999,978,21,2503,0,0,2503,978,563.47327
6246,999,978,21,2503,0,0,2503,978,563.47327
6247,999,978,21,2503,0,0,2503,978,563.47327
6248,999,978,21,2503,0,0,2503,978,563.47327
6249,999,978,21,2503,0,0,2503,978,563.47327
6250,999,978,21,2503,0,0,2503,978,563.47327
6251,999,978,21,2503,0,0,2503,978,563.47327
6252,999,978,21,2503,0,0,2503,978,563.47327
6253,999,978,21,2503,0,0,2503,978,563.47327
6254,999,978,21,2503,0,0,2503,978,563.47327
6255,999,978,21,2503,0,0,2503,978,563.47327
6256,999,978,21,2503,0,0,2503,978,563.47327
6257,999,978,21,2503,0,0,2503,978,563.47327
6258,999,978,21,2503,0,0,2503,978,563.47327
6259,999,978,21,2503,0,0,2503,978,563.47327
6260,999,978,21,2503,0,0,2503,978,563.47327
6261,999,978,21,2503,0,0,2503,978,563.47327
6262,999,978,21,2503,0,0,2503,978,563.47327
6263,999,978,21,2503,0,0,2503,978,563.47327
6264,999,978,21,2503,0,0,2503,978,563.47327
6265,999,978,21,2503,0,0,2503,978,563.47327
6266,999,978,21,2503,0,0,2503,978,563.47327
6267,999,978,21,2503,0,0,2503,978,563.47327
6268,999,978,21,2503,0,0,2503,978,563.47327
6269,999,978,21,2503,0,0,2503,978,563.47327
6270,999,978,21,2503,0,0,2503,978,563.47327
6271,999,978,21,2503,0,0,2503,978,563.47327
6272,999,978,21,2503,0,0,2503,978,563.47327
6273,999,978,21,2503,0,0,2503,978,563.47327
6274,999,978,21,2503,0,0,2503,978,563.47327
6275,999,978,21,2503,0,0,2503,978,563.47327
6276,999,978,21,2503,0,0,2503,978,563.47327
6277,999,978,21,2503,0,0,2503,978,563.47327
6278,999,978,21,2503,0,0,2503,978,563.47327
6279,999,978,21,2503,0,0,2503,978,563.47327
6280,999,978,21,2503,0,0,2503,978,563.47327
6281,999,978,21,2503,0,0,2503,978,563.47327
6282,999,978,21,2503,0,0,2503,978,563.47327
6283,999,978,21,2503,0,0,2503,978,563.47327
6284,999,978,21,2503,0,0,2503,978,563.47327
6285,999,979,20,2504,0,0,2504,979,560.1909
6286,999,979,20,2504,0,0,2504,979,560.1909
6287,999,979,20,2504,0,0,2504,979,560.1909
6288,999,979,20,2504,0,0,2504,979,560.1909
6289,999,979,20,2504,0,0,2504,979,560.1909
6290,999,979,20,2504,0,0,2504,979,560.1909
6291,999,979,20,2504,0,0,2504,979,560.1909
6292,999,979,20,2504,0,0,2504,979,560.1909
6293,999,979,20,2504,0,0,2504,979,560.1909
6294,999,979,20,2504,0,0,2504,979,560.1909
6295,999,979,20,2504,0,0,2504,979,560.1909
6296,999,979,20,2504,0,0,2504,979,560.1909
6297,999,979,20,2504,0,0,2504,979,560.1909
6298,999,979,20,2504,0,0,2504,979,560.1909
6299,999,979,20,2504,0,0,2504,979,560.1909
6300,999,979,20,2504,0,0,2504,979,560.1909
6301,999,979,20,2504,0,0,2504,979,560.1909
6302,999,979,20,2504,0,0,2504,979,560.1909
6303,999,979,20,2504,0,0,2504,979,560.1909
6304,999,979,20,2504,0,0,2504,979,560.1909
6305,999,979,20,2504,0,0,2504,979,560.1909
6306,999,980,19,2507,0,0,2507,980,558.8963
6307,999,980,19,2507,0,0,2507,980,558.8963
6308,999,980,19,2507,0,0,2507,980,558.8963
6309,999,980,19,2507,0,0,2507,980,558.8963
6310,999,980,19,2507,0,0,2507,980,558.8963
6311,999,980,19,2507,0,0,2507,980,558.8963
6312,1000,980,20,2507,0,0,2507,980,558.8963
6313,1000,980,20,2507,0,0,2507,980,558.8963
6314,1000,980,20,2507,0,0,2507,980,558.8963
6315,1000,980,20,2507,0,0,2507,980,558.8963
6316,1000,980,20,2507,0,0,2507,980,558.8963
6317,1000,980,20,2507,0,0,2507,980,558.8963
6318,1000,980,20,2507,0,0,2507,980,558.8963
6319,1000,980,20,2507,0,0,2507,980,558.8963
6320,1000,980,20,2507,0,0,2507,980,558.8963
6321,1000,980,20,2507,0,0,2507,980,558.8963
6322,1000,980,20,2507,0,0,2507,980,558.8963
6323,1000,980,20,2507,0,0,2507,980,558.8963
6324,1000,980,20,2507,0,0,2507,980,558.8963
6325,1000,980,20,2507,0,0,2507,980,558.8963
6326,1000,980,20,2507,0,0,2507,980,558.8963
6327,1000,980,20,2507,0,0,2507,980,558.8963
6328,1000,980,20,2507,0,0,2507,980,558.8963
6329,1000,980,20,2507,0,0,2507,980,558.8963
6330,1000,980,20,2507,0,0,2507,980,558.8963
6331,1000,980,20,2507,0,0,2507,980,558.8963
6332,1000,980,20,2507,0,0,2507,980,558.8963
6333,1000,980,20,2507,0,0,2507,980,558.8963
6334,1000,980,20,2507,0,0,2507,980,558.8963
6335,1000,980,20,2507,0,0,2507,980,558.8963
6336,1000,980,20,2507,0,0,2507,980,558.8963
6337,1000,980,20,2507,0,0,2507,980,558.8963
6338,1000,980,20,2507,0,0,2507,980,558.8963
6339,1000,980,20,2507,0,0,2507,980,558.8963
6340,1000,980,20,2507,0,0,2507,980,558.8963
6341,1000,980,20,2507,0,0,2507,980,558.8963
6342,1000,980,20,2507,0,0,2507,980,558.8963
6343,1000,980,20,2507,0,0,2507,980,558.8963
6344,1000,980,20,2507,0,0,2507,980,558.8963
6345,1000,980,20,2507,0,0,2507,980,558.8963
6346,1000,980,20,2507,0,0,2507,980,558.8963
6347,1000,980,20,2507,0,0,2507,980,558.8963
6348,1000,980,20,2507,0,0,2507,980,558.8963
6349,1000,980,20,2507,0,0,2507,980,558.8963
6350,1000,980,20,2507,0,0,2507,980,558.8963
6351,1000,980,20,2507,0,0,2507,980,558.8963
6352,1000,980,20,2507,0,0,2507,980,558.8963
6353,1000,980,20,2507,0,0,2507,980,558.8963
6354,1000,980,20,2507,0,0,2507,980,558.8963
6355,1000,980,20,2507,0,0,2507,980,558.8963
6356,1000,980,20,2507,0,0,2507,980,558.8963
6357,1000,980,20,2507,0,0,2507,980,558.8963
6358,1000,980,20,2507,0,0,2507,980,558.8963
6359,1000,980,20,2507,0,0,2507,980,558.8963
6360,1000,980,20,2507,0,0,2507,980,558.8963
6361,1000,980,20,2507,0,0,2507,980,558.8963
6362,1000,980,20,2507,0,0,2507,980,558.8963
6363,1000,980,20,2507,0,0,2507,980,558.8963
6364,1000,980,20,2507,0,0,2507,980,558.8963
6365,1000,980,20,2507,0,0,2507,980,558.8963
6366,1000,980,20,2507,0,0,2507,980,558.8963
6367,1000,980,20,2507,0,0,2507,980,558.8963
6368,1000,980,20,2507,0,0,2507,980,558.8963
6369,1000,980,20,2507,0,0,2507,980,558.8963
6370,1000,980,20,2507,0,0,2507,980,558.8963
6371,1000,980,20,2507,0,0,2507,980,558.8963
6372,1000,980,20,2507,0,0,2507,980,558.8963
6373,1000,980,20,2507,0,0,2507,980,558.8963
6374,1000,980,20,2507,0,0,2507,980,558.8963
6375,1000,980,20,2507,0,0,2507,980,558.8963
6376,1000,980,20,2507,0,0,2507,980,558.8963
6377,1000,980,20,2507,0,0,2507,980,558.8963
6378,1000,980,20,2507,0,0,2507,980,558.8963
6379,1000,980,20,2507,0,0,2507,980,558.8963
6380,1000,980,20,2507,0,0,2507,980,558.8963
6381,1000,980,20,2507,0,0,2507,980,558.8963
6382,1000,980,20,2507,0,0,2507,980,558.8963
6383,1000,980,20,2507,0,0,2507,980,558.8963
6384,1000,980,20,2507,0,0,2507,980,558.8963
6385,1000,980,20,2507,0,0,2507,980,558.8963
6386,1000,980,20,2507,0,0,2507,980,558.8963
6387,1000,980,20,2507,0,0,2507,980,558.8963
6388,1000,980,20,2507,0,0,2507,980,558.8963
6389,1000,980,20,2507,0,0,2507,980,558.8963
6390,1000,980,20,2507,0,0,2507,980,558.8963
6391,1000,980,20,2507,0,0,2507,980,558.8963
6392,1000,980,20,2507,0,0,2507,980,558.8963
6393,1000,980,20,2507,0,0,2507,980,558.8963
6394,1000,980,20,2507,0,0,2507,980,558.8963
6395,1000,980,20,2507,0,0,2507,980,558.8963
6396,1000,980,20,2507,0,0,2507,980,558.8963
6397,1000,980,20,2507,0,0,2507,980,558.8963
6398,1000,980,20,2507,0,0,2507,980,558.8963
6399,1000,980,20,2507,0,0,2507,980,558.8963
6400,1000,980,20,2507,0,0,2507,980,558.8963
6401,1000,981,19,2508,0,0,2508,981,551.1639
6402,1000,981,19,2508,0,0,2508,981,551.1639
6403,1000,981,19,2508,0,0,2508,981,551.1639
6404,1000,981,19,2508,0,0,2508,981,551.1639
6405,1000,981,19,2508,0,0,2508,981,551.1639
6406,1000,981,19,2508,0,0,2508,981,551.1639
6407,1000,981,19,2508,0,0,2508,981,551.1639
6408,1000,981,19,2508,0,0,2508,981,551.1639
6409,1000,981,19,2508,0,0,2508,981,551.1639
6410,1000,981,19,2508,0,0,2508,981,551.1639
6411,1000,981,19,2508,0,0,2508,981,551.1639
6412,1000,981,19,2508,0,0,2508,981,551.1639
6413,1000,981,19,2508,0,0,2508,981,551.1639
6414,1000,981,19,2508,0,0,2508,981,551.1639
6415,1000,981,19,2508,0,0,2508,981,551.1639
6416,1000,981,19,2508,0,0,2508,981,551.1639
6417,1000,981,19,2508,0,0,2508,981,551.1639
6418,1000,981,19,2508,0,0,2508,981,551.1639
6419,1000,981,19,2508,0,0,2508,981,551.1639
6420,1000,981,19,2508,0,0,2508,981,551.1639
6421,1000,981,19,2508,0,0,2508,981,551.1639
6422,1000,981,19,2508,0,0,2508,981,551.1639
6423,1000,981,19,2508,0,0,2508,981,551.1639
6424,1000,981,19,2508,0,0,2508,981,551.1639
6425,1000,981,19,2508,0,0,2508,981,551.1639
6426,1000,981,19,2508,0,0,2508,981,551.1639
6427,1000,981,19,2508,0,0,2508,981,551.1639
6428,1000,981,19,2508,0,0,2508,981,551.1639
6429,1000,981,19,2508,0,0,2508,981,551.1639
6430,1000,981,19,2508,0,0,2508,981,551.1639
6431,1000,981,19,2508,0,0,2508,981,551.1639
6432,1000,981,19,2508,0,0,2508,981,551.1639
6433,1000,981,19,2508,0,0,2508,981,551.1639
6434,1000,981,19,2508,0,0,2508,981,551.1639
6435,1000,981,19,2508,0,0,2508,981,551.1639
6436,1000,981,19,2508,0,0,2508,981,551.1639
6437,1000,982,18,2510,0,0,2510,982,548.6406
6438,1000,982,18,2510,0,0,2510,982,548.6406
6439,1000,982,18,2510,0,0,2510,982,548.6406
6440,1000,982,18,2510,0,0,2510,982,548.6406
6441,1000,982,18,2510,0,0,2510,982,548.6406
6442,1000,982,18,2510,0,0,2510,982,548.6406
6443,1000,982,18,2510,0,0,2510,982,548.6406
6444,1000,982,18,2510,0,0,2510,982,548.6406
6445,1000,982,18,2510,0,0,2510,982,548.6406
6446,1000,982,18,2510,0,0,2510,982,548.6406
6447,1000,983,17,2514,0,0,2514,983,548.3481
6448,1000,983,17,2514,0,0,2514,983,548.3481
6449,1000,983,17,2514,0,0,2514,983,548.3481
6450,1000,983,17,2514,0,0,2514,983,548.3481
6451,1000,983,17,2514,0,0,2514,983,548.3481
6452,1000,983,17,2514,0,0,2514,983,548.3481
6453,1000,983,17,2514,0,0,2514,983,548.3481
6454,1000,983,17,2514,0,0,2514,983,548.3481
6455,1000,983,17,2514,0,0,2514,983,548.3481
6456,1000,983,17,2514,0,0,2514,983,548.3481
6457,1000,983,17,2514,0,0,2514,983,548.3481
6458,1000,983,17,2514,0,0,2514,983,548.3481
6459,1000,983,17,2514,0,0,2514,983,548.3481
6460,1000,983,17,2514,0,0,2514,983,548.3481
6461,1000,983,17,2514,0,0,2514,983,548.3481
6462,1000,983,17,2514,0,0,2514,983,548.3481
6463,1000,983,17,2514,0,0,2514,983,548.3481
6464,1000,983,17,2514,0,0,2514,983,548.3481
6465,1000,983,17,2514,0,0,2514,983,548.3481
6466,1000,983,17,2514,0,0,2514,983,548.3481
6467,1000,983,17,2514,0,0,2514,983,548.3481
6468,1000,983,17,2514,0,0,2514,983,548.3481
6469,1000,983,17,2514,0,0,2514,983,548.3481
6470,1000,983,17,2514,0,0,2514,983,548.3481
6471,1000,983,17,2514,0,0,2514,983,548.3481
6472,1000,983,17,2514,0,0,2514,983,548.3481
6473,1000,983,17,2514,0,0,2514,983,548.3481
6474,1000,983,17,2514,0,0,2514,983,548.3481
6475,1000,983,17,2514,0,0,2514,983,548.3481
6476,1000,983,17,2514,0,0,2514,983,548.3481
6477,1000,983,17,2514,0,0,2514,983,548.3481
6478,1000,983,17,2514,0,0,2514,983,548.3481
6479,1000,983,17,2514,0,0,2514,983,548.3481
6480,1000,983,17,2514,0,0,2514,983,548.3481
6481,1000,983,17,2514,0,0,2514,983,548.3481
6482,1000,983,17,2514,0,0,2514,983,548.3481
6483,1000,983,17,2514,0,0,2514,983,548.3481
6484,1000,983,17,2514,0,0,2514,983,548.3481
6485,1000,983,17,2514,0,0,2514,983,548.3481
6486,1000,983,17,2514,0,0,2514,983,548.3481
6487,1000,983,17,2514,0,0,2514,983,548.3481
6488,1000,984,16,2515,0,0,2515,984,545.43774
6489,1000,984,16,2515,0,0,2515,984,545.43774
6490,1000,985,15,2517,0,0,2517,985,545.82434
6491,1000,986,14,2518,0,0,2518,986,546.29486
6492,1000,986,14,2518,0,0,2518,986,546.29486
6493,1000,986,14,2518,0,0,2518,986,546.29486
6494,1000,986,14,2518,0,0,2518,986,546.29486
6495,1000,986,14,2518,0,0,2518,986,546.29486
6496,1000,986,14,2518,0,0,2518,986,546.29486
6497,1000,986,14,2518,0,0,2518,986,546.29486
6498,1000,986,14,2518,0,0,2518,986,546.29486
6499,1000,986,14,2518,0,0,2518,986,546.29486
6500,1000,986,14,2518,0,0,2518,986,546.29486
6501,1000,986,14,2518,0,0,2518,986,546.29486
6502,1000,986,14,2518,0,0,2518,986,546.29486
6503,1000,986,14,2518,0,0,2518,986,546.29486
6504,1000,986,14,2518,0,0,2518,986,546.29486
6505,1000,986,14,2518,0,0,2518,986,546.29486
6506,1000,986,14,2518,0,0,2518,986,546.29486
6507,1000,986,14,2518,0,0,2518,986,546.29486
6508,1000,986,14,2518,0,0,2518,986,546.29486
6509,1000,986,14,2518,0,0,2518,986,546.29486
6510,1000,986,14,2518,0,0,2518,986,546.29486
6511,1000,986,14,2518,0,0,2518,986,546.29486
6512,1000,986,14,2518,0,0,2518,986,546.29486
6513,1000,986,14,2518,0,0,2518,986,546.29486
6514,1000,986,14,2518,0,0,2518,986,546.29486
6515,1000,986,14,2518,0,0,2518,986,546.29486
6516,1000,986,14,2518,0,0,2518,986,546.29486
6517,1000,986,14,2518,0,0,2518,986,546.29486
6518,1000,986,14,2518,0,0,2518,986,546.29486
6519,1000,986,14,2518,0,0,2518,986,546.29486
6520,1000,986,14,2518,0,0,2518,986,546.29486
6521,1000,986,14,2518,0,0,2518,986,546.29486
6522,1000,986,14,2518,0,0,2518,986,546.29486
6523,1000,986,14,2518,0,0,2518,986,546.29486
6524,1000,986,14,2518,0,0,2518,986,546.29486
6525,1000,986,14,2518,0,0,2518,986,546.29486
6526,1000,986,14,2518,0,0,2518,986,546.29486
6527,1000,986,14,2518,0,0,2518,986,546.29486
6528,1000,986,14,2518,0,0,2518,986,546.29486
6529,1000,986,14,2518,0,0,2518,986,546.29486
6530,1000,986,14,2518,0,0,2518,986,546.29486
6531,1000,986,14,2518,0,0,2518,986,546.29486
6532,1000,986,14,2518,0,0,2518,986,546.29486
6533,1000,986,14,2518,0,0,2518,986,546.29486
6534,1000,986,14,2518,0,0,2518,986,546.29486
6535,1000,986,14,2518,0,0,2518,986,546.29486
6536,1000,986,14,2518,0,0,2518,986,546.29486
6537,1000,986,14,2518,0,0,2518,986,546.29486
6538,1000,986,14,2518,0,0,2518,986,546.29486
6539,1000,986,14,2518,0,0,2518,986,546.29486
6540,1000,986,14,2518,0,0,2518,986,546.29486
6541,1000,986,14,2518,0,0,2518,986,546.29486
6542,1000,986,14,2518,0,0,2518,986,546.29486
6543,1000,986,14,2518,0,0,2518,986,546.29486
6544,1000,986,14,2518,0,0,2518,986,546.29486
6545,1000,986,14,2518,0,0,2518,986,546.29486
6546,1000,986,14,2518,0,0,2518,986,546.29486
6547,1000,986,14,2518,0,0,2518,986,546.29486
6548,1000,986,14,2518,0,0,2518,986,546.29486
6549,1000,986,14,2518,0,0,2518,986,546.29486
6550,1000,986,14,2518,0,0,2518,986,546.29486
6551,1000,986,14,2518,0,0,2518,986,546.29486
6552,1000,986,14,2518,0,0,2518,986,546.29486
6553,1000,986,14,2518,0,0,2518,986,546.29486
6554,1000,986,14,2518,0,0,2518,986,546.29486
6555,1000,986,14,2518,0,0,2518,986,546.29486
6556,1000,986,14,2518,0,0,2518,986,546.29486
6557,1000,987,13,2520,0,0,2520,987,541.34515
6558,1000,987,13,2520,0,0,2520,987,541.34515
6559,1000,987,13,2520,0,0,2520,987,541.34515
6560,1000,987,13,2520,0,0,2520,987,541.34515
6561,1000,987,13,2520,0,0,2520,987,541.34515
6562,1000,987,13,2520,0,0,2520,987,541.34515
6563,1000,987,13,2520,0,0,2520,987,541.34515
6564,1000,988,12,2523,0,0,2523,988,541.3163
6565,1000,988,12,2523,0,0,2523,988,541.3163
6566,1000,988,12,2523,0,0,2523,988,541.3163
6567,1000,988,12,2523,0,0,2523,988,541.3163
6568,1000,988,12,2523,0,0,2523,988,541.3163
6569,1000,988,12,2523,0,0,2523,988,541.3163
6570,1000,988,12,2523,0,0,2523,988,541.3163
6571,1000,988,12,2523,0,0,2523,988,541.3163
6572,1000,988,12,2523,0,0,2523,988,541.3163
6573,1000,988,12,2523,0,0,2523,988,541.3163
6574,1000,988,12,2523,0,0,2523,988,541.3163
6575,1000,988,12,2523,0,0,2523,988,541.3163
6576,1000,988,12,2523,0,0,2523,988,541.3163
6577,1000,988,12,2523,0,0,2523,988,541.3163
6578,1000,988,12,2523,0,0,2523,988,541.3163
6579,1000,988,12,2523,0,0,2523,988,541.3163
6580,1000,988,12,2523,0,0,2523,988,541.3163
6581,1000,988,12,2523,0,0,2523,988,541.3163
6582,1000,988,12,2523,0,0,2523,988,541.3163
6583,1000,988,12,2523,0,0,2523,988,541.3163
6584,1000,988,12,2523,0,0,2523,988,541.3163
6585,1000,988,12,2523,0,0,2523,988,541.3163
6586,1000,988,12,2523,0,0,2523,988,541.3163
6587,1000,988,12,2523,0,0,2523,988,541.3163
6588,1000,988,12,2523,0,0,2523,988,541.3163
6589,1000,988,12,2523,0,0,2523,988,541.3163
6590,1000,988,12,2523,0,0,2523,988,541.3163
6591,1000,988,12,2523,0,0,2523,988,541.3163
6592,1000,988,12,2523,0,0,2523,988,541.3163
6593,1000,988,12,2523,0,0,2523,988,541.3163
6594,1000,988,12,2523,0,0,2523,988,541.3163
6595,1000,988,12,2523,0,0,2523,988,541.3163
6596,1000,988,12,2523,0,0,2523,988,541.3163
6597,1000,988,12,2523,0,0,2523,988,541.3163
6598,1000,988,12,2523,0,0,2523,988,541.3163
6599,1000,988,12,2523,0,0,2523,988,541.3163
6600,1000,990,10,2528,0,0,2528,990,539.4546
6601,1000,990,10,2528,0,0,2528,990,539.4546
6602,1000,990,10,2528,0,0,2528,990,539.4546
6603,1000,990,10,2528,0,0,2528,990,539.4546
6604,1000,990,10,2528,0,0,2528,990,539.4546
6605,1000,990,10,2528,0,0,2528,990,539.4546
6606,1000,990,10,2528,0,0,2528,990,539.4546
6607,1000,990,10,2528,0,0,2528,990,539.4546
6608,1000,990,10,2528,0,0,2528,990,539.4546
6609,1000,990,10,2528,0,0,2528,990,539.4546
6610,1000,990,10,2528,0,0,2528,990,539.4546
6611,1000,990,10,2528,0,0,2528,990,539.4546
6612,1000,990,10,2528,0,0,2528,990,539.4546
6613,1000,990,10,2528,0,0,2528,990,539.4546
6614,1000,990,10,2528,0,0,2528,990,539.4546
6615,1000,990,10,2528,0,0,2528,990,539.4546
6616,1000,990,10,2528,0,0,2528,990,539.4546
6617,1000,990,10,2528,0,0,2528,990,539.4546
6618,1000,990,10,2528,0,0,2528,990,539.4546
6619,1000,990,10,2528,0,0,2528,990,539.4546
6620,1000,990,10,2528,0,0,2528,990,539.4546
6621,1000,990,10,2528,0,0,2528,990,539.4546
6622,1000,990,10,2528,0,0,2528,990,539.4546
6623,1000,990,10,2528,0,0,2528,990,539.4546
6624,1000,990,10,2528,0,0,2528,990,539.4546
6625,1000,990,10,2528,0,0,2528,990,539.4546
6626,1000,990,10,2528,0,0,2528,990,539.4546
6627,1000,990,10,2528,0,0,2528,990,539.4546
6628,1000,990,10,2528,0,0,2528,990,539.4546
6629,1000,990,10,2528,0,0,2528,990,539.4546
6630,1000,990,10,2528,0,0,2528,990,539.4546
6631,1000,990,10,2528,0,0,2528,990,539.4546
6632,1000,990,10,2528,0,0,2528,990,539.4546
6633,1000,990,10,2528,0,0,2528,990,539.4546
6634,1000,990,10,2528,0,0,2528,990,539.4546
6635,1000,990,10,2528,0,0,2528,990,539.4546
6636,1000,990,10,2528,0,0,2528,990,539.4546
6637,1000,990,10,2528,0,0,2528,990,539.4546
6638,1000,990,10,2528,0,0,2528,990,539.4546
6639,1000,990,10,2528,0,0,2528,990,539.4546
6640,1000,990,10,2528,0,0,2528,990,539.4546
6641,1000,990,10,2528,0,0,2528,990,539.4546
6642,1000,990,10,2528,0,0,2528,990,539.4546
6643,1000,990,10,2528,0,0,2528,990,539.4546
6644,1000,990,10,2528,0,0,2528,990,539.4546
6645,1000,990,10,2528,0,0,2528,990,539.4546
6646,1000,990,10,2528,0,0,2528,990,539.4546
6647,1000,990,10,2528,0,0,2528,990,539.4546
6648,1000,990,10,2528,0,0,2528,990,539.4546
6649,1000,990,10,2528,0,0,2528,990,539.4546
6650,1000,990,10,2528,0,0,2528,990,539.4546
6651,1000,990,10,2528,0,0,2528,990,539.4546
6652,1000,990,10,2528,0,0,2528,990,539.4546
6653,1000,990,10,2528,0,0,2528,990,539.4546
6654,1000,990,10,2528,0,0,2528,990,539.4546
6655,1000,990,10,2528,0,0,2528,990,539.4546
6656,1000,990,10,2528,0,0,2528,990,539.4546
6657,1000,990,10,2528,0,0,2528,990,539.4546
6658,1000,990,10,2528,0,0,2528,990,539.4546
6659,1000,990,10,2528,0,0,2528,990,539.4546
6660,1000,990,10,2528,0,0,2528,990,539.4546
6661,1000,990,10,2528,0,0,2528,990,539.4546
6662,1000,990,10,2528,0,0,2528,990,539.4546
6663,1000,990,10,2528,0,0,2528,990,539.4546
6664,1000,990,10,2528,0,0,2528,990,539.4546
6665,1000,990,10,2528,0,0,2528,990,539.4546
6666,1000,990,10,2528,0,0,2528,990,539.4546
6667,1000,990,10,2528,0,0,2528,990,539.4546
6668,1000,990,10,2528,0,0,2528,990,539.4546
6669,1000,990,10,2528,0,0,2528,990,539.4546
6670,1000,990,10,2528,0,0,2528,990,539.4546
6671,1000,991,9,2529,0,0,2529,991,534.25275
6672,1000,991,9,2529,0,0,2529,991,534.25275
6673,1000,991,9,2529,0,0,2529,991,534.25275
6674,1000,991,9,2529,0,0,2529,991,534.25275
6675,1000,991,9,2529,0,0,2529,991,534.25275
6676,1000,991,9,2529,0,0,2529,991,534.25275
6677,1000,991,9,2529,0,0,2529,991,534.25275
6678,1000,991,9,2529,0,0,2529,991,534.25275
6679,1000,991,9,2529,0,0,2529,991,534.25275
6680,1000,991,9,2529,0,0,2529,991,534.25275
6681,1000,991,9,2529,0,0,2529,991,534.25275
6682,1000,991,9,2529,0,0,2529,991,534.25275
6683,1000,991,9,2529,0,0,2529,991,534.25275
6684,1000,991,9,2529,0,0,2529,991,534.25275
6685,1000,991,9,2529,0,0,2529,991,534.25275
6686,1000,991,9,2529,0,0,2529,991,534.25275
6687,1000,991,9,2529,0,0,2529,991,534.25275
6688,1000,991,9,2529,0,0,2529,991,534.25275
6689,1000,991,9,2529,0,0,2529,991,534.25275
6690,1000,991,9,2529,0,0,2529,991,534.25275
6691,1000,991,9,2529,0,0,2529,991,534.25275
6692,1000,991,9,2529,0,0,2529,991,534.25275
6693,1000,991,9,2529,0,0,2529,991,534.25275
6694,1000,991,9,2529,0,0,2529,991,534.25275
6695,1000,991,9,2529,0,0,2529,991,534.25275
6696,1000,991,9,2529,0,0,2529,991,534.25275
6697,1000,991,9,2529,0,0,2529,991,534.25275
6698,1000,991,9,2529,0,0,2529,991,534.25275
6699,1000,991,9,2529,0,0,2529,991,534.25275
6700,1000,991,9,2529,0,0,2529,991,534.25275
6701,1000,991,9,2529,0,0,2529,991,534.25275
6702,1000,991,9,2529,0,0,2529,991,534.25275
6703,1000,991,9,2529,0,0,2529,991,534.25275
6704,1000,991,9,2529,0,0,2529,991,534.25275
6705,1000,991,9,2529,0,0,2529,991,534.25275
6706,1000,991,9,2529,0,0,2529,991,534.25275
6707,1000,991,9,2529,0,0,2529,991,534.25275
6708,1000,991,9,2529,0,0,2529,991,534.25275
6709,1000,991,9,2529,0,0,2529,991,534.25275
6710,1000,991,9,2529,0,0,2529,991,534.25275
6711,1000,991,9,2529,0,0,2529,991,534.25275
6712,1000,991,9,2529,0,0,2529,991,534.25275
6713,1000,992,8,2531,0,0,2531,992,531.4465
6714,1000,992,8,2531,0,0,2531,992,531.4465
6715,1000,992,8,2531,0,0,2531,992,531.4465
6716,1000,993,7,2533,0,0,2533,993,531.7451
6717,1000,993,7,2533,0,0,2533,993,531.7451
6718,1000,993,7,2533,0,0,2533,993,531.7451
6719,1000,993,7,2533,0,0,2533,993,531.7451
6720,1000,993,7,2533,0,0,2533,993,531.7451
6721,1000,993,7,2533,0,0,2533,993,531.7451
6722,1000,993,7,2533,0,0,2533,993,531.7451
6723,1000,993,7,2533,0,0,2533,993,531.7451
6724,1000,993,7,2533,0,0,2533,993,531.7451
6725,1000,993,7,2533,0,0,2533,993,531.7451
6726,1000,993,7,2533,0,0,2533,993,531.7451
6727,1000,993,7,2533,0,0,2533,993,531.7451
6728,1000,993,7,2533,0,0,2533,993,531.7451
6729,1000,993,7,2533,0,0,2533,993,531.7451
6730,1000,993,7,2533,0,0,2533,993,531.7451
6731,1000,993,7,2533,0,0,2533,993,531.7451
6732,1000,993,7,2533,0,0,2533,993,531.7451
6733,1000,993,7,2533,0,0,2533,993,531.7451
6734,1000,993,7,2533,0,0,2533,993,531.7451
6735,1000,993,7,2533,0,0,2533,993,531.7451
6736,1000,993,7,2533,0,0,2533,993,531.7451
6737,1000,993,7,2533,0,0,2533,993,531.7451
6738,1000,993,7,2533,0,0,2533,993,531.7451
6739,1000,993,7,2533,0,0,2533,993,531.7451
6740,1000,993,7,2533,0,0,2533,993,531.7451
6741,1000,993,7,2533,0,0,2533,993,531.7451
6742,1000,993,7,2533,0,0,2533,993,531.7451
6743,1000,993,7,2533,0,0,2533,993,531.7451
6744,1000,993,7,2533,0,0,2533,993,531.7451
6745,1000,994,6,2534,0,0,2534,994,529.9926
6746,1000,994,6,2534,0,0,2534,994,529.9926
6747,1000,994,6,2534,0,0,2534,994,529.9926
6748,1000,996,4,2536,0,0,2536,996,530.824
6749,1000,996,4,2536,0,0,2536,996,530.824
6750,1000,996,4,2536,0,0,2536,996,530.824
6751,1000,996,4,2536,0,0,2536,996,530.824
6752,1000,996,4,2536,0,0,2536,996,530.824
6753,1000,996,4,2536,0,0,2536,996,530.824
6754,1000,996,4,2536,0,0,2536,996,530.824
6755,1000,996,4,2536,0,0,2536,996,530.824
6756,1000,996,4,2536,0,0,2536,996,530.824
6757,1000,996,4,2536,0,0,2536,996,530.824
6758,1000,996,4,2536,0,0,2536,996,530.824
6759,1000,996,4,2536,0,0,2536,996,530.824
6760,1000,996,4,2536,0,0,2536,996,530.824
6761,1000,996,4,2536,0,0,2536,996,530.824
6762,1000,996,4,2536,0,0,2536,996,530.824
6763,1000,996,4,2536,0,0,2536,996,530.824
6764,1000,996,4,2536,0,0,2536,996,530.824
6765,1000,996,4,2536,0,0,2536,996,530.824
6766,1000,996,4,2536,0,0,2536,996,530.824
6767,1000,996,4,2536,0,0,2536,996,530.824
6768,1000,996,4,2536,0,0,2536,996,530.824
6769,1000,996,4,2536,0,0,2536,996,530.824
6770,1000,996,4,2536,0,0,2536,996,530.824
6771,1000,996,4,2536,0,0,2536,996,530.824
6772,1000,996,4,2536,0,0,2536,996,530.824
6773,1000,996,4,2536,0,0,2536,996,530.824
6774,1000,996,4,2536,0,0,2536,996,530.824
6775,1000,996,4,2536,0,0,2536,996,530.824
6776,1000,996,4,2536,0,0,2536,996,530.824
6777,1000,996,4,2536,0,0,2536,996,530.824
6778,1000,996,4,2536,0,0,2536,996,530.824
6779,1000,996,4,2536,0,0,2536,996,530.824
6780,1000,996,4,2536,0,0,2536,996,530.824
6781,1000,996,4,2536,0,0,2536,996,530.824
6782,1000,996,4,2536,0,0,2536,996,530.824
6783,1000,996,4,2536,0,0,2536,996,530.824
6784,1000,996,4,2536,0,0,2536,996,530.824
6785,1000,996,4,2536,0,0,2536,996,530.824
6786,1000,996,4,2536,0,0,2536,996,530.824
6787,1000,996,4,2536,0,0,2536,996,530.824
6788,1000,996,4,2536,0,0,2536,996,530.824
6789,1000,996,4,2536,0,0,2536,996,530.824
6790,1000,996,4,2536,0,0,2536,996,530.824
6791,1000,996,4,2536,0,0,2536,996,530.824
6792,1000,996,4,2536,0,0,2536,996,530.824
6793,1000,996,4,2536,0,0,2536,996,530.824
6794,1000,996,4,2536,0,0,2536,996,530.824
6795,1000,996,4,2536,0,0,2536,996,530.824
6796,1000,996,4,2536,0,0,2536,996,530.824
6797,1000,996,4,2536,0,0,2536,996,530.824
6798,1000,996,4,2536,0,0,2536,996,530.824
6799,1000,996,4,2536,0,0,2536,996,530.824
6800,1000,996,4,2536,0,0,2536,996,530.824
6801,1000,996,4,2536,0,0,2536,996,530.824
6802,1000,996,4,2536,0,0,2536,996,530.824
6803,1000,996,4,2536,0,0,2536,996,530.824
6804,1000,996,4,2536,0,0,2536,996,530.824
6805,1000,996,4,2536,0,0,2536,996,530.824
6806,1000,996,4,2536,0,0,2536,996,530.824
6807,1000,996,4,2536,0,0,2536,996,530.824
6808,1000,996,4,2536,0,0,2536,996,530.824
6809,1000,996,4,2536,0,0,2536,996,530.824
6810,1000,996,4,2536,0,0,2536,996,530.824
6811,1000,996,4,2536,0,0,2536,996,530.824
6812,1000,996,4,2536,0,0,2536,996,530.824
6813,1000,996,4,2536,0,0,2536,996,530.824
6814,1000,996,4,2536,0,0,2536,996,530.824
6815,1000,996,4,2536,0,0,2536,996,530.824
6816,1000,996,4,2536,0,0,2536,996,530.824
6817,1000,996,4,2536,0,0,2536,996,530.824
6818,1000,996,4,2536,0,0,2536,996,530.824
6819,1000,996,4,2536,0,0,2536,996,530.824
6820,1000,996,4,2536,0,0,2536,996,530.824
6821,1000,996,4,2536,0,0,2536,996,530.824
6822,1000,996,4,2536,0,0,2536,996,530.824
6823,1000,996,4,2536,0,0,2536,996,530.824
6824,1000,996,4,2536,0,0,2536,996,530.824
6825,1000,996,4,2536,0,0,2536,996,530.824
6826,1000,996,4,2536,0,0,2536,996,530.824
6827,1000,996,4,2536,0,0,2536,996,530.824
6828,1000,996,4,2536,0,0,2536,996,530.824
6829,1000,996,4,2536,0,0,2536,996,530.824
6830,1000,996,4,2536,0,0,2536,996,530.824
6831,1000,996,4,2536,0,0,2536,996,530.824
6832,1000,996,4,2536,0,0,2536,996,530.824
6833,1000,996,4,2536,0,0,2536,996,530.824
6834,1000,996,4,2536,0,0,2536,996,530.824
6835,1000,996,4,2536,0,0,2536,996,530.824
6836,1000,996,4,2536,0,0,2536,996,530.824
6837,1000,996,4,2536,0,0,2536,996,530.824
6838,1000,996,4,2536,0,0,2536,996,530.824
6839,1000,996,4,2536,0,0,2536,996,530.824
6840,1000,996,4,2536,0,0,2536,996,530.824
6841,1000,996,4,2536,0,0,2536,996,530.824
6842,1000,996,4,2536,0,0,2536,996,530.824
6843,1000,996,4,2536,0,0,2536,996,530.824
6844,1000,996,4,2536,0,0,2536,996,530.824
6845,1000,996,4,2536,0,0,2536,996,530.824
6846,1000,996,4,2536,0,0,2536,996,530.824
6847,1000,996,4,2536,0,0,2536,996,530.824
6848,1000,996,4,2536,0,0,2536,996,530.824
6849,1000,996,4,2536,0,0,2536,996,530.824
6850,1000,996,4,2536,0,0,2536,996,530.824
6851,1000,996,4,2536,0,0,2536,996,530.824
6852,1000,996,4,2536,0,0,2536,996,530.824
6853,1000,996,4,2536,0,0,2536,996,530.824
6854,1000,996,4,2536,0,0,2536,996,530.824
6855,1000,996,4,2536,0,0,2536,996,530.824
6856,1000,996,4,2536,0,0,2536,996,530.824
6857,1000,996,4,2536,0,0,2536,996,530.824
6858,1000,996,4,2536,0,0,2536,996,530.824
6859,1000,996,4,2536,0,0,2536,996,530.824
6860,1000,996,4,2536,0,0,2536,996,530.824
6861,1000,996,4,2536,0,0,2536,996,530.824
6862,1000,996,4,2536,0,0,2536,996,530.824
6863,1000,996,4,2536,0,0,2536,996,530.824
6864,1000,996,4,2536,0,0,2536,996,530.824
6865,1000,996,4,2536,0,0,2536,996,530.824
6866,1000,996,4,2536,0,0,2536,996,530.824
6867,1000,996,4,2536,0,0,2536,996,530.824
6868,1000,996,4,2536,0,0,2536,996,530.824
6869,1000,996,4,2536,0,0,2536,996,530.824
6870,1000,996,4,2536,0,0,2536,996,530.824
6871,1000,996,4,2536,0,0,2536,996,530.824
6872,1000,996,4,2536,0,0,2536,996,530.824
6873,1000,996,4,2536,0,0,2536,996,530.824
6874,1000,996,4,2536,0,0,2536,996,530.824
6875,1000,996,4,2536,0,0,2536,996,530.824
6876,1000,996,4,2536,0,0,2536,996,530.824
6877,1000,996,4,2536,0,0,2536,996,530.824
6878,1000,996,4,2536,0,0,2536,996,530.824
6879,1000,996,4,2536,0,0,2536,996,530.824
6880,1000,996,4,2536,0,0,2536,996,530.824
6881,1000,996,4,2536,0,0,2536,996,530.824
6882,1000,996,4,2536,0,0,2536,996,530.824
6883,1000,996,4,2536,0,0,2536,996,530.824
6884,1000,996,4,2536,0,0,2536,996,530.824
6885,1000,996,4,2536,0,0,2536,996,530.824
6886,1000,996,4,2536,0,0,2536,996,530.824
6887,1000,996,4,2536,0,0,2536,996,530.824
6888,1000,996,4,2536,0,0,2536,996,530.824
6889,1000,996,4,2536,0,0,2536,996,530.824
6890,1000,996,4,2536,0,0,2536,996,530.824
6891,1000,996,4,2536,0,0,2536,996,530.824
6892,1000,996,4,2536,0,0,2536,996,530.824
6893,1000,996,4,2536,0,0,2536,996,530.824
6894,1000,996,4,2536,0,0,2536,996,530.824
6895,1000,996,4,2536,0,0,2536,996,530.824
6896,1000,996,4,2536,0,0,2536,996,530.824
6897,1000,996,4,2536,0,0,2536,996,530.824
6898,1000,996,4,2536,0,0,2536,996,530.824
6899,1000,996,4,2536,0,0,2536,996,530.824
6900,1000,996,4,2536,0,0,2536,996,530.824
6901,1000,996,4,2536,0,0,2536,996,530.824
6902,1000,996,4,2536,0,0,2536,996,530.824
6903,1000,996,4,2536,0,0,2536,996,530.824
6904,1000,996,4,2536,0,0,2536,996,530.824
6905,1000,996,4,2536,0,0,2536,996,530.824
6906,1000,996,4,2536,0,0,2536,996,530.824
6907,1000,996,4,2536,0,0,2536,996,530.824
6908,1000,996,4,2536,0,0,2536,996,530.824
6909,1000,996,4,2536,0,0,2536,996,530.824
6910,1000,996,4,2536,0,0,2536,996,530.824
6911,1000,996,4,2536,0,0,2536,996,530.824
6912,1000,996,4,2536,0,0,2536,996,530.824
6913,1000,996,4,2536,0,0,2536,996,530.824
6914,1000,996,4,2536,0,0,2536,996,530.824
6915,1000,996,4,2536,0,0,2536,996,530.824
6916,1000,996,4,2536,0,0,2536,996,530.824
6917,1000,996,4,2536,0,0,2536,996,530.824
6918,1000,996,4,2536,0,0,2536,996,530.824
6919,1000,996,4,2536,0,0,2536,996,530.824
6920,1000,996,4,2536,0,0,2536,996,530.824
6921,1000,996,4,2536,0,0,2536,996,530.824
6922,1000,996,4,2536,0,0,2536,996,530.824
6923,1000,996,4,2536,0,0,2536,996,530.824
6924,1000,996,4,2536,0,0,2536,996,530.824
6925,1000,996,4,2536,0,0,2536,996,530.824
6926,1000,996,4,2536,0,0,2536,996,530.824
6927,1000,996,4,2536,0,0,2536,996,530.824
6928,1000,996,4,2536,0,0,2536,996,530.824
6929,1000,996,4,2536,0,0,2536,996,530.824
6930,1000,996,4,2536,0,0,2536,996,530.824
6931,1000,996,4,2536,0,0,2536,996,530.824
6932,1000,996,4,2536,0,0,2536,996,530.824
6933,1000,996,4,2536,0,0,2536,996,530.824
6934,1000,996,4,2536,0,0,2536,996,530.824
6935,1000,996,4,2536,0,0,2536,996,530.824
6936,1000,996,4,2536,0,0,2536,996,530.824
6937,1000,996,4,2536,0,0,2536,996,530.824
6938,1000,996,4,2536,0,0,2536,996,530.824
6939,1000,996,4,2536,0,0,2536,996,530.824
6940,1000,996,4,2536,0,0,2536,996,530.824
6941,1000,996,4,2536,0,0,2536,996,530.824
6942,1000,996,4,2536,0,0,2536,996,530.824
6943,1000,996,4,2536,0,0,2536,996,530.824
6944,1000,996,4,2536,0,0,2536,996,530.824
6945,1000,996,4,2536,0,0,2536,996,530.824
6946,1000,996,4,2536,0,0,2536,996,530.824
6947,1000,996,4,2536,0,0,2536,996,530.824
6948,1000,996,4,2536,0,0,2536,996,530.824
6949,1000,996,4,2536,0,0,2536,996,530.824
6950,1000,996,4,2536,0,0,2536,996,530.824
6951,1000,996,4,2536,0,0,2536,996,530.824
6952,1000,996,4,2536,0,0,2536,996,530.824
6953,1000,996,4,2536,0,0,2536,996,530.824
6954,1000,996,4,2536,0,0,2536,996,530.824
6955,1000,996,4,2536,0,0,2536,996,530.824
6956,1000,996,4,2536,0,0,2536,996,530.824
6957,1000,996,4,2536,0,0,2536,996,530.824
6958,1000,996,4,2536,0,0,2536,996,530.824
6959,1000,996,4,2536,0,0,2536,996,530.824
6960,1000,996,4,2536,0,0,2536,996,530.824
6961,1000,996,4,2536,0,0,2536,996,530.824
6962,1000,996,4,2536,0,0,2536,996,530.824
6963,1000,996,4,2536,0,0,2536,996,530.824
6964,1000,996,4,2536,0,0,2536,996,530.824
6965,1000,996,4,2536,0,0,2536,996,530.824
6966,1000,996,4,2536,0,0,2536,996,530.824
6967,1000,996,4,2536,0,0,2536,996,530.824
6968,1000,996,4,2536,0,0,2536,996,530.824
6969,1000,996,4,2536,0,0,2536,996,530.824
6970,1000,996,4,2536,0,0,2536,996,530.824
6971,1000,996,4,2536,0,0,2536,996,530.824
6972,1000,996,4,2536,0,0,2536,996,530.824
6973,1000,996,4,2536,0,0,2536,996,530.824
6974,1000,996,4,2536,0,0,2536,996,530.824
6975,1000,996,4,2536,0,0,2536,996,530.824
6976,1000,996,4,2536,0,0,2536,996,530.824
6977,1000,996,4,2536,0,0,2536,996,530.824
6978,1000,996,4,2536,0,0,2536,996,530.824
6979,1000,996,4,2536,0,0,2536,996,530.824
6980,1000,996,4,2536,0,0,2536,996,530.824
6981,1000,996,4,2536,0,0,2536,996,530.824
6982,1000,996,4,2536,0,0,2536,996,530.824
6983,1000,996,4,2536,0,0,2536,996,530.824
6984,1000,996,4,2536,0,0,2536,996,530.824
6985,1000,996,4,2536,0,0,2536,996,530.824
6986,1000,996,4,2536,0,0,2536,996,530.824
6987,1000,996,4,2536,0,0,2536,996,530.824
6988,1000,996,4,2536,0,0,2536,996,530.824
6989,1000,996,4,2536,0,0,2536,996,530.824
6990,1000,996,4,2536,0,0,2536,996,530.824
6991,1000,996,4,2536,0,0,2536,996,530.824
6992,1000,996,4,2536,0,0,2536,996,530.824
6993,1000,996,4,2536,0,0,2536,996,530.824
6994,1000,996,4,2536,0,0,2536,996,530.824
6995,1000,996,4,2536,0,0,2536,996,530.824
6996,1000,996,4,2536,0,0,2536,996,530.824
6997,1000,996,4,2536,0,0,2536,996,530.824
6998,1000,996,4,2536,0,0,2536,996,530.824
6999,1000,996,4,2536,0,0,2536,996,530.824
7000,1000,996,4,2536,0,0,2536,996,530.824
7001,1000,996,4,2536,0,0,2536,996,530.824
7002,1000,996,4,2536,0,0,2536,996,530.824
7003,1000,996,4,2536,0,0,2536,996,530.824
7004,1000,996,4,2536,0,0,2536,996,530.824
7005,1000,996,4,2536,0,0,2536,996,530.824
7006,1000,996,4,2536,0,0,2536,996,530.824
7007,1000,996,4,2536,0,0,2536,996,530.824
7008,1000,997,3,2537,0,0,2537,997,511.64383
7009,1000,997,3,2537,0,0,2537,997,511.64383
7010,1000,997,3,2537,0,0,2537,997,511.64383
7011,1000,997,3,2537,0,0,2537,997,511.64383
7012,1000,997,3,2537,0,0,2537,997,511.64383
7013,1000,997,3,2537,0,0,2537,997,511.64383
7014,1000,997,3,2537,0,0,2537,997,511.64383
7015,1000,997,3,2537,0,0,2537,997,511.64383
7016,1000,997,3,2537,0,0,2537,997,511.64383
7017,1000,997,3,2537,0,0,2537,997,511.64383
7018,1000,997,3,2537,0,0,2537,997,511.64383
7019,1000,997,3,2537,0,0,2537,997,511.64383
7020,1000,997,3,2537,0,0,2537,997,511.64383
7021,1000,997,3,2537,0,0,2537,997,511.64383
7022,1000,997,3,2537,0,0,2537,997,511.64383
7023,1000,997,3,2537,0,0,2537,997,511.64383
7024,1000,997,3,2537,0,0,2537,997,511.64383
7025,1000,997,3,2537,0,0,2537,997,511.64383
7026,1000,997,3,2537,0,0,2537,997,511.64383
7027,1000,997,3,2537,0,0,2537,997,511.64383
7028,1000,997,3,2537,0,0,2537,997,511.64383
7029,1000,997,3,2537,0,0,2537,997,511.64383
7030,1000,997,3,2537,0,0,2537,997,511.64383
7031,1000,997,3,2537,0,0,2537,997,511.64383
7032,1000,997,3,2537,0,0,2537,997,511.64383
7033,1000,997,3,2537,0,0,2537,997,511.64383
7034,1000,997,3,2537,0,0,2537,997,511.64383
7035,1000,997,3,2537,0,0,2537,997,511.64383
7036,1000,997,3,2537,0,0,2537,997,511.64383
7037,1000,997,3,2537,0,0,2537,997,511.64383
7038,1000,997,3,2537,0,0,2537,997,511.64383
7039,1000,997,3,2537,0,0,2537,997,511.64383
7040,1000,997,3,2537,0,0,2537,997,511.64383
7041,1000,997,3,2537,0,0,2537,997,511.64383
7042,1000,997,3,2537,0,0,2537,997,511.64383
7043,1000,997,3,2537,0,0,2537,997,511.64383
7044,1000,997,3,2537,0,0,2537,997,511.64383
7045,1000,997,3,2537,0,0,2537,997,511.64383
7046,1000,997,3,2537,0,0,2537,997,511.64383
7047,1000,997,3,2537,0,0,2537,997,511.64383
7048,1000,997,3,2537,0,0,2537,997,511.64383
7049,1000,997,3,2537,0,0,2537,997,511.64383
7050,1000,997,3,2537,0,0,2537,997,511.64383
7051,1000,997,3,2537,0,0,2537,997,511.64383
7052,1000,997,3,2537,0,0,2537,997,511.64383
7053,1000,997,3,2537,0,0,2537,997,511.64383
7054,1000,997,3,2537,0,0,2537,997,511.64383
7055,1000,997,3,2537,0,0,2537,997,511.64383
7056,1000,997,3,2537,0,0,2537,997,511.64383
7057,1000,997,3,2537,0,0,2537,997,511.64383
7058,1000,997,3,2537,0,0,2537,997,511.64383
7059,1000,997,3,2537,0,0,2537,997,511.64383
7060,1000,997,3,2537,0,0,2537,997,511.64383
7061,1000,997,3,2537,0,0,2537,997,511.64383
7062,1000,997,3,2537,0,0,2537,997,511.64383
7063,1000,997,3,2537,0,0,2537,997,511.64383
7064,1000,997,3,2537,0,0,2537,997,511.64383
7065,1000,997,3,2537,0,0,2537,997,511.64383
7066,1000,997,3,2537,0,0,2537,997,511.64383
7067,1000,997,3,2537,0,0,2537,997,511.64383
7068,1000,997,3,2537,0,0,2537,997,511.64383
7069,1000,997,3,2537,0,0,2537,997,511.64383
7070,1000,997,3,2537,0,0,2537,997,511.64383
7071,1000,997,3,2537,0,0,2537,997,511.64383
7072,1000,997,3,2537,0,0,2537,997,511.64383
7073,1000,997,3,2537,0,0,2537,997,511.64383
7074,1000,997,3,2537,0,0,2537,997,511.64383
7075,1000,997,3,2537,0,0,2537,997,511.64383
7076,1000,997,3,2537,0,0,2537,997,511.64383
7077,1000,997,3,2537,0,0,2537,997,511.64383
7078,1000,997,3,2537,0,0,2537,997,511.64383
7079,1000,997,3,2537,0,0,2537,997,511.64383
7080,1000,997,3,2537,0,0,2537,997,511.64383
7081,1000,997,3,2537,0,0,2537,997,511.64383
7082,1000,997,3,2537,0,0,2537,997,511.64383
7083,1000,997,3,2537,0,0,2537,997,511.64383
7084,1000,997,3,2537,0,0,2537,997,511.64383
7085,1000,997,3,2537,0,0,2537,997,511.64383
7086,1000,997,3,2537,0,0,2537,997,511.64383
7087,1000,997,3,2537,0,0,2537,997,511.64383
7088,1000,997,3,2537,0,0,2537,997,511.64383
7089,1000,997,3,2537,0,0,2537,997,511.64383
7090,1000,997,3,2537,0,0,2537,997,511.64383
7091,1000,997,3,2537,0,0,2537,997,511.64383
7092,1000,997,3,2537,0,0,2537,997,511.64383
7093,1000,997,3,2537,0,0,2537,997,511.64383
7094,1000,997,3,2537,0,0,2537,997,511.64383
7095,1000,997,3,2537,0,0,2537,997,511.64383
7096,1000,997,3,2537,0,0,2537,997,511.64383
7097,1000,997,3,2537,0,0,2537,997,511.64383
7098,1000,997,3,2537,0,0,2537,997,511.64383
7099,1000,997,3,2537,0,0,2537,997,511.64383
7100,1000,997,3,2537,0,0,2537,997,511.64383
7101,1000,997,3,2537,0,0,2537,997,511.64383
7102,1000,997,3,2537,0,0,2537,997,511.64383
7103,1000,997,3,2537,0,0,2537,997,511.64383
7104,1000,997,3,2537,0,0,2537,997,511.64383
7105,1000,997,3,2537,0,0,2537,997,511.64383
7106,1000,997,3,2537,0,0,2537,997,511.64383
7107,1000,997,3,2537,0,0,2537,997,511.64383
7108,1000,998,2,2541,0,0,2541,998,504.95218
7109,1000,998,2,2541,0,0,2541,998,504.95218
7110,1000,998,2,2541,0,0,2541,998,504.95218
7111,1000,998,2,2541,0,0,2541,998,504.95218
7112,1000,998,2,2541,0,0,2541,998,504.95218
7113,1000,999,1,2546,0,0,2546,999,505.10336
7114,1000,999,1,2546,0,0,2546,999,505.10336
7115,1000,999,1,2546,0,0,2546,999,505.10336
7116,1000,999,1,2546,0,0,2546,999,505.10336
7117,1000,999,1,2546,0,0,2546,999,505.10336
7118,1000,999,1,2546,0,0,2546,999,505.10336
7119,1000,1000,0,2551,0,0,2551,1000,505.1833
