Latitide,51.77504
Longitude,-115.292
Elevation,1577
Time,Temperature_2m [°C],Relativehumidity_2m [%],Precipitation [mm],Windspeed_10m [m/s],Winddirection_10m [°],Cloudcover [%],Direct_radiation [W/m²],Boundary_layer_height [m]
2001-01-01T00:00,-3.9,81,0,3.67,253,91,4,80
2001-01-01T01:00,-4.8,84,0,3.67,253,96,0,75
2001-01-01T02:00,-5.3,84,0,3.67,253,98,0,70
2001-01-01T03:00,-5.9,85,0,3.67,253,98,0,60
2001-01-01T04:00,-6.5,86,0,3.67,253,96,0,55
2001-01-01T05:00,-6.8,85,0,3.61,251,95,0,55
2001-01-01T06:00,-7,85,0,3.7,251,96,0,55
2001-01-01T07:00,-7.1,84,0,3.77,248,96,0,55
2001-01-01T08:00,-6.9,82,0,3.81,247,88,0,55
2001-01-01T09:00,-7.1,84,0,3.81,247,69,0,60
2001-01-01T10:00,-7.5,85,0,3.94,246,29,0,55
2001-01-01T11:00,-7.8,86,0,3.94,246,14,0,60
2001-01-01T12:00,-7.8,85,0,3.94,246,34,0,60
2001-01-01T13:00,-7.6,84,0,4.03,247,92,0,65
2001-01-01T14:00,-6.8,81,0,3.99,248,100,0,80
2001-01-01T15:00,-5.5,77,0,4.12,247,99,0,115
2001-01-01T16:00,-4.5,73,0,4.4,249,86,0,210
2001-01-01T17:00,-3,68,0,4.66,255,79,12,385
2001-01-01T18:00,-1.6,64,0,4.69,259,86,15,520
2001-01-01T19:00,-0.4,61,0,4.69,259,73,8,655
2001-01-01T20:00,-0.1,60,0,4.57,260,67,1,740
2001-01-01T21:00,-0.1,59,0,4.36,261,38,29,780
2001-01-01T22:00,-0.4,59,0,4.36,261,1,65,820
2001-01-01T23:00,-1.7,62,0,4.32,257,1,61,600
2001-01-02T00:00,-3.3,69,0,4.11,252,0,6,415
2001-01-02T01:00,-4.6,76,0,3.99,248,5,0,280
2001-01-02T02:00,-5.5,79,0,3.94,246,17,0,230
2001-01-02T03:00,-6.3,81,0,4.07,242,52,0,215
2001-01-02T04:00,-6.8,81,0,4.03,240,99,0,170
2001-01-02T05:00,-7.3,82,0,4.21,242,91,0,155
2001-01-02T06:00,-7.7,82,0,4.38,243,67,0,145
2001-01-02T07:00,-7.5,78,0,4.21,242,92,0,130
2001-01-02T08:00,-7.9,79,0,3.98,242,100,0,115
2001-01-02T09:00,-8,79,0,4.21,242,100,0,115
2001-01-02T10:00,-7.8,77,0,4.25,243,100,0,115
2001-01-02T11:00,-6.5,72,0,4.12,241,100,0,115
2001-01-02T12:00,-5.4,68,0,3.72,239,100,0,105
2001-01-02T13:00,-5.2,71,0,3.47,237,100,0,85
2001-01-02T14:00,-5.4,74,0,3.36,233,100,0,85
2001-01-02T15:00,-5.6,76,0,3.28,232,100,0,85
2001-01-02T16:00,-5.8,78,0,3.36,233,100,0,100
2001-01-02T17:00,-5.1,74,0,3.55,238,100,0,160
2001-01-02T18:00,-2.5,62,0,4.66,239,100,1,450
2001-01-02T19:00,1.2,53,0,5.73,245,99,17,610
2001-01-02T20:00,2.8,53,0,6.37,248,45,54,620
2001-01-02T21:00,3.1,54,0,6.17,250,67,173,610
2001-01-02T22:00,2.9,57,0,5.72,251,90,101,570
2001-01-02T23:00,2.4,60,0,5.72,251,57,27,540
2001-01-03T00:00,1.9,63,0,5.5,251,71,1,465
2001-01-03T01:00,1.5,64,0,5.57,249,61,0,425
2001-01-03T02:00,1.4,65,0,5.79,249,79,0,425
2001-01-03T03:00,1.5,65,0,5.83,248,83,0,425
2001-01-03T04:00,1.5,65,0,6.05,248,68,0,435
2001-01-03T05:00,1.2,66,0,6.09,247,87,0,450
2001-01-03T06:00,0.7,66,0,6.04,246,98,0,415
2001-01-03T07:00,1.6,60,0,5.72,243,98,0,355
2001-01-03T08:00,1.4,59,0,5.59,241,93,0,335
2001-01-03T09:00,1.7,54,0,5.55,242,98,0,340
2001-01-03T10:00,2,50,0,5.41,242,98,0,290
2001-01-03T11:00,2.6,47,0,5.19,242,100,0,250
2001-01-03T12:00,3.2,45,0,4.49,238,100,0,185
2001-01-03T13:00,3,48,0,3.86,233,100,0,120
2001-01-03T14:00,1.5,57,0,3.4,227,100,0,90
2001-01-03T15:00,-0.4,70,0,3.32,226,100,0,85
2001-01-03T16:00,-1.9,80,0,3.68,225,100,0,100
2001-01-03T17:00,-2.4,81,0,3.75,224,77,7,105
2001-01-03T18:00,-1.6,73,0,3.69,221,49,45,120
2001-01-03T19:00,-0.4,65,0,3.34,219,32,155,150
2001-01-03T20:00,1.1,60,0,3.19,221,35,203,175
2001-01-03T21:00,2.1,57,0,3.19,221,1,184,250
2001-01-03T22:00,2.9,49,0,3.68,225,10,148,485
2001-01-03T23:00,2.6,49,0,4.1,227,1,68,440
2001-01-04T00:00,2.2,50,0,4.78,233,11,7,480
2001-01-04T01:00,2.5,48,0,5.75,239,97,0,740
2001-01-04T02:00,2.5,48,0,6.71,243,59,0,1055
2001-01-04T03:00,1.9,51,0,6.98,245,11,0,1105
2001-01-04T04:00,0.8,56,0,6.54,247,4,0,1045
2001-01-04T05:00,-0.3,62,0,5.85,250,0,0,965
2001-01-04T06:00,-0.9,65,0,5.5,251,27,0,900
2001-01-04T07:00,-0.6,65,0,4.85,256,19,0,965
2001-01-04T08:00,-1.2,67,0,4.13,263,0,0,875
2001-01-04T09:00,-2,68,0,3.71,275,0,0,865
2001-01-04T10:00,-3.1,71,0,3.32,286,0,0,805
2001-01-04T11:00,-3.9,73,0,3.51,267,0,0,610
2001-01-04T12:00,-3.9,67,0,4.12,256,0,0,720
2001-01-04T13:00,-3.7,60,0,4.95,256,0,0,835
2001-01-04T14:00,-4,58,0,5.51,258,0,0,805
2001-01-04T15:00,-4.4,59,0,5.7,255,0,0,695
2001-01-04T16:00,-4.6,59,0,5.57,252,26,0,645
2001-01-04T17:00,-4.3,57,0,5,250,100,30,590
2001-01-04T18:00,-3.5,55,0,4.46,250,100,93,555
2001-01-04T19:00,-2.6,50,0,3.68,248,100,57,530
2001-01-04T20:00,-2.1,52,0,3.22,244,100,57,510
2001-01-04T21:00,-1.9,53,0,2.78,240,100,49,485
2001-01-04T22:00,-2.2,57,0,2.48,230,99,4,305
2001-01-04T23:00,-2.7,62,0,2.27,229,100,1,235
2001-01-05T00:00,-3.7,69,0,2.36,234,100,0,140
2001-01-05T01:00,-4.3,73,0,2.78,232,100,0,130
2001-01-05T02:00,-4.6,76,0,2.86,234,100,0,135
2001-01-05T03:00,-4.8,78,0.1,2.97,225,100,0,150
2001-01-05T04:00,-5,80,0.1,3.11,228,98,0,170
2001-01-05T05:00,-5.2,81,0,3.12,230,100,0,170
2001-01-05T06:00,-5.2,81,0,3.2,231,100,0,165
2001-01-05T07:00,-4.2,78,0,3.33,229,98,0,155
2001-01-05T08:00,-3.5,78,0,3.68,227,96,0,165
2001-01-05T09:00,-2.4,76,0,3.97,229,89,0,190
2001-01-05T10:00,-1.8,76,0,4.16,235,63,0,215
2001-01-05T11:00,-1.3,75,0,4.36,238,54,0,275
2001-01-05T12:00,-0.4,73,0.1,4.96,242,80,0,380
2001-01-05T13:00,0.8,69,0.1,5.59,243,90,0,545
2001-01-05T14:00,1.2,67,0.1,5.99,244,97,0,620
2001-01-05T15:00,0.3,71,0,5.11,239,72,0,380
2001-01-05T16:00,-1.1,77,0,4.74,235,25,0,340
2001-01-05T17:00,-1,71,0,4.83,236,1,32,630
2001-01-05T18:00,0.7,58,0,5.99,244,3,102,1315
2001-01-05T19:00,1.7,55,0,7.37,252,16,156,1450
2001-01-05T20:00,1.9,55,0,7.43,250,30,160,1335
2001-01-05T21:00,1.9,56,0,7.25,246,41,113,1285
2001-01-05T22:00,1.5,58,0,6.53,243,16,78,1460
2001-01-05T23:00,1.1,59,0,5.47,252,23,46,1340
2001-01-06T00:00,0.1,63,0,3.82,264,64,7,765
2001-01-06T01:00,-0.9,69,0,3.26,259,66,0,565
2001-01-06T02:00,-2.4,74,0,3.55,248,69,0,530
2001-01-06T03:00,-4.1,75,0,4.03,247,46,0,645
2001-01-06T04:00,-5.8,79,0,4.49,249,26,0,720
2001-01-06T05:00,-6.7,80,0,5,254,41,0,790
2001-01-06T06:00,-6.9,79,0,5.51,258,31,0,880
2001-01-06T07:00,-3.6,61,0,5.77,261,21,0,920
2001-01-06T08:00,-3.1,58,0,5.73,264,33,0,930
2001-01-06T09:00,-2.9,57,0,5.72,265,69,0,940
2001-01-06T10:00,-2.8,57,0,5.26,261,74,0,815
2001-01-06T11:00,-3,57,0,5.49,260,49,0,865
2001-01-06T12:00,-3.5,58,0,5.32,258,20,0,705
2001-01-06T13:00,-4.2,60,0,5.12,258,13,0,590
2001-01-06T14:00,-4.6,63,0,4.92,257,53,0,510
2001-01-06T15:00,-5.1,67,0,4.49,253,88,0,405
2001-01-06T16:00,-6,72,0,4.24,251,83,0,290
2001-01-06T17:00,-5.8,70,0,4.14,250,18,24,335
2001-01-06T18:00,-4.8,66,0,3.96,254,4,92,365
2001-01-06T19:00,-3.3,61,0,3.3,256,2,156,430
2001-01-06T20:00,-2.8,58,0,3.13,253,1,191,465
2001-01-06T21:00,-2.7,58,0,2.75,251,2,200,400
2001-01-06T22:00,-3.2,62,0,2.51,247,0,161,270
2001-01-06T23:00,-4.8,72,0,2.86,245,2,83,170
2001-01-07T00:00,-7.1,83,0,3.27,247,4,12,100
2001-01-07T01:00,-8.8,87,0,3.31,245,3,0,80
2001-01-07T02:00,-10.1,87,0,3.49,243,0,0,70
2001-01-07T03:00,-11.1,87,0,3.62,242,0,0,60
2001-01-07T04:00,-11.9,86,0,3.76,245,0,0,55
2001-01-07T05:00,-12.4,85,0,3.85,245,20,0,55
2001-01-07T06:00,-12.7,83,0,3.94,246,33,0,55
2001-01-07T07:00,-13.1,81,0,4.03,247,10,0,55
2001-01-07T08:00,-13.1,79,0,4.16,246,0,0,55
2001-01-07T09:00,-12.9,76,0,4.16,246,1,0,55
2001-01-07T10:00,-12.6,74,0,4.25,246,3,0,55
2001-01-07T11:00,-12.3,73,0,4.25,246,6,0,55
2001-01-07T12:00,-12.1,72,0,4.25,246,7,0,55
2001-01-07T13:00,-11.9,71,0,4.25,246,2,0,55
2001-01-07T14:00,-11.6,70,0,4.25,246,0,0,55
2001-01-07T15:00,-11.3,68,0,4.39,246,1,0,55
2001-01-07T16:00,-11,67,0,4.39,246,0,0,55
2001-01-07T17:00,-9.5,62,0,4.2,245,1,37,55
2001-01-07T18:00,-6.8,56,0,3.89,244,1,123,60
2001-01-07T19:00,-4.7,55,0,3.85,242,0,178,65
2001-01-07T20:00,-2.6,53,0,3.45,240,0,230,70
2001-01-07T21:00,-1.3,52,0,3.22,240,0,218,80
2001-01-07T22:00,-1.1,52,0,3.36,240,0,171,85
2001-01-07T23:00,-2.6,58,0,3.67,241,0,89,75
2001-01-08T00:00,-5.1,69,0,3.98,242,0,13,60
2001-01-08T01:00,-6.5,73,0,4.07,242,0,0,55
2001-01-08T02:00,-7.2,71,0,4.16,243,6,0,55
2001-01-08T03:00,-7.5,66,0,4.21,242,1,0,55
2001-01-08T04:00,-7.6,63,0,4.21,242,0,0,55
2001-01-08T05:00,-7.6,61,0,4.29,242,3,0,55
2001-01-08T06:00,-7.5,59,0,4.34,241,9,0,55
2001-01-08T07:00,-7.6,58,0,4.34,241,13,0,55
2001-01-08T08:00,-7.4,57,0,4.34,241,24,0,55
2001-01-08T09:00,-7.2,56,0,4.25,240,36,0,50
2001-01-08T10:00,-6.9,57,0,4.29,242,63,0,55
2001-01-08T11:00,-6.1,56,0,4.29,242,85,0,55
2001-01-08T12:00,-5.4,57,0,4.29,242,100,0,60
2001-01-08T13:00,-5,58,0,4.12,241,97,0,60
2001-01-08T14:00,-4.4,57,0,4.03,240,94,0,60
2001-01-08T15:00,-4.3,58,0,3.91,238,93,0,60
2001-01-08T16:00,-4.4,59,0,3.83,237,94,0,60
2001-01-08T17:00,-3.9,58,0,3.61,236,93,10,65
2001-01-08T18:00,-2.4,55,0,3.38,236,95,34,75
2001-01-08T19:00,-1.8,55,0,3.24,236,89,35,100
2001-01-08T20:00,-0.2,53,0,3.02,236,92,55,115
2001-01-08T21:00,0.3,53,0,2.88,236,98,43,135
2001-01-08T22:00,0.4,55,0,2.72,234,100,24,110
2001-01-08T23:00,-0.3,61,0,2.75,237,100,8,80
2001-01-09T00:00,-1.4,67,0,2.92,239,100,0,65
2001-01-09T01:00,-2.4,74,0,2.95,242,100,0,65
2001-01-09T02:00,-3.1,77,0,3,244,100,0,70
2001-01-09T03:00,-3.9,80,0,2.91,243,100,0,70
2001-01-09T04:00,-4.7,83,0,2.91,243,100,0,65
2001-01-09T05:00,-4.8,80,0,2.91,243,100,0,65
2001-01-09T06:00,-5.1,78,0,3.04,243,100,0,65
2001-01-09T07:00,-5.3,80,0,3.09,241,100,0,60
2001-01-09T08:00,-5.5,79,0,3.26,243,100,0,60
2001-01-09T09:00,-5.9,80,0,3.49,243,98,0,65
2001-01-09T10:00,-6.4,81,0,3.58,243,91,0,60
2001-01-09T11:00,-5.9,78,0,3.67,241,63,0,65
2001-01-09T12:00,-5,76,0,4.05,237,56,0,155
2001-01-09T13:00,-3.5,72,0,5.15,241,23,0,505
2001-01-09T14:00,-3,68,0,5.54,250,6,0,540
2001-01-09T15:00,-3.4,67,0,4.3,252,0,0,395
2001-01-09T16:00,-4.8,72,0,3.81,247,6,0,180
2001-01-09T17:00,-5.5,76,0,3.94,246,13,35,140
2001-01-09T18:00,-4.3,72,0,3.49,246,22,100,150
2001-01-09T19:00,-2.8,68,0,3,244,6,157,165
2001-01-09T20:00,-2,66,0,2.33,239,1,197,180
2001-01-09T21:00,-1.6,66,0,1.86,234,2,197,200
2001-01-09T22:00,-2.1,70,0,1.49,222,0,162,155
2001-01-09T23:00,-3.3,76,0,1.98,225,1,89,110
2001-01-10T00:00,-5.7,83,0,2.55,228,2,15,65
2001-01-10T01:00,-7.5,87,0,2.91,229,1,0,60
2001-01-10T02:00,-8.6,88,0,3.22,234,0,0,65
2001-01-10T03:00,-9.3,87,0,3.38,236,0,0,65
2001-01-10T04:00,-10,87,0,3.55,238,0,0,60
2001-01-10T05:00,-10.5,86,0,3.61,236,0,0,60
2001-01-10T06:00,-11,86,0,3.69,237,0,0,55
2001-01-10T07:00,-11.7,84,0,3.86,239,0,0,55
2001-01-10T08:00,-11.9,84,0,4,238,3,0,55
2001-01-10T09:00,-11.8,82,0,4.08,239,3,0,55
2001-01-10T10:00,-11.8,82,0,4.21,242,3,0,55
2001-01-10T11:00,-11.6,80,0,4.25,243,6,0,55
2001-01-10T12:00,-10.9,76,0,4.39,246,7,0,60
2001-01-10T13:00,-10.6,74,0,4.31,248,10,0,70
2001-01-10T14:00,-10,72,0,4.27,249,8,0,75
2001-01-10T15:00,-10.2,75,0,4.18,249,6,0,75
2001-01-10T16:00,-10.2,77,0,4.09,248,6,0,70
2001-01-10T17:00,-8.9,73,0,3.86,249,10,37,75
2001-01-10T18:00,-6.7,67,0,3.64,249,2,108,80
2001-01-10T19:00,-4.6,63,0,3.29,250,1,167,95
2001-01-10T20:00,-2.7,61,0,2.91,254,23,209,150
2001-01-10T21:00,-1.6,60,0,3.06,259,72,208,225
2001-01-10T22:00,-1.6,62,0,2.91,254,60,105,215
2001-01-10T23:00,-3,68,0,3.01,249,72,58,120
2001-01-11T00:00,-5.4,81,0,3.14,248,80,12,70
2001-01-11T01:00,-7.3,87,0,3.42,249,85,0,60
2001-01-11T02:00,-8.5,88,0,3.55,248,89,0,60
2001-01-11T03:00,-9.4,88,0,3.58,247,92,0,55
2001-01-11T04:00,-10.2,87,0,3.49,246,84,0,55
2001-01-11T05:00,-10.7,87,0,3.49,246,63,0,55
2001-01-11T06:00,-11.7,87,0,3.58,247,16,0,55
2001-01-11T07:00,-12.5,86,0,3.64,249,16,0,55
2001-01-11T08:00,-12.6,86,0,3.51,250,10,0,55
2001-01-11T09:00,-13.3,86,0,3.51,250,5,0,50
2001-01-11T10:00,-13.8,86,0,3.32,249,13,0,45
2001-01-11T11:00,-15,85,0,3.01,249,15,0,35
2001-01-11T12:00,-15.9,85,0,2.47,249,1,0,30
2001-01-11T13:00,-15.9,83,0,1.93,249,24,0,30
2001-01-11T14:00,-16.5,82,0,1.75,246,53,0,20
2001-01-11T15:00,-17.8,82,0,1.84,241,99,0,15
2001-01-11T16:00,-18.2,82,0,1.97,240,80,0,15
2001-01-11T17:00,-16.4,78,0,1.94,235,98,18,15
2001-01-11T18:00,-13.4,72,0,1.91,223,97,50,25
2001-01-11T19:00,-9.1,63,0,1.88,205,100,99,55
2001-01-11T20:00,-6,59,0,1.82,189,100,119,145
2001-01-11T21:00,-4.8,60,0,1.9,183,100,62,165
2001-01-11T22:00,-5.4,66,0,2.01,186,100,10,145
2001-01-11T23:00,-6.5,73,0,1.92,189,100,5,105
2001-01-12T00:00,-8.2,83,0,2.06,203,100,5,65
2001-01-12T01:00,-9.3,86,0,2.08,215,100,0,40
2001-01-12T02:00,-9.5,84,0,2,217,100,0,35
2001-01-12T03:00,-10,86,0,1.92,219,100,0,30
2001-01-12T04:00,-10.4,86,0,1.78,218,100,0,25
2001-01-12T05:00,-10.8,85,0,1.56,225,100,0,20
2001-01-12T06:00,-10.9,83,0,1.22,235,99,0,15
2001-01-12T07:00,-11.6,83,0,0.82,256,99,0,10
2001-01-12T08:00,-11.6,78,0,1.41,278,99,0,15
2001-01-12T09:00,-10.9,71,0,2.55,296,96,0,35
2001-01-12T10:00,-10.5,69,0,2.42,308,94,0,55
2001-01-12T11:00,-10.5,69,0,2.33,301,95,0,55
2001-01-12T12:00,-11,70,0,2.51,299,94,0,65
2001-01-12T13:00,-11.1,70,0,2.64,299,99,0,95
2001-01-12T14:00,-11.6,75,0,2.61,302,99,0,115
2001-01-12T15:00,-12.5,77,0,2.37,298,99,0,95
2001-01-12T16:00,-13.6,78,0,2.38,292,64,0,85
2001-01-12T17:00,-13.6,79,0,2.24,297,87,30,130
2001-01-12T18:00,-10.9,74,0,1.94,305,97,76,175
2001-01-12T19:00,-9,77,0,1.63,313,99,18,210
2001-01-12T20:00,-7.4,73,0,1.34,333,100,41,275
2001-01-12T21:00,-6.8,74,0,1.3,360,100,55,330
2001-01-12T22:00,-7,78,0,1.21,24,100,34,340
2001-01-12T23:00,-7.5,83,0,1.12,27,100,10,285
2001-01-13T00:00,-8.2,89,0,1.2,48,99,3,145
2001-01-13T01:00,-8.9,92,0,1.08,56,97,0,105
2001-01-13T02:00,-9.4,93,0,0.7,90,95,0,70
2001-01-13T03:00,-9.6,91,0,0.78,140,97,0,70
2001-01-13T04:00,-9.9,92,0,1.22,171,98,0,80
2001-01-13T05:00,-10.4,91,0,1.24,194,95,0,70
2001-01-13T06:00,-11.5,90,0,1.53,212,41,0,40
2001-01-13T07:00,-13.5,88,0,1.98,225,28,0,30
2001-01-13T08:00,-14.2,86,0,2.19,227,34,0,35
2001-01-13T09:00,-14.7,85,0,2.33,227,39,0,35
2001-01-13T10:00,-15.2,84,0,2.48,230,46,0,35
2001-01-13T11:00,-15.9,85,0,2.56,231,61,0,35
2001-01-13T12:00,-16.5,84,0,2.58,234,66,0,35
2001-01-13T13:00,-17.2,84,0,2.66,236,40,0,35
2001-01-13T14:00,-17.7,83,0,2.36,234,70,0,30
2001-01-13T15:00,-17.8,83,0,2.41,228,97,0,35
2001-01-13T16:00,-17.5,83,0,2.41,228,100,0,35
2001-01-13T17:00,-16,79,0,2.36,234,96,11,35
2001-01-13T18:00,-13.2,72,0,2.08,235,90,36,40
2001-01-13T19:00,-11,72,0,1.49,228,62,81,60
2001-01-13T20:00,-7.8,70,0,1.03,209,9,184,125
2001-01-13T21:00,-5.5,61,0,0.81,173,13,216,175
2001-01-13T22:00,-4.7,58,0,0.61,189,18,176,185
2001-01-13T23:00,-5.6,64,0,0.81,210,61,95,90
2001-01-14T00:00,-8.6,76,0,1.08,202,95,12,45
2001-01-14T01:00,-9.5,78,0,1.7,225,93,0,30
2001-01-14T02:00,-10.6,84,0,1.92,242,95,0,30
2001-01-14T03:00,-11.7,85,0,2.02,250,97,0,30
2001-01-14T04:00,-12.7,85,0,2.38,255,94,0,30
2001-01-14T05:00,-12.7,85,0,2.67,257,86,0,35
2001-01-14T06:00,-12.8,84,0,2.67,257,77,0,35
2001-01-14T07:00,-12.6,84,0,2.75,260,79,0,35
2001-01-14T08:00,-12.2,82,0,2.84,260,70,0,35
2001-01-14T09:00,-11.9,81,0,2.75,260,57,0,35
2001-01-14T10:00,-12.1,82,0,2.83,262,65,0,40
2001-01-14T11:00,-12.3,82,0,2.82,264,76,0,40
2001-01-14T12:00,-12.1,81,0,2.8,270,79,0,50
2001-01-14T13:00,-12,80,0,2.71,274,91,0,50
2001-01-14T14:00,-11.7,79,0,2.63,279,93,0,60
2001-01-14T15:00,-11.1,77,0,2.57,283,90,0,75
2001-01-14T16:00,-11,77,0,2.5,286,89,0,90
2001-01-14T17:00,-9.8,74,0,2.28,285,92,13,110
2001-01-14T18:00,-8.5,73,0,1.75,294,91,39,165
2001-01-14T19:00,-6.7,70,0,1.41,315,95,120,300
2001-01-14T20:00,-5.2,64,0,1.52,337,97,102,470
2001-01-14T21:00,-5.1,66,0,1.41,352,98,47,530
2001-01-14T22:00,-5.2,68,0,1.6,360,99,46,665
2001-01-14T23:00,-5.9,75,0,1.6,4,98,33,590
2001-01-15T00:00,-7.1,79,0,1.79,333,98,7,150
2001-01-15T01:00,-8.1,80,0,2.41,312,94,0,185
2001-01-15T02:00,-8.9,80,0,2.75,303,92,0,245
2001-01-15T03:00,-9.8,79,0,2.86,295,95,0,215
2001-01-15T04:00,-10.6,81,0,2.6,293,85,0,185
2001-01-15T05:00,-11.3,81,0,2.5,286,84,0,140
2001-01-15T06:00,-11.2,81,0,2.57,283,77,0,130
2001-01-15T07:00,-10.8,81,0,2.55,281,70,0,135
2001-01-15T08:00,-11.7,84,0,2.62,277,68,0,80
2001-01-15T09:00,-12.3,85,0,2.81,274,31,0,65
2001-01-15T10:00,-13,85,0,2.9,272,35,0,55
2001-01-15T11:00,-13.2,85,0,3.01,274,4,0,60
2001-01-15T12:00,-13.1,84,0,3.21,275,3,0,70
2001-01-15T13:00,-13,84,0,3.21,275,1,0,75
2001-01-15T14:00,-13.1,84,0,3.21,274,0,0,70
2001-01-15T15:00,-13.3,85,0,3.2,270,0,0,60
2001-01-15T16:00,-13.4,84,0,3.21,266,0,1,45
2001-01-15T17:00,-11.9,77,0,2.92,264,0,46,50
2001-01-15T18:00,-9.9,72,0,2.5,270,2,136,70
2001-01-15T19:00,-7.4,66,0,1.81,276,8,204,150
2001-01-15T20:00,-4.8,60,0,1.33,283,2,253,280
2001-01-15T21:00,-4,62,0,1.02,281,0,248,285
2001-01-15T22:00,-4.3,65,0,1.14,255,25,196,160
2001-01-15T23:00,-5.5,68,0,1.66,237,57,112,45
2001-01-16T00:00,-8,78,0,2.24,243,78,24,35
2001-01-16T01:00,-10.4,86,0,2.86,245,87,0,35
2001-01-16T02:00,-12.1,86,0,3.09,245,67,0,35
2001-01-16T03:00,-13,86,0,3.31,245,95,0,35
2001-01-16T04:00,-13.8,85,0,3.44,244,92,0,35
2001-01-16T05:00,-14.2,82,0,3.4,246,80,0,35
2001-01-16T06:00,-14.6,81,0,3.49,246,84,0,35
2001-01-16T07:00,-14.1,78,0,3.49,246,88,0,35
2001-01-16T08:00,-14.5,78,0,3.49,246,87,0,35
2001-01-16T09:00,-14.6,78,0,3.36,247,93,0,30
2001-01-16T10:00,-14.5,76,0,3.58,247,85,0,35
2001-01-16T11:00,-14.4,75,0,3.77,248,62,0,35
2001-01-16T12:00,-14.3,75,0,3.99,248,26,0,40
2001-01-16T13:00,-14.3,75,0,4.09,248,17,0,45
2001-01-16T14:00,-14.1,75,0,4.09,248,16,0,50
2001-01-16T15:00,-13.8,74,0,3.99,248,13,0,50
2001-01-16T16:00,-13.4,73,0,3.99,248,10,1,50
2001-01-16T17:00,-11.2,67,0,3.68,248,21,40,55
2001-01-16T18:00,-7.4,58,0,3.49,246,21,118,60
2001-01-16T19:00,-4,57,0,3.09,245,25,193,75
2001-01-16T20:00,-1.3,55,0,2.77,244,2,225,105
2001-01-16T21:00,0.2,55,0,2.73,246,2,233,130
2001-01-16T22:00,0.3,58,0,2.92,248,4,183,135
2001-01-16T23:00,-0.8,64,0,3.23,248,2,105,120
2001-01-17T00:00,-3,74,0,3.61,251,23,25,95
2001-01-17T01:00,-4.5,79,0,3.64,249,78,0,80
2001-01-17T02:00,-5.2,79,0,3.62,246,98,0,80
2001-01-17T03:00,-5.5,78,0,3.53,245,99,0,75
2001-01-17T04:00,-5.3,75,0,3.45,248,98,0,75
2001-01-17T05:00,-5.1,74,0,3.57,252,100,0,80
2001-01-17T06:00,-5.1,74,0,3.54,254,91,0,85
2001-01-17T07:00,-4.8,74,0,3.47,258,96,0,90
2001-01-17T08:00,-4.9,77,0.2,2.93,262,99,0,95
2001-01-17T09:00,-4.9,79,0.3,2.84,260,96,0,90
2001-01-17T10:00,-5.1,80,0.4,2.83,262,97,0,95
2001-01-17T11:00,-5.3,81,0.3,2.89,256,95,0,105
2001-01-17T12:00,-5.5,79,0.1,2.89,256,68,0,100
2001-01-17T13:00,-6,81,0,2.84,260,57,0,90
2001-01-17T14:00,-6.8,84,0,2.72,264,72,0,90
2001-01-17T15:00,-7.4,86,0,2.62,263,62,0,80
2001-01-17T16:00,-8.3,88,0,2.65,259,47,0,65
2001-01-17T17:00,-7.5,82,0,2.5,254,37,38,60
2001-01-17T18:00,-6,77,0,1.9,252,23,85,70
2001-01-17T19:00,-4.1,76,0,1.46,254,17,129,115
2001-01-17T20:00,-2.4,73,0,1.02,259,22,164,245
2001-01-17T21:00,-1.5,74,0,0.92,257,17,175,330
2001-01-17T22:00,-1.7,74,0,1.17,250,8,162,260
2001-01-17T23:00,-3,77,0,1.39,240,6,103,110
2001-01-18T00:00,-4.8,79,0,1.84,248,2,28,55
2001-01-18T01:00,-6.6,82,0,2.12,251,5,0,45
2001-01-18T02:00,-8.2,87,0,2.51,247,29,0,50
2001-01-18T03:00,-9.7,89,0,2.82,247,67,0,50
2001-01-18T04:00,-10.3,88,0,2.86,245,92,0,45
2001-01-18T05:00,-10.7,88,0,2.95,246,98,0,45
2001-01-18T06:00,-10.8,88,0,2.95,246,100,0,45
2001-01-18T07:00,-10.4,86,0,2.95,246,100,0,45
2001-01-18T08:00,-10.2,85,0,2.95,246,100,0,45
2001-01-18T09:00,-9.7,84,0,3.05,247,99,0,50
2001-01-18T10:00,-9.3,83,0,3.01,249,98,0,50
2001-01-18T11:00,-9.2,84,0,3.01,249,99,0,50
2001-01-18T12:00,-8.8,84,0,3.1,249,97,0,55
2001-01-18T13:00,-8.1,83,0,3.07,251,100,0,60
2001-01-18T14:00,-7.9,84,0,3.07,251,100,0,65
2001-01-18T15:00,-7.4,84,0,3.07,251,98,0,65
2001-01-18T16:00,-7.6,85,0,2.94,252,93,0,65
2001-01-18T17:00,-6.8,82,0,2.75,251,93,25,70
2001-01-18T18:00,-4.8,75,0,2.44,251,95,95,90
2001-01-18T19:00,-2.9,71,0,1.9,252,84,104,135
2001-01-18T20:00,-1.4,66,0,1.77,254,84,116,220
2001-01-18T21:00,-1,67,0,1.36,253,73,65,290
2001-01-18T22:00,-1.2,69,0,1.39,249,58,63,325
2001-01-18T23:00,-2.4,74,0,1.41,225,47,82,170
2001-01-19T00:00,-4.5,81,0,2.22,234,42,28,140
2001-01-19T01:00,-6.6,87,0,3.28,239,20,0,140
2001-01-19T02:00,-7.6,87,0,3.76,241,41,0,155
2001-01-19T03:00,-8.4,86,0,3.89,244,48,0,140
2001-01-19T04:00,-9,86,0,3.89,244,66,0,130
2001-01-19T05:00,-9.3,85,0,4.11,244,95,0,110
2001-01-19T06:00,-9.4,84,0,4.2,245,97,0,105
2001-01-19T07:00,-9.8,82,0,4.3,245,80,0,100
2001-01-19T08:00,-9.8,81,0,4.48,246,75,0,100
2001-01-19T09:00,-9.5,78,0,4.48,246,83,0,100
2001-01-19T10:00,-8.9,76,0,4.57,247,100,0,95
2001-01-19T11:00,-7.9,75,0,4.61,246,100,0,115
2001-01-19T12:00,-6.4,73,0,4.88,247,100,0,185
2001-01-19T13:00,-5.3,71,0,5.07,248,98,0,220
2001-01-19T14:00,-5.2,73,0,4.9,250,88,0,175
2001-01-19T15:00,-5.3,74,0,4.78,250,70,0,145
2001-01-19T16:00,-5.3,75,0,4.55,251,66,1,135
2001-01-19T17:00,-3.9,70,0,4.46,250,57,28,160
2001-01-19T18:00,-2.2,66,0,4.21,252,60,55,190
2001-01-19T19:00,-0.8,63,0,3.45,253,66,169,255
2001-01-19T20:00,0.4,59,0,3.1,255,92,152,375
2001-01-19T21:00,0.2,61,0,2.55,259,74,78,460
2001-01-19T22:00,-0.1,63,0,1.91,264,96,78,390
2001-01-19T23:00,-1.6,73,0,1.3,274,100,36,170
2001-01-20T00:00,-2.8,77,0,1.63,259,100,6,90
2001-01-20T01:00,-3.7,80,0,1.8,251,100,0,85
2001-01-20T02:00,-5.2,88,0,2.33,245,99,0,80
2001-01-20T03:00,-6.1,89,0,2.68,243,100,0,85
2001-01-20T04:00,-6.4,88,0,2.77,244,100,0,80
2001-01-20T05:00,-7,89,0,3,244,99,0,80
2001-01-20T06:00,-7.5,89,0,3,244,96,0,75
2001-01-20T07:00,-7.7,88,0,3.09,245,81,0,65
2001-01-20T08:00,-8.5,88,0,3.18,246,43,0,60
2001-01-20T09:00,-9.3,87,0,3.36,247,28,0,60
2001-01-20T10:00,-9.7,87,0,3.4,246,2,0,55
2001-01-20T11:00,-9.9,85,0,3.53,245,7,0,60
2001-01-20T12:00,-9.7,84,0,3.71,243,20,0,75
2001-01-20T13:00,-9.6,82,0,3.85,242,34,0,140
2001-01-20T14:00,-9.4,80,0,3.94,243,43,0,165
2001-01-20T15:00,-9.3,79,0,4.07,242,55,0,165
2001-01-20T16:00,-9.4,79,0,4.07,242,56,1,160
2001-01-20T17:00,-8.3,73,0,4.08,239,65,44,190
2001-01-20T18:00,-6.4,66,0,4.05,237,48,113,315
2001-01-20T19:00,-4.6,59,0,3.83,237,16,177,400
2001-01-20T20:00,-3.2,54,0,3.86,239,100,236,455
2001-01-20T21:00,-2.3,53,0,3.64,238,100,231,485
2001-01-20T22:00,-2.1,55,0,3.61,236,100,184,565
2001-01-20T23:00,-2.7,57,0,3.74,236,45,82,525
2001-01-21T00:00,-4,62,0,3.83,237,80,16,400
2001-01-21T01:00,-4.7,63,0,3.83,237,100,0,340
2001-01-21T02:00,-4.2,59,0,3.86,239,89,0,325
2001-01-21T03:00,-3.8,57,0,3.94,240,85,0,315
2001-01-21T04:00,-4.4,60,0,3.76,241,99,0,290
2001-01-21T05:00,-5.2,63,0,3.45,240,100,0,225
2001-01-21T06:00,-6.3,68,0,3.04,243,100,0,130
2001-01-21T07:00,-7.2,75,0,3,244,100,0,90
2001-01-21T08:00,-8.1,79,0,2.95,242,99,0,70
2001-01-21T09:00,-8.7,83,0,3.09,241,100,0,65
2001-01-21T10:00,-9.1,85,0,3.05,238,93,0,55
2001-01-21T11:00,-9.4,85,0,3.13,243,96,0,60
2001-01-21T12:00,-9.3,83,0,3.36,247,100,0,60
2001-01-21T13:00,-9.1,81,0,3.36,247,100,0,55
2001-01-21T14:00,-8.8,80,0,3.18,246,100,0,55
2001-01-21T15:00,-8.4,79,0,2.92,248,100,0,55
2001-01-21T16:00,-8,79,0,2.82,247,100,0,55
2001-01-21T17:00,-7,76,0,2.69,248,100,0,55
2001-01-21T18:00,-5.6,72,0,2.47,249,100,4,70
2001-01-21T19:00,-3.4,69,0,2.12,251,100,17,125
2001-01-21T20:00,-1.8,64,0,2.04,259,97,60,255
2001-01-21T21:00,-1,61,0,2.31,265,97,120,455
2001-01-21T22:00,-1,63,0,1.8,270,98,77,470
2001-01-21T23:00,-1.8,67,0,2.14,281,100,26,340
2001-01-22T00:00,-3,74,0,2.47,291,100,6,215
2001-01-22T01:00,-3.9,79,0,2.53,279,92,0,190
2001-01-22T02:00,-4.9,82,0,2.81,266,6,0,140
2001-01-22T03:00,-6.5,84,0,3.18,257,11,0,120
2001-01-22T04:00,-7.3,85,0,3.32,254,23,0,115
2001-01-22T05:00,-8.3,86,0,3.42,249,37,0,110
2001-01-22T06:00,-8.9,86,0,3.51,250,41,0,105
2001-01-22T07:00,-9.4,85,0,3.64,249,45,0,100
2001-01-22T08:00,-10.1,86,0,3.58,247,42,0,95
2001-01-22T09:00,-10.6,85,0,3.68,248,61,0,90
2001-01-22T10:00,-10.9,85,0,3.58,247,76,0,75
2001-01-22T11:00,-11.2,85,0,3.58,247,43,0,70
2001-01-22T12:00,-11.9,86,0,3.45,248,38,0,65
2001-01-22T13:00,-12.5,86,0,3.49,246,29,0,65
2001-01-22T14:00,-13,86,0,3.49,246,24,0,60
2001-01-22T15:00,-13.4,85,0,3.53,245,17,0,55
2001-01-22T16:00,-13.6,85,0,3.53,245,9,2,50
2001-01-22T17:00,-12,75,0,3.4,246,5,45,55
2001-01-22T18:00,-9.1,66,0,3,244,2,129,55
2001-01-22T19:00,-6,61,0,2.51,241,1,223,65
2001-01-22T20:00,-3,55,0,2.2,240,0,278,115
2001-01-22T21:00,-1.4,50,0,2.11,239,1,268,165
2001-01-22T22:00,-1.1,52,0,2.33,239,0,215,185
2001-01-22T23:00,-2.2,58,0,2.64,245,2,130,160
2001-01-23T00:00,-4.6,70,0,2.97,250,1,39,95
2001-01-23T01:00,-6.9,79,0,3.38,251,2,0,70
2001-01-23T02:00,-8.3,82,0,3.45,248,4,0,65
2001-01-23T03:00,-9.2,82,0,3.58,247,6,0,55
2001-01-23T04:00,-9.8,80,0,3.62,246,7,0,50
2001-01-23T05:00,-10.4,80,0,3.58,247,11,0,50
2001-01-23T06:00,-11.3,81,0,3.58,247,27,0,45
2001-01-23T07:00,-11.8,79,0,3.55,248,47,0,40
2001-01-23T08:00,-12.4,80,0,3.42,249,55,0,35
2001-01-23T09:00,-12.9,80,0,3.2,250,68,0,35
2001-01-23T10:00,-13.1,79,0,2.92,248,51,0,30
2001-01-23T11:00,-13.1,77,0,2.66,250,23,0,30
2001-01-23T12:00,-13.2,74,0,2.66,250,4,0,30
2001-01-23T13:00,-13.3,73,0,2.66,250,0,0,30
2001-01-23T14:00,-13.9,76,0,2.6,247,0,0,30
2001-01-23T15:00,-15.2,82,0,2.6,247,0,0,30
2001-01-23T16:00,-16.2,82,0,2.55,244,0,3,30
2001-01-23T17:00,-13.9,73,0,2.51,241,4,66,30
2001-01-23T18:00,-10.2,65,0,2.44,235,13,167,35
2001-01-23T19:00,-5.9,58,0,2.26,225,29,249,45
2001-01-23T20:00,-1.7,51,0,2.08,215,54,289,75
2001-01-23T21:00,0.2,53,0,1.97,210,52,280,100
2001-01-23T22:00,0.5,53,0,2.27,221,10,231,100
2001-01-23T23:00,-1.2,61,0,2.55,228,0,146,60
2001-01-24T00:00,-4.2,77,0,2.88,236,0,46,45
2001-01-24T01:00,-6.5,80,0,3.05,238,0,0,35
2001-01-24T02:00,-7.8,79,0,2.92,239,0,0,35
2001-01-24T03:00,-8.8,77,0,3,240,0,0,35
2001-01-24T04:00,-9.6,75,0,3,240,0,0,30
2001-01-24T05:00,-10.1,73,0,3.05,238,0,0,30
2001-01-24T06:00,-10.6,72,0,3.19,238,0,0,30
2001-01-24T07:00,-10.8,69,0,3.19,238,0,0,30
2001-01-24T08:00,-11,68,0,3.14,239,0,0,30
2001-01-24T09:00,-11.1,67,0,3.14,239,0,0,30
2001-01-24T10:00,-11.2,66,0,3.31,241,0,0,30
2001-01-24T11:00,-11.3,67,0,3.18,242,0,0,30
2001-01-24T12:00,-11.5,68,0,3.13,243,0,0,30
2001-01-24T13:00,-11.7,69,0,3.13,243,0,0,30
2001-01-24T14:00,-11.9,71,0,3.22,244,1,0,30
2001-01-24T15:00,-12.1,73,0,3.4,246,0,0,30
2001-01-24T16:00,-12.2,74,0,3.53,245,0,3,30
2001-01-24T17:00,-9.9,65,0,3.58,243,0,68,35
2001-01-24T18:00,-6.1,57,0,3.58,243,2,169,45
2001-01-24T19:00,-2.8,56,0,3.31,241,22,247,75
2001-01-24T20:00,0.8,46,0,2.87,241,57,279,150
2001-01-24T21:00,2.1,45,0,2.68,243,54,238,240
2001-01-24T22:00,2.1,46,0,2.92,248,44,210,285
2001-01-24T23:00,0.8,52,0,2.85,252,25,126,160
2001-01-25T00:00,-1.8,64,0,3.13,253,10,40,80
2001-01-25T01:00,-4.1,75,0,3.42,255,0,0,65
2001-01-25T02:00,-5.5,78,0,3.45,253,0,0,60
2001-01-25T03:00,-6.5,79,0,3.45,253,0,0,55
2001-01-25T04:00,-7.5,81,0,3.32,254,2,0,50
2001-01-25T05:00,-8.3,81,0,3.08,257,15,0,40
2001-01-25T06:00,-8.2,78,0,2.82,264,57,0,35
2001-01-25T07:00,-7.9,75,0,2.61,274,76,0,35
2001-01-25T08:00,-6.9,71,0,2.6,293,87,0,60
2001-01-25T09:00,-6,66,0,2.92,308,54,0,145
2001-01-25T10:00,-5.9,65,0,3.14,307,71,0,185
2001-01-25T11:00,-6.5,67,0,3.19,302,66,0,170
2001-01-25T12:00,-7.2,71,0,3,296,75,0,145
2001-01-25T13:00,-7.8,75,0,2.68,297,81,0,115
2001-01-25T14:00,-8,77,0,2.42,300,74,0,95
2001-01-25T15:00,-8.6,81,0,2.25,302,89,0,100
2001-01-25T16:00,-8.5,84,0,1.8,304,92,1,125
2001-01-25T17:00,-7.8,85,0,1.61,300,92,9,135
2001-01-25T18:00,-6.1,80,0,1.13,315,94,34,200
2001-01-25T19:00,-4.4,76,0,0.85,339,84,58,350
2001-01-25T20:00,-3.1,70,0,0.81,7,63,190,575
2001-01-25T21:00,-2.6,67,0,0.72,56,60,184,655
2001-01-25T22:00,-2.5,67,0,0.92,103,58,127,635
2001-01-25T23:00,-3.2,73,0,1.39,111,79,68,360
2001-01-26T00:00,-4.8,85,0,1.86,126,59,27,130
2001-01-26T01:00,-6.3,86,0,2.26,167,6,0,80
2001-01-26T02:00,-7.4,86,0,2.06,203,0,0,50
2001-01-26T03:00,-8.9,86,0,1.98,221,0,0,30
2001-01-26T04:00,-11.3,87,0,2.2,231,0,0,25
2001-01-26T05:00,-12.9,87,0,2.42,240,0,0,25
2001-01-26T06:00,-13.4,86,0,2.55,244,0,0,30
2001-01-26T07:00,-13,85,0,2.6,247,0,0,30
2001-01-26T08:00,-13.7,86,0,2.82,247,0,0,30
2001-01-26T09:00,-14.1,86,0,2.92,248,0,0,30
2001-01-26T10:00,-14.5,86,0,3.1,249,3,0,30
2001-01-26T11:00,-14.8,85,0,3.1,249,36,0,30
2001-01-26T12:00,-14.9,84,0,3.32,249,21,0,35
2001-01-26T13:00,-15.1,84,0,3.42,249,36,0,35
2001-01-26T14:00,-15.1,84,0,3.38,251,36,0,35
2001-01-26T15:00,-15.3,84,0,3.2,250,36,0,30
2001-01-26T16:00,-15.4,84,0,3.05,247,60,3,30
2001-01-26T17:00,-13.4,77,0,3.05,247,24,64,30
2001-01-26T18:00,-9.9,69,0,2.86,245,0,151,35
2001-01-26T19:00,-5.8,63,0,2.68,243,0,219,60
2001-01-26T20:00,-2.5,57,0,2.24,243,0,278,105
2001-01-26T21:00,-0.9,53,0,2.24,243,0,291,160
2001-01-26T22:00,-0.5,54,0,2.38,248,0,242,185
2001-01-26T23:00,-1.5,60,0,2.57,257,0,155,150
2001-01-27T00:00,-4,72,0,2.83,262,0,53,80
2001-01-27T01:00,-6.4,81,0,3.26,259,0,1,60
2001-01-27T02:00,-7.8,83,0,3.28,258,0,0,50
2001-01-27T03:00,-9,84,0,3.13,253,0,0,40
2001-01-27T04:00,-10.4,87,0,2.88,250,0,0,35
2001-01-27T05:00,-11.4,86,0,2.6,247,0,0,30
2001-01-27T06:00,-12,85,0,2.64,245,0,0,30
2001-01-27T07:00,-13.1,85,0,2.64,245,0,0,30
2001-01-27T08:00,-13.5,84,0,2.73,246,0,0,30
2001-01-27T09:00,-14,84,0,2.82,247,0,0,30
2001-01-27T10:00,-14.4,84,0,2.92,248,0,0,30
2001-01-27T11:00,-14.8,83,0,3.01,249,0,0,35
2001-01-27T12:00,-15,83,0,3.23,248,0,0,35
2001-01-27T13:00,-14.9,83,0,3.32,249,0,0,35
2001-01-27T14:00,-14.4,81,0,3.55,248,0,0,35
2001-01-27T15:00,-13.9,79,0,3.62,246,64,0,35
2001-01-27T16:00,-13.1,76,0,3.8,243,99,4,40
2001-01-27T17:00,-10.2,66,0,3.89,244,100,40,55
2001-01-27T18:00,-6.8,59,0,3.58,243,100,115,60
2001-01-27T19:00,-4,56,0,3.44,244,72,140,95
2001-01-27T20:00,-0.8,48,0,3.23,248,72,252,145
2001-01-27T21:00,0.7,46,0,3.16,252,91,261,190
2001-01-27T22:00,0.6,48,0,3.16,252,99,192,190
2001-01-27T23:00,-0.7,53,0,3.29,250,100,114,160
2001-01-28T00:00,-3.1,63,0,3.72,246,100,32,115
2001-01-28T01:00,-5.5,71,0,4.02,243,100,1,100
2001-01-28T02:00,-6.9,73,0,4.2,245,100,0,100
2001-01-28T03:00,-7.8,73,0,4.34,244,100,0,100
2001-01-28T04:00,-8.1,71,0,4.34,241,100,0,105
2001-01-28T05:00,-8,69,0,4.52,245,100,0,110
2001-01-28T06:00,-7.9,67,0,4.66,247,100,0,120
2001-01-28T07:00,-6.6,58,0,4.74,245,98,0,125
2001-01-28T08:00,-6.3,57,0,4.7,243,69,0,115
2001-01-28T09:00,-6.7,60,0,4.61,243,33,0,110
2001-01-28T10:00,-7.1,62,0,4.61,243,54,0,100
2001-01-28T11:00,-7.3,62,0,4.65,245,94,0,105
2001-01-28T12:00,-7.1,62,0,4.65,245,97,0,115
2001-01-28T13:00,-7.1,61,0,4.65,245,97,0,115
2001-01-28T14:00,-7.2,62,0,4.7,246,100,0,115
2001-01-28T15:00,-7.1,62,0,4.65,245,97,0,115
2001-01-28T16:00,-6.7,61,0,4.47,243,100,1,120
2001-01-28T17:00,-5.2,57,0,4.03,247,100,22,140
2001-01-28T18:00,-3.1,53,0,3.83,250,100,19,180
2001-01-28T19:00,-1.4,52,0,3.45,253,100,15,195
2001-01-28T20:00,-0.4,52,0,3.45,248,100,17,220
2001-01-28T21:00,0.7,50,0,3.09,245,99,53,250
2001-01-28T22:00,0.9,54,0,2.47,238,97,73,175
2001-01-28T23:00,0.1,60,0,2.39,237,98,51,155
2001-01-29T00:00,-1.4,65,0,2.78,240,88,22,115
2001-01-29T01:00,-2.5,70,0,2.95,246,93,0,100
2001-01-29T02:00,-3.3,72,0,3.22,244,95,0,95
2001-01-29T03:00,-3.9,73,0,3.4,242,93,0,95
2001-01-29T04:00,-4.5,74,0,3.49,243,97,0,90
2001-01-29T05:00,-5.4,76,0,3.58,243,98,0,90
2001-01-29T06:00,-5.9,77,0,3.49,243,99,0,90
2001-01-29T07:00,-5.6,75,0,3.58,243,100,0,90
2001-01-29T08:00,-5.5,74,0,3.71,243,100,0,95
2001-01-29T09:00,-5.1,73,0,3.81,240,100,0,105
2001-01-29T10:00,-4.8,73,0,3.72,239,100,0,105
2001-01-29T11:00,-4.7,74,0,3.72,239,100,0,105
2001-01-29T12:00,-4.7,74,0,3.71,243,100,0,120
2001-01-29T13:00,-4.8,76,0,3.67,244,83,0,150
2001-01-29T14:00,-5,77,0,3.67,244,87,0,195
2001-01-29T15:00,-5.1,79,0,3.44,244,99,0,235
2001-01-29T16:00,-5.1,79,0,3.44,244,92,0,255
2001-01-29T17:00,-4.1,74,0,3.73,250,96,8,455
2001-01-29T18:00,-3.1,70,0,3.76,253,80,13,690
2001-01-29T19:00,-1.5,66,0,2.63,261,73,27,1060
2001-01-29T20:00,-0.6,62,0,2.38,255,61,73,1270
2001-01-29T21:00,-0.1,57,0,3.1,249,48,159,1305
2001-01-29T22:00,-0.4,56,0,3.58,240,30,159,1195
2001-01-29T23:00,-1.4,58,0,4.83,246,0,123,1080
2001-01-30T00:00,-2.8,60,0,4.9,250,0,56,925
2001-01-30T01:00,-3.9,64,0,5.12,253,0,2,825
2001-01-30T02:00,-4.7,63,0,5.26,256,1,0,790
2001-01-30T03:00,-5.3,63,0,5.54,263,4,0,1110
2001-01-30T04:00,-6,63,0,5.4,268,3,0,1115
2001-01-30T05:00,-7,65,0,4.9,268,0,0,980
2001-01-30T06:00,-8.2,68,0,4.54,262,0,0,845
2001-01-30T07:00,-8.9,63,0,4.54,256,0,0,730
2001-01-30T08:00,-9.4,61,0,4.81,253,0,0,670
2001-01-30T09:00,-9.7,57,0,4.96,251,0,0,585
2001-01-30T10:00,-9.9,54,0,5,250,0,0,555
2001-01-30T11:00,-9.8,53,0,5.29,248,0,0,550
2001-01-30T12:00,-9.4,53,0,5.42,247,0,0,510
2001-01-30T13:00,-9.3,55,0,5.41,245,58,0,445
2001-01-30T14:00,-9.4,59,0,5.15,241,100,0,435
2001-01-30T15:00,-8.6,58,0,5.33,240,99,0,500
2001-01-30T16:00,-7.5,57,0,5.46,242,98,0,555
2001-01-30T17:00,-6.7,56,0,5.86,245,97,9,665
2001-01-30T18:00,-5.8,56,0,5.29,248,97,30,710
2001-01-30T19:00,-5,56,0,4.53,248,99,47,795
2001-01-30T20:00,-4.2,54,0,4.08,253,96,78,885
2001-01-30T21:00,-3.9,55,0,3.55,260,91,82,965
2001-01-30T22:00,-3.9,57,0,2.73,278,82,49,1205
2001-01-30T23:00,-4.5,62,0,2.55,296,91,45,1185
2001-01-31T00:00,-5.6,68,0,2.78,308,76,19,660
2001-01-31T01:00,-7.5,77,0,2.6,286,31,1,190
2001-01-31T02:00,-9,81,0,2.8,268,6,0,95
2001-01-31T03:00,-9.5,78,0,3.3,256,0,0,100
2001-01-31T04:00,-9.9,76,0,3.42,255,3,0,105
2001-01-31T05:00,-10.3,75,0,3.42,255,13,0,110
2001-01-31T06:00,-11.3,78,0,3.51,250,22,0,105
2001-01-31T07:00,-12.1,82,0,3.55,248,43,0,100
2001-01-31T08:00,-12.7,83,0,3.55,248,49,0,110
2001-01-31T09:00,-13,83,0,3.64,249,76,0,120
2001-01-31T10:00,-13.2,83,0,3.7,251,79,0,100
2001-01-31T11:00,-13.4,82,0,3.67,253,93,0,105
2001-01-31T12:00,-13.1,80,0,3.57,252,100,0,105
2001-01-31T13:00,-13,79,0,3.51,250,100,0,105
2001-01-31T14:00,-12.8,78,0,3.42,249,100,0,100
2001-01-31T15:00,-12.7,77,0,3.32,249,100,0,95
2001-01-31T16:00,-12.6,76,0,3.2,250,100,0,90
2001-01-31T17:00,-11.4,70,0,2.88,250,99,28,100
2001-01-31T18:00,-8.8,63,0,2.21,252,82,122,135
2001-01-31T19:00,-5.9,57,0,1.68,253,87,150,190
2001-01-31T20:00,-4.4,55,0,1.08,248,89,208,320
2001-01-31T21:00,-3.4,54,0,0.86,234,90,203,440
2001-01-31T22:00,-2.8,55,0,1.08,214,87,146,435
2001-01-31T23:00,-3.2,62,0,1.34,207,81,91,325
2001-02-01T00:00,-4.7,72,0,1.66,205,98,26,140
2001-02-01T01:00,-6.3,81,0,2.34,220,100,1,115
2001-02-01T02:00,-6.6,80,0,2.77,229,97,0,125
2001-02-01T03:00,-6.9,80,0,3.14,233,100,0,130
2001-02-01T04:00,-7.2,80,0,3.58,240,93,0,125
2001-02-01T05:00,-7.6,80,0,3.71,243,83,0,120
2001-02-01T06:00,-7.5,79,0,3.76,245,94,0,115
2001-02-01T07:00,-6.9,76,0,3.85,245,96,0,115
2001-02-01T08:00,-6.9,77,0,3.94,246,96,0,110
2001-02-01T09:00,-7.3,79,0,4.07,245,96,0,105
2001-02-01T10:00,-7.7,82,0,4.11,244,96,0,95
2001-02-01T11:00,-8,83,0,4.11,244,97,0,90
2001-02-01T12:00,-7.8,82,0,4.11,244,98,0,95
2001-02-01T13:00,-7.6,82,0,4.16,243,97,0,110
2001-02-01T14:00,-7.2,80,0,4.25,243,99,0,120
2001-02-01T15:00,-6.7,79,0,4.29,242,100,0,130
2001-02-01T16:00,-5.6,76,0,4.43,242,100,0,155
2001-02-01T17:00,-3.4,70,0,4.7,243,100,9,320
2001-02-01T18:00,-0.9,63,0,5.06,245,100,45,525
2001-02-01T19:00,0.8,55,0,5.16,248,100,10,590
2001-02-01T20:00,1.4,53,0,4.65,251,100,74,670
2001-02-01T21:00,1.2,53,0,4.27,254,98,13,690
2001-02-01T22:00,0.8,56,0,4.75,255,99,36,690
2001-02-01T23:00,0.2,56,0,4.62,252,100,20,655
2001-02-02T00:00,-0.4,58,0,4.62,248,37,2,555
2001-02-02T01:00,-1.4,62,0,4.62,248,0,2,450
2001-02-02T02:00,-2.8,68,0,3.99,248,7,0,335
2001-02-02T03:00,-3.9,74,0,4.02,243,19,0,205
2001-02-02T04:00,-5.1,80,0,4.25,243,40,0,170
2001-02-02T05:00,-5.5,81,0,4.16,243,94,0,155
2001-02-02T06:00,-5.4,78,0,4.43,242,100,0,150
2001-02-02T07:00,-5.3,77,0,4.52,242,81,0,160
2001-02-02T08:00,-5.3,77,0,4.74,242,50,0,165
2001-02-02T09:00,-5,75,0,4.84,240,100,0,190
2001-02-02T10:00,-4.5,74,0,4.7,241,100,0,205
2001-02-02T11:00,-3.7,71,0,4.61,240,100,0,225
2001-02-02T12:00,-2.7,68,0,4.8,239,100,0,260
2001-02-02T13:00,-1.4,65,0,5.02,239,100,0,360
2001-02-02T14:00,-1.2,64,0,4.89,239,100,0,430
2001-02-02T15:00,-1.8,66,0,4.3,239,100,0,370
2001-02-02T16:00,-2.6,69,0,4,238,91,1,280
2001-02-02T17:00,-2.2,67,0,3.38,236,78,30,250
2001-02-02T18:00,-1.3,64,0,3,233,55,114,455
2001-02-02T19:00,0.3,60,0,3.56,232,3,221,1320
2001-02-02T20:00,0.8,53,0,5.14,243,1,327,1490
2001-02-02T21:00,0.7,49,0,5.57,249,0,295,1655
2001-02-02T22:00,0.1,50,0,4.44,256,46,266,1750
2001-02-02T23:00,-0.7,54,0,4.46,254,77,165,1335
2001-02-03T00:00,-1.7,55,0,4.54,256,96,54,1060
2001-02-03T01:00,-2.4,57,0,4.78,254,96,1,910
2001-02-03T02:00,-2.7,57,0,5.44,253,84,0,875
2001-02-03T03:00,-3.1,58,0,5.79,252,61,0,815
2001-02-03T04:00,-3.4,59,0,5.91,251,61,0,760
2001-02-03T05:00,-3.6,60,0,5.82,251,59,0,735
2001-02-03T06:00,-3.8,61,0,5.85,250,62,0,725
2001-02-03T07:00,-3.8,62,0,5.85,250,71,0,740
2001-02-03T08:00,-3.5,61,0,5.82,251,85,0,760
2001-02-03T09:00,-3.3,61,0,5.54,253,76,0,740
2001-02-03T10:00,-3.4,61,0,4.66,255,70,0,800
2001-02-03T11:00,-3.5,62,0,3.98,252,74,0,575
2001-02-03T12:00,-3.7,63,0,3.62,246,78,0,385
2001-02-03T13:00,-4.3,66,0,3.49,243,89,0,310
2001-02-03T14:00,-5.3,72,0,3.18,242,91,0,205
2001-02-03T15:00,-6.3,77,0,3.04,243,96,0,120
2001-02-03T16:00,-6.6,78,0,3.09,245,95,3,105
2001-02-03T17:00,-5.7,73,0,2.77,244,93,29,135
2001-02-03T18:00,-3.8,66,0,2.25,238,76,95,440
2001-02-03T19:00,-1.7,56,0,2.83,238,30,207,1320
2001-02-03T20:00,-1.4,51,0,4.03,247,0,319,1535
2001-02-03T21:00,-1.6,49,0,4.56,255,0,328,1450
2001-02-03T22:00,-2,48,0,4.73,257,0,273,1310
2001-02-03T23:00,-2.6,52,0,4.34,255,0,191,1090
2001-02-04T00:00,-4,57,0,4.22,256,0,83,815
2001-02-04T01:00,-5.7,64,0,4.08,253,0,6,505
2001-02-04T02:00,-6.6,65,0,4.21,252,10,0,445
2001-02-04T03:00,-7.1,65,0,4.49,249,36,0,445
2001-02-04T04:00,-7.5,63,0,4.62,248,85,0,450
2001-02-04T05:00,-7.6,63,0,4.49,249,100,0,410
2001-02-04T06:00,-7.8,62,0,4.25,246,100,0,330
2001-02-04T07:00,-8.2,65,0,4.25,246,100,0,275
2001-02-04T08:00,-8.2,64,0,4.07,245,100,0,230
2001-02-04T09:00,-8.2,65,0,4.02,243,100,0,205
2001-02-04T10:00,-8.3,66,0,3.67,241,100,0,175
2001-02-04T11:00,-8.2,67,0,3.62,242,100,0,180
2001-02-04T12:00,-8.1,69,0,3.31,245,100,0,155
2001-02-04T13:00,-8.4,73,0,2.82,247,100,0,115
2001-02-04T14:00,-8.6,77,0,2.38,248,100,0,65
2001-02-04T15:00,-8.8,80,0,2.1,245,98,0,55
2001-02-04T16:00,-8.7,81,0,2.1,245,100,0,50
2001-02-04T17:00,-7.9,78,0.1,1.84,241,99,0,65
2001-02-04T18:00,-6.6,75,0,1.39,240,98,14,115
2001-02-04T19:00,-5.1,70,0,0.78,230,97,20,170
2001-02-04T20:00,-4.2,68,0,0.54,158,94,38,385
2001-02-04T21:00,-3.5,65,0,1.03,151,90,61,715
2001-02-04T22:00,-3.1,65,0,0.85,111,93,87,740
2001-02-04T23:00,-2.9,66,0,0.92,139,68,75,665
2001-02-05T00:00,-4,75,0,1.24,104,64,39,130
2001-02-05T01:00,-6.1,82,0,0.78,130,62,4,55
2001-02-05T02:00,-6.1,80,0,0.64,129,84,0,35
2001-02-05T03:00,-6.8,81,0,0.22,153,88,0,20
2001-02-05T04:00,-7.8,82,0,0.92,221,98,0,15
2001-02-05T05:00,-9.9,85,0,1,233,100,0,15
2001-02-05T06:00,-10.8,85,0.1,0.76,247,100,0,15
2001-02-05T07:00,-11.3,84,0.2,0.67,243,99,0,15
2001-02-05T08:00,-10.8,85,0.3,0.54,248,98,0,10
2001-02-05T09:00,-10,85,0.4,0.4,270,100,0,10
2001-02-05T10:00,-9.5,86,0.4,1.36,36,100,0,40
2001-02-05T11:00,-9.5,90,0.4,0.85,21,100,0,45
2001-02-05T12:00,-9.5,91,0.4,0.92,13,100,0,60
2001-02-05T13:00,-9.6,92,0.4,1.4,356,100,0,115
2001-02-05T14:00,-9.9,92,0.5,1.7,357,100,0,220
2001-02-05T15:00,-9.8,91,0.5,2.01,354,100,0,335
2001-02-05T16:00,-9.8,90,0.5,2.52,353,100,0,490
2001-02-05T17:00,-9.8,87,0.5,3.14,351,100,1,640
2001-02-05T18:00,-9.6,83,0.5,3.42,353,100,1,775
2001-02-05T19:00,-9.7,82,0.4,3.21,355,100,0,870
2001-02-05T20:00,-9.5,72,0.2,3.54,352,100,33,950
2001-02-05T21:00,-9.2,63,0.2,3.88,348,99,37,995
2001-02-05T22:00,-9.2,60,0.1,3.93,345,99,29,1150
2001-02-05T23:00,-9.4,58,0,3.45,350,97,31,1115
2001-02-06T00:00,-10,62,0,2.51,355,76,21,870
2001-02-06T01:00,-11.7,73,0,1.88,335,51,3,90
2001-02-06T02:00,-12.9,72,0,1.79,297,19,0,45
2001-02-06T03:00,-14.2,72,0,1.7,273,7,0,30
2001-02-06T04:00,-15.6,74,0,1.82,261,0,0,25
2001-02-06T05:00,-17.1,76,0,1.87,254,0,0,20
2001-02-06T06:00,-18.7,79,0,1.68,253,0,0,20
2001-02-06T07:00,-20.7,79,0,1.71,249,0,0,15
2001-02-06T08:00,-21.9,79,0,1.8,251,0,0,15
2001-02-06T09:00,-22.8,79,0,1.8,251,0,0,20
2001-02-06T10:00,-23.4,78,0,1.8,251,1,0,15
2001-02-06T11:00,-23.8,78,0,1.8,251,2,0,15
2001-02-06T12:00,-24.2,78,0,1.8,251,10,0,15
2001-02-06T13:00,-24.5,77,0,1.68,253,21,0,15
2001-02-06T14:00,-24.6,77,0,1.68,253,47,0,15
2001-02-06T15:00,-24.5,77,0,1.77,254,71,0,15
2001-02-06T16:00,-23.2,75,0,1.96,255,76,13,15
2001-02-06T17:00,-20.8,71,0,1.82,261,74,80,30
2001-02-06T18:00,-15.9,58,0,1.6,266,67,196,130
2001-02-06T19:00,-12.7,62,0,1.64,308,65,226,740
2001-02-06T20:00,-11.5,53,0,2.34,320,91,308,1200
2001-02-06T21:00,-11.2,50,0,2.56,321,97,172,1325
2001-02-06T22:00,-10.9,48,0,2.94,325,96,123,1375
2001-02-06T23:00,-11.3,51,0,2.77,334,97,60,1265
2001-02-07T00:00,-12.3,60,0,2.26,347,86,47,650
2001-02-07T01:00,-13.7,68,0,2.18,344,75,5,170
2001-02-07T02:00,-14.9,71,0,1.89,328,68,0,110
2001-02-07T03:00,-15.8,74,0,1.39,300,80,0,45
2001-02-07T04:00,-16.8,76,0,1,276,83,0,20
2001-02-07T05:00,-17.5,77,0,1.12,260,78,0,15
2001-02-07T06:00,-18.3,78,0,1.08,248,86,0,15
2001-02-07T07:00,-21.4,79,0,0.89,243,88,0,10
2001-02-07T08:00,-22.7,79,0,1.03,241,90,0,10
2001-02-07T09:00,-23.6,79,0,1.34,243,89,0,10
2001-02-07T10:00,-24.4,78,0,1.48,242,64,0,10
2001-02-07T11:00,-25.4,77,0,1.52,247,71,0,15
2001-02-07T12:00,-25.5,77,0,1.75,246,85,0,15
2001-02-07T13:00,-25,78,0,1.84,248,99,0,15
2001-02-07T14:00,-25,78,0,1.93,249,99,0,20
2001-02-07T15:00,-24.9,78,0,1.93,249,96,0,20
2001-02-07T16:00,-23.9,74,0,2.02,250,96,6,20
2001-02-07T17:00,-21.5,67,0,1.8,251,99,43,25
2001-02-07T18:00,-16.6,52,0,1.36,253,95,104,40
2001-02-07T19:00,-14,56,0,0.6,270,92,199,205
2001-02-07T20:00,-12.3,45,0,0.57,315,78,272,950
2001-02-07T21:00,-11.9,44,0,1.06,319,90,260,1490
2001-02-07T22:00,-11.8,43,0,1.77,317,100,186,1425
2001-02-07T23:00,-12.2,47,0,1.58,342,98,80,1225
2001-02-08T00:00,-13.4,61,0,1.25,29,88,43,205
2001-02-08T01:00,-15.6,71,0,1,37,68,5,55
2001-02-08T02:00,-14.8,67,0,0.61,81,78,0,20
2001-02-08T03:00,-15.6,69,0,0.63,198,74,0,15
2001-02-08T04:00,-19,74,0,1.06,221,45,0,15
2001-02-08T05:00,-22.2,77,0,0.94,238,18,0,15
2001-02-08T06:00,-24.7,79,0,1.08,236,7,0,10
2001-02-08T07:00,-27.1,79,0,1.34,243,10,0,10
2001-02-08T08:00,-28.8,77,0,1.52,247,25,0,10
2001-02-08T09:00,-30,77,0,1.62,248,8,0,10
2001-02-08T10:00,-30.9,77,0,1.71,249,24,0,15
2001-02-08T11:00,-31.5,77,0,1.71,249,24,0,15
2001-02-08T12:00,-31.9,78,0,1.71,249,29,0,15
2001-02-08T13:00,-32.2,79,0,1.71,249,0,0,15
2001-02-08T14:00,-32.2,79,0,1.62,248,8,0,15
2001-02-08T15:00,-32.5,78,0,1.52,247,0,0,10
2001-02-08T16:00,-31.1,79,0,1.34,243,41,19,10
2001-02-08T17:00,-24.1,60,0,1.28,231,2,114,15
2001-02-08T18:00,-17.8,43,0,1.14,195,9,230,95
2001-02-08T19:00,-17.1,55,0,1.3,148,12,304,285
2001-02-08T20:00,-14.7,52,0,1.64,142,21,352,440
2001-02-08T21:00,-14.1,51,0,1.77,137,21,339,575
2001-02-08T22:00,-13.7,51,0,1.78,142,62,303,690
2001-02-08T23:00,-13.9,53,0,1.92,129,62,202,670
2001-02-09T00:00,-15,64,0,2.44,109,47,87,265
2001-02-09T01:00,-16.6,73,0,2.37,118,28,9,185
2001-02-09T02:00,-17.9,76,0,2.26,135,38,0,180
2001-02-09T03:00,-18.8,78,0,2.28,151,46,0,160
2001-02-09T04:00,-20,79,0,2.26,167,37,0,130
2001-02-09T05:00,-21.2,79,0,2,183,17,0,105
2001-02-09T06:00,-22.5,78,0,1.84,193,6,0,80
2001-02-09T07:00,-24.2,78,0,1.68,197,5,0,55
2001-02-09T08:00,-25.6,78,0,1.7,208,7,0,40
2001-02-09T09:00,-26.4,78,0,1.86,216,4,0,35
2001-02-09T10:00,-26.9,78,0,1.7,220,2,0,25
2001-02-09T11:00,-27.3,78,0,1.77,227,1,0,25
2001-02-09T12:00,-27.6,78,0,1.86,234,4,0,25
2001-02-09T13:00,-27.8,78,0,1.86,234,30,0,25
2001-02-09T14:00,-27.8,78,0,1.8,236,13,0,25
2001-02-09T15:00,-27.9,78,0,1.72,234,14,0,20
2001-02-09T16:00,-27.2,77,0,1.78,232,56,23,25
2001-02-09T17:00,-23.1,68,0,1.56,225,20,123,40
2001-02-09T18:00,-17.7,54,0,1.14,218,6,205,100
2001-02-09T19:00,-13.5,48,0,0.9,180,6,332,165
2001-02-09T20:00,-11.5,54,0,0.98,156,12,381,290
2001-02-09T21:00,-10.4,51,0,1.08,146,23,370,395
2001-02-09T22:00,-10.1,52,0,0.85,159,14,321,460
2001-02-09T23:00,-10.5,56,0,1.13,135,31,222,405
2001-02-10T00:00,-12,66,0,1.7,130,52,100,130
2001-02-10T01:00,-13.9,72,0,1.94,168,70,10,100
2001-02-10T02:00,-15.3,74,0,1.71,187,84,0,90
2001-02-10T03:00,-16.8,79,0,2.01,207,77,0,75
2001-02-10T04:00,-17.5,80,0,2.34,220,69,0,60
2001-02-10T05:00,-18.1,81,0,2.56,231,46,0,55
2001-02-10T06:00,-18.2,80,0,2.75,237,51,0,50
2001-02-10T07:00,-18.6,79,0,3,244,67,0,50
2001-02-10T08:00,-18.5,79,0,3.01,249,83,0,50
2001-02-10T09:00,-18.2,79,0,2.97,250,91,0,50
2001-02-10T10:00,-18,79,0,2.91,254,99,0,45
2001-02-10T11:00,-17.9,79,0,2.91,254,86,0,45
2001-02-10T12:00,-18,80,0,2.85,252,54,0,40
2001-02-10T13:00,-18.3,81,0,2.66,250,56,0,35
2001-02-10T14:00,-18.6,81,0,2.4,253,67,0,30
2001-02-10T15:00,-18.8,81,0,2.18,254,72,0,30
2001-02-10T16:00,-18,80,0,2.06,256,71,20,30
2001-02-10T17:00,-15.6,72,0,1.53,259,69,122,30
2001-02-10T18:00,-10,52,0,0.71,278,67,232,70
2001-02-10T19:00,-8.6,64,0,0.45,27,53,304,285
2001-02-10T20:00,-7.4,55,0,0.67,63,39,336,455
2001-02-10T21:00,-7.1,56,0,0.95,72,34,356,545
2001-02-10T22:00,-7.1,57,0,1.34,63,40,310,525
2001-02-10T23:00,-8,61,0,1.57,63,50,212,435
2001-02-11T00:00,-9.7,74,0,1.66,65,75,99,240
2001-02-11T01:00,-11.9,83,0,1.52,67,87,11,105
2001-02-11T02:00,-13.7,86,0,1.64,52,91,0,55
2001-02-11T03:00,-15.5,88,0,0.98,24,94,0,25
2001-02-11T04:00,-16.5,88,0,0.85,339,98,0,25
2001-02-11T05:00,-16.7,88,0,0.92,311,98,0,25
2001-02-11T06:00,-17.9,87,0,1.25,299,97,0,65
2001-02-11T07:00,-18,86,0,1.36,287,94,0,60
2001-02-11T08:00,-18.5,85,0,1.32,279,96,0,65
2001-02-11T09:00,-18.8,84,0,1.4,274,93,0,60
2001-02-11T10:00,-19.3,83,0,1.22,261,91,0,45
2001-02-11T11:00,-19.7,83,0,1.14,255,94,0,50
2001-02-11T12:00,-19.7,83,0,0.95,252,98,0,35
2001-02-11T13:00,-19.4,83,0,1.17,250,97,0,30
2001-02-11T14:00,-19.9,83,0,1.04,253,100,0,25
2001-02-11T15:00,-19.8,82,0,1.03,241,100,0,25
2001-02-11T16:00,-19.7,82,0,1.06,229,96,3,35
2001-02-11T17:00,-17.4,75,0,0.92,193,61,44,135
2001-02-11T18:00,-15.2,72,0,1.22,171,51,158,245
2001-02-11T19:00,-12.4,62,0,1.48,152,61,308,370
2001-02-11T20:00,-11,59,0,1.64,142,36,366,465
2001-02-11T21:00,-9.8,57,0,1.64,142,27,338,545
2001-02-11T22:00,-9.2,57,0,1.28,141,32,267,565
2001-02-11T23:00,-9.1,59,0,1.25,119,21,210,495
2001-02-12T00:00,-10.3,68,0,1.75,103,22,106,160
2001-02-12T01:00,-12.4,77,0,1.57,117,19,16,80
2001-02-12T02:00,-14.4,80,0,1.2,185,22,0,50
2001-02-12T03:00,-15.4,79,0,1.06,221,32,0,30
2001-02-12T04:00,-16.3,79,0,1.52,247,37,0,20
2001-02-12T05:00,-17.6,82,0,1.77,254,42,0,15
2001-02-12T06:00,-18,81,0,1.96,255,52,0,25
2001-02-12T07:00,-17.9,81,0,2.16,257,65,0,30
2001-02-12T08:00,-17.8,80,0,2.16,257,77,0,30
2001-02-12T09:00,-17.9,81,0,2.06,256,74,0,30
2001-02-12T10:00,-17.8,81,0,1.8,251,69,0,25
2001-02-12T11:00,-17.9,81,0,1.8,251,64,0,25
2001-02-12T12:00,-18.1,81,0,1.87,254,49,0,25
2001-02-12T13:00,-18.5,81,0,2.12,262,38,0,25
2001-02-12T14:00,-18.9,82,0,2.3,270,35,0,30
2001-02-12T15:00,-19.4,81,0,2.24,260,15,0,30
2001-02-12T16:00,-19.1,81,0,2.28,255,10,19,30
2001-02-12T17:00,-16.7,73,0,1.82,261,6,126,45
2001-02-12T18:00,-11.5,59,0,0.98,294,0,229,180
2001-02-12T19:00,-9.7,61,0,1.08,338,3,349,445
2001-02-12T20:00,-8.5,55,0,1.75,329,38,391,885
2001-02-12T21:00,-7.7,49,0,2.84,321,66,375,1395
2001-02-12T22:00,-7.2,45,0,2.68,333,53,283,1425
2001-02-12T23:00,-7.9,49,0,2.62,353,26,137,1195
2001-02-13T00:00,-9.4,60,0,1.97,24,16,116,445
2001-02-13T01:00,-11.7,73,0,1.78,38,13,20,95
2001-02-13T02:00,-13.9,77,0,1.4,360,34,0,40
2001-02-13T03:00,-15.3,78,0,0.64,309,60,0,25
2001-02-13T04:00,-15.8,78,0,1.1,275,39,0,20
2001-02-13T05:00,-16.6,78,0,1.2,270,32,0,20
2001-02-13T06:00,-18,79,0,1.32,261,11,0,15
2001-02-13T07:00,-20.1,80,0,1.26,252,5,0,15
2001-02-13T08:00,-22.4,81,0,1.17,250,1,0,10
2001-02-13T09:00,-24.2,80,0,1.21,246,4,0,10
2001-02-13T10:00,-25.6,79,0,1.12,243,1,0,10
2001-02-13T11:00,-26.7,78,0,1.52,247,2,0,10
2001-02-13T12:00,-27.3,78,0,1.97,246,25,0,15
2001-02-13T13:00,-27.6,78,0,2.33,245,24,0,20
2001-02-13T14:00,-27.3,80,0,2.46,243,2,0,25
2001-02-13T15:00,-26.6,80,0,2.46,243,41,0,25
2001-02-13T16:00,-24.9,79,0,2.59,242,83,30,30
2001-02-13T17:00,-20.2,66,0,2.56,239,39,114,35
2001-02-13T18:00,-14.7,57,0,2.28,232,83,211,55
2001-02-13T19:00,-9.2,51,0,1.7,220,99,264,130
2001-02-13T20:00,-5.7,44,0,1.75,211,100,208,220
2001-02-13T21:00,-4.4,44,0,1.66,205,99,206,300
2001-02-13T22:00,-3.4,45,0,1.66,213,100,171,365
2001-02-13T23:00,-3.4,50,0,1.64,218,100,92,330
2001-02-14T00:00,-4.6,60,0,1.56,225,100,28,170
2001-02-14T01:00,-6.3,69,0,2.2,240,99,2,125
2001-02-14T02:00,-7.2,72,0,2.77,244,100,0,120
2001-02-14T03:00,-7.5,72,0,3.14,248,93,0,120
2001-02-14T04:00,-8.3,76,0,3.38,251,96,0,105
2001-02-14T05:00,-8.1,74,0,3.36,247,42,0,95
2001-02-14T06:00,-9,79,0,3.62,246,97,0,80
2001-02-14T07:00,-9.9,81,0,3.81,247,94,0,80
2001-02-14T08:00,-10,80,0,3.85,245,92,0,75
2001-02-14T09:00,-9.8,78,0,3.89,244,100,0,80
2001-02-14T10:00,-9.4,76,0,3.98,245,100,0,80
2001-02-14T11:00,-8.9,75,0,4.07,245,96,0,85
2001-02-14T12:00,-8.4,74,0,4.12,247,97,0,100
2001-02-14T13:00,-7.7,72,0,4.25,246,98,0,120
2001-02-14T14:00,-7.3,72,0,4.07,245,92,0,120
2001-02-14T15:00,-7.4,73,0,4.07,245,61,0,115
2001-02-14T16:00,-6.7,71,0,4.11,244,54,7,125
2001-02-14T17:00,-5,66,0,3.81,247,84,47,160
2001-02-14T18:00,-2.5,61,0,2.4,268,68,116,250
2001-02-14T19:00,-1.6,64,0,1.8,326,37,78,410
2001-02-14T20:00,-2,70,0,2.62,7,33,110,585
2001-02-14T21:00,-3.5,78,0.1,3.67,17,67,208,815
2001-02-14T22:00,-6.7,82,0.3,4.16,10,100,84,830
2001-02-14T23:00,-10,83,0.7,4.6,359,98,8,790
2001-02-15T00:00,-12.2,80,0.7,4.3,348,99,0,740
2001-02-15T01:00,-13.5,80,0.5,4.05,344,100,3,735
2001-02-15T02:00,-14.2,79,0.4,3.96,344,100,0,790
2001-02-15T03:00,-15,80,0.3,3.79,348,100,0,850
2001-02-15T04:00,-15.9,80,0.3,4.08,349,100,0,915
2001-02-15T05:00,-16.9,79,0.3,4.51,347,100,0,950
2001-02-15T06:00,-17.6,78,0.3,4.49,343,100,0,965
2001-02-15T07:00,-18.2,78,0.2,4.14,340,100,0,950
2001-02-15T08:00,-18.6,79,0.2,3.99,338,100,0,915
2001-02-15T09:00,-18.9,79,0.2,3.8,333,100,0,865
2001-02-15T10:00,-19.2,77,0.1,3.58,333,100,0,810
2001-02-15T11:00,-19.5,77,0,3.89,331,100,0,745
2001-02-15T12:00,-19.7,73,0,3.81,330,100,0,715
2001-02-15T13:00,-19.8,74,0,3.5,329,100,0,690
2001-02-15T14:00,-19.8,74,0,3.36,330,100,0,695
2001-02-15T15:00,-19.9,75,0,3.11,327,100,0,675
2001-02-15T16:00,-19.4,70,0,3.33,327,100,2,710
2001-02-15T17:00,-18.9,66,0,4.03,330,100,17,810
2001-02-15T18:00,-18,62,0,3.99,338,100,66,1000
2001-02-15T19:00,-17.1,57,0,3.89,342,100,117,1200
2001-02-15T20:00,-16.4,51,0,3.7,341,100,179,1320
2001-02-15T21:00,-15.9,48,0,3.51,340,100,176,1375
2001-02-15T22:00,-15.7,47,0,3.76,343,99,139,1410
2001-02-15T23:00,-15.8,49,0,3.21,356,98,118,1305
2001-02-16T00:00,-16.5,55,0,2.55,11,88,68,1055
2001-02-16T01:00,-18.2,69,0,2.02,20,87,21,185
2001-02-16T02:00,-19.8,71,0,1.24,14,79,0,70
2001-02-16T03:00,-21.4,72,0,0.81,353,74,0,40
2001-02-16T04:00,-22.6,74,0,0.71,315,81,0,30
2001-02-16T05:00,-22.5,73,0,0.73,286,83,0,25
2001-02-16T06:00,-23.2,76,0,0.82,256,90,0,20
2001-02-16T07:00,-23.7,77,0,0.98,246,84,0,20
2001-02-16T08:00,-24.9,78,0,1.12,243,74,0,20
2001-02-16T09:00,-26.5,79,0,1.12,243,63,0,15
2001-02-16T10:00,-28.3,77,0,1.21,246,55,0,15
2001-02-16T11:00,-30.3,76,0,0.98,246,38,0,10
2001-02-16T12:00,-31.6,75,0,1.08,248,26,0,10
2001-02-16T13:00,-32.4,75,0,1.21,246,53,0,10
2001-02-16T14:00,-32.9,76,0,1.43,245,47,0,10
2001-02-16T15:00,-33.3,76,0,1.57,243,23,0,10
2001-02-16T16:00,-31.6,75,0,1.7,242,57,39,10
2001-02-16T17:00,-24.8,55,0,1.56,230,27,144,30
2001-02-16T18:00,-19.3,43,0,1.12,207,22,238,130
2001-02-16T19:00,-17.3,43,0,1.3,184,19,348,285
2001-02-16T20:00,-14.9,42,0,1.32,171,14,387,405
2001-02-16T21:00,-13.6,41,0,1.36,163,12,388,490
2001-02-16T22:00,-12.9,43,0,1.4,184,6,350,540
2001-02-16T23:00,-13.1,49,0,1.2,180,1,265,505
2001-02-17T00:00,-14.5,56,0,1.08,158,0,146,85
2001-02-17T01:00,-17,62,0,1.46,196,0,31,40
2001-02-17T02:00,-18.1,62,0,1.5,217,0,0,30
2001-02-17T03:00,-20.4,73,0,2.25,238,0,0,20
2001-02-17T04:00,-22.1,77,0,2.64,245,0,0,30
2001-02-17T05:00,-22.1,73,0,2.92,248,0,0,30
2001-02-17T06:00,-23,77,0,3.05,247,0,0,30
2001-02-17T07:00,-24.2,77,0,2.92,248,0,0,30
2001-02-17T08:00,-24.3,77,0,3.01,249,0,0,30
2001-02-17T09:00,-24.3,77,0,3.01,249,0,0,30
2001-02-17T10:00,-24.2,76,0,3.32,249,0,0,30
2001-02-17T11:00,-24,76,0,3.55,248,0,0,35
2001-02-17T12:00,-23.6,76,0,3.73,250,0,0,35
2001-02-17T13:00,-23.2,76,0,3.73,250,0,0,35
2001-02-17T14:00,-23,77,0,3.73,250,0,0,35
2001-02-17T15:00,-22.9,77,0,3.58,247,0,0,35
2001-02-17T16:00,-21.1,72,0,3.31,245,0,47,35
2001-02-17T17:00,-17,61,0,3.22,244,0,170,40
2001-02-17T18:00,-13,61,0,2.68,243,0,292,65
2001-02-17T19:00,-7.9,52,0,1.89,238,0,382,110
2001-02-17T20:00,-4.6,50,0,1.64,232,0,425,210
2001-02-17T21:00,-2.9,49,0,1.56,225,0,419,335
2001-02-17T22:00,-2.3,52,0,1.7,230,0,364,400
2001-02-17T23:00,-3,58,0,1.44,236,0,269,370
2001-02-18T00:00,-4.5,62,0,1.7,220,0,144,140
2001-02-18T01:00,-6.5,65,0,2.75,237,0,31,85
2001-02-18T02:00,-8.9,76,0,3.27,247,0,0,80
2001-02-18T03:00,-10.3,79,0,3.64,249,0,0,75
2001-02-18T04:00,-11,80,0,3.73,250,50,0,75
2001-02-18T05:00,-11.5,80,0,3.73,250,97,0,65
2001-02-18T06:00,-11.9,80,0,3.61,251,98,0,55
2001-02-18T07:00,-12,79,0,3.61,251,94,0,50
2001-02-18T08:00,-12.3,80,0,3.64,249,37,0,50
2001-02-18T09:00,-12.6,81,0,3.51,250,69,0,45
2001-02-18T10:00,-12.8,81,0,3.51,250,99,0,50
2001-02-18T11:00,-12.9,82,0,3.38,251,95,0,45
2001-02-18T12:00,-13.2,83,0,3.16,252,80,0,40
2001-02-18T13:00,-13.3,83,0,2.94,252,98,0,35
2001-02-18T14:00,-12.8,81,0,2.38,255,100,0,30
2001-02-18T15:00,-12.2,80,0,2.02,261,100,0,30
2001-02-18T16:00,-11.3,79,0,1.5,270,100,3,30
2001-02-18T17:00,-8,65,0.1,0.98,294,100,13,55
2001-02-18T18:00,-6.8,70,0.2,0.61,351,100,15,195
2001-02-18T19:00,-5.5,65,0.2,0.3,360,100,20,350
2001-02-18T20:00,-4.7,66,0.2,0.2,180,100,19,445
2001-02-18T21:00,-4.1,67,0.2,0.36,214,100,20,525
2001-02-18T22:00,-3.3,68,0.1,0.32,342,100,32,585
2001-02-18T23:00,-3.7,72,0.2,1.12,27,100,22,565
2001-02-19T00:00,-5.3,81,0.2,1.84,49,100,4,380
2001-02-19T01:00,-6.8,89,0.3,1.56,50,99,1,235
2001-02-19T02:00,-7.6,91,0.3,1.56,50,100,0,245
2001-02-19T03:00,-8.3,91,0.3,1.63,47,100,0,230
2001-02-19T04:00,-9,91,0.2,1.7,40,100,0,230
2001-02-19T05:00,-9.6,90,0.2,1.28,39,100,0,175
2001-02-19T06:00,-10.1,90,0.1,0.78,40,99,0,135
2001-02-19T07:00,-10.6,90,0,0.57,45,92,0,100
2001-02-19T08:00,-11.4,90,0,0.72,34,91,0,75
2001-02-19T09:00,-12.3,90,0,1.03,29,93,0,80
2001-02-19T10:00,-13.1,89,0,1.03,29,96,0,150
2001-02-19T11:00,-12.8,90,0,0.95,18,89,0,150
2001-02-19T12:00,-13.5,88,0,0.61,9,79,0,85
2001-02-19T13:00,-14.3,88,0,0.41,284,85,0,50
2001-02-19T14:00,-15.8,87,0,0.81,277,84,0,30
2001-02-19T15:00,-16.7,87,0,0.95,252,73,0,20
2001-02-19T16:00,-14.5,83,0,0.82,256,83,25,35
2001-02-19T17:00,-11.7,76,0,0.41,284,30,104,120
2001-02-19T18:00,-9.8,68,0,0.6,360,14,225,350
2001-02-19T19:00,-8.5,67,0,0.71,352,23,369,555
2001-02-19T20:00,-6.9,60,0,0.9,360,18,411,725
2001-02-19T21:00,-6,57,0,1.24,14,0,372,825
2001-02-19T22:00,-5.9,57,0,1.51,352,27,348,855
2001-02-19T23:00,-6.3,60,0,1.39,21,0,285,765
2001-02-20T00:00,-7.6,70,0,1.48,62,0,156,205
2001-02-20T01:00,-10.3,80,0,1.63,79,0,37,50
2001-02-20T02:00,-9.4,77,0,0.61,171,0,0,15
2001-02-20T03:00,-13.6,83,0,1,233,0,0,15
2001-02-20T04:00,-14.6,83,0,1.03,241,0,0,15
2001-02-20T05:00,-16,82,0,1.3,247,0,0,10
2001-02-20T06:00,-17.9,82,0,1.08,248,0,0,10
2001-02-20T07:00,-20.1,81,0,0.95,252,0,0,10
2001-02-20T08:00,-21.2,80,0,0.98,246,0,0,10
2001-02-20T09:00,-22.1,79,0,1.12,243,0,0,10
2001-02-20T10:00,-23,79,0,1.66,245,0,0,10
2001-02-20T11:00,-23.7,79,0,1.88,245,0,0,10
2001-02-20T12:00,-24.3,78,0,1.97,246,0,0,10
2001-02-20T13:00,-24.4,78,0,2.1,245,0,0,10
2001-02-20T14:00,-24.8,78,0,2.24,243,0,0,15
2001-02-20T15:00,-25.2,78,0,2.24,243,0,0,15
2001-02-20T16:00,-23.4,74,0,2.28,241,3,54,15
2001-02-20T17:00,-17.4,58,0,2.14,233,20,168,30
2001-02-20T18:00,-8.4,37,0,1.49,222,40,311,65
2001-02-20T19:00,-5.8,36,0,1.24,194,38,402,165
2001-02-20T20:00,-3.9,47,0,1.4,180,36,445,295
2001-02-20T21:00,-2.1,44,0,1.6,176,23,444,415
2001-02-20T22:00,-1.4,44,0,1.7,180,22,391,480
2001-02-20T23:00,-1.9,49,0,1.6,176,20,292,435
2001-02-21T00:00,-3.5,56,0,1.8,183,0,164,175
2001-02-21T01:00,-6,66,0,2.19,204,0,42,70
2001-02-21T02:00,-8.7,80,0,2.84,231,0,0,55
2001-02-21T03:00,-10.1,81,0,3.35,243,0,0,65
2001-02-21T04:00,-11,79,0,3.7,251,2,0,70
2001-02-21T05:00,-11.4,77,0,3.93,255,4,0,80
2001-02-21T06:00,-11.7,75,0,3.86,260,0,0,75
2001-02-21T07:00,-12.2,75,0,3.77,259,0,0,70
2001-02-21T08:00,-12.7,77,0,3.59,257,3,0,60
2001-02-21T09:00,-13.1,78,0,3.49,257,39,0,55
2001-02-21T10:00,-13.3,78,0,3.44,262,4,0,55
2001-02-21T11:00,-13.8,79,0,3.34,261,0,0,50
2001-02-21T12:00,-14.4,80,0,3.24,261,0,0,45
2001-02-21T13:00,-15.1,81,0,3.06,259,0,0,40
2001-02-21T14:00,-15.8,81,0,2.98,256,0,0,35
2001-02-21T15:00,-16.3,81,0,2.89,256,0,1,35
2001-02-21T16:00,-14.8,74,0,2.69,255,0,60,35
2001-02-21T17:00,-11.7,65,0,2.06,256,0,188,50
2001-02-21T18:00,-5.4,42,0,1.2,265,1,312,190
2001-02-21T19:00,-4.8,58,0,1.12,297,0,403,525
2001-02-21T20:00,-2.6,49,0,1.35,318,0,446,890
2001-02-21T21:00,-1.7,44,0,1.61,330,1,442,1230
2001-02-21T22:00,-1.7,43,0,1.73,350,0,388,1160
2001-02-21T23:00,-2.2,45,0,1.91,6,1,292,1055
2001-02-22T00:00,-3.7,55,0,1.72,36,0,165,305
2001-02-22T01:00,-6.3,68,0,1.77,47,0,43,95
2001-02-22T02:00,-6.1,62,0,1.5,37,0,0,35
2001-02-22T03:00,-6.9,64,0,0.14,135,0,0,20
2001-02-22T04:00,-7.8,67,0,0.63,198,0,0,15
2001-02-22T05:00,-11.3,75,0,0.99,225,0,0,15
2001-02-22T06:00,-14.5,79,0,1.28,231,0,0,15
2001-02-22T07:00,-16.6,83,0,1.36,234,0,0,15
2001-02-22T08:00,-18.7,85,0,1.53,238,0,0,15
2001-02-22T09:00,-20.8,83,0,1.84,241,0,0,15
2001-02-22T10:00,-21.9,82,0,2.01,243,5,0,15
2001-02-22T11:00,-22.5,81,0,2.19,246,17,0,15
2001-02-22T12:00,-23,81,0,2.28,247,43,0,20
2001-02-22T13:00,-22.9,81,0,2.51,247,54,0,25
2001-02-22T14:00,-22.4,82,0,2.6,247,55,0,30
2001-02-22T15:00,-21.6,83,0,2.6,247,77,1,30
2001-02-22T16:00,-20.3,79,0,2.51,247,47,60,30
2001-02-22T17:00,-15.6,66,0,2.19,246,35,187,35
2001-02-22T18:00,-7.9,48,0,1.44,236,34,306,80
2001-02-22T19:00,-3.7,41,0,1,217,28,405,225
2001-02-22T20:00,-2.4,51,0,1.02,191,41,441,405
2001-02-22T21:00,-1.5,51,0,1.1,180,47,408,570
2001-02-22T22:00,-1.5,56,0,1.02,191,24,381,635
2001-02-22T23:00,-1.4,44,0,0.71,188,11,299,580
2001-02-23T00:00,-1.7,40,0,0.57,135,22,174,205
2001-02-23T01:00,-6.3,63,0,0.71,188,24,47,60
2001-02-23T02:00,-8.7,72,0,1.58,215,38,0,35
2001-02-23T03:00,-10.2,82,0,2.12,251,43,0,30
2001-02-23T04:00,-11.4,84,0,2.62,252,50,0,40
2001-02-23T05:00,-11.8,84,0,3.04,253,54,0,45
2001-02-23T06:00,-12.1,84,0,3.26,252,55,0,50
2001-02-23T07:00,-12.8,83,0,3.32,254,32,0,50
2001-02-23T08:00,-13.1,83,0,3.23,254,31,0,50
2001-02-23T09:00,-13.8,84,0,3.04,253,47,0,40
2001-02-23T10:00,-14.6,84,0,2.53,252,49,0,30
2001-02-23T11:00,-15.3,84,0,2.34,250,20,0,30
2001-02-23T12:00,-15.6,83,0,2.35,258,22,0,30
2001-02-23T13:00,-15.3,82,0,2.4,272,18,0,35
2001-02-23T14:00,-15.6,84,0,2.28,293,41,0,60
2001-02-23T15:00,-15.6,86,0,2.22,306,77,1,135
2001-02-23T16:00,-14.3,84,0,2.06,321,100,15,220
2001-02-23T17:00,-12.3,79,0,2.31,342,99,49,330
2001-02-23T18:00,-11.5,73,0,2.2,3,98,106,475
2001-02-23T19:00,-11,69,0,2.09,17,89,180,585
2001-02-23T20:00,-10.4,65,0,1.97,30,97,232,695
2001-02-23T21:00,-10.2,65,0,1.91,43,92,165,795
2001-02-23T22:00,-10.6,68,0,2.19,43,95,109,695
2001-02-23T23:00,-11.7,73,0,2.25,58,97,54,675
2001-02-24T00:00,-12.4,76,0,2.28,61,100,40,600
2001-02-24T01:00,-13.5,83,0.1,2.69,68,100,5,435
2001-02-24T02:00,-14.5,86,0.1,2.64,65,100,0,405
2001-02-24T03:00,-15.2,86,0.2,2.64,65,100,0,380
2001-02-24T04:00,-15.9,85,0.2,2.25,69,100,0,450
2001-02-24T05:00,-16.4,85,0.3,2.25,69,100,0,475
2001-02-24T06:00,-16.7,84,0.4,2.18,74,100,0,455
2001-02-24T07:00,-17.8,83,0.3,2,87,100,0,435
2001-02-24T08:00,-18.1,82,0.2,2.16,103,100,0,440
2001-02-24T09:00,-18.5,83,0.3,2.18,106,100,0,435
2001-02-24T10:00,-18.7,83,0.2,1.84,103,100,0,410
2001-02-24T11:00,-19,83,0.2,1.9,108,100,0,400
2001-02-24T12:00,-19.2,83,0.2,1.9,108,100,0,365
2001-02-24T13:00,-19.4,82,0.1,2.04,101,99,0,335
2001-02-24T14:00,-19.7,81,0,2.3,92,100,0,275
2001-02-24T15:00,-20,82,0,2.3,88,97,0,280
2001-02-24T16:00,-19.8,79,0,2,90,96,2,395
2001-02-24T17:00,-19.8,73,0,1.82,99,92,36,390
2001-02-24T18:00,-18.8,66,0,1.62,112,97,94,460
2001-02-24T19:00,-18.9,62,0,1.57,117,93,120,580
2001-02-24T20:00,-17.9,59,0,1.7,118,98,129,640
2001-02-24T21:00,-16.9,56,0,1.66,123,98,236,720
2001-02-24T22:00,-16.1,55,0,1.7,118,97,250,755
2001-02-24T23:00,-15.9,56,0,2.02,110,98,196,715
2001-02-25T00:00,-16.5,59,0,2.26,103,99,101,585
2001-02-25T01:00,-18.2,73,0,2.21,95,92,26,290
2001-02-25T02:00,-19.8,81,0,2.09,107,81,0,210
2001-02-25T03:00,-20.7,81,0,1.7,118,77,0,190
2001-02-25T04:00,-21.7,81,0,1.42,141,84,0,110
2001-02-25T05:00,-22.1,80,0,1.39,159,74,0,75
2001-02-25T06:00,-22.8,80,0,1.41,188,71,0,40
2001-02-25T07:00,-24.4,79,0,1.21,204,79,0,40
2001-02-25T08:00,-24.7,79,0,1.22,215,91,0,35
2001-02-25T09:00,-24.4,78,0,1.2,222,93,0,25
2001-02-25T10:00,-24.2,78,0,1.14,232,85,0,30
2001-02-25T11:00,-24.3,78,0,1.03,241,86,0,20
2001-02-25T12:00,-24.5,77,0,0.95,252,84,0,15
2001-02-25T13:00,-24.9,77,0,0.71,262,83,0,10
2001-02-25T14:00,-25.4,77,0,0.71,262,66,0,10
2001-02-25T15:00,-25.7,76,0,0.63,252,51,1,10
2001-02-25T16:00,-24.2,71,0,0.81,240,38,55,15
2001-02-25T17:00,-18,57,0,0.67,207,6,179,90
2001-02-25T18:00,-14.9,54,0,0.76,157,0,334,240
2001-02-25T19:00,-14,58,0,0.99,135,4,433,395
2001-02-25T20:00,-12.2,52,0,1.13,135,2,476,590
2001-02-25T21:00,-11.2,53,0,0.92,139,44,471,900
2001-02-25T22:00,-10.4,55,0,0.22,207,54,385,1115
2001-02-25T23:00,-10.9,56,0,0.45,333,69,218,1150
2001-02-26T00:00,-12.1,64,0,0.72,56,66,107,705
2001-02-26T01:00,-14.1,71,0,1.14,52,59,41,100
2001-02-26T02:00,-15.5,73,0,0.92,77,55,0,60
2001-02-26T03:00,-16.5,76,0,0.3,180,58,0,40
2001-02-26T04:00,-17.2,77,0,0.81,210,56,0,30
2001-02-26T05:00,-19,78,0,1.22,235,55,0,20
2001-02-26T06:00,-19.8,77,0,1.24,256,55,0,15
2001-02-26T07:00,-20.9,75,0,0.95,252,52,0,15
2001-02-26T08:00,-22.2,78,0,0.85,249,50,0,10
2001-02-26T09:00,-23.5,78,0,0.76,247,40,0,10
2001-02-26T10:00,-24.3,78,0,1.34,243,55,0,10
2001-02-26T11:00,-25.2,78,0,1.75,246,52,0,15
2001-02-26T12:00,-25.7,78,0,2.02,250,68,0,25
2001-02-26T13:00,-25.2,79,0,2.09,253,90,0,25
2001-02-26T14:00,-24.8,79,0,2.06,256,96,0,25
2001-02-26T15:00,-24.5,79,0,2.04,259,98,2,25
2001-02-26T16:00,-21.8,73,0,1.7,267,99,26,30
2001-02-26T17:00,-17,60,0,1.1,270,99,76,55
2001-02-26T18:00,-12.1,53,0,0.54,292,100,116,275
2001-02-26T19:00,-10.7,61,0,0.89,297,100,159,680
2001-02-26T20:00,-9.1,56,0,1.66,303,98,309,1500
2001-02-26T21:00,-7.9,49,0,2.62,317,100,352,1630
2001-02-26T22:00,-7.1,45,0,3.32,316,82,224,1480
2001-02-26T23:00,-6.8,44,0,3.11,318,45,151,1340
2001-02-27T00:00,-7.5,53,0,1.06,319,0,180,845
2001-02-27T01:00,-10.8,65,0,1.13,225,0,61,40
2001-02-27T02:00,-12.2,67,0,1.63,227,0,1,35
2001-02-27T03:00,-14.3,78,0,2.52,236,0,0,35
2001-02-27T04:00,-15.1,81,0,3.09,241,0,0,40
2001-02-27T05:00,-15.3,80,0,3.67,244,0,0,50
2001-02-27T06:00,-15.4,78,0,3.85,245,0,0,60
2001-02-27T07:00,-16.3,79,0,3.98,245,0,0,60
2001-02-27T08:00,-16.3,78,0,4.07,245,0,0,55
2001-02-27T09:00,-16.3,77,0,4.07,245,0,0,55
2001-02-27T10:00,-16.1,75,0,4.2,245,0,0,60
2001-02-27T11:00,-16,74,0,4.16,246,78,0,60
2001-02-27T12:00,-15.8,73,0,4.2,245,97,0,60
2001-02-27T13:00,-15.4,72,0,4.22,248,93,0,60
2001-02-27T14:00,-14.9,71,0,4.27,249,64,0,60
2001-02-27T15:00,-14.5,70,0,4.22,248,39,3,55
2001-02-27T16:00,-12,62,0,3.98,245,90,75,60
2001-02-27T17:00,-8.4,54,0,3.62,242,84,215,80
2001-02-27T18:00,-4.3,47,0,3.22,240,47,333,130
2001-02-27T19:00,-0.9,40,0,3.35,243,62,421,195
2001-02-27T20:00,1.3,38,0,3.27,247,81,467,250
2001-02-27T21:00,2.6,39,0,3.14,248,80,448,285
2001-02-27T22:00,3,41,0,3.14,239,89,400,295
2001-02-27T23:00,2.5,44,0,3.14,239,73,310,285
2001-02-28T00:00,1,50,0,3.67,244,85,187,240
2001-02-28T01:00,-1.9,60,0,4.35,247,85,58,180
2001-02-28T02:00,-4.1,67,0,4.53,248,88,1,140
2001-02-28T03:00,-5.2,70,0,4.49,249,95,0,125
2001-02-28T04:00,-5.9,70,0,4.49,249,83,0,115
2001-02-28T05:00,-6.3,70,0,4.39,246,0,0,100
2001-02-28T06:00,-6.7,71,0,4.38,243,17,0,90
2001-02-28T07:00,-7.1,72,0,4.38,243,65,0,85
2001-02-28T08:00,-7.2,72,0,4.43,245,75,0,85
2001-02-28T09:00,-7.2,71,0,4.56,244,39,0,85
2001-02-28T10:00,-7.2,71,0,4.65,245,40,0,90
2001-02-28T11:00,-7,71,0,4.79,244,24,0,95
2001-02-28T12:00,-6.7,70,0,5.01,244,2,0,120
2001-02-28T13:00,-6.3,70,0,5.01,244,0,0,125
2001-02-28T14:00,-5.9,69,0,5.05,243,5,0,130
2001-02-28T15:00,-5.3,68,0,5.14,243,10,5,150
2001-02-28T16:00,-2.9,60,0,5.1,244,24,88,215
2001-02-28T17:00,0.2,53,0,5.01,244,26,222,355
2001-02-28T18:00,2.8,46,0,4.48,241,24,345,480
2001-02-28T19:00,3.7,42,0,4.75,240,27,436,700
2001-02-28T20:00,4.2,40,0,4.39,240,43,488,905
2001-02-28T21:00,4.1,39,0,4.13,238,70,480,1060
2001-02-28T22:00,3.6,41,0,2.83,225,33,387,1025
2001-02-28T23:00,2.8,45,0,2.41,222,12,275,1155
2001-03-01T00:00,1.9,47,0,2.72,234,25,157,865
2001-03-01T01:00,0.4,53,0,3.49,257,22,52,865
2001-03-01T02:00,-1.3,63,0,3.41,273,1,0,795
2001-03-01T03:00,-2.8,72,0,3,272,0,0,560
2001-03-01T04:00,-4.4,77,0,2.92,264,20,0,530
2001-03-01T05:00,-6,81,0,2.82,253,0,0,285
2001-03-01T06:00,-6.7,79,0,2.78,240,1,0,100
2001-03-01T07:00,-6.2,73,0,3.05,238,0,0,70
2001-03-01T08:00,-6.9,72,0,3.36,240,0,0,85
2001-03-01T09:00,-7.3,72,0,3.16,235,0,0,75
2001-03-01T10:00,-7.6,74,0,3.22,234,0,0,75
2001-03-01T11:00,-7.7,73,0,3.19,238,0,0,100
2001-03-01T12:00,-8,73,0,3.13,243,10,0,145
2001-03-01T13:00,-8.4,73,0,3.26,243,54,0,115
2001-03-01T14:00,-8.8,73,0,3.19,238,75,0,90
2001-03-01T15:00,-9,73,0,2.94,235,88,2,55
2001-03-01T16:00,-8.5,74,0,2.7,231,83,19,70
2001-03-01T17:00,-6.6,70,0,1.98,229,91,90,130
2001-03-01T18:00,-3,60,0,1.84,225,95,232,340
2001-03-01T19:00,-0.6,47,0,1.75,211,99,180,520
2001-03-01T20:00,0.1,46,0,1.71,201,99,115,725
2001-03-01T21:00,0.6,45,0,1.9,198,98,145,875
2001-03-01T22:00,0.8,46,0,1.9,198,100,181,1090
2001-03-01T23:00,0.4,49,0,2.12,188,100,78,930
2001-03-02T00:00,-0.8,60,0,2.14,169,100,12,490
2001-03-02T01:00,-2.4,70,0,2.14,169,97,7,140
2001-03-02T02:00,-3.8,76,0,2.22,188,99,0,90
2001-03-02T03:00,-4.9,81,0,2.33,205,100,0,70
2001-03-02T04:00,-5.4,83,0,2.44,215,100,0,70
2001-03-02T05:00,-5.8,83,0,2.48,220,100,0,70
2001-03-02T06:00,-6.3,83,0,2.62,223,100,0,75
2001-03-02T07:00,-6.3,83,0,2.77,229,100,0,80
2001-03-02T08:00,-6.6,84,0,2.86,234,100,0,80
2001-03-02T09:00,-6.6,83,0,2.94,235,99,0,80
2001-03-02T10:00,-6.7,83,0,2.83,238,98,0,65
2001-03-02T11:00,-6.7,83,0,3.09,241,91,0,65
2001-03-02T12:00,-6.8,82,0,3.35,243,70,0,90
2001-03-02T13:00,-6.8,81,0,3.49,246,40,0,125
2001-03-02T14:00,-7.1,81,0,3.55,248,24,0,150
2001-03-02T15:00,-7.1,79,0,3.51,250,0,7,220
2001-03-02T16:00,-5.7,72,0,2.91,254,20,95,430
2001-03-02T17:00,-3.7,61,0,2.43,261,16,232,740
2001-03-02T18:00,-1.6,45,0,3.3,270,15,335,1015
2001-03-02T19:00,-0.6,40,0,3.6,268,12,390,1345
2001-03-02T20:00,-0.2,37,0,3.72,264,23,445,1740
2001-03-02T21:00,-0.3,35,0,3.92,264,18,451,2020
2001-03-02T22:00,-0.7,36,0,4.3,269,37,305,1845
2001-03-02T23:00,-1.4,38,0,4.13,277,37,248,1715
2001-03-03T00:00,-2.4,46,0,3.2,284,40,129,1410
2001-03-03T01:00,-4.3,60,0,2.24,280,45,46,350
2001-03-03T02:00,-6.3,70,0,2.04,259,41,2,50
2001-03-03T03:00,-8.4,81,0,2.33,245,40,0,40
2001-03-03T04:00,-9.4,84,0,2.64,245,30,0,40
2001-03-03T05:00,-10.6,84,0,2.92,248,37,0,40
2001-03-03T06:00,-11.6,84,0,3.05,247,43,0,40
2001-03-03T07:00,-11.8,84,0,3.14,248,32,0,40
2001-03-03T08:00,-12.5,84,0,3.18,246,17,0,40
2001-03-03T09:00,-13.2,84,0,3.18,246,35,0,35
2001-03-03T10:00,-14,84,0,2.95,246,33,0,40
2001-03-03T11:00,-14.8,84,0,3.05,247,42,0,40
2001-03-03T12:00,-15.4,83,0,3.05,247,43,0,35
2001-03-03T13:00,-16,82,0,3.05,247,38,0,35
2001-03-03T14:00,-16.6,82,0,3.05,247,30,0,35
2001-03-03T15:00,-16.7,83,0,3.05,247,44,10,35
2001-03-03T16:00,-14,73,0,2.73,246,27,110,35
2001-03-03T17:00,-9.6,63,0,1.88,245,7,251,55
2001-03-03T18:00,-5.4,58,0,1.34,243,0,383,225
2001-03-03T19:00,-2.6,42,0,1.22,235,0,477,880
2001-03-03T20:00,-1.8,38,0,1.22,215,0,527,1285
2001-03-03T21:00,-1.3,36,0,1.25,209,0,520,1525
2001-03-03T22:00,-1.2,36,0,1.62,202,1,463,1680
2001-03-03T23:00,-1.7,39,0,1.49,200,5,363,1690
2001-03-04T00:00,-3.3,53,0,1.04,197,8,217,675
2001-03-04T01:00,-5.2,56,0,1.8,199,5,75,50
2001-03-04T02:00,-7.2,61,0,1.78,232,3,3,25
2001-03-04T03:00,-10.3,79,0,1.7,242,0,0,15
2001-03-04T04:00,-12.2,82,0,1.57,243,0,0,15
2001-03-04T05:00,-13.3,82,0,1.66,245,0,0,15
2001-03-04T06:00,-14.6,83,0,1.75,246,0,0,15
2001-03-04T07:00,-15.8,83,0,1.75,246,21,0,15
2001-03-04T08:00,-16.8,82,0,1.88,245,71,0,15
2001-03-04T09:00,-17.5,82,0,1.88,245,93,0,15
2001-03-04T10:00,-18.2,81,0,1.97,246,93,0,15
2001-03-04T11:00,-18.7,81,0,2.06,247,92,0,20
2001-03-04T12:00,-19.1,81,0,1.97,246,96,0,20
2001-03-04T13:00,-19.8,80,0,1.88,245,88,0,20
2001-03-04T14:00,-20.6,80,0,1.75,246,7,0,15
2001-03-04T15:00,-20.5,79,0,1.75,246,0,11,15
2001-03-04T16:00,-17,69,0,1.79,243,0,112,20
2001-03-04T17:00,-8.6,44,0,1.36,234,0,256,40
2001-03-04T18:00,-4,36,0,1.1,185,0,384,405
2001-03-04T19:00,-2.5,39,0,1.75,167,0,474,800
2001-03-04T20:00,-1.8,38,0,2.12,161,0,519,1090
2001-03-04T21:00,-1.3,38,0,2.47,159,7,512,1320
2001-03-04T22:00,-1,38,0,2.69,158,53,456,1380
2001-03-04T23:00,-1,38,0,2.86,155,90,352,1375
2001-03-05T00:00,-1.7,45,0,2.33,149,95,219,1080
2001-03-05T01:00,-3.8,58,0,2.33,149,98,77,115
2001-03-05T02:00,-5.9,64,0,2.5,164,95,3,105
2001-03-05T03:00,-7.2,66,0,2.62,173,98,0,135
2001-03-05T04:00,-8.1,68,0,2.6,180,82,0,145
2001-03-05T05:00,-9.3,72,0,2.42,187,66,0,120
2001-03-05T06:00,-10.5,77,0,2.31,198,46,0,90
2001-03-05T07:00,-10.2,76,0,2.24,207,99,0,60
2001-03-05T08:00,-11.3,81,0,2.28,218,100,0,40
2001-03-05T09:00,-11.5,81,0,2.41,228,92,0,35
2001-03-05T10:00,-11.7,80,0,2.52,236,81,0,35
2001-03-05T11:00,-12.1,81,0,2.59,242,99,0,35
2001-03-05T12:00,-12.5,84,0,2.68,243,47,0,35
2001-03-05T13:00,-13.1,86,0,2.68,243,44,0,35
2001-03-05T14:00,-13.5,85,0,2.82,247,35,0,35
2001-03-05T15:00,-13,84,0,2.88,250,57,10,35
2001-03-05T16:00,-9.8,72,0,2.77,257,36,92,40
2001-03-05T17:00,-5.3,67,0,2.1,270,11,207,95
2001-03-05T18:00,-0.8,60,0,1.57,297,3,257,315
2001-03-05T19:00,1.1,56,0,1.41,315,0,441,570
2001-03-05T20:00,1.8,60,0,1.2,318,16,514,920
2001-03-05T21:00,2.9,54,0,1.49,290,58,492,1250
2001-03-05T22:00,3.3,54,0,0.5,307,37,362,1200
2001-03-05T23:00,2.8,57,0,0.73,286,81,200,1220
2001-03-06T00:00,1.8,65,0,0.57,45,71,111,915
2001-03-06T01:00,-0.3,74,0,0.95,108,31,35,95
2001-03-06T02:00,-2.6,79,0,1.17,160,77,3,55
2001-03-06T03:00,-3.9,82,0,1.39,201,100,0,35
2001-03-06T04:00,-4.7,82,0,1.28,231,100,0,25
2001-03-06T05:00,-5.1,83,0,1.44,236,98,0,25
2001-03-06T06:00,-6.4,87,0,1.94,235,96,0,30
2001-03-06T07:00,-6.8,88,0,2.33,239,79,0,35
2001-03-06T08:00,-7.2,89,0,2.73,242,81,0,50
2001-03-06T09:00,-7.4,89,0,3.13,243,79,0,80
2001-03-06T10:00,-7.3,88,0,3.49,246,87,0,95
2001-03-06T11:00,-7.3,88,0,3.51,250,83,0,90
2001-03-06T12:00,-7.5,89,0,3.51,250,64,0,85
2001-03-06T13:00,-8,89,0,3.42,249,65,0,80
2001-03-06T14:00,-8.4,89,0,3.36,247,67,0,70
2001-03-06T15:00,-8.4,88,0,3.27,247,60,11,65
2001-03-06T16:00,-6.1,78,0,2.82,247,73,85,70
2001-03-06T17:00,-3.2,74,0,2.1,245,51,227,80
2001-03-06T18:00,1.5,60,0,1.3,238,27,372,180
2001-03-06T19:00,3.8,45,0,0.92,221,18,481,480
2001-03-06T20:00,4.8,38,0,0.89,207,29,520,695
2001-03-06T21:00,6.1,28,0,0.67,207,40,500,860
2001-03-06T22:00,6.5,28,0,0.57,225,27,455,995
2001-03-06T23:00,6.3,29,0,0,270,19,353,735
2001-03-07T00:00,3.6,57,0,0.45,63,47,224,250
2001-03-07T01:00,3.6,45,0,0.67,117,57,83,45
2001-03-07T02:00,0.1,61,0,1.34,207,37,4,25
2001-03-07T03:00,-2.1,70,0,1.35,228,14,0,20
2001-03-07T04:00,-3,80,0,1.3,247,7,0,15
2001-03-07T05:00,-4.7,89,0,1.49,250,1,0,15
2001-03-07T06:00,-6.6,91,0,1.75,246,2,0,15
2001-03-07T07:00,-7.4,91,0,2.06,247,7,0,20
2001-03-07T08:00,-7.6,89,0,2.33,245,16,0,25
2001-03-07T09:00,-7.6,86,0,2.42,246,23,0,30
2001-03-07T10:00,-7.9,84,0,2.55,244,23,0,30
2001-03-07T11:00,-8.2,83,0,2.68,243,9,0,30
2001-03-07T12:00,-8.4,82,0,2.77,244,0,0,30
2001-03-07T13:00,-8.6,82,0,2.86,245,0,0,30
2001-03-07T14:00,-8.9,83,0,2.86,245,0,0,30
2001-03-07T15:00,-8.4,80,0,2.86,245,0,17,30
2001-03-07T16:00,-5.2,69,0,2.77,244,18,125,35
2001-03-07T17:00,-1.4,68,0,2.33,239,24,268,55
2001-03-07T18:00,4.6,52,0,1.64,232,32,393,130
2001-03-07T19:00,5.5,54,0,1.42,219,22,481,285
2001-03-07T20:00,6.6,50,0,1.25,209,7,525,455
2001-03-07T21:00,8.1,41,0,1.17,200,0,519,590
2001-03-07T22:00,9.3,32,0,1.22,189,0,463,575
2001-03-07T23:00,10.1,27,0,1,186,0,364,405
2001-03-08T00:00,6.7,45,0,1.32,189,0,233,105
2001-03-08T01:00,4.4,55,0,1.92,219,0,92,40
2001-03-08T02:00,0.7,73,0,2.37,242,0,5,30
2001-03-08T03:00,-1.7,86,0,3.05,247,0,0,40
2001-03-08T04:00,-2.3,87,0,3.45,248,0,0,45
2001-03-08T05:00,-2.5,85,0,3.73,250,0,0,60
2001-03-08T06:00,-3,84,0,3.83,250,0,0,60
2001-03-08T07:00,-3.6,85,0,3.79,252,0,0,60
2001-03-08T08:00,-4.2,84,0,3.89,252,0,0,55
2001-03-08T09:00,-4.8,83,0,3.89,252,0,0,55
2001-03-08T10:00,-5.4,83,0,3.92,251,0,0,55
2001-03-08T11:00,-6,83,0,3.89,252,0,0,55
2001-03-08T12:00,-6.8,85,0,3.79,252,0,0,55
2001-03-08T13:00,-7.7,87,0,3.79,252,0,0,50
2001-03-08T14:00,-8.5,88,0,3.7,251,0,0,45
2001-03-08T15:00,-8.1,84,0,3.42,249,0,20,40
2001-03-08T16:00,-4.9,71,0,3.1,249,0,134,45
2001-03-08T17:00,-0.4,63,0,2.25,249,0,278,80
2001-03-08T18:00,4.9,50,0,1.43,258,0,404,225
2001-03-08T19:00,5.2,56,0,0.89,297,10,487,765
2001-03-08T20:00,7.3,35,0,0.64,321,59,471,1180
2001-03-08T21:00,7.6,34,0,0.4,360,89,421,1355
2001-03-08T22:00,7.7,34,0,0.51,11,98,328,1140
2001-03-08T23:00,6.4,43,0,0.78,40,97,236,1045
2001-03-09T00:00,4.2,62,0,1.53,32,97,85,200
2001-03-09T01:00,2.6,69,0.2,2.18,16,100,9,155
2001-03-09T02:00,1.1,76,0.4,2.1,360,100,0,200
2001-03-09T03:00,0,84,0.5,2.31,355,100,0,395
2001-03-09T04:00,-0.8,92,0.6,2.3,358,100,0,480
2001-03-09T05:00,-1.3,97,0.9,2.12,352,100,0,480
2001-03-09T06:00,-1.5,96,1.1,2.83,352,100,0,585
2001-03-09T07:00,-1.7,96,0.9,3.45,350,100,0,675
2001-03-09T08:00,-2.3,96,0.7,3.34,351,100,0,725
2001-03-09T09:00,-2.9,95,0.5,3.51,357,100,0,735
2001-03-09T10:00,-3.5,95,0.3,3.7,360,100,0,810
2001-03-09T11:00,-4.2,94,0.3,3.7,360,100,0,775
2001-03-09T12:00,-4.8,93,0.2,2.91,356,99,0,710
2001-03-09T13:00,-5.5,90,0,2.38,345,97,0,600
2001-03-09T14:00,-6,89,0,1.88,335,100,0,475
2001-03-09T15:00,-6.2,86,0,1.7,320,99,2,430
2001-03-09T16:00,-5.3,75,0,1.97,330,97,10,595
2001-03-09T17:00,-4.3,61,0,2.31,342,88,59,950
2001-03-09T18:00,-3.3,54,0,2.38,345,100,147,1275
2001-03-09T19:00,-2.8,52,0,2.02,340,100,141,1410
2001-03-09T20:00,-2,50,0,1.71,339,97,164,1495
2001-03-09T21:00,-1.6,49,0,1.61,330,100,93,1630
2001-03-09T22:00,-1.2,48,0,1.53,349,83,104,1315
2001-03-09T23:00,-1.2,50,0,1.53,328,100,101,1475
2001-03-10T00:00,-1.8,53,0,1.12,27,56,115,1135
2001-03-10T01:00,-3.4,64,0,1.7,90,10,57,105
2001-03-10T02:00,-6.2,74,0,2.05,137,9,8,55
2001-03-10T03:00,-7.8,74,0,2.1,177,1,0,50
2001-03-10T04:00,-8.5,75,0,2.06,203,0,0,40
2001-03-10T05:00,-9.2,76,0,1.94,215,13,0,35
2001-03-10T06:00,-10.4,78,0,2.05,223,34,0,25
2001-03-10T07:00,-12.8,84,0,2.28,232,29,0,25
2001-03-10T08:00,-13.4,85,0,2.52,236,29,0,25
2001-03-10T09:00,-12.9,83,0,2.75,237,79,0,35
2001-03-10T10:00,-13.2,84,0,2.87,241,91,0,35
2001-03-10T11:00,-13.5,85,0,3.09,245,98,0,35
2001-03-10T12:00,-13.6,85,0,3.22,244,100,0,35
2001-03-10T13:00,-13.2,86,0,3.31,245,99,0,40
2001-03-10T14:00,-13.1,86,0,3.58,247,100,0,45
2001-03-10T15:00,-11.8,81,0,3.55,248,99,6,55
2001-03-10T16:00,-8.2,70,0,3.1,249,99,37,65
2001-03-10T17:00,-5.4,68,0,2.5,254,97,31,160
2001-03-10T18:00,-1.6,58,0,2.53,261,100,104,355
2001-03-10T19:00,-0.4,56,0,2.61,266,100,74,785
2001-03-10T20:00,-0.2,52,0,2.9,270,98,70,1025
2001-03-10T21:00,0.1,50,0,3.01,276,98,115,1270
2001-03-10T22:00,-0.2,50,0,3.83,277,94,51,1675
2001-03-10T23:00,-0.3,49,0.1,4.18,281,93,52,1650
2001-03-11T00:00,-0.8,52,0,3.3,284,58,31,1495
2001-03-11T01:00,-1.9,60,0,2.18,286,65,19,580
2001-03-11T02:00,-3.8,70,0,2.31,275,93,4,145
2001-03-11T03:00,-4.6,77,0,2.7,270,99,0,190
2001-03-11T04:00,-5,77,0,2.72,264,100,0,215
2001-03-11T05:00,-5.4,77,0,2.55,259,100,0,170
2001-03-11T06:00,-5.7,79,0,2.5,254,100,0,105
2001-03-11T07:00,-5.7,79,0,2.73,246,99,0,115
2001-03-11T08:00,-6,79,0,3.04,243,62,0,125
2001-03-11T09:00,-6.5,78,0,3.4,242,9,0,155
2001-03-11T10:00,-6.8,77,0,3.81,247,14,0,235
2001-03-11T11:00,-6.8,75,0,4.07,245,6,0,390
2001-03-11T12:00,-7,74,0,4.38,243,6,0,390
2001-03-11T13:00,-7.3,76,0,4.43,242,100,0,320
2001-03-11T14:00,-7.2,75,0,4.57,241,100,0,320
2001-03-11T15:00,-5.8,71,0,4.74,242,100,0,415
2001-03-11T16:00,-4.2,67,0.1,4.83,243,100,0,485
2001-03-11T17:00,-2.8,65,0.2,4.75,248,100,0,570
2001-03-11T18:00,-1.4,61,0.1,4.62,252,100,5,775
2001-03-11T19:00,1.4,52,0,4.96,261,96,97,1255
2001-03-11T20:00,2.3,50,0,5.2,268,96,272,1480
2001-03-11T21:00,2.4,51,0,5,269,93,149,1465
2001-03-11T22:00,2.1,53,0,4.81,266,96,84,1465
2001-03-11T23:00,2.3,53,0,4.33,263,85,136,1295
2001-03-12T00:00,1.9,57,0,4.12,264,64,61,980
2001-03-12T01:00,1,62,0,4.08,259,38,14,625
2001-03-12T02:00,0,68,0,3.86,249,48,1,405
2001-03-12T03:00,-0.8,72,0,4.07,245,69,0,340
2001-03-12T04:00,-0.6,72,0,4.74,242,54,0,395
2001-03-12T05:00,-0.3,70,0,5.41,245,99,0,440
2001-03-12T06:00,-0.6,70,0,6.04,251,100,0,475
2001-03-12T07:00,0.6,63,0,6.62,255,100,0,575
2001-03-12T08:00,1,60,0,6.6,256,100,0,580
2001-03-12T09:00,0.9,60,0,6.69,256,96,0,700
2001-03-12T10:00,0.7,59,0,6.24,264,87,0,950
2001-03-12T11:00,0.1,59,0,5.91,267,41,0,965
2001-03-12T12:00,-0.3,58,0,5.2,268,23,0,810
2001-03-12T13:00,-0.9,60,0,5.02,265,25,0,695
2001-03-12T14:00,-1.4,61,0,5.04,263,12,0,660
2001-03-12T15:00,-1.3,60,0,5.05,262,7,23,675
2001-03-12T16:00,-0.1,56,0,4.53,264,7,140,905
2001-03-12T17:00,0.9,52,0,4.77,260,7,268,1275
2001-03-12T18:00,2.2,46,0,5.12,264,3,416,1470
2001-03-12T19:00,3,43,0,5.2,268,3,490,1590
2001-03-12T20:00,3.4,43,0,5,268,0,555,1610
2001-03-12T21:00,3.5,43,0,5.12,266,14,540,1595
2001-03-12T22:00,3.4,45,0,5.04,263,12,478,1500
2001-03-12T23:00,3.1,47,0,4.65,261,97,354,1310
2001-03-13T00:00,2.4,52,0,3.77,259,91,135,1175
2001-03-13T01:00,1.3,59,0,3.64,249,47,17,820
2001-03-13T02:00,0,66,0,3.5,239,14,3,580
2001-03-13T03:00,-0.7,70,0,3.89,241,22,0,585
2001-03-13T04:00,-0.8,69,0,3.89,244,18,0,545
2001-03-13T05:00,-0.8,68,0,3.89,244,15,0,525
2001-03-13T06:00,-0.9,69,0,3.67,241,27,0,445
2001-03-13T07:00,-1.2,74,0,3.45,240,28,0,375
2001-03-13T08:00,-1.4,74,0,3.22,240,54,0,275
2001-03-13T09:00,-1.6,75,0,3.04,243,52,0,175
2001-03-13T10:00,-2.3,79,0,1.46,254,70,0,35
2001-03-13T11:00,-3.5,85,0,1.36,253,60,0,25
2001-03-13T12:00,-4.3,84,0,0.61,171,78,0,30
2001-03-13T13:00,-4.4,82,0,1.03,151,96,0,60
2001-03-13T14:00,-5.6,84,0,1.36,163,99,0,75
2001-03-13T15:00,-6.1,86,0,1.2,185,100,9,90
2001-03-13T16:00,-1.8,72,0,1.46,164,61,92,190
2001-03-13T17:00,-0.7,72,0,1.94,168,30,214,700
2001-03-13T18:00,2.6,58,0,2.75,213,37,391,1115
2001-03-13T19:00,3.6,51,0,3.86,239,49,353,1590
2001-03-13T20:00,3.9,44,0,4.9,253,67,350,2010
2001-03-13T21:00,4,38,0,5.01,267,88,282,2145
2001-03-13T22:00,3.6,38,0,4.1,273,97,261,2060
2001-03-13T23:00,2.1,52,0,2.42,294,98,36,1220
2001-03-14T00:00,0.7,61,0,1.61,353,96,34,830
2001-03-14T01:00,-0.9,80,0,1.55,15,97,5,240
2001-03-14T02:00,-2.1,93,0,1.5,4,98,1,95
2001-03-14T03:00,-2.8,95,0.1,1.22,9,99,0,110
2001-03-14T04:00,-3.1,96,0.3,1.94,12,99,0,145
2001-03-14T05:00,-3.8,97,0.4,2.45,12,100,0,320
2001-03-14T06:00,-4,97,0.7,3.04,9,100,0,575
2001-03-14T07:00,-4.4,94,0.7,3.61,5,100,0,610
2001-03-14T08:00,-4.8,94,0.4,2.83,352,100,0,555
2001-03-14T09:00,-5.3,93,0.2,2.15,332,99,0,465
2001-03-14T10:00,-5.8,92,0,2.27,319,94,0,335
2001-03-14T11:00,-6.6,91,0,2.44,305,60,0,185
2001-03-14T12:00,-6.9,90,0,2.59,298,46,0,165
2001-03-14T13:00,-7.1,90,0,2.56,291,48,0,145
2001-03-14T14:00,-7.2,90,0.1,2.56,291,41,0,140
2001-03-14T15:00,-7,89,0.1,2.42,294,37,3,250
2001-03-14T16:00,-5.9,80,0.1,2.33,317,37,26,925
2001-03-14T17:00,-4.5,66,0.1,4.34,334,57,124,1270
2001-03-14T18:00,-3.6,53,0,4.2,335,81,194,1545
2001-03-14T19:00,-3.1,46,0,3.98,332,58,261,1565
2001-03-14T20:00,-2.5,41,0,3.89,331,72,344,1655
2001-03-14T21:00,-2.1,39,0,3.58,333,70,327,1935
2001-03-14T22:00,-1.5,37,0,3.81,330,90,379,2190
2001-03-14T23:00,-1.5,37,0,3.36,337,100,234,2145
2001-03-15T00:00,-2,41,0,2.7,358,75,89,1630
2001-03-15T01:00,-4.2,63,0,1.93,21,36,77,145
2001-03-15T02:00,-3.2,45,0,0.42,135,5,15,15
2001-03-15T03:00,-8.3,62,0,1.36,216,1,0,20
2001-03-15T04:00,-11.4,69,0,1.56,225,0,0,25
2001-03-15T05:00,-13.5,75,0,1.5,233,1,0,20
2001-03-15T06:00,-15.6,83,0,1.75,239,0,0,15
2001-03-15T07:00,-17.4,84,0,1.89,238,0,0,15
2001-03-15T08:00,-18.6,84,0,2.11,239,0,0,15
2001-03-15T09:00,-19.4,84,0,2.42,240,0,0,20
2001-03-15T10:00,-19.4,85,0,2.73,242,0,0,30
2001-03-15T11:00,-19.4,87,0,2.82,243,0,0,35
2001-03-15T12:00,-19.9,87,0,3,244,0,0,35
2001-03-15T13:00,-20.2,87,0,3.22,244,0,0,40
2001-03-15T14:00,-20.4,86,0,3.62,246,29,0,55
2001-03-15T15:00,-19.7,85,0,3.58,247,57,41,55
2001-03-15T16:00,-14.8,73,0,3.09,245,17,170,65
2001-03-15T17:00,-9.2,64,0,2.46,243,1,310,160
2001-03-15T18:00,-3.9,51,0,2.37,242,0,462,315
2001-03-15T19:00,-1.5,45,0,1.92,242,0,557,515
2001-03-15T20:00,0,45,0,1.52,247,14,600,775
2001-03-15T21:00,1.1,42,0,1.33,257,34,590,970
2001-03-15T22:00,1.3,48,0,1.3,266,15,527,1070
2001-03-15T23:00,1.5,38,0,1.02,259,17,424,1090
2001-03-16T00:00,1.6,28,0,0.85,249,26,280,1005
2001-03-16T01:00,0.3,38,0,0.61,261,34,130,105
2001-03-16T02:00,-5.5,63,0,1.32,261,43,16,25
2001-03-16T03:00,-7.1,72,0,1.75,257,60,0,20
2001-03-16T04:00,-9.2,81,0,2.09,253,63,0,25
2001-03-16T05:00,-10.4,83,0,2.5,254,75,0,30
2001-03-16T06:00,-10.8,83,0,2.72,253,79,0,35
2001-03-16T07:00,-12,85,0,2.82,253,83,0,35
2001-03-16T08:00,-12.8,85,0,2.75,251,89,0,35
2001-03-16T09:00,-13.4,85,0,2.66,250,19,0,30
2001-03-16T10:00,-13.8,84,0,2.66,250,1,0,30
2001-03-16T11:00,-14.2,84,0,2.56,249,1,0,30
2001-03-16T12:00,-14.5,84,0,2.51,247,10,0,30
2001-03-16T13:00,-14.7,84,0,2.47,249,21,0,30
2001-03-16T14:00,-14.9,84,0,2.56,249,33,0,30
2001-03-16T15:00,-13.5,79,0,2.66,250,30,43,30
2001-03-16T16:00,-10.1,69,0,2.15,248,40,177,40
2001-03-16T17:00,-3.2,45,0,1.34,243,33,326,210
2001-03-16T18:00,-1.2,51,0,1.13,225,19,455,800
2001-03-16T19:00,0.1,46,0,1.53,212,17,532,1195
2001-03-16T20:00,1.1,43,0,1.98,221,32,579,1505
2001-03-16T21:00,1.6,42,0,2.64,233,65,564,1740
2001-03-16T22:00,1.5,42,0,3.2,256,66,301,1725
2001-03-16T23:00,1.1,42,0,3.28,258,57,284,1655
2001-03-17T00:00,0.2,46,0,3.01,255,29,161,1335
2001-03-17T01:00,-1.3,56,0,2.25,249,41,117,455
2001-03-17T02:00,-3.8,70,0,2.1,245,64,16,60
2001-03-17T03:00,-6.2,81,0,2.15,242,75,0,35
2001-03-17T04:00,-8.2,88,0,2.15,242,92,0,30
2001-03-17T05:00,-9.1,86,0,2.15,242,93,0,30
2001-03-17T06:00,-9.6,85,0,2.19,246,93,0,30
2001-03-17T07:00,-9.5,84,0,2.19,246,94,0,30
2001-03-17T08:00,-10.1,86,0,2.28,247,96,0,30
2001-03-17T09:00,-10.3,86,0,2.33,245,95,0,30
2001-03-17T10:00,-10.3,87,0,2.33,245,98,0,35
2001-03-17T11:00,-10.1,87,0,2.33,245,99,0,35
2001-03-17T12:00,-10.3,87,0,2.42,246,100,0,35
2001-03-17T13:00,-10.6,87,0,2.42,246,100,0,35
2001-03-17T14:00,-10.6,87,0,2.55,244,100,0,35
2001-03-17T15:00,-9.7,84,0,2.55,244,96,9,40
2001-03-17T16:00,-7,76,0,2.1,245,57,96,100
2001-03-17T17:00,-2.9,61,0,1.93,249,30,262,670
2001-03-17T18:00,-0.6,50,0,2.52,263,27,432,1350
2001-03-17T19:00,0.5,43,0,2.9,272,75,512,1775
2001-03-17T20:00,1.3,42,0,2.92,276,94,410,1905
2001-03-17T21:00,1.9,41,0,3.01,276,92,410,1965
2001-03-17T22:00,2.1,41,0,2.93,278,100,249,1980
2001-03-17T23:00,1.9,42,0,2.91,274,99,192,1850
2001-03-18T00:00,1.1,46,0,2.8,268,62,101,1515
2001-03-18T01:00,-0.2,55,0,2.42,263,37,68,615
2001-03-18T02:00,-2.8,70,0,2.38,255,16,13,100
2001-03-18T03:00,-4.6,78,0,2.62,252,1,0,60
2001-03-18T04:00,-6.1,81,0,2.62,252,3,0,55
2001-03-18T05:00,-7.4,83,0,2.75,251,17,0,50
2001-03-18T06:00,-8.5,84,0,2.82,247,36,0,50
2001-03-18T07:00,-8.1,80,0,2.92,248,22,0,50
2001-03-18T08:00,-8.7,81,0,3.05,247,4,0,50
2001-03-18T09:00,-9.2,82,0,3.23,248,0,0,50
2001-03-18T10:00,-9.6,83,0,3.18,246,0,0,50
2001-03-18T11:00,-10,83,0,3.22,244,0,0,45
2001-03-18T12:00,-10.4,84,0,3.13,243,0,0,45
2001-03-18T13:00,-10.8,84,0,3.04,243,0,0,40
2001-03-18T14:00,-11.2,85,0,2.87,241,1,0,35
2001-03-18T15:00,-9.6,80,0,2.78,240,50,47,35
2001-03-18T16:00,-6.7,75,0,2.28,232,99,164,65
2001-03-18T17:00,-2.1,64,0,2,217,100,245,365
2001-03-18T18:00,0.8,55,0,2.24,207,100,254,580
2001-03-18T19:00,2.1,54,0,2.69,202,100,184,770
2001-03-18T20:00,3.1,51,0,3.16,191,100,145,910
2001-03-18T21:00,3.7,50,0,3.86,190,100,178,1135
2001-03-18T22:00,3.6,52,0,4.02,199,100,89,1130
2001-03-18T23:00,3,56,0,3.75,189,97,37,1020
2001-03-19T00:00,2.6,60,0,3.82,186,100,114,1035
2001-03-19T01:00,1.7,66,0,3.65,189,99,35,765
2001-03-19T02:00,0.3,74,0,3.16,191,98,4,470
2001-03-19T03:00,-0.6,80,0,2.91,196,98,0,385
2001-03-19T04:00,-0.7,79,0,3.23,202,88,0,445
2001-03-19T05:00,0.1,74,0,4.05,213,98,0,570
2001-03-19T06:00,0.8,71,0,4.66,215,85,0,595
2001-03-19T07:00,1.6,67,0,5.02,215,58,0,700
2001-03-19T08:00,2.2,66,0,5.3,212,28,0,780
2001-03-19T09:00,2.4,67,0,5.07,202,37,0,770
2001-03-19T10:00,1.5,73,0,4.64,187,41,0,595
2001-03-19T11:00,0.2,81,0,4.41,184,66,0,460
2001-03-19T12:00,-0.9,85,0,3.3,194,83,0,265
2001-03-19T13:00,-1.7,88,0.5,2.78,240,71,0,115
2001-03-19T14:00,-2.3,84,0.2,3.5,272,44,0,105
2001-03-19T15:00,-1.4,60,0,3.42,291,12,32,915
2001-03-19T16:00,-1.1,42,0,3.23,286,18,169,1535
2001-03-19T17:00,-1.1,39,0,3.82,276,23,287,2000
2001-03-19T18:00,-1,36,0,4.41,274,61,435,2300
2001-03-19T19:00,-0.5,34,0,5.01,267,78,455,2515
2001-03-19T20:00,-0.8,32,0,5.64,263,71,380,2295
2001-03-19T21:00,-1,31,0,6.22,265,58,309,2195
2001-03-19T22:00,-1,32,0,4.68,254,40,298,1655
2001-03-19T23:00,-1,34,0,4.43,245,8,223,1805
2001-03-20T00:00,-1.2,38,0,4.3,239,0,259,1870
2001-03-20T01:00,-2.3,45,0,3.41,230,0,142,1280
2001-03-20T02:00,-4.9,61,0,2.97,222,0,24,160
2001-03-20T03:00,-6.2,66,0,3.11,225,0,0,140
2001-03-20T04:00,-6.9,67,0,3.28,232,1,0,245
2001-03-20T05:00,-6.8,66,0,3.55,238,0,0,330
2001-03-20T06:00,-6.3,64,0,3.69,237,8,0,335
2001-03-20T07:00,-6.7,67,0,3.69,237,14,0,295
2001-03-20T08:00,-6.6,67,0,3.89,241,34,0,285
2001-03-20T09:00,-6.7,68,0,3.94,243,32,0,255
2001-03-20T10:00,-6.9,70,0,3.49,246,13,0,175
2001-03-20T11:00,-7.3,72,0,3.42,249,5,0,105
2001-03-20T12:00,-8.1,76,0,2.79,249,14,0,60
2001-03-20T13:00,-9.3,78,0,2.31,252,23,0,55
2001-03-20T14:00,-10.8,80,0,2.15,248,37,0,45
2001-03-20T15:00,-10.4,79,0,1.66,237,31,50,65
2001-03-20T16:00,-6.4,66,0,1,217,16,185,195
2001-03-20T17:00,-3.2,62,0,1,186,20,335,660
2001-03-20T18:00,-0.1,51,0,1.3,203,13,463,1115
2001-03-20T19:00,0.1,50,0,1.35,222,33,573,1700
2001-03-20T20:00,0.7,46,0,1,217,46,558,2060
2001-03-20T21:00,0.5,46,0,0.72,214,58,384,1945
2001-03-20T22:00,0.2,44,0,0.5,360,67,359,1320
2001-03-20T23:00,-0.4,44,0.1,1.22,81,55,275,1435
2001-03-21T00:00,-1.8,52,0,1.71,97,81,92,1015
2001-03-21T01:00,-3.6,65,0,1.73,80,95,83,555
2001-03-21T02:00,-5.4,76,0.1,1.97,66,91,11,230
2001-03-21T03:00,-6.5,78,0.1,1.7,62,74,0,225
2001-03-21T04:00,-8,80,0,1.43,65,87,0,210
2001-03-21T05:00,-9.2,81,0,0.98,66,90,0,180
2001-03-21T06:00,-9.4,80,0,0.63,72,93,0,120
2001-03-21T07:00,-10.9,85,0.2,0.81,150,90,0,80
2001-03-21T08:00,-12.5,84,0.2,1.49,200,79,0,65
2001-03-21T09:00,-13.6,84,0,1.66,213,55,0,50
2001-03-21T10:00,-14.3,84,0,1.91,223,56,0,40
2001-03-21T11:00,-14.3,84,0,2.13,229,61,0,40
2001-03-21T12:00,-15,84,0,2.14,233,63,0,35
2001-03-21T13:00,-15.6,84,0,2.25,238,25,0,35
2001-03-21T14:00,-16,84,0,2.19,246,25,1,30
2001-03-21T15:00,-14.1,80,0,1.8,251,56,55,35
2001-03-21T16:00,-6.1,58,0,1.12,260,55,157,75
2001-03-21T17:00,-2.7,50,0,1.39,300,38,334,1045
2001-03-21T18:00,-1,45,0,2.3,304,57,471,1705
2001-03-21T19:00,-1.1,40,0,2.42,300,86,465,2070
2001-03-21T20:00,-0.6,37,0.1,2.19,294,62,490,2080
2001-03-21T21:00,-0.5,37,0,2.1,295,57,438,2020
2001-03-21T22:00,-0.6,38,0.2,1.63,349,38,349,1450
2001-03-21T23:00,-0.9,40,0,1.4,360,63,238,1660
2001-03-22T00:00,-2.1,51,0,1.62,22,80,123,1410
2001-03-22T01:00,-3.5,54,0,2.5,53,60,50,445
2001-03-22T02:00,-5.9,71,0,2.56,59,73,16,420
2001-03-22T03:00,-7.6,79,0,2.33,59,81,0,480
2001-03-22T04:00,-8.3,82,0,2.24,63,99,0,455
2001-03-22T05:00,-8.6,84,0.1,2.25,69,100,0,360
2001-03-22T06:00,-8.9,85,0.2,2.26,77,100,0,345
2001-03-22T07:00,-11.3,87,0.1,1.9,87,100,0,295
2001-03-22T08:00,-11.8,87,0.1,2,90,100,0,305
2001-03-22T09:00,-12.4,88,0,2.1,93,98,0,325
2001-03-22T10:00,-12.8,87,0,1.82,99,100,0,265
2001-03-22T11:00,-13,87,0.1,1.9,90,99,0,305
2001-03-22T12:00,-13.2,86,0.1,2.2,87,100,0,350
2001-03-22T13:00,-13.4,86,0.1,2.16,77,100,0,370
2001-03-22T14:00,-13.7,86,0.1,2.28,75,100,0,400
2001-03-22T15:00,-13.4,81,0.1,2.14,79,99,17,435
2001-03-22T16:00,-13.1,75,0,2.21,85,98,30,480
2001-03-22T17:00,-12,67,0,2.1,93,99,122,600
2001-03-22T18:00,-10.8,64,0,2.11,95,100,206,590
2001-03-22T19:00,-11.9,62,0,2.04,101,99,282,730
2001-03-22T20:00,-10.7,58,0,1.99,108,99,310,835
2001-03-22T21:00,-9.5,56,0,2.15,112,100,366,905
2001-03-22T22:00,-8.9,55,0,2.42,97,100,363,855
2001-03-22T23:00,-9,56,0,2.7,90,99,346,805
2001-03-23T00:00,-9.9,59,0,2.7,90,84,201,695
2001-03-23T01:00,-11.1,65,0,2.6,90,70,71,550
2001-03-23T02:00,-12.7,76,0,2.31,95,66,14,350
2001-03-23T03:00,-14.3,84,0,2.09,107,73,0,270
2001-03-23T04:00,-15.1,83,0,1.75,121,72,0,195
2001-03-23T05:00,-15.9,82,0,1.49,138,58,0,150
2001-03-23T06:00,-16.9,82,0,1.34,153,50,0,100
2001-03-23T07:00,-17.4,82,0,1.53,169,39,0,85
2001-03-23T08:00,-18.2,82,0,1.3,180,35,0,75
2001-03-23T09:00,-19.2,82,0,1.3,184,37,0,60
2001-03-23T10:00,-20,82,0,1.58,198,65,0,55
2001-03-23T11:00,-20.8,81,0,1.43,192,91,0,75
2001-03-23T12:00,-21.3,82,0,1.12,190,93,0,80
2001-03-23T13:00,-21.7,82,0,1.1,180,92,0,50
2001-03-23T14:00,-21.7,82,0,0.72,214,92,1,25
2001-03-23T15:00,-18.1,77,0,0.4,180,92,42,70
2001-03-23T16:00,-16.3,73,0,0.81,120,55,79,310
2001-03-23T17:00,-13.2,63,0,1,96,60,280,460
2001-03-23T18:00,-11.4,58,0,1.4,94,75,436,610
2001-03-23T19:00,-10.1,54,0,1.8,90,74,519,670
2001-03-23T20:00,-9.4,52,0,1.9,90,67,562,770
2001-03-23T21:00,-8.7,52,0,1.81,96,71,500,830
2001-03-23T22:00,-8.2,51,0,1.61,83,87,463,880
2001-03-23T23:00,-8.3,53,0,2.31,85,90,329,800
2001-03-24T00:00,-8.9,55,0,2.6,92,84,213,605
2001-03-24T01:00,-10.1,62,0,2.43,99,74,114,455
2001-03-24T02:00,-12.1,76,0,2.24,100,63,19,255
2001-03-24T03:00,-13.6,82,0,2.04,101,60,0,200
2001-03-24T04:00,-14.7,81,0,1.86,126,90,0,180
2001-03-24T05:00,-15.5,81,0,1.84,151,78,0,135
2001-03-24T06:00,-16.3,81,0,1.75,167,55,0,110
2001-03-24T07:00,-17.7,81,0,1.6,176,35,0,90
2001-03-24T08:00,-18.4,81,0,1.6,180,8,0,90
2001-03-24T09:00,-18.8,81,0,1.73,190,12,0,85
2001-03-24T10:00,-19.1,81,0,1.87,196,11,0,90
2001-03-24T11:00,-19.3,81,0,1.71,201,18,0,70
2001-03-24T12:00,-19.7,80,0,1.58,198,16,0,60
2001-03-24T13:00,-20.5,80,0,1.33,193,5,0,60
2001-03-24T14:00,-21,80,0,1.4,184,2,3,70
2001-03-24T15:00,-16.6,67,0,1.4,176,2,79,110
2001-03-24T16:00,-11.1,51,0,1.68,163,0,226,155
2001-03-24T17:00,-8.1,55,0,1.78,142,1,375,250
2001-03-24T18:00,-4.8,48,0,2.08,125,0,491,355
2001-03-24T19:00,-4.3,48,0,2.42,120,2,586,445
2001-03-24T20:00,-3.3,47,0,2.64,119,3,622,525
2001-03-24T21:00,-2.6,46,0,2.78,120,2,615,580
2001-03-24T22:00,-2.2,46,0,2.48,130,1,555,580
2001-03-24T23:00,-2.1,47,0,2.7,129,2,454,580
2001-03-25T00:00,-2.3,48,0,2.84,129,34,317,495
2001-03-25T01:00,-3.7,57,0,2.61,122,58,163,330
2001-03-25T02:00,-6.2,71,0,2.78,128,77,35,195
2001-03-25T03:00,-8,77,0,2.84,141,83,0,175
2001-03-25T04:00,-9.1,78,0,2.79,159,91,0,170
2001-03-25T05:00,-9.9,78,0,2.65,169,97,0,165
2001-03-25T06:00,-10.6,79,0,2.51,175,97,0,150
2001-03-25T07:00,-11.3,81,0,2.5,178,95,0,140
2001-03-25T08:00,-11.8,81,0,2.7,182,98,0,140
2001-03-25T09:00,-11.9,81,0,2.84,190,96,0,130
2001-03-25T10:00,-11.8,81,0,2.69,195,97,0,115
2001-03-25T11:00,-11.6,81,0,2.6,196,98,0,100
2001-03-25T12:00,-11.5,80,0,2.5,196,97,0,95
2001-03-25T13:00,-11.8,80,0,2.38,195,97,0,95
2001-03-25T14:00,-11.6,80,0,2.42,187,99,1,105
2001-03-25T15:00,-10.1,75,0,2.5,180,100,28,145
2001-03-25T16:00,-6.9,67,0,2.84,170,99,102,180
2001-03-25T17:00,-1.6,51,0,3.01,159,100,225,255
2001-03-25T18:00,0.8,47,0,3.5,149,100,355,345
2001-03-25T19:00,1.9,48,0,3.86,143,100,314,435
2001-03-25T20:00,2.7,47,0,4.24,146,100,299,525
2001-03-25T21:00,3.2,47,0,4.49,148,100,267,600
2001-03-25T22:00,3.3,48,0,4.38,145,100,143,585
2001-03-25T23:00,3.2,50,0,4.05,147,100,94,555
2001-03-26T00:00,2.4,56,0,3.56,142,100,74,475
2001-03-26T01:00,1.5,63,0,3.36,143,98,50,350
2001-03-26T02:00,-0.3,75,0,3.13,153,69,17,215
2001-03-26T03:00,-1.5,83,0,2.71,176,70,0,160
2001-03-26T04:00,-2,88,0,2.64,205,99,0,110
2001-03-26T05:00,-2.4,91,0,2.58,216,100,0,80
2001-03-26T06:00,-2,90,0,2.76,226,97,0,80
2001-03-26T07:00,-0.9,87,0,2.75,237,84,0,130
2001-03-26T08:00,0,81,0,2.87,241,70,0,260
2001-03-26T09:00,-0.2,78,0,2.91,243,78,0,240
2001-03-26T10:00,-0.9,80,0,2.64,245,100,0,150
2001-03-26T11:00,-1.6,83,0,2.46,243,99,0,80
2001-03-26T12:00,-2.5,87,0,2.24,243,84,0,50
2001-03-26T13:00,-3.5,87,0,2.24,243,82,0,40
2001-03-26T14:00,-4.3,90,0,2.15,242,96,2,35
2001-03-26T15:00,-3.3,86,0,2.01,243,99,26,45
2001-03-26T16:00,-1,78,0,1.48,242,100,12,390
2001-03-26T17:00,2.1,63,0,1.58,252,100,16,820
2001-03-26T18:00,2.9,56,0,2.21,275,100,20,1110
2001-03-26T19:00,3.1,52,0.1,2.47,302,100,70,1425
2001-03-26T20:00,2.8,54,0.2,2.4,315,100,79,1385
2001-03-26T21:00,2,60,0.2,2.2,330,100,46,1330
2001-03-26T22:00,1.5,64,0.4,2.06,331,96,63,1075
2001-03-26T23:00,0.8,71,0.4,2.34,340,98,16,920
2001-03-27T00:00,0.2,75,0.7,1.99,342,96,6,885
2001-03-27T01:00,-0.7,85,0.5,1.3,328,99,0,420
2001-03-27T02:00,-1.4,89,0.5,1.48,298,99,0,300
2001-03-27T03:00,-2,92,0.2,2.01,297,97,0,150
2001-03-27T04:00,-2.5,92,0.1,1.68,287,99,0,95
2001-03-27T05:00,-3.1,89,0,1.9,270,92,0,45
2001-03-27T06:00,-4.2,87,0,1.84,257,15,0,35
2001-03-27T07:00,-6.6,85,0,2.09,253,16,0,30
2001-03-27T08:00,-8.1,85,0,2.21,252,10,0,30
2001-03-27T09:00,-9,84,0,2.28,247,1,0,30
2001-03-27T10:00,-9.9,85,0,2.86,245,1,0,35
2001-03-27T11:00,-10.9,85,0,2.91,243,0,0,35
2001-03-27T12:00,-11.8,85,0,2.91,243,0,0,35
2001-03-27T13:00,-12.5,85,0,2.82,243,0,0,35
2001-03-27T14:00,-12.8,85,0,2.73,242,0,6,35
2001-03-27T15:00,-10.5,77,0,2.61,238,0,98,35
2001-03-27T16:00,-5.9,64,0,1.98,225,0,254,120
2001-03-27T17:00,-1.7,49,0,2.64,209,1,407,730
2001-03-27T18:00,0,44,0,3.18,208,0,535,1030
2001-03-27T19:00,0.6,42,0,3.84,219,66,623,1310
2001-03-27T20:00,1.4,40,0,3.89,222,100,611,1380
2001-03-27T21:00,1.8,39,0,4.05,220,100,398,1400
2001-03-27T22:00,1.9,40,0,3.75,228,100,242,1320
2001-03-27T23:00,1.8,40,0,3.54,225,100,143,1195
2001-03-28T00:00,1.5,42,0,3.33,221,100,80,1060
2001-03-28T01:00,0.5,49,0,2.42,210,100,23,615
2001-03-28T02:00,-1.2,59,0,2.19,204,100,3,330
2001-03-28T03:00,-2.4,67,0,2.3,214,100,0,265
2001-03-28T04:00,-3.1,72,0,2.27,229,100,0,260
2001-03-28T05:00,-3.5,75,0,2.44,235,100,0,285
2001-03-28T06:00,-3.7,74,0,2.68,243,100,0,360
2001-03-28T07:00,-3.4,71,0,2.77,244,100,0,380
2001-03-28T08:00,-3.9,71,0,2.95,242,71,0,350
2001-03-28T09:00,-4.5,73,0,3,244,19,0,285
2001-03-28T10:00,-5.5,76,0,3.35,253,24,0,200
2001-03-28T11:00,-5.8,75,0,3.57,252,20,0,215
2001-03-28T12:00,-5.8,73,0,3.83,250,28,0,220
2001-03-28T13:00,-5.8,71,0,4.27,249,27,0,245
2001-03-28T14:00,-5.8,71,0,4.31,248,35,6,245
2001-03-28T15:00,-4.2,66,0,4.3,252,42,76,305
2001-03-28T16:00,-1.6,58,0,3.64,254,28,164,410
2001-03-28T17:00,0.9,51,0,3.67,253,13,313,1120
2001-03-28T18:00,1.8,46,0,4.53,264,30,385,1785
2001-03-28T19:00,2.2,43,0,5.5,272,34,512,2040
2001-03-28T20:00,2.4,40,0,5.54,277,30,615,2170
2001-03-28T21:00,2.5,39,0,5.47,279,35,543,2280
2001-03-28T22:00,2.4,39,0,5,272,45,393,2175
2001-03-28T23:00,2.2,39,0,4.82,275,29,426,2160
2001-03-29T00:00,1.5,40,0,4.18,281,48,241,2105
2001-03-29T01:00,0.5,46,0,3.13,287,45,143,1705
2001-03-29T02:00,-1.8,61,0,2.15,292,23,29,125
2001-03-29T03:00,-3.7,66,0,1.94,282,14,0,50
2001-03-29T04:00,-5.2,71,0,1.7,273,0,0,40
2001-03-29T05:00,-6.7,75,0,1.8,270,6,0,35
2001-03-29T06:00,-8,79,0,2.02,261,4,0,25
2001-03-29T07:00,-9,78,0,1.93,249,21,0,20
2001-03-29T08:00,-10.2,80,0,1.75,246,52,0,15
2001-03-29T09:00,-10.8,79,0,1.92,242,61,0,20
2001-03-29T10:00,-11.1,79,0,2.06,241,99,0,25
2001-03-29T11:00,-11.3,79,0,2.25,238,96,0,30
2001-03-29T12:00,-11.8,80,0,2.22,234,100,0,35
2001-03-29T13:00,-12.2,80,0,2.2,231,99,0,35
2001-03-29T14:00,-12,80,0,1.91,223,99,2,40
2001-03-29T15:00,-9.7,75,0,1.28,231,100,15,65
2001-03-29T16:00,-6.6,68,0,0.86,216,100,16,155
2001-03-29T17:00,-3.8,63,0,0.71,225,100,17,705
2001-03-29T18:00,-2.1,57,0.1,1.3,266,100,35,1145
2001-03-29T19:00,-0.5,48,0.1,2.91,286,100,53,1585
2001-03-29T20:00,0.1,44,0.1,3.4,294,100,107,1780
2001-03-29T21:00,0.2,44,0.1,3.16,305,100,85,1715
2001-03-29T22:00,-0.3,46,0.1,2.86,306,100,41,1550
2001-03-29T23:00,-0.8,48,0.1,2.7,309,96,43,1660
2001-03-30T00:00,-1.5,53,0,1.94,325,97,19,1265
2001-03-30T01:00,-2.7,64,0.1,1.55,345,90,10,945
2001-03-30T02:00,-4.5,80,0.2,1.36,17,87,9,90
2001-03-30T03:00,-6.1,81,0.2,1.12,333,80,0,40
2001-03-30T04:00,-7.5,83,0.1,1.53,302,82,0,35
2001-03-30T05:00,-7.8,82,0.2,1.79,297,90,0,50
2001-03-30T06:00,-8.6,82,0,1.72,306,87,0,120
2001-03-30T07:00,-9.7,77,0,2.05,317,98,0,225
2001-03-30T08:00,-10.1,79,0,2.5,323,95,0,285
2001-03-30T09:00,-10.5,81,0,2.83,318,86,0,330
2001-03-30T10:00,-11,83,0,2.62,310,79,0,330
2001-03-30T11:00,-11.5,84,0,2.62,310,63,0,320
2001-03-30T12:00,-12.3,84,0,2.76,314,70,0,345
2001-03-30T13:00,-13,85,0,2.9,314,74,0,415
2001-03-30T14:00,-13.8,85,0,2.77,311,88,6,490
2001-03-30T15:00,-11.7,79,0,3.61,318,73,64,910
2001-03-30T16:00,-7.3,59,0,4.7,322,51,236,1185
2001-03-30T17:00,-5.8,50,0,4.76,321,63,354,1455
2001-03-30T18:00,-4.5,39,0.1,4.75,319,55,451,1700
2001-03-30T19:00,-3.7,34,0,4.68,318,63,550,1920
2001-03-30T20:00,-2.9,33,0,4.6,318,72,394,2180
2001-03-30T21:00,-2.4,32,0,4.38,315,79,277,2515
2001-03-30T22:00,-1.8,31,0,3.36,307,27,412,2105
2001-03-30T23:00,-1.7,30,0,3.47,303,78,373,2455
2001-03-31T00:00,-2.1,31,0,2.95,294,43,167,2045
2001-03-31T01:00,-3.1,39,0,1.92,279,1,120,1045
2001-03-31T02:00,-5.5,51,0,1.96,255,0,52,60
2001-03-31T03:00,-7.4,58,0,1.88,245,0,0,25
2001-03-31T04:00,-9.3,66,0,2.24,243,0,0,25
2001-03-31T05:00,-10.9,71,0,2.37,242,0,0,30
2001-03-31T06:00,-11.7,71,0,2.37,242,0,0,30
2001-03-31T07:00,-12.7,75,0,2.24,243,0,0,35
2001-03-31T08:00,-13.6,76,0,2.37,242,0,0,35
2001-03-31T09:00,-14.4,77,0,2.51,241,60,0,35
2001-03-31T10:00,-14.8,77,0,2.95,242,61,0,35
2001-03-31T11:00,-15.2,77,0,3.31,241,79,0,50
2001-03-31T12:00,-15.2,77,0,3.36,240,88,0,55
2001-03-31T13:00,-15,76,0,3.36,240,100,0,55
2001-03-31T14:00,-14,72,0,3.28,239,100,2,60
2001-03-31T15:00,-10.7,61,0,3.08,234,100,15,70
2001-03-31T16:00,-7.7,61,0,2.69,228,100,42,140
2001-03-31T17:00,-3.6,48,0,2.62,220,100,65,250
2001-03-31T18:00,-1,45,0,2.61,212,100,73,500
2001-03-31T19:00,0,47,0,2.69,211,100,118,660
2001-03-31T20:00,1.3,48,0,2.84,219,100,169,845
2001-03-31T21:00,1.7,50,0,2.55,228,100,92,1035
2001-03-31T22:00,1.5,54,0,1.97,240,90,54,875
2001-03-31T23:00,1.3,58,0,1.99,252,61,88,925
2001-04-01T00:00,1.4,58,0,1.92,261,53,165,950
2001-04-01T01:00,-0.1,71,0,0.92,283,63,151,450
2001-04-01T02:00,-2.4,77,0,0.99,315,64,40,80
2001-04-01T03:00,-4.1,80,0,1.41,278,49,0,35
2001-04-01T04:00,-5,82,0,1.75,257,32,0,30
2001-04-01T05:00,-6.3,86,0,2.14,259,53,0,40
2001-04-01T06:00,-6.6,87,0,2.38,255,68,0,50
2001-04-01T07:00,-6.9,84,0,2.69,255,49,0,65
2001-04-01T08:00,-7.3,84,0,2.79,255,30,0,70
2001-04-01T09:00,-7.8,83,0,2.79,255,20,0,65
2001-04-01T10:00,-8.1,82,0,2.28,255,41,0,40
2001-04-01T11:00,-8.4,82,0,2.18,254,51,0,35
2001-04-01T12:00,-8.6,80,0,1.99,252,72,0,35
2001-04-01T13:00,-8.5,80,0,1.77,254,91,0,35
2001-04-01T14:00,-7.9,79,0,1.75,257,85,5,35
2001-04-01T15:00,-6.4,77,0.1,1.61,263,91,21,50
2001-04-01T16:00,-3.1,66,0,1.12,333,94,42,555
2001-04-01T17:00,-1.7,67,0.1,1.89,32,90,90,920
2001-04-01T18:00,-1.1,63,0.3,1.49,48,96,114,1025
2001-04-01T19:00,0,65,0.2,1.48,62,100,185,1190
2001-04-01T20:00,0,69,0.3,1.77,74,97,67,1250
2001-04-01T21:00,0,71,0.3,2.12,82,100,53,1115
2001-04-01T22:00,-0.5,75,0.7,2.81,94,99,30,1065
2001-04-01T23:00,-1,75,0.8,3.21,95,100,22,960
2001-04-02T00:00,-1.7,79,0.7,3.34,99,98,6,680
2001-04-02T01:00,-2.3,86,0.8,2.43,99,99,5,450
2001-04-02T02:00,-3.3,94,0.8,1.9,87,100,11,240
2001-04-02T03:00,-3.7,95,1.2,1.49,70,99,0,135
2001-04-02T04:00,-3.8,96,1.7,1.36,54,100,0,160
2001-04-02T05:00,-4.2,96,1.8,1.3,32,100,0,150
2001-04-02T06:00,-4.3,96,1.4,1.53,32,100,0,230
2001-04-02T07:00,-4.4,97,1.2,1.49,42,100,0,280
2001-04-02T08:00,-4.7,96,1.2,1.56,40,100,0,275
2001-04-02T09:00,-4.7,96,1.2,1.72,36,100,0,270
2001-04-02T10:00,-4.8,96,1.3,2.05,43,100,0,310
2001-04-02T11:00,-5.1,96,1.3,2.48,43,100,0,310
2001-04-02T12:00,-5.4,95,1.2,2.69,42,100,0,365
2001-04-02T13:00,-5.7,96,1.1,2.76,44,100,0,430
2001-04-02T14:00,-5.9,95,1.1,2.55,42,100,1,445
2001-04-02T15:00,-5.8,94,0.9,2.41,42,100,1,480
2001-04-02T16:00,-5.7,91,0.7,2.33,43,100,2,475
2001-04-02T17:00,-5.3,86,0.6,2.48,43,100,7,475
2001-04-02T18:00,-5,82,0.5,3.04,46,100,6,525
2001-04-02T19:00,-4.4,79,0.7,3.54,47,100,4,605
2001-04-02T20:00,-4,78,0.7,3.92,52,100,19,735
2001-04-02T21:00,-3.6,78,0.8,4.34,61,100,15,695
2001-04-02T22:00,-4,83,0.8,4.25,60,100,6,850
2001-04-02T23:00,-3.8,82,0.9,3.86,59,100,1,895
2001-04-03T00:00,-4,85,0.8,3.47,49,100,0,800
2001-04-03T01:00,-4,86,0.8,3.5,37,100,1,785
2001-04-03T02:00,-4.2,89,0.8,3.66,35,100,0,800
2001-04-03T03:00,-4.6,92,0.9,4,37,100,0,790
2001-04-03T04:00,-4.7,93,1,4,32,100,0,770
2001-04-03T05:00,-4.8,94,1.1,4.41,33,100,0,760
2001-04-03T06:00,-5,95,1.2,4.24,34,100,0,735
2001-04-03T07:00,-5.4,95,1.3,4.14,37,100,0,695
2001-04-03T08:00,-5.7,95,1.2,3.97,41,100,0,650
2001-04-03T09:00,-5.9,93,1,3.68,43,100,0,555
2001-04-03T10:00,-6.3,90,0.8,3.54,45,100,0,615
2001-04-03T11:00,-6.6,90,0.5,3.89,42,100,0,600
2001-04-03T12:00,-7,93,0.3,3.84,39,99,0,555
2001-04-03T13:00,-7.7,93,0.2,3.55,32,99,0,520
2001-04-03T14:00,-7.8,93,0.2,3.67,29,100,3,565
2001-04-03T15:00,-7.4,89,0.2,4.08,31,99,25,820
2001-04-03T16:00,-7.2,82,0.3,4.39,41,99,78,965
2001-04-03T17:00,-6.2,65,0.2,4.67,45,100,238,1095
2001-04-03T18:00,-5.5,59,0.1,4.6,44,100,168,1225
2001-04-03T19:00,-4.9,56,0,4.4,39,100,134,1340
2001-04-03T20:00,-4.5,54,0,4.47,34,100,180,1340
2001-04-03T21:00,-4.1,53,0,4.36,32,100,124,1345
2001-04-03T22:00,-4,53,0,4.33,34,100,112,1390
2001-04-03T23:00,-4,54,0,4.12,39,100,80,1335
2001-04-04T00:00,-4.4,58,0,3.54,47,100,46,1135
2001-04-04T01:00,-4.9,64,0,2.61,58,100,16,945
2001-04-04T02:00,-5.8,76,0,1.49,70,98,8,285
2001-04-04T03:00,-6.1,74,0,0.41,76,97,0,40
2001-04-04T04:00,-8.5,81,0,0.6,270,80,0,20
2001-04-04T05:00,-9.2,83,0,1.02,259,63,0,20
2001-04-04T06:00,-10.2,85,0,1.26,252,49,0,15
2001-04-04T07:00,-11.6,86,0,1.58,252,5,0,15
2001-04-04T08:00,-12.8,86,0,1.71,249,1,0,15
2001-04-04T09:00,-14,86,0,1.66,245,1,0,15
2001-04-04T10:00,-15.2,86,0,1.88,245,0,0,15
2001-04-04T11:00,-15.8,85,0,2.01,243,4,0,20
2001-04-04T12:00,-16,85,0,2.15,242,7,0,25
2001-04-04T13:00,-15.9,85,0,2.51,241,2,0,30
2001-04-04T14:00,-15.3,84,0,2.59,242,10,19,35
2001-04-04T15:00,-13.2,72,0,2.33,239,4,134,50
2001-04-04T16:00,-9.1,56,0,1.42,231,0,303,120
2001-04-04T17:00,-7.8,53,0,1.49,222,0,467,305
2001-04-04T18:00,-2.8,34,0,1.27,225,0,596,505
2001-04-04T19:00,-2.4,39,0,1.17,239,0,685,790
2001-04-04T20:00,-1.1,40,0,1.26,252,0,721,1150
2001-04-04T21:00,0.7,34,0,1.55,255,0,706,1390
2001-04-04T22:00,1.7,29,0,2.04,259,0,640,1585
2001-04-04T23:00,1.8,30,0,2.75,260,0,530,1425
2001-04-05T00:00,0.9,36,0,3.28,258,31,387,1160
2001-04-05T01:00,-0.2,43,0,3.13,253,90,210,780
2001-04-05T02:00,-2.1,52,0,3.67,253,97,44,490
2001-04-05T03:00,-3.1,58,0,4.27,254,98,0,465
2001-04-05T04:00,-3.1,56,0,4.46,254,99,0,480
2001-04-05T05:00,-3.1,55,0,4.3,252,99,0,425
2001-04-05T06:00,-2.9,55,0,4.21,252,100,0,355
2001-04-05T07:00,-3.5,60,0,4.05,250,100,0,300
2001-04-05T08:00,-3.4,61,0,3.81,247,100,0,245
2001-04-05T09:00,-3.4,64,0,3.71,243,99,0,195
2001-04-05T10:00,-3.5,68,0,3.05,238,100,0,100
2001-04-05T11:00,-4.1,74,0,2.75,237,99,0,65
2001-04-05T12:00,-4.3,77,0,2.61,238,99,0,55
2001-04-05T13:00,-5.5,84,0,2.61,238,86,0,50
2001-04-05T14:00,-5.5,82,0,2.64,241,48,5,55
2001-04-05T15:00,-4.3,75,0,2.02,237,61,62,145
2001-04-05T16:00,-2.3,63,0,2.02,237,56,237,955
2001-04-05T17:00,0.2,52,0,3.1,249,64,375,1170
2001-04-05T18:00,1.4,48,0,3.07,251,86,470,1400
2001-04-05T19:00,2.6,42,0,2.95,246,80,493,1740
2001-04-05T20:00,3.4,40,0,2.78,240,92,468,2065
2001-04-05T21:00,3.7,41,0,2.84,231,100,300,2075
2001-04-05T22:00,3.3,45,0,2.97,222,100,94,1765
2001-04-05T23:00,2.6,50,0,3.26,220,100,17,1480
2001-04-06T00:00,1.9,54,0,2.84,219,100,10,1260
2001-04-06T01:00,1,62,0,2.1,205,100,13,730
2001-04-06T02:00,-0.2,69,0,1.84,202,100,4,155
2001-04-06T03:00,-1.5,77,0,1.92,208,100,0,55
2001-04-06T04:00,-2.6,85,0,1.92,219,100,0,40
2001-04-06T05:00,-3.3,88,0,1.84,229,97,0,30
2001-04-06T06:00,-4.4,90,0,1.64,232,97,0,30
2001-04-06T07:00,-4.4,92,0,1.75,239,99,0,35
2001-04-06T08:00,-5,92,0,1.89,238,100,0,35
2001-04-06T09:00,-5.2,92,0,2.15,242,96,0,35
2001-04-06T10:00,-5.4,91,0,2.28,247,85,0,35
2001-04-06T11:00,-5.4,90,0,2.38,248,53,0,40
2001-04-06T12:00,-5.8,91,0,2.44,251,36,0,40
2001-04-06T13:00,-6.8,90,0,2.53,252,61,0,35
2001-04-06T14:00,-6.7,89,0,2.44,251,88,17,35
2001-04-06T15:00,-4.6,78,0,1.77,254,94,107,85
2001-04-06T16:00,0.4,51,0,1.2,270,88,251,310
2001-04-06T17:00,0.7,51,0,0.51,349,81,431,1120
2001-04-06T18:00,1.6,55,0,0.5,90,78,536,1630
2001-04-06T19:00,2.7,54,0,0.94,122,94,543,2005
2001-04-06T20:00,3.2,48,0,1.48,118,100,320,1955
2001-04-06T21:00,3.2,46,0,2.01,117,99,151,1655
2001-04-06T22:00,2.8,51,0.2,1.89,148,99,104,1440
2001-04-06T23:00,2.4,55,0,1.61,150,99,79,1390
2001-04-07T00:00,1.8,63,0.4,1.28,141,100,57,955
2001-04-07T01:00,1,71,0.1,0.51,101,99,9,355
2001-04-07T02:00,-0.4,83,0.1,0.5,37,98,4,55
2001-04-07T03:00,-1.2,88,0.2,0.72,304,93,0,30
2001-04-07T04:00,-2,92,0.2,1.17,290,95,0,30
2001-04-07T05:00,-2.7,93,0.1,1.43,282,92,0,35
2001-04-07T06:00,-3.4,94,0,1.51,278,96,0,35
2001-04-07T07:00,-4.6,92,0,1.6,266,98,0,30
2001-04-07T08:00,-5.5,93,0,1.53,259,96,0,25
2001-04-07T09:00,-6.8,93,0,1.68,253,82,0,25
2001-04-07T10:00,-7.6,92,0,1.55,255,86,0,20
2001-04-07T11:00,-8.2,91,0,1.53,259,96,0,20
2001-04-07T12:00,-8.2,90,0,1.55,255,98,0,20
2001-04-07T13:00,-8.1,89,0,1.63,259,98,0,20
2001-04-07T14:00,-7.7,89,0,1.73,260,96,10,20
2001-04-07T15:00,-4.5,77,0,1.4,270,94,47,60
2001-04-07T16:00,-2.2,65,0,1.22,305,96,180,420
2001-04-07T17:00,-0.6,65,0,0.85,339,90,343,760
2001-04-07T18:00,1.7,58,0,1,96,91,476,1270
2001-04-07T19:00,3,49,0.1,1.84,119,92,421,1425
2001-04-07T20:00,3.2,49,0,2.25,111,98,414,1525
2001-04-07T21:00,2.8,52,0,2.69,105,100,195,1530
2001-04-07T22:00,2.4,59,0.2,2.77,103,100,160,1275
2001-04-07T23:00,2,63,0.2,2.53,108,100,29,1045
2001-04-08T00:00,1.6,68,0.2,2.02,110,99,12,780
2001-04-08T01:00,1,77,0.1,1.6,94,100,6,340
2001-04-08T02:00,-0.3,83,0,1.28,39,100,18,90
2001-04-08T03:00,-1.8,87,0,1.12,10,100,0,35
2001-04-08T04:00,-1.5,89,0,1.34,333,100,0,35
2001-04-08T05:00,-1.5,93,0.1,1.66,327,100,0,45
2001-04-08T06:00,-1.7,95,0,1.64,322,100,0,50
2001-04-08T07:00,-2.1,96,0,1.63,317,100,0,50
2001-04-08T08:00,-2.2,97,0,1.77,317,100,0,60
2001-04-08T09:00,-2.3,97,0,1.75,329,99,0,95
2001-04-08T10:00,-2.2,97,0.1,2.01,354,100,0,195
2001-04-08T11:00,-2.5,97,0.1,1.9,357,100,0,220
2001-04-08T12:00,-2.7,98,0.2,2.1,3,100,0,280
2001-04-08T13:00,-2.8,97,0.4,2.12,8,100,0,350
2001-04-08T14:00,-2.8,97,0.5,2.02,9,100,0,370
2001-04-08T15:00,-2.4,93,0.5,2.21,5,100,2,430
2001-04-08T16:00,-2,90,0.5,2.6,2,100,3,500
2001-04-08T17:00,-1.6,87,0.5,2.8,360,100,18,550
2001-04-08T18:00,-1.5,86,0.6,2.9,360,100,8,570
2001-04-08T19:00,-2.2,84,0.6,3.6,2,100,6,535
2001-04-08T20:00,-1.3,77,0.4,3.34,9,100,24,580
2001-04-08T21:00,-0.7,76,0.3,3.1,15,100,11,600
2001-04-08T22:00,-0.6,77,0.2,2.88,20,100,3,610
2001-04-08T23:00,-0.5,78,0.2,2.73,24,100,6,585
2001-04-09T00:00,-0.5,79,0.2,2.19,24,100,3,470
2001-04-09T01:00,-0.8,83,0.1,1.62,22,100,0,415
2001-04-09T02:00,-1.3,88,0,1.08,22,100,1,305
2001-04-09T03:00,-2.1,93,0,0.76,23,100,0,95
2001-04-09T04:00,-3.5,94,0,0.3,270,97,0,40
2001-04-09T05:00,-4.5,94,0,1,233,46,0,30
2001-04-09T06:00,-6.1,93,0,1.22,235,0,0,20
2001-04-09T07:00,-7,92,0,1.34,243,0,0,15
2001-04-09T08:00,-8,90,0,1.43,245,0,0,15
2001-04-09T09:00,-8.3,89,0,1.79,243,5,0,20
2001-04-09T10:00,-8.6,88,0,1.88,245,10,0,25
2001-04-09T11:00,-9.1,87,0,1.93,249,16,0,30
2001-04-09T12:00,-9.6,87,0,1.99,252,9,0,30
2001-04-09T13:00,-9.7,86,0,2.12,251,5,0,30
2001-04-09T14:00,-8.6,85,0,2.25,249,3,31,35
2001-04-09T15:00,-5.9,75,0,1.75,246,4,134,40
2001-04-09T16:00,-0.3,56,0,1.24,256,21,254,610
2001-04-09T17:00,1.2,51,0,2.71,274,71,426,1325
2001-04-09T18:00,2.4,45,0,3.01,274,88,479,1635
2001-04-09T19:00,2.8,45,0,2.9,272,96,423,1800
2001-04-09T20:00,3.1,42,0,2.91,274,92,469,1925
2001-04-09T21:00,3.1,41,0,3.01,276,79,459,1995
2001-04-09T22:00,2.8,43,0,3.59,283,81,270,1860
2001-04-09T23:00,2.5,44,0.1,3.62,294,86,285,1880
2001-04-10T00:00,1.1,53,0.2,3.28,308,79,106,1625
2001-04-10T01:00,-0.2,63,0.1,2.64,323,68,81,1275
2001-04-10T02:00,-1.9,76,0,1.61,353,78,35,220
2001-04-10T03:00,-1.6,72,0,1.81,354,89,1,160
2001-04-10T04:00,-3.7,85,0.2,2.02,340,96,0,140
2001-04-10T05:00,-4.2,89,0.5,2.47,339,98,0,225
2001-04-10T06:00,-3.9,88,0.4,2.47,339,99,0,405
2001-04-10T07:00,-5.2,91,0.2,2.19,336,96,0,445
2001-04-10T08:00,-6,90,0.2,2.06,331,98,0,345
2001-04-10T09:00,-6.5,89,0.1,2.02,327,96,0,320
2001-04-10T10:00,-6.7,87,0.1,2.38,338,98,0,680
2001-04-10T11:00,-6.8,85,0,2.42,336,98,0,655
2001-04-10T12:00,-7.4,87,0,2.33,329,97,0,570
2001-04-10T13:00,-8.1,87,0,2.7,321,96,0,370
2001-04-10T14:00,-7.9,85,0,2.66,326,94,13,660
2001-04-10T15:00,-6.5,75,0,4.88,337,96,108,835
2001-04-10T16:00,-5.5,65,0,4.88,345,100,200,1070
2001-04-10T17:00,-4.8,61,0,4.67,350,99,228,1225
2001-04-10T18:00,-4,51,0.2,4.42,355,99,356,1100
2001-04-10T19:00,-4.1,50,0.2,4.3,359,97,256,1075
2001-04-10T20:00,-3.3,43,0.2,4.3,1,93,226,1310
2001-04-10T21:00,-2.7,41,0.1,4.2,3,98,212,1520
2001-04-10T22:00,-2.3,44,0,3.7,360,98,286,1960
2001-04-10T23:00,-2.2,46,0,3.51,3,99,229,1945
2001-04-11T00:00,-2.6,49,0,3.31,5,97,108,1575
2001-04-11T01:00,-3.5,54,0,3.61,5,98,66,1285
2001-04-11T02:00,-5.2,71,0.1,3.52,353,98,19,885
2001-04-11T03:00,-6.4,83,0.1,3.74,344,95,1,750
2001-04-11T04:00,-7,90,0.3,3.35,343,99,0,665
2001-04-11T05:00,-7,92,0.4,3.54,344,100,0,690
2001-04-11T06:00,-6.9,92,0.6,3.77,349,98,0,660
2001-04-11T07:00,-7.7,87,0.3,3.34,351,99,0,655
2001-04-11T08:00,-8,89,0.2,3.24,351,100,0,625
2001-04-11T09:00,-8.4,90,0.1,3.06,349,98,0,580
2001-04-11T10:00,-8.8,90,0,3.14,351,88,0,620
2001-04-11T11:00,-9,89,0,2.69,345,73,0,575
2001-04-11T12:00,-9.6,88,0,2.37,332,72,0,525
2001-04-11T13:00,-10.4,88,0,2.28,322,74,0,365
2001-04-11T14:00,-10.4,86,0,2.66,326,77,21,550
2001-04-11T15:00,-9.3,72,0,3.62,336,91,122,725
2001-04-11T16:00,-7.9,62,0,3.38,341,91,216,900
2001-04-11T17:00,-6.7,57,0,2.94,350,92,237,1085
2001-04-11T18:00,-5.6,53,0,2.4,2,92,274,1255
2001-04-11T19:00,-4.6,48,0,2.21,18,86,344,1425
2001-04-11T20:00,-3.6,45,0,2.11,31,84,401,1560
2001-04-11T21:00,-2.8,43,0,1.91,43,80,489,1695
2001-04-11T22:00,-2.2,42,0,1.7,62,86,476,1745
2001-04-11T23:00,-2.1,43,0,1.55,75,93,388,1755
2001-04-12T00:00,-2.5,45,0,1.51,82,76,175,1705
2001-04-12T01:00,-3.2,48,0,1.5,94,58,127,1035
2001-04-12T02:00,-5,60,0,1.88,115,0,94,145
2001-04-12T03:00,-6.8,64,0,2.42,150,0,5,75
2001-04-12T04:00,-8.2,67,0,2.41,185,1,0,55
2001-04-12T05:00,-9,67,0,2.11,211,3,0,35
2001-04-12T06:00,-10,71,0,1.84,221,9,0,25
2001-04-12T07:00,-12.2,79,0,2.05,223,10,0,25
2001-04-12T08:00,-13.2,82,0,2.05,227,11,0,25
2001-04-12T09:00,-13.8,82,0,2.14,233,12,0,25
2001-04-12T10:00,-14,80,0,2.39,237,9,0,35
2001-04-12T11:00,-14.3,81,0,2.51,241,4,0,35
2001-04-12T12:00,-15,82,0,2.64,245,0,0,35
2001-04-12T13:00,-15.6,83,0,2.86,245,0,0,35
2001-04-12T14:00,-14.5,78,0,2.73,246,0,47,35
2001-04-12T15:00,-11.6,69,0,2.19,246,0,190,50
2001-04-12T16:00,-4.7,41,0,1.46,254,0,357,185
2001-04-12T17:00,-3.5,40,0,0.95,288,1,513,750
2001-04-12T18:00,0.2,21,0,0.76,337,12,636,1265
2001-04-12T19:00,-0.6,46,0,0.73,344,19,724,1670
2001-04-12T20:00,0.5,47,0,0.63,342,23,737,2060
2001-04-12T21:00,1.4,43,0,0.72,304,36,730,2415
2001-04-12T22:00,2,32,0,1.43,295,74,655,2665
2001-04-12T23:00,1.8,29,0,2.18,286,95,418,2670
2001-04-13T00:00,1.2,29,0,2.62,288,98,248,2370
2001-04-13T01:00,0.1,39,0,1.99,288,98,98,805
2001-04-13T02:00,-1.7,46,0,2.16,283,98,23,105
2001-04-13T03:00,-3.6,58,0,2.1,267,96,0,50
2001-04-13T04:00,-4.9,65,0,2.22,262,95,0,40
2001-04-13T05:00,-6.2,70,0,2.55,259,85,0,45
2001-04-13T06:00,-7.1,74,0,2.72,253,53,0,40
2001-04-13T07:00,-7.7,77,0,2.75,251,26,0,40
2001-04-13T08:00,-8.1,77,0,2.88,250,23,0,40
2001-04-13T09:00,-8.6,77,0,3.01,249,27,0,40
2001-04-13T10:00,-9.1,77,0,3.01,249,21,0,35
2001-04-13T11:00,-9.5,78,0,3.29,250,7,0,40
2001-04-13T12:00,-9.9,78,0,3.29,250,9,0,40
2001-04-13T13:00,-10.2,78,0,3.38,251,3,0,45
2001-04-13T14:00,-8.8,70,0,3.38,251,1,48,65
2001-04-13T15:00,-6.5,64,0,2.91,254,3,186,220
2001-04-13T16:00,-2.7,47,0,3.21,265,1,332,995
2001-04-13T17:00,-0.5,38,0,3.57,288,24,496,1925
2001-04-13T18:00,0.2,35,0,3.72,301,75,340,2310
2001-04-13T19:00,1.6,33,0,3.88,305,100,470,2535
2001-04-13T20:00,2,33,0,3.94,306,100,427,2550
2001-04-13T21:00,2.2,34,0,4,307,93,459,2425
2001-04-13T22:00,2.1,35,0,4.31,314,96,252,2220
2001-04-13T23:00,1.9,37,0,4.1,315,99,198,2065
2001-04-14T00:00,1.4,41,0,3.75,314,98,105,1720
2001-04-14T01:00,0.4,49,0,3.11,315,100,72,1485
2001-04-14T02:00,-1.3,62,0,2.44,305,100,20,415
2001-04-14T03:00,-2.7,70,0,2.47,284,100,1,110
2001-04-14T04:00,-3.2,74,0,2.71,274,100,0,145
2001-04-14T05:00,-3.6,77,0.1,2.8,272,100,0,205
2001-04-14T06:00,-3.6,78,0.1,2.91,274,100,0,260
2001-04-14T07:00,-3.3,75,0.4,3.01,276,99,0,330
2001-04-14T08:00,-3.6,77,0.2,3.01,274,100,0,325
2001-04-14T09:00,-3.7,78,0.1,3.01,274,100,0,270
2001-04-14T10:00,-3.9,78,0.1,2.96,282,100,0,355
2001-04-14T11:00,-4,78,0.1,2.98,284,100,0,375
2001-04-14T12:00,-4,78,0.1,2.91,286,100,0,440
2001-04-14T13:00,-4.1,79,0.2,2.97,290,100,0,510
2001-04-14T14:00,-3.5,76,0.2,3.14,292,100,1,685
2001-04-14T15:00,-2.3,72,0.1,2.69,292,100,14,820
2001-04-14T16:00,-1.5,68,0.1,4.19,310,100,11,1215
2001-04-14T17:00,-0.8,63,0.2,4.97,320,100,30,1260
2001-04-14T18:00,-0.5,63,0.4,5.3,324,99,38,1135
2001-04-14T19:00,-0.4,63,0.3,5.06,330,97,76,1035
2001-04-14T20:00,0.2,65,0.4,4.83,333,93,117,1135
2001-04-14T21:00,0.8,66,0.3,4.18,339,91,171,1350
2001-04-14T22:00,1.4,64,0,4.21,342,90,311,1435
2001-04-14T23:00,1.4,66,0,3.57,349,91,281,1610
2001-04-15T00:00,0.9,68,0.2,3.35,350,76,185,1445
2001-04-15T01:00,0.1,73,0.9,2.96,348,83,102,880
2001-04-15T02:00,-1.3,84,0.2,1.84,338,97,18,370
2001-04-15T03:00,-2.2,91,0.2,2.14,323,99,0,185
2001-04-15T04:00,-2.4,92,0.4,1.92,309,100,0,210
2001-04-15T05:00,-2.8,92,0.4,1.72,306,100,0,170
2001-04-15T06:00,-2.9,91,0.5,1.58,305,99,0,110
2001-04-15T07:00,-3.1,93,0.2,1.58,305,95,0,90
2001-04-15T08:00,-3.1,94,0.1,1.58,305,95,0,100
2001-04-15T09:00,-3.5,94,0,1.64,308,92,0,100
2001-04-15T10:00,-3.9,93,0,1.66,303,93,0,115
2001-04-15T11:00,-4.5,92,0,1.75,301,90,0,90
2001-04-15T12:00,-5.1,92,0,1.75,301,91,0,80
2001-04-15T13:00,-5.4,91,0,1.66,303,97,0,80
2001-04-15T14:00,-5.3,91,0,1.56,320,98,14,230
2001-04-15T15:00,-3.9,80,0,1.71,353,98,44,690
2001-04-15T16:00,-2,67,0,2.18,16,99,163,825
2001-04-15T17:00,-1.4,62,0.1,2.06,29,90,220,1085
2001-04-15T18:00,-0.8,61,0.1,2.13,41,70,257,1185
2001-04-15T19:00,-0.3,58,0.1,2.26,45,78,325,1370
2001-04-15T20:00,0.1,55,0,2.33,47,93,167,1550
2001-04-15T21:00,0.2,55,0,2.34,50,98,166,1530
2001-04-15T22:00,0.2,56,0,2.78,60,85,123,1435
2001-04-15T23:00,0.1,56,0,2.82,67,93,183,1405
2001-04-16T00:00,-0.1,57,0,2.65,79,95,142,1285
2001-04-16T01:00,-0.8,59,0,2.51,95,88,85,1070
2001-04-16T02:00,-1.9,68,0,2.09,107,78,16,435
2001-04-16T03:00,-3.1,77,0,2.11,121,68,0,195
2001-04-16T04:00,-4.2,79,0,2.19,137,75,0,225
2001-04-16T05:00,-5,79,0,2.16,146,40,0,240
2001-04-16T06:00,-5.7,79,0,2.34,160,1,0,135
2001-04-16T07:00,-6.9,81,0,2.57,167,2,0,130
2001-04-16T08:00,-7.8,84,0,2.6,178,2,0,135
2001-04-16T09:00,-8.6,87,0,2.21,185,4,0,115
2001-04-16T10:00,-9.4,88,0,2.16,193,4,0,105
2001-04-16T11:00,-9.9,88,0,2.09,197,8,0,90
2001-04-16T12:00,-10.2,88,0,2.15,202,7,0,85
2001-04-16T13:00,-10.8,88,0,2.25,201,6,0,95
2001-04-16T14:00,-10.1,86,0,2.12,199,34,56,140
2001-04-16T15:00,-7,73,0,2.01,186,3,198,210
2001-04-16T16:00,-4.4,68,0,2.22,172,1,361,365
2001-04-16T17:00,-0.5,57,0,2.51,157,15,513,570
2001-04-16T18:00,1.4,53,0,3.18,152,5,635,800
2001-04-16T19:00,2.8,50,0,3.67,151,3,716,1035
2001-04-16T20:00,3.8,47,0,3.89,151,1,755,1270
2001-04-16T21:00,4.5,45,0,4.12,151,9,737,1450
2001-04-16T22:00,5.2,41,0,3.92,161,58,674,1780
2001-04-16T23:00,5.2,42,0,4.22,144,30,555,1575
2001-04-17T00:00,4.3,46,0,4.6,138,58,412,1215
2001-04-17T01:00,3.1,54,0,4.31,136,62,255,830
2001-04-17T02:00,1,64,0,4.12,141,47,103,570
2001-04-17T03:00,-1.1,76,0,3.62,152,69,9,365
2001-04-17T04:00,-2.1,84,0,3.3,166,36,0,250
2001-04-17T05:00,-2.9,87,0,2.8,180,87,0,195
2001-04-17T06:00,-3.4,90,0,2.65,191,100,0,155
2001-04-17T07:00,-3.4,91,0,2.62,198,100,0,130
2001-04-17T08:00,-3.6,91,0,2.73,204,100,0,115
2001-04-17T09:00,-3.3,89,0,2.51,209,89,0,95
2001-04-17T10:00,-3.5,89,0,2.58,216,98,0,80
2001-04-17T11:00,-3.5,88,0,2.48,223,99,0,55
2001-04-17T12:00,-3.6,87,0,2.4,225,83,0,45
2001-04-17T13:00,-3.9,86,0,2.4,225,51,0,45
2001-04-17T14:00,-2.5,76,0,2.48,223,98,34,50
2001-04-17T15:00,-0.6,74,0,2.78,210,100,48,120
2001-04-17T16:00,3.2,61,0,2.82,207,86,182,160
2001-04-17T17:00,7.6,48,0,3.4,204,8,489,910
2001-04-17T18:00,7.8,48,0,5.17,223,1,576,1675
2001-04-17T19:00,7.5,43,0,6.69,238,0,721,1665
2001-04-17T20:00,7.3,39,0,7.03,240,1,755,1585
2001-04-17T21:00,7.2,35,0,6.67,240,2,728,1880
2001-04-17T22:00,6.8,35,0,6.26,243,11,676,2085
2001-04-17T23:00,6.3,37,0,5.68,242,5,560,1825
2001-04-18T00:00,5.5,41,0,5.08,238,2,407,1570
2001-04-18T01:00,4.7,46,0,4.12,231,1,242,1385
2001-04-18T02:00,3,54,0,3.75,226,0,103,655
2001-04-18T03:00,0.7,67,0,3.61,226,0,10,235
2001-04-18T04:00,0.2,69,0,3.83,229,0,0,300
2001-04-18T05:00,0.4,67,0,4.28,233,0,0,465
2001-04-18T06:00,0.3,64,0,4.49,238,0,0,580
2001-04-18T07:00,-0.1,64,0,4.56,244,0,0,585
2001-04-18T08:00,-0.4,63,0,4.61,246,0,0,540
2001-04-18T09:00,-0.7,63,0,4.25,246,0,0,470
2001-04-18T10:00,-1,64,0,3.16,235,12,0,255
2001-04-18T11:00,-1.4,66,0,2.5,233,20,0,185
2001-04-18T12:00,-2.5,72,0,2.19,223,32,0,60
2001-04-18T13:00,-3.7,81,0,2.22,216,33,1,50
2001-04-18T14:00,-3.6,83,0,2.11,211,38,39,80
2001-04-18T15:00,-1.4,72,0,1.8,199,28,135,195
2001-04-18T16:00,1.3,63,0,2.31,185,0,307,900
2001-04-18T17:00,3.6,51,0,2.79,201,0,470,1390
2001-04-18T18:00,4.3,45,0,2.91,221,6,598,1750
2001-04-18T19:00,5.5,40,0,3.33,237,21,686,1930
2001-04-18T20:00,5.7,38,0.2,3.49,243,35,560,1955
2001-04-18T21:00,6.1,35,0.1,3.58,243,46,632,2100
2001-04-18T22:00,5.9,34,0,3.47,237,76,474,2640
2001-04-18T23:00,5.5,35,0,3.67,244,91,379,2180
2001-04-19T00:00,4.8,40,0,3.42,255,98,188,1675
2001-04-19T01:00,3.6,50,0,2.4,270,100,91,1110
2001-04-19T02:00,2.3,59,0,2.4,268,100,21,150
2001-04-19T03:00,0.5,70,0,2.5,268,99,1,90
2001-04-19T04:00,-0.8,80,0,2.6,270,100,0,80
2001-04-19T05:00,-1.7,85,0,2.51,275,98,0,85
2001-04-19T06:00,-2.2,88,0,2.63,279,99,0,100
2001-04-19T07:00,-1.6,82,0,2.62,277,99,0,105
2001-04-19T08:00,-2,85,0,2.5,272,99,0,100
2001-04-19T09:00,-2.3,86,0,2.5,272,98,0,95
2001-04-19T10:00,-2.8,87,0,2.3,272,98,0,85
2001-04-19T11:00,-3.1,86,0,2.57,283,95,0,115
2001-04-19T12:00,-3.6,87,0.1,2.69,285,91,0,165
2001-04-19T13:00,-4.2,86,0,2.82,287,83,1,210
2001-04-19T14:00,-3.8,84,0,2.56,291,76,44,340
2001-04-19T15:00,-2.2,74,0,2.7,309,62,175,980
2001-04-19T16:00,0.9,54,0,3.76,335,49,368,1160
2001-04-19T17:00,2,51,0,3.07,341,36,515,1455
2001-04-19T18:00,2.8,48,0,2.47,346,64,619,1915
2001-04-19T19:00,3.1,54,0,1.8,360,78,616,2270
2001-04-19T20:00,3.6,55,0,1.43,12,72,468,2415
2001-04-19T21:00,4.1,56,0,1.3,23,74,544,2615
2001-04-19T22:00,4,57,0,1.46,16,84,457,2805
2001-04-19T23:00,4.1,55,0,1.73,10,79,340,2520
2001-04-20T00:00,3.5,56,0.4,2.11,5,66,226,1485
2001-04-20T01:00,1.5,67,0.6,3.49,13,74,139,685
2001-04-20T02:00,-0.3,80,0.8,3.35,17,89,53,665
2001-04-20T03:00,-1.3,89,0.3,2,360,89,4,545
2001-04-20T04:00,-1.9,93,0.2,1.97,336,73,0,525
2001-04-20T05:00,-2.5,94,0,2.02,340,81,0,535
2001-04-20T06:00,-2.6,92,0,2.22,352,78,0,560
2001-04-20T07:00,-3.2,93,0.2,2.2,360,89,0,570
2001-04-20T08:00,-3.4,92,0.2,2.22,8,97,0,500
2001-04-20T09:00,-3.7,93,0.2,2.04,11,99,0,490
2001-04-20T10:00,-3.8,92,0.1,2.38,15,92,0,570
2001-04-20T11:00,-4.3,93,0.1,2.6,16,92,0,570
2001-04-20T12:00,-4.7,93,0.1,2.69,15,92,0,590
2001-04-20T13:00,-5.1,93,0.1,2.6,16,86,0,595
2001-04-20T14:00,-5,90,0.1,2.5,16,66,5,725
2001-04-20T15:00,-4.7,86,0.1,2.62,18,73,40,730
2001-04-20T16:00,-4.3,74,0.1,2.62,18,99,126,740
2001-04-20T17:00,-2.9,62,0.1,2.95,24,100,128,1105
2001-04-20T18:00,-2.1,59,0,2.87,29,100,121,1265
2001-04-20T19:00,-2.1,54,0,2.72,36,100,100,1380
2001-04-20T20:00,-1.7,54,0,2.69,42,100,130,1490
2001-04-20T21:00,-1.3,53,0,2.77,49,99,140,1410
2001-04-20T22:00,-1.2,53,0,2.76,44,99,93,1160
2001-04-20T23:00,-1.2,54,0,2.83,45,88,106,1275
2001-04-21T00:00,-1.6,57,0,2.94,55,93,55,1090
2001-04-21T01:00,-2.2,59,0,2.77,64,93,144,980
2001-04-21T02:00,-3.5,68,0,2.45,78,95,89,770
2001-04-21T03:00,-4.9,77,0,1.9,87,100,7,530
2001-04-21T04:00,-5.3,79,0,1.81,96,98,0,470
2001-04-21T05:00,-5.8,80,0,1.8,109,98,0,365
2001-04-21T06:00,-6.6,81,0,2,127,96,0,420
2001-04-21T07:00,-7.1,84,0,2,143,86,0,425
2001-04-21T08:00,-7.9,84,0,1.75,156,69,0,285
2001-04-21T09:00,-8.9,85,0,1.77,164,12,0,255
2001-04-21T10:00,-10.3,84,0,1.6,176,32,0,220
2001-04-21T11:00,-11.1,83,0,1.61,187,31,0,205
2001-04-21T12:00,-11.8,83,0,1.77,196,28,0,185
2001-04-21T13:00,-12.3,83,0,1.92,208,21,2,175
2001-04-21T14:00,-10.1,79,0,1.97,210,26,71,225
2001-04-21T15:00,-6.9,69,0,1.75,204,1,219,275
2001-04-21T16:00,-3,57,0,1.51,188,2,386,440
2001-04-21T17:00,-0.3,54,0,1.51,172,6,535,695
2001-04-21T18:00,1.7,48,0,1.39,159,6,651,1030
2001-04-21T19:00,3,32,0,0.98,156,39,732,1425
2001-04-21T20:00,4.3,33,0,0.81,150,69,712,1930
2001-04-21T21:00,4.5,26,0,0.54,158,78,595,2060
2001-04-21T22:00,4.7,26,0,0.67,243,90,459,2265
2001-04-21T23:00,4.7,26,0,0.81,277,93,330,2330
2001-04-22T00:00,4.2,31,0,1,307,95,220,2195
2001-04-22T01:00,2.9,44,0.1,0.71,352,73,141,560
2001-04-22T02:00,2.3,50,0,0.85,69,51,68,50
2001-04-22T03:00,1.2,54,0,0.14,135,54,9,20
2001-04-22T04:00,-2.3,70,0,0.8,270,25,0,20
2001-04-22T05:00,-3.5,82,0,1.6,274,0,0,25
2001-04-22T06:00,-4.5,87,0,2,267,0,0,25
2001-04-22T07:00,-4.9,86,0,2.11,265,1,0,30
2001-04-22T08:00,-5.6,85,0,2.14,259,3,0,30
2001-04-22T09:00,-6.4,86,0,2.06,256,18,0,30
2001-04-22T10:00,-7,85,0,2.16,257,20,0,35
2001-04-22T11:00,-7.3,84,0,2.06,256,20,0,35
2001-04-22T12:00,-7.5,84,0,1.99,252,53,0,35
2001-04-22T13:00,-7.6,84,0,2.09,253,70,2,35
2001-04-22T14:00,-6.7,83,0,2.02,250,85,45,40
2001-04-22T15:00,-0.5,60,0,1.39,249,88,177,145
2001-04-22T16:00,2,48,0,0.5,233,91,358,480
2001-04-22T17:00,3.1,47,0,0.51,169,89,452,1240
2001-04-22T18:00,3,60,0,0.95,162,87,448,1795
2001-04-22T19:00,3.9,54,0,1.24,166,89,565,2290
2001-04-22T20:00,4.5,53,0,1.5,180,75,644,2625
2001-04-22T21:00,5,51,0,1.8,214,73,570,2500
2001-04-22T22:00,5,50,0,2.38,248,66,275,2240
2001-04-22T23:00,4.7,47,0,2.82,264,68,232,1770
2001-04-23T00:00,4.6,44,0,2.71,274,62,276,1795
2001-04-23T01:00,3.8,49,0,2.22,278,48,206,1365
2001-04-23T02:00,2.4,62,0,1.33,283,74,95,210
2001-04-23T03:00,0.2,68,0,1.26,252,86,10,35
2001-04-23T04:00,-1.5,82,0,1.64,232,83,0,25
2001-04-23T05:00,-2.6,89,0,1.8,236,44,0,20
2001-04-23T06:00,-2.8,89,0,1.97,240,55,0,25
2001-04-23T07:00,-3.5,89,0,2.11,239,99,0,35
2001-04-23T08:00,-3.8,90,0,2.2,240,81,0,35
2001-04-23T09:00,-4,91,0,2.24,243,100,0,35
2001-04-23T10:00,-4.1,91,0,2.28,241,100,0,40
2001-04-23T11:00,-3.7,90,0,2.46,243,96,0,40
2001-04-23T12:00,-3.6,90,0,2.55,244,98,0,45
2001-04-23T13:00,-3.6,88,0,2.86,245,97,1,50
2001-04-23T14:00,-2.2,80,0,2.73,246,98,41,75
2001-04-23T15:00,-0.1,74,0,2.28,247,95,161,285
2001-04-23T16:00,3.6,58,0,2.72,253,89,336,690
2001-04-23T17:00,4.9,52,0,3.37,258,99,436,1210
2001-04-23T18:00,5.9,48,0,4.03,263,100,448,1655
2001-04-23T19:00,6.3,45,0,4.6,269,99,266,1975
2001-04-23T20:00,6.7,43,0,4.9,271,99,370,2130
2001-04-23T21:00,7.1,40,0,4.8,269,100,423,2180
2001-04-23T22:00,7.4,40,0,4.8,271,100,407,2210
2001-04-23T23:00,6.8,42,0,4.81,266,100,143,2045
2001-04-24T00:00,6.6,44,0,4.52,265,98,205,1785
2001-04-24T01:00,5.5,52,0,3.44,262,88,106,1435
2001-04-24T02:00,3.9,61,0,3.2,256,75,23,710
2001-04-24T03:00,2.3,70,0,3.01,249,99,1,290
2001-04-24T04:00,0.5,80,0,3.22,244,81,0,315
2001-04-24T05:00,0,83,0,3.44,244,86,0,340
2001-04-24T06:00,-0.4,85,0,3.85,245,72,0,360
2001-04-24T07:00,0.7,73,0,4.11,244,2,0,360
2001-04-24T08:00,0.8,72,0,4.2,245,1,0,380
2001-04-24T09:00,0.7,73,0,4.2,245,13,0,375
2001-04-24T10:00,0.4,75,0,3.98,242,22,0,310
2001-04-24T11:00,0,78,0,3.98,242,18,0,230
2001-04-24T12:00,-0.4,81,0,4.03,240,25,0,190
2001-04-24T13:00,-0.6,83,0,4.12,241,23,4,200
2001-04-24T14:00,1,75,0,4.13,238,50,70,330
2001-04-24T15:00,3.1,65,0,3.97,236,5,181,525
2001-04-24T16:00,5.1,57,0,5.08,238,7,359,670
2001-04-24T17:00,6.6,51,0,5.46,242,0,511,785
2001-04-24T18:00,8,48,0,5.5,243,0,655,930
2001-04-24T19:00,8.9,47,0,5.64,240,32,706,1040
2001-04-24T20:00,9.6,46,0,5.56,240,96,720,1140
2001-04-24T21:00,9.8,45,0,5.32,242,100,630,1275
2001-04-24T22:00,9.5,46,0,4.68,250,100,260,1350
2001-04-24T23:00,8.4,52,0,3.85,245,100,85,1205
2001-04-25T00:00,8.1,53,0,3.88,235,72,105,995
2001-04-25T01:00,7.7,53,0,4.66,235,73,88,880
2001-04-25T02:00,6.5,57,0,5.12,231,88,62,910
2001-04-25T03:00,5.1,62,0,5.02,224,65,10,885
2001-04-25T04:00,4.4,65,0,4.96,222,85,0,875
2001-04-25T05:00,4.4,65,0,4.88,224,82,0,795
2001-04-25T06:00,4.5,63,0,4.9,231,72,0,790
2001-04-25T07:00,5.1,61,0,4.55,237,79,0,730
2001-04-25T08:00,4.8,62,0,4.33,236,73,0,685
2001-04-25T09:00,4.4,63,0,3.8,243,67,0,650
2001-04-25T10:00,3.5,67,0,2.73,262,38,0,455
2001-04-25T11:00,2.3,72,0,2.02,261,23,0,355
2001-04-25T12:00,0.9,77,0,1.94,258,16,0,25
2001-04-25T13:00,-0.2,84,0,1.82,279,12,5,25
2001-04-25T14:00,2.7,73,0,1.21,336,6,72,120
2001-04-25T15:00,2.8,80,0,1.06,49,36,192,630
2001-04-25T16:00,4.1,75,0,0.54,202,26,327,865
2001-04-25T17:00,6.8,59,0,1.84,225,54,490,1275
2001-04-25T18:00,9,49,0,2.44,235,64,626,1735
2001-04-25T19:00,9.8,45,0,3.31,241,32,309,1830
2001-04-25T20:00,10.4,44,0,3.7,251,26,476,1790
2001-04-25T21:00,10.8,42,0,4.28,259,26,589,1910
2001-04-25T22:00,11,41,0,4.33,277,32,576,2125
2001-04-25T23:00,10.9,42,0,3.9,270,15,490,2055
2001-04-26T00:00,10.1,46,0,3.16,259,12,365,1860
2001-04-26T01:00,8.6,54,0,2.37,242,8,241,1170
2001-04-26T02:00,6.6,62,0,1.8,236,11,109,85
2001-04-26T03:00,4.5,70,0,1.84,241,12,18,30
2001-04-26T04:00,1.9,82,0,1.84,248,3,0,20
2001-04-26T05:00,0.7,86,0,2.16,257,5,0,25
2001-04-26T06:00,0.4,87,0,2.31,265,20,0,30
2001-04-26T07:00,-0.2,90,0,2.2,270,21,0,30
2001-04-26T08:00,-0.9,91,0,2,270,67,0,30
2001-04-26T09:00,-1.4,93,0,1.7,270,92,0,25
2001-04-26T10:00,-1.7,94,0,1.24,256,92,0,20
2001-04-26T11:00,-2.5,94,0,1.08,248,81,0,15
2001-04-26T12:00,-3,94,0,0.89,243,63,0,10
2001-04-26T13:00,-3.1,94,0,1.03,241,69,6,15
2001-04-26T14:00,0.1,86,0,1.14,232,89,76,25
2001-04-26T15:00,5.5,66,0,0.95,198,90,194,125
2001-04-26T16:00,6.5,64,0,1.2,180,96,256,320
2001-04-26T17:00,7.1,66,0,1.32,171,95,358,640
2001-04-26T18:00,9.3,57,0,1.5,176,96,437,1135
2001-04-26T19:00,10.6,49,0,1.68,197,96,571,1770
2001-04-26T20:00,11.8,41,0,1.8,214,99,552,2120
2001-04-26T21:00,12.4,38,0,1.92,219,100,485,2400
2001-04-26T22:00,12.6,38,0,2.47,249,100,432,2585
2001-04-26T23:00,11.7,42,0,2.01,243,100,239,2520
2001-04-27T00:00,9.1,57,0,1.41,225,100,82,165
2001-04-27T01:00,8.5,59,0,1.53,212,99,73,70
2001-04-27T02:00,7.6,62,0,1.7,220,95,16,40
2001-04-27T03:00,5.1,72,0,2.13,229,86,5,30
2001-04-27T04:00,3.1,81,0,2.61,238,26,0,30
2001-04-27T05:00,1.7,86,0,2.95,242,0,0,30
2001-04-27T06:00,1.2,86,0,3.18,242,0,0,35
2001-04-27T07:00,1.3,87,0,3.26,243,0,0,40
2001-04-27T08:00,0.7,90,0,3.26,243,18,0,40
2001-04-27T09:00,0.5,91,0,3.35,243,49,0,40
2001-04-27T10:00,0.6,91,0,3.35,243,62,0,40
2001-04-27T11:00,0.9,89,0,3.49,243,53,0,40
2001-04-27T12:00,0.9,89,0,3.49,243,42,0,45
2001-04-27T13:00,1.3,88,0,3.49,243,47,7,50
2001-04-27T14:00,3.5,80,0,3.09,241,72,92,65
2001-04-27T15:00,5.4,77,0,2.39,237,70,230,290
2001-04-27T16:00,8.1,65,0,2.56,231,38,395,700
2001-04-27T17:00,10.4,54,0,3.14,233,5,529,1050
2001-04-27T18:00,11.8,48,0,3.26,230,7,638,1420
2001-04-27T19:00,12.5,43,0,3.55,230,8,717,1760
2001-04-27T20:00,12.8,41,0,3.55,230,1,735,1950
2001-04-27T21:00,13,38,0,3.47,229,1,741,2035
2001-04-27T22:00,12.9,38,0,3.33,229,10,683,2175
2001-04-27T23:00,12.3,41,0,2.76,226,5,593,1925
2001-04-28T00:00,10.7,49,0,1.84,209,5,450,1595
2001-04-28T01:00,9.1,57,0,2.11,175,21,284,345
2001-04-28T02:00,8,60,0,2.41,175,43,126,65
2001-04-28T03:00,6.9,61,0,2.82,197,83,21,40
2001-04-28T04:00,5.9,64,0,2.91,207,99,0,40
2001-04-28T05:00,5,68,0,2.97,213,85,0,50
2001-04-28T06:00,4.4,72,0,2.92,218,99,0,60
2001-04-28T07:00,5,69,0,2.91,221,100,0,65
2001-04-28T08:00,4.6,73,0,2.83,228,100,0,60
2001-04-28T09:00,4.1,77,0,2.56,231,100,0,45
2001-04-28T10:00,3,83,0,2.48,227,99,0,35
2001-04-28T11:00,2,89,0,2.56,231,100,0,35
2001-04-28T12:00,1.1,91,0,2.52,236,88,0,35
2001-04-28T13:00,0.5,93,0,2.56,239,60,3,35
2001-04-28T14:00,2.6,87,0,2.3,236,95,66,45
2001-04-28T15:00,6.6,72,0,1.42,219,83,128,120
2001-04-28T16:00,6.5,74,0,2.06,203,50,305,960
2001-04-28T17:00,9.8,57,0,2.72,197,23,478,1350
2001-04-28T18:00,10.3,55,0.1,3.32,196,26,565,1885
2001-04-28T19:00,10.2,56,0.4,4.3,216,33,554,1780
2001-04-28T20:00,9.8,50,0.2,5.11,239,30,367,1470
2001-04-28T21:00,10,45,0,5.01,241,12,661,1760
2001-04-28T22:00,9.5,44,0,4.47,230,19,625,2105
2001-04-28T23:00,8.8,44,0,4.52,235,11,526,2075
2001-04-29T00:00,7.7,46,0,4.47,243,0,305,1815
2001-04-29T01:00,6.5,50,0,3.96,249,2,252,1490
2001-04-29T02:00,4.9,57,0,3.26,252,2,134,1025
2001-04-29T03:00,2.8,64,0,2.92,248,1,23,355
2001-04-29T04:00,1.3,69,0,3.05,247,10,0,245
2001-04-29T05:00,0.4,71,0,3.51,250,22,0,300
2001-04-29T06:00,-0.3,73,0,3.54,254,83,0,320
2001-04-29T07:00,-0.5,72,0,3.32,254,87,0,285
2001-04-29T08:00,-0.8,72,0,2.94,252,79,0,200
2001-04-29T09:00,-1.5,74,0,2.56,249,58,0,105
2001-04-29T10:00,-2.6,77,0,2.11,239,33,0,75
2001-04-29T11:00,-3.5,80,0,2.36,234,20,0,65
2001-04-29T12:00,-4.2,82,0,2.5,233,13,0,70
2001-04-29T13:00,-4.4,83,0,2.8,235,19,8,80
2001-04-29T14:00,-2.9,77,0,2.62,230,55,97,335
2001-04-29T15:00,1.2,59,0,2.97,228,68,227,915
2001-04-29T16:00,2.9,49,0,4.04,228,100,353,1465
2001-04-29T17:00,3.8,44,0,5.03,229,99,384,1910
2001-04-29T18:00,4.2,41,0,5.24,228,91,265,1915
2001-04-29T19:00,4.1,44,0,5.62,231,87,145,1890
2001-04-29T20:00,4.8,41,0,5.94,237,76,342,2175
2001-04-29T21:00,5.5,41,0,6.13,242,58,468,1995
2001-04-29T22:00,5.6,43,0,5.46,242,22,485,1985
2001-04-29T23:00,5.7,44,0,5.61,239,30,572,1955
2001-04-30T00:00,5.1,47,0,5.58,237,51,404,1755
2001-04-30T01:00,4.1,52,0,5,233,34,190,1515
2001-04-30T02:00,2.8,57,0,5.04,231,35,121,1535
2001-04-30T03:00,1.2,63,0,4.69,230,8,25,1350
2001-04-30T04:00,0.3,65,0,4.62,231,11,0,1085
2001-04-30T05:00,-0.2,65,0,4.58,234,9,0,970
2001-04-30T06:00,-0.6,64,0,4.58,238,2,0,925
2001-04-30T07:00,-1,65,0,4.47,243,0,0,875
2001-04-30T08:00,-1.5,65,0,4.39,246,0,0,800
2001-04-30T09:00,-1.9,66,0,4.16,246,0,0,730
2001-04-30T10:00,-2.3,67,0,2.82,243,0,0,170
2001-04-30T11:00,-2.8,68,0,2.72,234,0,0,125
2001-04-30T12:00,-3.2,69,0,2.84,231,0,0,145
2001-04-30T13:00,-3.3,68,0,3.26,230,0,12,355
2001-04-30T14:00,-1.8,63,0,3.36,233,0,111,835
2001-04-30T15:00,0.1,54,0,4.12,241,2,267,1065
2001-04-30T16:00,1.5,47,0,4.44,247,17,426,1340
2001-04-30T17:00,2.6,42,0,4.62,248,26,534,1760
2001-04-30T18:00,3.4,38,0,4.85,248,64,445,2225
2001-04-30T19:00,4.7,36,0,5.07,248,66,581,2500
2001-04-30T20:00,5.3,34,0,5.33,247,95,571,2710
2001-04-30T21:00,5.7,33,0,5.1,244,90,418,2840
2001-04-30T22:00,6.2,33,0,4.43,242,74,504,2845
2001-04-30T23:00,6.1,36,0,3.8,235,68,526,2230
2001-05-01T00:00,5.7,37,0,3.18,226,96,345,1685
2001-05-01T01:00,4.9,44,0,2.88,214,97,169,1360
2001-05-01T02:00,3,59,0.2,2.52,214,98,4,555
2001-05-01T03:00,1.5,71,0.1,2.13,221,100,1,350
2001-05-01T04:00,0.7,74,0,2.11,239,99,0,335
2001-05-01T05:00,0.2,72,0,3.06,259,97,0,480
2001-05-01T06:00,-0.4,70,0,3.8,268,84,0,615
2001-05-01T07:00,-1,69,0,4.2,267,82,0,675
2001-05-01T08:00,-1.1,64,0,4.7,268,95,0,770
2001-05-01T09:00,-1.3,60,0,4.8,271,86,0,780
2001-05-01T10:00,-1.8,60,0,4.22,275,70,0,790
2001-05-01T11:00,-2.6,63,0,3.9,270,50,0,610
2001-05-01T12:00,-3.6,67,0,3.73,262,29,0,480
2001-05-01T13:00,-4,71,0,3.81,256,25,8,435
2001-05-01T14:00,-2.3,64,0,3.49,257,7,113,580
2001-05-01T15:00,-0.1,56,0,4.14,262,13,243,810
2001-05-01T16:00,1.4,49,0,4.51,274,44,420,1505
2001-05-01T17:00,2.7,42,0,4.34,278,32,551,2105
2001-05-01T18:00,3.5,39,0,4,283,46,644,2770
2001-05-01T19:00,3.9,38,0,3.93,285,58,678,3285
2001-05-01T20:00,3.8,37,0,4.37,281,74,479,3210
2001-05-01T21:00,3.6,37,0,4.88,281,86,477,2555
2001-05-01T22:00,3.4,35,0,4.66,285,94,283,2035
2001-05-01T23:00,3,35,0,4.9,287,99,228,2165
2001-05-02T00:00,2.5,37,0,4.88,285,96,187,2125
2001-05-02T01:00,1.9,44,0,4.41,283,99,106,1735
2001-05-02T02:00,1.1,52,0,3.42,277,95,55,1265
2001-05-02T03:00,-0.7,63,0,2.7,268,94,16,370
2001-05-02T04:00,-2.3,69,0,2.55,259,94,0,120
2001-05-02T05:00,-3.3,73,0,2.69,255,57,0,85
2001-05-02T06:00,-4.1,75,0,2.86,258,58,0,75
2001-05-02T07:00,-4.9,72,0,2.89,256,51,0,75
2001-05-02T08:00,-5.7,75,0,2.98,256,48,0,65
2001-05-02T09:00,-6.1,77,0,2.98,256,46,0,65
2001-05-02T10:00,-6.4,77,0,3.04,261,19,0,85
2001-05-02T11:00,-6.6,77,0,2.93,262,61,0,85
2001-05-02T12:00,-6.4,78,0,2.92,264,85,0,95
2001-05-02T13:00,-5.5,75,0.1,3,268,95,4,200
2001-05-02T14:00,-4.1,73,0.2,2.6,270,75,15,575
2001-05-02T15:00,-1,62,0.3,3.1,285,62,106,1085
2001-05-02T16:00,1.1,52,0,4.75,319,50,258,1260
2001-05-02T17:00,2.2,46,0.1,4.74,325,47,515,1505
2001-05-02T18:00,3.2,43,0,4.02,325,59,603,1685
2001-05-02T19:00,3.6,44,0,3.05,319,34,603,2185
2001-05-02T20:00,4.5,42,0,2.52,304,39,640,2520
2001-05-02T21:00,5.1,40,0,2.64,295,47,641,2660
2001-05-02T22:00,5.5,36,0,3.31,295,63,617,2885
2001-05-02T23:00,5.4,34,0,3.89,296,53,436,2785
2001-05-03T00:00,5.3,33,0,3.85,295,66,359,2495
2001-05-03T01:00,4.6,37,0,3.54,286,37,221,2085
2001-05-03T02:00,3.3,47,0,2.8,268,95,93,825
2001-05-03T03:00,0.9,59,0,2.6,247,100,15,140
2001-05-03T04:00,-0.8,66,0,3,240,95,0,150
2001-05-03T05:00,-2,71,0,2.94,235,74,0,140
2001-05-03T06:00,-3.2,74,0,2.88,236,39,0,80
2001-05-03T07:00,-3.7,72,0,2.95,242,43,0,60
2001-05-03T08:00,-4.4,75,0,3.09,245,54,0,65
2001-05-03T09:00,-4.7,75,0,3.29,250,85,0,70
2001-05-03T10:00,-4.8,75,0,3.38,251,100,0,80
2001-05-03T11:00,-4.6,74,0,3.42,249,96,0,85
2001-05-03T12:00,-4.6,75,0,3.36,247,91,0,80
2001-05-03T13:00,-4.1,75,0,3.31,245,98,6,90
2001-05-03T14:00,-2,69,0,3.14,239,89,43,140
2001-05-03T15:00,1.2,60,0,2.88,236,89,133,245
2001-05-03T16:00,3.8,50,0,2.94,235,97,267,415
2001-05-03T17:00,5.1,46,0,3.19,238,100,305,645
2001-05-03T18:00,6.6,43,0,3.35,243,93,409,885
2001-05-03T19:00,7.9,42,0,3.31,245,63,604,1150
2001-05-03T20:00,8.7,41,0,3.26,243,21,741,1370
2001-05-03T21:00,9.2,40,0,3.54,241,30,759,1515
2001-05-03T22:00,9.1,40,0,4.03,247,72,664,1590
2001-05-03T23:00,8.7,41,0,4.47,243,96,504,1205
2001-05-04T00:00,8.1,43,0,4.65,245,93,383,1055
2001-05-04T01:00,7.1,48,0,4.47,243,95,196,880
2001-05-04T02:00,5.6,54,0,4.07,245,97,69,670
2001-05-04T03:00,4,61,0,3.99,248,96,14,530
2001-05-04T04:00,3.3,64,0,4.18,249,95,0,490
2001-05-04T05:00,2.8,67,0,4.37,250,78,0,490
2001-05-04T06:00,2.7,69,0,4.24,251,74,0,480
2001-05-04T07:00,2.3,67,0,3.98,252,89,0,430
2001-05-04T08:00,2,69,0,3.71,256,60,0,380
2001-05-04T09:00,1.3,73,0,3.3,256,11,0,265
2001-05-04T10:00,0.5,78,0,2.53,252,57,0,80
2001-05-04T11:00,-0.3,83,0,2.6,247,94,0,55
2001-05-04T12:00,-0.8,86,0,2.55,244,86,0,55
2001-05-04T13:00,-0.8,86,0,2.46,243,87,5,55
2001-05-04T14:00,0.8,84,0,1.8,236,84,62,80
2001-05-04T15:00,4.3,69,0,1.35,228,60,142,215
2001-05-04T16:00,5.3,67,0,1.21,204,50,265,675
2001-05-04T17:00,7.2,57,0,1.71,201,53,471,1200
2001-05-04T18:00,8.9,48,0,2.72,216,91,498,1555
2001-05-04T19:00,9.6,45,0,3.34,219,100,424,1805
2001-05-04T20:00,10.3,41,0,3.64,217,98,435,1790
2001-05-04T21:00,10.7,39,0,4,217,100,573,1995
2001-05-04T22:00,11.5,35,0,4.06,218,100,549,2160
2001-05-04T23:00,11,35,0,4.05,213,100,345,2050
2001-05-05T00:00,10.5,37,0,3.8,207,100,164,1955
2001-05-05T01:00,9.2,45,0,2.68,207,100,77,1225
2001-05-05T02:00,7,55,0,2.33,205,100,9,245
2001-05-05T03:00,5.8,59,0,2.69,202,86,9,235
2001-05-05T04:00,4.6,63,0,2.72,197,59,0,175
2001-05-05T05:00,3.6,66,0,2.65,191,33,0,170
2001-05-05T06:00,2.5,71,0,2.65,191,27,0,185
2001-05-05T07:00,2.6,71,0,2.72,197,8,0,240
2001-05-05T08:00,1.4,78,0,2.38,202,18,0,125
2001-05-05T09:00,0,84,0,2.37,208,6,0,70
2001-05-05T10:00,-1.6,87,0,2.25,212,31,0,45
2001-05-05T11:00,-2.7,89,0,2.33,227,35,0,40
2001-05-05T12:00,-3.5,90,0,2.33,239,56,0,45
2001-05-05T13:00,-2.5,88,0,3.04,253,55,12,80
2001-05-05T14:00,0.9,77,0,3.62,264,49,56,670
2001-05-05T15:00,4.3,50,0,4.41,274,57,174,1100
2001-05-05T16:00,4.2,46,0,4.1,283,71,207,1375
2001-05-05T17:00,4.6,43,0,4.25,297,91,325,1605
2001-05-05T18:00,4.6,42,0.1,4.16,305,100,221,1355
2001-05-05T19:00,4.3,55,0.4,3.45,300,100,94,1330
2001-05-05T20:00,4.8,55,0.4,3.85,295,100,85,1710
2001-05-05T21:00,3.9,55,0.5,4.21,288,100,73,1850
2001-05-05T22:00,4.3,47,0.1,4.94,291,100,102,1900
2001-05-05T23:00,4.4,39,0,5.03,287,100,73,1895
2001-05-06T00:00,3.7,41,0,5,282,100,99,1770
2001-05-06T01:00,2.8,46,0,4.85,278,100,92,1615
2001-05-06T02:00,2,51,0,4.53,276,100,89,1400
2001-05-06T03:00,0.6,55,0,4.52,275,100,27,1075
2001-05-06T04:00,-0.4,58,0,4.4,273,98,0,910
2001-05-06T05:00,-1.1,59,0,4.2,269,89,0,755
2001-05-06T06:00,-1.6,61,0,3.92,264,69,0,590
2001-05-06T07:00,-2.1,61,0,3.82,264,30,0,490
2001-05-06T08:00,-2.4,62,0,3.71,267,40,0,465
2001-05-06T09:00,-2.3,63,0,3.7,270,65,0,555
2001-05-06T10:00,-2.3,64,0,4,273,77,0,970
2001-05-06T11:00,-2.3,64,0,4.12,276,39,0,1065
2001-05-06T12:00,-2.6,66,0,3.93,277,50,0,970
2001-05-06T13:00,-2.5,66,0,3.93,277,49,11,1020
2001-05-06T14:00,-1.2,63,0,3.62,276,20,84,1275
2001-05-06T15:00,0.6,56,0,5.01,296,44,167,1655
2001-05-06T16:00,2.1,48,0,6.45,311,58,384,1815
2001-05-06T17:00,2.8,46,0,6.65,317,66,356,1935
2001-05-06T18:00,4.1,40,0.2,6.25,320,59,482,1795
2001-05-06T19:00,4.9,34,0.2,5.53,319,64,483,1835
2001-05-06T20:00,6.2,30,0,5.11,320,61,615,2145
2001-05-06T21:00,7.2,28,0,4.6,316,88,617,2550
2001-05-06T22:00,6.2,34,0,4.53,313,100,504,2625
2001-05-06T23:00,6.1,35,0,4.12,309,98,242,2445
2001-05-07T00:00,5.6,37,0,3.66,305,93,134,2235
2001-05-07T01:00,5.2,39,0,3.05,302,49,131,1885
2001-05-07T02:00,3.7,51,0,1.97,300,9,71,450
2001-05-07T03:00,2.2,55,0,2.02,279,2,31,60
2001-05-07T04:00,-0.1,61,0,2.02,261,0,0,30
2001-05-07T05:00,-1.7,65,0,1.99,252,0,0,30
2001-05-07T06:00,-2.6,65,0,2.02,250,0,0,30
2001-05-07T07:00,-3.5,67,0,1.88,245,0,0,30
2001-05-07T08:00,-4.4,68,0,1.88,245,0,0,30
2001-05-07T09:00,-5.5,70,0,1.88,245,0,0,30
2001-05-07T10:00,-6.2,70,0,2.42,246,0,0,35
2001-05-07T11:00,-7,71,0,2.51,247,10,0,40
2001-05-07T12:00,-7.6,71,0,2.51,247,88,0,40
2001-05-07T13:00,-7.3,71,0,2.51,247,98,21,45
2001-05-07T14:00,-1.9,62,0,2.15,242,100,100,70
2001-05-07T15:00,1.4,61,0,1.58,235,100,197,200
2001-05-07T16:00,5.6,42,0,1.28,219,99,329,660
2001-05-07T17:00,6.4,45,0,1.7,225,94,359,1145
2001-05-07T18:00,7.3,44,0,2.11,239,92,323,1360
2001-05-07T19:00,9.2,38,0,2.33,245,95,458,1565
2001-05-07T20:00,10.2,38,0,2.66,250,88,656,1690
2001-05-07T21:00,10.8,39,0,3.42,255,91,651,1780
2001-05-07T22:00,10.8,40,0,3.81,265,77,516,1780
2001-05-07T23:00,10.3,41,0,4.04,261,54,446,1530
2001-05-08T00:00,9.8,42,0,4.08,259,15,381,1245
2001-05-08T01:00,9,45,0,3.77,259,0,286,1070
2001-05-08T02:00,7.4,52,0,3.08,257,3,134,930
2001-05-08T03:00,5.4,59,0,2.44,251,62,36,185
2001-05-08T04:00,3.2,66,0,2.55,244,75,0,80
2001-05-08T05:00,1,76,0,2.64,241,30,0,65
2001-05-08T06:00,0.3,79,0,2.87,241,36,0,80
2001-05-08T07:00,1.3,72,0,2.87,241,67,0,105
2001-05-08T08:00,1.2,71,0,2.95,242,56,0,115
2001-05-08T09:00,1.2,70,0,2.91,243,47,0,145
2001-05-08T10:00,1.4,69,0,3.09,245,32,0,190
2001-05-08T11:00,1,71,0,2.95,246,46,0,130
2001-05-08T12:00,0.4,74,0,2.77,244,71,0,70
2001-05-08T13:00,0.3,77,0,2.73,242,98,17,55
2001-05-08T14:00,2.6,78,0,2.39,237,100,74,120
2001-05-08T15:00,6.3,64,0,1.78,232,99,80,710
2001-05-08T16:00,8.2,52,0,2.87,241,96,154,1445
2001-05-08T17:00,9.2,46,0,3.32,249,92,245,1775
2001-05-08T18:00,9.8,43,0,3.61,256,87,338,2010
2001-05-08T19:00,10.5,39,0.1,3.79,258,89,359,2135
2001-05-08T20:00,10.6,38,0.2,3.93,263,90,453,2285
2001-05-08T21:00,10.5,39,0,4.1,269,68,512,2220
2001-05-08T22:00,10.9,38,0,4.16,294,39,453,2005
2001-05-08T23:00,8.5,48,0.4,4.24,313,58,413,1515
2001-05-09T00:00,7.2,56,0.5,3.52,325,71,309,1300
2001-05-09T01:00,6.6,58,0,2.6,337,63,140,1145
2001-05-09T02:00,5.4,66,0,1.92,351,79,74,885
2001-05-09T03:00,2.7,82,0.4,1.81,354,75,28,370
2001-05-09T04:00,1.1,91,0.5,1.7,357,75,0,260
2001-05-09T05:00,0.5,91,0.2,1.3,337,44,0,125
2001-05-09T06:00,-0.4,89,0.2,1.43,295,63,0,80
2001-05-09T07:00,-1.1,91,0.2,1.73,280,63,0,85
2001-05-09T08:00,-1.2,91,0.2,1.62,292,71,0,130
2001-05-09T09:00,-1.1,90,0.2,1.97,300,90,0,130
2001-05-09T10:00,-1.3,86,0.1,1.84,315,92,0,265
2001-05-09T11:00,-1.4,79,0.1,1.13,315,97,0,195
2001-05-09T12:00,-1.8,78,0,0.71,315,77,0,160
2001-05-09T13:00,-1.4,76,0,0.41,284,59,8,150
2001-05-09T14:00,-0.5,78,0,0.22,153,65,64,255
2001-05-09T15:00,0.5,61,0,0.85,111,68,147,865
2001-05-09T16:00,2.1,49,0,1.36,144,87,242,1390
2001-05-09T17:00,4,43,0.1,1.82,171,96,519,1855
2001-05-09T18:00,5.3,38,0.2,1.63,169,96,445,2060
2001-05-09T19:00,6.1,33,0,1.4,180,90,264,2220
2001-05-09T20:00,7.2,27,0.2,1.14,218,89,501,2195
2001-05-09T21:00,8,25,0,1.41,262,89,562,2435
2001-05-09T22:00,7.5,29,0,1.58,305,87,413,2685
2001-05-09T23:00,7.3,29,0,1.98,315,93,221,2730
2001-05-10T00:00,6.8,31,0,2.06,331,97,112,2445
2001-05-10T01:00,5.9,36,0,2.02,340,98,47,1590
2001-05-10T02:00,4.5,48,0,1.6,4,98,23,385
2001-05-10T03:00,2.9,60,0,1.73,10,97,6,120
2001-05-10T04:00,1.3,63,0,1.4,360,96,0,70
2001-05-10T05:00,0.4,65,0,0.94,328,96,0,20
2001-05-10T06:00,-0.6,68,0,0.85,291,92,0,20
2001-05-10T07:00,-1.2,71,0,1.3,270,89,0,20
2001-05-10T08:00,-1.7,71,0,1.61,263,86,0,25
2001-05-10T09:00,-2,70,0,1.9,270,74,0,30
2001-05-10T10:00,-2.6,69,0,2.01,276,62,0,40
2001-05-10T11:00,-3,67,0,2.24,280,48,0,60
2001-05-10T12:00,-3.4,66,0,2.33,280,44,0,75
2001-05-10T13:00,-2.5,66,0,2.02,279,23,26,100
2001-05-10T14:00,0.2,54,0,1.33,283,10,137,200
2001-05-10T15:00,2,50,0,0.72,304,2,293,760
2001-05-10T16:00,4,42,0,0.91,264,47,453,1625
2001-05-10T17:00,5.4,39,0,1.6,266,88,560,1975
2001-05-10T18:00,6.8,31,0,1.8,270,86,484,2020
2001-05-10T19:00,7.2,30,0,2.11,275,85,377,2240
2001-05-10T20:00,7.2,34,0,2.12,278,85,284,2250
2001-05-10T21:00,8,30,0,2.31,275,87,277,2350
2001-05-10T22:00,8.3,30,0,2.8,272,84,361,2350
2001-05-10T23:00,8.2,32,0.1,3.11,274,88,400,2385
2001-05-11T00:00,8,33,0,3.03,278,72,194,2250
2001-05-11T01:00,7.4,35,0,2.83,278,53,95,2145
2001-05-11T02:00,6.6,48,0,1.51,278,33,138,365
2001-05-11T03:00,4.3,58,0,1.81,264,25,34,55
2001-05-11T04:00,2.3,59,0,1.52,247,25,0,25
2001-05-11T05:00,0.2,67,0,1.71,249,56,0,20
2001-05-11T06:00,-0.7,71,0,1.9,252,93,0,20
2001-05-11T07:00,-1.1,70,0,2.25,249,99,0,30
2001-05-11T08:00,-1.5,71,0,2.21,252,100,0,30
2001-05-11T09:00,-1.9,73,0,2.15,248,100,0,35
2001-05-11T10:00,-2.2,74,0,2.34,250,100,0,35
2001-05-11T11:00,-2.4,75,0,2.25,249,100,0,35
2001-05-11T12:00,-2.4,75,0,2.1,245,100,0,35
2001-05-11T13:00,-1.4,74,0,1.61,240,100,11,35
2001-05-11T14:00,1.6,69,0,1.42,231,100,54,50
2001-05-11T15:00,4.4,59,0,0.89,207,100,81,265
2001-05-11T16:00,6.1,50,0,1.43,168,100,102,950
2001-05-11T17:00,6.9,50,0,2.1,183,100,89,1305
2001-05-11T18:00,8.1,46,0,2.75,213,96,117,1820
2001-05-11T19:00,9.8,40,0,3.11,225,84,411,1985
2001-05-11T20:00,10.2,39,0,3.41,238,95,190,1975
2001-05-11T21:00,10.4,39,0,3.58,243,95,164,1860
2001-05-11T22:00,10.8,39,0,3.91,257,83,222,1905
2001-05-11T23:00,10.9,40,0,3.86,260,90,220,1840
2001-05-12T00:00,10.4,43,0,3.67,259,95,93,1770
2001-05-12T01:00,10.2,45,0,2.86,258,36,156,1340
2001-05-12T02:00,8.9,54,0,1.99,252,14,93,620
2001-05-12T03:00,7.1,62,0,1.99,252,9,39,75
2001-05-12T04:00,4.8,69,0,1.68,253,55,0,25
2001-05-12T05:00,2.6,77,0,1.58,252,96,0,20
2001-05-12T06:00,1.1,84,0,1.49,250,91,0,15
2001-05-12T07:00,0.2,85,0,1.49,250,80,0,20
2001-05-12T08:00,-0.1,85,0,1.52,247,56,0,20
2001-05-12T09:00,-0.4,85,0,1.62,248,46,0,25
2001-05-12T10:00,-0.5,85,0,1.88,245,41,0,30
2001-05-12T11:00,-0.4,84,0,1.75,239,60,0,30
2001-05-12T12:00,-0.9,86,0,1.89,238,5,0,35
2001-05-12T13:00,0.1,83,0,1.89,238,46,27,35
2001-05-12T14:00,3.8,76,0,1.7,220,95,128,55
2001-05-12T15:00,7.9,57,0,1.51,188,96,252,280
2001-05-12T16:00,10.1,50,0,2.14,169,98,312,480
2001-05-12T17:00,12.2,44,0,2.62,162,100,407,660
2001-05-12T18:00,14.3,40,0,3.05,157,94,523,920
2001-05-12T19:00,15.7,36,0,3.2,160,69,472,1265
2001-05-12T20:00,17.3,33,0,3.32,164,27,688,1675
2001-05-12T21:00,18.6,30,0,3.44,172,65,753,2185
2001-05-12T22:00,19.1,29,0,3.86,201,89,685,2800
2001-05-12T23:00,19.3,28,0,3.52,195,93,523,2645
2001-05-13T00:00,19,29,0,3.52,195,76,475,2370
2001-05-13T01:00,17.8,37,0,2.14,169,67,276,930
2001-05-13T02:00,15.9,48,0,1.94,168,97,161,75
2001-05-13T03:00,13.6,52,0,2.02,200,68,22,45
2001-05-13T04:00,10.8,56,0,1.91,223,50,0,30
2001-05-13T05:00,7.7,64,0,2.42,232,38,0,25
2001-05-13T06:00,5.3,72,0,2.94,235,98,0,30
2001-05-13T07:00,5.6,65,0,3.08,234,98,0,35
2001-05-13T08:00,5.5,65,0,2.86,234,83,0,35
2001-05-13T09:00,5.1,68,0,2.8,235,66,0,35
2001-05-13T10:00,5,68,0,2.95,242,50,0,40
2001-05-13T11:00,5.5,67,0,2.92,239,0,0,50
2001-05-13T12:00,4.8,72,0,2.55,244,9,0,40
2001-05-13T13:00,4.4,79,0,2.4,253,78,31,35
2001-05-13T14:00,6.2,82,0,1.82,261,97,84,40
2001-05-13T15:00,10.4,64,0,0.63,288,69,139,180
2001-05-13T16:00,12.2,53,0,0.95,252,63,290,1780
2001-05-13T17:00,12.3,53,0.1,2.3,236,85,314,1725
2001-05-13T18:00,13.1,49,0,2.52,236,99,369,2005
2001-05-13T19:00,13.9,42,0,2.73,246,82,384,2130
2001-05-13T20:00,14.4,40,0,3.1,255,48,501,2375
2001-05-13T21:00,14.6,37,0,3.26,259,31,517,2290
2001-05-13T22:00,14.5,36,0,2.83,262,40,500,2500
2001-05-13T23:00,14.5,36,0,2.86,258,39,566,2365
2001-05-14T00:00,13.8,38,0,2.89,256,65,380,2215
2001-05-14T01:00,12.6,41,0,2.97,250,95,248,1955
2001-05-14T02:00,11.2,48,0,2.73,246,99,116,1020
2001-05-14T03:00,9,58,0,2.47,238,100,29,140
2001-05-14T04:00,6.9,65,0,2.02,237,100,0,35
2001-05-14T05:00,5.2,73,0,1.61,240,99,0,20
2001-05-14T06:00,4,77,0,1.39,240,100,0,15
2001-05-14T07:00,3.2,81,0,1.44,236,100,0,15
2001-05-14T08:00,3.1,81,0,1.58,235,100,0,20
2001-05-14T09:00,3,81,0,1.86,234,99,0,20
2001-05-14T10:00,2.9,79,0,1.79,243,100,0,20
2001-05-14T11:00,2.1,81,0,2.06,247,100,0,25
2001-05-14T12:00,2,81,0,2.15,248,100,0,30
2001-05-14T13:00,2.2,84,0,2.24,243,100,9,35
2001-05-14T14:00,5.3,77,0,1.91,227,100,66,60
2001-05-14T15:00,8.1,65,0,1.48,208,100,48,980
2001-05-14T16:00,9,54,0,2.09,197,100,74,1465
2001-05-14T17:00,9,54,0,2.68,207,100,21,1515
2001-05-14T18:00,9.4,51,0,2.78,210,100,77,1560
2001-05-14T19:00,9.4,51,0,3.25,225,100,53,1610
2001-05-14T20:00,9.7,48,0,3.55,238,100,89,1720
2001-05-14T21:00,10.4,45,0,3.55,248,94,209,1870
2001-05-14T22:00,10.8,43,0.1,3.79,258,57,252,1875
2001-05-14T23:00,11,42,0,4.24,262,34,291,1840
2001-05-15T00:00,10.5,43,0,3.92,264,23,226,1705
2001-05-15T01:00,9.6,46,0,3.51,265,3,170,1635
2001-05-15T02:00,8.6,50,0,2.83,262,10,159,1285
2001-05-15T03:00,6.7,59,0,2.31,252,24,47,405
2001-05-15T04:00,4.7,67,0,2.38,248,28,1,110
2001-05-15T05:00,3.1,73,0,2.47,249,43,0,95
2001-05-15T06:00,2.4,77,0,2.69,248,38,0,95
2001-05-15T07:00,2.1,75,0,2.85,252,29,0,115
2001-05-15T08:00,1.8,77,0,2.94,252,29,0,110
2001-05-15T09:00,1.6,78,0,2.82,253,15,0,100
2001-05-15T10:00,1.1,81,0,2.47,249,66,0,65
2001-05-15T11:00,0.6,83,0,2.53,252,63,0,50
2001-05-15T12:00,0.1,85,0,2.44,251,88,0,50
2001-05-15T13:00,0.8,85,0,2.47,249,99,29,70
2001-05-15T14:00,3.8,72,0,1.97,246,89,120,210
2001-05-15T15:00,6.3,59,0,1.99,252,68,252,640
2001-05-15T16:00,8.1,48,0,2.11,265,46,392,1290
2001-05-15T17:00,9.6,42,0,2,267,28,523,1970
2001-05-15T18:00,10.8,40,0,2.21,265,49,640,2360
2001-05-15T19:00,11.2,40,0,2.94,260,50,591,2410
2001-05-15T20:00,9.8,47,0.5,3.52,263,49,553,1925
2001-05-15T21:00,9.7,44,0.7,4.03,263,61,549,1510
2001-05-15T22:00,10.6,36,0,3.9,269,39,398,1865
2001-05-15T23:00,10.5,35,0,3.83,277,30,473,2005
2001-05-16T00:00,9.9,37,0,3.32,277,33,331,1880
2001-05-16T01:00,9.5,38,0,2.83,278,23,286,1780
2001-05-16T02:00,8.4,43,0,2.02,279,87,147,870
2001-05-16T03:00,6.7,53,0,1.2,275,92,33,125
2001-05-16T04:00,5,60,0,1.14,285,95,0,40
2001-05-16T05:00,3.3,68,0,1.3,274,95,0,25
2001-05-16T06:00,1.7,74,0,1.33,257,91,0,25
2001-05-16T07:00,0.7,78,0,1.33,257,89,0,25
2001-05-16T08:00,-0.2,82,0,1.26,252,97,0,20
2001-05-16T09:00,-0.7,84,0,1.26,252,99,0,25
2001-05-16T10:00,-0.7,84,0,1.52,247,98,0,30
2001-05-16T11:00,-0.8,84,0,1.39,249,98,0,30
2001-05-16T12:00,-1,85,0,1.21,246,97,0,30
2001-05-16T13:00,-0.3,84,0.2,1.26,252,100,2,30
2001-05-16T14:00,1.2,91,0.4,1.2,275,100,5,40
2001-05-16T15:00,2.1,86,0.6,0.76,337,100,18,350
2001-05-16T16:00,2.5,84,0.7,0.72,34,100,12,20
2001-05-16T17:00,3.7,78,0.6,0.67,27,100,42,530
2001-05-16T18:00,4.2,83,0.5,0.7,360,100,41,1015
2001-05-16T19:00,6.4,73,0.2,0.63,342,99,115,1390
2001-05-16T20:00,7.7,69,0.2,0.76,337,97,323,1795
2001-05-16T21:00,8.7,66,0.3,1.62,292,91,419,2065
2001-05-16T22:00,9.1,61,0.2,2.6,293,90,331,1910
2001-05-16T23:00,7.2,64,0.9,2.72,276,92,129,1265
2001-05-17T00:00,7.6,54,0,3.26,281,87,156,1270
2001-05-17T01:00,7.4,49,0,2.75,289,61,113,1140
2001-05-17T02:00,6.7,52,0,2.51,275,34,120,950
2001-05-17T03:00,5.2,59,0,2.67,257,13,45,570
2001-05-17T04:00,3.4,63,0,3.35,253,1,2,430
2001-05-17T05:00,2.1,65,0,3.71,256,0,0,420
2001-05-17T06:00,1.3,65,0,3.74,254,1,0,425
2001-05-17T07:00,0.9,63,0,3.76,253,0,0,405
2001-05-17T08:00,0.7,63,0,3.83,250,0,0,410
2001-05-17T09:00,0.5,64,0,3.96,249,0,0,425
2001-05-17T10:00,0.3,64,0,4.05,250,0,0,455
2001-05-17T11:00,0,65,0,3.99,248,1,0,480
2001-05-17T12:00,-0.2,66,0,3.86,249,5,0,495
2001-05-17T13:00,0.6,65,0,3.68,248,7,35,505
2001-05-17T14:00,2.4,60,0,3.64,249,16,144,600
2001-05-17T15:00,4.2,50,0,3.86,249,27,292,765
2001-05-17T16:00,5.8,44,0,3.36,247,87,431,1020
2001-05-17T17:00,7.1,40,0,3.28,239,100,442,1375
2001-05-17T18:00,7.6,39,0,3.58,240,94,374,1620
2001-05-17T19:00,8.3,38,0,4.38,243,92,262,1775
2001-05-17T20:00,9.4,37,0,4.88,244,80,360,1840
2001-05-17T21:00,9.9,36,0,5.63,250,83,472,2040
2001-05-17T22:00,10,37,0,5.41,254,57,429,1895
2001-05-17T23:00,9.6,38,0,5.26,256,57,491,1840
2001-05-18T00:00,8.9,40,0,4.83,257,30,418,1770
2001-05-18T01:00,7.9,43,0,4.56,255,33,304,1670
2001-05-18T02:00,6.7,48,0,3.76,253,35,172,1470
2001-05-18T03:00,5.3,54,0,3.16,252,39,49,1230
2001-05-18T04:00,3.7,60,0,2.62,252,27,1,640
2001-05-18T05:00,2.4,66,0,2.44,251,27,0,455
2001-05-18T06:00,1.6,69,0,2.55,244,27,0,265
2001-05-18T07:00,1.2,69,0,2.78,240,19,0,220
2001-05-18T08:00,1,68,0,3.14,239,21,0,240
2001-05-18T09:00,1,67,0,3.18,242,35,0,280
2001-05-18T10:00,1,67,0,3,240,33,0,160
2001-05-18T11:00,1,69,0,2.8,235,35,0,125
2001-05-18T12:00,0.7,72,0,2.39,237,38,0,80
2001-05-18T13:00,1.1,75,0,1.5,270,45,28,140
2001-05-18T14:00,3.1,66,0,1.2,318,43,121,770
2001-05-18T15:00,4.1,57,0.1,1.34,297,26,275,1275
2001-05-18T16:00,5.3,51,0,1.58,252,20,442,1840
2001-05-18T17:00,6.5,43,0,3.06,259,13,569,2225
2001-05-18T18:00,7.3,37,0,4.6,269,33,588,2400
2001-05-18T19:00,7.3,33,0,5.2,272,28,676,2430
2001-05-18T20:00,7.7,30,0,6.14,277,53,713,2495
2001-05-18T21:00,8.2,29,0,6.01,273,64,555,2620
2001-05-18T22:00,8.4,30,0,5.81,274,64,460,2480
2001-05-18T23:00,8.5,30,0,5.71,273,79,406,2435
2001-05-19T00:00,8.2,31,0,5.4,272,88,287,2270
2001-05-19T01:00,7.7,34,0,4.92,265,99,247,1905
2001-05-19T02:00,6.4,41,0,4,257,63,51,1590
2001-05-19T03:00,5,48,0,3.45,248,7,28,1070
2001-05-19T04:00,3.4,55,0,3.02,236,46,1,580
2001-05-19T05:00,2.1,61,0,2.84,231,99,0,430
2001-05-19T06:00,1.2,67,0,2.9,224,100,0,370
2001-05-19T07:00,1.8,61,0,2.97,222,100,0,345
2001-05-19T08:00,1.9,62,0,2.84,219,100,0,315
2001-05-19T09:00,1.8,63,0,2.52,214,89,0,245
2001-05-19T10:00,1.5,66,0,2.46,207,75,0,195
2001-05-19T11:00,0.8,70,0,2.37,208,60,0,125
2001-05-19T12:00,0.3,72,0,2.44,215,50,0,165
2001-05-19T13:00,1.1,72,0,3.04,224,62,20,560
2001-05-19T14:00,3.3,67,0.1,3.05,229,94,83,895
2001-05-19T15:00,5,60,0,4.03,247,91,110,1180
2001-05-19T16:00,6.8,48,0,4.6,271,79,285,1610
2001-05-19T17:00,6.2,45,0.4,5.1,298,85,311,1775
2001-05-19T18:00,4.3,56,1.1,4.64,323,72,252,1640
2001-05-19T19:00,3.5,68,0.3,4.29,332,79,328,1475
2001-05-19T20:00,4.7,66,0.2,3.28,329,79,230,2240
2001-05-19T21:00,5.6,58,0.2,4.43,295,70,310,3195
2001-05-19T22:00,4.4,43,0.3,6.4,295,75,501,2490
2001-05-19T23:00,4.4,32,0.2,6.75,295,62,407,2480
2001-05-20T00:00,3.8,27,0,6.4,297,66,198,2605
2001-05-20T01:00,3.3,29,0,6.31,299,72,251,2385
2001-05-20T02:00,2.6,34,0,5.24,299,82,87,2005
2001-05-20T03:00,1.6,41,0,4.14,290,66,24,1720
2001-05-20T04:00,0.4,46,0,3.77,281,67,1,1225
2001-05-20T05:00,-0.2,48,0,3.63,278,95,0,965
2001-05-20T06:00,-0.4,50,0,3.86,287,98,0,1285
2001-05-20T07:00,-1,52,0,4.25,294,92,0,1440
2001-05-20T08:00,-1.4,59,0.4,4.39,300,73,0,1320
2001-05-20T09:00,-1.3,57,0,4.58,302,49,0,1360
2001-05-20T10:00,-1.3,56,0,4.63,303,42,0,1400
2001-05-20T11:00,-1.5,56,0,4.12,299,31,0,1210
2001-05-20T12:00,-1.7,56,0,3.62,294,39,0,875
2001-05-20T13:00,-1.2,58,0,3.23,292,42,30,845
2001-05-20T14:00,0.3,55,0,2.92,292,39,116,1320
2001-05-20T15:00,2.3,45,0,4.22,306,29,278,1670
2001-05-20T16:00,3.7,40,0,5.88,318,56,431,1815
2001-05-20T17:00,4.6,37,0,5.81,319,47,406,1955
2001-05-20T18:00,5.6,35,0,5.52,318,75,473,2295
2001-05-20T19:00,6.3,32,0.1,5.37,315,61,633,2300
2001-05-20T20:00,7.1,31,0,5.24,312,72,545,2380
2001-05-20T21:00,7.8,30,0,5.06,308,96,508,2655
2001-05-20T22:00,8.3,29,0,5.28,307,99,578,2700
2001-05-20T23:00,8.2,29,0,4.8,306,95,377,2495
2001-05-21T00:00,7.7,30,0,4.38,305,100,241,2430
2001-05-21T01:00,7.1,31,0,4.39,300,98,173,2325
2001-05-21T02:00,6.1,36,0,3.36,293,68,132,1730
2001-05-21T03:00,4.2,43,0,2.73,278,63,56,450
2001-05-21T04:00,2.3,48,0,2.83,262,69,3,160
2001-05-21T05:00,1.1,51,0,3.08,257,100,0,185
2001-05-21T06:00,0.6,52,0,3.2,256,0,0,190
2001-05-21T07:00,0,53,0,3.1,255,0,0,130
2001-05-21T08:00,-0.5,55,0,2.94,252,0,0,100
2001-05-21T09:00,-1,56,0,2.79,249,0,0,80
2001-05-21T10:00,-1.3,57,0,2.97,250,0,0,85
2001-05-21T11:00,-1.6,58,0,2.79,249,33,0,75
2001-05-21T12:00,-1.4,56,0,2.82,247,67,0,75
2001-05-21T13:00,0,56,0,2.68,243,60,24,105
2001-05-21T14:00,2.2,53,0,2.24,243,24,74,205
2001-05-21T15:00,4.8,47,0,2.44,251,30,213,450
2001-05-21T16:00,7.2,43,0,2.53,261,70,386,955
2001-05-21T17:00,9.3,42,0,2.8,272,70,544,1435
2001-05-21T18:00,11.2,41,0,3.26,288,86,672,1795
2001-05-21T19:00,12.1,41,0,3.86,287,97,435,1795
2001-05-21T20:00,11.2,44,0,3.44,278,93,149,1395
2001-05-21T21:00,10.8,46,0,3.21,274,83,184,1260
2001-05-21T22:00,11.3,46,0,2.98,284,79,196,1830
2001-05-21T23:00,12.1,45,0,3.45,287,64,313,2100
2001-05-22T00:00,12.1,47,0,4.05,290,61,256,1855
2001-05-22T01:00,11.1,53,0.2,3.07,289,50,237,1480
2001-05-22T02:00,10.1,57,0,2.06,293,44,127,870
2001-05-22T03:00,8.1,66,0,1.43,295,44,39,225
2001-05-22T04:00,6.2,73,0,1.26,288,74,2,70
2001-05-22T05:00,5.1,77,0,1.24,284,77,0,45
2001-05-22T06:00,4,80,0,1.49,250,82,0,35
2001-05-22T07:00,4,81,0,1.61,240,76,0,40
2001-05-22T08:00,3.5,82,0,1.7,242,51,0,40
2001-05-22T09:00,2.6,84,0,1.97,240,12,0,40
2001-05-22T10:00,1.6,86,0,2.08,235,3,0,45
2001-05-22T11:00,0.9,87,0,2.22,234,2,0,45
2001-05-22T12:00,0.5,87,0,2.36,234,1,0,45
2001-05-22T13:00,1.7,84,0,2.41,228,0,43,55
2001-05-22T14:00,5.3,75,0,1.78,218,2,160,125
2001-05-22T15:00,9.3,62,0,1.75,204,1,300,270
2001-05-22T16:00,12.4,53,0,1.71,201,0,447,530
2001-05-22T17:00,14.9,47,0,1.72,216,3,596,1015
2001-05-22T18:00,16.7,39,0,1.84,241,10,707,1575
2001-05-22T19:00,17.8,35,0,2.18,254,0,722,2010
2001-05-22T20:00,18.7,31,0,2.82,264,7,782,2230
2001-05-22T21:00,19.3,29,0,3.31,267,2,758,2230
2001-05-22T22:00,19.4,28,0,3.91,273,0,733,2575
2001-05-22T23:00,19.1,29,0,4,270,3,639,2365
2001-05-23T00:00,18.6,31,0,3.82,264,9,516,1940
2001-05-23T01:00,17.7,35,0,3.35,253,6,361,1335
2001-05-23T02:00,16,44,0,2.73,242,8,207,585
2001-05-23T03:00,13.4,53,0,2.25,238,7,72,75
2001-05-23T04:00,10.3,61,0,2.46,243,0,4,30
2001-05-23T05:00,8.2,67,0,2.64,245,0,0,30
2001-05-23T06:00,6.6,72,0,2.68,243,0,0,35
2001-05-23T07:00,5.9,74,0,2.68,243,9,0,35
2001-05-23T08:00,5.2,76,0,2.59,242,22,0,35
2001-05-23T09:00,4.7,77,0,2.73,242,30,0,35
2001-05-23T10:00,4.2,78,0,2.87,241,91,0,35
2001-05-23T11:00,3.9,79,0,2.87,241,95,0,35
2001-05-23T12:00,3.6,80,0,2.95,242,79,0,35
2001-05-23T13:00,5.1,78,0,2.95,242,81,39,35
2001-05-23T14:00,8.8,72,0,2.69,239,89,130,50
2001-05-23T15:00,13.7,64,0,1.94,235,91,228,90
2001-05-23T16:00,17.4,47,0,1.56,225,80,310,790
2001-05-23T17:00,19.4,36,0,2.56,231,57,463,1650
2001-05-23T18:00,20.6,32,0,2.78,240,30,615,2140
2001-05-23T19:00,21.4,29,0,2.69,239,48,778,2435
2001-05-23T20:00,22,27,0,2.88,236,51,762,2690
2001-05-23T21:00,22.4,26,0,3.14,239,41,751,2745
2001-05-23T22:00,22.5,25,0,3.42,249,24,703,3065
2001-05-23T23:00,22.3,26,0,3.65,261,75,625,2905
2001-05-24T00:00,21.7,28,0,2.72,264,87,411,2100
2001-05-24T01:00,20.6,36,0,1.02,259,89,242,945
2001-05-24T02:00,19.2,57,0,0.36,146,96,134,55
2001-05-24T03:00,17.4,61,0,1.08,158,93,26,45
2001-05-24T04:00,15.3,59,0,1.3,180,100,1,35
2001-05-24T05:00,13.1,60,0,1.36,216,95,0,30
2001-05-24T06:00,10.8,66,0,1.84,229,85,0,20
2001-05-24T07:00,8.9,72,0,2.22,234,69,0,20
2001-05-24T08:00,8,72,0,2.52,236,58,0,20
2001-05-24T09:00,7.6,69,0,2.75,237,46,0,25
2001-05-24T10:00,7.2,67,0,3,240,56,0,35
2001-05-24T11:00,6.5,67,0,2.87,241,71,0,35
2001-05-24T12:00,6.3,67,0,2.82,243,84,1,35
2001-05-24T13:00,7.8,67,0,2.77,244,86,33,35
2001-05-24T14:00,11.3,65,0,2.51,247,77,119,45
2001-05-24T15:00,15.8,59,0,1.68,253,80,242,100
2001-05-24T16:00,19.7,40,0,1.26,252,83,378,320
2001-05-24T17:00,21.2,32,0,0.81,263,81,495,1380
2001-05-24T18:00,21.4,32,0.3,0.22,63,84,561,1690
2001-05-24T19:00,20.2,37,0.2,0.8,90,89,479,1915
2001-05-24T20:00,20.5,38,0.3,1.24,104,87,640,2210
2001-05-24T21:00,19.2,43,0,1.12,100,73,376,2285
2001-05-24T22:00,17.1,56,0.6,1.44,34,90,359,715
2001-05-24T23:00,16.4,61,0.7,2.51,29,85,273,705
2001-05-25T00:00,16.5,58,0.1,2.58,36,96,230,725
2001-05-25T01:00,16.3,59,0.1,1.65,14,99,147,510
2001-05-25T02:00,15.4,66,0,1.33,13,100,38,225
2001-05-25T03:00,14.2,71,0,1.17,329,100,3,115
2001-05-25T04:00,12.3,77,0.6,1.4,274,98,0,55
2001-05-25T05:00,10.4,85,0.2,1.1,270,98,0,30
2001-05-25T06:00,9.7,88,0,1.49,318,99,0,50
2001-05-25T07:00,7.8,99,0.4,2.33,329,93,0,155
2001-05-25T08:00,7.5,100,0.9,2.16,326,100,0,185
2001-05-25T09:00,7.5,100,1,2.27,319,100,0,230
2001-05-25T10:00,7.3,100,1.1,2.56,321,100,0,235
2001-05-25T11:00,7.1,100,1.1,3.08,306,96,0,285
2001-05-25T12:00,6.7,100,0.8,2.96,282,95,0,215
2001-05-25T13:00,6.9,98,0,2.8,268,91,7,155
2001-05-25T14:00,7.8,95,0,2.33,280,75,70,240
2001-05-25T15:00,9.7,80,0,2.5,323,27,203,940
2001-05-25T16:00,11,67,0,3.01,354,23,343,1325
2001-05-25T17:00,12.3,56,0,2.9,358,41,440,1600
2001-05-25T18:00,13.2,50,0,2.71,4,46,424,1825
2001-05-25T19:00,14.8,38,0,2.5,16,68,466,2135
2001-05-25T20:00,15.8,35,0,2.19,24,99,553,2455
2001-05-25T21:00,16.5,34,0,1.98,41,100,502,2575
2001-05-25T22:00,16.4,34,0,2.14,53,99,261,2275
2001-05-25T23:00,16.1,36,0,1.99,72,99,287,2280
2001-05-26T00:00,15.6,38,0,2.4,90,92,178,1855
2001-05-26T01:00,14.8,41,0,2.63,99,50,129,1500
2001-05-26T02:00,13.9,48,0,2.67,103,11,141,690
2001-05-26T03:00,12.3,55,0,2.53,108,23,61,295
2001-05-26T04:00,10.7,58,0,2.16,124,46,4,195
2001-05-26T05:00,9.9,60,0,2.28,142,20,0,130
2001-05-26T06:00,9,62,0,2.33,149,20,0,110
2001-05-26T07:00,8.6,63,0,2.34,160,35,0,90
2001-05-26T08:00,7.8,67,0,2.32,173,2,0,80
2001-05-26T09:00,6.6,73,0,1.8,183,15,0,60
2001-05-26T10:00,5.4,77,0,1.14,218,4,0,30
2001-05-26T11:00,4.2,81,0,1.27,225,3,0,20
2001-05-26T12:00,3,86,0,1.44,236,36,1,15
2001-05-26T13:00,3.7,90,0,1.44,236,22,37,20
2001-05-26T14:00,8.5,74,0,0.5,217,36,137,100
2001-05-26T15:00,11.5,59,0,1.08,112,40,281,425
2001-05-26T16:00,13,55,0,1.99,108,13,435,890
2001-05-26T17:00,14.1,50,0.1,2.33,115,20,606,1310
2001-05-26T18:00,15.1,48,0,2.61,122,25,630,1605
2001-05-26T19:00,15.9,47,0,2.83,122,58,748,1945
2001-05-26T20:00,16.5,48,0,3.05,122,82,659,2115
2001-05-26T21:00,16.7,49,0,3.41,122,97,608,2255
2001-05-26T22:00,15.7,55,0.6,4,122,95,372,1335
2001-05-26T23:00,13.3,67,1.4,3.82,137,100,315,1270
2001-05-27T00:00,14.3,60,0,3.7,128,95,264,1045
2001-05-27T01:00,14.2,59,0.2,3.92,128,80,198,1190
2001-05-27T02:00,13.7,61,0,4.03,134,46,159,1175
2001-05-27T03:00,12.2,67,0,3.42,142,30,50,730
2001-05-27T04:00,10.9,72,0,2.52,146,7,4,220
2001-05-27T05:00,9.7,78,0,2.31,162,5,0,130
2001-05-27T06:00,8.6,83,0,2.06,166,1,0,135
2001-05-27T07:00,8,83,0,2.5,164,2,0,220
2001-05-27T08:00,7.5,84,0,2.82,163,22,0,270
2001-05-27T09:00,6.4,89,0,2.67,167,54,0,260
2001-05-27T10:00,5.2,93,0,2.53,189,87,0,200
2001-05-27T11:00,4.6,95,0,2.4,197,88,0,150
2001-05-27T12:00,4,95,0,2.38,202,96,1,145
2001-05-27T13:00,4.8,92,0,2.31,198,96,33,175
2001-05-27T14:00,7.9,83,0,2.3,182,87,137,245
2001-05-27T15:00,11.1,72,0,2.82,163,98,256,370
2001-05-27T16:00,13.6,62,0,3.54,151,94,387,610
2001-05-27T17:00,15.6,54,0,4.33,146,92,512,835
2001-05-27T18:00,16.8,50,0,4.83,146,93,568,1205
2001-05-27T19:00,18.4,45,0,5.19,146,95,741,1640
2001-05-27T20:00,19.3,43,0,5.41,146,88,751,1870
2001-05-27T21:00,19.6,43,0,5.5,143,74,752,2085
2001-05-27T22:00,19.9,43,0,5.33,146,56,722,2270
2001-05-27T23:00,18.5,46,1.1,5.39,149,58,627,1920
2001-05-28T00:00,16.6,57,0.1,4.66,157,93,277,1650
2001-05-28T01:00,16.6,55,0,3.85,155,95,86,1635
2001-05-28T02:00,16.3,55,0,3.86,143,65,155,1415
2001-05-28T03:00,15.1,56,0,3.72,144,70,56,890
2001-05-28T04:00,13.6,57,0,3.18,152,68,4,500
2001-05-28T05:00,12.8,58,0,3.31,155,63,0,455
2001-05-28T06:00,11.9,60,0,3.67,151,59,0,600
2001-05-28T07:00,11.6,59,0,3.94,153,15,0,605
2001-05-28T08:00,10.7,60,0,3.89,154,10,0,450
2001-05-28T09:00,9.9,62,0,3.9,157,3,0,405
2001-05-28T10:00,9.2,63,0,3.96,159,3,0,400
2001-05-28T11:00,8.5,65,0,3.89,162,4,0,375
2001-05-28T12:00,7.8,67,0,3.47,168,14,1,315
2001-05-28T13:00,8.2,69,0,3.16,169,30,48,295
2001-05-28T14:00,10.5,65,0,2.91,164,64,138,405
2001-05-28T15:00,12.9,57,0,3.23,158,89,239,605
2001-05-28T16:00,14.9,54,0,4.12,166,53,393,1090
2001-05-28T17:00,16.2,50,0,4.72,175,27,449,1655
2001-05-28T18:00,17.2,44,0,5.12,184,37,596,2005
2001-05-28T19:00,17.1,40,0.2,4.94,187,68,512,2370
2001-05-28T20:00,16.6,45,0.5,5.51,177,99,381,1760
2001-05-28T21:00,16,44,0.5,4.9,179,95,293,1945
2001-05-28T22:00,16.7,39,0,4.54,172,81,307,2205
2001-05-28T23:00,16.9,36,0,4.59,164,40,378,1960
2001-05-29T00:00,16.9,36,0,4.47,170,28,477,2110
2001-05-29T01:00,16.2,37,0,4.6,179,61,298,2150
2001-05-29T02:00,15.1,41,0,3.41,183,76,165,1905
2001-05-29T03:00,13.1,47,0,2.75,190,95,35,395
2001-05-29T04:00,11.2,51,0,2.79,201,95,5,240
2001-05-29T05:00,9.7,53,0,3.18,208,93,0,315
2001-05-29T06:00,8.7,55,0,3.36,210,69,0,540
2001-05-29T07:00,7.9,56,0,3.22,216,91,0,555
2001-05-29T08:00,6.8,59,0,3.2,219,84,0,610
2001-05-29T09:00,6,62,0,3.06,218,65,0,540
2001-05-29T10:00,5.1,64,0,3.14,202,23,0,445
2001-05-29T11:00,4.5,64,0,3.86,217,17,0,745
2001-05-29T12:00,3.9,61,0,4.79,247,15,1,890
2001-05-29T13:00,3.5,58,0.2,5.01,267,32,34,1005
2001-05-29T14:00,3.3,53,0,4.8,268,100,112,1155
2001-05-29T15:00,3.3,51,0,4.53,264,100,59,1255
2001-05-29T16:00,3,52,0.1,4.65,261,100,11,1220
2001-05-29T17:00,3.5,49,0.2,5.06,261,100,22,1300
2001-05-29T18:00,4.4,45,0.2,5.52,265,100,39,1525
2001-05-29T19:00,5.2,40,0.1,6.23,276,100,62,1910
2001-05-29T20:00,5.5,38,0,5.73,276,100,68,1915
2001-05-29T21:00,6.2,36,0,5.74,277,100,118,1890
2001-05-29T22:00,6.2,35,0,5.89,285,100,74,1780
2001-05-29T23:00,6.5,34,0,5.73,286,100,103,1965
2001-05-30T00:00,6.4,35,0,5.51,282,100,107,1975
2001-05-30T01:00,5.9,37,0,5.46,278,100,56,1875
2001-05-30T02:00,5.3,40,0,5,268,99,39,1660
2001-05-30T03:00,4.5,46,0,4.33,251,100,17,1395
2001-05-30T04:00,3.7,50,0,4.55,251,100,1,1170
2001-05-30T05:00,3.3,53,0,4.59,250,100,0,1095
2001-05-30T06:00,3.2,54,0,4.78,250,100,0,1060
2001-05-30T07:00,3.1,55,0,4.9,250,100,0,1025
2001-05-30T08:00,3.1,55,0,5.13,249,96,0,975
2001-05-30T09:00,2.9,55,0,5.31,250,87,0,900
2001-05-30T10:00,2.5,55,0,5.7,248,41,0,775
2001-05-30T11:00,2.3,55,0,5.89,249,4,0,740
2001-05-30T12:00,2.1,56,0,5.91,251,10,1,710
2001-05-30T13:00,2.8,55,0,5.82,254,4,55,735
2001-05-30T14:00,4.2,52,0,5.85,253,4,172,790
2001-05-30T15:00,5.9,47,0,6.48,257,5,348,940
2001-05-30T16:00,7.5,41,0,6.22,259,18,513,1220
2001-05-30T17:00,9.1,36,0,6,259,19,652,1575
2001-05-30T18:00,10.3,32,0,6.08,261,8,737,1840
2001-05-30T19:00,10.8,31,0,5.95,262,10,732,2015
2001-05-30T20:00,11.5,30,0,5.84,263,1,781,2085
2001-05-30T21:00,12.2,30,0,5.82,265,1,781,2170
2001-05-30T22:00,12.5,32,0,5.5,272,6,739,2205
2001-05-30T23:00,12.4,34,0,5.64,277,40,610,2190
2001-05-31T00:00,11.7,36,0,5.84,277,43,439,2100
2001-05-31T01:00,10.8,39,0,5.51,274,29,271,1720
2001-05-31T02:00,9.6,44,0,4.8,269,1,136,1380
2001-05-31T03:00,8.1,49,0,4.41,266,1,79,1025
2001-05-31T04:00,6.5,53,0,4.02,264,1,9,735
2001-05-31T05:00,5.5,56,0,3.77,259,3,0,545
2001-05-31T06:00,4.5,61,0,3.42,255,11,0,395
2001-05-31T07:00,4,63,0,3.26,252,13,0,230
2001-05-31T08:00,3.5,66,0,3.2,250,10,0,170
2001-05-31T09:00,3.2,68,0,3.29,250,7,0,155
2001-05-31T10:00,2.9,71,0,3.42,249,18,0,160
2001-05-31T11:00,2.7,73,0,3.42,249,17,0,155
2001-05-31T12:00,2.7,74,0,3.32,249,21,1,145
2001-05-31T13:00,3.9,73,0,3.2,250,16,45,160
2001-05-31T14:00,6.7,66,0,2.72,253,14,140,285
2001-05-31T15:00,9.4,58,0,2.72,264,54,251,1285
2001-05-31T16:00,11.4,49,0,3.86,291,92,411,1595
2001-05-31T17:00,13,42,0,4.25,300,97,440,1880
2001-05-31T18:00,14.1,39,0,4.05,303,99,334,2060
2001-05-31T19:00,14.8,39,0,3.8,305,97,262,2150
2001-05-31T20:00,15.6,38,0,3.69,303,99,319,2260
2001-05-31T21:00,15.7,38,0,3.44,296,97,178,2195
2001-05-31T22:00,15.7,39,0,2.78,300,98,220,1870
2001-05-31T23:00,16.3,39,0,2.52,304,97,264,1975
2001-06-01T00:00,16.4,38,0,1.97,300,95,286,1870
2001-06-01T01:00,16.2,39,0,1.48,298,89,208,1745
2001-06-01T02:00,15.2,46,0,0.32,18,95,152,315
2001-06-01T03:00,13.8,51,0,0.67,117,100,53,110
2001-06-01T04:00,10.7,73,0,1.2,138,97,3,100
2001-06-01T05:00,9.6,69,0,1.53,169,95,0,85
2001-06-01T06:00,8.2,70,0,1.91,186,96,0,75
2001-06-01T07:00,7.6,71,0,1.73,190,93,0,70
2001-06-01T08:00,5.9,77,0,1.87,196,84,0,65
2001-06-01T09:00,4.4,83,0,1.97,204,87,0,60
2001-06-01T10:00,3.7,84,0,2.11,211,90,0,60
2001-06-01T11:00,3.3,84,0,2.08,215,89,0,50
2001-06-01T12:00,3.2,84,0,2.14,217,76,1,50
2001-06-01T13:00,4.8,80,0,2.16,214,74,39,75
2001-06-01T14:00,8.5,72,0,1.84,193,92,136,150
2001-06-01T15:00,12.5,57,0,2.28,165,97,296,320
2001-06-01T16:00,14.8,48,0,3.09,151,94,384,625
2001-06-01T17:00,16.3,42,0,4.19,147,99,465,1020
2001-06-01T18:00,17.4,38,0,4.88,145,99,533,1360
2001-06-01T19:00,17.9,37,0,5.38,145,97,560,1600
2001-06-01T20:00,18.6,36,0,5.66,144,97,569,1805
2001-06-01T21:00,19,36,0,5.88,145,97,520,1980
2001-06-01T22:00,19.2,35,0,5.98,142,97,515,1990
2001-06-01T23:00,19.2,35,0,6.22,143,99,442,2035
2001-06-02T00:00,18.2,38,0,5.66,138,100,114,1760
2001-06-02T01:00,16.6,45,0.1,5.45,136,99,11,1480
2001-06-02T02:00,15.9,46,0,5.23,135,93,62,1430
2001-06-02T03:00,14.6,47,0,4.97,130,97,42,1250
2001-06-02T04:00,13.4,48,0,5.17,133,100,1,1200
2001-06-02T05:00,12.5,49,0,5.81,139,100,0,1370
2001-06-02T06:00,12,51,0,6.06,142,78,0,1180
2001-06-02T07:00,11,58,0,5.42,157,71,0,1025
2001-06-02T08:00,10.2,65,0.1,4.43,162,86,0,730
2001-06-02T09:00,9.5,71,0,3.83,160,87,0,440
2001-06-02T10:00,8.6,77,0,3.03,172,62,0,285
2001-06-02T11:00,7.9,80,0,2.91,196,80,0,275
2001-06-02T12:00,7.4,77,0,3.28,218,89,1,285
2001-06-02T13:00,7.7,72,0,3.58,234,91,22,615
2001-06-02T14:00,8.7,63,0,3.76,245,92,63,800
2001-06-02T15:00,9.3,53,0,3.93,255,90,128,885
2001-06-02T16:00,10.5,43,0,3.32,254,95,314,1085
2001-06-02T17:00,11.6,38,0,2.72,253,95,437,1455
2001-06-02T18:00,12.7,34,0,2.44,251,95,565,1940
2001-06-02T19:00,13.4,31,0,2.51,247,90,549,2325
2001-06-02T20:00,13.8,30,0,2.28,241,65,614,2480
2001-06-02T21:00,14.3,28,0,1.72,234,74,697,2660
2001-06-02T22:00,14.1,28,0,1.36,253,87,520,2635
2001-06-02T23:00,13.7,29,0,0.89,207,92,404,2510
2001-06-03T00:00,13.3,31,0,0.51,191,97,235,2325
2001-06-03T01:00,12.1,35,0,0.51,11,89,38,2055
2001-06-03T02:00,10.6,45,0.4,2,3,75,74,1315
2001-06-03T03:00,9.1,57,0.2,2.53,351,85,28,1025
2001-06-03T04:00,7.4,65,0.6,2.02,340,88,5,575
2001-06-03T05:00,6.3,68,0,1.7,320,86,0,350
2001-06-03T06:00,5.4,66,0,1.56,320,74,0,250
2001-06-03T07:00,5,64,0,2.27,311,72,0,375
2001-06-03T08:00,4.6,62,0,2.69,315,62,0,545
2001-06-03T09:00,4.1,62,0,2.62,317,66,0,525
2001-06-03T10:00,3.7,63,0,2.33,317,84,0,470
2001-06-03T11:00,3.4,64,0,2.34,320,97,0,390
2001-06-03T12:00,3.7,65,0,2.41,318,95,0,570
2001-06-03T13:00,4,65,0,2.64,323,99,16,695
2001-06-03T14:00,4.3,67,0,2.97,327,100,24,700
2001-06-03T15:00,5,69,0,3.62,332,96,38,690
2001-06-03T16:00,5.4,70,0,4.25,336,97,38,715
2001-06-03T17:00,6.5,68,0.1,3.96,339,99,194,800
2001-06-03T18:00,7.3,64,0.1,3.99,338,91,189,955
2001-06-03T19:00,7.2,63,0,3.96,344,96,118,1205
2001-06-03T20:00,7.7,63,0,4.11,356,98,132,960
2001-06-03T21:00,7.9,65,0.7,4.5,357,96,134,965
2001-06-03T22:00,8.4,64,0.1,4.72,5,88,238,975
2001-06-03T23:00,8.4,64,0.1,5.01,3,92,172,910
2001-06-04T00:00,8.5,64,0,4.9,360,100,213,865
2001-06-04T01:00,8,66,0,4.7,360,99,29,880
2001-06-04T02:00,7.2,72,0.1,4,3,99,17,870
2001-06-04T03:00,6.2,80,0.3,4,357,100,2,810
2001-06-04T04:00,5.5,86,0.3,3.61,346,100,0,715
2001-06-04T05:00,5,91,0.4,3.4,336,100,0,595
2001-06-04T06:00,4.5,100,0.5,3.31,335,100,0,525
2001-06-04T07:00,4.4,100,1.1,2.88,340,100,0,425
2001-06-04T08:00,4.4,100,1.4,2.91,344,100,0,320
2001-06-04T09:00,4.4,100,1.2,2.31,355,100,0,190
2001-06-04T10:00,4.6,100,1.1,2.12,8,100,0,170
2001-06-04T11:00,4.7,100,1,2.28,23,100,0,225
2001-06-04T12:00,4.7,100,1,2.61,32,100,0,270
2001-06-04T13:00,5,100,1,3.54,45,100,0,460
2001-06-04T14:00,4.9,100,1.3,3.69,57,100,0,570
2001-06-04T15:00,5.9,100,0.6,3.66,55,100,39,850
2001-06-04T16:00,6,100,0.7,3.52,55,100,20,870
2001-06-04T17:00,6.4,96,0.5,3.18,62,100,39,860
2001-06-04T18:00,7.1,95,0.6,3.61,71,100,54,655
2001-06-04T19:00,6,99,0.7,3.82,84,100,0,620
2001-06-04T20:00,5.7,100,0.6,4.14,98,100,0,500
2001-06-04T21:00,5.6,100,0.5,2.98,104,100,0,700
2001-06-04T22:00,7.5,98,0.4,2.43,99,100,84,960
2001-06-04T23:00,8.9,92,0.3,2.82,107,100,202,790
2001-06-05T00:00,9.7,91,0.4,2.94,100,99,186,985
2001-06-05T01:00,9,92,0.6,3.13,97,99,98,790
2001-06-05T02:00,7.6,94,0.5,3.34,99,99,44,725
2001-06-05T03:00,6.5,98,0.7,3.01,111,100,15,460
2001-06-05T04:00,6,100,0.9,2.01,117,100,1,290
2001-06-05T05:00,5.9,100,1.2,1.68,107,100,0,200
2001-06-05T06:00,5.9,100,0.8,1.73,100,100,0,240
2001-06-05T07:00,5.8,100,0.6,2.32,97,100,0,315
2001-06-05T08:00,5.8,100,1,2.98,104,100,0,400
2001-06-05T09:00,5.8,100,0.7,3.31,115,100,0,430
2001-06-05T10:00,5.7,100,0.5,3.41,122,100,0,450
2001-06-05T11:00,5.6,100,0.3,3.19,122,100,0,465
2001-06-05T12:00,5.6,100,0.2,3.36,120,100,0,520
2001-06-05T13:00,5.6,100,0.2,3.81,120,100,0,575
2001-06-05T14:00,5.7,100,0.3,4.25,120,100,4,645
2001-06-05T15:00,5.7,100,0.5,4.13,122,100,1,745
2001-06-05T16:00,6,100,0.6,3.83,123,100,6,755
2001-06-05T17:00,6.2,100,0.6,3.52,125,100,16,720
2001-06-05T18:00,6.1,96,0.6,3.19,122,100,53,795
2001-06-05T19:00,7.1,95,0.5,3.31,119,100,31,1020
2001-06-05T20:00,7.7,92,0.6,3.5,127,100,111,885
2001-06-05T21:00,7.9,93,0.6,3.36,127,100,135,910
2001-06-05T22:00,7.9,93,0.5,3.06,128,100,87,835
2001-06-05T23:00,7.5,91,0.3,2.76,136,100,78,880
2001-06-06T00:00,7.5,87,0.2,2.62,137,99,106,905
2001-06-06T01:00,7.5,82,0.1,2.66,146,93,78,760
2001-06-06T02:00,7.2,80,0,2.84,141,85,60,660
2001-06-06T03:00,6.6,84,0,2.06,141,89,43,540
2001-06-06T04:00,5.7,89,0,2.12,135,94,4,425
2001-06-06T05:00,5,93,0,1.72,144,96,0,315
2001-06-06T06:00,4.3,96,0,1.61,150,99,0,175
2001-06-06T07:00,4.1,97,0,1.52,157,96,0,125
2001-06-06T08:00,3.9,98,0,1.49,160,100,0,110
2001-06-06T09:00,3.6,99,0,1.3,180,100,0,105
2001-06-06T10:00,3.1,99,0,1,186,100,0,55
2001-06-06T11:00,2.8,98,0,1.3,203,100,0,60
2001-06-06T12:00,2.5,98,0,1.61,210,99,0,70
2001-06-06T13:00,3.5,96,0,1.52,203,99,3,120
2001-06-06T14:00,5,89,0,1.6,184,98,40,195
2001-06-06T15:00,6.5,81,0,1.75,167,99,97,480
2001-06-06T16:00,7.3,77,0.1,1.57,153,100,44,710
2001-06-06T17:00,8.3,73,0.3,1.58,145,97,120,870
2001-06-06T18:00,10,68,0.2,1.77,137,97,262,1030
2001-06-06T19:00,11.8,75,0.3,1.72,126,99,468,1430
2001-06-06T20:00,12.6,74,0.5,1.84,119,100,365,1665
2001-06-06T21:00,11.3,73,1.4,1.64,128,99,197,1355
2001-06-06T22:00,11.5,71,0.6,0.6,180,97,231,1440
2001-06-06T23:00,10.8,76,1.2,0.89,243,96,99,1005
2001-06-07T00:00,9.8,83,1.2,0.81,263,96,53,815
2001-06-07T01:00,8.8,87,1.1,0.54,338,86,50,330
2001-06-07T02:00,8.6,91,0,0.41,346,81,35,145
2001-06-07T03:00,8.1,95,0,0.5,217,65,21,30
2001-06-07T04:00,7.1,94,0,1.42,231,48,5,35
2001-06-07T05:00,5.5,95,0,1.34,243,33,0,25
2001-06-07T06:00,3.9,94,0,1.93,249,4,0,25
2001-06-07T07:00,3.1,92,0,2.4,253,10,0,40
2001-06-07T08:00,2.6,92,0,2.91,254,17,0,70
2001-06-07T09:00,2.4,92,0,3.01,255,35,0,105
2001-06-07T10:00,2.2,92,0,2.97,250,52,0,115
2001-06-07T11:00,2.2,92,0,3.07,251,66,0,135
2001-06-07T12:00,2.2,92,0,3.16,252,71,2,155
2001-06-07T13:00,3,91,0,3.04,253,40,37,165
2001-06-07T14:00,4.8,83,0,2.6,254,4,116,205
2001-06-07T15:00,7.5,70,0,1.91,264,0,300,435
2001-06-07T16:00,9.6,53,0,1.92,298,39,465,1200
2001-06-07T17:00,11,45,0,1.79,297,39,546,1525
2001-06-07T18:00,12.2,38,0.1,1.82,279,52,624,1715
2001-06-07T19:00,12.4,38,0.2,1.8,270,55,447,1865
2001-06-07T20:00,13.3,34,0.2,1.7,270,59,564,2010
2001-06-07T21:00,13.7,33,0,2.1,273,73,573,2120
2001-06-07T22:00,13.8,32,0,2.1,295,91,539,2120
2001-06-07T23:00,13.8,32,0,2.1,295,78,426,2140
2001-06-08T00:00,13.4,34,0,2.1,295,73,390,2035
2001-06-08T01:00,12.9,36,0,2.15,292,81,266,2045
2001-06-08T02:00,12.2,42,0,1.52,293,40,207,1010
2001-06-08T03:00,11,54,0,0.54,292,9,94,195
2001-06-08T04:00,9.2,60,0,0.76,247,0,14,45
2001-06-08T05:00,7,66,0,1.04,253,0,0,25
2001-06-08T06:00,5.2,72,0,1.24,256,0,0,20
2001-06-08T07:00,3.5,78,0,1.68,253,0,0,20
2001-06-08T08:00,2.7,78,0,1.9,252,0,0,20
2001-06-08T09:00,2.3,77,0,1.99,252,0,0,25
2001-06-08T10:00,1.8,77,0,2.44,251,0,0,40
2001-06-08T11:00,1.3,78,0,2.47,249,0,0,40
2001-06-08T12:00,1.1,79,0,2.38,248,39,3,35
2001-06-08T13:00,2.6,79,0,2.33,245,100,61,40
2001-06-08T14:00,6.6,73,0,1.61,240,97,149,100
2001-06-08T15:00,9.9,51,0,0.92,221,78,297,445
2001-06-08T16:00,11.6,43,0,1.24,166,98,464,1285
2001-06-08T17:00,13,38,0,1.43,168,100,509,1690
2001-06-08T18:00,14.3,36,0,1.41,172,100,589,2020
2001-06-08T19:00,15.6,30,0,1.55,195,100,663,2580
2001-06-08T20:00,16.4,28,0,1.4,176,100,432,2785
2001-06-08T21:00,16.6,28,0,1.53,169,98,249,2870
2001-06-08T22:00,16.5,29,0,1.3,180,98,276,2665
2001-06-08T23:00,16.5,29,0,1.63,191,98,343,2745
2001-06-09T00:00,16.1,30,0,1.84,193,79,229,2495
2001-06-09T01:00,15.5,34,0,1.58,198,76,120,2410
2001-06-09T02:00,14.6,44,0,1.14,165,55,114,175
2001-06-09T03:00,13.3,55,0,1.66,155,44,73,100
2001-06-09T04:00,11.4,60,0,2.32,173,32,14,105
2001-06-09T05:00,9.7,63,0,2.26,193,3,0,85
2001-06-09T06:00,8.2,67,0,2.06,209,1,0,60
2001-06-09T07:00,6.2,75,0,1.84,225,0,0,30
2001-06-09T08:00,4.7,80,0,1.8,236,0,0,25
2001-06-09T09:00,3.9,81,0,1.97,240,5,0,25
2001-06-09T10:00,3.4,80,0,2.34,250,10,0,30
2001-06-09T11:00,2.9,79,0,2.44,251,20,0,30
2001-06-09T12:00,2.9,77,0,2.4,253,48,3,30
2001-06-09T13:00,4.8,75,0,2.21,252,76,52,35
2001-06-09T14:00,8.8,71,0,1.49,250,82,154,45
2001-06-09T15:00,12.8,49,0,0.73,254,20,310,500
2001-06-09T16:00,14.3,40,0,0.82,194,41,470,1310
2001-06-09T17:00,15.3,36,0,1.4,176,50,534,1915
2001-06-09T18:00,15.9,35,0,1.75,167,53,476,2415
2001-06-09T19:00,16.3,38,0,2.18,164,74,549,2785
2001-06-09T20:00,16.6,38,0,2.71,176,74,553,2820
2001-06-09T21:00,15.1,47,0.7,2.86,192,86,461,2285
2001-06-09T22:00,13.6,55,1.2,2.39,213,90,405,1020
2001-06-09T23:00,14.1,52,0,3.19,238,56,172,1530
2001-06-10T00:00,13.5,45,0,3.86,253,79,169,1550
2001-06-10T01:00,12.6,46,0,3.77,259,37,170,1135
2001-06-10T02:00,11.9,47,0,3.1,268,12,173,1135
2001-06-10T03:00,10.5,50,0,2.94,260,7,96,810
2001-06-10T04:00,8.6,53,0,2.89,256,3,16,525
2001-06-10T05:00,7.3,57,0,2.75,260,45,0,375
2001-06-10T06:00,6.2,62,0,2.12,251,95,0,90
2001-06-10T07:00,5,67,0,1.97,246,81,0,50
2001-06-10T08:00,4.8,68,0,2.06,247,67,0,50
2001-06-10T09:00,4.7,66,0,2.33,245,74,0,70
2001-06-10T10:00,4.2,66,0,2.01,243,99,0,55
2001-06-10T11:00,3.6,68,0,1.92,242,100,0,45
2001-06-10T12:00,3.6,69,0,1.89,238,100,1,45
2001-06-10T13:00,4,71,0,1.39,240,100,2,40
2001-06-10T14:00,4.6,74,0.1,0.81,240,100,0,55
2001-06-10T15:00,5.3,72,0.2,0.2,180,100,2,110
2001-06-10T16:00,5.8,68,0.2,0.63,108,100,13,145
2001-06-10T17:00,6.5,64,0.2,0.9,90,100,47,485
2001-06-10T18:00,8.1,61,0.2,0.85,69,100,163,475
2001-06-10T19:00,6,93,1.3,0.42,45,99,41,890
2001-06-10T20:00,5.7,96,0.9,1.12,297,99,4,825
2001-06-10T21:00,6.2,92,0.3,1.26,288,90,51,1175
2001-06-10T22:00,8.3,75,0.2,2.42,277,88,288,1355
2001-06-10T23:00,9.4,57,0,3.61,267,76,356,1445
2001-06-11T00:00,9.6,44,0,4.21,266,70,370,1325
2001-06-11T01:00,8.7,41,0,4.4,271,55,206,1440
2001-06-11T02:00,8,42,0,3.7,270,33,182,1340
2001-06-11T03:00,6.9,48,0,2.93,262,17,80,1005
2001-06-11T04:00,5.4,52,0,2.26,257,3,13,425
2001-06-11T05:00,3.9,58,0,2.26,257,0,0,270
2001-06-11T06:00,2.8,62,0,2.28,255,0,0,150
2001-06-11T07:00,1.7,66,0,2.33,245,0,0,80
2001-06-11T08:00,1.1,69,0,2.59,242,2,0,80
2001-06-11T09:00,0.7,70,0,2.82,243,4,0,100
2001-06-11T10:00,0.6,70,0,3.2,250,13,0,235
2001-06-11T11:00,0.6,70,0,3.38,251,8,0,245
2001-06-11T12:00,0.6,71,0,3.26,252,11,4,250
2001-06-11T13:00,1.7,70,0,3.13,253,19,60,295
2001-06-11T14:00,3.8,61,0,2.6,254,10,164,405
2001-06-11T15:00,5.8,49,0,2.33,260,8,295,705
2001-06-11T16:00,7.6,39,0,1.6,270,13,498,1550
2001-06-11T17:00,9.1,33,0,1.24,256,35,635,2090
2001-06-11T18:00,10,30,0,1.84,241,62,573,2420
2001-06-11T19:00,10.6,29,0.3,1.92,242,50,693,2190
2001-06-11T20:00,11.2,29,0,1.36,234,50,674,2300
2001-06-11T21:00,12.2,30,0,0.22,153,72,751,2685
2001-06-11T22:00,12.4,31,0,1.28,51,95,523,3000
2001-06-11T23:00,11.8,33,0,2.15,68,98,211,2765
2001-06-12T00:00,10.6,39,0.4,2.6,88,99,139,2075
2001-06-12T01:00,9.2,45,0.2,1.84,103,98,61,1160
2001-06-12T02:00,7.9,57,0.1,1.51,98,99,8,1135
2001-06-12T03:00,7,67,0.1,1.53,79,100,9,455
2001-06-12T04:00,5.7,74,0.5,1.66,65,100,0,210
2001-06-12T05:00,4.9,79,0.7,2.06,61,100,0,375
2001-06-12T06:00,3.6,99,0.5,2.19,66,100,0,390
2001-06-12T07:00,3.5,99,0.5,1.97,60,99,0,345
2001-06-12T08:00,3,99,0.4,1.84,41,92,0,270
2001-06-12T09:00,2.3,99,0.3,1.58,35,96,0,330
2001-06-12T10:00,2.1,100,0.4,1.44,34,97,0,220
2001-06-12T11:00,1.7,100,0.4,1.32,9,100,0,145
2001-06-12T12:00,1.8,100,0.4,1.81,354,100,0,130
2001-06-12T13:00,2.1,100,0.5,2,357,99,1,200
2001-06-12T14:00,2.3,97,0.6,2.24,10,100,2,285
2001-06-12T15:00,2.6,100,0.6,2.21,18,97,3,315
2001-06-12T16:00,2.8,92,0.5,2.25,32,97,12,320
2001-06-12T17:00,3.8,87,0.4,2.06,39,92,18,415
2001-06-12T18:00,5.1,81,0.3,2.13,49,89,109,645
2001-06-12T19:00,7.5,64,0.2,1.92,62,97,327,835
2001-06-12T20:00,8.4,59,0.1,1.93,69,100,288,1070
2001-06-12T21:00,9.5,57,0.3,1.84,68,100,453,1155
2001-06-12T22:00,9.7,58,0.2,1.58,55,100,364,1315
2001-06-12T23:00,9.9,58,0.1,1.49,42,99,390,1220
2001-06-13T00:00,9.9,58,0.2,1.86,36,85,302,1270
2001-06-13T01:00,9.1,62,0,1.2,42,80,134,750
2001-06-13T02:00,8.2,71,0.2,0.85,339,91,114,385
2001-06-13T03:00,7.6,80,0,1.4,270,93,65,140
2001-06-13T04:00,6.5,84,0,1.84,248,83,8,85
2001-06-13T05:00,4.9,89,0,2.18,254,91,0,65
2001-06-13T06:00,3.6,92,0,2.24,260,66,0,50
2001-06-13T07:00,2.4,89,0,2.24,260,34,0,45
2001-06-13T08:00,1.8,90,0,2.06,256,31,0,40
2001-06-13T09:00,1.2,90,0,1.87,254,13,0,35
2001-06-13T10:00,0.8,90,0,2.04,259,17,0,35
2001-06-13T11:00,0.5,90,0,2.26,257,15,0,35
2001-06-13T12:00,0.6,90,0,2.16,257,1,3,35
2001-06-13T13:00,2.5,90,0,1.94,258,2,63,40
2001-06-13T14:00,6.3,83,0,1.1,265,4,190,100
2001-06-13T15:00,8.9,64,0,0.64,321,8,343,735
2001-06-13T16:00,10.1,55,0,0.94,328,14,463,1580
2001-06-13T17:00,11.1,52,0,1.17,340,28,464,2180
2001-06-13T18:00,12.3,51,0,1.1,360,56,627,2410
2001-06-13T19:00,12.6,54,0.2,1,360,82,487,2345
2001-06-13T20:00,13.4,54,0.2,0.91,354,74,525,2405
2001-06-13T21:00,12.5,59,1.1,0.76,337,73,470,2245
2001-06-13T22:00,12.3,59,0.9,1.56,310,75,375,1335
2001-06-13T23:00,11.4,69,0.5,1.13,315,61,222,1365
2001-06-14T00:00,10,72,0.5,1.28,321,59,233,1205
2001-06-14T01:00,9.8,78,0,0.92,347,67,177,1265
2001-06-14T02:00,9.7,78,0,0.4,90,73,111,55
2001-06-14T03:00,8.9,85,0,1.04,163,90,32,50
2001-06-14T04:00,7.9,88,0,1.2,228,97,6,35
2001-06-14T05:00,6.2,91,0,1.62,248,93,0,35
2001-06-14T06:00,4.6,95,0,1.66,245,67,0,25
2001-06-14T07:00,3.5,93,0,1.75,246,53,0,25
2001-06-14T08:00,2.3,94,0,1.62,248,23,0,20
2001-06-14T09:00,1.4,94,0,1.66,245,32,0,20
2001-06-14T10:00,1.1,92,0,2.38,248,20,0,35
2001-06-14T11:00,1.3,89,0,2.66,250,29,0,40
2001-06-14T12:00,1.5,88,0,2.75,251,29,3,40
2001-06-14T13:00,3.1,90,0,2.75,251,27,61,50
2001-06-14T14:00,7.1,82,0,1.87,254,18,166,125
2001-06-14T15:00,10.4,64,0,1.2,270,16,343,535
2001-06-14T16:00,11.6,54,0,0.78,320,13,446,1395
2001-06-14T17:00,12.8,51,0,0.45,27,43,545,1915
2001-06-14T18:00,13.1,54,0.1,0.7,90,93,468,2190
2001-06-14T19:00,13.2,55,0.2,1.14,105,95,372,2130
2001-06-14T20:00,11.2,72,1.8,1.44,124,90,204,1255
2001-06-14T21:00,11.7,67,0.4,0.92,131,97,416,1705
2001-06-14T22:00,10.9,70,1.1,0.51,349,98,138,905
2001-06-14T23:00,10.1,81,2.1,0.51,349,89,132,810
2001-06-15T00:00,9.9,75,0.6,0.51,11,95,151,630
2001-06-15T01:00,9.1,82,0.2,1.35,312,99,55,355
2001-06-15T02:00,7.3,87,0.7,2.2,321,100,17,325
2001-06-15T03:00,5.7,93,1,2.13,311,100,2,330
2001-06-15T04:00,4.9,95,0.4,2.28,293,100,0,235
2001-06-15T05:00,4.5,95,0.4,2.19,294,100,0,185
2001-06-15T06:00,4.1,99,0.5,2.19,294,100,0,210
2001-06-15T07:00,3.7,100,0.4,2.46,297,100,0,275
2001-06-15T08:00,3.6,100,0.5,2.47,291,100,0,265
2001-06-15T09:00,3.6,100,0.3,2.53,288,100,0,280
2001-06-15T10:00,3.6,100,0.3,2.48,317,99,0,310
2001-06-15T11:00,3.5,99,0.2,2.48,317,100,0,350
2001-06-15T12:00,3.5,100,0.2,2.78,322,100,0,385
2001-06-15T13:00,3.6,100,0.2,3.19,328,99,0,425
2001-06-15T14:00,4,97,0.3,3.36,330,98,1,535
2001-06-15T15:00,5,94,0.2,3.31,331,100,15,690
2001-06-15T16:00,5.9,90,0.2,3.14,338,100,59,830
2001-06-15T17:00,6.7,86,0.2,3.23,338,100,81,850
2001-06-15T18:00,8.1,79,0.2,2.69,338,99,227,1005
2001-06-15T19:00,8.3,88,0.5,2.73,332,98,199,1275
2001-06-15T20:00,9.6,80,0.4,2.82,333,95,354,1450
2001-06-15T21:00,9.9,73,0.4,2.82,333,91,272,1520
2001-06-15T22:00,10.3,68,0.2,2.75,327,98,220,1625
2001-06-15T23:00,10.8,65,0.2,2.97,318,96,303,1595
2001-06-16T00:00,10.5,67,0.2,2.56,321,89,210,1575
2001-06-16T01:00,7.8,83,1.5,2.34,320,94,63,895
2001-06-16T02:00,7.6,80,0.1,2.55,334,95,40,665
2001-06-16T03:00,7.1,86,0,0.92,347,96,5,270
2001-06-16T04:00,6.5,88,0,0.51,281,96,1,85
2001-06-16T05:00,5.2,89,0.4,1.36,287,98,0,65
2001-06-16T06:00,4.1,93,0.5,1.49,290,91,0,75
2001-06-16T07:00,3.4,93,0.4,1.41,278,80,0,45
2001-06-16T08:00,2.3,100,0.2,1.2,265,51,0,30
2001-06-16T09:00,1.4,100,0,1.36,253,25,0,25
2001-06-16T10:00,0.3,97,0,1.9,252,18,0,35
2001-06-16T11:00,-0.6,97,0,1.99,252,8,0,35
2001-06-16T12:00,-1,96,0,2.15,248,15,3,40
2001-06-16T13:00,1.7,98,0,2.02,250,25,61,75
2001-06-16T14:00,4.9,94,0,1.36,253,59,158,125
2001-06-16T15:00,6.9,81,0,0.54,248,14,276,355
2001-06-16T16:00,8.1,73,0,0.45,117,20,349,1035
2001-06-16T17:00,9.9,69,0,1.02,101,56,561,1615
2001-06-16T18:00,11.1,67,0.2,1.65,104,92,609,1880
2001-06-16T19:00,11.4,66,0.3,2.12,109,81,569,2035
2001-06-16T20:00,11.6,67,0.4,2.25,111,77,379,2170
2001-06-16T21:00,11.6,66,0.8,2.19,114,70,599,1965
2001-06-16T22:00,11.6,64,0.5,1.94,102,89,428,2155
2001-06-16T23:00,11.5,63,0.5,1.5,90,89,322,1720
2001-06-17T00:00,9.3,69,1.6,0.95,108,91,232,1040
2001-06-17T01:00,7.6,79,0.5,2.09,163,95,23,605
2001-06-17T02:00,6.7,88,0.5,1.61,210,95,33,370
2001-06-17T03:00,6.2,90,0,1.4,274,87,17,305
2001-06-17T04:00,5.3,91,0,1.48,298,77,6,140
2001-06-17T05:00,4.1,94,0.4,1.48,298,65,0,100
2001-06-17T06:00,3.3,98,0.7,1.75,294,67,0,100
2001-06-17T07:00,2.8,99,0.6,1.9,288,66,0,100
2001-06-17T08:00,2.1,98,0.4,1.94,282,81,0,105
2001-06-17T09:00,1.6,98,0.2,2.11,275,64,0,95
2001-06-17T10:00,0.9,95,0,2.21,265,48,0,65
2001-06-17T11:00,0.4,94,0,2.21,265,50,0,50
2001-06-17T12:00,0.4,94,0.1,2.21,265,70,2,55
2001-06-17T13:00,2,96,0.4,2.1,267,88,36,110
2001-06-17T14:00,3.3,93,0.6,2,273,90,57,385
2001-06-17T15:00,3.9,90,0.6,2.47,284,96,92,535
2001-06-17T16:00,4.6,82,0.6,2.56,301,100,185,670
2001-06-17T17:00,4.9,90,0.7,2.76,314,99,69,670
2001-06-17T18:00,5.7,94,0.6,2.86,324,99,93,920
2001-06-17T19:00,5.6,88,0.6,3.26,333,99,311,1030
2001-06-17T20:00,6.3,88,0.6,3.38,341,99,224,995
2001-06-17T21:00,7.1,89,0.4,3.18,347,94,209,1000
2001-06-17T22:00,7.3,84,0.2,2.82,343,76,187,755
2001-06-17T23:00,8.1,73,0.2,2.47,346,71,324,820
2001-06-18T00:00,8.4,65,0,2.22,352,48,320,870
2001-06-18T01:00,7.8,61,0,2.41,5,57,174,945
2001-06-18T02:00,7.4,62,0,1.81,6,62,96,925
2001-06-18T03:00,6.6,69,0,1.03,29,59,55,220
2001-06-18T04:00,5.6,75,0,1.2,42,66,7,80
2001-06-18T05:00,4.4,82,0,0.92,347,62,0,35
2001-06-18T06:00,3.6,84,0,0.94,302,48,0,20
2001-06-18T07:00,2.4,86,0,0.81,277,32,0,20
2001-06-18T08:00,1.5,88,0,1.1,265,32,0,20
2001-06-18T09:00,0.6,92,0,1.3,270,24,0,20
2001-06-18T10:00,0.3,92,0,1.43,282,31,0,35
2001-06-18T11:00,0.2,91,0,1.63,281,39,0,45
2001-06-18T12:00,0.1,92,0,1.81,276,31,3,50
2001-06-18T13:00,1.6,91,0,1.8,273,28,44,165
2001-06-18T14:00,4.7,74,0,1.97,294,28,139,585
2001-06-18T15:00,6.2,67,0,2.56,321,30,287,870
2001-06-18T16:00,7.2,65,0,2.6,337,35,347,1190
2001-06-18T17:00,8.2,63,0,2.32,353,46,428,1590
2001-06-18T18:00,9.7,60,0.1,2.1,357,60,582,1815
2001-06-18T19:00,10.6,56,0.1,2.11,355,57,697,1995
2001-06-18T20:00,10.9,55,0.2,2.31,355,70,464,1915
2001-06-18T21:00,11,52,0.2,2.43,351,57,430,1790
2001-06-18T22:00,11,49,0.2,2.7,358,46,318,1990
2001-06-18T23:00,11.5,46,0.1,2,360,45,450,1875
2001-06-19T00:00,11.7,45,0.1,1.5,356,43,431,2000
2001-06-19T01:00,11.8,44,0,1.43,348,47,379,1675
2001-06-19T02:00,11.4,45,0,1.17,340,33,235,920
2001-06-19T03:00,10.4,55,0,0.57,225,19,98,30
2001-06-19T04:00,8.7,68,0,1.56,230,4,19,30
2001-06-19T05:00,7.3,65,0,1.75,239,7,0,25
2001-06-19T06:00,4.7,75,0,2.01,243,4,0,30
2001-06-19T07:00,2.8,87,0,2.33,245,5,0,30
2001-06-19T08:00,2.4,82,0,2.56,249,8,0,35
2001-06-19T09:00,2,79,0,2.69,248,4,0,35
2001-06-19T10:00,1.5,78,0,3.2,250,0,0,45
2001-06-19T11:00,1.2,77,0,3.29,250,0,0,50
2001-06-19T12:00,1.1,77,0,3.29,250,0,4,50
2001-06-19T13:00,2.9,77,0,3.1,249,0,65,55
2001-06-19T14:00,7.3,71,0,2.38,248,0,192,110
2001-06-19T15:00,10.9,55,0,1.77,254,0,345,385
2001-06-19T16:00,12.8,42,0,1.57,297,16,498,1515
2001-06-19T17:00,14,38,0,1.63,313,33,629,1860
2001-06-19T18:00,14.9,35,0.1,1.63,317,43,748,2085
2001-06-19T19:00,15.3,33,0,1.49,312,37,637,2220
2001-06-19T20:00,16,32,0,1.35,312,41,697,2360
2001-06-19T21:00,16.7,33,0,1.28,309,39,768,2565
2001-06-19T22:00,17.2,32,0,1.25,331,40,709,2785
2001-06-19T23:00,17.2,33,0,1.3,337,46,644,2775
2001-06-20T00:00,17,34,0,1.26,342,68,494,2660
2001-06-20T01:00,16.2,35,0,1.22,351,35,239,2340
2001-06-20T02:00,15.2,45,0,0.71,45,28,198,695
2001-06-20T03:00,13,66,0,1.04,107,1,82,45
2001-06-20T04:00,11.8,70,0,1.14,165,0,13,45
2001-06-20T05:00,10.5,67,0,1.26,198,0,0,35
2001-06-20T06:00,7.9,74,0,1.35,228,0,0,25
2001-06-20T07:00,7.4,75,0,1.53,238,0,0,20
2001-06-20T08:00,4.7,86,0,1.79,243,0,0,15
2001-06-20T09:00,3.8,87,0,2.01,243,0,0,20
2001-06-20T10:00,3.4,84,0,2.46,243,0,0,30
2001-06-20T11:00,3.3,78,0,2.6,247,0,0,35
2001-06-20T12:00,3.3,76,0,2.6,247,0,4,35
2001-06-20T13:00,5,76,0,2.64,245,0,67,35
2001-06-20T14:00,9.1,73,0,2.2,240,0,195,65
2001-06-20T15:00,13.2,53,0,1.72,234,0,348,385
2001-06-20T16:00,15.3,38,0,1.89,238,0,503,1005
2001-06-20T17:00,16.8,33,0,1.66,237,23,641,1560
2001-06-20T18:00,18.1,31,0,1.72,234,67,752,1955
2001-06-20T19:00,19.1,30,0,1.58,235,83,759,2205
2001-06-20T20:00,20,30,0,1.72,234,96,736,2410
2001-06-20T21:00,20.7,29,0,2.11,239,98,624,2615
2001-06-20T22:00,21,28,0,2.75,260,97,498,2660
2001-06-20T23:00,20.5,30,0,2.94,260,93,312,2545
2001-06-21T00:00,20.3,31,0,2.98,256,95,300,2555
2001-06-21T01:00,19.8,37,0,2.77,257,97,175,2315
2001-06-21T02:00,18.9,45,0,2.01,264,96,166,550
2001-06-21T03:00,17.5,53,0,1.4,266,92,75,110
2001-06-21T04:00,15.3,58,0,1.82,261,91,14,35
2001-06-21T05:00,12.8,64,0,1.75,257,17,0,25
2001-06-21T06:00,10.3,72,0,1.71,249,33,0,20
2001-06-21T07:00,8.4,79,0,1.71,249,34,0,15
2001-06-21T08:00,7.4,83,0,1.62,248,35,0,15
2001-06-21T09:00,6.7,85,0,1.62,248,29,0,15
2001-06-21T10:00,6.3,85,0,2.06,247,53,0,20
2001-06-21T11:00,6.1,85,0,2.15,248,46,0,25
2001-06-21T12:00,6.2,83,0,2.25,249,60,1,25
2001-06-21T13:00,8.1,81,0,2.19,246,69,34,30
2001-06-21T14:00,11.7,74,0,1.66,245,79,106,40
2001-06-21T15:00,15.4,62,0,0.92,229,87,171,125
2001-06-21T16:00,17.7,44,0,0.8,180,92,306,1035
2001-06-21T17:00,19.1,40,0,1.14,195,91,453,1730
2001-06-21T18:00,20.5,37,0,1.43,205,94,645,2155
2001-06-21T19:00,21.4,37,0,1.58,215,95,679,2455
2001-06-21T20:00,21.9,37,0,1.7,220,100,543,2670
2001-06-21T21:00,19.3,52,0.8,2.05,227,100,387,2610
2001-06-21T22:00,18.4,55,0.4,1.91,264,98,90,970
2001-06-21T23:00,19.1,51,0,1.2,265,93,176,1385
2001-06-22T00:00,19.7,46,0,1.42,219,73,253,815
2001-06-22T01:00,18.6,50,0,0.91,186,91,319,575
2001-06-22T02:00,17.2,68,0,1.24,194,98,97,460
2001-06-22T03:00,16.4,76,0,1.75,204,100,27,195
2001-06-22T04:00,15.2,77,0,2.14,217,100,4,120
2001-06-22T05:00,13.4,78,0,2.48,227,97,0,85
2001-06-22T06:00,11.9,78,0,2.5,233,92,0,60
2001-06-22T07:00,11.6,69,0,2.19,246,50,0,40
2001-06-22T08:00,10.2,75,0,2.12,262,17,0,40
2001-06-22T09:00,9,80,0,1.9,273,6,0,40
2001-06-22T10:00,8.1,84,0,1.71,277,6,0,45
2001-06-22T11:00,7.1,89,0,1.46,254,12,0,25
2001-06-22T12:00,6.5,90,0,1.49,250,40,3,20
2001-06-22T13:00,8.3,87,0,1.39,249,83,59,20
2001-06-22T14:00,12.2,77,0,0.4,270,78,167,100
2001-06-22T15:00,14.4,57,0,0.32,108,28,299,950
2001-06-22T16:00,15.4,48,0,1.12,207,63,454,1325
2001-06-22T17:00,16.4,42,0,1.78,218,80,561,1705
2001-06-22T18:00,17.1,39,0,2.2,231,82,589,2275
2001-06-22T19:00,18.1,34,0,2.77,244,84,588,2510
2001-06-22T20:00,18.3,32,0,3.04,253,93,483,2510
2001-06-22T21:00,18.4,30,0,3.04,261,89,424,2605
2001-06-22T22:00,18.6,30,0,2.94,280,39,492,2460
2001-06-22T23:00,18.4,31,0,2.75,289,35,521,1935
2001-06-23T00:00,18.1,33,0,2.13,311,42,490,1895
2001-06-23T01:00,17.3,37,0,1.53,328,42,340,1400
2001-06-23T02:00,16.1,46,0,1.5,360,47,226,1195
2001-06-23T03:00,14.5,61,0,1.66,33,81,91,230
2001-06-23T04:00,12.9,70,0,1.2,48,95,10,155
2001-06-23T05:00,11.6,79,0,1.2,42,98,0,105
2001-06-23T06:00,10.2,85,0.2,0.76,23,98,0,110
2001-06-23T07:00,8.8,93,0.6,0.57,45,100,0,105
2001-06-23T08:00,8.5,94,1.6,0.36,236,100,0,75
2001-06-23T09:00,8.2,94,1.2,0.72,236,100,0,95
2001-06-23T10:00,7.7,99,1,0.95,252,100,0,80
2001-06-23T11:00,7.6,100,1.3,0.67,207,98,0,70
2001-06-23T12:00,7.6,100,1.3,0.41,76,75,0,15
2001-06-23T13:00,7.8,98,0,1,84,99,21,170
2001-06-23T14:00,8.3,97,0,1.51,98,78,39,305
2001-06-23T15:00,9.9,95,0,1.8,124,99,126,515
2001-06-23T16:00,11.4,92,0.1,1.98,131,96,148,645
2001-06-23T17:00,11.9,90,0.3,2.41,132,86,235,975
2001-06-23T18:00,12.7,85,0.4,2.61,122,91,362,1420
2001-06-23T19:00,13.6,88,0.8,3.11,123,95,376,1580
2001-06-23T20:00,14,87,0.9,2.78,120,88,338,1645
2001-06-23T21:00,14.8,86,0.8,2.73,118,90,338,1310
2001-06-23T22:00,14.8,84,0.9,2.28,119,94,400,1015
2001-06-23T23:00,13.3,79,1.2,2.06,119,97,246,975
2001-06-24T00:00,13.1,80,1.3,1.63,169,99,189,455
2001-06-24T01:00,11.4,86,1,1.28,141,95,97,590
2001-06-24T02:00,11.5,85,0.1,0.92,139,97,71,160
2001-06-24T03:00,11.2,89,0,0.41,14,98,57,120
2001-06-24T04:00,10,92,0.1,1.33,347,93,8,115
2001-06-24T05:00,8.4,93,0.2,1.53,328,91,0,100
2001-06-24T06:00,7.3,92,0.2,1.12,297,96,0,70
2001-06-24T07:00,6.8,96,0,0.71,278,100,0,45
2001-06-24T08:00,6.5,96,0,0.61,261,100,0,20
2001-06-24T09:00,6.5,96,0,0.58,239,100,0,25
2001-06-24T10:00,6.3,95,0.2,0.32,252,99,0,60
2001-06-24T11:00,6.1,96,0.2,0.82,256,98,0,85
2001-06-24T12:00,6.2,96,0.1,1.33,257,98,0,100
2001-06-24T13:00,6.6,95,0,1.14,255,86,5,105
2001-06-24T14:00,8.2,84,0,1.17,239,34,88,190
2001-06-24T15:00,9.8,65,0,1.86,234,37,282,745
2001-06-24T16:00,11.7,46,0,2.59,242,85,458,1345
2001-06-24T17:00,12.9,36,0,2.91,254,94,493,1895
2001-06-24T18:00,14,31,0,2.77,257,63,637,2190
2001-06-24T19:00,14.3,33,0.2,2.53,252,57,715,2400
2001-06-24T20:00,14.6,32,0,2.47,238,64,552,2450
2001-06-24T21:00,14.9,30,0,2.36,234,97,473,2465
2001-06-24T22:00,14.6,32,0,1.88,245,99,354,2485
2001-06-24T23:00,14.3,32,0,1.39,240,100,235,2125
2001-06-25T00:00,13.3,36,0,1.3,238,100,81,1035
2001-06-25T01:00,11.7,47,0,1.12,243,100,9,1400
2001-06-25T02:00,10.8,58,0,0.89,243,99,20,655
2001-06-25T03:00,10,62,0,0.36,304,99,16,375
2001-06-25T04:00,8.8,70,0.2,0.22,297,100,5,140
2001-06-25T05:00,7.6,78,0.2,0.58,301,98,0,30
2001-06-25T06:00,6.4,90,0.8,0.81,300,98,0,135
2001-06-25T07:00,5.4,99,1.6,0.94,302,96,0,155
2001-06-25T08:00,5,100,0.9,1.9,273,96,0,190
2001-06-25T09:00,4,100,1.3,2.72,276,97,0,220
2001-06-25T10:00,3.4,100,1.7,3.06,281,100,0,335
2001-06-25T11:00,3.1,100,1.9,2.88,290,99,0,360
2001-06-25T12:00,3.1,100,1.2,2.5,286,100,0,365
2001-06-25T13:00,3.3,100,0.6,2.53,279,100,0,370
2001-06-25T14:00,3.9,100,0.3,2.6,286,100,1,545
2001-06-25T15:00,5.6,89,0.2,2.69,292,100,33,930
2001-06-25T16:00,7,80,0.2,3.14,301,99,96,1320
2001-06-25T17:00,7.9,73,0.6,2.84,309,68,160,1670
2001-06-25T18:00,9.8,68,0.1,2.26,315,52,408,1975
2001-06-25T19:00,12.2,54,0.1,1.84,319,62,611,2215
2001-06-25T20:00,12.4,54,0.1,1.58,305,71,424,2245
2001-06-25T21:00,11.9,56,0.7,1.17,290,60,228,2060
2001-06-25T22:00,11.4,57,1.4,1.7,267,66,320,1360
2001-06-25T23:00,11.8,51,0.9,1.7,273,36,460,1695
2001-06-26T00:00,11.1,50,0.7,1.8,289,34,359,1315
2001-06-26T01:00,10.9,52,0,1.42,309,26,332,1135
2001-06-26T02:00,10,58,0,1,37,17,136,925
2001-06-26T03:00,9.1,69,0,1.33,77,36,90,235
2001-06-26T04:00,7.7,80,0,1.5,94,72,17,160
2001-06-26T05:00,6.6,87,0,1.8,109,95,0,95
2001-06-26T06:00,5.8,90,0,1.64,128,98,0,70
2001-06-26T07:00,4.8,94,0,1.53,148,86,0,65
2001-06-26T08:00,4.5,97,0,1.43,155,84,0,70
2001-06-26T09:00,4.3,97,0,1.3,157,99,0,60
2001-06-26T10:00,3.8,97,0,1.12,153,100,0,60
2001-06-26T11:00,3.6,98,0,1.72,144,100,0,120
2001-06-26T12:00,3.6,98,0,2.13,139,100,0,240
2001-06-26T13:00,4.5,95,0,2.69,135,100,1,380
2001-06-26T14:00,5.3,90,0,2.83,138,100,6,440
2001-06-26T15:00,6.3,83,0,3.66,145,100,7,570
2001-06-26T16:00,7.3,77,0.1,4.22,149,100,15,755
2001-06-26T17:00,8.4,71,0.1,4.44,149,100,45,860
2001-06-26T18:00,9.1,67,0.2,4.24,146,100,51,750
2001-06-26T19:00,8.3,77,0.5,4.4,141,100,25,775
2001-06-26T20:00,8.1,79,0.5,4.61,139,100,14,795
2001-06-26T21:00,8.4,76,0.3,5.04,141,100,47,855
2001-06-26T22:00,8.7,75,0.2,5.06,142,98,75,850
2001-06-26T23:00,8.6,76,0.1,5.17,139,100,40,780
2001-06-27T00:00,8.8,77,0.2,5.1,138,100,117,650
2001-06-27T01:00,8.1,83,0,4.6,138,100,40,510
2001-06-27T02:00,7.8,87,0,4.11,139,100,16,425
2001-06-27T03:00,7.4,91,0,3.54,137,100,2,375
2001-06-27T04:00,7.1,94,0,3.69,139,100,0,345
2001-06-27T05:00,6.9,97,0,3.18,152,100,0,315
2001-06-27T06:00,6.6,99,0,2.51,157,100,0,260
2001-06-27T07:00,6,99,0,2.15,158,100,0,190
2001-06-27T08:00,5.8,99,0,2.21,162,96,0,180
2001-06-27T09:00,5.8,99,0,2.31,162,94,0,180
2001-06-27T10:00,5.6,99,0,2.04,169,99,0,195
2001-06-27T11:00,5.4,99,0,1.6,180,100,0,165
2001-06-27T12:00,5.3,98,0,1.58,198,100,0,155
2001-06-27T13:00,6,94,0.2,1.68,197,100,1,160
2001-06-27T14:00,6.9,93,0.6,1.24,194,96,14,150
2001-06-27T15:00,8.5,90,0.3,1.62,158,95,54,190
2001-06-27T16:00,10.2,82,0,2.02,147,87,121,370
2001-06-27T17:00,12.1,75,0,2.52,146,98,185,610
2001-06-27T18:00,14,69,0,3.71,166,100,212,1050
2001-06-27T19:00,15,64,0.5,3.28,149,100,101,905
2001-06-27T20:00,14.6,71,0.6,2.97,132,100,52,685
2001-06-27T21:00,14.3,74,0.3,3.22,144,100,61,690
2001-06-27T22:00,15.2,67,0,3.51,177,99,59,825
2001-06-27T23:00,16.1,62,0,3.4,182,100,128,1055
2001-06-28T00:00,16.5,59,0,3.1,180,83,156,1055
2001-06-28T01:00,16.6,58,0,2.81,176,50,131,1070
2001-06-28T02:00,16.2,64,0,2.15,158,43,144,610
2001-06-28T03:00,14.7,72,0,1.93,159,46,54,220
2001-06-28T04:00,13.3,77,0,2,183,79,11,100
2001-06-28T05:00,11.7,80,0,1.66,205,59,0,55
2001-06-28T06:00,10.2,85,0,1.56,230,23,0,30
2001-06-28T07:00,9,87,0,2.06,241,100,0,30
2001-06-28T08:00,8.5,88,0,2.42,246,100,0,40
2001-06-28T09:00,8.5,87,0,2.73,246,93,0,50
2001-06-28T10:00,8.7,85,0,3.04,253,27,0,180
2001-06-28T11:00,8.6,84,0,2.89,256,36,0,195
2001-06-28T12:00,8.3,85,0,2.83,262,41,1,190
2001-06-28T13:00,9.4,80,0,2.62,263,19,41,245
2001-06-28T14:00,11.1,72,0,2.4,270,8,128,480
2001-06-28T15:00,12.7,62,0,2.51,275,5,240,755
2001-06-28T16:00,14.7,50,0,2.41,275,13,463,1095
2001-06-28T17:00,16.1,43,0,2.2,273,20,598,1530
2001-06-28T18:00,17.1,39,0,1.6,266,30,649,2060
2001-06-28T19:00,17.9,38,0,1.32,261,63,728,2405
2001-06-28T20:00,17.3,38,0.4,1.17,250,75,292,2385
2001-06-28T21:00,14.9,51,0.7,0.9,270,66,196,1605
2001-06-28T22:00,15.5,48,1.2,1.25,331,56,459,1400
2001-06-28T23:00,15.7,49,0,1.08,338,88,381,1645
2001-06-29T00:00,14.4,62,0.4,0.28,315,97,193,990
2001-06-29T01:00,13.8,65,0,0.71,188,97,105,940
2001-06-29T02:00,13.6,69,0,0.36,214,97,86,380
2001-06-29T03:00,12.7,78,0,0.45,207,99,12,80
2001-06-29T04:00,11.9,86,0,0.85,315,100,3,55
2001-06-29T05:00,10.8,84,0.1,1.86,324,98,0,140
2001-06-29T06:00,9.2,88,0.7,1.77,313,77,0,130
2001-06-29T07:00,8.6,89,0,1.49,290,56,0,95
2001-06-29T08:00,7.6,91,0,1.5,266,43,0,40
2001-06-29T09:00,6.7,92,0,1.55,255,43,0,30
2001-06-29T10:00,6.3,92,0,1.53,259,40,0,30
2001-06-29T11:00,6,91,0,1.7,267,47,0,35
2001-06-29T12:00,5.9,91,0,1.91,276,58,1,55
2001-06-29T13:00,6.8,89,0,1.73,280,87,24,230
2001-06-29T14:00,8,81,0,1.52,293,56,36,365
2001-06-29T15:00,8.7,79,0.2,1.28,321,55,56,505
2001-06-29T16:00,9.9,74,0.1,1.22,351,51,180,535
2001-06-29T17:00,10.8,69,0.2,1.43,25,62,263,760
2001-06-29T18:00,11.5,67,0.2,1.58,35,66,265,955
2001-06-29T19:00,12.4,76,0.3,1.5,37,64,322,1100
2001-06-29T20:00,12.8,78,0.2,1.78,52,60,258,1410
2001-06-29T21:00,12,75,0.9,2.11,59,83,304,1130
2001-06-29T22:00,13.3,76,0.4,2.64,53,81,517,1205
2001-06-29T23:00,11.8,79,2.1,2,53,80,358,535
2001-06-30T00:00,11.8,82,1.2,2,90,84,226,585
2001-06-30T01:00,10.4,85,1.9,1.94,78,83,148,525
2001-06-30T02:00,9.3,91,1,1.9,72,87,104,505
2001-06-30T03:00,8.4,95,0.7,1.41,82,70,27,240
2001-06-30T04:00,7.9,97,0.3,1.51,98,93,6,155
2001-06-30T05:00,7.8,97,0.2,1.36,126,87,0,130
2001-06-30T06:00,7.4,99,0,1.2,138,95,0,125
2001-06-30T07:00,7,99,0,1.53,148,91,0,110
2001-06-30T08:00,7.2,99,0,1.61,150,100,0,140
2001-06-30T09:00,7.2,99,0,1.75,149,100,0,215
2001-06-30T10:00,7.1,100,0,1.97,150,100,0,245
2001-06-30T11:00,7.2,99,0,1.8,161,100,0,255
2001-06-30T12:00,7.2,99,0,1.63,169,100,0,265
2001-06-30T13:00,7.4,97,0,1.7,180,94,5,295
2001-06-30T14:00,8,91,0,2.02,189,85,19,240
2001-06-30T15:00,9.6,85,0,1.8,180,77,179,470
2001-06-30T16:00,11.1,76,0,1.63,169,46,162,795
2001-06-30T17:00,12,70,0.1,1.49,138,54,105,1125
2001-06-30T18:00,13.6,64,0.2,2.08,125,27,427,1350
2001-06-30T19:00,14.9,60,0.2,2.94,125,49,545,1405
2001-06-30T20:00,16,58,0.1,3.33,131,51,669,1585
2001-06-30T21:00,16.4,59,0,3.41,130,60,504,1710
2001-06-30T22:00,16.6,60,0,3.58,126,93,551,1840
2001-06-30T23:00,16.4,60,0,3.89,132,99,427,1430
2001-07-01T00:00,15.9,61,0,3.61,132,100,351,1365
2001-07-01T01:00,14.1,70,0.9,3.11,132,100,146,715
2001-07-01T02:00,13.5,73,0,3.04,117,100,96,685
2001-07-01T03:00,12.5,81,0,3.42,128,100,27,690
2001-07-01T04:00,11.4,85,0,3.04,136,100,2,605
2001-07-01T05:00,10.7,88,0,2.94,145,100,0,545
2001-07-01T06:00,10.4,90,0,2.59,152,100,0,385
2001-07-01T07:00,10.1,90,0,2.38,165,100,0,305
2001-07-01T08:00,9.7,92,0,1.9,177,93,0,215
2001-07-01T09:00,9,93,0,1.8,199,69,0,125
2001-07-01T10:00,8.3,93,0,2.02,213,11,0,105
2001-07-01T11:00,7.6,94,0,2.27,221,0,0,65
2001-07-01T12:00,7.2,91,0,2.56,231,0,2,60
2001-07-01T13:00,8.6,85,0,2.61,238,0,55,70
2001-07-01T14:00,11.4,75,0,2.19,246,0,178,405
2001-07-01T15:00,13.7,61,0,2.96,258,0,318,800
2001-07-01T16:00,15.6,50,0,3.57,281,12,474,1350
2001-07-01T17:00,16.6,41,0,3.49,294,32,613,1735
2001-07-01T18:00,17.7,37,0,3.13,287,38,658,1935
2001-07-01T19:00,18.3,35,0,2.86,282,49,735,2260
2001-07-01T20:00,19.3,32,0,2.84,280,51,759,2475
2001-07-01T21:00,20.1,29,0,2.47,284,48,686,2570
2001-07-01T22:00,20.4,27,0,2.44,289,39,640,2975
2001-07-01T23:00,20.4,28,0,1.9,288,36,595,2895
2001-07-02T00:00,20.2,29,0,0.92,283,46,494,2170
2001-07-02T01:00,19.2,33,0,0.51,79,49,347,1830
2001-07-02T02:00,17.6,47,0,1.91,84,26,168,295
2001-07-02T03:00,15.7,67,0,1.84,68,32,104,255
2001-07-02T04:00,14.2,73,0,1.86,36,32,16,150
2001-07-02T05:00,12.8,77,0,1.66,33,19,0,125
2001-07-02T06:00,11.5,83,0,1.48,28,37,0,85
2001-07-02T07:00,9.9,94,0.1,1.08,22,55,0,60
2001-07-02T08:00,9.6,95,0,0.28,45,93,0,45
2001-07-02T09:00,9.2,97,0,0.41,194,99,0,50
2001-07-02T10:00,9,98,0,1.28,231,84,0,55
2001-07-02T11:00,8.3,99,0,1.3,238,73,0,40
2001-07-02T12:00,7.5,99,0,1.36,234,54,1,35
2001-07-02T13:00,8.6,96,0,1.42,231,13,42,60
2001-07-02T14:00,11.5,85,0,1,217,1,158,145
2001-07-02T15:00,13.7,73,0,0.95,198,20,296,495
2001-07-02T16:00,15.6,57,0,0.32,198,32,394,1320
2001-07-02T17:00,17.1,45,0,0.32,288,95,548,1795
2001-07-02T18:00,18.4,37,0,0.36,304,98,553,2140
2001-07-02T19:00,18.3,38,0,0.92,41,99,377,2180
2001-07-02T20:00,18.8,38,0,0.85,45,91,438,2130
2001-07-02T21:00,17.7,43,1.5,0.57,45,71,311,2055
2001-07-02T22:00,18,46,0.4,1.49,20,60,470,1185
2001-07-02T23:00,18.2,48,0,1.06,49,50,510,1060
2001-07-03T00:00,17.5,49,0.3,1,96,45,295,1000
2001-07-03T01:00,16.6,55,0.4,0.95,108,40,248,565
2001-07-03T02:00,14.9,71,1,1.3,67,30,110,365
2001-07-03T03:00,12.9,85,0.3,1.49,42,49,64,190
2001-07-03T04:00,11.8,93,0.4,1.03,29,46,8,65
2001-07-03T05:00,11.1,97,0.1,0.4,360,57,0,50
2001-07-03T06:00,10.6,99,0,0.36,236,61,0,35
2001-07-03T07:00,10.3,97,0,0.41,256,70,0,20
2001-07-03T08:00,9.7,97,0,0.76,247,60,0,15
2001-07-03T09:00,9,97,0,0.89,243,64,0,15
2001-07-03T10:00,7.8,99,0,1.43,258,82,0,25
2001-07-03T11:00,7.5,100,0,1.61,263,71,0,35
2001-07-03T12:00,7.1,100,0,1.36,253,32,1,35
2001-07-03T13:00,9,98,0,1.21,246,33,32,40
2001-07-03T14:00,12,92,0,0.76,247,8,80,135
2001-07-03T15:00,13.7,80,0,0.22,207,8,210,450
2001-07-03T16:00,15.1,72,0,0.78,140,13,227,670
2001-07-03T17:00,17.1,58,0,1.06,131,31,443,1020
2001-07-03T18:00,18.7,48,0.1,0.86,126,36,612,1315
2001-07-03T19:00,19.3,47,0,0.58,121,34,681,1635
2001-07-03T20:00,19.8,45,0,0.41,104,44,638,1980
2001-07-03T21:00,20.7,42,0,0.82,76,58,661,2150
2001-07-03T22:00,21,42,0,2.04,79,60,667,1690
2001-07-03T23:00,19.4,52,0.1,3.51,87,72,348,1125
2001-07-04T00:00,18.7,58,0.1,3.13,107,70,453,1170
2001-07-04T01:00,18.3,62,0,3.52,105,21,351,875
2001-07-04T02:00,17.4,68,0,3.45,112,3,193,870
2001-07-04T03:00,16.2,75,0,3.13,117,6,105,595
2001-07-04T04:00,14.5,82,0,2.64,127,17,17,335
2001-07-04T05:00,13.4,87,0,2.33,149,28,0,210
2001-07-04T06:00,12.6,90,0,2.57,167,20,0,175
2001-07-04T07:00,12.2,90,0,2.32,187,26,0,135
2001-07-04T08:00,11.2,93,0,1.99,198,45,0,95
2001-07-04T09:00,10.3,95,0,2.15,208,66,0,80
2001-07-04T10:00,10,95,0,2.22,216,58,0,70
2001-07-04T11:00,9.8,94,0,2.33,223,38,0,50
2001-07-04T12:00,9.6,93,0,2.5,233,6,1,45
2001-07-04T13:00,10.8,87,0,2.47,238,0,53,45
2001-07-04T14:00,14.2,79,0,2.02,237,0,173,65
2001-07-04T15:00,18.5,66,0,1.41,225,0,323,140
2001-07-04T16:00,21.6,47,0,1.39,201,0,475,895
2001-07-04T17:00,23.2,37,0,1.61,187,0,613,1345
2001-07-04T18:00,24.4,32,0,2,183,0,725,2175
2001-07-04T19:00,25.1,30,0,2.43,189,2,792,2585
2001-07-04T20:00,25.9,27,0,2.85,198,6,824,2850
2001-07-04T21:00,26.4,25,0,3.18,208,15,806,3030
2001-07-04T22:00,26.6,23,0,3.56,232,42,731,3320
2001-07-04T23:00,26.3,24,0,3.64,233,51,535,3215
2001-07-05T00:00,26.1,24,0,3.54,227,42,540,3175
2001-07-05T01:00,25.2,28,0,3.25,225,42,399,2795
2001-07-05T02:00,23.5,36,0,2.91,221,17,251,935
2001-07-05T03:00,21.4,44,0,2.5,217,0,110,190
2001-07-05T04:00,19,48,0,2.2,219,0,18,55
2001-07-05T05:00,16.1,56,0,2.05,227,0,0,25
2001-07-05T06:00,13.9,62,0,1.78,232,0,0,20
2001-07-05T07:00,12.7,65,0,1.75,239,2,0,20
2001-07-05T08:00,11.6,68,0,1.92,242,32,0,20
2001-07-05T09:00,10.9,69,0,2.15,248,35,0,20
2001-07-05T10:00,10.4,70,0,2.77,283,27,0,35
2001-07-05T11:00,10.2,70,0,2.27,311,49,0,120
2001-07-05T12:00,10.1,75,0,2.08,325,61,0,150
2001-07-05T13:00,10.6,82,0,1.75,329,74,20,190
2001-07-05T14:00,12.6,80,0,1.7,357,82,81,285
2001-07-05T15:00,13.8,77,0,1.75,24,92,120,490
2001-07-05T16:00,15.3,69,0,1.77,43,88,278,710
2001-07-05T17:00,16.8,62,0,1.88,65,92,477,1015
2001-07-05T18:00,17.8,59,0,1.91,84,79,473,1615
2001-07-05T19:00,16.6,64,1.8,1.46,106,50,445,1545
2001-07-05T20:00,16.4,63,1.6,0.2,360,43,513,1825
2001-07-05T21:00,15.6,67,0.9,0.72,326,36,270,2150
2001-07-05T22:00,15,58,0.6,2.4,315,66,378,1405
2001-07-05T23:00,12.2,68,1.5,3.58,333,78,309,1270
2001-07-06T00:00,10.2,77,0.5,2.4,2,45,238,995
2001-07-06T01:00,11.4,71,0,1.06,319,13,248,1155
2001-07-06T02:00,12,66,0,1.5,274,9,122,1135
2001-07-06T03:00,11.7,66,0,1.32,261,1,96,795
2001-07-06T04:00,10.7,65,0,1.61,240,0,18,485
2001-07-06T05:00,9.4,62,0,2.25,238,0,0,235
2001-07-06T06:00,8.2,62,0,2.33,239,0,0,150
2001-07-06T07:00,7.1,65,0,2.25,238,0,0,80
2001-07-06T08:00,6.1,67,0,2.24,243,0,0,50
2001-07-06T09:00,5.6,67,0,2.24,243,0,0,40
2001-07-06T10:00,5,68,0,2.28,241,0,0,45
2001-07-06T11:00,4.4,70,0,2.37,242,0,0,45
2001-07-06T12:00,4.1,71,0,2.46,243,0,2,45
2001-07-06T13:00,5.3,74,0,2.51,241,0,54,55
2001-07-06T14:00,8.5,71,0,1.84,241,0,176,125
2001-07-06T15:00,11.8,53,0,1.71,249,0,326,555
2001-07-06T16:00,13.9,43,0,1.9,273,0,478,1125
2001-07-06T17:00,15.5,40,0,1.51,278,0,615,1670
2001-07-06T18:00,17.1,36,0,1.91,264,35,724,2260
2001-07-06T19:00,18.5,31,0,1.87,254,29,662,2440
2001-07-06T20:00,18.8,31,0,2.32,263,76,343,2710
2001-07-06T21:00,19.3,30,0,2.6,270,72,334,2930
2001-07-06T22:00,19.8,30,0,2.09,287,76,420,2085
2001-07-06T23:00,19.5,31,0,2.33,280,67,233,2185
2001-07-07T00:00,18.9,34,0,1.91,276,75,134,1865
2001-07-07T01:00,18.2,40,0,1.7,273,83,71,1560
2001-07-07T02:00,16.9,53,0,1.4,274,56,116,985
2001-07-07T03:00,15.6,66,0,1.1,275,38,60,505
2001-07-07T04:00,14,73,0,1.51,262,29,15,155
2001-07-07T05:00,12.7,72,0,1.68,253,25,0,55
2001-07-07T06:00,10.9,75,0,2.06,247,8,0,35
2001-07-07T07:00,9.9,62,0,2.42,246,7,0,35
2001-07-07T08:00,9.2,62,0,2.55,244,11,0,40
2001-07-07T09:00,8.4,64,0,2.55,244,7,0,40
2001-07-07T10:00,7.7,67,0,2.55,244,0,0,40
2001-07-07T11:00,7.1,70,0,2.42,246,0,0,35
2001-07-07T12:00,6.7,72,0,2.24,243,0,1,35
2001-07-07T13:00,7.7,76,0,2.2,240,0,49,40
2001-07-07T14:00,11.1,73,0,1.56,230,0,167,75
2001-07-07T15:00,14.7,56,0,1.3,203,0,317,635
2001-07-07T16:00,16.7,46,0,2.25,212,5,465,1105
2001-07-07T17:00,18.3,41,0,2.9,224,23,599,1555
2001-07-07T18:00,19.6,37,0,3.3,235,56,702,1970
2001-07-07T19:00,20.8,35,0,3.81,247,70,644,2460
2001-07-07T20:00,20.9,35,0,3.86,253,77,531,2700
2001-07-07T21:00,19,46,1,4.03,263,59,524,1380
2001-07-07T22:00,19.8,42,0,3.1,270,26,461,1700
2001-07-07T23:00,20.5,40,0,3.11,266,30,541,2085
2001-07-08T00:00,20.1,41,0,3.11,264,30,427,2055
2001-07-08T01:00,19.6,43,0,2.31,275,18,324,1500
2001-07-08T02:00,18.4,52,0,1.62,292,24,158,1140
2001-07-08T03:00,16.7,62,0,0.85,315,7,87,450
2001-07-08T04:00,15.2,69,0,0.36,304,1,15,70
2001-07-08T05:00,14.1,72,0,0.5,270,10,0,25
2001-07-08T06:00,12.3,82,0,1.13,225,3,0,20
2001-07-08T07:00,11.9,77,0,1.14,232,1,0,20
2001-07-08T08:00,10.3,82,0,1.25,241,2,0,20
2001-07-08T09:00,8.7,87,0,1.43,245,1,0,15
2001-07-08T10:00,7.8,89,0,1.52,247,0,0,15
2001-07-08T11:00,7.2,89,0,1.66,245,0,0,15
2001-07-08T12:00,6.9,89,0,1.84,241,0,1,20
2001-07-08T13:00,8.6,85,0,2.15,242,0,48,30
2001-07-08T14:00,12.4,78,0,1.61,240,0,165,55
2001-07-08T15:00,16,62,0,1.13,225,1,311,950
2001-07-08T16:00,17.8,50,0,2.66,250,44,446,1325
2001-07-08T17:00,19,43,0.1,3.08,257,50,517,1970
2001-07-08T18:00,19.6,41,0,3.03,262,57,332,2265
2001-07-08T19:00,20.7,35,0,2.83,262,66,267,2325
2001-07-08T20:00,20.6,36,0,2.82,264,71,197,2580
2001-07-08T21:00,21.1,35,0,2.7,268,70,306,2605
2001-07-08T22:00,21.4,36,0,1.89,302,56,281,1755
2001-07-08T23:00,20.5,41,0,1.75,329,48,136,1915
2001-07-09T00:00,20.6,42,0,1.5,356,41,261,1535
2001-07-09T01:00,20,46,0,1.57,27,32,221,1335
2001-07-09T02:00,18.5,59,0,2.02,57,13,103,375
2001-07-09T03:00,16.8,72,0,1.61,60,4,90,270
2001-07-09T04:00,15,81,0,1.2,48,13,14,105
2001-07-09T05:00,13.6,90,0,1.3,32,43,0,65
2001-07-09T06:00,12.7,96,0.1,0.85,45,39,0,40
2001-07-09T07:00,12.3,95,0,0.36,146,29,0,25
2001-07-09T08:00,11.4,97,0,1,186,21,0,25
2001-07-09T09:00,11.1,96,0,1.3,203,14,0,25
2001-07-09T10:00,10.7,96,0,1.41,225,3,0,25
2001-07-09T11:00,9.9,96,0,1.49,228,0,0,20
2001-07-09T12:00,8.8,97,0,1.56,230,0,1,20
2001-07-09T13:00,9.7,98,0,1.77,227,0,43,30
2001-07-09T14:00,13.2,93,0,1.08,202,8,162,85
2001-07-09T15:00,15.5,82,0,1.39,159,0,308,375
2001-07-09T16:00,17.7,69,0,2.11,149,0,462,680
2001-07-09T17:00,19.6,56,0,2.42,156,21,595,1220
2001-07-09T18:00,21.2,48,0,2.51,157,24,662,1755
2001-07-09T19:00,22.4,43,0,2.69,149,12,575,2110
2001-07-09T20:00,23.5,41,0,2.83,148,60,772,2415
2001-07-09T21:00,23.9,40,0,2.87,151,75,717,2520
2001-07-09T22:00,23.7,41,0,3.26,140,69,430,2180
2001-07-09T23:00,23.3,42,0,2.62,140,59,488,1590
2001-07-10T00:00,22.8,45,0,1.72,144,64,352,1215
2001-07-10T01:00,19.3,72,0.7,0.89,243,74,227,185
2001-07-10T02:00,16.3,94,2.4,0.41,194,48,57,160
2001-07-10T03:00,15.7,94,1.4,0.98,204,22,49,55
2001-07-10T04:00,14.9,96,0,1.56,225,18,7,35
2001-07-10T05:00,13.8,95,0,1.63,227,9,0,25
2001-07-10T06:00,13,95,0,1.7,230,7,0,20
2001-07-10T07:00,12.3,88,0,1.84,229,23,0,20
2001-07-10T08:00,11.3,90,0,2.06,231,14,0,25
2001-07-10T09:00,10.5,91,0,2.08,235,39,0,25
2001-07-10T10:00,10,91,0,2.59,242,73,0,35
2001-07-10T11:00,9.6,90,0,2.51,247,82,0,35
2001-07-10T12:00,9.3,90,0,2.47,249,73,0,35
2001-07-10T13:00,10.6,90,0,2.47,249,63,38,35
2001-07-10T14:00,14.4,83,0,2.1,245,3,156,40
2001-07-10T15:00,18.3,78,0,1.36,234,0,314,90
2001-07-10T16:00,21.1,56,0,0.82,194,0,470,560
2001-07-10T17:00,23.4,37,0,1.46,164,2,608,1410
2001-07-10T18:00,24.6,30,0,1.96,165,4,691,2350
2001-07-10T19:00,25.6,26,0,2.5,164,32,798,3010
2001-07-10T20:00,26.1,24,0,2.96,168,44,790,3255
2001-07-10T21:00,26.4,22,0,3.41,183,60,689,3435
2001-07-10T22:00,26.2,22,0,3.01,195,63,490,3700
2001-07-10T23:00,26.3,22,0,3.05,203,60,508,3670
2001-07-11T00:00,25.6,24,0,3.19,212,85,358,3190
2001-07-11T01:00,24.7,26,0,2.51,209,80,313,1075
2001-07-11T02:00,22.8,38,0,2.39,213,79,172,145
2001-07-11T03:00,21.1,43,0,2.33,223,65,86,75
2001-07-11T04:00,18.9,44,0,2.44,235,30,13,45
2001-07-11T05:00,17.2,45,0,2.42,240,2,0,30
2001-07-11T06:00,16,46,0,2.28,241,0,0,25
2001-07-11T07:00,12.8,60,0,1.97,246,5,0,20
2001-07-11T08:00,11.4,65,0,1.66,245,11,0,15
2001-07-11T09:00,10.5,69,0,1.52,247,16,0,15
2001-07-11T10:00,10.3,70,0,2.01,276,5,0,20
2001-07-11T11:00,11.3,64,0,1.84,299,21,0,45
2001-07-11T12:00,11.4,70,0,1.42,309,39,1,65
2001-07-11T13:00,12,73,0,1.13,315,39,34,90
2001-07-11T14:00,13.6,74,0,0.95,342,29,77,140
2001-07-11T15:00,14.9,71,0,1,360,30,153,330
2001-07-11T16:00,16.5,65,0,0.85,21,28,294,520
2001-07-11T17:00,17.8,61,0,0.57,45,44,433,1195
2001-07-11T18:00,19.2,58,0,0.63,72,40,497,1435
2001-07-11T19:00,20.9,47,0,1.14,75,60,717,1775
2001-07-11T20:00,18.7,59,0.7,1.8,87,84,502,1575
2001-07-11T21:00,18.4,61,0.3,1.84,77,97,463,1060
2001-07-11T22:00,18.3,62,0.2,1.7,90,94,309,965
2001-07-11T23:00,18.2,63,0.2,2.12,82,92,217,845
2001-07-12T00:00,17,68,0.6,2.24,63,86,176,730
2001-07-12T01:00,16.2,76,0.4,2.3,56,73,129,595
2001-07-12T02:00,14.4,87,1.6,1.93,69,100,125,425
2001-07-12T03:00,13.6,91,1,1.22,35,100,37,330
2001-07-12T04:00,13,93,0.3,1.33,13,100,5,275
2001-07-12T05:00,12.2,96,0.8,0.81,353,100,0,215
2001-07-12T06:00,11.6,100,1.4,1,354,100,0,145
2001-07-12T07:00,11.6,100,1.3,1.2,5,100,0,115
2001-07-12T08:00,11.7,100,1.7,1.5,356,100,0,215
2001-07-12T09:00,11.4,100,1.4,1.43,348,100,0,235
2001-07-12T10:00,10.9,100,0.8,1.17,340,99,0,175
2001-07-12T11:00,10.6,100,0.4,1.43,348,87,0,280
2001-07-12T12:00,10.4,98,0,1.2,5,83,0,295
2001-07-12T13:00,10.5,97,0,0.78,50,100,9,320
2001-07-12T14:00,10.6,94,0.1,0.6,90,100,7,300
2001-07-12T15:00,11,92,0,1,127,100,26,420
2001-07-12T16:00,11.6,88,0,2.22,144,100,63,485
2001-07-12T17:00,13.1,81,0.1,2.78,142,100,117,570
2001-07-12T18:00,14.8,72,0.1,3.48,141,95,219,895
2001-07-12T19:00,15.7,67,0,3.75,138,99,80,1070
2001-07-12T20:00,16.3,64,0,3.97,139,99,122,1160
2001-07-12T21:00,17.2,59,0,3.89,138,98,167,1210
2001-07-12T22:00,18.3,54,0,4.04,138,95,343,1335
2001-07-12T23:00,18.5,54,0,4.03,134,81,269,1370
2001-07-13T00:00,18.2,55,0,3.56,142,94,293,875
2001-07-13T01:00,16.8,60,0,2.88,160,100,82,755
2001-07-13T02:00,16,67,0,1.77,164,94,28,385
2001-07-13T03:00,15.1,75,0,1.58,162,91,30,230
2001-07-13T04:00,13.9,82,0,1.87,164,88,5,130
2001-07-13T05:00,13,86,0,1.96,165,91,0,140
2001-07-13T06:00,12.3,89,0,2.21,175,90,0,160
2001-07-13T07:00,11.8,94,0,1.94,192,86,0,140
2001-07-13T08:00,11.1,95,0,2.06,209,65,0,95
2001-07-13T09:00,10.6,94,0,2.26,225,39,0,70
2001-07-13T10:00,10.1,94,0,2.56,239,20,0,55
2001-07-13T11:00,9.4,93,0,2.46,243,10,0,45
2001-07-13T12:00,8.9,93,0,2.59,242,41,0,40
2001-07-13T13:00,9.9,89,0,2.56,239,54,39,50
2001-07-13T14:00,12.8,82,0,2.06,241,84,111,75
2001-07-13T15:00,15.9,71,0,1.44,236,94,204,185
2001-07-13T16:00,17.7,58,0,1.28,231,96,190,670
2001-07-13T17:00,19.1,49,0,1.39,240,96,324,1170
2001-07-13T18:00,19.9,46,0,1.36,234,79,424,1870
2001-07-13T19:00,20.1,48,0,1.41,225,69,438,2345
2001-07-13T20:00,20.1,48,0.1,1.7,225,83,379,2250
2001-07-13T21:00,17.1,69,1.4,2.08,215,89,297,760
2001-07-13T22:00,18.2,62,0.6,1.7,242,60,306,1215
2001-07-13T23:00,18.6,60,0,1.36,253,52,265,1785
2001-07-14T00:00,17.2,68,0.3,0.42,225,63,235,1805
2001-07-14T01:00,17.6,64,0,0.72,236,90,154,870
2001-07-14T02:00,16.6,72,0,2.52,277,96,60,530
2001-07-14T03:00,15.4,71,0.2,1.77,286,82,8,330
2001-07-14T04:00,13.9,72,0,1.58,252,28,3,85
2001-07-14T05:00,12.3,76,0,2.16,236,32,0,55
2001-07-14T06:00,11.2,78,0,2.42,246,35,0,75
2001-07-14T07:00,9.7,81,0,2.5,254,11,0,70
2001-07-14T08:00,8.9,84,0,2.72,253,5,0,80
2001-07-14T09:00,8.6,86,0,2.79,249,16,0,120
2001-07-14T10:00,8.3,87,0,3.04,253,30,0,135
2001-07-14T11:00,8.2,88,0,3.29,250,38,0,160
2001-07-14T12:00,8,88,0,3.42,249,41,0,160
2001-07-14T13:00,8.6,88,0,3.23,248,35,27,160
2001-07-14T14:00,10,84,0,2.79,249,27,96,180
2001-07-14T15:00,12.9,72,0,2.25,249,48,271,330
2001-07-14T16:00,15.3,59,0,1.99,252,90,427,810
2001-07-14T17:00,17,48,0,2,267,95,506,1740
2001-07-14T18:00,17.9,43,0,1.9,267,88,458,2115
2001-07-14T19:00,19.1,42,0,1.68,253,48,680,2420
2001-07-14T20:00,19.8,39,0,1.84,241,57,664,2490
2001-07-14T21:00,20.1,37,0,1.71,249,50,628,2570
2001-07-14T22:00,19.9,38,0,1.26,288,60,586,2490
2001-07-14T23:00,18.4,48,0.9,0.89,333,54,445,1530
2001-07-15T00:00,17.3,51,0.3,1.04,343,53,325,855
2001-07-15T01:00,16.4,57,0.7,1.63,349,40,342,590
2001-07-15T02:00,15.4,65,0,1.7,360,44,171,405
2001-07-15T03:00,14.3,74,0,1.52,337,51,91,280
2001-07-15T04:00,12.9,83,0,0.98,336,34,12,110
2001-07-15T05:00,11.4,90,0.2,0.2,180,27,0,30
2001-07-15T06:00,10.7,92,0,0.85,159,23,0,35
2001-07-15T07:00,9.9,96,0,1.4,180,19,0,35
2001-07-15T08:00,9.3,97,0,1.36,197,18,0,30
2001-07-15T09:00,9,97,0,1.25,209,19,0,25
2001-07-15T10:00,8.4,98,0,1.34,207,67,0,40
2001-07-15T11:00,8.1,98,0.4,1.26,198,58,0,35
2001-07-15T12:00,8,99,0.3,1.34,207,43,0,40
2001-07-15T13:00,8.7,99,0,1.61,210,45,25,95
2001-07-15T14:00,10.8,93,0,1.63,191,31,91,210
2001-07-15T15:00,12.1,92,0,1.8,161,31,106,390
2001-07-15T16:00,13.4,85,0,2.28,151,36,203,660
2001-07-15T17:00,14.2,76,0,2.58,144,28,138,1135
2001-07-15T18:00,15.5,67,0,2.83,138,18,154,1605
2001-07-15T19:00,18.3,50,0,3.19,131,22,656,1890
2001-07-15T20:00,19,49,0,3.7,128,46,705,2290
2001-07-15T21:00,18.9,49,0,4.14,127,73,418,2325
2001-07-15T22:00,18.8,49,0,3.5,127,74,334,1810
2001-07-15T23:00,19,47,0,3.3,125,79,263,2035
2001-07-16T00:00,19.2,43,0,3.45,120,54,346,2065
2001-07-16T01:00,19.1,41,0,3.35,117,49,313,1860
2001-07-16T02:00,18.1,46,0,3.4,114,56,178,1345
2001-07-16T03:00,16.6,54,0,2.04,101,85,73,265
2001-07-16T04:00,15.5,56,0,1.5,86,89,6,95
2001-07-16T05:00,13.7,66,0,0.85,339,95,0,40
2001-07-16T06:00,12.1,73,0,2.2,330,100,0,100
2001-07-16T07:00,10.9,90,0,2.42,330,100,0,160
2001-07-16T08:00,10.5,94,0,2.58,324,94,0,165
2001-07-16T09:00,10.2,95,0,2.05,313,93,0,150
2001-07-16T10:00,10,94,0,2.34,310,89,0,170
2001-07-16T11:00,9.9,93,0,1.49,312,88,0,200
2001-07-16T12:00,9.9,91,0,1.36,324,87,0,215
2001-07-16T13:00,10.1,89,0,1.42,321,82,1,225
2001-07-16T14:00,10.5,88,0,1.61,330,80,3,285
2001-07-16T15:00,11.7,82,0,1.26,342,76,43,525
2001-07-16T16:00,13.4,71,0,0.92,13,94,231,705
2001-07-16T17:00,14.6,63,0,1.22,55,93,271,825
2001-07-16T18:00,15.7,57,0,1.99,72,88,332,835
2001-07-16T19:00,14.6,64,0.1,2.3,88,67,386,960
2001-07-16T20:00,15.2,60,0.1,2.45,102,60,417,1045
2001-07-16T21:00,16,56,0,2.37,118,70,413,1245
2001-07-16T22:00,16.4,55,0,2.31,108,68,388,1090
2001-07-16T23:00,16.6,55,0.1,2.06,119,76,391,1050
2001-07-17T00:00,15.8,59,0.1,2.14,127,89,175,1085
2001-07-17T01:00,15.5,61,0,1.86,126,96,86,830
2001-07-17T02:00,15,65,0,1.66,115,98,30,460
2001-07-17T03:00,13.8,74,0.1,1.51,98,99,23,290
2001-07-17T04:00,12.6,80,0.3,1,84,100,4,80
2001-07-17T05:00,11.9,86,0.3,0.36,56,100,0,55
2001-07-17T06:00,11.3,88,0.5,0.1,90,98,0,45
2001-07-17T07:00,10.8,100,1.3,0.45,207,99,0,30
2001-07-17T08:00,10.2,97,0.2,0.41,256,94,0,25
2001-07-17T09:00,9.9,98,0,0.58,239,83,0,35
2001-07-17T10:00,9.1,98,0,1.68,253,72,0,60
2001-07-17T11:00,8.3,98,0,2.18,254,64,0,90
2001-07-17T12:00,7.6,96,0,2.5,254,52,0,130
2001-07-17T13:00,7.9,95,0,2.65,259,66,19,225
2001-07-17T14:00,8.9,91,0,2.75,260,49,89,325
2001-07-17T15:00,10.3,78,0,2.73,262,48,170,420
2001-07-17T16:00,12,65,0,2.51,265,54,316,735
2001-07-17T17:00,13.1,57,0,2.3,270,81,386,1125
2001-07-17T18:00,14.2,52,0,1.91,264,48,428,1470
2001-07-17T19:00,14.6,53,0.1,2.15,242,23,444,1845
2001-07-17T20:00,15.3,47,0.3,3.12,230,68,631,2110
2001-07-17T21:00,12,60,1.2,4.32,228,81,483,2245
2001-07-17T22:00,14.1,41,0,4.61,246,97,307,1290
2001-07-17T23:00,14.6,36,0,4.79,244,64,350,1720
2001-07-18T00:00,14.3,35,0,4.9,250,69,395,1935
2001-07-18T01:00,13.7,37,0,4.2,245,60,316,1595
2001-07-18T02:00,12.5,43,0,3.78,217,14,107,1135
2001-07-18T03:00,11.2,48,0,3.89,209,14,62,910
2001-07-18T04:00,9.7,52,0,3.91,212,23,9,785
2001-07-18T05:00,8.7,55,0,4.02,215,70,0,745
2001-07-18T06:00,8.1,57,0,4.22,216,98,0,750
2001-07-18T07:00,7.5,57,0,4.4,219,100,0,775
2001-07-18T08:00,7.2,59,0,4.67,223,99,0,785
2001-07-18T09:00,7.1,61,0,4.81,227,95,0,760
2001-07-18T10:00,7,62,0,4.26,219,93,0,650
2001-07-18T11:00,6.8,65,0.1,4.34,218,97,0,755
2001-07-18T12:00,6.8,67,0.1,4.4,219,99,0,815
2001-07-18T13:00,7,69,0.2,4.32,222,100,2,825
2001-07-18T14:00,7.4,70,0.2,4.1,225,100,2,815
2001-07-18T15:00,8,70,0.2,3.98,231,100,6,845
2001-07-18T16:00,8.3,71,0.3,3.86,233,100,4,850
2001-07-18T17:00,8.8,71,0.3,3.94,234,100,10,835
2001-07-18T18:00,10.2,62,0.1,4.16,235,98,38,900
2001-07-18T19:00,11.9,56,0,5.15,246,93,177,1055
2001-07-18T20:00,13.6,47,0,5.03,253,88,280,1300
2001-07-18T21:00,13.7,46,0,4.92,257,86,141,1455
2001-07-18T22:00,13.8,46,0,5,254,73,265,1260
2001-07-18T23:00,14.1,46,0,5.19,254,54,319,1300
2001-07-19T00:00,13.9,47,0,4.93,252,36,345,1210
2001-07-19T01:00,13.2,49,0,4.84,252,39,288,1095
2001-07-19T02:00,12.1,53,0,4.46,250,41,145,950
2001-07-19T03:00,10.8,58,0,4.18,253,10,38,810
2001-07-19T04:00,9.7,60,0,4,257,22,5,635
2001-07-19T05:00,8.6,64,0,3.71,256,25,0,520
2001-07-19T06:00,8,67,0,3.38,251,21,0,410
2001-07-19T07:00,7.1,69,0,3.18,246,11,0,305
2001-07-19T08:00,6.5,72,0,3.27,247,12,0,225
2001-07-19T09:00,6.2,74,0,3.29,250,8,0,195
2001-07-19T10:00,6,76,0,3.32,249,47,0,185
2001-07-19T11:00,5.8,77,0,3.31,245,55,0,180
2001-07-19T12:00,5.6,79,0,3.18,242,45,0,170
2001-07-19T13:00,6.4,78,0,2.95,242,49,18,185
2001-07-19T14:00,8.2,73,0,2.77,244,65,80,245
2001-07-19T15:00,10.4,66,0,2.53,252,69,154,460
2001-07-19T16:00,12.4,57,0,2.7,268,75,292,810
2001-07-19T17:00,13.5,50,0,2.18,286,51,332,1260
2001-07-19T18:00,14.2,47,0,1.75,283,46,379,1380
2001-07-19T19:00,15.2,45,0,1.2,265,47,610,1615
2001-07-19T20:00,15.5,44,0,1.03,241,30,499,1855
2001-07-19T21:00,15.9,45,0,0.85,249,43,389,2060
2001-07-19T22:00,16.8,45,0,0.89,297,67,579,2155
2001-07-19T23:00,16.9,46,0,0.89,297,80,381,2080
2001-07-20T00:00,15.5,57,0.3,0.85,291,76,200,1180
2001-07-20T01:00,15.3,55,0,0.86,216,59,177,730
2001-07-20T02:00,14.2,65,0.7,0.72,214,45,136,380
2001-07-20T03:00,13.1,79,0,0.76,247,35,80,40
2001-07-20T04:00,12.1,82,0,1.06,229,11,8,25
2001-07-20T05:00,10.6,85,0,1.08,236,3,0,25
2001-07-20T06:00,8.6,90,0,1.43,245,0,0,20
2001-07-20T07:00,7.2,93,0,1.75,246,0,0,25
2001-07-20T08:00,6.5,93,0,1.88,245,0,0,30
2001-07-20T09:00,6.1,91,0,2.19,246,0,0,35
2001-07-20T10:00,5.6,92,0,2.46,243,17,0,60
2001-07-20T11:00,5.4,92,0,2.77,244,35,0,100
2001-07-20T12:00,5.3,92,0,3,244,51,0,130
2001-07-20T13:00,6.1,89,0,3.22,244,49,27,165
2001-07-20T14:00,8,83,0,3.09,245,9,99,190
2001-07-20T15:00,10.8,73,0,2.64,245,11,242,285
2001-07-20T16:00,13.4,59,0,2.21,252,26,403,640
2001-07-20T17:00,15.1,49,0,2.11,275,58,527,1315
2001-07-20T18:00,16.1,43,0.2,1.84,283,85,565,1670
2001-07-20T19:00,16.6,42,0.1,1.61,277,92,578,1840
2001-07-20T20:00,16.6,42,0.1,1.61,277,99,378,1790
2001-07-20T21:00,16.7,42,0,1.5,274,47,291,1905
2001-07-20T22:00,17.1,43,0.2,1.24,346,51,496,1545
2001-07-20T23:00,16.7,44,0.2,1.63,11,56,436,1185
2001-07-21T00:00,15.8,48,0,1.91,6,62,371,705
2001-07-21T01:00,15.3,51,0,1.92,9,76,262,700
2001-07-21T02:00,14.1,59,0,1.24,14,74,140,480
2001-07-21T03:00,12.7,70,0,0.67,27,62,46,150
2001-07-21T04:00,11.3,79,0,0.36,34,62,8,40
2001-07-21T05:00,10.7,79,0,0.41,284,39,0,25
2001-07-21T06:00,9.7,86,0,0.9,270,39,0,25
2001-07-21T07:00,8.7,90,0,1,270,52,0,20
2001-07-21T08:00,8,92,0,0.82,256,26,0,15
2001-07-21T09:00,7.3,93,0,0.63,252,34,0,15
2001-07-21T10:00,6.9,93,0,0.76,247,43,0,15
2001-07-21T11:00,6.4,93,0,0.67,243,35,0,15
2001-07-21T12:00,5.7,95,0,0.95,252,28,0,15
2001-07-21T13:00,6,97,0,1.21,246,38,21,25
2001-07-21T14:00,9,93,0,0.76,247,44,75,55
2001-07-21T15:00,10.8,84,0,0.2,180,59,178,315
2001-07-21T16:00,12.2,81,0,0.41,104,40,262,930
2001-07-21T17:00,13.1,78,0.4,0.92,77,48,318,1330
2001-07-21T18:00,13.2,74,0.9,1.2,95,90,238,1180
2001-07-21T19:00,14.2,70,0.4,1.04,73,96,361,1330
2001-07-21T20:00,13.8,76,1.5,0.54,68,99,218,345
2001-07-21T21:00,13.1,80,2.9,1,96,94,196,395
2001-07-21T22:00,13,79,0.9,0.89,243,100,213,455
2001-07-21T23:00,12.3,82,0.3,1.92,321,86,14,690
2001-07-22T00:00,12.9,75,0.2,1.14,15,84,108,675
2001-07-22T01:00,13.3,78,0,0.92,41,78,183,635
2001-07-22T02:00,12.8,76,0,1.06,319,76,94,280
2001-07-22T03:00,11.9,84,0,0.58,329,72,48,75
2001-07-22T04:00,10.5,86,1.1,0.85,291,75,5,25
2001-07-22T05:00,9.3,90,0.6,1,276,78,0,20
2001-07-22T06:00,8.3,93,0,1.2,265,95,0,30
2001-07-22T07:00,8,97,0.4,1.87,254,96,0,35
2001-07-22T08:00,7.7,94,0,2.11,265,85,0,50
2001-07-22T09:00,7.3,93,0,2.3,270,56,0,55
2001-07-22T10:00,6.6,93,0,2.21,265,62,0,50
2001-07-22T11:00,6.2,94,0,2.4,270,70,0,60
2001-07-22T12:00,6,94,0.1,2.4,268,78,0,70
2001-07-22T13:00,6.4,95,0.2,2.41,265,94,12,100
2001-07-22T14:00,8.7,93,0.4,2.22,278,91,59,230
2001-07-22T15:00,10.4,88,0.3,2.06,293,81,129,485
2001-07-22T16:00,11.3,84,0.2,2.48,310,77,175,875
2001-07-22T17:00,12.7,80,0.3,3.28,322,77,277,1145
2001-07-22T18:00,13.5,77,0.3,3.4,332,90,299,1425
2001-07-22T19:00,14.2,77,1.9,2.94,342,97,330,1360
2001-07-22T20:00,12.2,86,3.6,3.1,358,87,56,1285
2001-07-22T21:00,13.8,83,0.6,2.69,345,84,350,1090
2001-07-22T22:00,12.6,83,2.2,2.22,352,66,136,1080
2001-07-22T23:00,13.4,75,0.2,1.96,345,72,249,1165
2001-07-23T00:00,14.2,69,0.1,1.75,336,72,273,1065
2001-07-23T01:00,14.4,65,0,2.04,349,53,260,950
2001-07-23T02:00,13.7,71,0,1.41,8,54,106,410
2001-07-23T03:00,12.6,78,0,1.2,5,75,50,130
2001-07-23T04:00,11.6,85,0,0.57,225,60,4,20
2001-07-23T05:00,10.9,87,0,1.2,228,47,0,25
2001-07-23T06:00,10,89,0,1.12,243,40,0,20
2001-07-23T07:00,7.8,96,0,1.3,247,39,0,15
2001-07-23T08:00,6.5,97,0,1.52,247,25,0,15
2001-07-23T09:00,5.7,98,0,1.66,245,70,0,20
2001-07-23T10:00,5.4,99,0,2.06,247,18,0,25
2001-07-23T11:00,5,99,0,2.19,246,42,0,30
2001-07-23T12:00,4.5,99,0,2.28,247,46,0,35
2001-07-23T13:00,5.4,98,0,2.1,245,63,21,35
2001-07-23T14:00,8.3,96,0,1.57,243,100,94,40
2001-07-23T15:00,11.9,93,0,0.86,234,68,176,105
2001-07-23T16:00,14.6,76,0,0.61,189,6,341,400
2001-07-23T17:00,16.7,59,0,0.4,180,27,551,1195
2001-07-23T18:00,17.4,52,0,0.1,180,61,325,1570
2001-07-23T19:00,18.7,44,0,0.32,18,73,480,1930
2001-07-23T20:00,19.1,44,0,0.95,72,69,397,1970
2001-07-23T21:00,19.9,42,0,0.61,81,59,528,1960
2001-07-23T22:00,19.8,43,0,1.22,81,50,305,1605
2001-07-23T23:00,20,43,0,1.41,98,46,386,1600
2001-07-24T00:00,19.3,46,0,1.3,122,60,218,1685
2001-07-24T01:00,18.9,50,0,1.89,122,43,287,1285
2001-07-24T02:00,17.7,61,0,1.97,120,36,187,280
2001-07-24T03:00,16.1,68,0,1.86,144,24,71,150
2001-07-24T04:00,14.8,72,0,1.9,177,30,6,90
2001-07-24T05:00,13.8,75,0,1.71,201,39,0,60
2001-07-24T06:00,12.6,77,0,1.98,229,29,0,35
2001-07-24T07:00,10.7,83,0,2.38,255,15,0,35
2001-07-24T08:00,10.5,81,0,2.5,268,33,0,45
2001-07-24T09:00,10.1,82,0,2.51,275,31,0,60
2001-07-24T10:00,9.4,86,0,2.61,274,23,0,125
2001-07-24T11:00,9,87,0,2.32,263,55,0,60
2001-07-24T12:00,8.6,88,0,1.94,258,85,0,35
2001-07-24T13:00,9.1,88,0,1.81,264,100,10,40
2001-07-24T14:00,11.5,83,0,1.4,274,86,51,75
2001-07-24T15:00,13.1,78,0,0.86,324,70,107,320
2001-07-24T16:00,12.7,80,0.4,0.85,21,96,106,800
2001-07-24T17:00,12.4,83,1.5,1.26,72,95,109,890
2001-07-24T18:00,12.5,85,1.7,1.71,111,99,182,950
2001-07-24T19:00,11.8,84,3.4,0.67,333,100,74,700
2001-07-24T20:00,11.1,83,2.8,3.96,339,93,136,815
2001-07-24T21:00,9.8,96,2.4,5.3,328,100,98,630
2001-07-24T22:00,9,100,1.2,4.1,315,100,15,680
2001-07-24T23:00,8.4,96,0.6,2.8,305,97,13,675
2001-07-25T00:00,9.2,89,0.2,3.47,303,88,14,1015
2001-07-25T01:00,10.3,80,0,3.05,311,61,61,1160
2001-07-25T02:00,10.2,78,0,2.34,320,39,52,1000
2001-07-25T03:00,9.6,78,0,1.79,333,29,26,445
2001-07-25T04:00,8.7,78,0,1.78,322,14,3,170
2001-07-25T05:00,8,80,0,1.7,298,10,0,110
2001-07-25T06:00,7.5,80,0,1.77,286,10,0,90
2001-07-25T07:00,6.6,79,0,1.8,273,39,0,65
2001-07-25T08:00,6,81,0,2,267,85,0,55
2001-07-25T09:00,5.8,80,0,2.12,262,99,0,65
2001-07-25T10:00,6.3,76,0.1,1.75,239,95,0,105
2001-07-25T11:00,6.6,75,0.2,2.33,239,100,0,185
2001-07-25T12:00,6.5,77,0.2,3.04,243,100,0,285
2001-07-25T13:00,6.5,81,0.2,3.51,250,100,0,445
2001-07-25T14:00,6.8,81,0.2,4.03,263,99,4,790
2001-07-25T15:00,7.7,79,0.2,4.32,275,99,26,1075
2001-07-25T16:00,8.4,78,0.3,4.95,284,100,39,1185
2001-07-25T17:00,8.8,78,0.3,5.64,295,100,36,1185
2001-07-25T18:00,9.5,77,0.2,5.47,301,100,12,1145
2001-07-25T19:00,9.7,79,0.3,5.08,302,100,34,1140
2001-07-25T20:00,10.5,74,0.1,4.74,305,100,66,1090
2001-07-25T21:00,11.2,68,0,4.78,307,100,6,1115
2001-07-25T22:00,12.2,63,0,5.02,313,98,67,1075
2001-07-25T23:00,12.2,62,0,4.95,317,95,51,1110
2001-07-26T00:00,12.3,61,0,4.33,320,70,35,1025
2001-07-26T01:00,12.8,59,0,3.97,319,12,154,985
2001-07-26T02:00,12.4,63,0,3.44,324,24,150,925
2001-07-26T03:00,11.2,69,0,2.64,335,35,47,465
2001-07-26T04:00,9.8,75,0,2.15,332,15,3,255
2001-07-26T05:00,8.9,79,0,1.84,319,16,0,160
2001-07-26T06:00,8.2,83,0,1.52,293,16,0,90
2001-07-26T07:00,7.5,86,0,1.63,281,24,0,55
2001-07-26T08:00,6.8,88,0,1.61,277,27,0,40
2001-07-26T09:00,6.3,90,0,1.5,274,18,0,35
2001-07-26T10:00,5.8,92,0,1.84,257,22,0,35
2001-07-26T11:00,5,95,0,1.8,251,52,0,25
2001-07-26T12:00,4.5,96,0,1.66,245,65,0,25
2001-07-26T13:00,4.9,95,0,1.75,246,73,21,35
2001-07-26T14:00,8.6,85,0,1.12,243,70,109,40
2001-07-26T15:00,11.1,72,0,0.22,243,53,227,430
2001-07-26T16:00,12.9,63,0,0.22,63,44,418,765
2001-07-26T17:00,14.2,55,0.1,0.14,45,52,516,975
2001-07-26T18:00,14.5,53,0.1,0.22,63,42,385,1280
2001-07-26T19:00,14.9,60,0,0.63,72,49,439,1440
2001-07-26T20:00,16,59,0.1,0.92,77,56,596,1545
2001-07-26T21:00,16.5,61,0.2,1.3,90,63,616,1670
2001-07-26T22:00,16.8,63,0.4,1.33,103,89,653,1830
2001-07-26T23:00,15.3,63,3.9,1.14,105,92,386,1130
2001-07-27T00:00,13.7,74,1,0.5,90,81,167,190
2001-07-27T01:00,12,89,1,0.51,11,58,75,260
2001-07-27T02:00,11.7,89,0.4,0.22,117,38,42,185
2001-07-27T03:00,10.8,96,0,0.78,230,21,29,50
2001-07-27T04:00,9.8,98,0,0.51,191,14,3,15
2001-07-27T05:00,8.8,97,0,0.85,201,30,0,15
2001-07-27T06:00,7.4,96,0,0.85,225,46,0,15
2001-07-27T07:00,7,99,0,1.22,235,99,0,25
2001-07-27T08:00,6.6,98,0,1.66,237,62,0,35
2001-07-27T09:00,5.9,98,0,1.92,242,85,0,35
2001-07-27T10:00,5.3,96,0,2.33,245,99,0,35
2001-07-27T11:00,5,95,0,2.37,242,97,0,35
2001-07-27T12:00,4.9,94,0,2.46,243,97,0,40
2001-07-27T13:00,5.3,93,0,2.46,243,70,10,40
2001-07-27T14:00,7.9,90,0,2.15,242,49,67,45
2001-07-27T15:00,11.7,81,0,1.28,231,23,180,100
2001-07-27T16:00,15.1,59,0,1.04,197,16,380,500
2001-07-27T17:00,17.2,48,0,1.4,184,6,543,1260
2001-07-27T18:00,18.5,42,0,1.75,193,18,595,2085
2001-07-27T19:00,19.5,41,0,1.96,195,32,634,2495
2001-07-27T20:00,20.3,39,0,2.25,201,89,683,2660
2001-07-27T21:00,20.7,38,0,2.34,200,98,569,2700
2001-07-27T22:00,20.4,39,0,1.88,205,96,460,2495
2001-07-27T23:00,18.8,50,0.4,1.9,198,97,282,2115
2001-07-28T00:00,19.3,45,0,1.52,203,98,323,925
2001-07-28T01:00,18.5,49,0,1.2,270,97,213,825
2001-07-28T02:00,16.1,72,0.2,1.22,325,83,79,655
2001-07-28T03:00,14.9,81,0,1.03,331,67,13,265
2001-07-28T04:00,13.5,84,0,0.85,339,23,3,75
2001-07-28T05:00,12.1,85,0,0.71,278,20,0,35
2001-07-28T06:00,10.6,85,0,1.1,265,32,0,35
2001-07-28T07:00,10.7,86,0,1.1,270,81,0,25
2001-07-28T08:00,9.6,88,0,1,270,99,0,20
2001-07-28T09:00,9,89,0,0.91,276,100,0,15
2001-07-28T10:00,8.6,90,0,0.9,270,100,0,20
2001-07-28T11:00,8.3,90,0,0.71,262,98,0,15
2001-07-28T12:00,8.2,90,0,0.63,252,98,0,10
2001-07-28T13:00,8.5,88,0,0.58,239,94,1,10
2001-07-28T14:00,10.1,86,0,0.64,219,96,16,45
2001-07-28T15:00,11.9,78,0,0.72,124,100,83,200
2001-07-28T16:00,13.3,74,0,1.28,129,99,136,355
2001-07-28T17:00,14.2,69,0,1.42,129,99,73,680
2001-07-28T18:00,15.2,64,0,1.44,146,100,125,850
2001-07-28T19:00,14.4,67,0,1.53,169,100,26,925
2001-07-28T20:00,14.2,69,0.6,1.51,172,97,52,1025
2001-07-28T21:00,14.8,64,0.2,1.91,186,97,135,1235
2001-07-28T22:00,13.8,64,0.3,2.41,222,95,16,1120
2001-07-28T23:00,13.8,59,0.1,2.69,255,93,173,965
2001-07-29T00:00,13.3,60,0,3.42,291,91,201,825
2001-07-29T01:00,12.7,62,0,3.16,305,91,148,870
2001-07-29T02:00,11.5,68,0.7,2.78,300,90,88,830
2001-07-29T03:00,10.5,72,0,2.55,281,96,19,755
2001-07-29T04:00,9.7,73,0.2,2.4,270,94,0,515
2001-07-29T05:00,9.1,72,0,2.61,266,63,0,440
2001-07-29T06:00,8.6,72,0,3.22,263,71,0,495
2001-07-29T07:00,8,72,0,3.42,263,72,0,545
2001-07-29T08:00,7.7,71,0,3.55,260,77,0,545
2001-07-29T09:00,7.4,70,0,3.71,256,91,0,520
2001-07-29T10:00,7.3,69,0,3.92,251,98,0,545
2001-07-29T11:00,7.1,69,0,4.4,253,94,0,620
2001-07-29T12:00,7.1,68,0,4.49,258,99,0,650
2001-07-29T13:00,7.3,67,0,4.23,263,99,11,655
2001-07-29T14:00,8.3,66,0,4.22,265,100,71,835
2001-07-29T15:00,9.7,60,0,4.5,267,100,137,1145
2001-07-29T16:00,10.8,56,0,4.3,269,100,161,1290
2001-07-29T17:00,12.1,50,0,4.4,273,100,311,1420
2001-07-29T18:00,12.7,48,0,4.85,284,100,326,1515
2001-07-29T19:00,12.2,53,0.1,4.96,289,100,38,1520
2001-07-29T20:00,12.4,53,0,5.29,292,100,81,1510
2001-07-29T21:00,12.7,53,0,4.79,296,100,74,1550
2001-07-29T22:00,12.9,52,0,3.58,297,100,86,1455
2001-07-29T23:00,13.1,53,0,3.22,296,100,132,1685
2001-07-30T00:00,13.1,55,0,3.16,305,100,94,1780
2001-07-30T01:00,12.8,57,0,2.76,316,99,97,1565
2001-07-30T02:00,11.8,63,0,2.28,308,100,34,1055
2001-07-30T03:00,11,69,0,1,264,100,10,90
2001-07-30T04:00,10.1,73,0,1.17,239,100,0,40
2001-07-30T05:00,8.9,79,0,1.57,243,100,0,30
2001-07-30T06:00,7.8,85,0,1.92,242,100,0,35
2001-07-30T07:00,7.5,83,0,2.09,253,100,0,40
2001-07-30T08:00,7.3,82,0,2.21,252,98,0,45
2001-07-30T09:00,7,82,0,2.25,249,100,0,45
2001-07-30T10:00,6.9,82,0,2.38,248,99,0,70
2001-07-30T11:00,6.8,82,0,2.24,243,100,0,70
2001-07-30T12:00,6.4,83,0,2.33,245,100,0,70
2001-07-30T13:00,6.6,84,0,2.42,246,100,0,80
2001-07-30T14:00,7.9,82,0,2.06,247,98,12,150
2001-07-30T15:00,9.5,79,0,1.71,249,98,43,255
2001-07-30T16:00,11.1,66,0,1.32,261,100,63,800
2001-07-30T17:00,12.5,56,0,0.9,270,95,176,1095
2001-07-30T18:00,13.3,56,0,0.36,304,80,302,1405
2001-07-30T19:00,13.9,60,0.2,0.64,51,82,468,1650
2001-07-30T20:00,14.6,60,0.2,1.36,73,83,473,1820
2001-07-30T21:00,14.7,63,0.4,1.75,77,77,406,1830
2001-07-30T22:00,14.6,63,1.2,1.08,56,73,376,1550
2001-07-30T23:00,13.4,68,0.9,0.94,148,96,165,720
2001-07-31T00:00,11.3,75,0.9,1.6,176,98,137,390
2001-07-31T01:00,10.5,78,0.2,1.22,189,89,77,305
2001-07-31T02:00,10.4,79,0,0.82,194,82,58,210
2001-07-31T03:00,10,83,0,0.81,240,83,26,40
2001-07-31T04:00,9,87,0,1.04,253,76,1,35
2001-07-31T05:00,7.6,91,0,1.24,256,69,0,25
2001-07-31T06:00,6.4,95,0,1.24,256,42,0,20
2001-07-31T07:00,5.6,98,0,1.26,252,57,0,20
2001-07-31T08:00,5,98,0,1.55,255,81,0,25
2001-07-31T09:00,5,96,0,1.65,256,76,0,30
2001-07-31T10:00,4.5,95,0,1.92,261,74,0,35
2001-07-31T11:00,4.3,94,0,2.04,259,79,0,35
2001-07-31T12:00,4,93,0,2.11,265,74,0,35
2001-07-31T13:00,4.1,93,0,2.11,265,52,10,40
2001-07-31T14:00,6.6,90,0,1.7,267,9,97,60
2001-07-31T15:00,10.2,76,0,0.85,291,1,234,265
2001-07-31T16:00,11.7,66,0,0.78,40,27,339,745
2001-07-31T17:00,13.3,56,0,0.73,74,47,418,1055
2001-07-31T18:00,14.2,54,0,0.61,81,54,477,1160
2001-07-31T19:00,15.1,51,0.1,1.24,76,45,542,1305
2001-07-31T20:00,15.5,52,0,1.61,97,57,532,1615
2001-07-31T21:00,15.8,54,0,1.8,109,76,394,1770
2001-07-31T22:00,16,56,0,2.14,127,70,389,1790
2001-07-31T23:00,16.1,57,0.1,1.8,124,63,475,1740
2001-08-01T00:00,16,59,0.1,1.22,125,81,356,1030
2001-08-01T01:00,13.4,75,1.7,1.26,162,86,160,420
2001-08-01T02:00,12.1,81,0.3,1.04,197,84,69,245
2001-08-01T03:00,11.3,87,0,1.22,261,70,19,50
2001-08-01T04:00,10.1,89,0,1.22,235,34,1,20
2001-08-01T05:00,8.2,94,0,1.28,231,11,0,20
2001-08-01T06:00,6.5,96,0,1.44,236,14,0,20
2001-08-01T07:00,6.2,94,0,1.7,242,15,0,20
2001-08-01T08:00,5.6,92,0,1.97,246,5,0,20
2001-08-01T09:00,5.2,90,0,2.25,249,0,0,25
2001-08-01T10:00,4.9,88,0,2.51,247,0,0,35
2001-08-01T11:00,4.6,87,0,2.6,247,0,0,35
2001-08-01T12:00,4.3,87,0,2.64,245,0,0,35
2001-08-01T13:00,4.8,88,0,2.68,243,1,17,35
2001-08-01T14:00,7.5,89,0,2.33,239,17,118,45
2001-08-01T15:00,11.7,76,0,1.7,230,53,267,260
2001-08-01T16:00,14.1,58,0,2,233,85,426,835
2001-08-01T17:00,15.6,48,0,2.2,231,82,471,1385
2001-08-01T18:00,16.7,41,0,2.08,215,59,446,1960
2001-08-01T19:00,17.7,37,0,2.64,205,89,523,2260
2001-08-01T20:00,18.4,35,0,2.95,208,100,360,2545
2001-08-01T21:00,18.6,34,0,3.36,217,100,222,2470
2001-08-01T22:00,18.5,35,0,3.04,224,99,175,2470
2001-08-01T23:00,18.5,35,0,3.18,226,100,195,2305
2001-08-02T00:00,18.2,36,0,3.18,226,98,167,2100
2001-08-02T01:00,17.6,40,0,2.69,225,93,165,1350
2001-08-02T02:00,16.4,49,0,2.06,219,94,86,495
2001-08-02T03:00,14.9,55,0,1.7,220,91,25,80
2001-08-02T04:00,12.8,59,0,1.7,230,57,1,35
2001-08-02T05:00,10.6,66,0,1.94,235,49,0,30
2001-08-02T06:00,9.4,68,0,2.02,237,90,0,25
2001-08-02T07:00,8.5,72,0,2.08,235,97,0,30
2001-08-02T08:00,8.2,69,0,2.08,235,97,0,35
2001-08-02T09:00,8.1,68,0,1.94,235,90,0,35
2001-08-02T10:00,7.8,69,0,2.2,240,92,0,35
2001-08-02T11:00,7.4,71,0,2.15,242,79,0,35
2001-08-02T12:00,6.6,74,0,2.37,242,83,0,35
2001-08-02T13:00,6.8,76,0,2.42,240,78,10,35
2001-08-02T14:00,9,75,0,2.3,236,99,57,45
2001-08-02T15:00,12.4,67,0,1.56,225,100,106,105
2001-08-02T16:00,14.9,55,0,1.39,210,100,148,525
2001-08-02T17:00,15.7,51,0,1.93,201,100,99,975
2001-08-02T18:00,16.3,49,0,2.5,196,99,64,1320
2001-08-02T19:00,18,43,0,3.01,201,96,167,1860
2001-08-02T20:00,19.6,37,0,3.53,205,85,352,2360
2001-08-02T21:00,20,35,0,4.24,214,73,231,2535
2001-08-02T22:00,20.4,35,0,4.03,224,84,269,2480
2001-08-02T23:00,20.4,35,0,4.03,224,81,195,2340
2001-08-03T00:00,20.3,37,0,3.11,222,52,158,2095
2001-08-03T01:00,20.1,40,0,2.48,220,10,299,1755
2001-08-03T02:00,19.2,48,0,1.86,216,17,178,720
2001-08-03T03:00,17.6,56,0,1.98,225,20,59,75
2001-08-03T04:00,15.7,58,0,1.7,242,12,2,20
2001-08-03T05:00,13.1,65,0,1.49,250,14,0,15
2001-08-03T06:00,10.6,76,0,1.46,254,16,0,15
2001-08-03T07:00,9.3,80,0,1.55,255,30,0,15
2001-08-03T08:00,8.2,84,0,1.36,253,17,0,15
2001-08-03T09:00,7.5,87,0,1.3,247,9,0,15
2001-08-03T10:00,6.9,88,0,1.43,245,0,0,15
2001-08-03T11:00,6.6,87,0,1.75,239,0,0,15
2001-08-03T12:00,6.5,85,0,2.08,235,0,0,20
2001-08-03T13:00,7.3,81,0,2.48,230,0,15,25
2001-08-03T14:00,10.8,74,0,2.62,220,0,109,50
2001-08-03T15:00,15.1,65,0,2.1,205,0,254,160
2001-08-03T16:00,18.2,51,0,2.32,187,0,408,745
2001-08-03T17:00,20.2,43,0,3.3,182,0,548,1535
2001-08-03T18:00,21.6,38,0,4.12,194,12,664,2190
2001-08-03T19:00,22.4,36,0,4.79,206,31,704,2355
2001-08-03T20:00,22.5,36,0,4.52,205,35,618,2410
2001-08-03T21:00,22.8,36,0,4.25,204,25,553,2360
2001-08-03T22:00,23,37,0,3.77,212,50,661,2025
2001-08-03T23:00,21.9,43,0.3,2.83,222,28,582,2010
2001-08-04T00:00,22,42,0,2.77,206,45,439,1910
2001-08-04T01:00,21.6,45,0,1.66,205,21,263,1315
2001-08-04T02:00,19.6,64,0,0.78,220,23,157,635
2001-08-04T03:00,18.4,69,0,1.1,265,24,47,60
2001-08-04T04:00,16,73,0,1.8,304,20,1,70
2001-08-04T05:00,14.2,75,0,1.7,298,27,0,70
2001-08-04T06:00,13,77,0,1.51,278,22,0,40
2001-08-04T07:00,12.9,79,0,1.41,262,21,0,25
2001-08-04T08:00,11.7,82,0,1.36,253,6,0,20
2001-08-04T09:00,10.3,86,0,1.17,250,1,0,15
2001-08-04T10:00,9.5,87,0,1.08,248,0,0,15
2001-08-04T11:00,8.9,88,0,0.86,234,4,0,15
2001-08-04T12:00,8.4,88,0,1,233,8,0,15
2001-08-04T13:00,8.1,90,0,1.06,229,23,11,15
2001-08-04T14:00,10.9,87,0,1.36,197,15,80,60
2001-08-04T15:00,14.4,73,0,1.39,150,16,196,330
2001-08-04T16:00,16.6,61,0,2.18,164,29,349,1125
2001-08-04T17:00,17.6,52,0,2.41,185,29,417,1470
2001-08-04T18:00,18.6,46,0,2.77,206,30,521,2040
2001-08-04T19:00,19.3,38,0,3.3,215,35,635,2250
2001-08-04T20:00,19.6,35,0,3.68,223,80,612,2515
2001-08-04T21:00,19.6,34,0,3.91,230,96,456,2575
2001-08-04T22:00,19.2,35,0,3.97,236,99,396,2440
2001-08-04T23:00,18.7,35,0,4.12,241,92,406,2375
2001-08-05T00:00,17.7,36,0,3.76,241,84,230,2155
2001-08-05T01:00,16.9,39,0,3.36,240,54,204,1875
2001-08-05T02:00,15.9,45,0,2.92,239,15,152,1590
2001-08-05T03:00,14.3,50,0,2.55,244,2,52,545
2001-08-05T04:00,12.4,55,0,2.64,245,6,1,190
2001-08-05T05:00,10.6,61,0,2.69,248,1,0,110
2001-08-05T06:00,9.3,66,0,2.66,250,0,0,90
2001-08-05T07:00,8.9,67,0,2.62,252,19,0,80
2001-08-05T08:00,8,71,0,2.34,250,70,0,55
2001-08-05T09:00,7.4,75,0,2.15,248,85,0,40
2001-08-05T10:00,6.8,79,0,1.88,245,80,0,35
2001-08-05T11:00,6.3,81,0,1.84,241,97,0,35
2001-08-05T12:00,6.2,83,0,1.75,239,97,0,35
2001-08-05T13:00,6.4,83,0,1.89,238,59,1,40
2001-08-05T14:00,8,82,0,1.92,231,20,50,75
2001-08-05T15:00,11.4,69,0,1.57,207,6,186,630
2001-08-05T16:00,13.8,53,0,3.18,208,13,380,1410
2001-08-05T17:00,15.2,45,0,3.97,221,28,479,1700
2001-08-05T18:00,16.7,38,0,4.17,224,43,621,1890
2001-08-05T19:00,17.9,34,0,4.39,227,95,638,2140
2001-08-05T20:00,18.6,31,0,4.67,227,94,426,2420
2001-08-05T21:00,18.8,31,0,5.03,229,94,320,2640
2001-08-05T22:00,19.1,31,0,4.28,233,80,230,2610
2001-08-05T23:00,19.2,31,0,4.26,231,74,196,2590
2001-08-06T00:00,19.2,33,0,4.33,230,76,175,2620
2001-08-06T01:00,18.4,39,0,3.47,224,36,90,1950
2001-08-06T02:00,17.6,44,0,3.04,226,3,150,940
2001-08-06T03:00,16,49,0,2.7,231,6,43,370
2001-08-06T04:00,14,54,0,2.72,234,1,1,325
2001-08-06T05:00,12.3,60,0,2.77,229,0,0,380
2001-08-06T06:00,10.9,66,0,2.91,229,0,0,395
2001-08-06T07:00,10.8,65,0,3.28,232,0,0,430
2001-08-06T08:00,10.7,67,0,3.45,240,0,0,495
2001-08-06T09:00,10.5,69,0,3.4,242,0,0,505
2001-08-06T10:00,10.2,70,0,2.46,243,0,0,255
2001-08-06T11:00,9.5,74,0,1.94,235,0,0,65
2001-08-06T12:00,8.5,80,0,1.7,230,0,0,20
2001-08-06T13:00,8,85,0,1.7,230,0,11,20
2001-08-06T14:00,10.5,84,0,1.94,215,0,100,45
2001-08-06T15:00,14.2,65,0,1.43,192,1,239,940
2001-08-06T16:00,16.1,53,0,3.2,231,27,358,1750
2001-08-06T17:00,17.2,47,0,3.19,238,12,348,1915
2001-08-06T18:00,18.4,41,0,3.55,238,31,514,2085
2001-08-06T19:00,19.9,36,0,3.97,236,39,612,2290
2001-08-06T20:00,20.8,33,0,3.84,231,34,610,2455
2001-08-06T21:00,21.7,31,0,4.06,232,27,676,2590
2001-08-06T22:00,22.2,29,0,3.19,238,14,542,2535
2001-08-06T23:00,22.2,29,0,3.88,235,52,378,2855
2001-08-07T00:00,22.1,30,0,3.49,243,52,336,2745
2001-08-07T01:00,21,38,0,1.9,267,35,209,1285
2001-08-07T02:00,19.5,48,0,1.1,275,34,125,540
2001-08-07T03:00,17.8,64,0,0.58,301,14,44,135
2001-08-07T04:00,16.2,64,0,0.36,146,13,0,55
2001-08-07T05:00,14.3,73,0,1.1,175,20,0,45
2001-08-07T06:00,13.6,70,0,1.39,210,21,0,30
2001-08-07T07:00,13,70,0,0.94,238,11,0,20
2001-08-07T08:00,10.8,79,0,1.17,250,5,0,15
2001-08-07T09:00,9.4,86,0,1.46,254,6,0,15
2001-08-07T10:00,9,86,0,2.06,256,11,0,20
2001-08-07T11:00,9.3,82,0,2.4,268,13,0,30
2001-08-07T12:00,9.4,81,0,2.46,297,26,0,85
2001-08-07T13:00,9.2,85,0,2.33,313,33,8,165
2001-08-07T14:00,10.8,85,0.3,2.27,311,40,63,220
2001-08-07T15:00,12.1,83,0.5,2.3,326,42,182,355
2001-08-07T16:00,12.7,81,0.5,2.15,338,40,213,505
2001-08-07T17:00,14,74,0,2.01,333,58,328,835
2001-08-07T18:00,14.9,69,0,1.78,322,58,384,1190
2001-08-07T19:00,16.8,58,0.1,1.39,339,58,375,1425
2001-08-07T20:00,17.7,54,0.1,1.33,13,36,582,1590
2001-08-07T21:00,18,55,0,1.43,25,52,446,1550
2001-08-07T22:00,15.9,65,1.6,1.46,16,38,445,845
2001-08-07T23:00,15.6,64,0.8,2.33,31,26,382,980
2001-08-08T00:00,15.9,64,0,2.13,41,35,366,710
2001-08-08T01:00,14.9,70,0.2,1.72,54,60,166,485
2001-08-08T02:00,14.2,72,0.2,1.17,31,73,140,335
2001-08-08T03:00,12.3,82,1.2,1.5,4,59,40,270
2001-08-08T04:00,10.8,87,0.8,2.04,349,88,0,270
2001-08-08T05:00,10.3,90,0.7,2.06,337,100,0,320
2001-08-08T06:00,9.5,93,0.7,2.47,339,100,0,445
2001-08-08T07:00,8.6,99,1,3.36,337,99,0,680
2001-08-08T08:00,7.7,99,1.1,3.72,336,89,0,675
2001-08-08T09:00,6.9,93,0.7,2.88,326,56,0,545
2001-08-08T10:00,6.7,93,0.3,2.3,304,46,0,420
2001-08-08T11:00,6.3,94,0.4,2.22,278,56,0,180
2001-08-08T12:00,5.8,94,0,2.1,270,37,0,125
2001-08-08T13:00,5.6,94,0,1.9,267,10,5,85
2001-08-08T14:00,7,91,0,1.46,286,12,76,250
2001-08-08T15:00,8.7,79,0,2.19,336,30,196,820
2001-08-08T16:00,10,67,0,3.72,336,62,314,1065
2001-08-08T17:00,11.2,60,0,3.58,337,98,307,1220
2001-08-08T18:00,11.6,57,0,2.82,343,75,125,1445
2001-08-08T19:00,12.5,54,0,2.88,340,77,233,1580
2001-08-08T20:00,14.1,46,0.1,2.79,339,82,426,1865
2001-08-08T21:00,14.7,44,0,2.86,348,95,262,1895
2001-08-08T22:00,14.8,45,0,2.57,13,68,201,1730
2001-08-08T23:00,14.9,45,0,2.77,13,58,200,1695
2001-08-09T00:00,14.8,46,0,2.88,20,72,224,1585
2001-08-09T01:00,14.3,49,0,3.11,42,42,238,1125
2001-08-09T02:00,13,59,0,2.5,53,15,125,910
2001-08-09T03:00,11.4,68,0,1.34,63,25,33,265
2001-08-09T04:00,10,82,0,0.63,72,28,0,65
2001-08-09T05:00,9.9,76,0,0.36,146,22,0,30
2001-08-09T06:00,8.6,85,0,0.63,198,8,0,20
2001-08-09T07:00,7.9,86,0,1.06,229,9,0,20
2001-08-09T08:00,6.8,91,0,1.36,234,12,0,20
2001-08-09T09:00,5.9,94,0,1.3,238,10,0,20
2001-08-09T10:00,5.2,96,0,1.43,245,7,0,25
2001-08-09T11:00,4.9,96,0,1.52,247,22,0,20
2001-08-09T12:00,4.2,97,0,1.52,247,62,0,20
2001-08-09T13:00,4.1,97,0,1.75,246,37,7,35
2001-08-09T14:00,7.3,88,0,1.43,245,31,74,35
2001-08-09T15:00,10.8,74,0,0.72,214,2,195,195
2001-08-09T16:00,13,60,0,1.48,152,3,372,825
2001-08-09T17:00,14.6,54,0,1.86,144,0,531,1150
2001-08-09T18:00,16.2,48,0,1.7,152,41,647,1645
2001-08-09T19:00,17.5,44,0,1.48,152,92,611,2140
2001-08-09T20:00,17.9,42,0,2.02,110,79,409,1960
2001-08-09T21:00,17.6,43,0,2.31,108,58,137,1670
2001-08-09T22:00,18.1,44,0.2,1.92,129,58,515,1900
2001-08-09T23:00,17.7,45,0,2.11,121,65,299,1665
2001-08-10T00:00,17.2,47,0,2.11,121,43,227,1490
2001-08-10T01:00,16.5,53,0,2.47,104,35,170,900
2001-08-10T02:00,15.3,61,0,2.52,97,24,114,410
2001-08-10T03:00,14,67,0,1.91,96,18,29,170
2001-08-10T04:00,12.9,70,0,1.87,106,12,0,95
2001-08-10T05:00,12.6,68,0,1.63,137,5,0,50
2001-08-10T06:00,12.4,65,0,1.14,218,2,0,25
2001-08-10T07:00,10.2,75,0,1.04,253,1,0,20
2001-08-10T08:00,7.9,88,0,1.36,253,0,0,15
2001-08-10T09:00,6.6,94,0,1.77,254,0,0,15
2001-08-10T10:00,6.4,92,0,2.65,259,3,0,35
2001-08-10T11:00,6.4,90,0,2.73,262,4,0,40
2001-08-10T12:00,6.4,88,0,2.71,266,6,0,40
2001-08-10T13:00,6.5,86,0,2.61,266,7,7,40
2001-08-10T14:00,9,83,0,2.3,270,7,90,50
2001-08-10T15:00,14,69,0,1.36,287,3,233,120
2001-08-10T16:00,16.6,52,0,0.91,354,16,383,825
2001-08-10T17:00,17.8,46,0,0.54,22,28,531,1550
2001-08-10T18:00,18.4,42,0,0.2,360,42,493,1790
2001-08-10T19:00,19,39,0,0.22,333,53,572,2105
2001-08-10T20:00,19.7,36,0,0.45,27,49,544,2270
2001-08-10T21:00,20.2,35,0,0.61,9,67,571,2390
2001-08-10T22:00,20.5,34,0,1.58,35,51,536,2390
2001-08-10T23:00,20.5,35,0,1.91,43,34,461,2225
2001-08-11T00:00,19.8,39,0,2.25,58,24,378,1475
2001-08-11T01:00,18.8,47,0,2.53,72,21,267,775
2001-08-11T02:00,17.2,59,0,2.12,82,8,161,355
2001-08-11T03:00,15.8,64,0,1.61,97,0,40,135
2001-08-11T04:00,14.3,70,0,2.13,131,0,0,70
2001-08-11T05:00,13,74,0,1.71,173,0,0,35
2001-08-11T06:00,11.9,78,0,1.36,216,0,0,30
2001-08-11T07:00,11.6,72,0,1.28,231,1,0,20
2001-08-11T08:00,9.3,82,0,1.48,242,7,0,15
2001-08-11T09:00,7.4,89,0,1.75,246,7,0,15
2001-08-11T10:00,6.9,89,0,2.34,250,10,0,25
2001-08-11T11:00,6.9,84,0,2.53,252,8,0,35
2001-08-11T12:00,7.2,77,0,2.6,254,1,0,35
2001-08-11T13:00,7.5,75,0,2.79,255,8,7,35
2001-08-11T14:00,10,72,0,2.55,259,49,87,45
2001-08-11T15:00,14.5,64,0,1.8,273,12,219,95
2001-08-11T16:00,17.6,49,0,1.57,333,0,380,775
2001-08-11T17:00,18.7,45,0,1.32,9,22,527,1290
2001-08-11T18:00,19.4,42,0,1.14,38,31,549,1805
2001-08-11T19:00,20,43,0,1.22,55,26,564,1890
2001-08-11T20:00,20.8,42,0,1.26,72,43,680,2000
2001-08-11T21:00,21.2,42,0,1.12,80,51,626,2280
2001-08-11T22:00,21.4,43,0,1.92,81,75,586,2605
2001-08-11T23:00,20.9,45,0.1,1.3,58,65,481,1870
2001-08-12T00:00,19.2,58,0.3,0.82,14,50,350,235
2001-08-12T01:00,17.7,66,0,1.43,78,25,147,265
2001-08-12T02:00,17.1,73,0,1.81,84,16,129,405
2001-08-12T03:00,16.1,76,0,1.77,106,1,32,160
2001-08-12T04:00,14.9,80,0,1.58,162,1,0,45
2001-08-12T05:00,13.5,81,0,1.7,183,0,0,40
2001-08-12T06:00,12.5,81,0,1.77,196,0,0,40
2001-08-12T07:00,11.5,80,0,1.84,202,0,0,35
2001-08-12T08:00,10.8,81,0,1.92,208,0,0,35
2001-08-12T09:00,10,83,0,1.75,211,8,0,30
2001-08-12T10:00,8.6,89,0,2.05,223,1,0,35
2001-08-12T11:00,7.7,91,0,2.2,231,1,0,35
2001-08-12T12:00,7.2,92,0,2.39,237,36,0,35
2001-08-12T13:00,7.2,91,0,2.39,237,35,6,35
2001-08-12T14:00,10,84,0,2.16,236,7,85,40
2001-08-12T15:00,14.2,76,0,1.49,228,0,228,80
2001-08-12T16:00,17.9,58,0,1.14,195,0,384,255
2001-08-12T17:00,20.3,45,0,1.2,175,1,528,620
2001-08-12T18:00,22,38,0,1.08,158,0,645,1390
2001-08-12T19:00,23.1,33,0,1.03,151,0,725,1835
2001-08-12T20:00,24.2,31,0,1,143,4,758,2370
2001-08-12T21:00,24.8,29,0,1,143,12,731,2675
2001-08-12T22:00,25.3,27,0,1.12,117,8,685,2880
2001-08-12T23:00,25.3,27,0,1.43,115,47,581,2810
2001-08-13T00:00,24.8,27,0,1.86,126,72,429,2460
2001-08-13T01:00,23,43,0,3,120,65,229,370
2001-08-13T02:00,21.2,53,0,2.55,135,63,91,230
2001-08-13T03:00,19.1,66,0,2.44,161,78,25,95
2001-08-13T04:00,17.9,62,0,2.42,187,77,0,60
2001-08-13T05:00,16.6,63,0,2.28,209,42,0,45
2001-08-13T06:00,14.6,68,0,1.84,225,29,0,25
2001-08-13T07:00,13,70,0,1.72,234,34,0,20
2001-08-13T08:00,11,77,0,1.84,241,41,0,20
2001-08-13T09:00,10.2,79,0,2.01,243,57,0,20
2001-08-13T10:00,9.6,79,0,2.64,245,11,0,30
2001-08-13T11:00,9.3,77,0,2.79,249,4,0,30
2001-08-13T12:00,9,75,0,2.88,250,0,0,30
2001-08-13T13:00,8.9,75,0,2.88,250,24,5,35
2001-08-13T14:00,11.5,75,0,2.88,250,69,76,35
2001-08-13T15:00,16.8,68,0,2.44,251,44,213,45
2001-08-13T16:00,21.5,50,0,1.58,252,36,369,135
2001-08-13T17:00,23.9,31,0,1.3,274,27,510,1460
2001-08-13T18:00,25,27,0,1.48,298,55,616,2745
2001-08-13T19:00,25.5,26,0,1.61,300,66,670,3125
2001-08-13T20:00,25.3,25,0,2.08,305,96,597,3370
2001-08-13T21:00,25,24,0.1,1.77,313,98,407,3485
2001-08-13T22:00,25,23,0,1.02,349,99,209,3190
2001-08-13T23:00,24.5,26,0,0.78,40,92,115,2260
2001-08-14T00:00,23.6,33,0,1.35,48,98,97,2115
2001-08-14T01:00,22.1,43,0,2.44,35,76,74,465
2001-08-14T02:00,20.1,53,0,2.45,12,86,55,325
2001-08-14T03:00,18,63,0,1.8,341,83,12,190
2001-08-14T04:00,16.5,70,0,2.05,313,77,0,165
2001-08-14T05:00,15.4,75,0,2.1,295,75,0,70
2001-08-14T06:00,14.4,78,0,1.8,270,42,0,40
2001-08-14T07:00,13.1,82,0,1.55,255,35,0,30
2001-08-14T08:00,12,85,0,1.84,257,1,0,30
2001-08-14T09:00,11.4,86,0,1.96,255,0,0,30
2001-08-14T10:00,10.8,86,0,2.28,255,15,0,40
2001-08-14T11:00,10.4,87,0,2.31,252,7,0,40
2001-08-14T12:00,10.1,87,0,2.18,254,5,0,35
2001-08-14T13:00,10,86,0,2.16,257,0,4,35
2001-08-14T14:00,12.1,84,0,2.02,261,0,77,40
2001-08-14T15:00,15.8,78,0,1.3,274,0,214,80
2001-08-14T16:00,18.3,56,0,1.14,345,1,367,665
2001-08-14T17:00,19.7,48,0,1.4,4,16,507,1360
2001-08-14T18:00,20.3,45,0,1.5,4,34,590,1915
2001-08-14T19:00,20.6,44,0,1.7,3,52,574,2090
2001-08-14T20:00,20,48,0.3,1.51,8,52,378,2065
2001-08-14T21:00,20.9,46,0,1.17,31,48,568,1890
2001-08-14T22:00,20.8,46,0,1.06,49,67,397,1545
2001-08-14T23:00,20.7,48,0,0.67,27,73,510,1160
2001-08-15T00:00,18.7,59,0.3,0.89,333,65,352,510
2001-08-15T01:00,16.3,77,1.3,0.2,270,63,147,325
2001-08-15T02:00,15.8,86,0,0.71,8,40,93,175
2001-08-15T03:00,15.2,88,0,0.45,27,40,23,45
2001-08-15T04:00,13.9,92,0,0.5,217,36,0,15
2001-08-15T05:00,13.2,92,0,0.86,234,15,0,20
2001-08-15T06:00,12.2,94,0,1.14,232,8,0,20
2001-08-15T07:00,10.5,96,0,1.36,234,8,0,15
2001-08-15T08:00,9.7,98,0,1.44,236,9,0,20
2001-08-15T09:00,9.2,98,0,1.53,238,11,0,20
2001-08-15T10:00,8.9,97,0,2.02,237,4,0,35
2001-08-15T11:00,8.6,97,0,2.2,240,47,0,35
2001-08-15T12:00,8.3,96,0,2.24,243,61,0,35
2001-08-15T13:00,8.3,95,0,2.33,245,63,3,35
2001-08-15T14:00,10.1,89,0,2.19,246,39,63,40
2001-08-15T15:00,14.1,79,0,1.57,243,13,183,75
2001-08-15T16:00,17.7,60,0,1,233,4,367,230
2001-08-15T17:00,20.1,47,0,0.5,217,5,511,905
2001-08-15T18:00,21.6,36,0,0.32,342,16,631,1965
2001-08-15T19:00,22.5,30,0,0.7,360,27,664,2455
2001-08-15T20:00,23.3,28,0,0.9,360,18,654,2725
2001-08-15T21:00,23.8,26,0,1.2,5,23,716,2860
2001-08-15T22:00,24,26,0,1.57,27,45,592,2860
2001-08-15T23:00,24,25,0,1.26,18,48,483,2930
2001-08-16T00:00,23.6,27,0,1.5,37,41,410,2565
2001-08-16T01:00,22.2,36,0,2.06,61,11,262,450
2001-08-16T02:00,20.2,47,0,1.94,78,1,131,245
2001-08-16T03:00,18.5,57,0,2.3,92,0,27,125
2001-08-16T04:00,18.7,45,0,1.28,129,0,0,40
2001-08-16T05:00,16.5,57,0,0.94,238,1,0,20
2001-08-16T06:00,14.3,67,0,0.85,249,0,0,20
2001-08-16T07:00,13.1,65,0,1.26,252,0,0,15
2001-08-16T08:00,10.4,77,0,1.62,248,0,0,15
2001-08-16T09:00,9.4,81,0,1.9,252,0,0,15
2001-08-16T10:00,9,81,0,2.62,252,0,0,30
2001-08-16T11:00,8.8,80,0,2.69,255,0,0,30
2001-08-16T12:00,8.6,78,0,2.72,264,0,0,30
2001-08-16T13:00,8.9,75,0,2.6,270,0,3,35
2001-08-16T14:00,11.3,73,0,2.41,275,0,75,40
2001-08-16T15:00,15.8,65,0,1.71,291,0,215,105
2001-08-16T16:00,19.1,44,0,1.33,347,0,370,505
2001-08-16T17:00,20.4,40,0,1.3,32,0,513,905
2001-08-16T18:00,21.4,37,0,1.25,61,9,630,1390
2001-08-16T19:00,22.4,35,0,1.22,81,13,709,1800
2001-08-16T20:00,23.2,33,0,1.3,94,23,701,2115
2001-08-16T21:00,23.6,33,0,1.2,95,26,713,2295
2001-08-16T22:00,23.9,33,0,1.92,81,25,660,2395
2001-08-16T23:00,23.8,33,0,2.11,85,19,572,2315
2001-08-17T00:00,23.2,35,0,2.8,88,35,388,1635
2001-08-17T01:00,21.5,43,0,3.4,92,6,169,990
2001-08-17T02:00,19.5,52,0,3.01,94,3,126,495
2001-08-17T03:00,17.7,58,0,1.96,105,0,25,215
2001-08-17T04:00,16.7,61,0,1.98,131,0,0,120
2001-08-17T05:00,15.8,62,0,1.9,162,0,0,75
2001-08-17T06:00,14.9,65,0,2.02,189,0,0,55
2001-08-17T07:00,14.2,65,0,2.02,200,0,0,45
2001-08-17T08:00,12.9,69,0,2.1,205,0,0,40
2001-08-17T09:00,11.6,74,0,1.88,205,0,0,40
2001-08-17T10:00,10.1,81,0,2.2,219,0,0,35
2001-08-17T11:00,9.3,83,0,2.41,228,0,0,35
2001-08-17T12:00,8.9,83,0,2.58,234,0,0,35
2001-08-17T13:00,9,82,0,2.69,239,0,3,35
2001-08-17T14:00,11.1,78,0,2.47,238,0,73,40
2001-08-17T15:00,15.5,70,0,1.92,231,0,214,65
2001-08-17T16:00,20,55,0,1.39,210,0,370,180
2001-08-17T17:00,23,40,0,1.5,180,0,514,765
2001-08-17T18:00,25,29,0,1.8,177,17,631,1885
2001-08-17T19:00,26.1,24,0,1.87,164,15,699,2930
2001-08-17T20:00,26.7,21,0,2.14,169,37,657,3245
2001-08-17T21:00,26.9,21,0,2.2,183,39,634,3440
2001-08-17T22:00,26.9,21,0,2.02,189,57,606,3635
2001-08-17T23:00,26.5,22,0,2.2,183,49,418,3420
2001-08-18T00:00,25.7,25,0,2.51,157,70,267,1780
2001-08-18T01:00,23.8,37,0,2.28,165,78,165,340
2001-08-18T02:00,21.8,49,0,2.64,209,93,64,200
2001-08-18T03:00,19.5,52,0,2.48,220,100,3,85
2001-08-18T04:00,18.2,52,0,1.84,225,87,0,30
2001-08-18T05:00,16.2,58,0,1.91,227,53,0,25
2001-08-18T06:00,14.2,66,0,2,233,23,0,25
2001-08-18T07:00,13.1,67,0,2.2,240,6,0,25
2001-08-18T08:00,12.2,70,0,2.28,241,5,0,25
2001-08-18T09:00,11.6,71,0,2.42,246,3,0,25
2001-08-18T10:00,11.1,71,0,2.69,248,1,0,30
2001-08-18T11:00,10.8,71,0,2.66,250,0,0,30
2001-08-18T12:00,10.5,70,0,2.56,249,0,0,30
2001-08-18T13:00,10.3,70,0,2.47,249,0,2,30
2001-08-18T14:00,12.3,69,0,2.47,249,0,69,35
2001-08-18T15:00,16.5,65,0,2.02,250,10,207,50
2001-08-18T16:00,20.8,49,0,1.14,255,20,334,550
2001-08-18T17:00,22.7,34,0,1.22,261,38,460,1590
2001-08-18T18:00,23,27,0,0.81,240,33,535,2195
2001-08-18T19:00,24.3,28,0,1.02,191,29,652,2675
2001-08-18T20:00,25.1,25,0,1.91,174,80,652,3165
2001-08-18T21:00,24.2,24,0,1.4,180,74,389,3115
2001-08-18T22:00,23.7,26,0,1.04,73,41,296,2650
2001-08-18T23:00,21.1,40,0.3,1.87,16,90,295,1740
2001-08-19T00:00,17.3,64,0.7,3.14,323,86,189,405
2001-08-19T01:00,16,75,0.7,2.42,308,64,117,335
2001-08-19T02:00,15.6,80,0,1.49,318,16,62,180
2001-08-19T03:00,15,80,0,1.66,295,23,18,85
2001-08-19T04:00,14.2,82,0,1.7,273,43,0,50
2001-08-19T05:00,13,87,0,1.63,281,38,0,55
2001-08-19T06:00,12.2,88,0.3,1.73,280,49,0,70
2001-08-19T07:00,10.8,87,0,1.75,283,32,0,60
2001-08-19T08:00,10,86,0,0.98,294,33,0,60
2001-08-19T09:00,9.6,85,0,1.39,291,43,0,45
2001-08-19T10:00,8.7,85,0,1.66,303,36,0,125
2001-08-19T11:00,8.1,85,0,1.84,299,13,0,155
2001-08-19T12:00,7.4,85,0,1.7,298,10,0,145
2001-08-19T13:00,6.5,86,0,1.34,297,7,2,140
2001-08-19T14:00,8.1,87,0,1.12,297,6,65,205
2001-08-19T15:00,10.5,79,0,1.28,309,19,206,685
2001-08-19T16:00,12.1,58,0,1.3,270,17,357,930
2001-08-19T17:00,13.7,44,0,1.9,252,17,509,1375
2001-08-19T18:00,15,36,0,2.47,249,22,606,1930
2001-08-19T19:00,15.8,34,0,2.75,251,27,571,2325
2001-08-19T20:00,16.5,30,0,3.07,251,42,643,2530
2001-08-19T21:00,16.5,28,0,3.47,258,31,508,2560
2001-08-19T22:00,16.7,27,0,3.21,265,54,515,2640
2001-08-19T23:00,16.8,26,0,3.32,263,66,381,2680
2001-08-20T00:00,16.6,27,0,3.34,261,63,356,2725
2001-08-20T01:00,15.7,30,0,2.71,266,45,212,2285
2001-08-20T02:00,14.4,39,0,1.3,266,73,112,760
2001-08-20T03:00,12.5,48,0,0.89,243,69,16,160
2001-08-20T04:00,10.9,52,0,1.14,218,27,0,60
2001-08-20T05:00,9.5,55,0,1.63,227,7,0,40
2001-08-20T06:00,8.2,59,0,1.94,235,3,0,35
2001-08-20T07:00,7,63,0,2.16,236,9,0,40
2001-08-20T08:00,6.5,63,0,2.33,239,4,0,40
2001-08-20T09:00,6,64,0,2.51,241,0,0,45
2001-08-20T10:00,5.6,66,0,2.56,249,0,0,55
2001-08-20T11:00,5.3,68,0,2.53,252,0,0,55
2001-08-20T12:00,4.8,70,0,2.44,251,0,0,55
2001-08-20T13:00,4.5,72,0,2.42,246,0,2,50
2001-08-20T14:00,6,71,0,2.24,243,0,65,60
2001-08-20T15:00,9.7,62,0,1.36,234,0,206,215
2001-08-20T16:00,12.4,44,0,1.64,232,3,362,1010
2001-08-20T17:00,14,39,0,1.97,240,11,505,1785
2001-08-20T18:00,15.5,32,0,3.09,245,64,575,2390
2001-08-20T19:00,16.2,30,0,2.88,236,93,390,2715
2001-08-20T20:00,16.5,29,0,2.77,229,84,202,2715
2001-08-20T21:00,16.7,30,0.1,3.05,229,61,387,2490
2001-08-20T22:00,16.7,30,0,3.67,241,61,283,2475
2001-08-20T23:00,17,30,0,3.44,244,66,363,2395
2001-08-21T00:00,16.9,30,0,3.2,250,66,241,2420
2001-08-21T01:00,15.7,38,0,2,267,84,106,1330
2001-08-21T02:00,14.6,45,0,1.12,297,62,85,535
2001-08-21T03:00,12.9,53,0,0.78,310,91,13,95
2001-08-21T04:00,11.4,57,0,0.85,315,100,0,55
2001-08-21T05:00,9.9,63,0,0.94,328,100,0,40
2001-08-21T06:00,8.4,69,0,0.64,321,98,0,25
2001-08-21T07:00,8.6,76,0,0.71,262,79,0,15
2001-08-21T08:00,8,76,0,0.86,234,99,0,15
2001-08-21T09:00,7.8,70,0,0.92,229,100,0,20
2001-08-21T10:00,6.6,76,0,1.44,236,96,0,20
2001-08-21T11:00,5.4,81,0,1.5,233,80,0,20
2001-08-21T12:00,4.8,83,0,1.64,232,88,0,25
2001-08-21T13:00,4.5,83,0,1.86,234,92,1,30
2001-08-21T14:00,6.4,79,0,2.05,227,88,44,45
2001-08-21T15:00,10.8,63,0,1.48,208,89,173,150
2001-08-21T16:00,13.9,45,0,1.96,195,92,330,835
2001-08-21T17:00,15.7,37,0,2.6,203,78,465,1355
2001-08-21T18:00,17.2,33,0,2.83,212,68,563,1715
2001-08-21T19:00,18,32,0,2.98,220,62,581,2145
2001-08-21T20:00,19.1,30,0,3.55,230,56,656,2540
2001-08-21T21:00,19.5,30,0,4.08,239,86,514,2755
2001-08-21T22:00,19.3,30,0,3.55,248,56,235,2245
2001-08-21T23:00,19.3,31,0,3.54,254,90,173,2515
2001-08-22T00:00,18.5,38,0,2.91,254,98,51,2405
2001-08-22T01:00,17.8,48,0,1.4,266,99,48,850
2001-08-22T02:00,16.5,59,0,0.81,277,93,15,185
2001-08-22T03:00,14.9,64,0,1.1,270,69,2,35
2001-08-22T04:00,12.4,69,0,1.32,261,16,0,25
2001-08-22T05:00,10.7,70,0,1.55,255,20,0,20
2001-08-22T06:00,9.8,69,0,1.58,252,10,0,20
2001-08-22T07:00,8.2,73,0,1.66,245,31,0,15
2001-08-22T08:00,7.6,73,0,1.75,239,65,0,20
2001-08-22T09:00,7.4,71,0,2.11,239,86,0,25
2001-08-22T10:00,7.7,67,0,2.42,240,87,0,30
2001-08-22T11:00,7.6,66,0,2.39,237,67,0,35
2001-08-22T12:00,7.4,65,0,2.47,238,85,0,40
2001-08-22T13:00,7.3,66,0,2.47,238,57,0,40
2001-08-22T14:00,8.3,68,0,2.58,234,86,35,50
2001-08-22T15:00,11.1,66,0,2.34,230,90,58,130
2001-08-22T16:00,12.6,61,0,1.77,223,93,34,460
2001-08-22T17:00,14.2,52,0,1.8,214,100,45,600
2001-08-22T18:00,15.3,48,0,2.2,210,100,95,850
2001-08-22T19:00,15.8,48,0,2.15,202,100,32,1055
2001-08-22T20:00,16.5,46,0,2.73,208,100,29,1435
2001-08-22T21:00,16.6,47,0,2.55,191,100,3,1370
2001-08-22T22:00,16.8,47,0,2.1,180,100,19,1240
2001-08-22T23:00,16.6,50,0,2.53,171,100,12,1050
2001-08-23T00:00,16.5,51,0,2.84,170,100,27,930
2001-08-23T01:00,15.9,54,0,3.1,178,95,22,890
2001-08-23T02:00,14.7,59,0,2.93,188,53,31,640
2001-08-23T03:00,13.1,64,0,2.66,200,32,9,220
2001-08-23T04:00,11.9,68,0,2.47,212,29,0,110
2001-08-23T05:00,11,72,0,2.42,218,14,0,70
2001-08-23T06:00,10.1,77,0,2.41,222,24,0,55
2001-08-23T07:00,9.3,80,0,2.42,218,13,0,50
2001-08-23T08:00,8.7,82,0,2.44,215,1,0,55
2001-08-23T09:00,8.4,84,0,2.58,216,34,0,65
2001-08-23T10:00,8.1,85,0,2.41,222,87,0,55
2001-08-23T11:00,8.3,84,0,2.48,227,48,0,55
2001-08-23T12:00,8.3,84,0,2.42,232,40,0,50
2001-08-23T13:00,8.1,85,0,2.56,231,15,0,55
2001-08-23T14:00,9.2,82,0,2.48,230,83,29,90
2001-08-23T15:00,11.9,71,0,2.26,225,83,119,615
2001-08-23T16:00,13.5,61,0,3.34,231,35,98,1055
2001-08-23T17:00,14.7,54,0,4,238,7,116,1435
2001-08-23T18:00,16.3,47,0,4.03,240,13,552,1720
2001-08-23T19:00,16.7,44,0,3.98,231,21,571,2010
2001-08-23T20:00,16.8,43,0,4.1,227,45,519,1725
2001-08-23T21:00,16.3,44,0,4.97,230,34,469,1800
2001-08-23T22:00,15.3,45,0,4.43,245,62,281,1885
2001-08-23T23:00,15.2,42,0,4.74,245,44,370,1745
2001-08-24T00:00,14.6,41,0,4.07,245,24,350,1690
2001-08-24T01:00,13.7,42,0,3.45,240,19,215,1585
2001-08-24T02:00,12.5,46,0,2.76,224,8,98,1020
2001-08-24T03:00,10.9,51,0,2.48,223,26,9,430
2001-08-24T04:00,9.5,56,0,2.41,228,68,0,300
2001-08-24T05:00,8.6,60,0,2.5,233,65,0,260
2001-08-24T06:00,8.1,63,0,2.83,238,50,0,360
2001-08-24T07:00,7.7,66,0,3.22,240,35,0,490
2001-08-24T08:00,7.5,65,0,3.58,243,15,0,605
2001-08-24T09:00,7.1,65,0,3.76,245,18,0,600
2001-08-24T10:00,6.8,65,0,3.18,246,31,0,300
2001-08-24T11:00,6.7,65,0,3.18,242,66,0,315
2001-08-24T12:00,6.8,63,0,3.4,242,68,0,420
2001-08-24T13:00,6.6,63,0,3.58,243,48,0,480
2001-08-24T14:00,7,63,0,3.49,246,33,30,645
2001-08-24T15:00,8.3,58,0,3.96,249,12,138,785
2001-08-24T16:00,10,49,0,4.41,257,13,266,1005
2001-08-24T17:00,11.5,42,0,4.46,261,9,429,1415
2001-08-24T18:00,12.8,36,0,4.26,261,26,552,1960
2001-08-24T19:00,13.8,33,0,4.06,260,30,646,2285
2001-08-24T20:00,14.4,31,0,4.37,259,32,664,2365
2001-08-24T21:00,14.7,30,0,4.37,259,31,667,2460
2001-08-24T22:00,14.8,29,0,4.63,264,32,565,2415
2001-08-24T23:00,14.7,29,0,4.98,260,21,479,2360
2001-08-25T00:00,14,32,0,4.71,258,1,282,2105
2001-08-25T01:00,13.2,35,0,4.03,256,3,238,1695
2001-08-25T02:00,11.9,41,0,3.07,251,30,103,1105
2001-08-25T03:00,10,47,0,2.68,243,1,11,450
2001-08-25T04:00,8.6,53,0,2.25,238,46,0,165
2001-08-25T05:00,7.3,59,0,2.28,232,34,0,85
2001-08-25T06:00,6.3,64,0,2.34,230,20,0,60
2001-08-25T07:00,5.5,66,0,2.2,231,31,0,45
2001-08-25T08:00,5,69,0,2.14,233,39,0,45
2001-08-25T09:00,4.6,72,0,2.16,236,90,0,45
2001-08-25T10:00,4.7,72,0,2.28,232,100,0,55
2001-08-25T11:00,5,72,0,2.28,232,100,0,70
2001-08-25T12:00,5.3,72,0,2.28,232,100,0,75
2001-08-25T13:00,5.4,72,0,2.27,229,98,0,80
2001-08-25T14:00,5.9,72,0,2.19,223,98,10,90
2001-08-25T15:00,7.2,70,0,2.06,219,84,38,220
2001-08-25T16:00,9.9,61,0,2.48,223,34,100,645
2001-08-25T17:00,13.1,48,0,4.08,253,5,365,1035
2001-08-25T18:00,15.2,42,0,3.9,269,4,528,1620
2001-08-25T19:00,16.8,38,0,3.75,279,23,653,2050
2001-08-25T20:00,17.7,35,0,3.96,280,66,595,2375
2001-08-25T21:00,17.7,34,0,3.54,278,80,251,2360
2001-08-25T22:00,17.5,35,0,3.95,279,82,255,2075
2001-08-25T23:00,17.4,35,0,3.91,273,89,232,2075
2001-08-26T00:00,16.9,37,0,3.71,265,99,183,1615
2001-08-26T01:00,16.1,41,0,3.54,262,97,149,1285
2001-08-26T02:00,14.3,49,0,3.22,263,95,45,705
2001-08-26T03:00,12.5,54,0,3.03,262,100,2,360
2001-08-26T04:00,11,58,0,2.75,260,99,0,145
2001-08-26T05:00,9.8,63,0,2.47,256,98,0,75
2001-08-26T06:00,8.7,68,0,2.44,251,53,0,45
2001-08-26T07:00,7.5,71,0,2.38,248,0,0,40
2001-08-26T08:00,6.7,76,0,2.24,243,0,0,35
2001-08-26T09:00,6.1,79,0,2.24,243,0,0,35
2001-08-26T10:00,5.7,80,0,2.51,241,0,0,45
2001-08-26T11:00,5.3,82,0,2.68,243,4,0,50
2001-08-26T12:00,5,82,0,2.91,243,19,0,55
2001-08-26T13:00,4.8,82,0,2.95,246,16,0,60
2001-08-26T14:00,6.1,80,0,2.77,244,75,48,60
2001-08-26T15:00,10.3,71,0,1.92,242,49,159,95
2001-08-26T16:00,13.9,55,0,1.3,238,79,243,245
2001-08-26T17:00,16.6,45,0,0.81,210,62,431,725
2001-08-26T18:00,18.7,38,0,0.82,194,52,543,1210
2001-08-26T19:00,19.9,32,0,0.91,174,51,639,1655
2001-08-26T20:00,21.1,29,0,1.32,171,53,653,2005
2001-08-26T21:00,22,27,0,1.5,176,71,619,2300
2001-08-26T22:00,22.5,26,0,1.32,189,72,558,2705
2001-08-26T23:00,22.8,25,0,1.51,188,62,515,2555
2001-08-27T00:00,22.2,27,0,1.46,196,31,351,1905
2001-08-27T01:00,20.7,37,0,0.91,174,28,216,615
2001-08-27T02:00,18.5,47,0,1.02,169,17,91,130
2001-08-27T03:00,15.9,53,0,1.43,192,14,8,65
2001-08-27T04:00,13.3,60,0,1.57,207,10,0,40
2001-08-27T05:00,11.4,66,0,1.7,230,6,0,25
2001-08-27T06:00,10.3,69,0,1.97,240,4,0,20
2001-08-27T07:00,8.6,81,0,2.1,245,3,0,20
2001-08-27T08:00,8.1,81,0,2.28,247,5,0,25
2001-08-27T09:00,7.9,78,0,2.47,249,0,0,30
2001-08-27T10:00,7.7,76,0,2.79,249,9,0,35
2001-08-27T11:00,7.6,74,0,2.75,251,13,0,35
2001-08-27T12:00,7.5,73,0,2.79,249,15,0,35
2001-08-27T13:00,7.2,73,0,2.69,248,20,0,35
2001-08-27T14:00,8.4,73,0,2.6,247,9,46,35
2001-08-27T15:00,12.5,68,0,2.1,245,17,176,50
2001-08-27T16:00,17.4,51,0,1.39,240,17,331,190
2001-08-27T17:00,20.1,37,0,0.92,229,2,472,870
2001-08-27T18:00,21.7,32,0,1,233,0,596,1370
2001-08-27T19:00,22.9,29,0,1,233,0,673,1870
2001-08-27T20:00,23.8,27,0,1.14,232,0,707,2305
2001-08-27T21:00,24.4,25,0,1.2,228,35,691,2570
2001-08-27T22:00,24.7,24,0,1.22,261,75,613,2710
2001-08-27T23:00,24.4,24,0,1.5,270,81,470,2735
2001-08-28T00:00,23.5,27,0,1.46,286,92,283,1745
2001-08-28T01:00,22,36,0,1.22,305,100,195,570
2001-08-28T02:00,19.9,46,0,1.03,299,95,67,135
2001-08-28T03:00,17.9,54,0,1.04,287,95,2,45
2001-08-28T04:00,16.3,54,0,1.33,257,91,0,30
2001-08-28T05:00,13.9,60,0,1.68,253,91,0,25
2001-08-28T06:00,12.6,63,0,2.18,254,93,0,30
2001-08-28T07:00,12.4,61,0,2.47,256,94,0,35
2001-08-28T08:00,12.2,58,0,2.67,257,97,0,45
2001-08-28T09:00,12.2,56,0,2.94,260,96,0,60
2001-08-28T10:00,12.3,56,0,2.9,272,96,0,85
2001-08-28T11:00,12.1,58,0.2,2.73,294,97,0,180
2001-08-28T12:00,11.6,64,0.1,2.42,322,98,0,240
2001-08-28T13:00,10.8,73,0,1.92,332,100,0,210
2001-08-28T14:00,10.6,80,0,1.66,335,99,0,215
2001-08-28T15:00,11.2,81,0,1.61,353,91,18,310
2001-08-28T16:00,12.1,77,0,1.33,13,49,85,580
2001-08-28T17:00,12.8,74,0,1.08,34,53,118,970
2001-08-28T18:00,13.5,73,0,1.44,56,66,168,1360
2001-08-28T19:00,16.1,64,0,1.92,62,82,480,1390
2001-08-28T20:00,16.1,67,0.3,2.24,63,91,346,1340
2001-08-28T21:00,15,70,2.8,2.25,58,84,243,770
2001-08-28T22:00,13.6,74,3.3,1.88,65,91,114,560
2001-08-28T23:00,13.8,75,0.3,1.3,90,82,167,515
2001-08-29T00:00,13.8,73,0,1.2,95,47,114,575
2001-08-29T01:00,14,73,0,1.08,68,52,172,545
2001-08-29T02:00,13.2,79,0,1.17,70,35,78,250
2001-08-29T03:00,12,87,0,1.43,65,49,4,80
2001-08-29T04:00,10.7,91,0,1.66,57,91,0,55
2001-08-29T05:00,10.4,91,0,1.56,45,100,0,45
2001-08-29T06:00,9.8,92,0,1.36,73,100,0,45
2001-08-29T07:00,10.8,84,0.1,1.04,107,78,0,70
2001-08-29T08:00,9.9,89,0,0.94,148,100,0,60
2001-08-29T09:00,9.7,91,0,0.82,166,99,0,75
2001-08-29T10:00,9.8,90,0,0.99,225,95,0,35
2001-08-29T11:00,9.5,92,0,1.06,229,100,0,30
2001-08-29T12:00,9,94,0,0.92,229,99,0,35
2001-08-29T13:00,8.8,95,0,0.99,225,100,0,35
2001-08-29T14:00,9,94,0,1.06,221,98,17,45
2001-08-29T15:00,10.4,87,0,1.12,207,82,58,155
2001-08-29T16:00,12.5,77,0,1.3,180,86,153,440
2001-08-29T17:00,14.4,68,0,1.53,169,94,310,745
2001-08-29T18:00,16.2,56,0,1.26,162,99,409,1220
2001-08-29T19:00,16.6,51,0,0.81,150,71,238,1595
2001-08-29T20:00,17.3,46,0,0.54,112,97,243,1895
2001-08-29T21:00,18.2,44,0,1.46,74,95,300,1880
2001-08-29T22:00,18.6,44,0,2.44,71,82,377,1825
2001-08-29T23:00,18.7,45,0,2.91,74,92,387,1480
2001-08-30T00:00,17.4,52,0,3.49,77,96,244,1140
2001-08-30T01:00,15.8,60,0,3.31,85,100,119,915
2001-08-30T02:00,14.3,67,0,2.8,90,100,29,635
2001-08-30T03:00,12.9,73,0,2.43,99,100,0,415
2001-08-30T04:00,12.2,77,0,2.06,113,99,0,310
2001-08-30T05:00,11.7,79,0,1.94,125,99,0,260
2001-08-30T06:00,11.1,82,0,1.86,126,94,0,195
2001-08-30T07:00,11,81,0,1.77,133,97,0,165
2001-08-30T08:00,10.5,84,0,1.92,141,59,0,130
2001-08-30T09:00,9.9,86,0,1.97,156,42,0,120
2001-08-30T10:00,9.3,90,0,1.71,187,61,0,75
2001-08-30T11:00,8.4,93,0,1.8,199,85,0,60
2001-08-30T12:00,7.8,95,0,1.97,204,99,0,75
2001-08-30T13:00,7.4,96,0,2.1,205,93,0,85
2001-08-30T14:00,8.3,93,0,2.15,208,95,17,125
2001-08-30T15:00,10.7,85,0,1.8,199,97,70,220
2001-08-30T16:00,13.8,72,0,1.91,174,97,163,350
2001-08-30T17:00,16.1,62,0,2.21,162,97,236,570
2001-08-30T18:00,18,54,0,2.6,157,95,285,940
2001-08-30T19:00,19.6,45,0,2.66,160,97,378,1410
2001-08-30T20:00,20.8,40,0,2.53,162,97,443,1780
2001-08-30T21:00,21.4,36,0,2.38,165,98,316,2065
2001-08-30T22:00,22,33,0,2.34,160,77,348,2215
2001-08-30T23:00,22.1,32,0,2.42,156,71,223,2275
2001-08-31T00:00,21.6,36,0,2.83,148,81,224,1710
2001-08-31T01:00,20.3,45,0,2.83,135,87,143,590
2001-08-31T02:00,18.4,51,0,2.7,141,88,54,310
2001-08-31T03:00,16.8,56,0,2.98,166,78,2,210
2001-08-31T04:00,15.4,58,0,2.6,196,74,0,125
2001-08-31T05:00,13.7,63,0,2.02,213,45,0,60
2001-08-31T06:00,11.8,69,0,2.2,231,41,0,30
2001-08-31T07:00,10.5,73,0,2.39,237,86,0,25
2001-08-31T08:00,10.1,72,0,2.47,238,86,0,30
2001-08-31T09:00,9.8,71,0,2.51,241,54,0,30
2001-08-31T10:00,9.3,72,0,2.46,243,24,0,30
2001-08-31T11:00,8.9,73,0,2.46,243,29,0,30
2001-08-31T12:00,8.6,74,0,2.42,246,50,0,30
2001-08-31T13:00,8.4,74,0,2.55,244,78,0,30
2001-08-31T14:00,9.7,72,0,2.68,243,99,21,35
2001-08-31T15:00,12.3,70,0,2.42,240,97,61,50
2001-08-31T16:00,15.7,62,0,1.98,229,94,77,565
2001-08-31T17:00,19.1,42,0,2.4,225,41,363,815
2001-08-31T18:00,20.1,35,0,4.57,241,43,542,1805
2001-08-31T19:00,19.1,39,0.4,4.72,238,44,453,2220
2001-08-31T20:00,18.9,38,0,5.06,245,32,362,2320
2001-08-31T21:00,19.5,36,0,5.03,249,6,545,2255
2001-08-31T22:00,19.9,34,0,4.02,264,12,584,2295
2001-08-31T23:00,19.7,34,0,3.31,267,17,486,2230
2001-09-01T00:00,19,36,0,2.73,262,88,371,2120
2001-09-01T01:00,17.8,41,0,1.92,261,86,184,1145
2001-09-01T02:00,16,49,0,1.24,256,94,41,155
2001-09-01T03:00,14.3,55,0,1.14,232,90,1,50
2001-09-01T04:00,12.4,61,0,1.3,203,14,0,35
2001-09-01T05:00,10.7,68,0,1.57,207,27,0,30
2001-09-01T06:00,9.9,71,0,1.84,209,51,0,35
2001-09-01T07:00,9.6,72,0,2.1,205,77,0,40
2001-09-01T08:00,9.1,72,0,2.33,205,79,0,50
2001-09-01T09:00,9.1,70,0,2.46,207,79,0,65
2001-09-01T10:00,8.9,71,0,2.51,203,58,0,65
2001-09-01T11:00,8.8,71,0,2.56,211,45,0,60
2001-09-01T12:00,8.6,72,0,2.58,216,73,0,60
2001-09-01T13:00,8.6,73,0,2.56,219,54,0,85
2001-09-01T14:00,9.3,72,0,2.78,218,12,12,340
2001-09-01T15:00,12,66,0,2.42,210,5,125,690
2001-09-01T16:00,15,53,0,3.89,224,0,319,1335
2001-09-01T17:00,16.6,47,0,4.84,232,8,418,1725
2001-09-01T18:00,17.6,43,0,4.84,232,15,478,2100
2001-09-01T19:00,18.1,39,0,5.33,236,55,588,2185
2001-09-01T20:00,17,42,0.5,5.72,243,57,414,1845
2001-09-01T21:00,15.5,49,0.4,5.63,253,70,389,1695
2001-09-01T22:00,14.6,47,0,5.26,261,58,288,1585
2001-09-01T23:00,14.5,39,0,5.32,258,36,280,1870
2001-09-02T00:00,14.1,37,0,5.1,259,20,235,1990
2001-09-02T01:00,13,40,0,4.9,258,20,136,1705
2001-09-02T02:00,11.3,45,0,4.49,258,31,64,1315
2001-09-02T03:00,9.8,47,0,4.26,261,34,2,1030
2001-09-02T04:00,8.9,48,0,3.98,258,37,0,855
2001-09-02T05:00,8.2,51,0,3.86,253,33,0,730
2001-09-02T06:00,7.7,54,0,3.89,252,11,0,710
2001-09-02T07:00,7.1,56,0,3.98,252,4,0,680
2001-09-02T08:00,6.5,56,0,3.64,249,1,0,545
2001-09-02T09:00,6,58,0,3.49,246,28,0,460
2001-09-02T10:00,5.5,61,0,3.19,238,99,0,345
2001-09-02T11:00,5.4,63,0,3.05,238,100,0,285
2001-09-02T12:00,5.6,63,0,2.82,243,99,0,265
2001-09-02T13:00,5.5,65,0,2.56,239,100,0,210
2001-09-02T14:00,5.8,68,0,2.12,225,99,3,145
2001-09-02T15:00,7.5,64,0,1.86,216,90,43,200
2001-09-02T16:00,9.9,50,0,1.7,208,79,196,355
2001-09-02T17:00,12,39,0,1.7,208,35,403,745
2001-09-02T18:00,13.7,32,0,1.58,215,16,546,1415
2001-09-02T19:00,15,30,0,1.7,225,25,663,1955
2001-09-02T20:00,16.1,27,0,2,233,29,695,2265
2001-09-02T21:00,16.7,26,0,2.58,234,7,626,2315
2001-09-02T22:00,16.9,25,0,2.86,245,8,591,2060
2001-09-02T23:00,16.6,26,0,3.27,247,14,506,1935
2001-09-03T00:00,16,28,0,3.1,249,22,364,1690
2001-09-03T01:00,15.1,33,0,2.24,243,33,209,1395
2001-09-03T02:00,13.5,42,0,1.7,225,46,53,125
2001-09-03T03:00,11.8,48,0,1.49,222,97,0,35
2001-09-03T04:00,10,53,0,1.2,222,96,0,25
2001-09-03T05:00,8.6,57,0,1.77,223,90,0,25
2001-09-03T06:00,8.1,56,0,2.12,225,80,0,30
2001-09-03T07:00,6.9,58,0,2.19,223,91,0,35
2001-09-03T08:00,6.5,58,0,2.41,222,94,0,40
2001-09-03T09:00,6.4,57,0,2.55,222,93,0,45
2001-09-03T10:00,6.1,58,0,2.62,227,98,0,45
2001-09-03T11:00,5.6,60,0,2.62,227,100,0,45
2001-09-03T12:00,5.5,60,0,2.83,225,97,0,55
2001-09-03T13:00,5.7,59,0,2.97,225,92,0,65
2001-09-03T14:00,6.7,56,0,3.04,226,96,8,125
2001-09-03T15:00,9.8,48,0,3.05,229,76,56,565
2001-09-03T16:00,12.5,42,0,3.19,229,54,155,1060
2001-09-03T17:00,14.3,40,0,4.63,237,20,321,1295
2001-09-03T18:00,15.5,40,0,5.06,240,26,521,1565
2001-09-03T19:00,16,40,0,5.5,243,0,576,2095
2001-09-03T20:00,16.3,36,0,6.04,251,18,676,2325
2001-09-03T21:00,16,33,0,6.06,257,0,621,2325
2001-09-03T22:00,15.7,32,0,5.67,261,0,582,2145
2001-09-03T23:00,15.5,32,0,5.16,261,0,496,1985
2001-09-04T00:00,15,33,0,4.34,262,0,363,1815
2001-09-04T01:00,14.1,37,0,3.16,259,0,208,1560
2001-09-04T02:00,12.6,44,0,1.84,248,7,65,545
2001-09-04T03:00,11,49,0,1.64,232,15,1,60
2001-09-04T04:00,9,56,0,1.42,231,43,0,30
2001-09-04T05:00,7.3,63,0,1.64,232,68,0,20
2001-09-04T06:00,7,65,0,1.58,235,76,0,20
2001-09-04T07:00,5.5,71,0,1.66,237,88,0,20
2001-09-04T08:00,5.3,72,0,1.75,239,82,0,25
2001-09-04T09:00,4.8,73,0,1.75,239,94,0,25
2001-09-04T10:00,5,71,0,1.94,235,97,0,30
2001-09-04T11:00,5.2,70,0,1.92,242,99,0,35
2001-09-04T12:00,5.5,70,0,1.61,240,99,0,35
2001-09-04T13:00,5.8,70,0,1.56,230,96,0,35
2001-09-04T14:00,6.1,71,0,1.64,218,97,3,45
2001-09-04T15:00,8.5,68,0,1.57,207,90,32,90
2001-09-04T16:00,11.3,52,0,1.7,180,63,88,475
2001-09-04T17:00,12.9,46,0,2.42,187,71,152,1265
2001-09-04T18:00,14.9,39,0,3.14,211,55,309,1775
2001-09-04T19:00,16.4,35,0,3.82,225,72,408,2230
2001-09-04T20:00,16.5,34,0,3.97,229,77,253,2355
2001-09-04T21:00,16.6,35,0,4.1,236,88,224,2390
2001-09-04T22:00,16.2,37,0,3.4,272,61,150,1340
2001-09-04T23:00,16,39,0,2.28,285,60,217,1705
2001-09-05T00:00,14.4,48,0,1.22,305,84,143,1475
2001-09-05T01:00,11.8,62,0.1,2.16,13,80,65,935
2001-09-05T02:00,9.5,75,0,2.44,19,72,35,410
2001-09-05T03:00,8,82,0.1,2.21,18,82,0,400
2001-09-05T04:00,7.1,87,0.2,1.51,8,74,0,350
2001-09-05T05:00,6.6,90,0.3,1.1,5,81,0,250
2001-09-05T06:00,6.2,92,0.5,0.72,34,91,0,140
2001-09-05T07:00,6.3,87,0.3,0.78,50,97,0,80
2001-09-05T08:00,6.5,83,0.2,0.22,117,99,0,60
2001-09-05T09:00,6.2,94,0.4,0.45,207,99,0,50
2001-09-05T10:00,5.9,99,0.6,0.76,203,100,0,80
2001-09-05T11:00,5.4,100,0.5,0.85,225,99,0,65
2001-09-05T12:00,5.1,99,0.4,0.63,252,96,0,50
2001-09-05T13:00,4.5,100,0.3,0.71,262,92,0,65
2001-09-05T14:00,4.5,100,0.2,1.14,285,94,8,100
2001-09-05T15:00,6,96,0.2,1.14,322,98,45,290
2001-09-05T16:00,5.9,85,0.3,1.5,356,86,105,490
2001-09-05T17:00,7.4,77,0.3,1.46,16,85,232,700
2001-09-05T18:00,8,69,0.4,1.25,29,95,327,895
2001-09-05T19:00,8.1,86,0.5,1.13,45,90,161,685
2001-09-05T20:00,8.2,86,0.6,0.95,72,82,203,1010
2001-09-05T21:00,8.9,83,0.2,0.95,108,60,178,790
2001-09-05T22:00,8.8,78,0.4,0.92,131,56,227,765
2001-09-05T23:00,9.3,77,0.1,1.34,117,52,253,1175
2001-09-06T00:00,9,78,0.1,1.53,148,77,205,560
2001-09-06T01:00,7.5,81,0.3,0.45,207,79,102,150
2001-09-06T02:00,6.6,86,0,1.3,302,73,27,130
2001-09-06T03:00,5.5,89,0,1.68,287,54,0,75
2001-09-06T04:00,4.1,93,0,1.77,254,10,0,60
2001-09-06T05:00,2.7,95,0,1.94,235,0,0,40
2001-09-06T06:00,2.1,95,0,2.3,236,0,0,35
2001-09-06T07:00,0.7,95,0,2.52,236,1,0,40
2001-09-06T08:00,0.1,94,0,2.69,239,0,0,40
2001-09-06T09:00,-0.5,94,0,2.83,238,0,0,40
2001-09-06T10:00,-0.8,93,0,3.24,236,0,0,40
2001-09-06T11:00,-1.2,92,0,3.28,239,0,0,50
2001-09-06T12:00,-1.3,91,0,3.49,243,3,0,60
2001-09-06T13:00,-0.9,89,0,3.49,243,59,0,65
2001-09-06T14:00,0.7,88,0,3.36,247,74,19,90
2001-09-06T15:00,3.5,83,0,3.14,248,55,28,270
2001-09-06T16:00,7.1,66,0,3.01,249,92,175,505
2001-09-06T17:00,9.6,49,0,3.51,250,86,243,595
2001-09-06T18:00,10.5,48,0,3.61,256,46,276,810
2001-09-06T19:00,13,39,0,3.73,262,50,570,1380
2001-09-06T20:00,13.1,40,0,4.4,269,46,428,1875
2001-09-06T21:00,12.7,42,0.3,4.7,272,42,383,1455
2001-09-06T22:00,12.6,40,0,4.44,284,41,352,2080
2001-09-06T23:00,12.4,39,0,5.07,285,31,363,2425
2001-09-07T00:00,11.6,37,0,4.66,293,75,313,2225
2001-09-07T01:00,10.2,41,0,2.91,297,94,57,1635
2001-09-07T02:00,8.8,47,0,2.61,302,89,11,940
2001-09-07T03:00,7.2,55,0,1.36,306,78,0,265
2001-09-07T04:00,6.1,60,0,1.03,299,86,0,75
2001-09-07T05:00,5,68,0.3,1.49,312,97,0,95
2001-09-07T06:00,4.4,72,0.3,1.77,317,97,0,195
2001-09-07T07:00,3.6,70,0.1,2.27,311,97,0,395
2001-09-07T08:00,2.8,76,0.1,2.7,309,94,0,680
2001-09-07T09:00,2.3,80,0,3.28,308,78,0,1010
2001-09-07T10:00,2.2,78,0,4.25,311,52,0,1115
2001-09-07T11:00,2,76,0,4.74,318,43,0,1165
2001-09-07T12:00,1.8,73,0,4.81,317,48,0,1145
2001-09-07T13:00,1.7,72,0,4.74,314,54,0,1165
2001-09-07T14:00,2.2,70,0,4.81,313,61,23,1280
2001-09-07T15:00,3.5,65,0,6.1,319,33,129,1460
2001-09-07T16:00,5,53,0,7.49,326,63,261,1620
2001-09-07T17:00,6.1,46,0,7.27,328,73,287,1805
2001-09-07T18:00,6.9,44,0,6.98,331,86,261,1895
2001-09-07T19:00,7,46,0.1,6.58,332,84,96,1950
2001-09-07T20:00,8.2,42,0.1,5.9,334,91,262,1960
2001-09-07T21:00,8.6,42,0,5.32,334,88,196,1955
2001-09-07T22:00,9,40,0.1,5.3,328,72,231,1860
2001-09-07T23:00,9.2,40,0,4.83,333,94,179,1945
2001-09-08T00:00,8.7,41,0,3.83,345,77,71,1595
2001-09-08T01:00,8.2,44,0,3.04,343,31,83,1530
2001-09-08T02:00,6.7,52,0,1.84,338,19,41,300
2001-09-08T03:00,5.4,63,0,1.39,291,8,0,45
2001-09-08T04:00,4.7,62,0,1.43,245,0,0,25
2001-09-08T05:00,3.3,65,0,1.58,235,0,0,20
2001-09-08T06:00,1.5,74,0,1.86,234,0,0,25
2001-09-08T07:00,0.8,73,0,2.25,238,0,0,35
2001-09-08T08:00,0.5,72,0,2.47,238,0,0,40
2001-09-08T09:00,0.3,73,0,2.75,237,0,0,45
2001-09-08T10:00,0.4,71,0,3.05,238,0,0,65
2001-09-08T11:00,0.4,70,0,3.22,240,0,0,85
2001-09-08T12:00,0.4,69,0,3.35,243,2,0,95
2001-09-08T13:00,0.5,68,0,3.44,244,5,0,100
2001-09-08T14:00,1.4,66,0,3.49,243,3,16,110
2001-09-08T15:00,4.4,60,0,3.09,245,3,119,155
2001-09-08T16:00,8,51,0,2.95,246,6,264,235
2001-09-08T17:00,11.2,44,0,2.64,245,4,421,400
2001-09-08T18:00,13.2,41,0,2.72,253,4,517,865
2001-09-08T19:00,14.2,40,0,2.84,260,4,545,1370
2001-09-08T20:00,15,37,0,3.31,267,1,611,1670
2001-09-08T21:00,15.3,35,0,4.4,273,14,621,1910
2001-09-08T22:00,14.7,36,0,4.5,273,0,455,1950
2001-09-08T23:00,14.3,35,0,4.9,287,7,456,2280
2001-09-09T00:00,13.5,35,0,4.52,298,30,330,2330
2001-09-09T01:00,12.1,40,0,3,334,51,153,1680
2001-09-09T02:00,9.8,49,0,3.04,17,61,35,465
2001-09-09T03:00,7.3,64,0.2,3.06,38,69,0,475
2001-09-09T04:00,4.7,86,0.5,1.58,35,98,0,535
2001-09-09T05:00,3.9,90,0.4,0.61,279,100,0,130
2001-09-09T06:00,2.9,97,0.2,1.3,247,98,0,80
2001-09-09T07:00,2.6,98,0.1,1.8,251,97,0,75
2001-09-09T08:00,2.5,95,0,1.77,254,97,0,80
2001-09-09T09:00,2.6,93,0,1.8,251,99,0,85
2001-09-09T10:00,2.4,91,0,2.06,247,93,0,100
2001-09-09T11:00,2.1,90,0,1.92,242,70,0,90
2001-09-09T12:00,1.7,89,0,1.79,243,60,0,70
2001-09-09T13:00,1.1,89,0,1.61,240,32,0,55
2001-09-09T14:00,1.3,93,0,1.75,239,40,16,45
2001-09-09T15:00,3.4,92,0,1.17,239,31,86,195
2001-09-09T16:00,5,76,0,0.81,263,32,225,665
2001-09-09T17:00,6.7,61,0,0.78,320,50,391,1135
2001-09-09T18:00,8,52,0,1.06,311,95,403,1685
2001-09-09T19:00,8.9,44,0,0.94,302,99,196,1720
2001-09-09T20:00,10.1,38,0,0.86,306,94,255,2070
2001-09-09T21:00,11,34,0,1.06,319,82,325,2305
2001-09-09T22:00,11.4,32,0,1.3,328,86,348,2425
2001-09-09T23:00,11.6,32,0,1.53,349,93,255,2500
2001-09-10T00:00,10.8,35,0,2.19,24,99,213,1820
2001-09-10T01:00,9.3,44,0,2.91,49,100,33,775
2001-09-10T02:00,7.8,49,0,2.56,59,100,6,725
2001-09-10T03:00,6.7,56,0,2.14,79,97,0,590
2001-09-10T04:00,5.9,66,0,1.6,94,99,0,465
2001-09-10T05:00,5.5,71,0,1.12,80,99,0,240
2001-09-10T06:00,5.3,68,0,0.85,69,97,0,170
2001-09-10T07:00,4.7,67,0,1.21,66,93,0,200
2001-09-10T08:00,4.1,71,0,1.26,72,98,0,285
2001-09-10T09:00,3.7,76,0.2,1.34,63,100,0,410
2001-09-10T10:00,3,85,0.4,1.3,94,100,0,340
2001-09-10T11:00,2.4,92,0.5,1.43,78,100,0,275
2001-09-10T12:00,1.9,96,0.6,1.36,73,100,0,230
2001-09-10T13:00,1.7,95,0.6,1.3,67,100,0,190
2001-09-10T14:00,1.6,95,0.6,1.25,61,100,0,135
2001-09-10T15:00,1.7,95,0.6,1.35,48,100,0,155
2001-09-10T16:00,1.8,93,0.6,1.56,40,100,2,235
2001-09-10T17:00,2.2,91,0.5,1.8,34,100,20,265
2001-09-10T18:00,2.7,87,0.5,1.78,38,100,13,285
2001-09-10T19:00,3.4,80,0.4,1.63,43,100,29,395
2001-09-10T20:00,4,78,0.4,1.63,47,100,103,425
2001-09-10T21:00,4.3,76,0.3,1.42,51,98,62,485
2001-09-10T22:00,4.9,73,0.3,1.41,45,97,126,530
2001-09-10T23:00,4.9,74,0.2,1.35,42,99,65,475
2001-09-11T00:00,4.8,76,0.2,1.35,42,96,42,415
2001-09-11T01:00,4.4,81,0.2,1.22,35,98,23,450
2001-09-11T02:00,3.9,84,0.2,0.85,45,98,8,335
2001-09-11T03:00,3.6,87,0.2,0.78,40,100,0,185
2001-09-11T04:00,3.2,92,0.2,0.54,22,99,0,120
2001-09-11T05:00,3.2,99,0.2,0.67,27,100,0,95
2001-09-11T06:00,2.6,95,0.3,0.71,45,98,0,105
2001-09-11T07:00,2.5,99,0.4,0.86,54,98,0,120
2001-09-11T08:00,2,96,0.3,0.89,63,100,0,125
2001-09-11T09:00,2,99,0.3,0.95,72,100,0,160
2001-09-11T10:00,1.9,99,0.3,0.7,90,100,0,120
2001-09-11T11:00,1.8,100,0.3,1.21,66,100,0,235
2001-09-11T12:00,1.6,100,0.3,1.39,69,100,0,185
2001-09-11T13:00,1.6,100,0.3,1.4,86,100,0,175
2001-09-11T14:00,1.6,100,0.2,1.51,82,100,3,195
2001-09-11T15:00,1.4,95,0.2,1.61,97,100,0,210
2001-09-11T16:00,2.3,89,0.2,1.97,114,99,26,265
2001-09-11T17:00,3.2,85,0.2,2.19,114,100,35,345
2001-09-11T18:00,3.4,85,0.1,2.33,121,100,1,425
2001-09-11T19:00,4.2,80,0.2,2.58,126,100,33,520
2001-09-11T20:00,4.9,78,0.1,2.69,132,100,66,615
2001-09-11T21:00,5,78,0.1,2.84,129,100,42,590
2001-09-11T22:00,5,80,0,2.95,118,100,44,570
2001-09-11T23:00,5,82,0,3.05,113,100,28,535
2001-09-12T00:00,4.8,84,0,2.79,111,100,40,525
2001-09-12T01:00,4.2,88,0,2.47,111,100,36,475
2001-09-12T02:00,3.8,91,0,2.28,119,100,8,420
2001-09-12T03:00,3.7,93,0.1,2.08,125,100,0,375
2001-09-12T04:00,3.6,94,0.1,1.84,131,99,0,355
2001-09-12T05:00,3.5,95,0,1.98,135,99,0,360
2001-09-12T06:00,3.4,95,0,1.98,139,100,0,365
2001-09-12T07:00,3.2,96,0,1.84,139,100,0,350
2001-09-12T08:00,3.3,95,0,1.98,139,100,0,365
2001-09-12T09:00,3.4,94,0,2.06,141,100,0,365
2001-09-12T10:00,3.4,95,0.2,1.46,164,100,0,300
2001-09-12T11:00,3.4,96,0,1.61,173,100,0,300
2001-09-12T12:00,3.3,96,0,1.6,176,100,0,295
2001-09-12T13:00,3.1,95,0,1.6,176,100,0,285
2001-09-12T14:00,3.3,94,0,1.81,174,100,1,270
2001-09-12T15:00,3.7,91,0.2,1.82,171,100,16,280
2001-09-12T16:00,4.8,87,0,2.02,160,100,39,335
2001-09-12T17:00,6.6,81,0,2.15,152,99,57,415
2001-09-12T18:00,8.2,75,0,2.47,148,94,139,540
2001-09-12T19:00,9.3,72,0,2.78,142,82,154,690
2001-09-12T20:00,11.1,65,0,3.08,144,79,271,850
2001-09-12T21:00,12.3,59,0,2.97,147,77,287,1095
2001-09-12T22:00,13.6,54,0,3.08,144,78,256,1295
2001-09-12T23:00,14,53,0,3.11,132,60,238,1325
2001-09-13T00:00,12.5,60,0,3.86,111,65,208,770
2001-09-13T01:00,10.7,69,0,3.49,117,75,116,625
2001-09-13T02:00,8.8,77,0,2.78,120,47,20,400
2001-09-13T03:00,7.5,83,0,2.42,128,48,0,255
2001-09-13T04:00,6.7,86,0,2.14,143,51,0,150
2001-09-13T05:00,6.2,89,0,1.7,177,16,0,90
2001-09-13T06:00,5.2,92,0,1.17,211,22,0,40
2001-09-13T07:00,4.7,93,0,1.08,248,6,0,20
2001-09-13T08:00,3.8,96,0,1.12,260,3,0,15
2001-09-13T09:00,3.3,96,0,1.33,257,0,0,20
2001-09-13T10:00,3,95,0,1.94,258,5,0,30
2001-09-13T11:00,2.7,95,0,2.02,261,51,0,30
2001-09-13T12:00,2.6,93,0,2.11,265,77,0,30
2001-09-13T13:00,2.4,92,0,2.01,264,62,0,30
2001-09-13T14:00,2.9,91,0,2,267,84,9,30
2001-09-13T15:00,5.9,88,0,1.75,283,58,89,55
2001-09-13T16:00,10.4,70,0,1.48,332,85,194,360
2001-09-13T17:00,12.2,62,0,1.5,356,84,343,615
2001-09-13T18:00,13.7,57,0,1.39,21,92,495,825
2001-09-13T19:00,14.6,54,0,1.49,42,79,549,1040
2001-09-13T20:00,15.4,52,0,1.39,60,72,591,1205
2001-09-13T21:00,16.1,50,0,1.22,81,47,594,1360
2001-09-13T22:00,16.6,48,0,1.4,90,58,527,1480
2001-09-13T23:00,16.3,49,0,1.7,90,62,298,1425
2001-09-14T00:00,15.4,55,0,2.4,88,68,239,705
2001-09-14T01:00,13.5,66,0,2.4,92,28,142,370
2001-09-14T02:00,11.4,76,0,1.75,114,0,27,140
2001-09-14T03:00,10.4,81,0,1.84,139,0,0,70
2001-09-14T04:00,9.5,84,0,1.5,184,0,0,40
2001-09-14T05:00,8.4,87,0,1.27,225,0,0,25
2001-09-14T06:00,6.9,92,0,1.53,238,0,0,20
2001-09-14T07:00,5.5,95,0,1.61,240,0,0,20
2001-09-14T08:00,4.4,98,0,1.88,245,0,0,20
2001-09-14T09:00,4.1,97,0,2.01,243,0,0,25
2001-09-14T10:00,4,96,0,2.28,247,0,0,30
2001-09-14T11:00,3.7,95,0,2.34,250,0,0,30
2001-09-14T12:00,3.3,94,0,2.31,252,0,0,30
2001-09-14T13:00,3,93,0,2.12,251,0,0,25
2001-09-14T14:00,3.4,91,0,1.9,252,0,12,25
2001-09-14T15:00,7.4,85,0,1.58,252,0,110,25
2001-09-14T16:00,13.3,73,0,0.76,247,0,254,60
2001-09-14T17:00,16,55,0,0.58,121,0,394,460
2001-09-14T18:00,17.5,50,0,0.95,108,0,506,795
2001-09-14T19:00,18.4,45,0,1.24,104,0,581,1040
2001-09-14T20:00,19.2,43,0,1.43,102,0,610,1190
2001-09-14T21:00,19.7,42,0,1.65,104,0,590,1270
2001-09-14T22:00,19.8,43,0,1.9,108,0,524,1295
2001-09-14T23:00,19.5,45,0,2.19,114,0,418,1200
2001-09-15T00:00,18.6,50,0,2.47,111,0,282,685
2001-09-15T01:00,16.6,61,0,2.19,114,0,136,230
2001-09-15T02:00,14.8,66,0,2.5,143,0,24,100
2001-09-15T03:00,13.3,71,0,2.21,185,0,0,60
2001-09-15T04:00,12.1,74,0,1.75,211,0,0,40
2001-09-15T05:00,10.5,80,0,1.56,225,0,0,25
2001-09-15T06:00,8.4,89,0,1.78,232,0,0,20
2001-09-15T07:00,6.9,95,0,1.86,234,0,0,20
2001-09-15T08:00,6.2,94,0,1.89,238,0,0,20
2001-09-15T09:00,5.7,94,0,1.97,240,0,0,20
2001-09-15T10:00,5.3,93,0,2.46,243,0,0,25
2001-09-15T11:00,4.9,92,0,2.64,245,0,0,30
2001-09-15T12:00,4.8,90,0,2.6,247,0,0,30
2001-09-15T13:00,4.7,87,0,2.56,249,0,0,30
2001-09-15T14:00,5.4,83,0,2.56,249,0,11,30
2001-09-15T15:00,9.6,73,0,2.4,253,0,108,35
2001-09-15T16:00,14.8,63,0,1.8,267,0,253,65
2001-09-15T17:00,18.6,46,0,1.42,321,0,393,355
2001-09-15T18:00,20,38,0,2.11,355,0,506,830
2001-09-15T19:00,20.5,37,0,2.12,8,0,581,1095
2001-09-15T20:00,21,37,0,2.21,18,0,608,1315
2001-09-15T21:00,21.2,38,0,2.28,29,0,587,1465
2001-09-15T22:00,21,39,0,2.62,43,0,519,1605
2001-09-15T23:00,20.4,42,0,2.77,49,3,416,1435
2001-09-16T00:00,19.2,49,0,2.7,51,4,246,880
2001-09-16T01:00,17.3,59,0,2.05,47,4,116,290
2001-09-16T02:00,15.8,65,0,1.75,24,6,20,90
2001-09-16T03:00,14.4,70,0,1.49,340,4,0,40
2001-09-16T04:00,13.2,73,0,1.84,311,1,0,35
2001-09-16T05:00,12.1,76,0,2.11,301,3,0,40
2001-09-16T06:00,11.1,79,0,2.42,294,2,0,50
2001-09-16T07:00,10.6,79,0,2.64,295,1,0,70
2001-09-16T08:00,9.9,80,0,2.68,297,0,0,105
2001-09-16T09:00,9.4,81,0,2.59,298,0,0,120
2001-09-16T10:00,8.8,82,0,2.6,293,0,0,130
2001-09-16T11:00,8.2,84,0,2.44,289,0,0,115
2001-09-16T12:00,7.7,86,0,2.21,288,1,0,90
2001-09-16T13:00,7.2,87,0,2.12,289,0,0,80
2001-09-16T14:00,7.2,88,0,2.12,289,1,8,90
2001-09-16T15:00,9.7,81,0,1.97,300,1,93,170
2001-09-16T16:00,11.8,76,0,1.92,332,4,188,460
2001-09-16T17:00,13.5,69,0,1.82,9,16,344,770
2001-09-16T18:00,14.7,63,0,1.89,32,29,410,1115
2001-09-16T19:00,15.4,57,0,2,53,65,399,1370
2001-09-16T20:00,15.9,54,0,2.01,63,86,403,1490
2001-09-16T21:00,16.2,53,0,1.93,69,100,320,1490
2001-09-16T22:00,15.5,55,0,2.77,77,46,59,975
2001-09-16T23:00,15.3,57,0,2.86,78,46,114,1005
2001-09-17T00:00,14.3,62,0,2.2,87,81,94,995
2001-09-17T01:00,13.2,70,0,1.9,87,98,61,455
2001-09-17T02:00,12,77,0,1.9,90,99,7,330
2001-09-17T03:00,10.8,84,0,1.9,108,88,0,305
2001-09-17T04:00,9.9,89,0,2.11,121,86,0,225
2001-09-17T05:00,9.2,93,0,2.13,139,91,0,220
2001-09-17T06:00,8.8,96,0,1.57,153,100,0,180
2001-09-17T07:00,8.9,96,0,1.46,164,90,0,170
2001-09-17T08:00,8.4,97,0,1.61,173,79,0,165
2001-09-17T09:00,7.7,98,0,1.7,183,83,0,140
2001-09-17T10:00,7,99,0,1.97,210,78,0,95
2001-09-17T11:00,6.4,99,0,2.13,221,82,0,65
2001-09-17T12:00,5.7,98,0,2.2,231,80,0,50
2001-09-17T13:00,5.1,98,0,2.25,238,81,0,45
2001-09-17T14:00,5,96,0,2.28,241,50,4,40
2001-09-17T15:00,7.3,90,0,1.92,242,39,63,50
2001-09-17T16:00,11.7,79,0,1.3,238,28,205,125
2001-09-17T17:00,15,64,0,1,233,7,323,350
2001-09-17T18:00,16.9,54,0,0.67,243,8,435,990
2001-09-17T19:00,18.2,47,0,0.51,281,17,546,1580
2001-09-17T20:00,18.8,45,0,0.36,304,33,561,2025
2001-09-17T21:00,19,45,0,0.28,315,62,482,2210
2001-09-17T22:00,18.3,48,0.2,1,37,78,282,915
2001-09-17T23:00,15.5,75,1.1,0.22,207,89,204,360
2001-09-18T00:00,13.7,85,0.7,0.85,249,92,109,200
2001-09-18T01:00,12.8,91,0,0.63,252,87,38,75
2001-09-18T02:00,12,91,0,1.06,229,89,3,30
2001-09-18T03:00,11.1,90,0,1.53,238,78,0,25
2001-09-18T04:00,10,89,0,1.65,256,40,0,25
2001-09-18T05:00,8.2,92,0,1.82,261,23,0,30
2001-09-18T06:00,6.7,95,0,1.87,254,30,0,25
2001-09-18T07:00,5.7,95,0,1.93,249,19,0,25
2001-09-18T08:00,5.3,95,0,2.06,247,33,0,25
2001-09-18T09:00,5.2,94,0,2.25,249,44,0,30
2001-09-18T10:00,5.1,94,0,2.6,254,74,0,35
2001-09-18T11:00,4.8,95,0,2.62,252,59,0,35
2001-09-18T12:00,4.5,96,0,2.62,252,37,0,35
2001-09-18T13:00,4.3,96,0,2.72,253,30,0,40
2001-09-18T14:00,4.4,97,0,2.75,251,39,5,40
2001-09-18T15:00,7.2,94,0,2.56,249,36,74,50
2001-09-18T16:00,10.9,86,0,1.77,254,22,202,130
2001-09-18T17:00,13.6,68,0,1.41,262,10,343,600
2001-09-18T18:00,15.3,47,0,1.55,285,37,442,1540
2001-09-18T19:00,15.6,42,0,1.58,288,32,407,1810
2001-09-18T20:00,16.6,38,0,1.62,292,41,535,2025
2001-09-18T21:00,16.8,37,0,1.8,289,50,459,2025
2001-09-18T22:00,16.7,37,0,2.14,307,60,296,1970
2001-09-18T23:00,16.6,38,0,1.8,289,63,277,1780
2001-09-19T00:00,16.1,40,0,2.05,317,58,189,935
2001-09-19T01:00,13.5,57,0,1.94,348,47,32,290
2001-09-19T02:00,11.7,67,0,1.82,351,66,10,165
2001-09-19T03:00,10.3,77,0,1.12,350,95,0,60
2001-09-19T04:00,9.3,84,0.1,0.57,315,99,0,20
2001-09-19T05:00,8.5,85,0.2,0.76,203,99,0,25
2001-09-19T06:00,7.8,88,0.1,1.25,209,99,0,25
2001-09-19T07:00,6.9,90,0,1.08,248,99,0,20
2001-09-19T08:00,6.4,90,0,1.48,298,97,0,45
2001-09-19T09:00,6,92,0.2,1.58,305,95,0,85
2001-09-19T10:00,5.2,98,0.3,1.84,299,96,0,125
2001-09-19T11:00,5.4,98,0.2,1.75,301,96,0,155
2001-09-19T12:00,5.3,100,0.3,1.84,315,97,0,235
2001-09-19T13:00,5.1,100,0.2,2.44,341,99,0,330
2001-09-19T14:00,5.1,100,0.5,2.91,344,100,0,520
2001-09-19T15:00,5.2,100,0.6,3.4,346,100,1,660
2001-09-19T16:00,5.2,100,0.6,3.73,340,100,14,750
2001-09-19T17:00,4.8,100,0.4,3.22,330,100,25,725
2001-09-19T18:00,4.4,94,0.3,4.03,330,95,13,700
2001-09-19T19:00,7.2,68,0,3.98,332,99,133,1105
2001-09-19T20:00,9,57,0,3.85,335,94,234,1375
2001-09-19T21:00,9.8,52,0,3.58,333,88,172,1415
2001-09-19T22:00,10,51,0,3.18,332,73,128,1380
2001-09-19T23:00,10,51,0.2,2.75,327,63,149,1380
2001-09-20T00:00,9.4,56,0.2,2.34,320,57,141,1055
2001-09-20T01:00,8.8,59,0,1.91,317,38,43,610
2001-09-20T02:00,7.8,66,0,1.62,292,28,4,75
2001-09-20T03:00,6.5,71,0,1.4,270,34,0,40
2001-09-20T04:00,5.4,76,0,1.46,254,32,0,35
2001-09-20T05:00,4.4,80,0,1.39,249,29,0,25
2001-09-20T06:00,3.5,84,0,1.52,247,30,0,25
2001-09-20T07:00,2.6,90,0,1.8,251,36,0,30
2001-09-20T08:00,2.5,90,0,2.12,251,48,0,60
2001-09-20T09:00,2.3,90,0,2.25,249,40,0,90
2001-09-20T10:00,2.2,90,0,2.79,249,55,0,150
2001-09-20T11:00,1.9,89,0,2.69,248,46,0,145
2001-09-20T12:00,1.8,88,0,2.66,250,86,0,130
2001-09-20T13:00,1.4,88,0,2.66,250,75,0,125
2001-09-20T14:00,1.2,88,0,2.53,252,79,4,120
2001-09-20T15:00,2.5,85,0,1.99,252,36,72,130
2001-09-20T16:00,5,78,0,1.33,257,8,129,245
2001-09-20T17:00,7.5,61,0,0.81,277,9,248,1070
2001-09-20T18:00,8.7,52,0,1.1,265,100,251,1710
2001-09-20T19:00,10.5,43,0,1.17,250,100,358,1840
2001-09-20T20:00,10.2,44,0,0.78,230,100,40,1750
2001-09-20T21:00,10.2,46,0,0.64,219,100,29,1450
2001-09-20T22:00,9.8,50,0,0.71,172,100,15,1415
2001-09-20T23:00,9.7,51,0,0.92,221,100,7,1035
2001-09-21T00:00,9.5,53,0,0.4,270,97,22,1210
2001-09-21T01:00,8.7,61,0,0.42,45,99,7,185
2001-09-21T02:00,8,67,0,0.58,121,98,1,75
2001-09-21T03:00,6.9,73,0,1,174,96,0,65
2001-09-21T04:00,6,75,0,1.12,207,92,0,40
2001-09-21T05:00,5.2,79,0,1.42,231,64,0,30
2001-09-21T06:00,4.6,81,0,1.78,232,19,0,30
2001-09-21T07:00,4.1,85,0,1.98,229,15,0,40
2001-09-21T08:00,3.6,86,0,2.27,229,87,0,50
2001-09-21T09:00,3.1,89,0,2.34,230,99,0,55
2001-09-21T10:00,3.1,88,0,2.42,232,96,0,60
2001-09-21T11:00,3,89,0,2.42,232,93,0,65
2001-09-21T12:00,3,89,0,2.42,232,68,0,75
2001-09-21T13:00,2.7,89,0,2.42,232,97,0,95
2001-09-21T14:00,3,88,0,2.66,236,98,3,105
2001-09-21T15:00,4.6,83,0.4,2.68,243,82,34,160
2001-09-21T16:00,6.2,79,0.1,2.24,243,97,45,215
2001-09-21T17:00,7,80,0,2.06,247,59,55,570
2001-09-21T18:00,10.1,64,0,3.51,265,52,164,1155
2001-09-21T19:00,13.6,47,0,4.54,284,95,425,1690
2001-09-21T20:00,13.8,46,0,3.72,294,75,314,1675
2001-09-21T21:00,13.8,45,0,3.4,298,35,245,1585
2001-09-21T22:00,13.8,46,0,2.69,312,48,335,1395
2001-09-21T23:00,13.1,48,0,1.97,330,42,258,1165
2001-09-22T00:00,12.3,51,0,1.24,346,41,118,755
2001-09-22T01:00,11.2,58,0,0.7,360,32,59,380
2001-09-22T02:00,9.9,60,0,0.32,108,27,5,40
2001-09-22T03:00,8.1,76,0,0.98,204,30,0,30
2001-09-22T04:00,7.6,74,0,1.14,218,22,0,30
2001-09-22T05:00,6.3,79,0,1.2,228,13,0,30
2001-09-22T06:00,5.1,84,0,1.56,230,30,0,30
2001-09-22T07:00,4.1,90,0,1.84,229,30,0,30
2001-09-22T08:00,3.4,91,0,2.05,227,7,0,35
2001-09-22T09:00,3.1,92,0,2.13,229,92,0,40
2001-09-22T10:00,2.8,93,0,2.44,235,99,0,60
2001-09-22T11:00,2.7,93,0,2.52,236,19,0,85
2001-09-22T12:00,2.6,93,0,2.56,239,25,0,100
2001-09-22T13:00,2.6,94,0,2.61,238,98,0,100
2001-09-22T14:00,2.8,94,0,2.75,237,100,3,105
2001-09-22T15:00,4.8,89,0,2.66,236,100,58,155
2001-09-22T16:00,7.4,81,0,2.44,235,83,121,205
2001-09-22T17:00,10.5,71,0,2.13,229,55,243,315
2001-09-22T18:00,13.3,61,0,1.64,218,41,362,525
2001-09-22T19:00,15.8,53,0,1.61,210,60,490,800
2001-09-22T20:00,17.1,50,0,1.62,202,30,442,1135
2001-09-22T21:00,18.2,47,0,1.48,208,24,521,1445
2001-09-22T22:00,18.8,45,0,1.28,231,28,455,1545
2001-09-22T23:00,18.7,45,0,1.14,218,8,350,1090
2001-09-23T00:00,17.7,52,0,0.91,186,6,136,520
2001-09-23T01:00,15.8,61,0,1.22,171,5,92,165
2001-09-23T02:00,13.5,68,0,1.6,180,0,7,80
2001-09-23T03:00,11.8,73,0,1.96,195,20,0,70
2001-09-23T04:00,9.9,79,0,2.24,207,32,0,65
2001-09-23T05:00,8.6,83,0,2.36,216,17,0,55
2001-09-23T06:00,7.9,83,0,2.48,227,2,0,50
2001-09-23T07:00,7.2,84,0,2.56,231,0,0,45
2001-09-23T08:00,6.7,85,0,2.72,234,0,0,45
2001-09-23T09:00,6.3,86,0,2.75,237,0,0,45
2001-09-23T10:00,6,86,0,3.14,239,0,0,55
2001-09-23T11:00,5.8,86,0,3.31,241,0,0,60
2001-09-23T12:00,5.7,85,0,3.35,243,0,0,60
2001-09-23T13:00,5.7,85,0,3.44,244,0,0,60
2001-09-23T14:00,5.9,84,0,3.44,244,0,4,60
2001-09-23T15:00,8.4,76,0,3.18,246,0,79,65
2001-09-23T16:00,12.5,68,0,2.46,243,0,217,110
2001-09-23T17:00,16.4,55,0,2.06,241,0,354,240
2001-09-23T18:00,18.8,45,0,1.86,234,0,466,565
2001-09-23T19:00,20.3,40,0,2.22,234,3,539,975
2001-09-23T20:00,21.3,36,0,2.39,237,0,566,1310
2001-09-23T21:00,21.7,33,0,2.75,237,0,545,1540
2001-09-23T22:00,21.6,32,0,3.22,244,0,479,1565
2001-09-23T23:00,21,33,0,3.26,243,0,371,1400
2001-09-24T00:00,19.6,40,0,2.78,232,0,235,850
2001-09-24T01:00,17.4,48,0,2.05,223,1,94,105
2001-09-24T02:00,14.4,57,0,2.05,227,9,7,30
2001-09-24T03:00,11.3,68,0,2.2,231,26,0,25
2001-09-24T04:00,9.7,74,0,2.42,232,55,0,25
2001-09-24T05:00,8.8,76,0,2.44,235,55,0,30
2001-09-24T06:00,8.5,76,0,2.56,239,82,0,30
2001-09-24T07:00,7.9,77,0,2.73,242,90,0,30
2001-09-24T08:00,7.7,77,0,2.73,242,99,0,30
2001-09-24T09:00,7.6,77,0,2.82,243,94,0,35
2001-09-24T10:00,7.7,76,0,2.91,243,74,0,35
2001-09-24T11:00,7.5,76,0,2.91,243,47,0,35
2001-09-24T12:00,7.2,76,0,2.95,242,10,0,35
2001-09-24T13:00,6.9,76,0,2.91,243,18,0,35
2001-09-24T14:00,6.8,75,0,3,244,51,3,35
2001-09-24T15:00,9.3,70,0,2.91,243,48,74,40
2001-09-24T16:00,13.8,65,0,2.47,238,75,213,60
2001-09-24T17:00,18.5,48,0,1.7,220,84,348,165
2001-09-24T18:00,21,36,0,1.77,196,93,378,510
2001-09-24T19:00,21.9,32,0,2.3,178,96,265,930
2001-09-24T20:00,22.6,30,0,2.71,176,96,239,1405
2001-09-24T21:00,23.1,28,0,3.01,184,100,237,1785
2001-09-24T22:00,23.1,27,0,2.71,184,99,199,2625
2001-09-24T23:00,21.9,35,0,2.11,175,99,69,695
2001-09-25T00:00,20.3,43,0,2.1,183,98,21,150
2001-09-25T01:00,18.3,47,0,2.19,204,80,15,80
2001-09-25T02:00,15.9,50,0,2.7,219,49,2,50
2001-09-25T03:00,13.7,53,0,2.62,227,15,0,35
2001-09-25T04:00,11.7,59,0,2.34,230,29,0,30
2001-09-25T05:00,10.1,64,0,2.36,234,6,0,25
2001-09-25T06:00,8.8,70,0,2.25,238,0,0,25
2001-09-25T07:00,7.7,73,0,2.2,240,13,0,20
2001-09-25T08:00,7.1,76,0,2.37,242,37,0,25
2001-09-25T09:00,6.8,76,0,2.51,241,69,0,25
2001-09-25T10:00,6.6,77,0,2.55,244,50,0,30
2001-09-25T11:00,6.3,77,0,2.55,244,5,0,30
2001-09-25T12:00,5.9,78,0,2.46,243,5,0,30
2001-09-25T13:00,5.5,78,0,2.42,246,21,0,30
2001-09-25T14:00,5.2,79,0,2.42,246,53,3,30
2001-09-25T15:00,7.8,76,0,2.55,244,71,72,35
2001-09-25T16:00,13.2,66,0,2.15,242,30,205,50
2001-09-25T17:00,17.8,46,0,1.28,231,52,356,195
2001-09-25T18:00,19.7,31,0,1.21,204,43,471,720
2001-09-25T19:00,20.7,27,0,1.6,180,30,544,1085
2001-09-25T20:00,21.4,25,0,1.81,174,38,566,1265
2001-09-25T21:00,22.1,24,0,1.96,165,16,544,1415
2001-09-25T22:00,22.3,24,0,2.42,156,0,470,1605
2001-09-25T23:00,21.9,27,0,2.76,136,0,358,1460
2001-09-26T00:00,20.3,35,0,2.55,116,5,221,315
2001-09-26T01:00,18.1,41,0,2.25,122,12,83,175
2001-09-26T02:00,16.7,42,0,2.9,136,52,3,135
2001-09-26T03:00,15.7,43,0,2.77,154,88,0,100
2001-09-26T04:00,14.9,46,0,2.62,173,96,0,70
2001-09-26T05:00,13.9,54,0,2.1,205,97,0,40
2001-09-26T06:00,13.1,60,0,1.49,228,98,0,20
2001-09-26T07:00,13.2,54,0,1.2,228,98,0,20
2001-09-26T08:00,11.4,58,0,2.05,227,97,0,20
2001-09-26T09:00,9.9,62,0,2.9,224,99,0,35
2001-09-26T10:00,11.1,57,0,3.26,230,90,0,60
2001-09-26T11:00,12.2,53,0,3.7,232,28,0,155
2001-09-26T12:00,11.4,59,0,4.02,235,5,0,265
2001-09-26T13:00,10.6,65,0,4.8,239,0,0,550
2001-09-26T14:00,10.2,68,0,5.32,242,0,2,630
2001-09-26T15:00,10.9,65,0,5.28,241,7,60,740
2001-09-26T16:00,12,60,0,5.35,237,25,168,895
2001-09-26T17:00,13.5,53,0,5.61,239,15,283,1090
2001-09-26T18:00,14.8,47,0,5.85,237,13,386,1305
2001-09-26T19:00,15.1,45,0,5.55,236,11,380,1455
2001-09-26T20:00,15.5,43,0,5.38,235,18,475,1625
2001-09-26T21:00,15.5,43,0,5.2,232,53,456,1765
2001-09-26T22:00,15.1,44,0,4.08,239,44,326,1820
2001-09-26T23:00,14.6,45,0,3.72,234,22,193,1720
2001-09-27T00:00,13.8,48,0,3.61,226,11,153,1580
2001-09-27T01:00,12.4,53,0,3.28,218,0,60,1040
2001-09-27T02:00,10.9,57,0,3.22,216,0,2,765
2001-09-27T03:00,9.8,59,0,3.28,218,0,0,785
2001-09-27T04:00,8.8,62,0,3.34,219,0,0,805
2001-09-27T05:00,8.1,64,0,3.41,220,0,0,725
2001-09-27T06:00,7.5,66,0,3.41,220,1,0,640
2001-09-27T07:00,7.2,66,0,3.34,219,0,0,590
2001-09-27T08:00,6.9,67,0,3.55,220,0,0,600
2001-09-27T09:00,6.8,68,0,3.26,227,0,0,540
2001-09-27T10:00,6.7,67,0,2.77,229,2,0,365
2001-09-27T11:00,6.2,65,0,3.02,236,0,0,440
2001-09-27T12:00,5.7,61,0,3.16,235,4,0,480
2001-09-27T13:00,5.1,58,0,2.97,237,11,0,500
2001-09-27T14:00,4.6,57,0,2.69,239,27,2,490
2001-09-27T15:00,5.1,59,0,2.06,241,2,63,490
2001-09-27T16:00,6.8,48,0,1.96,255,7,196,875
2001-09-27T17:00,8.3,42,0,2.06,256,34,343,1075
2001-09-27T18:00,9.7,39,0,1.88,245,86,460,1345
2001-09-27T19:00,10.8,36,0,1.72,234,97,394,1610
2001-09-27T20:00,11.4,34,0,1.64,218,98,287,1825
2001-09-27T21:00,11.6,33,0,1.99,198,99,222,1960
2001-09-27T22:00,12,32,0,2.47,194,78,295,2020
2001-09-27T23:00,11.8,32,0,2.53,198,74,262,1950
2001-09-28T00:00,11.3,35,0,2.02,200,99,185,1760
2001-09-28T01:00,10.2,45,0,0.57,225,99,28,65
2001-09-28T02:00,9.7,40,0,0.45,27,100,0,45
2001-09-28T03:00,8.8,43,0,1.28,51,99,0,120
2001-09-28T04:00,7.4,62,0,1.75,66,100,0,185
2001-09-28T05:00,6.5,65,0,1.84,68,99,0,245
2001-09-28T06:00,5.9,68,0,1.36,73,81,0,125
2001-09-28T07:00,6,64,0,0.86,144,95,0,55
2001-09-28T08:00,5.1,73,0,0.85,201,72,0,30
2001-09-28T09:00,4.5,69,0,0.92,221,80,0,20
2001-09-28T10:00,2.9,77,0,1.17,250,99,0,15
2001-09-28T11:00,2.4,79,0,1.36,253,99,0,20
2001-09-28T12:00,2.4,75,0,1.43,258,98,0,25
2001-09-28T13:00,2.2,73,0,1.75,257,99,0,35
2001-09-28T14:00,2,73,0,1.94,258,93,0,35
2001-09-28T15:00,3.2,72,0,2.04,259,47,20,40
2001-09-28T16:00,7.4,60,0,1.2,270,26,132,190
2001-09-28T17:00,10,46,0,1.33,283,46,331,1015
2001-09-28T18:00,11,41,0,1.2,275,76,367,1555
2001-09-28T19:00,11.8,37,0,1.04,253,95,362,1940
2001-09-28T20:00,12.3,34,0,1.49,228,98,203,2265
2001-09-28T21:00,12.6,32,0,1.7,230,97,189,2235
2001-09-28T22:00,12.4,32,0,2.02,250,97,81,2180
2001-09-28T23:00,12.3,32,0,1.94,258,98,168,2130
2001-09-29T00:00,11.4,37,0,1.04,253,84,78,915
2001-09-29T01:00,9.9,47,0,0.78,230,37,52,165
2001-09-29T02:00,8.1,53,0,1.49,228,1,2,60
2001-09-29T03:00,6.4,56,0,1.75,239,0,0,45
2001-09-29T04:00,4.6,62,0,2.16,236,1,0,45
2001-09-29T05:00,3.5,66,0,2.39,237,1,0,45
2001-09-29T06:00,3,66,0,2.52,236,2,0,45
2001-09-29T07:00,2.5,68,0,2.42,240,0,0,45
2001-09-29T08:00,2,71,0,2.28,241,0,0,40
2001-09-29T09:00,1.7,73,0,2.2,240,0,0,35
2001-09-29T10:00,1.4,75,0,2.28,241,0,0,40
2001-09-29T11:00,1.1,76,0,2.28,241,0,0,40
2001-09-29T12:00,0.9,77,0,2.2,240,0,0,40
2001-09-29T13:00,0.7,77,0,2.25,238,0,0,40
2001-09-29T14:00,0.6,78,0,2.39,237,0,1,40
2001-09-29T15:00,2.3,75,0,2.36,234,0,62,55
2001-09-29T16:00,6.6,61,0,1.72,216,0,196,230
2001-09-29T17:00,9.7,46,0,2.51,203,0,333,830
2001-09-29T18:00,11.6,40,0,3.22,216,0,444,1100
2001-09-29T19:00,12.8,37,0,3.75,222,0,514,1355
2001-09-29T20:00,13.7,35,0,4.18,222,0,541,1505
2001-09-29T21:00,14,34,0,4.6,224,18,518,1550
2001-09-29T22:00,13.9,35,0,4.49,238,26,420,1570
2001-09-29T23:00,13.7,35,0,4.1,236,18,334,1490
2001-09-30T00:00,12.9,38,0,3.4,227,0,193,1320
2001-09-30T01:00,10.9,44,0,3.47,224,0,65,715
2001-09-30T02:00,9.1,48,0,3.54,223,31,1,575
2001-09-30T03:00,7.9,52,0,3.61,224,27,0,520
2001-09-30T04:00,7.2,55,0,3.55,230,11,0,465
2001-09-30T05:00,6.7,58,0,3.36,233,8,0,370
2001-09-30T06:00,6.1,61,0,3.08,234,10,0,275
2001-09-30T07:00,6.1,62,0,2.64,233,15,0,140
2001-09-30T08:00,4.9,69,0,2.42,240,24,0,75
2001-09-30T09:00,3.5,76,0,2.33,245,48,0,45
2001-09-30T10:00,2.8,81,0,2.15,242,58,0,35
2001-09-30T11:00,2.3,84,0,2.37,242,51,0,45
2001-09-30T12:00,2.1,84,0,2.42,240,65,0,45
2001-09-30T13:00,1.9,85,0,2.28,241,69,0,40
2001-09-30T14:00,1.7,86,0,2.06,241,93,0,40
2001-09-30T15:00,3.1,82,0,2.08,235,87,29,45
2001-09-30T16:00,7,69,0,1.22,215,72,107,115
2001-09-30T17:00,10.1,55,0,1.4,184,50,228,395
2001-09-30T18:00,12.1,48,0,1.8,177,37,358,690
2001-09-30T19:00,14.1,40,0,1.92,189,36,505,1025
2001-09-30T20:00,15.5,35,0,1.66,205,31,506,1355
2001-09-30T21:00,16.3,31,0,1.41,225,18,458,1580
2001-09-30T22:00,16.5,29,0,1.24,256,4,411,1635
2001-09-30T23:00,16.2,29,0,1.4,266,0,328,1585
2001-10-01T00:00,14.9,39,0,0.99,315,0,193,490
2001-10-01T01:00,13,48,0,1.57,333,0,60,100
2001-10-01T02:00,10.8,54,0,2.16,326,0,1,70
2001-10-01T03:00,9.4,58,0,2.19,317,0,0,65
2001-10-01T04:00,8.4,61,0,2.06,309,0,0,50
2001-10-01T05:00,7.4,65,0,1.89,302,19,0,40
2001-10-01T06:00,6.7,67,0,1.36,287,40,0,25
2001-10-01T07:00,5.5,78,0,1,276,47,0,20
2001-10-01T08:00,5,78,0,0.82,256,57,0,15
2001-10-01T09:00,4.4,80,0,0.94,212,75,0,15
2001-10-01T10:00,3.9,83,0,1.35,228,84,0,20
2001-10-01T11:00,3.6,83,0,1.41,225,89,0,15
2001-10-01T12:00,3.7,83,0,1.41,225,96,0,15
2001-10-01T13:00,3.8,82,0,1.41,225,96,0,15
2001-10-01T14:00,3.5,84,0,1.06,229,98,0,15
2001-10-01T15:00,4,85,0,1.12,207,97,23,20
2001-10-01T16:00,6.9,71,0,0.81,150,95,66,160
2001-10-01T17:00,8.4,64,0,0.99,135,100,103,400
2001-10-01T18:00,9.9,58,0,0.5,90,99,139,575
2001-10-01T19:00,10.5,54,0,1.17,20,100,139,755
2001-10-01T20:00,10.7,54,0,2.26,13,98,161,1055
2001-10-01T21:00,10.1,58,0,2.71,356,100,124,1315
2001-10-01T22:00,8.6,66,0.2,3.86,10,100,80,1010
2001-10-01T23:00,6,82,0.5,3.71,14,100,4,705
2001-10-02T00:00,4.2,91,0.8,2.79,15,100,0,555
2001-10-02T01:00,2.7,100,0.9,2.06,14,100,0,405
2001-10-02T02:00,1.8,100,0.7,1.6,360,100,0,225
2001-10-02T03:00,1.5,99,0.4,1,307,98,0,185
2001-10-02T04:00,1.7,97,0.2,1.33,257,85,0,130
2001-10-02T05:00,1.8,96,0,1.7,242,47,0,85
2001-10-02T06:00,1.6,96,0,1.72,234,26,0,65
2001-10-02T07:00,0.8,89,0,1.8,236,17,0,45
2001-10-02T08:00,-0.1,90,0,2,233,3,0,35
2001-10-02T09:00,-1,92,0,2.08,235,15,0,30
2001-10-02T10:00,-1.2,92,0,2.39,237,84,0,50
2001-10-02T11:00,-1.3,94,0,2.39,237,100,0,60
2001-10-02T12:00,-1.3,94,0,2.39,237,100,0,60
2001-10-02T13:00,-1.3,95,0,2.42,240,73,0,60
2001-10-02T14:00,-1.7,96,0,2.39,237,31,0,60
2001-10-02T15:00,-0.4,96,0,2.42,246,80,30,80
2001-10-02T16:00,2.1,94,0,1.97,246,4,141,195
2001-10-02T17:00,4.8,78,0,2.09,253,2,243,330
2001-10-02T18:00,7.4,59,0,1.8,267,25,416,595
2001-10-02T19:00,9.6,37,0,1.75,294,43,495,1080
2001-10-02T20:00,10.7,31,0,1.98,311,10,516,1585
2001-10-02T21:00,11.2,28,0,2.05,313,7,500,1930
2001-10-02T22:00,11.2,26,0,2,307,18,423,2035
2001-10-02T23:00,10.8,27,0,2.24,297,3,308,1765
2001-10-03T00:00,9.7,35,0,1.52,293,15,184,625
2001-10-03T01:00,7.9,43,0,1.26,288,5,49,130
2001-10-03T02:00,5.6,48,0,1.81,264,22,0,40
2001-10-03T03:00,3.6,55,0,2.01,264,33,0,35
2001-10-03T04:00,2.5,59,0,2.4,268,7,0,45
2001-10-03T05:00,1.7,61,0,2.4,270,23,0,50
2001-10-03T06:00,1.1,64,0,2.1,273,9,0,45
2001-10-03T07:00,0.3,66,0,1.87,286,0,0,45
2001-10-03T08:00,0.1,68,0,1.86,306,0,0,90
2001-10-03T09:00,0,67,0,2.05,317,0,0,215
2001-10-03T10:00,-0.2,67,0,1.92,298,33,0,140
2001-10-03T11:00,-0.6,69,0,2.02,290,81,0,130
2001-10-03T12:00,-1.1,70,0,1.96,285,90,0,110
2001-10-03T13:00,-1.5,71,0,1.81,276,53,0,85
2001-10-03T14:00,-1.8,72,0,1.6,266,47,0,55
2001-10-03T15:00,-0.6,76,0,1.41,262,60,50,90
2001-10-03T16:00,2.5,56,0,1.14,285,53,179,655
2001-10-03T17:00,4,51,0,0.86,306,6,316,970
2001-10-03T18:00,5.5,47,0,0.72,326,1,427,1260
2001-10-03T19:00,6.7,42,0,1.03,331,27,497,1655
2001-10-03T20:00,7.9,35,0,1.79,333,59,522,2070
2001-10-03T21:00,8.4,32,0,2.21,342,34,390,2160
2001-10-03T22:00,8.6,31,0,2.6,358,8,399,2080
2001-10-03T23:00,8.1,31,0,2.9,2,49,234,2110
2001-10-04T00:00,6.9,37,0,2.86,25,33,161,1075
2001-10-04T01:00,4.9,43,0,2.56,31,30,46,585
2001-10-04T02:00,3,48,0,1.8,19,32,0,285
2001-10-04T03:00,1.8,53,0,1.8,360,79,0,300
2001-10-04T04:00,1.2,54,0,2.41,355,97,0,675
2001-10-04T05:00,1,56,0,2.82,354,100,0,1020
2001-10-04T06:00,0.9,61,0.1,3.2,346,99,0,1040
2001-10-04T07:00,-0.1,70,0.2,3.49,336,70,0,970
2001-10-04T08:00,-0.6,71,0.2,3.31,331,48,0,1020
2001-10-04T09:00,-1.1,69,0,3.5,329,28,0,1005
2001-10-04T10:00,-1.5,70,0,3.38,326,27,0,955
2001-10-04T11:00,-1.9,71,0,3.64,328,28,0,955
2001-10-04T12:00,-2,72,0,3.45,330,22,0,940
2001-10-04T13:00,-2.2,73,0,3.4,332,49,0,995
2001-10-04T14:00,-2.3,74,0,3.22,334,51,0,990
2001-10-04T15:00,-1.9,71,0,3.85,335,55,27,1030
2001-10-04T16:00,-1.1,62,0,3.98,335,50,117,1110
2001-10-04T17:00,-0.1,52,0,3.76,335,61,182,1300
2001-10-04T18:00,1.2,43,0,3.22,334,75,268,1550
2001-10-04T19:00,2.2,36,0,2.59,332,36,325,1690
2001-10-04T20:00,3.3,33,0,1.61,330,16,436,1660
2001-10-04T21:00,4.2,31,0,0.86,324,0,515,1575
2001-10-04T22:00,4.8,29,0,0.67,297,0,435,1505
2001-10-04T23:00,4.9,29,0,0.58,329,0,317,1430
2001-10-05T00:00,4.4,34,0,1.06,41,0,178,195
2001-10-05T01:00,2.9,43,0,1.43,78,0,47,75
2001-10-05T02:00,0.9,63,0,1.3,148,0,0,65
2001-10-05T03:00,0.1,51,0,1.53,191,0,0,60
2001-10-05T04:00,-1.1,51,0,1.66,213,0,0,40
2001-10-05T05:00,-2,58,0,1.7,230,0,0,40
2001-10-05T06:00,-2.2,54,0,2.11,239,0,0,40
2001-10-05T07:00,-2.8,55,0,2.33,245,0,0,50
2001-10-05T08:00,-2.7,54,0,2.64,245,0,0,60
2001-10-05T09:00,-2.5,54,0,2.73,246,0,0,60
2001-10-05T10:00,-2.5,54,0,2.92,248,0,0,70
2001-10-05T11:00,-2.5,53,0,2.92,248,4,0,70
2001-10-05T12:00,-2.5,53,0,3.01,249,4,0,70
2001-10-05T13:00,-2.5,52,0,3.01,249,2,0,70
2001-10-05T14:00,-2.4,52,0,2.92,248,1,0,65
2001-10-05T15:00,-1.1,51,0,2.82,247,1,45,70
2001-10-05T16:00,2.7,45,0,2.24,243,0,159,90
2001-10-05T17:00,6.4,37,0,1.61,240,1,289,170
2001-10-05T18:00,8.9,26,0,1.3,238,0,411,410
2001-10-05T19:00,10.6,24,0,1.08,236,0,481,645
2001-10-05T20:00,11.7,25,0,0.76,247,0,503,840
2001-10-05T21:00,12.3,26,0,0.6,270,0,477,950
2001-10-05T22:00,12.5,28,0,0.22,243,0,405,940
2001-10-05T23:00,11.9,39,0,0.54,112,0,296,125
2001-10-06T00:00,10.6,46,0,0.94,148,0,162,70
2001-10-06T01:00,9.2,45,0,1.43,192,0,41,45
2001-10-06T02:00,6.2,56,0,1.41,225,0,0,30
2001-10-06T03:00,3.4,63,0,2.01,243,0,0,20
2001-10-06T04:00,0.5,76,0,2.51,247,0,0,30
2001-10-06T05:00,0.3,74,0,2.86,245,4,0,35
2001-10-06T06:00,0.5,68,0,2.95,246,12,0,40
2001-10-06T07:00,-0.1,66,0,2.95,246,14,0,40
2001-10-06T08:00,-0.2,65,0,2.95,246,14,0,40
2001-10-06T09:00,-0.3,63,0,3,244,34,0,40
2001-10-06T10:00,-0.4,62,0,3.31,245,61,0,50
2001-10-06T11:00,-0.4,61,0,3.4,246,83,0,55
2001-10-06T12:00,-0.4,59,0,3.44,244,89,0,60
2001-10-06T13:00,-0.3,58,0,3.53,245,92,0,60
2001-10-06T14:00,-0.1,56,0,3.49,246,91,0,60
2001-10-06T15:00,1.2,55,0,3.49,246,91,19,65
2001-10-06T16:00,4.3,53,0,3.05,247,82,102,90
2001-10-06T17:00,8.3,47,0,2.38,248,64,210,185
2001-10-06T18:00,11.4,36,0,2.06,256,49,321,400
2001-10-06T19:00,12.9,30,0,2.1,273,70,420,780
2001-10-06T20:00,13.5,28,0,2.19,294,90,408,1170
2001-10-06T21:00,13.4,29,0,2.34,310,56,350,1505
2001-10-06T22:00,12.9,30,0,2.56,321,50,328,1980
2001-10-06T23:00,11.7,35,0,2.62,320,90,227,1660
2001-10-07T00:00,9.1,45,0,3.14,301,99,42,940
2001-10-07T01:00,6.7,57,0.2,3.91,283,100,11,655
2001-10-07T02:00,4.6,72,0.4,4.11,274,100,0,580
2001-10-07T03:00,3.7,79,0.4,4.3,273,91,0,510
2001-10-07T04:00,3.6,80,0.2,4.21,274,82,0,450
2001-10-07T05:00,3.4,78,0,4.16,280,94,0,440
2001-10-07T06:00,3.3,76,0,4.05,286,97,0,515
2001-10-07T07:00,3,74,0,3.76,287,99,0,555
2001-10-07T08:00,3,73,0,3.2,284,98,0,485
2001-10-07T09:00,2.7,74,0,2.72,276,99,0,325
2001-10-07T10:00,2.5,75,0,2.8,268,95,0,240
2001-10-07T11:00,2.4,75,0,2.8,268,92,0,220
2001-10-07T12:00,2,75,0,3.01,266,41,0,195
2001-10-07T13:00,1.4,76,0,3.03,262,6,0,180
2001-10-07T14:00,0.9,76,0,2.98,256,2,0,165
2001-10-07T15:00,1.5,76,0,2.91,254,13,32,205
2001-10-07T16:00,3.3,68,0,2.5,254,1,129,250
2001-10-07T17:00,5.2,60,0,1.65,256,4,272,530
2001-10-07T18:00,7.2,51,0,1.71,249,83,403,795
2001-10-07T19:00,8.7,44,0,1.61,240,100,408,995
2001-10-07T20:00,9.4,41,0,1.42,231,100,295,1120
2001-10-07T21:00,9.6,40,0,1.66,237,100,156,1190
2001-10-07T22:00,9.1,40,0,2.18,254,100,64,1280
2001-10-07T23:00,8.2,41,0,2.84,260,100,41,1125
2001-10-08T00:00,6.9,47,0,3.03,262,100,22,810
2001-10-08T01:00,5.5,54,0,2.96,258,100,2,670
2001-10-08T02:00,4.8,58,0,2.69,255,100,0,575
2001-10-08T03:00,4.2,61,0,2.66,250,100,0,460
2001-10-08T04:00,3.7,63,0,2.73,246,99,0,390
2001-10-08T05:00,3,66,0,2.73,246,74,0,280
2001-10-08T06:00,2.1,70,0,3.09,245,28,0,280
2001-10-08T07:00,2.3,69,0,3.4,246,0,0,280
2001-10-08T08:00,2.1,69,0,3.77,248,3,0,345
2001-10-08T09:00,2.1,68,0,3.83,250,0,0,335
2001-10-08T10:00,1.8,69,0,3.4,246,2,0,220
2001-10-08T11:00,1.4,71,0,3.53,245,7,0,265
2001-10-08T12:00,1.3,73,0,3.9,247,54,0,355
2001-10-08T13:00,1.4,72,0,3.96,249,89,0,365
2001-10-08T14:00,1.4,71,0,3.73,250,88,0,340
2001-10-08T15:00,2.3,70,0,3.61,251,73,22,355
2001-10-08T16:00,4.6,62,0,3.2,250,48,89,505
2001-10-08T17:00,6.5,54,0,3.61,256,42,171,680
2001-10-08T18:00,7.7,49,0,3.03,262,43,326,1385
2001-10-08T19:00,9,40,0,2.7,268,32,413,1840
2001-10-08T20:00,8.7,42,0,2.9,268,45,383,1630
2001-10-08T21:00,8.6,40,0,3.01,274,47,322,1700
2001-10-08T22:00,8.4,41,0,2.21,275,41,298,1595
2001-10-08T23:00,7.9,42,0,2.3,270,43,180,1510
2001-10-09T00:00,6.9,47,0,2.21,275,46,115,750
2001-10-09T01:00,5.5,55,0,1.7,273,37,26,270
2001-10-09T02:00,3.9,60,0,1.73,260,26,0,115
2001-10-09T03:00,2.4,65,0,2.21,252,20,0,100
2001-10-09T04:00,1.7,65,0,2.6,247,16,0,145
2001-10-09T05:00,1.3,64,0,2.92,248,17,0,230
2001-10-09T06:00,0.9,63,0,3.2,250,12,0,270
2001-10-09T07:00,0.6,58,0,3.35,253,25,0,305
2001-10-09T08:00,0.5,59,0,3.35,253,37,0,300
2001-10-09T09:00,0.5,60,0,3.45,253,59,0,295
2001-10-09T10:00,0.5,62,0,2.85,252,79,0,140
2001-10-09T11:00,0.5,63,0,2.6,247,90,0,125
2001-10-09T12:00,0.5,64,0,2.64,241,84,0,130
2001-10-09T13:00,0.8,64,0,2.69,239,90,0,155
2001-10-09T14:00,0.8,63,0,2.78,240,86,0,215
2001-10-09T15:00,1.2,62,0,2.91,243,92,14,370
2001-10-09T16:00,2.8,55,0,2.97,250,80,77,720
2001-10-09T17:00,4,47,0,3.61,265,61,148,980
2001-10-09T18:00,4.9,43,0,3.51,275,38,191,1585
2001-10-09T19:00,6.3,36,0,3.34,279,41,426,2030
2001-10-09T20:00,6.4,35,0,3.42,277,57,250,1980
2001-10-09T21:00,6.4,35,0,3.52,277,71,194,1985
2001-10-09T22:00,6.3,35,0,3.42,277,74,148,1980
2001-10-09T23:00,5.9,36,0,3.62,276,73,99,1835
2001-10-10T00:00,4.9,41,0,3.3,272,49,52,1385
2001-10-10T01:00,3.2,46,0,3.31,267,41,22,810
2001-10-10T02:00,2,51,0,3.16,259,31,0,650
2001-10-10T03:00,1.1,54,0,3.1,255,23,0,560
2001-10-10T04:00,0.5,56,0,3.07,251,5,0,450
2001-10-10T05:00,0.1,57,0,2.91,243,0,0,340
2001-10-10T06:00,-0.3,58,0,2.95,242,0,0,285
2001-10-10T07:00,-0.6,57,0,2.92,239,13,0,250
2001-10-10T08:00,-0.8,59,0,2.97,237,52,0,210
2001-10-10T09:00,-1.1,60,0,3.05,238,95,0,195
2001-10-10T10:00,-1.2,61,0,3.14,239,22,0,200
2001-10-10T11:00,-1.3,62,0,3.4,242,0,0,210
2001-10-10T12:00,-1.4,63,0,3.49,243,1,0,210
2001-10-10T13:00,-1.5,63,0,3.58,240,3,0,210
2001-10-10T14:00,-1.5,64,0,3.67,241,21,0,195
2001-10-10T15:00,-0.7,64,0,3.47,237,64,26,180
2001-10-10T16:00,1.5,59,0,3.2,231,85,142,200
2001-10-10T17:00,4.3,52,0,3.04,224,71,275,325
2001-10-10T18:00,6.8,45,0,3.42,218,100,385,555
2001-10-10T19:00,7.3,44,0,4,212,100,135,775
2001-10-10T20:00,6.1,49,0,4.02,199,100,0,935
2001-10-10T21:00,5.3,53,0,4.71,197,100,19,1135
2001-10-10T22:00,5,55,0,3.89,198,97,77,1275
2001-10-10T23:00,5.3,55,0,3.8,207,100,97,1380
2001-10-11T00:00,4.3,61,0,3.56,218,59,23,1160
2001-10-11T01:00,3.2,64,0,2.78,232,41,9,620
2001-10-11T02:00,2.4,69,0,2.69,239,80,0,530
2001-10-11T03:00,1.6,74,0,3.04,243,43,0,505
2001-10-11T04:00,0.5,78,0,3.44,244,9,0,515
2001-10-11T05:00,0.1,76,0,3.36,247,14,0,505
2001-10-11T06:00,-0.3,80,0,3.36,247,60,0,505
2001-10-11T07:00,0.8,70,0,3.1,249,63,0,495
2001-10-11T08:00,0.6,71,0,2.89,256,64,0,470
2001-10-11T09:00,0.5,71,0,2.32,263,63,0,365
2001-10-11T10:00,0.1,73,0,1.64,308,77,0,220
2001-10-11T11:00,-0.4,76,0,1.3,293,95,0,45
2001-10-11T12:00,-0.1,74,0,1.21,246,98,0,35
2001-10-11T13:00,-0.2,72,0,1.79,243,100,0,45
2001-10-11T14:00,-0.2,66,0,2.24,243,98,0,290
2001-10-11T15:00,0,63,0,3.04,253,94,10,510
2001-10-11T16:00,1.2,55,0,3.72,264,35,112,770
2001-10-11T17:00,2.6,44,0,4.7,269,1,279,1245
2001-10-11T18:00,3.4,37,0,5.67,279,19,361,1750
2001-10-11T19:00,4.2,32,0,6.22,294,37,431,1855
2001-10-11T20:00,4.2,33,0,5.77,296,60,367,1935
2001-10-11T21:00,4.4,33,0,5.46,296,75,282,1995
2001-10-11T22:00,4.4,33,0,5.14,297,71,269,1795
2001-10-11T23:00,3.8,36,0,4.72,291,29,158,1795
2001-10-12T00:00,2.9,41,0,3.67,281,6,83,1485
2001-10-12T01:00,1.3,46,0,3.3,268,0,20,775
2001-10-12T02:00,0.2,49,0,3.45,260,0,0,630
2001-10-12T03:00,-0.3,51,0,3.54,254,0,0,590
2001-10-12T04:00,-0.7,52,0,3.58,247,0,0,515
2001-10-12T05:00,-1.1,54,0,3.22,240,0,0,380
2001-10-12T06:00,-1.4,56,0,3.41,238,0,0,365
2001-10-12T07:00,-1.6,54,0,3.78,233,33,0,470
2001-10-12T08:00,-1.7,53,0,3.58,234,48,0,490
2001-10-12T09:00,-1.7,54,0,3.69,237,90,0,535
2001-10-12T10:00,-1.5,54,0,3.22,240,57,0,550
2001-10-12T11:00,-1.6,57,0,3.8,235,69,0,540
2001-10-12T12:00,-1.3,58,0,4.02,235,85,0,530
2001-10-12T13:00,-1,57,0,4.36,233,100,0,520
2001-10-12T14:00,-0.7,58,0,4.49,238,100,0,585
2001-10-12T15:00,0.1,58,0.2,4.24,236,100,0,600
2001-10-12T16:00,0.6,60,0.4,4.16,235,87,3,630
2001-10-12T17:00,1.2,65,0.4,4.22,239,77,30,725
2001-10-12T18:00,3.5,57,0,4.13,238,67,127,785
2001-10-12T19:00,4.5,52,0,4.92,241,47,176,795
2001-10-12T20:00,5.8,45,0,5.87,247,73,330,890
2001-10-12T21:00,5.5,47,0,6.2,249,60,251,955
2001-10-12T22:00,4.8,50,0,5.66,253,75,111,930
2001-10-12T23:00,4.6,51,0,5.44,250,71,116,895
2001-10-13T00:00,3.5,56,0,5.5,251,66,48,860
2001-10-13T01:00,2.3,58,0,5.38,252,11,11,805
2001-10-13T02:00,1.9,59,0,5.13,249,8,0,755
2001-10-13T03:00,1.6,60,0,4.72,249,20,0,700
2001-10-13T04:00,1.1,64,0,4.4,249,36,0,620
2001-10-13T05:00,0.7,66,0,4.18,249,42,0,550
2001-10-13T06:00,0.6,66,0,4.11,252,52,0,570
2001-10-13T07:00,1.1,65,0,4.05,254,20,0,625
2001-10-13T08:00,0.8,64,0,4.08,259,21,0,750
2001-10-13T09:00,0.7,61,0,4.11,266,21,0,910
2001-10-13T10:00,0.3,60,0,3.54,278,24,0,990
2001-10-13T11:00,0,58,0,3.57,281,20,0,970
2001-10-13T12:00,-0.3,56,0,3.81,284,14,0,1075
2001-10-13T13:00,-0.7,54,0,4.12,284,7,0,1185
2001-10-13T14:00,-1,52,0,4.27,286,3,0,1320
2001-10-13T15:00,-1,51,0,4.24,289,2,24,1400
2001-10-13T16:00,-0.1,47,0,4.43,288,5,130,1525
2001-10-13T17:00,1,41,0,4.88,293,73,250,1655
2001-10-13T18:00,2.1,35,0,4.83,297,81,369,1770
2001-10-13T19:00,2.8,32,0,4.88,298,90,437,1975
2001-10-13T20:00,3.1,32,0,4.7,294,85,386,2075
2001-10-13T21:00,3.1,32,0,4.55,289,60,362,1985
2001-10-13T22:00,2.9,34,0,4.57,293,52,301,2020
2001-10-13T23:00,2.3,36,0,3.96,291,45,232,1715
2001-10-14T00:00,1.3,40,0,3.16,288,53,114,1425
2001-10-14T01:00,-0.1,45,0,2.26,283,81,18,570
2001-10-14T02:00,-1,48,0,2.02,279,99,0,445
2001-10-14T03:00,-1.3,49,0,1.82,279,99,0,390
2001-10-14T04:00,-1.7,52,0,1.8,273,94,0,305
2001-10-14T05:00,-2,54,0,1.61,277,94,0,235
2001-10-14T06:00,-2.5,61,0,1.63,281,91,0,180
2001-10-14T07:00,-2.7,67,0,1.52,293,70,0,140
2001-10-14T08:00,-2.8,67,0,1.35,312,67,0,110
2001-10-14T09:00,-2.9,67,0,1.34,333,61,0,150
2001-10-14T10:00,-3.3,69,0,1.5,4,67,0,350
2001-10-14T11:00,-3.2,61,0,1.61,7,58,0,570
2001-10-14T12:00,-3.7,64,0,1.8,3,69,0,685
2001-10-14T13:00,-4,66,0,1.91,354,80,0,740
2001-10-14T14:00,-4.2,66,0,2.12,341,97,0,745
2001-10-14T15:00,-3.6,62,0,2.69,338,96,17,875
2001-10-14T16:00,-2.5,57,0,3.44,334,76,101,1200
2001-10-14T17:00,-1.2,47,0,4.21,332,70,227,1545
2001-10-14T18:00,-0.2,40,0,4.3,329,89,258,1695
2001-10-14T19:00,0.3,37,0,4.13,328,100,176,1880
2001-10-14T20:00,0.8,35,0,4,323,96,125,1900
2001-10-14T21:00,1.4,34,0,4.18,318,89,154,1905
2001-10-14T22:00,1.7,32,0,3.32,314,0,143,1650
2001-10-14T23:00,1.5,33,0,2.83,312,0,173,1465
2001-10-15T00:00,0.5,39,0,1.49,318,0,116,620
2001-10-15T01:00,-1.1,46,0,1.49,290,0,16,70
2001-10-15T02:00,-2.2,50,0,1.5,266,1,0,40
2001-10-15T03:00,-3,53,0,1.65,256,0,0,40
2001-10-15T04:00,-3.7,60,0,1.66,245,0,0,40
2001-10-15T05:00,-4.2,65,0,1.57,243,5,0,40
2001-10-15T06:00,-4.4,65,0,1.53,238,53,0,40
2001-10-15T07:00,-4.6,59,0,1.5,233,55,0,45
2001-10-15T08:00,-4.9,61,0,1.56,225,59,0,50
2001-10-15T09:00,-5.1,59,0,1.36,216,33,0,65
2001-10-15T10:00,-5.4,58,0,1.86,234,22,0,60
2001-10-15T11:00,-5.6,57,0,1.89,238,21,0,60
2001-10-15T12:00,-5.9,56,0,2.06,241,14,0,60
2001-10-15T13:00,-6.2,55,0,2.15,242,4,0,60
2001-10-15T14:00,-6.5,55,0,2.24,243,2,0,60
2001-10-15T15:00,-6,54,0,2.24,243,1,18,60
2001-10-15T16:00,-3.3,48,0,1.79,243,0,111,85
2001-10-15T17:00,0.7,39,0,1.2,222,0,253,205
2001-10-15T18:00,3.5,30,0,1.12,190,0,354,400
2001-10-15T19:00,5.2,27,0,1.41,172,0,429,595
2001-10-15T20:00,6.5,26,0,1.73,170,37,446,765
2001-10-15T21:00,7.2,25,0,1.61,173,8,399,850
2001-10-15T22:00,7.3,27,0,1.71,173,1,336,725
2001-10-15T23:00,6.3,33,0,1.71,159,1,236,410
2001-10-16T00:00,4.2,41,0,2.12,172,89,104,130
2001-10-16T01:00,1.5,48,0,2.21,198,94,11,75
2001-10-16T02:00,-0.7,55,0,2.7,219,95,0,65
2001-10-16T03:00,-1.3,56,0,3.11,228,89,0,85
2001-10-16T04:00,-1.2,55,0,3.41,230,95,0,100
2001-10-16T05:00,-0.8,52,0,3.48,231,97,0,105
2001-10-16T06:00,-0.1,50,0,3.56,232,93,0,105
2001-10-16T07:00,0.7,50,0,3.64,233,80,0,100
2001-10-16T08:00,0.6,51,0,3.8,235,33,0,105
2001-10-16T09:00,0.3,53,0,4.02,235,34,0,105
2001-10-16T10:00,-0.4,55,0,3.97,236,62,0,95
2001-10-16T11:00,-0.2,55,0,3.91,238,51,0,105
2001-10-16T12:00,0,56,0,3.8,235,46,0,100
2001-10-16T13:00,-0.1,58,0,3.86,233,34,0,95
2001-10-16T14:00,0,58,0,3.92,232,16,0,100
2001-10-16T15:00,0.7,57,0,3.92,232,20,14,110
2001-10-16T16:00,3.7,50,0,3.68,227,49,94,160
2001-10-16T17:00,7.4,42,0,3.34,219,29,178,355
2001-10-16T18:00,9.9,38,0,3.19,212,24,221,660
2001-10-16T19:00,10.8,37,0,3.76,209,36,350,1010
2001-10-16T20:00,11.2,37,0,3.67,206,30,348,1285
2001-10-16T21:00,11.7,37,0,3.58,210,18,358,1455
2001-10-16T22:00,11.7,39,0,3.36,210,0,332,1820
2001-10-16T23:00,10.9,42,0,3.64,217,0,242,1590
2001-10-17T00:00,9,48,0,3.56,218,36,103,705
2001-10-17T01:00,6.6,55,0,3.75,222,16,10,515
2001-10-17T02:00,5,61,0,3.76,230,14,0,475
2001-10-17T03:00,3.9,67,0,3.22,244,34,0,290
2001-10-17T04:00,2.6,75,0,2.61,302,48,0,175
2001-10-17T05:00,1.3,82,0.4,3.49,336,92,0,375
2001-10-17T06:00,-0.1,92,0.7,3.44,334,99,0,490
2001-10-17T07:00,-0.4,92,0.8,2.85,342,92,0,615
2001-10-17T08:00,-0.9,87,0.5,2.73,336,93,0,740
2001-10-17T09:00,-1.3,83,0.7,2.66,326,99,0,785
2001-10-17T10:00,-1.1,79,0.7,2.73,336,99,0,755
2001-10-17T11:00,-0.8,77,0.5,1.36,287,96,0,310
2001-10-17T12:00,-1.1,77,0.2,1.7,242,94,0,175
2001-10-17T13:00,-1.6,76,0.1,1.88,245,81,0,325
2001-10-17T14:00,-1.9,72,0,2.34,250,62,0,360
2001-10-17T15:00,-1.8,68,0,2.28,247,59,11,440
2001-10-17T16:00,-0.5,63,0,2.47,249,78,66,615
2001-10-17T17:00,1,49,0,3.47,258,77,181,1325
2001-10-17T18:00,1.8,41,0,4.3,271,53,296,2040
2001-10-17T19:00,2.1,35,0,4.67,280,55,362,2420
2001-10-17T20:00,2.3,33,0,4.71,282,62,327,2505
2001-10-17T21:00,2.1,32,0,4.88,285,68,356,2340
2001-10-17T22:00,1.5,34,0,4.11,288,74,200,1785
2001-10-17T23:00,1,38,0,3.47,282,8,196,1845
2001-10-18T00:00,-0.2,44,0,2.9,268,2,98,1280
2001-10-18T01:00,-1.8,48,0,3.04,253,0,11,685
2001-10-18T02:00,-2.5,49,0,3.7,251,8,0,735
2001-10-18T03:00,-3,50,0,4.05,250,5,0,690
2001-10-18T04:00,-3.2,51,0,4.22,248,39,0,715
2001-10-18T05:00,-3.3,52,0,4.53,248,27,0,760
2001-10-18T06:00,-3.1,52,0,4.9,250,46,0,695
2001-10-18T07:00,-3.4,52,0,4.94,249,42,0,620
2001-10-18T08:00,-3.1,53,0,5.2,247,24,0,590
2001-10-18T09:00,-2.9,54,0,5.32,244,45,0,545
2001-10-18T10:00,-2.7,54,0,5.69,246,67,0,555
2001-10-18T11:00,-2.3,54,0,5.92,248,78,0,545
2001-10-18T12:00,-1.9,54,0,5.91,246,81,0,600
2001-10-18T13:00,-1.5,53,0,6.46,248,37,0,635
2001-10-18T14:00,-1.3,54,0,6.18,247,11,0,570
2001-10-18T15:00,-1.4,56,0,6.13,246,15,11,590
2001-10-18T16:00,-0.4,55,0,5.55,247,6,83,630
2001-10-18T17:00,1.5,51,0,5.86,245,1,204,710
2001-10-18T18:00,3.2,48,0,6.32,247,1,326,815
2001-10-18T19:00,4,45,0,6.56,249,3,402,900
2001-10-18T20:00,4.6,44,0,6.67,251,11,410,980
2001-10-18T21:00,4.7,45,0,6.55,251,14,378,990
2001-10-18T22:00,4.2,47,0,6.07,250,36,268,1115
2001-10-18T23:00,3.5,51,0,5.42,247,27,172,990
2001-10-19T00:00,2.5,53,0,5.82,254,4,64,895
2001-10-19T01:00,1.1,58,0,5.66,253,0,6,780
2001-10-19T02:00,0.5,60,0,5.6,251,0,0,690
2001-10-19T03:00,0.1,62,0,5.41,251,0,0,610
2001-10-19T04:00,-0.1,63,0,5.35,249,3,0,580
2001-10-19T05:00,-0.2,63,0,5.13,249,15,0,550
2001-10-19T06:00,-0.3,63,0,5.07,248,12,0,520
2001-10-19T07:00,0.2,62,0,4.92,246,4,0,495
2001-10-19T08:00,0.1,63,0,4.83,246,8,0,485
2001-10-19T09:00,-0.1,64,0,4.65,245,38,0,440
2001-10-19T10:00,-0.4,66,0,3.94,246,72,0,265
2001-10-19T11:00,-0.6,67,0,3.85,242,67,0,225
2001-10-19T12:00,-0.9,69,0,3.28,239,21,0,165
2001-10-19T13:00,-1.1,70,0,2.97,237,16,0,130
2001-10-19T14:00,-1.5,70,0,2.69,239,13,0,115
2001-10-19T15:00,-1.2,69,0,2.64,241,10,11,120
2001-10-19T16:00,0.6,64,0,2.51,241,8,85,195
2001-10-19T17:00,3.2,57,0,2.51,247,10,182,1025
2001-10-19T18:00,4.9,51,0,3.41,265,13,265,1445
2001-10-19T19:00,5.8,46,0,3.72,276,16,338,1765
2001-10-19T20:00,6.2,44,0,3.64,286,31,392,1985
2001-10-19T21:00,6.1,45,0,3.62,294,50,321,1670
2001-10-19T22:00,4.9,53,0.1,3.27,293,55,281,1305
2001-10-19T23:00,4.2,57,0,2.33,301,37,114,1100
2001-10-20T00:00,3.1,62,0,1.58,325,34,55,380
2001-10-20T01:00,1.3,68,0,1.86,306,45,5,130
2001-10-20T02:00,-0.5,76,0,1.63,259,12,0,30
2001-10-20T03:00,-1.3,77,0,1.89,238,0,0,30
2001-10-20T04:00,-2,77,0,1.97,240,0,0,40
2001-10-20T05:00,-2.3,77,0,1.88,245,3,0,45
2001-10-20T06:00,-2.3,77,0,2.19,246,14,0,70
2001-10-20T07:00,-2.6,75,0,2.47,249,30,0,130
2001-10-20T08:00,-2.4,75,0,2.92,248,56,0,170
2001-10-20T09:00,-2.7,77,0,3.23,248,73,0,160
2001-10-20T10:00,-2.9,77,0,2.91,243,73,0,155
2001-10-20T11:00,-3,75,0,2.95,246,95,0,150
2001-10-20T12:00,-2.8,73,0,2.95,246,99,0,155
2001-10-20T13:00,-2.4,70,0,2.64,245,98,0,150
2001-10-20T14:00,-2.1,69,0,2.33,245,98,0,130
2001-10-20T15:00,-1.8,69,0,2.01,243,90,3,125
2001-10-20T16:00,-0.7,67,0,1.84,241,58,23,380
2001-10-20T17:00,1.4,59,0,2.16,257,26,123,810
2001-10-20T18:00,2.6,49,0,2.93,278,31,295,1230
2001-10-20T19:00,3.1,45,0,3.18,283,22,364,1385
2001-10-20T20:00,3.5,42,0,3.18,283,22,377,1510
2001-10-20T21:00,3.5,40,0,3.06,281,37,249,1695
2001-10-20T22:00,3.5,39,0,2.9,272,16,292,1440
2001-10-20T23:00,2.8,42,0,2.75,280,23,177,1400
2001-10-21T00:00,1.2,50,0,1.75,294,13,78,530
2001-10-21T01:00,-0.4,56,0,1.75,294,59,5,70
2001-10-21T02:00,-1.6,62,0,1.77,286,92,0,35
2001-10-21T03:00,-2.1,64,0,1.5,274,100,0,35
2001-10-21T04:00,-2.5,67,0,1.32,261,100,0,30
2001-10-21T05:00,-2.7,71,0,0.95,252,100,0,30
2001-10-21T06:00,-2.7,73,0,0.81,240,99,0,25
2001-10-21T07:00,-2.1,60,0,0.63,162,99,0,70
2001-10-21T08:00,-2.8,74,0,0.63,162,95,0,80
2001-10-21T09:00,-3.1,78,0,0.81,150,96,0,90
2001-10-21T10:00,-2.8,70,0,0.81,173,99,0,150
2001-10-21T11:00,-3,74,0,0.95,162,92,0,165
2001-10-21T12:00,-3.2,76,0,0.95,162,96,0,165
2001-10-21T13:00,-3.3,75,0,0.95,162,93,0,170
2001-10-21T14:00,-3.6,77,0,1.17,160,91,0,185
2001-10-21T15:00,-3.6,76,0,1.33,167,45,5,215
2001-10-21T16:00,-2.4,71,0,1.58,162,34,57,270
2001-10-21T17:00,-0.7,64,0,1.99,162,74,166,460
2001-10-21T18:00,1.2,57,0,2.21,162,99,308,685
2001-10-21T19:00,2.5,52,0,2.42,156,100,264,890
2001-10-21T20:00,3.2,50,0,2.75,170,100,147,1205
2001-10-21T21:00,3.4,51,0,2.75,161,100,109,1230
2001-10-21T22:00,2.8,56,0,2.69,149,100,21,865
2001-10-21T23:00,1.7,67,0.2,2.86,144,100,0,780
2001-10-22T00:00,0.5,77,0.3,2.7,129,100,0,540
2001-10-22T01:00,-0.5,84,0.3,2.62,130,100,0,435
2001-10-22T02:00,-0.9,88,0.2,2.34,130,100,0,420
2001-10-22T03:00,-1.2,90,0.2,2.27,139,100,0,370
2001-10-22T04:00,-1.3,92,0,1.64,142,99,0,315
2001-10-22T05:00,-1.2,91,0,1.57,153,92,0,275
2001-10-22T06:00,-1.5,92,0,1.26,162,91,0,230
2001-10-22T07:00,-1.6,88,0,0.81,187,91,0,180
2001-10-22T08:00,-1.7,88,0,0.78,220,90,0,140
2001-10-22T09:00,-1.6,85,0,0.86,234,93,0,120
2001-10-22T10:00,-1.6,83,0,0.67,243,96,0,105
2001-10-22T11:00,-1.7,82,0,0.67,243,95,0,90
2001-10-22T12:00,-1.7,81,0,0.81,240,91,0,105
2001-10-22T13:00,-2.2,82,0,0.81,240,87,0,115
2001-10-22T14:00,-2.7,83,0,0.72,214,57,0,105
2001-10-22T15:00,-2.4,79,0,1,217,24,7,115
2001-10-22T16:00,-0.8,71,0,1.44,214,27,67,215
2001-10-22T17:00,1.2,63,0,1.44,214,9,156,460
2001-10-22T18:00,3,55,0,1.72,216,1,265,770
2001-10-22T19:00,3.9,48,0,1.77,223,14,376,1100
2001-10-22T20:00,4.6,43,0,2.19,227,23,372,1420
2001-10-22T21:00,4.8,40,0,2.19,223,61,356,1525
2001-10-22T22:00,4.5,41,0,1.26,198,99,176,1030
2001-10-22T23:00,3.3,50,0,1.43,155,100,57,715
2001-10-23T00:00,1.5,59,0,1.98,135,100,4,180
2001-10-23T01:00,0.2,65,0,2.28,142,100,0,210
2001-10-23T02:00,-0.4,68,0,2.55,154,100,0,275
2001-10-23T03:00,-0.7,73,0.1,2.64,151,100,0,335
2001-10-23T04:00,-1,79,0.2,2.52,146,92,0,355
2001-10-23T05:00,-1.3,83,0,2.36,144,69,0,330
2001-10-23T06:00,-1.9,86,0,1.94,145,66,0,280
2001-10-23T07:00,-1.8,89,0,1.79,153,78,0,260
2001-10-23T08:00,-1.7,88,0,1.73,170,92,0,205
2001-10-23T09:00,-1.6,86,0,1.3,180,98,0,195
2001-10-23T10:00,-1.7,83,0,0.76,203,98,0,130
2001-10-23T11:00,-1.7,80,0,1.06,229,100,0,95
2001-10-23T12:00,-1.7,77,0,0.95,252,97,0,105
2001-10-23T13:00,-1.7,77,0,1.24,284,100,0,115
2001-10-23T14:00,-1.7,77,0.1,1.33,283,98,0,180
2001-10-23T15:00,-1.7,78,0.2,1.25,299,98,0,200
2001-10-23T16:00,-1.6,79,0.2,1.35,312,100,0,265
2001-10-23T17:00,-1.3,80,0.2,1.21,336,99,2,365
2001-10-23T18:00,-0.6,75,0.2,1,354,98,14,475
2001-10-23T19:00,0,73,0.2,1.12,350,99,21,675
2001-10-23T20:00,0.6,71,0.1,1.68,343,98,53,825
2001-10-23T21:00,0.2,73,0.3,1.5,356,100,55,830
2001-10-23T22:00,-0.1,73,0,1.39,30,96,36,660
2001-10-23T23:00,-0.7,77,0.1,1.36,54,97,30,550
2001-10-24T00:00,-1.6,82,0.1,1.43,65,99,17,245
2001-10-24T01:00,-2.7,85,0.2,1.2,85,98,0,165
2001-10-24T02:00,-3.6,87,0.2,0.85,111,97,0,150
2001-10-24T03:00,-3.1,84,0.2,0.64,129,95,0,130
2001-10-24T04:00,-2.9,84,0.2,0.45,153,94,0,125
2001-10-24T05:00,-3,84,0.2,0.45,207,99,0,125
2001-10-24T06:00,-3.1,85,0.3,0.3,270,99,0,110
2001-10-24T07:00,-3.2,86,0.3,0.72,304,99,0,130
2001-10-24T08:00,-3.3,85,0.3,0.86,306,99,0,125
2001-10-24T09:00,-3.9,84,0.3,1.22,279,99,0,120
2001-10-24T10:00,-5.7,85,0.3,1.75,283,98,0,150
2001-10-24T11:00,-5.9,84,0.3,1.82,279,97,0,180
2001-10-24T12:00,-5.9,82,0.4,1.92,279,99,0,220
2001-10-24T13:00,-6.2,81,0.3,2.1,270,97,0,185
2001-10-24T14:00,-6.4,77,0,1.71,249,96,0,115
2001-10-24T15:00,-6.6,72,0,2.15,242,81,1,135
2001-10-24T16:00,-6.7,71,0,2.82,243,45,28,260
2001-10-24T17:00,-4,56,0,2.92,248,10,180,515
2001-10-24T18:00,-2,45,0,3.4,256,3,294,710
2001-10-24T19:00,-1.6,44,0,3.54,262,0,363,1285
2001-10-24T20:00,-1.1,43,0,3.41,267,36,404,1390
2001-10-24T21:00,-1,43,0,3.22,263,78,331,1430
2001-10-24T22:00,-1.3,45,0,3.14,261,85,263,1155
2001-10-24T23:00,-2.1,51,0,2.72,253,56,143,980
2001-10-25T00:00,-3.5,57,0,2.38,248,34,48,445
2001-10-25T01:00,-4.9,59,0,2.82,243,80,2,195
2001-10-25T02:00,-6.1,61,0,2.87,241,100,0,105
2001-10-25T03:00,-6.2,60,0,2.77,244,99,0,110
2001-10-25T04:00,-5.9,61,0,2.28,241,100,0,110
2001-10-25T05:00,-5.8,64,0,2.19,246,96,0,105
2001-10-25T06:00,-6,66,0,2.02,250,88,0,100
2001-10-25T07:00,-6.3,69,0,2.06,247,31,0,100
2001-10-25T08:00,-7.5,69,0,2.19,246,2,0,90
2001-10-25T09:00,-9,69,0,2.6,247,0,0,80
2001-10-25T10:00,-9.7,69,0,2.69,248,17,0,95
2001-10-25T11:00,-10.2,69,0,2.31,252,6,0,120
2001-10-25T12:00,-10.6,70,0,2.38,255,13,0,135
2001-10-25T13:00,-10.9,70,0,2.47,256,12,0,125
2001-10-25T14:00,-11.3,71,0,2.6,254,10,0,110
2001-10-25T15:00,-11.5,72,0,2.5,254,8,5,95
2001-10-25T16:00,-9.9,71,0,1.65,256,11,71,210
2001-10-25T17:00,-6.7,69,0,1.53,259,11,176,370
2001-10-25T18:00,-2.6,62,0,0.73,254,0,266,700
2001-10-25T19:00,-1,62,0,0.58,211,0,381,1140
2001-10-25T20:00,0.1,51,0,0.81,187,0,398,1390
2001-10-25T21:00,0.4,50,0,1.12,207,35,333,1645
2001-10-25T22:00,0.2,49,0,1.14,218,41,241,1345
2001-10-25T23:00,-1,54,0,0.9,180,11,181,590
2001-10-26T00:00,-0.8,47,0,1.24,166,0,57,100
2001-10-26T01:00,-4.4,58,0,1.32,189,47,2,90
2001-10-26T02:00,-6.4,62,0,1.75,204,66,0,105
2001-10-26T03:00,-6.2,61,0,1.92,208,26,0,110
2001-10-26T04:00,-5.7,58,0,2.33,211,6,0,105
2001-10-26T05:00,-6.8,59,0,2.39,213,16,0,100
2001-10-26T06:00,-7.9,61,0,2.52,214,13,0,100
2001-10-26T07:00,-8.9,66,0,2.52,214,21,0,105
2001-10-26T08:00,-9,68,0,2.2,210,19,0,110
2001-10-26T09:00,-9.8,72,0,2.15,208,27,0,120
2001-10-26T10:00,-9.1,72,0,2.28,218,72,0,105
2001-10-26T11:00,-7.9,72,0,2.48,220,97,0,110
2001-10-26T12:00,-6.7,72,0,2.77,221,98,0,115
2001-10-26T13:00,-5.7,73,0,2.92,218,95,0,120
2001-10-26T14:00,-4.9,74,0,3.08,216,94,0,125
2001-10-26T15:00,-4.3,75,0,3.24,214,98,0,135
2001-10-26T16:00,-3.2,74,0,3.31,209,99,2,165
2001-10-26T17:00,-1.6,71,0,3.23,202,100,13,255
2001-10-26T18:00,1.1,66,0,3.08,193,99,90,460
2001-10-26T19:00,4.4,59,0,3.04,189,98,167,700
2001-10-26T20:00,5.6,56,0,3.42,195,79,169,845
2001-10-26T21:00,6.6,55,0,3.61,199,56,212,980
2001-10-26T22:00,6.9,55,0,3.67,209,46,212,945
2001-10-26T23:00,6.6,57,0,4.06,218,40,137,850
2001-10-27T00:00,5.7,60,0,4.4,219,40,53,735
2001-10-27T01:00,5.5,60,0,5.09,225,39,1,705
2001-10-27T02:00,5.7,59,0,6.3,234,31,0,940
2001-10-27T03:00,5.7,60,0,6.69,238,18,0,1005
2001-10-27T04:00,5.5,63,0,6.41,239,9,0,960
2001-10-27T05:00,5.1,66,0,5.99,237,14,0,885
2001-10-27T06:00,4.7,69,0,5.33,240,16,0,825
2001-10-27T07:00,4.5,70,0,3.89,244,0,0,545
2001-10-27T08:00,3,79,0,2.14,259,0,0,240
2001-10-27T09:00,1.4,86,0,2.01,276,25,0,70
2001-10-27T10:00,0.1,89,0,1.88,295,3,0,90
2001-10-27T11:00,-0.7,92,0,1.5,307,28,0,110
2001-10-27T12:00,-1.4,94,0.2,1.35,318,43,0,110
2001-10-27T13:00,-1.3,94,0.2,0.85,339,66,0,110
2001-10-27T14:00,-1.2,94,0.3,0.51,11,96,0,100
2001-10-27T15:00,-1.5,94,0.3,0.64,39,98,2,145
2001-10-27T16:00,-1.1,89,0.3,1.12,27,94,29,245
2001-10-27T17:00,-0.4,86,0.3,1.42,39,100,57,365
2001-10-27T18:00,-0.2,85,0.5,1.84,45,100,40,445
2001-10-27T19:00,-0.5,84,0.4,2.13,49,100,43,495
2001-10-27T20:00,-0.5,83,0.5,2.12,45,100,45,505
2001-10-27T21:00,-0.8,84,0.6,1.98,41,100,18,505
2001-10-27T22:00,-1,84,0.7,2.19,43,100,47,505
2001-10-27T23:00,-1.5,87,0.7,2.22,36,100,0,450
2001-10-28T00:00,-2.3,89,0.7,2.15,28,100,0,405
2001-10-28T01:00,-3,90,0.7,2.06,23,100,0,400
2001-10-28T02:00,-3.7,90,0.6,2.12,19,100,0,440
2001-10-28T03:00,-4.3,89,0.4,1.82,9,99,0,385
2001-10-28T04:00,-4.9,89,0.3,1.08,338,71,0,210
2001-10-28T05:00,-5.9,87,0.1,0.73,286,49,0,120
2001-10-28T06:00,-8.2,87,0,1.48,242,11,0,30
2001-10-28T07:00,-11.4,89,0,1.66,237,5,0,20
2001-10-28T08:00,-14.2,88,0,1.61,240,5,0,20
2001-10-28T09:00,-15.6,87,0,2.19,246,26,0,30
2001-10-28T10:00,-15.3,88,0,2.6,247,28,0,40
2001-10-28T11:00,-15.4,87,0,2.51,247,39,0,60
2001-10-28T12:00,-15.3,85,0,2.64,245,26,0,55
2001-10-28T13:00,-15.2,83,0,2.68,243,30,0,55
2001-10-28T14:00,-15.3,80,0,2.68,243,23,0,60
2001-10-28T15:00,-15.4,78,0,2.77,244,24,3,60
2001-10-28T16:00,-14.3,74,0,2.73,242,16,69,65
2001-10-28T17:00,-10.2,67,0,2.08,235,9,170,100
2001-10-28T18:00,-4.6,58,0,1.84,221,69,266,270
2001-10-28T19:00,-2.3,48,0,1.84,209,84,343,445
2001-10-28T20:00,-1.5,47,0,1.75,204,93,351,605
2001-10-28T21:00,-0.8,44,0,1.8,199,93,235,695
2001-10-28T22:00,-1.2,47,0,1.61,210,88,131,580
2001-10-28T23:00,-2.8,58,0,1.25,209,5,140,265
2001-10-29T00:00,-4.4,60,0,1.89,212,2,57,55
2001-10-29T01:00,-7.1,65,0,1.86,234,0,1,35
2001-10-29T02:00,-8.8,69,0,2.37,242,0,0,40
2001-10-29T03:00,-9.8,71,0,2.77,244,29,0,50
2001-10-29T04:00,-10.1,71,0,2.95,246,97,0,55
2001-10-29T05:00,-9.6,69,0,3.09,245,98,0,60
2001-10-29T06:00,-9.3,69,0,3.14,248,98,0,60
2001-10-29T07:00,-9.5,68,0,3.14,248,100,0,55
2001-10-29T08:00,-9,67,0,3.14,248,100,0,55
2001-10-29T09:00,-8.5,66,0,3.05,247,100,0,55
2001-10-29T10:00,-8,66,0,3.27,247,100,0,60
2001-10-29T11:00,-7.8,67,0,3.27,247,100,0,60
2001-10-29T12:00,-7.6,67,0,3.23,248,100,0,60
2001-10-29T13:00,-7.1,67,0,3.14,248,100,0,60
2001-10-29T14:00,-6.8,68,0,3.23,248,100,0,60
2001-10-29T15:00,-6.6,69,0,3.32,249,100,0,60
2001-10-29T16:00,-5.3,67,0,3.23,248,100,19,65
2001-10-29T17:00,-3,63,0,2.95,246,99,41,100
2001-10-29T18:00,-0.4,53,0,2.86,245,99,116,195
2001-10-29T19:00,0.7,48,0,2.73,246,99,134,350
2001-10-29T20:00,1.5,44,0,2.77,244,100,125,500
2001-10-29T21:00,1.5,46,0,2.95,242,100,95,595
2001-10-29T22:00,1.2,50,0,2.01,243,99,81,440
2001-10-29T23:00,0.4,54,0,2.11,239,99,48,215
2001-10-30T00:00,-1.6,61,0,2.22,234,99,18,100
2001-10-30T01:00,-4,70,0,2.69,239,100,0,75
2001-10-30T02:00,-5.1,73,0,3.05,238,100,0,85
2001-10-30T03:00,-5.4,73,0,3.36,240,95,0,100
2001-10-30T04:00,-5.5,73,0,3.45,240,97,0,105
2001-10-30T05:00,-5.5,73,0,3.71,243,92,0,115
2001-10-30T06:00,-5.4,72,0,3.89,244,95,0,135
2001-10-30T07:00,-4.8,67,0,3.89,244,92,0,145
2001-10-30T08:00,-4.3,65,0,3.89,244,76,0,135
2001-10-30T09:00,-4.2,66,0,4.02,243,35,0,120
2001-10-30T10:00,-4.4,67,0,4.25,243,38,0,100
2001-10-30T11:00,-4.6,68,0,4.39,246,68,0,150
2001-10-30T12:00,-4.6,68,0,4.27,249,83,0,145
2001-10-30T13:00,-4.6,68,0,4.05,250,89,0,105
2001-10-30T14:00,-4.9,70,0,3.64,249,95,0,80
2001-10-30T15:00,-5.6,74,0,3.4,246,85,1,70
2001-10-30T16:00,-4.4,71,0,3.18,246,74,42,70
2001-10-30T17:00,-1.9,66,0,2.6,247,79,121,85
2001-10-30T18:00,0.7,61,0,1.92,242,93,208,140
2001-10-30T19:00,2.2,60,0,1.84,229,98,130,205
2001-10-30T20:00,3.2,57,0,1.57,207,92,108,315
2001-10-30T21:00,3.3,59,0,1.53,191,84,127,395
2001-10-30T22:00,2.9,63,0,1.17,160,92,160,305
2001-10-30T23:00,2.1,67,0,1.6,184,98,63,145
2001-10-31T00:00,0.6,73,0,1.75,204,99,8,70
2001-10-31T01:00,-1.1,83,0,2.36,216,98,0,55
2001-10-31T02:00,-2,85,0,2.69,225,100,0,55
2001-10-31T03:00,-2.8,85,0,2.83,228,100,0,60
2001-10-31T04:00,-3.2,84,0,2.91,229,97,0,65
2001-10-31T05:00,-3.1,83,0,3,233,99,0,65
2001-10-31T06:00,-2.6,83,0,3.16,235,97,0,70
2001-10-31T07:00,-2.3,85,0,3.33,237,97,0,80
2001-10-31T08:00,-1.9,85,0,3.5,239,97,0,90
2001-10-31T09:00,-1.3,84,0,3.58,240,98,0,100
2001-10-31T10:00,-0.5,83,0,3.5,239,97,0,95
2001-10-31T11:00,0.5,80,0,3.54,241,95,0,115
2001-10-31T12:00,1.1,79,0,3.19,238,93,0,105
2001-10-31T13:00,1.1,79,0,2.88,236,83,0,95
2001-10-31T14:00,1.6,76,0,2.88,236,98,0,210
2001-10-31T15:00,1.5,74,0,2.97,237,100,0,340
2001-10-31T16:00,1.5,73,0,2.69,239,100,7,420
2001-10-31T17:00,1.4,76,0,1.89,238,95,16,410
2001-10-31T18:00,2.2,74,0,1.08,236,89,38,365
2001-10-31T19:00,2.9,76,0,1.33,257,93,66,635
2001-10-31T20:00,4.1,67,0,2,273,98,111,790
2001-10-31T21:00,3.2,72,0.2,2.77,283,100,46,880
2001-10-31T22:00,3.1,69,0.1,2.98,284,99,9,810
2001-10-31T23:00,2.4,65,0,3.24,279,100,13,875
2001-11-01T00:00,1.5,64,0,3.01,276,100,1,620
2001-11-01T01:00,0.7,65,0,3.1,270,100,0,485
2001-11-01T02:00,-0.1,66,0,3.22,263,100,0,440
2001-11-01T03:00,-0.5,65,0,3.71,256,100,0,455
2001-11-01T04:00,-0.9,63,0,4.22,256,97,0,520
2001-11-01T05:00,-1.3,63,0,4.39,258,76,0,525
2001-11-01T06:00,-1.8,65,0,4.44,256,37,0,515
2001-11-01T07:00,-2.4,65,0,4.59,254,7,0,510
2001-11-01T08:00,-2.6,66,0,4.62,252,5,0,475
2001-11-01T09:00,-2.7,67,0,4.59,254,6,0,495
2001-11-01T10:00,-2.7,67,0,4.1,257,2,0,475
2001-11-01T11:00,-2.7,67,0,4.15,255,0,0,565
2001-11-01T12:00,-2.7,68,0,4.24,255,0,0,580
2001-11-01T13:00,-2.6,68,0,4.15,255,2,0,535
2001-11-01T14:00,-2.7,69,0,4.11,252,3,0,465
2001-11-01T15:00,-3,69,0,3.9,247,8,1,355
2001-11-01T16:00,-2.1,67,0,3.76,245,22,55,400
2001-11-01T17:00,-0.7,62,0,3.44,244,6,153,515
2001-11-01T18:00,0.5,57,0,3.98,245,2,239,610
2001-11-01T19:00,1.4,54,0,4.16,246,0,311,715
2001-11-01T20:00,1.8,52,0,4.39,246,9,330,840
2001-11-01T21:00,1.9,53,0,4.57,247,15,308,920
2001-11-01T22:00,1.7,55,0,3.85,242,1,220,970
2001-11-01T23:00,1.2,60,0,4.07,242,0,124,890
2001-11-02T00:00,0.3,63,0,4.25,243,15,33,720
2001-11-02T01:00,-0.2,64,0,4.38,243,7,0,580
2001-11-02T02:00,-0.5,66,0,5.1,242,18,0,575
2001-11-02T03:00,-0.4,66,0,5.9,244,19,0,595
2001-11-02T04:00,0.2,65,0,5.72,243,16,0,595
2001-11-02T05:00,0.4,66,0,5.73,241,29,0,650
2001-11-02T06:00,0.4,67,0,5.52,238,15,0,685
2001-11-02T07:00,0.8,67,0,5.22,238,6,0,705
2001-11-02T08:00,0.7,68,0,4.55,237,0,0,620
2001-11-02T09:00,0.6,68,0,3.42,232,0,0,500
2001-11-02T10:00,-0.1,72,0,2.26,225,0,0,110
2001-11-02T11:00,-1.7,78,0,1.91,227,0,0,40
2001-11-02T12:00,-3.5,79,0,2.58,234,7,0,45
2001-11-02T13:00,-5,80,0,2.59,242,0,0,50
2001-11-02T14:00,-5.2,79,0,2.33,260,4,0,60
2001-11-02T15:00,-4.9,78,0,1.96,255,13,1,55
2001-11-02T16:00,-0.6,69,0,1.57,243,14,42,60
2001-11-02T17:00,1.1,66,0,0.85,201,17,116,250
2001-11-02T18:00,1.1,72,0,1.41,172,6,228,655
2001-11-02T19:00,2.9,65,0,2.22,188,1,295,1050
2001-11-02T20:00,3.9,57,0,3.02,214,14,343,1350
2001-11-02T21:00,4.1,55,0,2.77,229,19,260,1655
2001-11-02T22:00,3.7,58,0,1.97,240,1,233,1660
2001-11-02T23:00,2.8,63,0,1.61,263,0,142,820
2001-11-03T00:00,1,70,0,1.8,270,0,38,320
2001-11-03T01:00,-0.8,72,0,1.43,258,17,0,55
2001-11-03T02:00,-2.3,75,0,2.38,255,53,0,60
2001-11-03T03:00,-3.1,76,0,2.57,257,15,0,80
2001-11-03T04:00,-3.9,76,0,2.69,255,27,0,125
2001-11-03T05:00,-5.3,78,0,2.69,248,45,0,115
2001-11-03T06:00,-6.3,78,0,2.69,239,60,0,60
2001-11-03T07:00,-6.5,77,0,2.52,236,84,0,50
2001-11-03T08:00,-6.8,77,0,2.44,235,100,0,50
2001-11-03T09:00,-5.8,76,0,2.06,231,100,0,55
2001-11-03T10:00,-6.1,78,0,2.08,235,97,0,50
2001-11-03T11:00,-4.9,78,0,2.13,229,94,0,50
2001-11-03T12:00,-4,78,0,1.91,227,97,0,50
2001-11-03T13:00,-3.6,79,0,2.05,227,89,0,55
2001-11-03T14:00,-3.4,80,0,2.19,227,78,0,60
2001-11-03T15:00,-3.1,81,0,2.48,227,54,0,80
2001-11-03T16:00,-2.2,81,0,2.9,226,54,12,125
2001-11-03T17:00,-0.3,77,0,2.62,223,94,65,165
2001-11-03T18:00,1.9,70,0,2.52,214,100,119,225
2001-11-03T19:00,3.3,68,0,2.64,205,99,82,385
2001-11-03T20:00,4.3,62,0,2.6,203,100,160,680
2001-11-03T21:00,4,64,0,2.5,196,100,15,560
2001-11-03T22:00,3.7,64,0,1.8,183,100,7,310
2001-11-03T23:00,3.4,64,0,2.12,188,100,18,170
2001-11-04T00:00,2.4,69,0,2.18,196,64,12,70
2001-11-04T01:00,0.6,76,0,2.75,213,72,0,55
2001-11-04T02:00,-0.5,80,0,3.14,217,100,0,70
2001-11-04T03:00,-1.1,80,0,3.48,219,94,0,90
2001-11-04T04:00,-1.5,80,0,3.41,220,93,0,95
2001-11-04T05:00,-1.6,80,0,3.33,221,100,0,95
2001-11-04T06:00,-1.4,79,0,3.41,220,96,0,100
2001-11-04T07:00,-1.2,79,0,3.41,220,96,0,110
2001-11-04T08:00,-0.9,76,0,3.61,222,99,0,120
2001-11-04T09:00,-0.2,71,0,3.69,221,95,0,140
2001-11-04T10:00,0.8,62,0,3.16,215,90,0,125
2001-11-04T11:00,2.3,53,0,3.44,216,87,0,185
2001-11-04T12:00,3,50,0,3.61,222,69,0,285
2001-11-04T13:00,2.8,50,0,3.75,224,59,0,270
2001-11-04T14:00,2.2,52,0,3.96,223,47,0,260
2001-11-04T15:00,1.9,52,0,4.17,226,36,0,340
2001-11-04T16:00,3.4,48,0,4.33,230,33,27,450
2001-11-04T17:00,5.4,45,0,4.2,232,32,120,580
2001-11-04T18:00,7.6,41,0,3.86,233,30,245,750
2001-11-04T19:00,8.4,40,0,3.28,232,28,295,1025
2001-11-04T20:00,8.7,39,0,3.56,232,16,321,1130
2001-11-04T21:00,8.4,42,0,3.41,230,17,240,1055
2001-11-04T22:00,7.9,43,0,3.12,230,14,210,560
2001-11-04T23:00,6.7,47,0,2.78,218,13,132,220
2001-11-05T00:00,4.7,55,0,3.26,227,6,30,125
2001-11-05T01:00,3.5,61,0,3.58,234,19,0,115
2001-11-05T02:00,2.8,65,0,3.86,239,37,0,145
2001-11-05T03:00,2.5,68,0,4.16,246,58,0,220
2001-11-05T04:00,2.4,71,0,3.42,255,40,0,240
2001-11-05T05:00,1.4,78,0,2.19,294,18,0,115
2001-11-05T06:00,0.3,83,0,2.38,338,12,0,175
2001-11-05T07:00,-1.7,86,0,2.16,347,13,0,215
2001-11-05T08:00,-3.1,86,0,1.71,7,29,0,250
2001-11-05T09:00,-4.1,83,0,1.6,4,78,0,270
2001-11-05T10:00,-4.4,77,0,1.75,347,84,0,355
2001-11-05T11:00,-4.5,74,0,1.68,343,88,0,375
2001-11-05T12:00,-4.3,73,0.2,1.33,347,88,0,395
2001-11-05T13:00,-4.1,73,0.4,1.3,360,95,0,450
2001-11-05T14:00,-4.1,75,0.8,1.55,15,99,0,580
2001-11-05T15:00,-4.5,80,1.3,1.63,349,99,0,600
2001-11-05T16:00,-4.7,83,1.4,1.1,5,99,0,505
2001-11-05T17:00,-4.7,84,1.1,1.12,27,100,0,440
2001-11-05T18:00,-4.3,81,0.8,1.27,45,100,0,400
2001-11-05T19:00,-4.1,79,0.5,1.34,63,100,3,435
2001-11-05T20:00,-3.6,75,0.3,1,96,94,3,505
2001-11-05T21:00,-2.8,71,0.1,1.06,131,87,47,655
2001-11-05T22:00,-2.4,71,0,1,96,99,76,685
2001-11-05T23:00,-2.6,73,0,1.4,94,96,36,325
2001-11-06T00:00,-3.8,80,0,1.68,107,63,9,220
2001-11-06T01:00,-4.3,81,0,1.27,135,2,0,140
2001-11-06T02:00,-5.1,85,0,1.02,169,1,0,120
2001-11-06T03:00,-8.6,89,0,1.49,200,0,0,90
2001-11-06T04:00,-12.4,89,0,1.62,202,0,0,65
2001-11-06T05:00,-15.2,88,0,1.89,212,4,0,45
2001-11-06T06:00,-16.9,90,0,2.19,223,64,0,30
2001-11-06T07:00,-17.5,88,0,2.48,230,97,0,35
2001-11-06T08:00,-16.3,85,0,2.72,234,100,0,40
2001-11-06T09:00,-15.4,83,0,2.75,237,100,0,40
2001-11-06T10:00,-14.6,81,0,2.69,239,98,0,40
2001-11-06T11:00,-14,80,0,2.55,244,30,0,40
2001-11-06T12:00,-14.3,78,0,2.51,247,89,0,40
2001-11-06T13:00,-14.8,78,0,2.38,248,95,0,35
2001-11-06T14:00,-15.2,78,0,2.28,247,98,0,35
2001-11-06T15:00,-14.7,79,0,2.06,247,100,0,30
2001-11-06T16:00,-13.5,78,0,2.15,248,100,5,30
2001-11-06T17:00,-11,77,0,1.93,249,99,17,35
2001-11-06T18:00,-6.5,74,0,1.52,247,100,33,50
2001-11-06T19:00,-2.8,68,0,0.81,240,100,54,150
2001-11-06T20:00,-2,64,0,0.64,231,100,39,330
2001-11-06T21:00,-1.7,60,0,0.58,239,100,32,445
2001-11-06T22:00,-0.9,49,0,0.22,243,100,9,335
2001-11-06T23:00,-1.5,54,0,0.2,180,100,5,90
2001-11-07T00:00,-4.9,74,0,1.17,200,100,0,40
2001-11-07T01:00,-5.5,73,0,1.41,225,100,0,30
2001-11-07T02:00,-7,79,0,2.06,247,99,0,30
2001-11-07T03:00,-8,79,0,2.38,255,72,0,40
2001-11-07T04:00,-9.2,80,0,2.79,255,6,0,45
2001-11-07T05:00,-10.2,77,0,3.01,255,0,0,45
2001-11-07T06:00,-10.8,76,0,3.13,253,0,0,50
2001-11-07T07:00,-11.7,77,0,3.16,252,0,0,45
2001-11-07T08:00,-12.5,77,0,3.2,250,0,0,45
2001-11-07T09:00,-13.1,78,0,3.32,249,2,0,50
2001-11-07T10:00,-13,79,0,3.55,248,9,0,55
2001-11-07T11:00,-12.8,81,0,3.58,247,21,0,65
2001-11-07T12:00,-12.6,83,0,3.8,243,33,0,75
2001-11-07T13:00,-12.4,83,0,3.76,241,52,0,85
2001-11-07T14:00,-12.1,83,0,3.76,241,71,0,105
2001-11-07T15:00,-11.4,82,0,3.64,238,86,0,105
2001-11-07T16:00,-9.9,77,0,3.38,236,92,34,115
2001-11-07T17:00,-7.6,70,0,3.19,238,76,97,165
2001-11-07T18:00,-4.8,62,0,3.14,233,99,197,410
2001-11-07T19:00,-2.9,56,0,3.11,228,100,147,525
2001-11-07T20:00,-1.4,52,0,3.28,232,100,236,550
2001-11-07T21:00,-0.6,52,0,3.33,237,100,145,525
2001-11-07T22:00,-1,57,0,2.94,235,99,35,430
2001-11-07T23:00,-2.2,62,0,3.24,236,95,18,315
2001-11-08T00:00,-3.8,67,0,3.97,236,40,8,210
2001-11-08T01:00,-5.3,70,0,4.44,239,82,0,175
2001-11-08T02:00,-5.7,69,0,4.58,238,100,0,160
2001-11-08T03:00,-5.6,68,0,4.6,236,97,0,175
2001-11-08T04:00,-5.5,67,0,4.56,232,88,0,215
2001-11-08T05:00,-5.2,66,0,4.48,231,82,0,265
2001-11-08T06:00,-4.5,63,0,4.76,231,100,0,335
2001-11-08T07:00,-3.4,59,0,5,233,83,0,425
2001-11-08T08:00,-2.1,56,0,5.16,238,98,0,500
2001-11-08T09:00,-0.4,51,0,4.84,240,95,0,530
2001-11-08T10:00,0.2,52,0,3.18,242,97,0,345
2001-11-08T11:00,0,54,0,2.92,239,94,0,275
2001-11-08T12:00,-0.3,57,0,2.44,235,76,0,90
2001-11-08T13:00,-0.7,58,0,2.91,229,78,0,75
2001-11-08T14:00,-0.8,59,0,3.25,225,77,0,90
2001-11-08T15:00,-0.8,59,0,3.61,226,85,0,105
2001-11-08T16:00,-0.1,58,0,3.48,231,87,18,140
2001-11-08T17:00,1.5,55,0,3.34,231,94,62,250
2001-11-08T18:00,3,54,0,3.33,229,98,126,500
2001-11-08T19:00,3.4,57,0,3.19,221,99,120,665
2001-11-08T20:00,4.2,54,0,3.11,222,97,147,830
2001-11-08T21:00,4,58,0,3.11,225,95,126,730
2001-11-08T22:00,3.8,57,0,1.93,201,91,105,310
2001-11-08T23:00,2.9,60,0,2.31,175,80,55,75
2001-11-09T00:00,1.4,64,0,2.91,196,55,14,80
2001-11-09T01:00,-0.3,68,0,3.24,214,61,0,100
2001-11-09T02:00,-1,66,0,3.48,219,31,0,100
2001-11-09T03:00,-0.1,58,0,3.89,228,34,0,280
2001-11-09T04:00,1.4,51,0,4.66,235,33,0,555
2001-11-09T05:00,2.3,47,0,5.62,231,29,0,625
2001-11-09T06:00,2.7,46,0,5.88,235,31,0,605
2001-11-09T07:00,4,42,0,5.95,243,33,0,855
2001-11-09T08:00,3.8,43,0,6.71,243,8,0,890
2001-11-09T09:00,3.7,44,0,7.11,242,23,0,865
2001-11-09T10:00,3.4,46,0,6.53,245,24,0,780
2001-11-09T11:00,3.2,47,0,6.37,248,42,0,725
2001-11-09T12:00,3,49,0,6.07,250,46,0,665
2001-11-09T13:00,2.8,52,0,5.36,256,49,0,595
2001-11-09T14:00,2.4,55,0,4.55,261,42,0,465
2001-11-09T15:00,0.6,67,0,4.03,256,33,0,230
2001-11-09T16:00,-0.3,68,0,3.83,250,36,12,210
2001-11-09T17:00,-0.2,72,0,3.49,246,68,53,270
2001-11-09T18:00,1.5,69,0,2.87,241,78,116,335
2001-11-09T19:00,4,58,0,2.42,232,93,152,425
2001-11-09T20:00,3.8,63,0,1.72,216,98,148,385
2001-11-09T21:00,3.7,67,0,1.3,203,96,132,355
2001-11-09T22:00,3.3,70,0,1.53,169,71,75,165
2001-11-09T23:00,3.3,66,0,2.02,200,53,43,105
2001-11-10T00:00,1.1,74,0,2.52,214,52,11,75
2001-11-10T01:00,-0.4,78,0,3.04,224,37,0,75
2001-11-10T02:00,-1.5,78,0,3.14,233,39,0,75
2001-11-10T03:00,-2.2,77,0,3.28,239,40,0,70
2001-11-10T04:00,-2.8,76,0,3.45,240,50,0,75
2001-11-10T05:00,-2.9,74,0,3.72,239,50,0,80
2001-11-10T06:00,-2.9,73,0,3.86,239,65,0,80
2001-11-10T07:00,-2.2,68,0,3.89,241,64,0,85
2001-11-10T08:00,-1.7,65,0,3.89,244,73,0,85
2001-11-10T09:00,-1.5,63,0,3.94,246,84,0,85
2001-11-10T10:00,-1.4,62,0,4.07,245,87,0,85
2001-11-10T11:00,-1.5,63,0,4.03,247,65,0,90
2001-11-10T12:00,-1.9,65,0,4.03,247,48,0,90
2001-11-10T13:00,-2.4,67,0,3.9,247,39,0,80
2001-11-10T14:00,-2.9,69,0,3.77,248,58,0,75
2001-11-10T15:00,-3.3,70,0,3.68,248,52,0,70
2001-11-10T16:00,-2.6,68,0,3.49,246,66,32,65
2001-11-10T17:00,-0.8,67,0,3.09,245,24,127,65
2001-11-10T18:00,1.2,70,0,2.37,242,0,223,85
2001-11-10T19:00,4.4,59,0,1.89,238,0,284,130
2001-11-10T20:00,4.7,60,0,1.64,232,2,302,165
2001-11-10T21:00,4.8,59,0,1.49,222,14,280,200
2001-11-10T22:00,4.5,62,0,1.56,220,33,212,165
2001-11-10T23:00,3.7,63,0,1.91,227,72,111,85
2001-11-11T00:00,0.6,73,0,2.52,236,85,19,50
2001-11-11T01:00,-1.5,78,0,3.09,241,93,0,50
2001-11-11T02:00,-2.6,75,0,3.35,243,98,0,55
2001-11-11T03:00,-2.9,71,0,3.44,244,80,0,60
2001-11-11T04:00,-3.2,68,0,3.4,246,59,0,55
2001-11-11T05:00,-3.3,67,0,3.49,246,38,0,55
2001-11-11T06:00,-3.6,66,0,3.49,246,42,0,55
2001-11-11T07:00,-3.5,65,0,3.58,247,28,0,55
2001-11-11T08:00,-3.7,65,0,3.58,247,6,0,55
2001-11-11T09:00,-3.8,64,0,3.64,249,3,0,55
2001-11-11T10:00,-3.8,64,0,3.64,249,5,0,60
2001-11-11T11:00,-3.9,63,0,3.61,251,7,0,60
2001-11-11T12:00,-3.9,63,0,3.7,251,18,0,55
2001-11-11T13:00,-3.9,63,0,3.51,250,31,0,55
2001-11-11T14:00,-4.1,64,0,3.42,249,55,0,55
2001-11-11T15:00,-4.4,65,0,3.32,249,55,0,50
2001-11-11T16:00,-3.7,66,0,3.23,248,75,31,50
2001-11-11T17:00,-1.6,66,0,2.92,248,86,128,55
2001-11-11T18:00,1.3,67,0,2.28,247,91,221,70
2001-11-11T19:00,4.2,59,0,1.88,245,80,232,110
2001-11-11T20:00,4.7,60,0,1.79,243,39,228,145
2001-11-11T21:00,4.9,60,0,1.79,243,27,254,165
2001-11-11T22:00,4.7,61,0,2.02,237,24,196,135
2001-11-11T23:00,3.4,65,0,2.28,241,32,96,80
2001-11-12T00:00,0.2,76,0,2.77,244,29,17,55
2001-11-12T01:00,-1.6,80,0,3.22,244,38,0,55
2001-11-12T02:00,-2.5,77,0,3.49,246,34,0,60
2001-11-12T03:00,-3.1,74,0,3.49,246,20,0,60
2001-11-12T04:00,-3.4,72,0,3.62,246,7,0,60
2001-11-12T05:00,-3.7,71,0,3.62,246,7,0,60
2001-11-12T06:00,-3.8,70,0,3.72,246,14,0,60
2001-11-12T07:00,-3.8,68,0,3.85,245,14,0,60
2001-11-12T08:00,-3.7,66,0,3.85,245,22,0,65
2001-11-12T09:00,-3.5,65,0,3.76,245,32,0,65
2001-11-12T10:00,-3.1,65,0,3.85,242,81,0,75
2001-11-12T11:00,-2.7,65,0,3.76,241,96,0,85
2001-11-12T12:00,-1.7,64,0,3.72,239,94,0,90
2001-11-12T13:00,-0.5,64,0,3.94,240,95,0,120
2001-11-12T14:00,0.6,62,0,4.21,242,90,0,165
2001-11-12T15:00,0.9,64,0,4.38,243,57,0,185
2001-11-12T16:00,1.9,63,0,4.38,243,74,16,205
2001-11-12T17:00,3.4,60,0,4.25,243,93,83,260
2001-11-12T18:00,4.9,58,0,3.89,241,87,161,330
2001-11-12T19:00,5.6,59,0,3.69,237,91,197,410
2001-11-12T20:00,6.2,58,0,3.91,238,94,209,465
2001-11-12T21:00,6.2,59,0,4.08,239,99,130,470
2001-11-12T22:00,5.6,61,0,3.77,238,96,75,385
2001-11-12T23:00,4.6,64,0,3.94,240,91,32,325
2001-11-13T00:00,3.4,70,0,4.08,239,75,10,240
2001-11-13T01:00,2.7,73,0,3.91,238,96,0,195
2001-11-13T02:00,2.2,75,0,3.36,233,100,0,120
2001-11-13T03:00,1.6,78,0,2.97,228,97,0,70
2001-11-13T04:00,1,81,0,3,233,97,0,65
2001-11-13T05:00,0.4,83,0,3.19,238,99,0,70
2001-11-13T06:00,0.1,84,0,3.14,239,97,0,65
2001-11-13T07:00,-0.7,85,0,3.28,239,100,0,65
2001-11-13T08:00,-1,85,0,3.36,240,100,0,60
2001-11-13T09:00,-1.1,85,0,3.45,240,100,0,65
2001-11-13T10:00,-1.1,84,0,3.36,240,100,0,60
2001-11-13T11:00,-1.3,85,0,3.18,242,97,0,55
2001-11-13T12:00,-1.7,86,0,3.09,241,95,0,50
2001-11-13T13:00,-1.9,85,0,2.92,239,94,0,45
2001-11-13T14:00,-1.9,84,0,2.78,240,77,0,45
2001-11-13T15:00,-2.1,85,0,2.87,241,59,0,40
2001-11-13T16:00,-1.6,84,0,2.95,242,92,19,45
2001-11-13T17:00,0.3,79,0,2.83,238,92,84,60
2001-11-13T18:00,2.4,77,0,2.3,236,88,91,80
2001-11-13T19:00,4.2,75,0,2.22,234,69,30,100
2001-11-13T20:00,4.4,76,0,2.2,231,61,42,130
2001-11-13T21:00,4.8,75,0,2.27,221,47,39,165
2001-11-13T22:00,5.2,74,0,1.46,196,26,129,70
2001-11-13T23:00,4.5,76,0,2.22,216,49,78,55
2001-11-14T00:00,2.8,81,0,2.69,222,77,14,60
2001-11-14T01:00,1.7,83,0,2.97,222,100,0,70
2001-11-14T02:00,1.9,82,0,3.39,225,100,0,95
2001-11-14T03:00,2.8,76,0,3.68,223,100,0,250
2001-11-14T04:00,3.5,70,0,4.6,224,100,0,710
2001-11-14T05:00,3.3,69,0,4.81,223,100,0,705
2001-11-14T06:00,2.8,70,0,5.02,227,99,0,715
2001-11-14T07:00,3.4,66,0,5.32,229,100,0,730
2001-11-14T08:00,3.7,65,0,5.8,234,100,0,835
2001-11-14T09:00,4.1,63,0,6.18,241,97,0,820
2001-11-14T10:00,4.1,62,0,6.08,245,98,0,755
2001-11-14T11:00,3.9,63,0,5.86,245,100,0,715
2001-11-14T12:00,3.6,65,0,5.37,241,97,0,640
2001-11-14T13:00,3.1,69,0,4.97,240,95,0,585
2001-11-14T14:00,2.6,74,0,4.58,238,84,0,490
2001-11-14T15:00,2.2,77,0.1,4.36,238,65,0,370
2001-11-14T16:00,2.4,79,0.2,4.05,237,100,3,310
2001-11-14T17:00,3.6,77,0.2,3.61,236,96,53,320
2001-11-14T18:00,5.2,73,0.2,3.16,235,79,110,355
2001-11-14T19:00,6.4,67,0,2.92,232,85,168,450
2001-11-14T20:00,7,64,0,2.83,228,80,170,590
2001-11-14T21:00,7.1,64,0,2.76,226,93,149,655
2001-11-14T22:00,6.6,66,0,1.28,231,32,98,245
2001-11-14T23:00,5.7,70,0,0.85,225,4,52,115
2001-11-15T00:00,3.9,77,0,1.64,218,16,10,60
2001-11-15T01:00,2.4,82,0,2.14,233,33,0,60
2001-11-15T02:00,1.3,87,0,2.75,237,2,0,85
2001-11-15T03:00,0.6,89,0,2.59,242,69,0,110
2001-11-15T04:00,0.1,90,0,2.12,251,28,0,65
2001-11-15T05:00,-0.1,89,0,1.8,236,27,0,40
2001-11-15T06:00,0.1,87,0,2.48,223,39,0,40
2001-11-15T07:00,-0.1,88,0,2.41,228,100,0,50
2001-11-15T08:00,-0.1,88,0,2.27,229,100,0,55
2001-11-15T09:00,0.1,88,0,2.62,227,78,0,65
2001-11-15T10:00,-0.1,89,0,2.55,225,67,0,50
2001-11-15T11:00,-0.3,90,0,2.78,218,60,0,60
2001-11-15T12:00,-0.4,90,0,2.92,211,94,0,90
2001-11-15T13:00,-0.1,89,0,2.92,202,93,0,105
2001-11-15T14:00,0.4,88,0,2.82,197,94,0,110
2001-11-15T15:00,0.6,89,0,2.96,192,98,0,130
2001-11-15T16:00,1.3,89,0,3.21,185,100,4,165
2001-11-15T17:00,3.1,85,0,3.1,180,94,28,415
2001-11-15T18:00,5.1,78,0,3,178,79,82,685
2001-11-15T19:00,6.9,69,0,3.21,184,87,160,870
2001-11-15T20:00,7.8,64,0,3.28,192,80,183,990
2001-11-15T21:00,8.4,57,0,4.13,212,72,173,1025
2001-11-15T22:00,8,56,0,3.45,210,44,131,640
2001-11-15T23:00,7,57,0,3.62,204,16,68,545
2001-11-16T00:00,5.8,62,0,3.8,207,3,12,475
2001-11-16T01:00,5.3,65,0,3.98,208,28,0,455
2001-11-16T02:00,5.2,68,0,4.27,213,24,0,470
2001-11-16T03:00,5.3,69,0,4.82,222,0,0,595
2001-11-16T04:00,5.4,69,0,5.16,226,4,0,730
2001-11-16T05:00,5.4,69,0,5.17,227,7,0,785
2001-11-16T06:00,5.2,69,0,4.82,228,7,0,690
2001-11-16T07:00,5,71,0,4.5,233,6,0,615
2001-11-16T08:00,4.3,73,0,3.58,240,2,0,395
2001-11-16T09:00,3.4,76,0,2.95,246,0,0,260
2001-11-16T10:00,2.7,76,0,2.12,262,0,0,75
2001-11-16T11:00,2,76,0,1.66,245,16,0,40
2001-11-16T12:00,1.2,77,0,1.66,237,14,0,30
2001-11-16T13:00,0.4,78,0,1.66,237,4,0,30
2001-11-16T14:00,-0.3,79,0,1.94,235,8,0,40
2001-11-16T15:00,-0.7,79,0,2.11,239,19,0,45
2001-11-16T16:00,-0.1,77,0,2.22,234,57,16,55
2001-11-16T17:00,1.5,72,0,2.19,227,97,68,90
2001-11-16T18:00,3.4,66,0,1.78,218,100,110,550
2001-11-16T19:00,4.7,64,0,2.41,222,100,73,820
2001-11-16T20:00,5.4,57,0,3.41,230,100,103,1065
2001-11-16T21:00,5.5,54,0,3.8,235,100,80,1125
2001-11-16T22:00,5.1,53,0,4.41,237,12,85,1025
2001-11-16T23:00,4.1,54,0,4.3,239,0,49,840
2001-11-17T00:00,2.7,58,0,4.25,240,0,11,620
2001-11-17T01:00,2,60,0,4.03,240,0,0,515
2001-11-17T02:00,1.5,63,0,3.61,236,3,0,400
2001-11-17T03:00,1.2,66,0,2.75,237,24,0,290
2001-11-17T04:00,0.3,70,0,2.06,241,45,0,130
2001-11-17T05:00,-0.4,74,0,1.51,262,58,0,55
2001-11-17T06:00,-0.9,76,0,1.81,264,58,0,65
2001-11-17T07:00,-1.6,80,0,2.11,265,29,0,70
2001-11-17T08:00,-1.8,80,0,2.22,262,49,0,70
2001-11-17T09:00,-1.8,79,0,2.1,267,98,0,70
2001-11-17T10:00,-1.4,79,0,1.84,292,100,0,130
2001-11-17T11:00,-1.3,80,0,1.53,328,100,0,290
2001-11-17T12:00,-1.5,81,0,1.14,15,100,0,320
2001-11-17T13:00,-1.7,82,0,0.81,60,100,0,340
2001-11-17T14:00,-1.8,82,0.1,0.73,106,100,0,340
2001-11-17T15:00,-2,82,0,1.17,160,95,0,295
2001-11-17T16:00,-1.7,80,0,1.71,173,77,7,340
2001-11-17T17:00,-1,76,0,2,183,58,28,445
2001-11-17T18:00,0.3,68,0,1.93,201,42,150,650
2001-11-17T19:00,1.7,56,0,1.9,252,59,234,995
2001-11-17T20:00,2.1,51,0,1.63,313,28,193,1110
2001-11-17T21:00,1.7,51,0,2.42,336,14,141,1105
2001-11-17T22:00,0.4,58,0.2,2.52,353,38,143,960
2001-11-17T23:00,-0.7,64,0.2,2.79,15,51,77,685
2001-11-18T00:00,-1.8,69,0,2.34,40,48,9,560
2001-11-18T01:00,-2.8,76,0,1.72,54,58,0,620
2001-11-18T02:00,-2.9,69,0,1.44,56,35,0,545
2001-11-18T03:00,-3.2,69,0,0.92,49,25,0,300
2001-11-18T04:00,-4.1,75,0,0.5,53,22,0,55
2001-11-18T05:00,-4.8,79,0,0.14,135,30,0,60
2001-11-18T06:00,-4.8,77,0,0.45,243,32,0,185
2001-11-18T07:00,-5.1,79,0,0.82,256,31,0,225
2001-11-18T08:00,-4.9,72,0,0.98,246,29,0,125
2001-11-18T09:00,-5.4,72,0,1.39,240,26,0,90
2001-11-18T10:00,-5.8,71,0,1.94,235,31,0,55
2001-11-18T11:00,-6,70,0,1.72,234,30,0,55
2001-11-18T12:00,-6.1,67,0,1.78,232,16,0,60
2001-11-18T13:00,-6.3,65,0,1.86,234,0,0,65
2001-11-18T14:00,-6.5,61,0,2,233,0,0,70
2001-11-18T15:00,-6.7,57,0,2,233,0,0,70
2001-11-18T16:00,-6.4,52,0,1.5,233,31,19,65
2001-11-18T17:00,-4.7,48,0,1.92,231,79,104,90
2001-11-18T18:00,-2.2,43,0,1.7,225,20,197,130
2001-11-18T19:00,0.1,34,0,1.66,213,0,259,200
2001-11-18T20:00,1.7,30,0,1.89,212,0,279,255
2001-11-18T21:00,2.3,29,0,1.89,212,0,253,260
2001-11-18T22:00,1.6,36,0,2.06,219,0,186,175
2001-11-18T23:00,-0.5,42,0,2.62,230,0,91,110
2001-11-19T00:00,-2.9,46,0,3.28,239,0,12,80
2001-11-19T01:00,-4.1,46,0,3.67,244,0,0,80
2001-11-19T02:00,-4.5,46,0,3.76,245,2,0,75
2001-11-19T03:00,-4.7,46,0,3.76,245,33,0,65
2001-11-19T04:00,-4.7,45,0,3.76,245,100,0,60
2001-11-19T05:00,-4.7,44,0,3.76,245,99,0,60
2001-11-19T06:00,-4.4,43,0,3.89,244,99,0,60
2001-11-19T07:00,-4.1,43,0,3.94,243,99,0,60
2001-11-19T08:00,-3.9,43,0,3.98,242,96,0,65
2001-11-19T09:00,-3.9,43,0,4.12,241,83,0,65
2001-11-19T10:00,-4.2,45,0,4.3,239,97,0,65
2001-11-19T11:00,-4.4,47,0,4.53,239,98,0,75
2001-11-19T12:00,-3.4,44,0,4.75,240,77,0,115
2001-11-19T13:00,-2.6,42,0,4.34,241,92,0,120
2001-11-19T14:00,-2,42,0,4.38,243,100,0,140
2001-11-19T15:00,-0.9,39,0,4.2,245,100,0,135
2001-11-19T16:00,0.8,36,0,4.16,246,100,3,140
2001-11-19T17:00,2.1,35,0,4.07,245,100,1,145
2001-11-19T18:00,2.8,36,0,4.39,246,100,0,155
2001-11-19T19:00,1.8,44,0,4.52,242,100,33,195
2001-11-19T20:00,2,44,0,4.43,242,100,5,195
2001-11-19T21:00,1.8,46,0,4.47,243,100,2,230
2001-11-19T22:00,1.8,48,0,3.98,245,97,16,185
2001-11-19T23:00,1.3,51,0,3.94,246,100,18,180
2001-11-20T00:00,0.7,55,0,4.16,243,100,3,185
2001-11-20T01:00,0.6,58,0,4.12,241,100,0,170
2001-11-20T02:00,0.8,61,0,3.98,242,100,0,155
2001-11-20T03:00,1.1,64,0,3.94,243,100,0,140
2001-11-20T04:00,1.2,67,0,3.76,241,92,0,125
2001-11-20T05:00,1,71,0,3.76,241,47,0,110
2001-11-20T06:00,0.4,75,0,3.54,241,61,0,105
2001-11-20T07:00,-0.1,79,0,3.4,242,10,0,100
2001-11-20T08:00,-0.4,82,0,3.54,241,1,0,95
2001-11-20T09:00,-0.5,84,0,3.67,241,4,0,105
2001-11-20T10:00,-0.4,84,0,3.62,242,6,0,95
2001-11-20T11:00,0.2,82,0,3.54,241,92,0,90
2001-11-20T12:00,1.4,77,0,4,238,75,0,185
2001-11-20T13:00,2.5,72,0,4.03,240,67,0,210
2001-11-20T14:00,2.4,69,0,4.58,238,26,0,320
2001-11-20T15:00,2.7,65,0,5.22,238,0,0,585
2001-11-20T16:00,3.2,61,0,5.71,237,48,10,845
2001-11-20T17:00,4.3,55,0,6.18,241,50,72,1145
2001-11-20T18:00,5,52,0,6.28,248,27,107,1240
2001-11-20T19:00,5.6,53,0,6.59,248,31,216,1220
2001-11-20T20:00,5.6,52,0,6.86,251,55,251,1085
2001-11-20T21:00,5.5,53,0,5.92,254,48,219,940
2001-11-20T22:00,4.9,52,0,3.85,261,8,138,935
2001-11-20T23:00,3.9,55,0,3.61,251,3,69,655
2001-11-21T00:00,2.4,62,0,3.28,239,63,8,300
2001-11-21T01:00,1.2,68,0,3.12,230,86,0,225
2001-11-21T02:00,0.1,74,0,3.56,232,96,0,300
2001-11-21T03:00,-0.4,76,0,3.91,238,96,0,375
2001-11-21T04:00,0,74,0,3.49,243,46,0,330
2001-11-21T05:00,0.1,73,0,3,244,57,0,150
2001-11-21T06:00,-0.3,73,0,2.91,243,28,0,95
2001-11-21T07:00,-1.1,73,0,2.79,249,98,0,105
2001-11-21T08:00,-1.2,72,0,2.66,250,100,0,105
2001-11-21T09:00,-1.1,72,0,2.44,251,100,0,110
2001-11-21T10:00,-0.9,72,0,2.02,250,100,0,80
2001-11-21T11:00,-1,74,0,1.97,246,100,0,75
2001-11-21T12:00,-1.1,76,0,1.97,240,100,0,75
2001-11-21T13:00,-0.8,75,0,1.89,238,100,0,80
2001-11-21T14:00,-0.7,76,0,1.79,243,100,0,85
2001-11-21T15:00,-0.7,76,0.1,1.75,246,86,0,90
2001-11-21T16:00,-0.4,75,0,2.69,239,33,0,135
2001-11-21T17:00,0.3,73,0,3.24,236,28,0,200
2001-11-21T18:00,1.1,69,0,3,240,34,0,490
2001-11-21T19:00,3.2,56,0,3.53,245,51,191,735
2001-11-21T20:00,3.7,52,0,3.9,247,52,203,810
2001-11-21T21:00,3.7,52,0,3.72,246,49,194,835
2001-11-21T22:00,3.1,55,0,3.27,247,79,105,985
2001-11-21T23:00,2.1,58,0,2.56,249,41,35,505
2001-11-22T00:00,0.8,63,0,2.24,243,9,3,115
2001-11-22T01:00,0,65,0,1.97,240,17,0,80
2001-11-22T02:00,-0.4,67,0,1.97,240,19,0,75
2001-11-22T03:00,-1,70,0,2.01,243,21,0,80
2001-11-22T04:00,-1.4,73,0,2.15,248,12,0,85
2001-11-22T05:00,-1.7,74,0,2.34,250,24,0,90
2001-11-22T06:00,-2,74,0,2.44,251,29,0,100
2001-11-22T07:00,-3.2,78,0,2.56,249,29,0,100
2001-11-22T08:00,-3.4,78,0,2.53,252,64,0,100
2001-11-22T09:00,-3.7,77,0,2.38,255,97,0,85
2001-11-22T10:00,-3.8,75,0,2.18,254,100,0,70
2001-11-22T11:00,-3.7,72,0,1.99,252,100,0,55
2001-11-22T12:00,-3.5,70,0,1.84,257,100,0,50
2001-11-22T13:00,-3.5,68,0,1.71,263,100,0,50
2001-11-22T14:00,-3.3,66,0,1.51,262,100,0,45
2001-11-22T15:00,-3.2,65,0,1.51,262,98,0,40
2001-11-22T16:00,-2.8,64,0,1.32,261,99,0,35
2001-11-22T17:00,-1.4,61,0,1.2,270,98,14,55
2001-11-22T18:00,-0.2,59,0,0.91,276,99,19,135
2001-11-22T19:00,0.4,60,0,0.61,279,98,36,335
2001-11-22T20:00,1.1,57,0,0.36,304,92,74,475
2001-11-22T21:00,1.3,56,0,0.51,11,77,93,520
2001-11-22T22:00,1,58,0,0.81,60,66,94,415
2001-11-22T23:00,0,65,0,1.21,66,75,54,65
2001-11-23T00:00,-1.3,79,0,0.85,45,82,5,25
2001-11-23T01:00,-2.5,81,0,0.72,326,79,0,20
2001-11-23T02:00,-3.2,81,0,0.67,297,78,0,20
2001-11-23T03:00,-3.9,82,0,0.91,276,73,0,25
2001-11-23T04:00,-3.7,79,0,1.2,270,80,0,25
2001-11-23T05:00,-3.7,77,0,1.4,266,83,0,30
2001-11-23T06:00,-3.8,75,0,1.4,270,84,0,30
2001-11-23T07:00,-3.5,76,0,1.4,270,94,0,30
2001-11-23T08:00,-3.5,74,0,1.4,270,97,0,35
2001-11-23T09:00,-3.7,73,0,1.4,274,95,0,35
2001-11-23T10:00,-3.8,72,0,0.98,294,97,0,35
2001-11-23T11:00,-3.6,70,0,1.08,292,97,0,35
2001-11-23T12:00,-3.5,70,0,1.3,293,100,0,60
2001-11-23T13:00,-3.5,70,0,1.17,290,100,0,80
2001-11-23T14:00,-3.4,70,0,1.12,297,100,0,100
2001-11-23T15:00,-3.4,72,0,1.08,292,100,0,110
2001-11-23T16:00,-3.1,72,0,0.81,300,99,0,130
2001-11-23T17:00,-2.3,73,0,1.06,311,100,2,170
2001-11-23T18:00,-1.5,73,0,1.39,330,100,12,300
2001-11-23T19:00,-0.8,73,0,1.36,343,100,11,430
2001-11-23T20:00,-0.5,70,0.1,1.5,356,99,18,580
2001-11-23T21:00,-0.6,72,0.1,1.55,15,100,17,545
2001-11-23T22:00,-1.2,77,0.1,1.64,52,99,14,430
2001-11-23T23:00,-1.9,85,0.2,1.58,55,100,9,280
2001-11-24T00:00,-2.6,91,0.2,1.13,45,100,0,220
2001-11-24T01:00,-2.9,93,0.3,1.14,52,100,0,250
2001-11-24T02:00,-3.1,94,0.3,1.14,52,100,0,220
2001-11-24T03:00,-3.6,93,0.3,1.28,51,99,0,240
2001-11-24T04:00,-3.9,93,0.3,1.5,53,100,0,260
2001-11-24T05:00,-4.2,92,0.3,1.66,57,100,0,300
2001-11-24T06:00,-4.4,91,0.2,1.75,59,100,0,310
2001-11-24T07:00,-4.7,91,0.3,1.8,56,100,0,310
2001-11-24T08:00,-4.9,90,0.2,1.89,58,100,0,340
2001-11-24T09:00,-5.2,90,0.2,1.84,61,100,0,325
2001-11-24T10:00,-5.5,90,0.2,1.88,65,100,0,405
2001-11-24T11:00,-5.8,89,0.2,1.87,74,100,0,400
2001-11-24T12:00,-5.9,90,0.1,1.84,77,100,0,365
2001-11-24T13:00,-6,90,0.2,1.73,80,99,0,355
2001-11-24T14:00,-6.2,90,0.2,1.73,80,99,0,350
2001-11-24T15:00,-6.6,91,0.2,1.73,80,99,0,365
2001-11-24T16:00,-6.5,90,0.3,1.92,81,100,0,415
2001-11-24T17:00,-6.4,89,0.4,2.11,85,100,3,465
2001-11-24T18:00,-6.1,87,0.3,2.01,84,99,7,595
2001-11-24T19:00,-6.9,86,0.3,2.11,85,98,2,650
2001-11-24T20:00,-6.8,85,0.3,2.21,85,98,19,680
2001-11-24T21:00,-6.8,85,0.2,2.21,85,99,9,645
2001-11-24T22:00,-7.3,86,0.2,2.3,88,100,5,615
2001-11-24T23:00,-7.9,88,0.2,2.41,85,98,7,480
2001-11-25T00:00,-8.7,90,0.2,2.31,85,100,1,375
2001-11-25T01:00,-8.9,91,0.2,2.4,92,100,0,365
2001-11-25T02:00,-8.9,91,0.2,2.55,101,98,0,395
2001-11-25T03:00,-9.2,91,0.1,2.5,106,98,0,375
2001-11-25T04:00,-9.4,91,0.2,2.56,111,98,0,455
2001-11-25T05:00,-9.5,92,0.2,2.66,110,100,0,315
2001-11-25T06:00,-9.5,92,0.2,2.82,107,100,0,405
2001-11-25T07:00,-10.2,92,0.2,2.94,108,100,0,380
2001-11-25T08:00,-10.6,92,0.2,2.88,110,100,0,370
2001-11-25T09:00,-10.8,91,0.2,2.82,113,100,0,355
2001-11-25T10:00,-11,90,0.1,3.04,107,100,0,340
2001-11-25T11:00,-11.4,90,0.1,2.94,108,100,0,345
2001-11-25T12:00,-11.6,91,0.1,2.94,108,100,0,360
2001-11-25T13:00,-11.9,90,0,2.88,110,100,0,340
2001-11-25T14:00,-12,90,0,2.68,117,100,0,315
2001-11-25T15:00,-12.2,90,0,2.56,121,100,0,305
2001-11-25T16:00,-12.4,90,0,2.39,123,100,0,325
2001-11-25T17:00,-11.9,84,0,2.83,132,100,5,380
2001-11-25T18:00,-11,78,0,2.97,135,100,21,505
2001-11-25T19:00,-11.2,73,0,3.19,139,100,36,600
2001-11-25T20:00,-10.7,71,0,3.26,140,100,48,640
2001-11-25T21:00,-10.4,71,0,3.26,140,100,51,635
2001-11-25T22:00,-10.4,73,0,3.05,139,98,37,530
2001-11-25T23:00,-11.1,80,0,2.5,127,100,13,400
2001-11-26T00:00,-12.4,87,0,2.62,130,100,0,265
2001-11-26T01:00,-12.8,89,0,2.62,137,100,0,260
2001-11-26T02:00,-13.1,89,0,2.7,141,99,0,270
2001-11-26T03:00,-13.1,88,0,2.47,148,100,0,270
2001-11-26T04:00,-13.3,88,0,2.24,153,100,0,240
2001-11-26T05:00,-13.5,87,0,2.12,161,100,0,205
2001-11-26T06:00,-13.7,85,0,2.06,166,100,0,185
2001-11-26T07:00,-14.3,85,0,2.12,172,100,0,175
2001-11-26T08:00,-14.5,84,0,2.1,177,99,0,170
2001-11-26T09:00,-14.7,84,0,2.1,183,97,0,160
2001-11-26T10:00,-15.3,83,0,1.99,198,98,0,125
2001-11-26T11:00,-15.8,84,0,1.8,199,95,0,115
2001-11-26T12:00,-16.4,82,0,1.79,207,97,0,70
2001-11-26T13:00,-16.9,83,0,1.8,214,83,0,55
2001-11-26T14:00,-17.7,82,0,1.84,221,75,0,40
2001-11-26T15:00,-18.3,81,0,1.98,225,58,0,35
2001-11-26T16:00,-18.3,81,0,2.05,227,43,6,35
2001-11-26T17:00,-16.4,76,0,1.77,227,37,53,40
2001-11-26T18:00,-12.8,69,0,1.28,219,7,142,90
2001-11-26T19:00,-9.3,70,0,1.1,185,8,193,155
2001-11-26T20:00,-7.8,73,0,1.14,165,9,210,230
2001-11-26T21:00,-7.1,72,0,1.08,158,5,217,310
2001-11-26T22:00,-7.4,75,0,1.22,145,20,153,245
2001-11-26T23:00,-8.7,77,0,1.26,162,28,69,120
2001-11-27T00:00,-10.5,79,0,1.46,196,30,6,70
2001-11-27T01:00,-12.5,80,0,1.87,196,3,0,50
2001-11-27T02:00,-13.2,78,0,2.2,219,1,0,40
2001-11-27T03:00,-14.1,76,0,2.34,230,3,0,30
2001-11-27T04:00,-14.5,74,0,2.28,232,3,0,30
2001-11-27T05:00,-14.7,75,0,2.52,236,1,0,35
2001-11-27T06:00,-14.6,76,0,2.64,241,3,0,35
2001-11-27T07:00,-15.6,79,0,2.68,243,10,0,35
2001-11-27T08:00,-15.2,80,0,2.77,244,9,0,35
2001-11-27T09:00,-14.4,82,0,3,244,23,0,45
2001-11-27T10:00,-14.3,83,0,2.95,246,36,0,65
2001-11-27T11:00,-14.1,82,0,3.01,249,42,0,65
2001-11-27T12:00,-14,80,0,3.14,248,57,0,70
2001-11-27T13:00,-13.9,80,0,3.05,247,54,0,60
2001-11-27T14:00,-13.9,79,0,2.95,246,49,0,50
2001-11-27T15:00,-13.6,79,0,2.82,247,58,0,45
2001-11-27T16:00,-13.5,78,0,2.69,248,69,5,45
2001-11-27T17:00,-12.9,76,0,2.45,258,57,66,45
2001-11-27T18:00,-10.4,70,0,1.3,274,31,151,75
2001-11-27T19:00,-7.4,61,0,0.64,321,42,138,200
2001-11-27T20:00,-6.6,62,0,0.32,18,64,141,335
2001-11-27T21:00,-6.6,65,0,0.51,79,53,122,480
2001-11-27T22:00,-7.9,72,0,0.82,76,38,98,330
2001-11-27T23:00,-9.6,77,0,1.12,63,36,51,160
2001-11-28T00:00,-12.1,82,0,1.03,61,38,4,110
2001-11-28T01:00,-11.8,83,0,0.89,63,47,0,130
2001-11-28T02:00,-12.4,88,0,0.54,112,53,0,95
2001-11-28T03:00,-13.4,86,0,0.54,158,93,0,75
2001-11-28T04:00,-12.6,82,0,0.63,162,83,0,60
2001-11-28T05:00,-12.1,80,0,0.73,164,79,0,65
2001-11-28T06:00,-12.6,82,0,0.76,157,78,0,65
2001-11-28T07:00,-13,85,0,0.92,167,71,0,45
2001-11-28T08:00,-13.3,88,0,1.24,194,55,0,50
2001-11-28T09:00,-13.5,87,0,1.24,194,63,0,35
2001-11-28T10:00,-13.8,87,0,0.71,188,79,0,55
2001-11-28T11:00,-14,85,0,1.1,175,97,0,55
2001-11-28T12:00,-14.3,85,0,1.2,175,100,0,60
2001-11-28T13:00,-14.1,82,0,1.4,176,100,0,65
2001-11-28T14:00,-14.3,81,0,1.26,162,100,0,70
2001-11-28T15:00,-14.4,81,0,1.33,167,100,0,85
2001-11-28T16:00,-14,79,0,1.49,160,100,0,100
2001-11-28T17:00,-13.3,78,0,1.61,150,100,3,135
2001-11-28T18:00,-11.9,78,0,1.92,141,100,4,200
2001-11-28T19:00,-12.1,79,0,2.33,137,100,12,285
2001-11-28T20:00,-12.1,78,0,2.62,130,100,5,325
2001-11-28T21:00,-12.1,79,0,2.78,128,100,1,340
2001-11-28T22:00,-12.6,82,0.1,2.59,118,100,0,350
2001-11-28T23:00,-13.1,84,0.2,2.64,119,100,0,340
2001-11-29T00:00,-13.7,84,0.1,2.61,122,100,0,290
2001-11-29T01:00,-14,84,0.1,2.64,127,100,0,280
2001-11-29T02:00,-14.2,84,0,2.34,130,100,0,265
2001-11-29T03:00,-14.4,84,0,2.19,133,99,0,230
2001-11-29T04:00,-14.5,83,0,1.92,141,80,0,195
2001-11-29T05:00,-14.8,83,0,1.48,152,92,0,155
2001-11-29T06:00,-15.5,83,0,1.14,165,88,0,125
2001-11-29T07:00,-16.5,82,0,0.9,180,71,0,90
2001-11-29T08:00,-16.1,83,0,1,180,65,0,55
2001-11-29T09:00,-16.6,84,0,0.89,207,89,0,40
2001-11-29T10:00,-16.8,84,0,1.43,282,99,0,40
2001-11-29T11:00,-16.3,82,0,1.3,293,99,0,50
2001-11-29T12:00,-14.9,79,0,1.08,292,100,0,50
2001-11-29T13:00,-14.6,79,0,0.76,293,99,0,70
2001-11-29T14:00,-14.7,79,0,0.5,360,100,0,75
2001-11-29T15:00,-14.8,78,0,0.28,45,100,0,75
2001-11-29T16:00,-14.8,75,0.1,0.41,166,100,0,100
2001-11-29T17:00,-14.7,75,0.1,0.36,124,100,1,90
2001-11-29T18:00,-14,75,0,0.54,112,100,5,150
2001-11-29T19:00,-13.1,73,0.2,0.67,117,99,9,205
2001-11-29T20:00,-12.8,72,0,0.82,104,99,19,235
2001-11-29T21:00,-12.6,72,0,1,96,99,15,245
2001-11-29T22:00,-12.6,74,0,0.3,90,100,13,205
2001-11-29T23:00,-13.2,78,0,1,84,100,4,115
2001-11-30T00:00,-14.2,80,0,0.91,96,95,1,55
2001-11-30T01:00,-15,81,0,0.3,90,97,0,30
2001-11-30T02:00,-15.6,81,0,0.5,53,95,0,25
2001-11-30T03:00,-15.1,80,0,0.58,59,97,0,25
2001-11-30T04:00,-15,79,0,0.28,45,98,0,20
2001-11-30T05:00,-14.8,77,0,0.61,279,96,0,15
2001-11-30T06:00,-15.2,77,0,1.12,297,87,0,20
2001-11-30T07:00,-15.9,80,0,1.14,308,84,0,60
2001-11-30T08:00,-16.2,78,0,1.28,309,77,0,75
2001-11-30T09:00,-15.9,76,0,1.72,306,66,0,75
2001-11-30T10:00,-15.7,76,0,1.2,312,40,0,85
2001-11-30T11:00,-15.2,73,0,1.39,330,29,0,80
2001-11-30T12:00,-15.1,71,0,1.34,333,35,0,75
2001-11-30T13:00,-15.1,69,0,1.41,315,52,0,60
2001-11-30T14:00,-15.1,69,0,1.49,290,72,0,35
2001-11-30T15:00,-15.1,70,0,1.5,270,62,0,20
2001-11-30T16:00,-15.2,70,0,1.3,247,62,3,15
2001-11-30T17:00,-14.4,70,0,1.14,218,28,57,30
2001-11-30T18:00,-12.7,68,0,1.04,197,31,144,115
2001-11-30T19:00,-12.6,75,0,1.32,189,23,180,185
2001-11-30T20:00,-9.6,68,0,1.51,188,14,217,270
2001-11-30T21:00,-8.6,65,0,1.3,184,57,204,305
2001-11-30T22:00,-9.6,73,0,1.02,169,98,132,270
2001-11-30T23:00,-11.2,76,0,1.24,166,100,35,110
2001-12-01T00:00,-12.3,76,0,1.68,197,98,1,80
2001-12-01T01:00,-12.5,76,0,1.79,207,97,0,75
2001-12-01T02:00,-13.3,77,0,1.98,221,74,0,65
2001-12-01T03:00,-14.1,76,0,2.41,228,43,0,55
2001-12-01T04:00,-14.9,75,0,2.64,233,20,0,55
2001-12-01T05:00,-15.7,76,0,2.88,236,10,0,60
2001-12-01T06:00,-16,76,0,3.05,238,19,0,65
2001-12-01T07:00,-15.8,78,0,3.28,239,50,0,75
2001-12-01T08:00,-14.8,78,0,3.36,240,94,0,80
2001-12-01T09:00,-13.7,77,0,3.28,239,100,0,80
2001-12-01T10:00,-13,77,0,3.19,238,96,0,75
2001-12-01T11:00,-12.1,76,0,2.97,237,98,0,70
2001-12-01T12:00,-12.3,78,0,2.72,234,100,0,65
2001-12-01T13:00,-12.3,78,0,2.7,231,99,0,60
2001-12-01T14:00,-12.5,80,0,2.76,226,100,0,55
2001-12-01T15:00,-12.5,80,0,2.97,222,100,0,60
2001-12-01T16:00,-12,78,0,2.98,220,100,0,70
2001-12-01T17:00,-10.4,75,0,2.72,216,100,11,90
2001-12-01T18:00,-8.2,74,0,2.46,207,100,24,145
2001-12-01T19:00,-5.6,68,0,2.4,197,100,40,210
2001-12-01T20:00,-4.1,67,0,2.44,199,80,60,385
2001-12-01T21:00,-3.1,67,0,2.6,203,20,63,520
2001-12-01T22:00,-2.1,64,0,2.82,207,7,102,630
2001-12-01T23:00,-2.7,66,0,3.18,208,18,52,520
2001-12-02T00:00,-3.8,70,0,3.44,216,23,3,400
2001-12-02T01:00,-4.1,69,0,4.1,223,66,0,460
2001-12-02T02:00,-4.2,68,0,4.55,230,84,0,520
2001-12-02T03:00,-4.1,66,0,4.3,234,97,0,490
2001-12-02T04:00,-3.9,65,0,4.14,233,97,0,450
2001-12-02T05:00,-3.5,64,0,3,240,96,0,410
2001-12-02T06:00,-3.8,65,0,2.59,242,91,0,350
2001-12-02T07:00,-4.6,70,0,2.56,239,94,0,230
2001-12-02T08:00,-5.8,74,0,2.52,236,97,0,200
2001-12-02T09:00,-7.3,76,0,2.2,240,100,0,100
2001-12-02T10:00,-8.5,78,0,1.92,242,99,0,50
2001-12-02T11:00,-9.1,78,0,2.15,242,100,0,50
2001-12-02T12:00,-9.7,78,0,2.15,242,99,0,50
2001-12-02T13:00,-10,78,0,2.42,246,97,0,50
2001-12-02T14:00,-10.1,79,0,2.56,249,97,0,50
2001-12-02T15:00,-10.4,80,0,2.5,254,99,0,50
2001-12-02T16:00,-10.6,80,0,1.9,267,100,0,55
2001-12-02T17:00,-7.8,74,0,1.26,288,100,19,90
2001-12-02T18:00,-5.5,69,0,0.85,315,98,6,150
2001-12-02T19:00,-5.3,73,0,1,354,86,64,230
2001-12-02T20:00,-4.9,73,0,1.33,13,35,151,370
2001-12-02T21:00,-5.4,74,0,1.39,21,44,156,470
2001-12-02T22:00,-6.3,76,0,1.25,29,63,90,480
2001-12-02T23:00,-7.4,81,0,1.43,65,66,30,265
2001-12-03T00:00,-8.5,81,0,1.63,79,86,2,115
2001-12-03T01:00,-9.6,83,0,1.57,117,84,0,100
2001-12-03T02:00,-9.9,83,0,1.92,141,97,0,125
2001-12-03T03:00,-9.6,80,0,1.5,143,100,0,180
2001-12-03T04:00,-9.8,82,0,1.36,144,100,0,160
2001-12-03T05:00,-10.4,81,0,1.62,158,100,0,100
2001-12-03T06:00,-10.9,80,0,1.68,163,100,0,165
2001-12-03T07:00,-11.2,80,0,1.63,169,99,0,170
2001-12-03T08:00,-11.1,81,0.1,1.6,180,100,0,150
2001-12-03T09:00,-10.9,81,0.2,1.53,191,100,0,130
2001-12-03T10:00,-10.7,82,0.1,1.3,212,100,0,110
2001-12-03T11:00,-10.4,82,0,1.17,211,100,0,90
2001-12-03T12:00,-11,81,0,1.49,222,98,0,80
2001-12-03T13:00,-11.7,80,0,1.61,263,98,0,60
2001-12-03T14:00,-12.1,79,0,2.28,293,88,0,75
2001-12-03T15:00,-12.4,80,0,2.1,295,89,0,100
2001-12-03T16:00,-12.9,81,0,2.06,299,84,1,140
2001-12-03T17:00,-12.4,80,0,2.22,306,63,26,270
2001-12-03T18:00,-10.8,78,0,2.06,321,31,86,375
2001-12-03T19:00,-7.7,69,0,2.48,320,29,153,505
2001-12-03T20:00,-6.8,66,0,2.72,324,55,198,675
2001-12-03T21:00,-7.1,66,0,2.42,330,79,190,845
2001-12-03T22:00,-7.9,68,0,2.12,352,85,118,700
2001-12-03T23:00,-9.2,74,0,1.88,25,60,32,315
2001-12-04T00:00,-10.9,79,0,1.72,36,55,3,230
2001-12-04T01:00,-11.4,78,0,1.35,42,51,0,155
2001-12-04T02:00,-11.6,79,0,1.08,112,51,0,45
2001-12-04T03:00,-12.3,81,0,1.81,174,29,0,45
2001-12-04T04:00,-15.8,87,0,2.38,195,65,0,55
2001-12-04T05:00,-17.4,89,0,2.51,209,90,0,80
2001-12-04T06:00,-18.5,88,0,2.22,216,65,0,95
2001-12-04T07:00,-18.8,85,0,2.2,219,42,0,90
2001-12-04T08:00,-18.9,80,0,2.4,225,32,0,80
2001-12-04T09:00,-19,77,0,2.48,230,14,0,75
2001-12-04T10:00,-19.2,75,0,2.28,232,1,0,60
2001-12-04T11:00,-19.3,74,0,2.3,236,3,0,55
2001-12-04T12:00,-19.2,73,0,2.2,240,32,0,50
2001-12-04T13:00,-19.2,73,0,2.15,242,89,0,50
2001-12-04T14:00,-18.6,72,0,2.2,240,99,0,50
2001-12-04T15:00,-18.1,73,0,2.2,240,99,0,50
2001-12-04T16:00,-17.7,73,0,2.25,238,98,1,50
2001-12-04T17:00,-16.7,72,0,2.44,235,98,26,60
2001-12-04T18:00,-13.7,69,0,2.22,234,94,53,75
2001-12-04T19:00,-10.6,68,0,1.78,232,93,74,140
2001-12-04T20:00,-8,61,0,1.72,234,59,115,225
2001-12-04T21:00,-8,64,0,1.48,242,43,141,280
2001-12-04T22:00,-8.1,64,0,1.06,221,80,108,160
2001-12-04T23:00,-9,65,0,1.53,238,78,31,65
2001-12-05T00:00,-10.2,66,0,1.94,258,74,1,45
2001-12-05T01:00,-10.8,67,0,2.14,259,71,0,50
2001-12-05T02:00,-11.3,69,0,2.38,255,70,0,70
2001-12-05T03:00,-11.8,71,0,2.56,249,58,0,75
2001-12-05T04:00,-12.3,73,0,2.73,246,43,0,90
2001-12-05T05:00,-13,74,0,3,244,48,0,125
2001-12-05T06:00,-13.6,74,0,3.05,247,48,0,130
2001-12-05T07:00,-13.8,75,0,3.14,248,58,0,125
2001-12-05T08:00,-14.2,75,0,3.1,249,65,0,110
2001-12-05T09:00,-14.6,75,0,3.1,249,68,0,100
2001-12-05T10:00,-15.1,76,0,2.88,250,55,0,75
2001-12-05T11:00,-15.3,76,0,3.01,249,57,0,70
2001-12-05T12:00,-15.7,76,0,2.92,248,46,0,70
2001-12-05T13:00,-15.9,76,0,2.92,248,44,0,70
2001-12-05T14:00,-16.1,76,0,2.92,248,45,0,65
2001-12-05T15:00,-16.2,76,0,2.92,248,58,0,65
2001-12-05T16:00,-16.2,76,0,2.92,248,48,2,55
2001-12-05T17:00,-14.8,71,0,2.95,246,52,34,55
2001-12-05T18:00,-12.9,67,0,2.42,246,9,84,55
2001-12-05T19:00,-11,67,0,1.79,243,7,175,70
2001-12-05T20:00,-9,63,0,1.39,240,0,201,125
2001-12-05T21:00,-8.2,61,0,1.22,235,0,201,205
2001-12-05T22:00,-9,66,0,0.86,234,0,147,95
2001-12-05T23:00,-10.1,66,0,1.49,228,0,62,45
2001-12-06T00:00,-12,67,0,2.06,241,5,4,35
2001-12-06T01:00,-13.5,68,0,2.24,243,5,0,35
2001-12-06T02:00,-14.5,68,0,2.24,243,45,0,40
2001-12-06T03:00,-15.4,70,0,2.55,244,88,0,40
2001-12-06T04:00,-15.9,72,0,2.91,243,97,0,40
2001-12-06T05:00,-15.9,73,0,3.13,243,100,0,50
2001-12-06T06:00,-15.9,74,0,3.31,245,100,0,55
2001-12-06T07:00,-16.1,75,0,3.35,243,100,0,55
2001-12-06T08:00,-15.9,75,0,3.44,244,100,0,55
2001-12-06T09:00,-15.6,75,0,3.35,243,94,0,55
2001-12-06T10:00,-15.4,75,0,3.18,246,62,0,50
2001-12-06T11:00,-15.7,77,0,3.18,246,47,0,50
2001-12-06T12:00,-16.3,78,0,3.22,244,31,0,50
2001-12-06T13:00,-16.7,78,0,3.26,243,43,0,50
2001-12-06T14:00,-16.8,77,0,3.31,241,25,0,50
2001-12-06T15:00,-16.7,77,0,3.35,243,35,0,50
2001-12-06T16:00,-16.3,76,0,3.49,243,77,2,55
2001-12-06T17:00,-14.4,71,0,3.4,242,78,41,60
2001-12-06T18:00,-11.8,66,0,3.09,241,54,99,100
2001-12-06T19:00,-8.6,61,0,2.87,241,35,156,300
2001-12-06T20:00,-6.6,56,0,3.13,243,30,184,515
2001-12-06T21:00,-6,55,0,3.31,241,28,177,600
2001-12-06T22:00,-6.2,56,0,4.18,249,38,108,695
2001-12-06T23:00,-7.2,59,0,4.68,250,10,51,625
2001-12-07T00:00,-8.4,64,0,4.87,251,2,3,475
2001-12-07T01:00,-9.1,66,0,4.81,249,4,0,360
2001-12-07T02:00,-9.7,68,0,4.9,250,9,0,320
2001-12-07T03:00,-9.8,68,0,5.13,249,45,0,335
2001-12-07T04:00,-9.6,67,0,5.09,250,76,0,335
2001-12-07T05:00,-9,65,0,5.03,253,94,0,310
2001-12-07T06:00,-8.5,65,0,4.84,252,99,0,270
2001-12-07T07:00,-7.6,66,0,4.59,250,97,0,305
2001-12-07T08:00,-7,65,0,4.37,250,96,0,445
2001-12-07T09:00,-6.6,64,0,4.15,255,71,0,640
2001-12-07T10:00,-6.7,64,0,3,268,7,0,380
2001-12-07T11:00,-7.4,64,0,3.22,263,3,0,380
2001-12-07T12:00,-7.8,63,0,3.37,258,4,0,405
2001-12-07T13:00,-8.2,63,0,3.68,248,0,0,405
2001-12-07T14:00,-8.4,62,0,3.85,242,46,0,370
2001-12-07T15:00,-8.4,62,0,3.67,241,0,0,305
2001-12-07T16:00,-8.9,64,0,3.55,238,34,2,225
2001-12-07T17:00,-8.1,63,0,3.47,237,68,41,255
2001-12-07T18:00,-6.5,59,0,3.97,236,91,59,405
2001-12-07T19:00,-4.7,54,0,3.88,235,98,113,380
2001-12-07T20:00,-3.7,53,0,3.97,236,90,87,350
2001-12-07T21:00,-3.3,54,0,4.22,239,92,138,395
2001-12-07T22:00,-3.5,55,0,3.94,240,79,84,375
2001-12-07T23:00,-4.2,59,0,4.44,239,97,27,500
2001-12-08T00:00,-3.8,59,0,5.25,239,87,1,545
2001-12-08T01:00,-3.2,58,0,6.31,245,79,0,595
2001-12-08T02:00,-3.1,59,0,6.67,246,100,0,580
2001-12-08T03:00,-2.9,59,0,6.99,246,100,0,550
2001-12-08T04:00,-2.2,59,0,7.38,245,100,0,520
2001-12-08T05:00,-1.5,58,0,7.38,243,100,0,505
2001-12-08T06:00,-1.7,59,0,7.16,242,100,0,495
2001-12-08T07:00,-1.8,61,0,7.12,241,100,0,500
2001-12-08T08:00,-1.4,61,0,7.22,239,100,0,545
2001-12-08T09:00,-1.3,61,0,7.02,237,100,0,575
2001-12-08T10:00,-1.5,62,0,5.47,230,100,0,495
2001-12-08T11:00,-1.5,62,0,4.17,226,100,0,520
2001-12-08T12:00,-1.6,62,0,2.51,203,97,0,145
2001-12-08T13:00,-1.9,67,0,2.53,189,99,0,90
2001-12-08T14:00,-2.8,71,0,3.04,197,98,0,120
2001-12-08T15:00,-4.1,74,0,3.4,204,98,0,155
2001-12-08T16:00,-4.7,74,0,3.44,206,100,0,165
2001-12-08T17:00,-4.8,72,0,3.62,208,99,3,180
2001-12-08T18:00,-3.8,69,0,3.62,208,98,32,210
2001-12-08T19:00,-1.6,67,0,3.54,209,87,97,315
2001-12-08T20:00,0.1,66,0,3.5,211,46,103,465
2001-12-08T21:00,1.2,65,0,4.19,220,33,114,655
2001-12-08T22:00,1.8,63,0,5.66,234,13,80,925
2001-12-08T23:00,1.8,62,0,6.64,239,29,40,1015
2001-12-09T00:00,1.1,63,0,6.74,238,35,2,965
2001-12-09T01:00,0.3,65,0,6.44,237,21,0,925
2001-12-09T02:00,-0.8,68,0,6.05,236,32,0,885
2001-12-09T03:00,-1.8,71,0,5.6,235,52,0,820
2001-12-09T04:00,-2.3,72,0,5.55,236,33,0,785
2001-12-09T05:00,-2.5,71,0,5.22,238,27,0,730
2001-12-09T06:00,-2.7,70,0,4.77,237,27,0,545
2001-12-09T07:00,-1.8,69,0,3.85,242,57,0,490
2001-12-09T08:00,-3,76,0,1.75,283,70,0,160
2001-12-09T09:00,-4.6,82,0.2,2.01,354,88,0,220
2001-12-09T10:00,-5.8,89,0.8,2.1,3,98,0,315
2001-12-09T11:00,-5.1,89,0.9,0.61,351,98,0,265
2001-12-09T12:00,-7,85,0.6,0.89,207,84,0,85
2001-12-09T13:00,-8.9,84,0.3,1.2,222,39,0,30
2001-12-09T14:00,-10.1,83,0.1,1.22,235,41,0,25
2001-12-09T15:00,-11.6,81,0.3,1.68,253,33,0,25
2001-12-09T16:00,-12.8,80,0.2,2.55,259,33,1,45
2001-12-09T17:00,-13.4,77,0.3,2.69,255,18,39,150
2001-12-09T18:00,-11.5,67,0.2,2.65,259,5,120,675
2001-12-09T19:00,-8.6,53,0,3.31,265,10,193,1380
2001-12-09T20:00,-7.5,48,0,3.81,265,18,210,1695
2001-12-09T21:00,-7.7,48,0,3.63,262,11,198,1455
2001-12-09T22:00,-8.2,52,0,3.42,255,2,142,960
2001-12-09T23:00,-9.8,61,0,3.18,242,0,57,405
2001-12-10T00:00,-12,71,0,3.41,238,0,3,205
2001-12-10T01:00,-13.4,74,0,3.77,238,5,0,150
2001-12-10T02:00,-14.4,76,0,3.83,237,44,0,125
2001-12-10T03:00,-15.1,77,0,3.88,235,61,0,110
2001-12-10T04:00,-15.8,78,0,3.97,236,0,0,105
2001-12-10T05:00,-16.3,79,0,4,238,76,0,100
2001-12-10T06:00,-16.4,77,0,3.98,242,100,0,100
2001-12-10T07:00,-14.6,69,0,4.16,243,100,0,125
2001-12-10T08:00,-13.2,66,0,4.25,243,100,0,155
2001-12-10T09:00,-12.3,65,0,4.25,243,100,0,175
2001-12-10T10:00,-11.7,65,0,4.25,246,73,0,200
2001-12-10T11:00,-11.9,66,0,4.25,246,57,0,195
2001-12-10T12:00,-11.8,67,0,4.39,246,67,0,195
2001-12-10T13:00,-11.5,66,0,4.4,249,49,0,195
2001-12-10T14:00,-11.7,68,0,4.31,248,41,0,165
2001-12-10T15:00,-12,70,0,4.18,249,55,0,125
2001-12-10T16:00,-12.5,73,0,3.99,248,63,1,110
2001-12-10T17:00,-11.7,70,0,3.55,248,86,32,105
2001-12-10T18:00,-10.1,66,0,3.26,252,84,70,120
2001-12-10T19:00,-8.9,63,0,2.72,253,70,124,145
2001-12-10T20:00,-7.5,60,0,2.6,254,55,189,175
2001-12-10T21:00,-6.9,60,0,2.38,255,56,189,195
2001-12-10T22:00,-7.2,64,0,1.6,270,78,132,130
2001-12-10T23:00,-8.5,71,0,1.7,270,78,49,70
2001-12-11T00:00,-10.6,79,0,2.12,251,42,2,45
2001-12-11T01:00,-12.3,82,0,2.28,247,46,0,40
2001-12-11T02:00,-13.7,83,0,2.56,249,72,0,40
2001-12-11T03:00,-14.8,83,0,2.79,249,92,0,45
2001-12-11T04:00,-15.5,84,0,2.95,246,92,0,45
2001-12-11T05:00,-16,83,0,3,244,73,0,45
2001-12-11T06:00,-16.1,84,0,3.05,247,66,0,45
2001-12-11T07:00,-15.9,83,0,3.1,249,68,0,45
2001-12-11T08:00,-15.8,83,0,3.16,252,82,0,45
2001-12-11T09:00,-15.5,83,0,3.07,251,92,0,50
2001-12-11T10:00,-15.3,83,0,3.01,255,92,0,50
2001-12-11T11:00,-15.2,83,0,2.98,256,94,0,45
2001-12-11T12:00,-14.9,82,0,2.98,256,97,0,50
2001-12-11T13:00,-14.5,82,0,2.89,256,98,0,55
2001-12-11T14:00,-14.7,84,0,2.91,254,98,0,50
2001-12-11T15:00,-14.8,84,0.1,2.82,253,92,0,50
2001-12-11T16:00,-14.9,84,0.1,2.82,253,86,0,50
2001-12-11T17:00,-13.7,80,0.1,2.62,252,82,16,50
2001-12-11T18:00,-12,75,0,2.31,252,76,62,55
2001-12-11T19:00,-10.3,70,0,1.93,249,69,150,60
2001-12-11T20:00,-9.1,69,0,1.3,247,77,177,90
2001-12-11T21:00,-8.7,69,0,1,233,66,192,125
2001-12-11T22:00,-9,71,0,0.81,240,0,136,85
2001-12-11T23:00,-10.4,74,0,1.39,240,0,57,45
2001-12-12T00:00,-12.7,77,0,1.93,249,0,3,35
2001-12-12T01:00,-15.1,82,0,2.56,249,0,0,35
2001-12-12T02:00,-16.2,82,0,2.82,247,0,0,35
2001-12-12T03:00,-17,82,0,3.05,247,17,0,40
2001-12-12T04:00,-17.6,81,0,3.27,247,9,0,40
2001-12-12T05:00,-17.9,81,0,3.35,243,2,0,50
2001-12-12T06:00,-18.4,81,0,3.49,246,0,0,50
2001-12-12T07:00,-17.9,81,0,3.72,246,9,0,55
2001-12-12T08:00,-18,81,0,3.62,246,52,0,55
2001-12-12T09:00,-18.1,81,0,3.81,247,16,0,60
2001-12-12T10:00,-17.9,81,0,3.9,247,81,0,55
2001-12-12T11:00,-17.4,80,0,3.89,244,31,0,55
2001-12-12T12:00,-16.9,80,0,3.98,245,0,0,60
2001-12-12T13:00,-16.5,79,0,4.11,244,8,0,70
2001-12-12T14:00,-15.9,78,0,4.16,243,36,0,85
2001-12-12T15:00,-15.3,76,0,4.2,245,15,0,100
2001-12-12T16:00,-14.8,77,0,4.2,245,14,0,100
2001-12-12T17:00,-13.4,72,0,4.02,243,28,28,115
2001-12-12T18:00,-11,66,0,3.98,242,28,100,155
2001-12-12T19:00,-8.5,60,0,3.85,245,78,151,200
2001-12-12T20:00,-6.7,58,0,3.85,245,100,156,260
2001-12-12T21:00,-6,59,0,3.58,247,100,110,310
2001-12-12T22:00,-6,60,0,4.18,249,100,63,330
2001-12-12T23:00,-7,65,0,4.4,253,100,22,255
2001-12-13T00:00,-8.6,72,0,4.49,253,100,1,170
2001-12-13T01:00,-9.7,74,0,4.4,249,100,0,135
2001-12-13T02:00,-10.4,75,0,4.39,246,100,0,120
2001-12-13T03:00,-10.9,77,0,4.2,245,100,0,115
2001-12-13T04:00,-11.2,77,0,4.16,243,100,0,110
2001-12-13T05:00,-11.2,77,0,3.89,241,100,0,105
2001-12-13T06:00,-11.3,78,0,3.85,242,100,0,105
2001-12-13T07:00,-10.8,76,0,3.8,243,100,0,100
2001-12-13T08:00,-10.9,78,0,3.72,246,100,0,100
2001-12-13T09:00,-11.1,80,0,3.58,247,99,0,95
2001-12-13T10:00,-10.3,77,0,3.36,247,97,0,90
2001-12-13T11:00,-10.4,79,0,3.18,246,71,0,90
2001-12-13T12:00,-10.4,80,0,3.22,244,26,0,75
2001-12-13T13:00,-11.5,84,0,3.4,246,26,0,75
2001-12-13T14:00,-12,84,0,3.53,245,30,0,75
2001-12-13T15:00,-11.9,82,0,3.67,244,28,0,80
2001-12-13T16:00,-11.7,80,0,3.67,244,31,0,90
2001-12-13T17:00,-10.5,75,0,3.44,244,41,20,110
2001-12-13T18:00,-8.4,69,0,3.31,241,25,55,140
2001-12-13T19:00,-6.2,65,0,3.14,239,52,148,180
2001-12-13T20:00,-4.1,62,0,3.14,239,99,162,250
2001-12-13T21:00,-3.2,63,0,2.44,235,100,130,280
2001-12-13T22:00,-3.3,67,0,1.7,220,60,73,130
2001-12-13T23:00,-4.5,74,0,1.7,220,100,8,60
2001-12-14T00:00,-6.1,82,0,2.4,225,100,0,60
2001-12-14T01:00,-6.4,80,0,2.62,230,100,0,80
2001-12-14T02:00,-6.9,81,0,2.84,231,100,0,85
2001-12-14T03:00,-7.3,82,0,3.06,232,100,0,95
2001-12-14T04:00,-7.2,81,0,2.86,234,100,0,85
2001-12-14T05:00,-7.4,82,0,2.47,238,100,0,65
2001-12-14T06:00,-7.8,84,0,3.09,245,100,0,60
2001-12-14T07:00,-8.4,87,0,3,244,100,0,55
2001-12-14T08:00,-7.6,84,0.1,2.69,248,100,0,55
2001-12-14T09:00,-7.3,84,0.1,2.6,247,100,0,55
2001-12-14T10:00,-7.3,86,0,1.71,249,100,0,35
2001-12-14T11:00,-7.6,88,0,1.75,257,93,0,30
2001-12-14T12:00,-8.1,89,0,1.92,261,71,0,30
2001-12-14T13:00,-8.6,89,0,2.11,265,64,0,30
2001-12-14T14:00,-8.9,88,0,2.31,265,72,0,35
2001-12-14T15:00,-8.8,88,0,2.31,265,71,0,35
2001-12-14T16:00,-8.4,87,0,2.31,265,77,0,35
2001-12-14T17:00,-7.6,84,0,2.2,270,83,3,40
2001-12-14T18:00,-6.3,83,0,2.01,276,91,5,80
2001-12-14T19:00,-4.8,80,0,1.62,292,95,51,170
2001-12-14T20:00,-2.8,74,0,1.58,305,97,48,485
2001-12-14T21:00,-2.7,75,0,1.44,304,94,69,650
2001-12-14T22:00,-3.8,80,0,1,354,92,66,535
2001-12-14T23:00,-5.3,83,0,0.81,353,92,26,90
2001-12-15T00:00,-7.3,86,0,0.89,333,95,1,70
2001-12-15T01:00,-7.5,85,0,1.44,304,99,0,85
2001-12-15T02:00,-7.6,84,0,1.66,295,99,0,85
2001-12-15T03:00,-8,82,0,1.71,291,100,0,85
2001-12-15T04:00,-8.7,81,0,1.63,281,98,0,65
2001-12-15T05:00,-9.4,79,0,1.5,266,90,0,60
2001-12-15T06:00,-10.2,77,0,1.73,260,73,0,55
2001-12-15T07:00,-10.2,78,0,1.71,249,63,0,45
2001-12-15T08:00,-12.1,78,0,1.79,243,67,0,30
2001-12-15T09:00,-14.5,79,0,2.33,245,27,0,25
2001-12-15T10:00,-15.9,80,0,2.73,242,0,0,30
2001-12-15T11:00,-16.8,80,0,3.09,241,0,0,35
2001-12-15T12:00,-17.5,79,0,3.55,238,0,0,45
2001-12-15T13:00,-17.1,78,0,3.83,237,1,0,60
2001-12-15T14:00,-15.9,73,0,4.08,239,3,0,85
2001-12-15T15:00,-14.2,66,0,4.22,239,3,0,130
2001-12-15T16:00,-13.2,64,0,4.36,238,2,0,175
2001-12-15T17:00,-11.6,62,0,4.36,238,19,39,225
2001-12-15T18:00,-9.5,57,0,4.38,235,19,116,325
2001-12-15T19:00,-8.3,56,0,4.2,232,6,164,490
2001-12-15T20:00,-7.3,54,0,4.1,227,47,200,590
2001-12-15T21:00,-7.1,55,0,4.68,228,63,163,645
2001-12-15T22:00,-7.3,56,0,4.6,224,98,92,670
2001-12-15T23:00,-7.9,59,0,4,217,100,9,575
2001-12-16T00:00,-8.4,62,0,3.77,212,100,0,425
2001-12-16T01:00,-8.4,62,0,3.53,205,100,0,330
2001-12-16T02:00,-8.2,61,0,3.76,209,100,0,315
2001-12-16T03:00,-7.8,61,0,4.05,213,100,0,380
2001-12-16T04:00,-7.6,62,0,4.13,212,100,0,440
2001-12-16T05:00,-7.3,63,0,4.12,209,100,0,585
2001-12-16T06:00,-6.4,62,0,4.36,217,100,0,605
2001-12-16T07:00,-5.9,63,0,4.53,225,100,0,575
2001-12-16T08:00,-5.4,63,0,4.6,228,97,0,580
2001-12-16T09:00,-5,64,0,4.96,228,97,0,585
2001-12-16T10:00,-4.3,63,0,3.96,223,98,0,540
2001-12-16T11:00,-3.4,60,0,5.25,230,46,0,680
2001-12-16T12:00,-2.5,58,0,7.57,236,23,0,960
2001-12-16T13:00,-2,58,0,7.36,239,14,0,825
2001-12-16T14:00,-2.5,60,0,7.05,238,21,0,710
2001-12-16T15:00,-3,61,0,7.03,240,21,0,590
2001-12-16T16:00,-3.3,62,0,6.19,239,18,0,440
2001-12-16T17:00,-3.2,62,0,5.55,236,19,33,410
2001-12-16T18:00,-2.5,60,0,4.96,236,27,97,425
2001-12-16T19:00,-2,61,0,4.88,235,31,149,520
2001-12-16T20:00,-1.1,60,0,4.72,234,85,162,570
2001-12-16T21:00,-0.8,62,0,4.55,230,91,135,520
2001-12-16T22:00,-1.2,65,0,4.17,226,74,56,420
2001-12-16T23:00,-2.1,69,0,4.39,227,58,16,370
2001-12-17T00:00,-3.5,76,0,4.25,229,78,1,250
2001-12-17T01:00,-4.2,80,0,4.18,228,88,0,195
2001-12-17T02:00,-4.2,79,0,4.1,223,95,0,225
2001-12-17T03:00,-2.6,73,0,4.7,218,93,0,465
2001-12-17T04:00,-0.8,67,0,5.22,216,67,0,615
2001-12-17T05:00,-0.3,66,0,5.6,215,39,0,700
2001-12-17T06:00,0.2,64,0,6.16,216,25,0,825
2001-12-17T07:00,0.8,64,0,6.54,219,17,0,930
2001-12-17T08:00,1,63,0,6.94,223,26,0,920
2001-12-17T09:00,1.1,63,0,7.14,226,19,0,890
2001-12-17T10:00,1,64,0,6.73,222,19,0,915
2001-12-17T11:00,0.4,66,0,6.26,219,17,0,815
2001-12-17T12:00,-0.3,69,0,5.44,212,30,0,740
2001-12-17T13:00,-0.8,71,0,4.61,207,58,0,665
2001-12-17T14:00,-1.4,71,0,3.82,225,6,0,375
2001-12-17T15:00,-1.8,58,0,5.6,251,0,0,1490
2001-12-17T16:00,-3.3,52,0,6.22,259,0,0,1425
2001-12-17T17:00,-3.9,53,0,5.92,258,0,34,1245
2001-12-17T18:00,-3.7,51,0,4.7,268,7,90,1445
2001-12-17T19:00,-3.8,49,0,3.71,273,4,146,1865
2001-12-17T20:00,-4.2,44,0,3.51,273,7,203,2155
2001-12-17T21:00,-4.8,44,0,2.81,266,7,161,2335
2001-12-17T22:00,-5.5,49,0,2.21,275,37,108,2420
2001-12-17T23:00,-7.3,59,0,1.56,220,5,47,35
2001-12-18T00:00,-10,66,0,2.11,211,0,3,25
2001-12-18T01:00,-11.5,68,0,2.69,211,0,0,30
2001-12-18T02:00,-12.7,69,0,3.19,212,6,0,40
2001-12-18T03:00,-13.7,70,0,3.38,214,10,0,55
2001-12-18T04:00,-14.2,70,0,3.55,212,9,0,70
2001-12-18T05:00,-14,69,0,3.58,216,0,0,85
2001-12-18T06:00,-13.4,68,0,3.76,220,0,0,110
2001-12-18T07:00,-11.9,63,0,3.75,224,0,0,150
2001-12-18T08:00,-11.6,65,0,3.82,227,4,0,210
2001-12-18T09:00,-11.4,66,0,3.91,230,2,0,235
2001-12-18T10:00,-11.7,68,0,3.68,225,6,0,210
2001-12-18T11:00,-12.3,71,0,3.61,226,32,0,140
2001-12-18T12:00,-12.3,71,0,3.97,229,28,0,170
2001-12-18T13:00,-11.3,66,0,4.56,232,22,0,275
2001-12-18T14:00,-10.3,62,0,4.64,233,49,0,315
2001-12-18T15:00,-10.3,62,0,4.58,234,76,0,275
2001-12-18T16:00,-10.5,63,0,4.58,234,94,0,270
2001-12-18T17:00,-9.8,61,0,4.36,233,97,11,305
2001-12-18T18:00,-8.8,58,0,4.11,229,97,25,375
2001-12-18T19:00,-6.9,52,0,3.55,220,68,84,495
2001-12-18T20:00,-6.5,50,0,3.09,209,30,184,565
2001-12-18T21:00,-6.7,51,0,3.23,202,8,171,630
2001-12-18T22:00,-7.3,54,0,2.4,197,9,139,395
2001-12-18T23:00,-9,64,0,2.6,196,93,57,160
2001-12-19T00:00,-11.5,75,0,3.09,209,100,3,135
2001-12-19T01:00,-12.6,75,0,3.19,221,100,0,135
2001-12-19T02:00,-12.3,71,0,3.32,226,99,0,125
2001-12-19T03:00,-11.4,69,0,3.25,225,99,0,105
2001-12-19T04:00,-10.8,69,0,3.32,226,99,0,105
2001-12-19T05:00,-10.4,70,0,3.41,230,92,0,125
2001-12-19T06:00,-10,71,0,3.58,234,94,0,165
2001-12-19T07:00,-9.5,69,0,3.77,238,90,0,195
2001-12-19T08:00,-8.7,66,0,4.29,242,84,0,280
2001-12-19T09:00,-7.7,64,0,4.56,244,84,0,360
2001-12-19T10:00,-7.4,64,0,3.51,250,96,0,145
2001-12-19T11:00,-7.5,65,0,2.72,253,95,0,90
2001-12-19T12:00,-8,69,0,3.22,263,97,0,75
2001-12-19T13:00,-8.6,74,0,3.55,260,99,0,95
2001-12-19T14:00,-8.3,72,0,3.71,256,100,0,125
2001-12-19T15:00,-7.8,70,0,3.98,252,99,0,155
2001-12-19T16:00,-7.5,68,0,4.03,256,99,0,215
2001-12-19T17:00,-7.1,68,0,3.65,261,100,2,225
2001-12-19T18:00,-6.7,69,0,2.8,268,100,10,230
2001-12-19T19:00,-5.6,69,0.1,1.91,276,100,9,320
2001-12-19T20:00,-5.2,72,0.1,1.26,288,100,17,430
2001-12-19T21:00,-5.1,74,0.1,0.71,315,98,13,465
2001-12-19T22:00,-5.4,74,0,0.36,56,75,15,325
2001-12-19T23:00,-6.8,82,0,1.08,112,83,7,80
2001-12-20T00:00,-8.1,84,0,0.95,162,71,1,30
2001-12-20T01:00,-8.9,84,0,1.2,222,64,0,25
2001-12-20T02:00,-9.6,83,0,1.3,238,64,0,20
2001-12-20T03:00,-11.2,84,0,1.75,239,58,0,40
2001-12-20T04:00,-13,84,0,1.89,238,46,0,55
2001-12-20T05:00,-14.3,83,0,2.2,240,42,0,55
2001-12-20T06:00,-14.9,83,0,2.42,240,48,0,65
2001-12-20T07:00,-15,83,0,2.59,242,55,0,65
2001-12-20T08:00,-15.7,83,0,2.68,243,59,0,65
2001-12-20T09:00,-16.2,83,0,2.86,245,60,0,60
2001-12-20T10:00,-16.7,83,0,3.09,241,47,0,60
2001-12-20T11:00,-17.1,83,0,3.13,243,46,0,55
2001-12-20T12:00,-17.3,82,0,3.18,246,89,0,50
2001-12-20T13:00,-17.2,83,0,3.18,246,100,0,50
2001-12-20T14:00,-17.2,82,0,3.18,246,100,0,50
2001-12-20T15:00,-16.9,83,0,3.13,243,100,0,50
2001-12-20T16:00,-17,83,0,2.86,245,100,0,40
2001-12-20T17:00,-16,80,0,2.64,245,99,1,40
2001-12-20T18:00,-14,74,0,2.37,242,94,3,40
2001-12-20T19:00,-11.7,72,0,1.93,249,84,37,50
2001-12-20T20:00,-9.6,68,0,1.41,262,78,72,80
2001-12-20T21:00,-8.2,65,0,1.33,283,31,91,115
2001-12-20T22:00,-8.5,68,0,1.26,288,8,66,145
2001-12-20T23:00,-10.1,76,0,1.49,290,0,54,65
2001-12-21T00:00,-12.5,76,0,2.12,289,0,4,45
2001-12-21T01:00,-14.2,75,0,2.38,285,0,0,45
2001-12-21T02:00,-15.5,76,0,2.33,280,0,0,45
2001-12-21T03:00,-16.5,78,0,2.3,272,1,0,35
2001-12-21T04:00,-17.3,78,0,2.2,267,0,0,30
2001-12-21T05:00,-18.2,78,0,2.1,267,0,0,25
2001-12-21T06:00,-18.7,78,0,2.11,265,0,0,25
2001-12-21T07:00,-20.1,79,0,1.94,258,0,0,20
2001-12-21T08:00,-21.6,80,0,1.77,254,0,0,15
2001-12-21T09:00,-23.1,79,0,1.49,250,0,0,15
2001-12-21T10:00,-24.3,78,0,1.99,252,0,0,15
2001-12-21T11:00,-24.9,78,0,1.99,252,0,0,15
2001-12-21T12:00,-25.3,77,0,1.8,251,0,0,10
2001-12-21T13:00,-25.8,77,0,1.62,248,0,0,10
2001-12-21T14:00,-26.3,77,0,1.52,247,0,0,10
2001-12-21T15:00,-26.7,76,0,1.71,249,3,0,10
2001-12-21T16:00,-26.8,76,0,1.97,246,2,0,10
2001-12-21T17:00,-24.6,74,0,2.33,245,2,35,15
2001-12-21T18:00,-19.9,66,0,2.46,243,1,113,30
2001-12-21T19:00,-14.9,62,0,2.24,243,0,176,35
2001-12-21T20:00,-10.2,58,0,1.92,242,0,203,55
2001-12-21T21:00,-8.2,58,0,1.66,245,0,188,75
2001-12-21T22:00,-8.1,62,0,1.97,240,0,135,80
2001-12-21T23:00,-9.2,68,0,2.47,238,0,57,65
2001-12-22T00:00,-11.2,75,0,3,244,0,3,50
2001-12-22T01:00,-12.7,76,0,3.4,246,0,0,50
2001-12-22T02:00,-13.7,77,0,3.55,248,8,0,50
2001-12-22T03:00,-14.4,78,0,3.55,248,11,0,50
2001-12-22T04:00,-15.1,78,0,3.45,248,25,0,40
2001-12-22T05:00,-15.7,79,0,3.32,249,12,0,35
2001-12-22T06:00,-16,78,0,3.1,249,3,0,35
2001-12-22T07:00,-16.3,77,0,3.07,251,2,0,30
2001-12-22T08:00,-16.2,75,0,3.13,253,0,0,30
2001-12-22T09:00,-15.9,73,0,3.23,254,0,0,30
2001-12-22T10:00,-15.9,72,0,3.32,254,0,0,35
2001-12-22T11:00,-16,73,0,3.26,252,0,0,35
2001-12-22T12:00,-16,72,0,3.04,253,0,0,30
2001-12-22T13:00,-16.1,72,0,2.85,252,0,0,30
2001-12-22T14:00,-16.2,72,0,2.75,251,0,0,30
2001-12-22T15:00,-16.4,72,0,2.53,252,0,0,30
2001-12-22T16:00,-16.5,73,0,2.53,252,0,0,30
2001-12-22T17:00,-15.3,68,0,2.34,250,2,36,30
2001-12-22T18:00,-13,65,0,2.02,250,13,116,30
2001-12-22T19:00,-10.3,61,0,1.49,250,22,179,30
2001-12-22T20:00,-7.6,62,0,1.04,253,5,207,35
2001-12-22T21:00,-4.3,50,0,0.89,243,4,195,40
2001-12-22T22:00,-7.4,72,0,1.03,241,9,138,40
2001-12-22T23:00,-8.8,77,0,1.44,236,38,56,25
2001-12-23T00:00,-11.7,80,0,1.88,245,68,3,20
2001-12-23T01:00,-13.7,80,0,1.97,246,84,0,25
2001-12-23T02:00,-15.2,80,0,2.06,247,87,0,25
2001-12-23T03:00,-16.2,78,0,2.28,247,59,0,25
2001-12-23T04:00,-16.7,76,0,2.46,243,19,0,25
2001-12-23T05:00,-16.7,75,0,2.68,243,7,0,30
2001-12-23T06:00,-16.7,75,0,2.91,243,9,0,30
2001-12-23T07:00,-16.8,76,0,3.04,243,3,0,30
2001-12-23T08:00,-16.9,76,0,3.22,244,0,0,30
2001-12-23T09:00,-16.9,76,0,3.49,246,0,0,35
2001-12-23T10:00,-16.6,75,0,4.12,247,0,0,45
2001-12-23T11:00,-15.7,73,0,4.37,250,0,0,60
2001-12-23T12:00,-14.5,68,0,4.24,251,0,0,60
2001-12-23T13:00,-13.4,65,0,4.18,249,2,0,55
2001-12-23T14:00,-12.9,66,0,4.14,250,45,0,55
2001-12-23T15:00,-12.6,67,0,4.02,251,84,0,50
2001-12-23T16:00,-12.6,68,0,3.89,252,79,0,50
2001-12-23T17:00,-11.2,64,0,3.7,251,90,32,50
2001-12-23T18:00,-8.9,60,0,3.38,251,66,101,55
2001-12-23T19:00,-7,60,0,2.94,252,8,169,60
2001-12-23T20:00,-5,59,0,2.47,249,0,203,65
2001-12-23T21:00,-4,59,0,2.46,243,0,190,75
2001-12-23T22:00,-4.2,61,0,2.77,244,0,137,85
2001-12-23T23:00,-6.1,69,0,3.31,245,0,58,75
2001-12-24T00:00,-8.5,76,0,3.58,247,0,4,65
2001-12-24T01:00,-9.8,76,0,3.77,248,0,0,55
2001-12-24T02:00,-10.5,74,0,3.81,247,0,0,55
2001-12-24T03:00,-10.9,72,0,3.94,246,2,0,55
2001-12-24T04:00,-11,70,0,3.99,248,7,0,55
2001-12-24T05:00,-11.1,69,0,3.99,248,20,0,55
2001-12-24T06:00,-11.2,70,0,4.05,250,29,0,55
2001-12-24T07:00,-11.3,70,0,3.99,248,19,0,55
2001-12-24T08:00,-11.5,71,0,3.9,247,22,0,50
2001-12-24T09:00,-11.7,73,0,3.9,247,29,0,50
2001-12-24T10:00,-11.7,72,0,4.03,247,2,0,55
2001-12-24T11:00,-11.4,71,0,4.09,248,11,0,55
2001-12-24T12:00,-11.1,70,0,4.09,248,40,0,55
2001-12-24T13:00,-10.8,69,0,4.14,250,70,0,55
2001-12-24T14:00,-10.4,69,0,4.02,251,91,0,55
2001-12-24T15:00,-10,68,0,3.92,251,93,0,50
2001-12-24T16:00,-9.8,68,0,3.83,250,93,0,50
2001-12-24T17:00,-8.5,65,0,3.64,249,89,24,45
2001-12-24T18:00,-6.2,60,0,3.45,248,88,74,50
2001-12-24T19:00,-4.1,58,0,3.14,248,95,100,55
2001-12-24T20:00,-2.3,58,0,2.82,247,97,103,60
2001-12-24T21:00,-1.2,59,0,2.69,248,91,122,60
2001-12-24T22:00,-1.8,65,0,2.88,250,51,74,65
2001-12-24T23:00,-3.5,72,0,3.29,250,10,49,60
2001-12-25T00:00,-6,79,0,3.51,250,12,4,50
2001-12-25T01:00,-7.7,81,0,3.42,249,21,0,40
2001-12-25T02:00,-8.9,82,0,3.01,249,46,0,35
2001-12-25T03:00,-9.6,80,0,2.69,248,74,0,30
2001-12-25T04:00,-9.7,76,0,2.79,249,77,0,30
2001-12-25T05:00,-9.6,73,0,2.79,249,69,0,30
2001-12-25T06:00,-9.5,71,0,2.88,250,44,0,30
2001-12-25T07:00,-9.1,69,0,2.88,250,11,0,30
2001-12-25T08:00,-9,68,0,2.79,249,13,0,30
2001-12-25T09:00,-8.8,67,0,2.79,249,26,0,30
2001-12-25T10:00,-8.6,66,0,3.32,249,30,0,35
2001-12-25T11:00,-8.6,66,0,3.23,248,25,0,35
2001-12-25T12:00,-8.6,66,0,3.1,249,0,0,30
2001-12-25T13:00,-8.7,67,0,2.92,248,0,0,30
2001-12-25T14:00,-8.8,67,0,2.75,251,0,0,30
2001-12-25T15:00,-8.9,67,0,2.75,251,0,0,30
2001-12-25T16:00,-8.9,68,0,2.72,253,0,0,30
2001-12-25T17:00,-7.4,63,0,2.69,255,0,33,30
2001-12-25T18:00,-4.6,60,0,2.52,263,0,108,35
2001-12-25T19:00,-2.2,60,0,2.2,270,0,171,40
2001-12-25T20:00,-0.2,63,0,1.73,280,0,200,60
2001-12-25T21:00,0.8,63,0,1.43,282,0,187,65
2001-12-25T22:00,0.5,64,0,1.81,264,1,136,50
2001-12-25T23:00,-1.6,77,0,1.94,258,34,60,30
2001-12-26T00:00,-4.7,81,0,2.06,256,41,4,20
2001-12-26T01:00,-6.7,82,0,1.92,261,34,0,15
2001-12-26T02:00,-7.6,76,0,1.9,270,31,0,15
2001-12-26T03:00,-8.2,72,0,2.2,270,13,0,20
2001-12-26T04:00,-9.1,72,0,2.42,263,0,0,25
2001-12-26T05:00,-9.9,73,0,2.65,259,0,0,25
2001-12-26T06:00,-10.3,72,0,2.67,257,0,0,25
2001-12-26T07:00,-10.8,75,0,2.57,257,0,0,25
2001-12-26T08:00,-11.4,78,0,2.38,255,1,0,20
2001-12-26T09:00,-12.1,82,0,2.18,254,9,0,20
2001-12-26T10:00,-13.2,85,0,2.69,255,0,0,25
2001-12-26T11:00,-14.3,85,0,2.38,255,0,0,25
2001-12-26T12:00,-14.4,84,0,2.04,259,0,0,20
2001-12-26T13:00,-14,82,0,1.63,259,0,0,15
2001-12-26T14:00,-14.2,83,0,1.55,255,0,0,15
2001-12-26T15:00,-14.8,83,0,1.68,253,0,0,15
2001-12-26T16:00,-15.4,83,0,1.8,251,0,0,15
2001-12-26T17:00,-13.9,79,0,1.8,251,0,32,15
2001-12-26T18:00,-10.6,73,0,1.71,249,0,107,20
2001-12-26T19:00,-5.6,65,0,1.39,249,0,170,25
2001-12-26T20:00,-2.1,63,0,1.17,250,0,198,40
2001-12-26T21:00,0,58,0,0.45,243,0,185,65
2001-12-26T22:00,-0.6,68,0,0.76,247,0,135,70
2001-12-26T23:00,-3.8,83,0,0.89,243,0,60,15
2001-12-27T00:00,-6.7,85,0,1.26,252,0,5,15
2001-12-27T01:00,-9.3,87,0,1.26,252,0,0,10
2001-12-27T02:00,-11,87,0,1.39,249,0,0,10
2001-12-27T03:00,-13,86,0,1.62,248,0,0,10
2001-12-27T04:00,-14.7,86,0,1.93,249,0,0,10
2001-12-27T05:00,-15.8,85,0,2.15,248,0,0,15
2001-12-27T06:00,-16.6,84,0,2.56,249,0,0,20
2001-12-27T07:00,-13.9,76,0,2.56,249,0,0,25
2001-12-27T08:00,-13.3,74,0,2.6,247,1,0,30
2001-12-27T09:00,-13.1,73,0,2.69,248,0,0,30
2001-12-27T10:00,-13.2,74,0,3.01,249,0,0,30
2001-12-27T11:00,-13.2,74,0,3.07,251,0,0,30
2001-12-27T12:00,-13.2,74,0,3.29,250,0,0,35
2001-12-27T13:00,-13.3,74,0,3.51,250,13,0,35
2001-12-27T14:00,-13.3,74,0,3.2,250,16,0,30
2001-12-27T15:00,-13.1,71,0,2.85,252,8,0,30
2001-12-27T16:00,-12.9,69,0,2.85,252,0,0,30
2001-12-27T17:00,-11.4,64,0,2.85,252,0,34,30
2001-12-27T18:00,-8.7,60,0,2.82,253,0,113,35
2001-12-27T19:00,-6.8,63,0,2.57,257,45,181,40
2001-12-27T20:00,-4.1,59,0,2.31,265,82,205,55
2001-12-27T21:00,-3.5,62,0,1.91,276,97,189,80
2001-12-27T22:00,-3.5,62,0,2.1,273,97,115,90
2001-12-27T23:00,-5.3,70,0,2.51,265,100,33,50
2001-12-28T00:00,-7.4,76,0,2.71,266,100,0,40
2001-12-28T01:00,-8.2,73,0,2.7,270,100,0,40
2001-12-28T02:00,-8.7,70,0,2.51,275,89,0,40
2001-12-28T03:00,-9.8,72,0,2.31,275,65,0,30
2001-12-28T04:00,-11,73,0,2.02,279,32,0,25
2001-12-28T05:00,-11,67,0,1.75,294,21,0,25
2001-12-28T06:00,-10.7,62,0,1.7,298,23,0,30
2001-12-28T07:00,-10.5,56,0,1.75,283,46,0,25
2001-12-28T08:00,-11.4,56,0,1.36,287,66,0,20
2001-12-28T09:00,-13.1,66,0,1.27,315,39,0,20
2001-12-28T10:00,-11,54,0,0.76,337,41,0,20
2001-12-28T11:00,-11,57,0,0.22,63,46,0,25
2001-12-28T12:00,-11.6,62,0,0.61,171,51,0,55
2001-12-28T13:00,-12.8,70,0,0.92,167,58,0,70
2001-12-28T14:00,-13.4,75,0,0.94,212,64,0,55
2001-12-28T15:00,-14.1,76,0,0.78,220,64,0,35
2001-12-28T16:00,-15.6,79,0,0.76,203,65,0,30
2001-12-28T17:00,-16.5,83,0,0.51,169,67,27,60
2001-12-28T18:00,-13.3,74,0,0.72,146,57,78,105
2001-12-28T19:00,-11.5,73,0,1.27,135,61,83,165
2001-12-28T20:00,-9.8,70,0,1.64,128,62,103,235
2001-12-28T21:00,-9.5,73,0,1.66,123,62,113,265
2001-12-28T22:00,-9.8,77,0,1.06,131,56,59,245
2001-12-28T23:00,-10.8,86,0,1.52,113,39,29,165
2001-12-29T00:00,-12.1,89,0,1.66,115,50,2,125
2001-12-29T01:00,-12.8,90,0,1.42,129,64,0,105
2001-12-29T02:00,-13.4,88,0,1.17,149,63,0,95
2001-12-29T03:00,-14,88,0,0.81,173,60,0,70
2001-12-29T04:00,-14.6,87,0,0.6,180,49,0,55
2001-12-29T05:00,-15.6,85,0,0.5,180,46,0,40
2001-12-29T06:00,-17.2,84,0,0.51,191,46,0,40
2001-12-29T07:00,-18.5,84,0,0.78,220,48,0,25
2001-12-29T08:00,-19.2,83,0,0.78,220,37,0,20
2001-12-29T09:00,-19.5,82,0,0.64,219,25,0,15
2001-12-29T10:00,-21,81,0,1.13,225,16,0,15
2001-12-29T11:00,-21.6,81,0,0.86,216,20,0,10
2001-12-29T12:00,-22,80,0,0.78,220,53,0,15
2001-12-29T13:00,-22.4,80,0,1.2,222,57,0,15
2001-12-29T14:00,-22.7,78,0,1.41,225,31,0,15
2001-12-29T15:00,-24,78,0,1.56,230,19,0,15
2001-12-29T16:00,-24.9,78,0,1.5,233,8,0,15
2001-12-29T17:00,-23.2,77,0,1.56,230,91,29,20
2001-12-29T18:00,-19.9,74,0,1.36,216,29,71,30
2001-12-29T19:00,-14.3,70,0,1.14,195,5,137,85
2001-12-29T20:00,-11.2,68,0,1.22,171,2,202,150
2001-12-29T21:00,-9.5,65,0,1.36,163,1,201,185
2001-12-29T22:00,-9.9,72,0,1.4,180,0,148,175
2001-12-29T23:00,-11.5,82,0,1.22,189,0,68,80
2001-12-30T00:00,-14,83,0,1.3,203,0,6,35
2001-12-30T01:00,-16.7,83,0,1.44,214,0,0,25
2001-12-30T02:00,-18.8,82,0,1.63,223,0,0,20
2001-12-30T03:00,-20.4,81,0,1.7,230,0,0,15
2001-12-30T04:00,-21.5,80,0,1.66,237,0,0,15
2001-12-30T05:00,-22.4,79,0,1.57,243,0,0,10
2001-12-30T06:00,-23,79,0,1.57,243,0,0,10
2001-12-30T07:00,-23.4,78,0,1.66,245,0,0,10
2001-12-30T08:00,-23.9,79,0,1.62,248,0,0,10
2001-12-30T09:00,-24,78,0,1.8,251,0,0,10
2001-12-30T10:00,-23.8,78,0,2.31,252,9,0,15
2001-12-30T11:00,-23.6,79,0,2.31,252,40,0,15
2001-12-30T12:00,-23.3,79,0,2.28,255,40,0,15
2001-12-30T13:00,-23,79,0,2.06,256,40,0,15
2001-12-30T14:00,-22.8,79,0,1.84,257,41,0,10
2001-12-30T15:00,-22.8,79,0,1.73,260,40,0,10
2001-12-30T16:00,-23,79,0,1.73,260,40,0,10
2001-12-30T17:00,-21,79,0,1.94,258,75,30,15
2001-12-30T18:00,-16.6,72,0,2.16,257,40,112,20
2001-12-30T19:00,-11.7,69,0,1.6,274,4,162,35
2001-12-30T20:00,-8.3,70,0,0.92,311,0,197,95
2001-12-30T21:00,-7,70,0,0.89,333,1,198,135
2001-12-30T22:00,-8,77,0,0.64,321,0,137,100
2001-12-30T23:00,-9.8,84,0,0.63,342,1,66,30
2001-12-31T00:00,-12.2,86,0,0.78,320,0,6,15
2001-12-31T01:00,-13.5,86,0,1.1,275,2,0,15
2001-12-31T02:00,-16,86,0,1.12,260,1,0,10
2001-12-31T03:00,-18.5,84,0,0.73,254,2,0,10
2001-12-31T04:00,-19.8,82,0,0.54,248,1,0,10
2001-12-31T05:00,-20.8,81,0,0.45,243,1,0,10
2001-12-31T06:00,-22.5,79,0,0.76,247,1,0,10
2001-12-31T07:00,-23.8,76,0,1.21,246,1,0,10
2001-12-31T08:00,-25.1,78,0,1.3,247,0,0,10
2001-12-31T09:00,-26.2,77,0,1.3,247,0,0,10
2001-12-31T10:00,-26.6,76,0,1.75,246,4,0,10
2001-12-31T11:00,-27.4,76,0,1.66,245,0,0,10
2001-12-31T12:00,-27.9,76,0,1.57,243,0,0,10
2001-12-31T13:00,-28,75,0,1.48,242,0,0,10
2001-12-31T14:00,-28.2,75,0,1.48,242,0,0,10
2001-12-31T15:00,-28.3,75,0,1.7,242,2,0,10
2001-12-31T16:00,-28.1,76,0,1.79,243,40,0,10
2001-12-31T17:00,-25.8,74,0,1.84,241,40,23,10
2001-12-31T18:00,-21,69,0,1.84,241,6,64,15
2001-12-31T19:00,-16,67,0,1.66,237,0,142,20
2001-12-31T20:00,-11.1,64,0,1.14,232,0,216,45
2001-12-31T21:00,-8.6,66,0,0.85,225,0,200,65
2001-12-31T22:00,-9,72,0,1.14,232,0,154,65
2001-12-31T23:00,-11,80,0,1.36,216,0,73,40
