<?xml version="1.0" encoding="UTF-8"?>
<!-- generated on 2026-02-11 17:04:27.391916 by osmWebWizard.py v1_24_0+0000-b72eb3fabc8
<configuration>
    <bbox value="-121.60511121749018,50.212994942051836,-121.55530366897102,50.261991496135686"/>
    <output-dir value="C:\Users\bran-jnw\Sumo\2026-02-11-17-04-24"/>
    <road-types value="{&quot;Highway&quot;: [&quot;motorway&quot;, &quot;motorway_link&quot;, &quot;trunk&quot;, &quot;trunk_link&quot;, &quot;primary&quot;, &quot;primary_link&quot;, &quot;secondary&quot;, &quot;secondary_link&quot;, &quot;tertiary&quot;, &quot;tertiary_link&quot;, &quot;unclassified&quot;, &quot;residential&quot;, &quot;living_street&quot;, &quot;unsurfaced&quot;, &quot;service&quot;, &quot;raceway&quot;, &quot;bus_guideway&quot;, &quot;track&quot;, &quot;footway&quot;, &quot;pedestrian&quot;, &quot;path&quot;, &quot;bridleway&quot;, &quot;cycleway&quot;, &quot;step&quot;, &quot;steps&quot;, &quot;stairs&quot;], &quot;Railway&quot;: [&quot;preserved&quot;, &quot;tram&quot;, &quot;subway&quot;, &quot;light_rail&quot;, &quot;rail&quot;, &quot;highspeed&quot;, &quot;monorail&quot;], &quot;Aeroway&quot;: [&quot;stopway&quot;, &quot;parking_position&quot;, &quot;taxiway&quot;, &quot;taxilane&quot;, &quot;runway&quot;, &quot;highway_strip&quot;], &quot;Waterway&quot;: [&quot;river&quot;, &quot;canal&quot;], &quot;Aerialway&quot;: [&quot;cable_car&quot;, &quot;gondola&quot;], &quot;Route&quot;: [&quot;ferry&quot;]}"/>
    <gzip value="True"/>
</configuration>
-->


<osm version="0.6" generator="Overpass API 0.7.62.10 2d4cfc48">
<note>The data included in this document is from www.openstreetmap.org. The data is made available under ODbL.</note>
<meta osm_base="2026-02-11T16:03:02Z"/>

  <node id="30447018" lat="50.2496319" lon="-121.5557921"/>
  <node id="30447019" lat="50.2494839" lon="-121.5611595"/>
  <node id="30447020" lat="50.2487689" lon="-121.5650279"/>
  <node id="30447021" lat="50.2443935" lon="-121.5716095"/>
  <node id="30447022" lat="50.2439142" lon="-121.5720258"/>
  <node id="30447023" lat="50.2386654" lon="-121.5745054"/>
  <node id="30447024" lat="50.2344697" lon="-121.5769355"/>
  <node id="30447204" lat="50.2300647" lon="-121.5786868"/>
  <node id="30447205" lat="50.2289541" lon="-121.5786895"/>
  <node id="30447206" lat="50.2261629" lon="-121.5773073"/>
  <node id="30447207" lat="50.2236832" lon="-121.5767240"/>
  <node id="30447208" lat="50.2213175" lon="-121.5753443"/>
  <node id="30447209" lat="50.2089842" lon="-121.5753098"/>
  <node id="30447210" lat="50.1938478" lon="-121.5730364"/>
  <node id="30447211" lat="50.1837262" lon="-121.5725584"/>
  <node id="30447212" lat="50.1811455" lon="-121.5724194"/>
  <node id="30447213" lat="50.1796682" lon="-121.5721573"/>
  <node id="274739144" lat="49.8945699" lon="-121.4502027"/>
  <node id="274739148" lat="49.8815078" lon="-121.4435035">
    <tag k="created_by" v="JOSM"/>
  </node>
  <node id="274739151" lat="49.8685602" lon="-121.4479545">
    <tag k="created_by" v="JOSM"/>
  </node>
  <node id="274739155" lat="49.8505217" lon="-121.4379872">
    <tag k="created_by" v="JOSM"/>
  </node>
  <node id="274739159" lat="49.8459872" lon="-121.4377011"/>
  <node id="274739163" lat="49.8347584" lon="-121.4371656"/>
  <node id="274739165" lat="49.8285590" lon="-121.4323216"/>
  <node id="274739166" lat="49.8213044" lon="-121.4322556">
    <tag k="created_by" v="JOSM"/>
  </node>
  <node id="274739168" lat="49.8179919" lon="-121.4358924"/>
  <node id="274739171" lat="49.8153870" lon="-121.4502620"/>
  <node id="274739325" lat="49.8606095" lon="-121.4474729">
    <tag k="created_by" v="JOSM"/>
  </node>
  <node id="274739328" lat="49.8771132" lon="-121.4431332"/>
  <node id="274739331" lat="50.2355221" lon="-121.5848263"/>
  <node id="274739335" lat="50.2234964" lon="-121.5847456">
    <tag k="created_by" v="JOSM"/>
  </node>
  <node id="274739339" lat="50.2181782" lon="-121.5787929"/>
  <node id="274739342" lat="50.2073623" lon="-121.5811592"/>
  <node id="274739346" lat="50.1973902" lon="-121.5854363"/>
  <node id="274739349" lat="50.1938412" lon="-121.5829544"/>
  <node id="274739351" lat="50.1861650" lon="-121.5821944">
    <tag k="created_by" v="JOSM"/>
  </node>
  <node id="274739356" lat="50.1824851" lon="-121.5785230"/>
  <node id="274739362" lat="50.1717858" lon="-121.5832254"/>
  <node id="274739366" lat="50.1540670" lon="-121.5828307"/>
  <node id="274739369" lat="50.1444804" lon="-121.5759050"/>
  <node id="274739373" lat="50.1358579" lon="-121.5750118"/>
  <node id="274739377" lat="50.1274976" lon="-121.5634572"/>
  <node id="274739381" lat="50.1201465" lon="-121.5631846"/>
  <node id="274739385" lat="50.1166094" lon="-121.5693218"/>
  <node id="274739389" lat="50.1104642" lon="-121.5684321"/>
  <node id="274739392" lat="50.1075129" lon="-121.5644322"/>
  <node id="274739399" lat="50.0954738" lon="-121.5650197"/>
  <node id="274739403" lat="50.0861610" lon="-121.5611052">
    <tag k="created_by" v="JOSM"/>
  </node>
  <node id="274739413" lat="50.0824738" lon="-121.5561939"/>
  <node id="274739416" lat="50.0796511" lon="-121.5557637"/>
  <node id="274739420" lat="50.0757317" lon="-121.5538370"/>
  <node id="274739424" lat="50.0629296" lon="-121.5503241"/>
  <node id="274739427" lat="50.0538774" lon="-121.5458539"/>
  <node id="274739433" lat="50.0472980" lon="-121.5436989"/>
  <node id="274739438" lat="50.0365992" lon="-121.5374017"/>
  <node id="274739441" lat="50.0273479" lon="-121.5333137"/>
  <node id="274739444" lat="50.0188114" lon="-121.5284108"/>
  <node id="274739447" lat="50.0166005" lon="-121.5284508">
    <tag k="created_by" v="JOSM"/>
  </node>
  <node id="274739450" lat="50.0091172" lon="-121.5214777">
    <tag k="created_by" v="JOSM"/>
  </node>
  <node id="274739453" lat="49.9989977" lon="-121.5164605">
    <tag k="created_by" v="JOSM"/>
  </node>
  <node id="274739457" lat="49.9943656" lon="-121.5111981"/>
  <node id="274739463" lat="49.9825855" lon="-121.5104229">
    <tag k="created_by" v="JOSM"/>
  </node>
  <node id="274739468" lat="49.9682992" lon="-121.5058309">
    <tag k="created_by" v="JOSM"/>
  </node>
  <node id="274739471" lat="49.9598805" lon="-121.4972421">
    <tag k="created_by" v="JOSM"/>
  </node>
  <node id="274739474" lat="49.9558054" lon="-121.4844674"/>
  <node id="274739479" lat="49.9371975" lon="-121.4700853"/>
  <node id="274739482" lat="49.9336353" lon="-121.4642177"/>
  <node id="274739492" lat="49.9241606" lon="-121.4578836"/>
  <node id="274739499" lat="49.9065243" lon="-121.4488601"/>
  <node id="274739510" lat="49.8991588" lon="-121.4491364"/>
  <node id="274739520" lat="50.8669421" lon="-121.8729303"/>
  <node id="274739522" lat="50.8634805" lon="-121.8736106"/>
  <node id="274739526" lat="50.8565308" lon="-121.8794835"/>
  <node id="274739530" lat="50.8447017" lon="-121.8748265"/>
  <node id="274739543" lat="50.8331540" lon="-121.8725351"/>
  <node id="274739548" lat="50.8302849" lon="-121.8745950"/>
  <node id="274739552" lat="50.8201118" lon="-121.8854550">
    <tag k="created_by" v="JOSM"/>
  </node>
  <node id="274739556" lat="50.8158893" lon="-121.8866414"/>
  <node id="274739560" lat="50.8111095" lon="-121.8792767"/>
  <node id="274739563" lat="50.8094497" lon="-121.8713323">
    <tag k="created_by" v="JOSM"/>
  </node>
  <node id="274739568" lat="50.7925996" lon="-121.8559279"/>
  <node id="274739576" lat="50.7899043" lon="-121.8563099"/>
  <node id="274739585" lat="50.7854871" lon="-121.8572858"/>
  <node id="274739589" lat="50.7743897" lon="-121.8471582"/>
  <node id="274739590" lat="50.7713578" lon="-121.8464484"/>
  <node id="274739593" lat="50.7595093" lon="-121.8410379"/>
  <node id="274739599" lat="50.7542537" lon="-121.8439616"/>
  <node id="274739602" lat="50.7472731" lon="-121.8563995"/>
  <node id="274739606" lat="50.7475972" lon="-121.8646210"/>
  <node id="274739609" lat="50.7465500" lon="-121.8710143"/>
  <node id="274739613" lat="50.7493610" lon="-121.8865229">
    <tag k="created_by" v="JOSM"/>
  </node>
  <node id="274739619" lat="50.7561850" lon="-121.8872261"/>
  <node id="274739623" lat="50.7622422" lon="-121.8928791"/>
  <node id="274739630" lat="50.7630013" lon="-121.9028602"/>
  <node id="274739636" lat="50.7649217" lon="-121.9168809"/>
  <node id="274739641" lat="50.7631632" lon="-121.9242765"/>
  <node id="274739648" lat="50.7556067" lon="-121.9316848"/>
  <node id="274739653" lat="50.7525013" lon="-121.9307481"/>
  <node id="274739660" lat="50.7386724" lon="-121.9326767"/>
  <node id="274739663" lat="50.7164198" lon="-121.9124715"/>
  <node id="274739667" lat="50.7107162" lon="-121.9115446"/>
  <node id="274739671" lat="50.6861307" lon="-121.9300382"/>
  <node id="274739675" lat="50.6791842" lon="-121.9205321"/>
  <node id="274739678" lat="50.6747357" lon="-121.9188032"/>
  <node id="274739682" lat="50.6701267" lon="-121.9227671"/>
  <node id="274739686" lat="50.6649181" lon="-121.9195200">
    <tag k="created_by" v="JOSM"/>
  </node>
  <node id="274739689" lat="50.6596149" lon="-121.9135422"/>
  <node id="274739696" lat="50.6584874" lon="-121.9084507">
    <tag k="created_by" v="JOSM"/>
  </node>
  <node id="274739701" lat="50.6492457" lon="-121.8935441"/>
  <node id="274739707" lat="50.6477744" lon="-121.8812941"/>
  <node id="274739711" lat="50.6409559" lon="-121.8779205"/>
  <node id="274739714" lat="50.6391265" lon="-121.8724580"/>
  <node id="274739718" lat="50.6297334" lon="-121.8625847"/>
  <node id="274739722" lat="50.6272030" lon="-121.8647143"/>
  <node id="274739725" lat="50.6201311" lon="-121.8619087"/>
  <node id="274739729" lat="50.6117564" lon="-121.8537806"/>
  <node id="274739732" lat="50.5940746" lon="-121.8469897">
    <tag k="created_by" v="JOSM"/>
  </node>
  <node id="274739736" lat="50.5815720" lon="-121.8378354"/>
  <node id="274739742" lat="50.5765746" lon="-121.8257999">
    <tag k="created_by" v="JOSM"/>
  </node>
  <node id="274739747" lat="50.5743607" lon="-121.8166282">
    <tag k="created_by" v="JOSM"/>
  </node>
  <node id="274739750" lat="50.5624356" lon="-121.8048453"/>
  <node id="274739754" lat="50.5575299" lon="-121.8055801"/>
  <node id="274739757" lat="50.5550470" lon="-121.8030289"/>
  <node id="274739758" lat="50.5486959" lon="-121.8011103"/>
  <node id="274739762" lat="50.5461414" lon="-121.7965142"/>
  <node id="274739767" lat="50.5475927" lon="-121.7901387"/>
  <node id="274739770" lat="50.5390737" lon="-121.7804265"/>
  <node id="274739773" lat="50.5297673" lon="-121.7762517">
    <tag k="created_by" v="JOSM"/>
  </node>
  <node id="274739776" lat="50.5267100" lon="-121.7699263">
    <tag k="created_by" v="JOSM"/>
  </node>
  <node id="274739787" lat="50.5275534" lon="-121.7606492">
    <tag k="created_by" v="JOSM"/>
  </node>
  <node id="274739790" lat="50.5257417" lon="-121.7541020"/>
  <node id="274739793" lat="50.5151136" lon="-121.7496853">
    <tag k="created_by" v="JOSM"/>
  </node>
  <node id="274739797" lat="50.5083666" lon="-121.7376673">
    <tag k="created_by" v="JOSM"/>
  </node>
  <node id="274739798" lat="50.5078545" lon="-121.7336528"/>
  <node id="274739799" lat="50.4978329" lon="-121.7253916"/>
  <node id="274739800" lat="50.4902341" lon="-121.7275468">
    <tag k="created_by" v="JOSM"/>
  </node>
  <node id="274739803" lat="50.4786441" lon="-121.7144524"/>
  <node id="274739808" lat="50.4564988" lon="-121.7061762"/>
  <node id="274739814" lat="50.4524057" lon="-121.6999256"/>
  <node id="274739817" lat="50.4506568" lon="-121.6936213"/>
  <node id="274739821" lat="50.4388936" lon="-121.6979232">
    <tag k="created_by" v="JOSM"/>
  </node>
  <node id="274739824" lat="50.4286677" lon="-121.6887515">
    <tag k="created_by" v="JOSM"/>
  </node>
  <node id="274739826" lat="50.4209093" lon="-121.6851337"/>
  <node id="274739830" lat="50.4072671" lon="-121.6810557">
    <tag k="created_by" v="JOSM"/>
  </node>
  <node id="274739834" lat="50.3992912" lon="-121.6747633"/>
  <node id="274739840" lat="50.3926134" lon="-121.6747304">
    <tag k="created_by" v="JOSM"/>
  </node>
  <node id="274739847" lat="50.3844486" lon="-121.6776997"/>
  <node id="274739854" lat="50.3770590" lon="-121.6745127"/>
  <node id="274739861" lat="50.3703687" lon="-121.6749880"/>
  <node id="274739868" lat="50.3663634" lon="-121.6782093">
    <tag k="created_by" v="JOSM"/>
  </node>
  <node id="274739875" lat="50.3468603" lon="-121.6654533">
    <tag k="created_by" v="JOSM"/>
  </node>
  <node id="274739880" lat="50.3437383" lon="-121.6598828"/>
  <node id="274739883" lat="50.3338934" lon="-121.6578629">
    <tag k="created_by" v="JOSM"/>
  </node>
  <node id="274739886" lat="50.3148121" lon="-121.6479532">
    <tag k="created_by" v="JOSM"/>
  </node>
  <node id="274739890" lat="50.3082306" lon="-121.6421904"/>
  <node id="274739894" lat="50.3033211" lon="-121.6427876">
    <tag k="created_by" v="JOSM"/>
  </node>
  <node id="274739897" lat="50.2980965" lon="-121.6405732"/>
  <node id="274739901" lat="50.2941494" lon="-121.6409954">
    <tag k="created_by" v="JOSM"/>
  </node>
  <node id="274739904" lat="50.2918958" lon="-121.6325270"/>
  <node id="274739907" lat="50.2689876" lon="-121.6063508"/>
  <node id="274739911" lat="50.2627625" lon="-121.6054442"/>
  <node id="274739914" lat="50.2524023" lon="-121.5984050">
    <tag k="created_by" v="JOSM"/>
  </node>
  <node id="274739918" lat="50.2514297" lon="-121.5953258"/>
  <node id="274739924" lat="50.2476583" lon="-121.5925013">
    <tag k="created_by" v="JOSM"/>
  </node>
  <node id="274739930" lat="50.2398571" lon="-121.5845947">
    <tag k="created_by" v="JOSM"/>
  </node>
  <node id="274802147" lat="50.4119591" lon="-121.3649031">
    <tag k="created_by" v="JOSM"/>
  </node>
  <node id="274802155" lat="50.4085296" lon="-121.3702187">
    <tag k="created_by" v="JOSM"/>
  </node>
  <node id="274802161" lat="50.4055708" lon="-121.3762000"/>
  <node id="274802169" lat="50.4024136" lon="-121.3829946"/>
  <node id="274802177" lat="50.3980353" lon="-121.3835859">
    <tag k="created_by" v="JOSM"/>
  </node>
  <node id="274802183" lat="50.3960892" lon="-121.3856165">
    <tag k="created_by" v="JOSM"/>
  </node>
  <node id="274802190" lat="50.3908856" lon="-121.3966583">
    <tag k="created_by" v="JOSM"/>
  </node>
  <node id="274802197" lat="50.3863166" lon="-121.4000427">
    <tag k="created_by" v="JOSM"/>
  </node>
  <node id="274802201" lat="50.3833975" lon="-121.4004235">
    <tag k="created_by" v="JOSM"/>
  </node>
  <node id="274802205" lat="50.3801823" lon="-121.3995774">
    <tag k="created_by" v="JOSM"/>
  </node>
  <node id="274802210" lat="50.3776440" lon="-121.4010158">
    <tag k="created_by" v="JOSM"/>
  </node>
  <node id="274802218" lat="50.3755710" lon="-121.4002120">
    <tag k="created_by" v="JOSM"/>
  </node>
  <node id="274802226" lat="50.3733711" lon="-121.3967006">
    <tag k="created_by" v="JOSM"/>
  </node>
  <node id="274802234" lat="50.3675329" lon="-121.3944584">
    <tag k="created_by" v="JOSM"/>
  </node>
  <node id="274802242" lat="50.3618217" lon="-121.3964891">
    <tag k="created_by" v="JOSM"/>
  </node>
  <node id="274802251" lat="50.3561642" lon="-121.3953551">
    <tag k="created_by" v="JOSM"/>
  </node>
  <node id="274802260" lat="50.3515148" lon="-121.3912320">
    <tag k="created_by" v="JOSM"/>
  </node>
  <node id="274802269" lat="50.3457249" lon="-121.3907934">
    <tag k="created_by" v="JOSM"/>
  </node>
  <node id="274802277" lat="50.3407246" lon="-121.3983377">
    <tag k="created_by" v="JOSM"/>
  </node>
  <node id="274802285" lat="50.3318840" lon="-121.3998120"/>
  <node id="274802294" lat="50.3285309" lon="-121.3978114">
    <tag k="created_by" v="JOSM"/>
  </node>
  <node id="274802303" lat="50.3239344" lon="-121.3932974"/>
  <node id="274802312" lat="50.3206356" lon="-121.3923724">
    <tag k="created_by" v="JOSM"/>
  </node>
  <node id="274802319" lat="50.3173021" lon="-121.3947410">
    <tag k="created_by" v="JOSM"/>
  </node>
  <node id="274802326" lat="50.3141440" lon="-121.3978114">
    <tag k="created_by" v="JOSM"/>
  </node>
  <node id="274802335" lat="50.3108104" lon="-121.3981623">
    <tag k="created_by" v="JOSM"/>
  </node>
  <node id="274802343" lat="50.3066982" lon="-121.3954939"/>
  <node id="274802349" lat="50.2944936" lon="-121.3953551">
    <tag k="created_by" v="JOSM"/>
  </node>
  <node id="274802358" lat="50.2891424" lon="-121.4029871">
    <tag k="created_by" v="JOSM"/>
  </node>
  <node id="274802366" lat="50.2867738" lon="-121.4040398">
    <tag k="created_by" v="JOSM"/>
  </node>
  <node id="274802374" lat="50.2843217" lon="-121.4048219">
    <tag k="created_by" v="JOSM"/>
  </node>
  <node id="274802382" lat="50.2808363" lon="-121.4077324">
    <tag k="created_by" v="JOSM"/>
  </node>
  <node id="274802391" lat="50.2785726" lon="-121.4078402">
    <tag k="created_by" v="JOSM"/>
  </node>
  <node id="274802399" lat="50.2751231" lon="-121.4049297">
    <tag k="created_by" v="JOSM"/>
  </node>
  <node id="274802408" lat="50.2724282" lon="-121.4026301">
    <tag k="created_by" v="JOSM"/>
  </node>
  <node id="274802416" lat="50.2692302" lon="-121.4023067">
    <tag k="created_by" v="JOSM"/>
  </node>
  <node id="274802423" lat="50.2673258" lon="-121.4036002">
    <tag k="created_by" v="JOSM"/>
  </node>
  <node id="274802432" lat="50.2653953" lon="-121.4047250"/>
  <node id="274802445" lat="50.2638816" lon="-121.4074533">
    <tag k="created_by" v="JOSM"/>
  </node>
  <node id="274802450" lat="50.2636607" lon="-121.4150626">
    <tag k="created_by" v="JOSM"/>
  </node>
  <node id="274802458" lat="50.2619360" lon="-121.4208836">
    <tag k="created_by" v="JOSM"/>
  </node>
  <node id="274802468" lat="50.2608852" lon="-121.4243775">
    <tag k="created_by" v="JOSM"/>
  </node>
  <node id="274802476" lat="50.2597654" lon="-121.4302005">
    <tag k="created_by" v="JOSM"/>
  </node>
  <node id="274802486" lat="50.2592779" lon="-121.4326404">
    <tag k="created_by" v="JOSM"/>
  </node>
  <node id="274802495" lat="50.2567535" lon="-121.4376892">
    <tag k="created_by" v="JOSM"/>
  </node>
  <node id="274802503" lat="50.2562150" lon="-121.4420985">
    <tag k="created_by" v="JOSM"/>
  </node>
  <node id="274802512" lat="50.2560467" lon="-121.4469117">
    <tag k="created_by" v="JOSM"/>
  </node>
  <node id="274802524" lat="50.2567872" lon="-121.4511863">
    <tag k="created_by" v="JOSM"/>
  </node>
  <node id="274802536" lat="50.2589175" lon="-121.4580582"/>
  <node id="274802545" lat="50.2590090" lon="-121.4611852"/>
  <node id="274802554" lat="50.2594125" lon="-121.4646834">
    <tag k="created_by" v="JOSM"/>
  </node>
  <node id="274802558" lat="50.2585482" lon="-121.4732878">
    <tag k="created_by" v="JOSM"/>
  </node>
  <node id="274802563" lat="50.2572880" lon="-121.4761475">
    <tag k="created_by" v="JOSM"/>
  </node>
  <node id="274802568" lat="50.2556885" lon="-121.4771168">
    <tag k="created_by" v="JOSM"/>
  </node>
  <node id="274802574" lat="50.2523039" lon="-121.4779782"/>
  <node id="274802578" lat="50.2512036" lon="-121.4795929"/>
  <node id="274802582" lat="50.2501587" lon="-121.4827805"/>
  <node id="274802585" lat="50.2494361" lon="-121.4902517">
    <tag k="created_by" v="JOSM"/>
  </node>
  <node id="274802589" lat="50.2507448" lon="-121.4951470">
    <tag k="created_by" v="JOSM"/>
  </node>
  <node id="274802592" lat="50.2529743" lon="-121.5013994">
    <tag k="created_by" v="JOSM"/>
  </node>
  <node id="274802596" lat="50.2571426" lon="-121.5083304">
    <tag k="created_by" v="JOSM"/>
  </node>
  <node id="274802600" lat="50.2577242" lon="-121.5108992">
    <tag k="created_by" v="JOSM"/>
  </node>
  <node id="274802605" lat="50.2567408" lon="-121.5141623"/>
  <node id="274802609" lat="50.2574819" lon="-121.5164731">
    <tag k="created_by" v="JOSM"/>
  </node>
  <node id="274802613" lat="50.2630073" lon="-121.5246642">
    <tag k="created_by" v="JOSM"/>
  </node>
  <node id="274802616" lat="50.2635889" lon="-121.5281539">
    <tag k="created_by" v="JOSM"/>
  </node>
  <node id="274802619" lat="50.2628134" lon="-121.5311105">
    <tag k="created_by" v="JOSM"/>
  </node>
  <node id="274802623" lat="50.2625226" lon="-121.5326615">
    <tag k="created_by" v="JOSM"/>
  </node>
  <node id="274802624" lat="50.2638312" lon="-121.5354727">
    <tag k="created_by" v="JOSM"/>
  </node>
  <node id="274802625" lat="50.2642674" lon="-121.5403680">
    <tag k="created_by" v="JOSM"/>
  </node>
  <node id="274802626" lat="50.2630073" lon="-121.5435184">
    <tag k="created_by" v="JOSM"/>
  </node>
  <node id="274802632" lat="50.2606323" lon="-121.5445847">
    <tag k="created_by" v="JOSM"/>
  </node>
  <node id="274802637" lat="50.2589036" lon="-121.5456128"/>
  <node id="274802641" lat="50.2524412" lon="-121.5522912">
    <tag k="created_by" v="JOSM"/>
  </node>
  <node id="274802644" lat="50.2520050" lon="-121.5548115">
    <tag k="created_by" v="JOSM"/>
  </node>
  <node id="274802648" lat="50.2526350" lon="-121.5594645">
    <tag k="created_by" v="JOSM"/>
  </node>
  <node id="274802652" lat="50.2519565" lon="-121.5636327">
    <tag k="created_by" v="JOSM"/>
  </node>
  <node id="274802654" lat="50.2506478" lon="-121.5676071">
    <tag k="created_by" v="JOSM"/>
  </node>
  <node id="274802657" lat="50.2480944" lon="-121.5719425"/>
  <node id="274802660" lat="50.2465280" lon="-121.5743927">
    <tag k="created_by" v="JOSM"/>
  </node>
  <node id="274802665" lat="50.2427317" lon="-121.5759572"/>
  <node id="274802669" lat="50.2400255" lon="-121.5771502"/>
  <node id="274802671" lat="50.2379031" lon="-121.5791951"/>
  <node id="274802675" lat="50.2358119" lon="-121.5822013"/>
  <node id="336493735" lat="50.6827517" lon="-121.9269266"/>
  <node id="336493742" lat="50.6834405" lon="-121.9282730"/>
  <node id="336493747" lat="50.6929363" lon="-121.9265743"/>
  <node id="336493751" lat="50.7024884" lon="-121.9188753"/>
  <node id="336493758" lat="50.7059506" lon="-121.9147481"/>
  <node id="336493765" lat="50.7084900" lon="-121.9138909"/>
  <node id="339373582" lat="50.2495138" lon="-121.5567217"/>
  <node id="339373584" lat="50.2491790" lon="-121.5633194"/>
  <node id="339373586" lat="50.2473833" lon="-121.5681469"/>
  <node id="339373587" lat="50.2433349" lon="-121.5723098"/>
  <node id="339373588" lat="50.2413544" lon="-121.5731608"/>
  <node id="339373589" lat="50.2389128" lon="-121.5755769"/>
  <node id="339373590" lat="50.2387761" lon="-121.5760006">
    <tag k="railway" v="level_crossing"/>
  </node>
  <node id="339373591" lat="50.2385973" lon="-121.5763653"/>
  <node id="339373592" lat="50.2376894" lon="-121.5768945"/>
  <node id="339373593" lat="50.2363919" lon="-121.5781433"/>
  <node id="339373594" lat="50.2355520" lon="-121.5789242"/>
  <node id="339373596" lat="50.2351870" lon="-121.5794591"/>
  <node id="339373597" lat="50.2348363" lon="-121.5801652"/>
  <node id="339373598" lat="50.2312206" lon="-121.5812869"/>
  <node id="339373600" lat="50.2280820" lon="-121.5815943"/>
  <node id="339373601" lat="50.2272157" lon="-121.5809235"/>
  <node id="339373602" lat="50.2267104" lon="-121.5796012"/>
  <node id="339373603" lat="50.2261611" lon="-121.5792414"/>
  <node id="339373604" lat="50.2258711" lon="-121.5792655"/>
  <node id="339373605" lat="50.2252847" lon="-121.5796031"/>
  <node id="339373607" lat="50.2242988" lon="-121.5793124"/>
  <node id="339373608" lat="50.2241156" lon="-121.5789600"/>
  <node id="339373609" lat="50.2238096" lon="-121.5779625"/>
  <node id="339373610" lat="50.2236372" lon="-121.5770590"/>
  <node id="339373612" lat="50.2187193" lon="-121.5745039"/>
  <node id="339373613" lat="50.2175574" lon="-121.5746045"/>
  <node id="339373614" lat="50.2160552" lon="-121.5750414"/>
  <node id="339373615" lat="50.2073521" lon="-121.5744947"/>
  <node id="339373618" lat="50.2054813" lon="-121.5742502"/>
  <node id="339373619" lat="50.2039670" lon="-121.5736627"/>
  <node id="339373621" lat="50.2022287" lon="-121.5735931"/>
  <node id="339373622" lat="50.1900895" lon="-121.5729435"/>
  <node id="339373627" lat="50.1882668" lon="-121.5733822"/>
  <node id="339373629" lat="50.1825039" lon="-121.5721414"/>
  <node id="520970413" lat="50.2281929" lon="-121.5819658"/>
  <node id="520970422" lat="50.2285187" lon="-121.5775225"/>
  <node id="520970424" lat="50.2310365" lon="-121.5786899"/>
  <node id="520970432" lat="50.2432677" lon="-121.5832387"/>
  <node id="520970436" lat="50.2283142" lon="-121.5818478"/>
  <node id="520970445" lat="50.2484095" lon="-121.5996625"/>
  <node id="520970479" lat="50.2447556" lon="-121.5701583"/>
  <node id="520970496" lat="50.2104370" lon="-121.5753323"/>
  <node id="520970507" lat="50.2255131" lon="-121.5771289"/>
  <node id="520970534" lat="50.2343040" lon="-121.5813267"/>
  <node id="520970539" lat="50.2287084" lon="-121.5830421"/>
  <node id="520970547" lat="50.2222967" lon="-121.5882632"/>
  <node id="520970552" lat="50.2281699" lon="-121.5824134"/>
  <node id="520970557" lat="50.2474822" lon="-121.5756950"/>
  <node id="520970567" lat="50.2366087" lon="-121.5934655"/>
  <node id="520970570" lat="50.1960057" lon="-121.5730935"/>
  <node id="520970572" lat="50.2272723" lon="-121.5819250"/>
  <node id="520970598" lat="50.2447835" lon="-121.5850303"/>
  <node id="520970602" lat="50.2341738" lon="-121.5813604"/>
  <node id="520970604" lat="50.2318954" lon="-121.5800102"/>
  <node id="520970615" lat="50.2300509" lon="-121.5792527"/>
  <node id="520970618" lat="50.2312464" lon="-121.5836094"/>
  <node id="520970622" lat="50.2238700" lon="-121.5777204"/>
  <node id="520970629" lat="50.2242187" lon="-121.5778619"/>
  <node id="520970657" lat="50.2529264" lon="-121.5686374"/>
  <node id="520970664" lat="50.2189836" lon="-121.5881250"/>
  <node id="520970671" lat="50.2282118" lon="-121.5819089"/>
  <node id="520970673" lat="50.2204615" lon="-121.5873682"/>
  <node id="520970686" lat="50.2251371" lon="-121.5756150"/>
  <node id="520970689" lat="50.2738135" lon="-121.5619368"/>
  <node id="520970693" lat="50.2823754" lon="-121.5657268"/>
  <node id="520970706" lat="50.2466214" lon="-121.5875983"/>
  <node id="520970712" lat="50.2291404" lon="-121.5818899"/>
  <node id="520970731" lat="50.2244989" lon="-121.5782672"/>
  <node id="520970735" lat="50.2240124" lon="-121.5773203"/>
  <node id="520970737" lat="50.2222919" lon="-121.5877609"/>
  <node id="520970738" lat="50.2371769" lon="-121.5817646"/>
  <node id="520970748" lat="50.2537823" lon="-121.5664064"/>
  <node id="520970758" lat="50.2275360" lon="-121.5772714"/>
  <node id="520970768" lat="50.2339972" lon="-121.5785481"/>
  <node id="520970776" lat="50.2200666" lon="-121.5867235"/>
  <node id="520970785" lat="50.2331045" lon="-121.5820958"/>
  <node id="520970788" lat="50.2283718" lon="-121.5824336"/>
  <node id="520970791" lat="50.2156490" lon="-121.5872953"/>
  <node id="520970792" lat="50.2205603" lon="-121.5882805"/>
  <node id="520970812" lat="50.2217616" lon="-121.5866550"/>
  <node id="520970814" lat="50.2161354" lon="-121.5868267"/>
  <node id="520970825" lat="50.2264359" lon="-121.5793582"/>
  <node id="520970830" lat="50.2326733" lon="-121.5808949"/>
  <node id="520970836" lat="50.2351124" lon="-121.5967435"/>
  <node id="520970838" lat="50.2242871" lon="-121.5741799"/>
  <node id="520970879" lat="50.2303963" lon="-121.5832971"/>
  <node id="520970889" lat="50.2214355" lon="-121.5876688"/>
  <node id="520970893" lat="50.2323561" lon="-121.5830552"/>
  <node id="520970904" lat="50.2469696" lon="-121.5886837"/>
  <node id="520970924" lat="50.2131519" lon="-121.5860837"/>
  <node id="520970928" lat="50.2465273" lon="-121.5873049"/>
  <node id="520970930" lat="50.2338781" lon="-121.5806899"/>
  <node id="520970932" lat="50.2162973" lon="-121.5867085"/>
  <node id="520970939" lat="50.2860726" lon="-121.5642747"/>
  <node id="520970941" lat="50.2552639" lon="-121.5636122"/>
  <node id="520970944" lat="50.2341205" lon="-121.5783216"/>
  <node id="520970950" lat="50.2218439" lon="-121.5882412"/>
  <node id="520970955" lat="50.2414148" lon="-121.5947529"/>
  <node id="520970969" lat="50.2227166" lon="-121.5879092"/>
  <node id="520970975" lat="50.2282920" lon="-121.5824256"/>
  <node id="520970979" lat="50.2334167" lon="-121.5813195"/>
  <node id="520970988" lat="50.2298760" lon="-121.5900645"/>
  <node id="520970992" lat="50.2320530" lon="-121.5899291"/>
  <node id="520971000" lat="50.2564062" lon="-121.5617928"/>
  <node id="520971012" lat="50.2454344" lon="-121.5771937"/>
  <node id="520971020" lat="50.2298990" lon="-121.5900642"/>
  <node id="520971024" lat="50.2868598" lon="-121.5640457"/>
  <node id="520971037" lat="50.2199976" lon="-121.5868215"/>
  <node id="520971040" lat="50.2242944" lon="-121.5769689"/>
  <node id="520971044" lat="50.2340321" lon="-121.5812830"/>
  <node id="520971050" lat="50.2175830" lon="-121.5868810"/>
  <node id="520971052" lat="50.2294355" lon="-121.5900714"/>
  <node id="520971056" lat="50.2265557" lon="-121.5725779"/>
  <node id="520971060" lat="50.2202050" lon="-121.5872513"/>
  <node id="520971063" lat="50.2318779" lon="-121.5799655"/>
  <node id="520971073" lat="50.2345884" lon="-121.5973338"/>
  <node id="520971087" lat="50.2333932" lon="-121.5807111"/>
  <node id="520971096" lat="50.2247467" lon="-121.5773287"/>
  <node id="520971113" lat="50.2282164" lon="-121.5818892"/>
  <node id="520971120" lat="50.2291033" lon="-121.5813413"/>
  <node id="520971122" lat="50.2422381" lon="-121.5819032"/>
  <node id="520971131" lat="50.2502562" lon="-121.5854128"/>
  <node id="520971135" lat="50.2468108" lon="-121.5679021"/>
  <node id="520971153" lat="50.2306726" lon="-121.5825894"/>
  <node id="520971157" lat="50.2178787" lon="-121.5871822"/>
  <node id="520971183" lat="50.2456446" lon="-121.5860181"/>
  <node id="520971185" lat="50.2339388" lon="-121.5810898"/>
  <node id="520971200" lat="50.2151282" lon="-121.5864572"/>
  <node id="520971201" lat="50.2234402" lon="-121.5769329"/>
  <node id="520971215" lat="50.2261461" lon="-121.5720623"/>
  <node id="520971228" lat="50.2237218" lon="-121.5770565"/>
  <node id="520971238" lat="50.2364032" lon="-121.5940923"/>
  <node id="520971249" lat="50.2284933" lon="-121.5797859"/>
  <node id="520971251" lat="50.2540305" lon="-121.5652339"/>
  <node id="520971254" lat="50.2359581" lon="-121.5951470"/>
  <node id="520971256" lat="50.2495590" lon="-121.5883347"/>
  <node id="520971258" lat="50.2472630" lon="-121.5673696"/>
  <node id="520971260" lat="50.2324959" lon="-121.5797896"/>
  <node id="520971268" lat="50.2254437" lon="-121.5887810"/>
  <node id="520971271" lat="50.2202798" lon="-121.5746871"/>
  <node id="520971273" lat="50.2275815" lon="-121.5800901"/>
  <node id="520971275" lat="50.2492747" lon="-121.5992313"/>
  <node id="520971280" lat="50.2243457" lon="-121.5778846"/>
  <node id="520971285" lat="50.2252236" lon="-121.5765397"/>
  <node id="520971292" lat="50.1878771" lon="-121.5733842"/>
  <node id="520971303" lat="50.2260090" lon="-121.5828726"/>
  <node id="520971311" lat="50.2252307" lon="-121.5759324"/>
  <node id="520971317" lat="50.2405274" lon="-121.5804501"/>
  <node id="520971321" lat="50.2158024" lon="-121.5871919"/>
  <node id="520971332" lat="50.2439204" lon="-121.5837750"/>
  <node id="520971339" lat="50.2309722" lon="-121.5786915"/>
  <node id="520971342" lat="50.2469504" lon="-121.5927569">
    <tag k="amenity" v="ferry_terminal"/>
    <tag k="ferry" v="yes"/>
    <tag k="public_transport" v="stop_position"/>
  </node>
  <node id="520971344" lat="50.2300002" lon="-121.5833871"/>
  <node id="520971346" lat="50.2284291" lon="-121.5770860"/>
  <node id="520971348" lat="50.2466653" lon="-121.5691346"/>
  <node id="520971361" lat="50.2240163" lon="-121.5767048"/>
  <node id="520971375" lat="50.2253411" lon="-121.5782286"/>
  <node id="520971383" lat="50.2304294" lon="-121.5832916"/>
  <node id="520971384" lat="50.2312965" lon="-121.5818490"/>
  <node id="520971395" lat="50.2250400" lon="-121.5736415"/>
  <node id="520971397" lat="50.2282154" lon="-121.5768091"/>
  <node id="520971409" lat="50.2231223" lon="-121.5874933"/>
  <node id="520971410" lat="50.2255383" lon="-121.5776447"/>
  <node id="520971412" lat="50.2274445" lon="-121.5753492"/>
  <node id="520971415" lat="50.2311727" lon="-121.5807420"/>
  <node id="520971422" lat="50.2237004" lon="-121.5766363"/>
  <node id="520971429" lat="50.2206130" lon="-121.5883062"/>
  <node id="520971430" lat="50.2456947" lon="-121.5770826"/>
  <node id="520971431" lat="50.2342038" lon="-121.5780635"/>
  <node id="520971476" lat="50.2405144" lon="-121.5935381"/>
  <node id="520971478" lat="50.2322495" lon="-121.5830983"/>
  <node id="520971497" lat="50.2237418" lon="-121.5765968"/>
  <node id="520971500" lat="50.2291486" lon="-121.5817197"/>
  <node id="520971502" lat="50.2203066" lon="-121.5868026"/>
  <node id="520971503" lat="50.2259788" lon="-121.5720256"/>
  <node id="520971504" lat="50.2330203" lon="-121.5820375"/>
  <node id="520971507" lat="50.2440830" lon="-121.5703190"/>
  <node id="520971508" lat="50.2290456" lon="-121.5810345"/>
  <node id="520971525" lat="50.2529784" lon="-121.5679156"/>
  <node id="520971527" lat="50.2185267" lon="-121.5880740"/>
  <node id="520971529" lat="50.2334503" lon="-121.5810470"/>
  <node id="520971537" lat="50.2291165" lon="-121.5814292"/>
  <node id="520971561" lat="50.2328068" lon="-121.5820504"/>
  <node id="520971566" lat="50.2519104" lon="-121.5882123"/>
  <node id="520971574" lat="50.2125003" lon="-121.5873383"/>
  <node id="520971585" lat="50.2240756" lon="-121.5784700"/>
  <node id="520971586" lat="50.2261209" lon="-121.5887042"/>
  <node id="520971587" lat="50.2211082" lon="-121.5883564"/>
  <node id="520971590" lat="50.2152170" lon="-121.5866058"/>
  <node id="520971592" lat="50.2265217" lon="-121.5887495"/>
  <node id="520971596" lat="50.2333341" lon="-121.5801317"/>
  <node id="520971600" lat="50.2652642" lon="-121.5594354"/>
  <node id="520971607" lat="50.2432142" lon="-121.5959759"/>
  <node id="520971608" lat="50.2462320" lon="-121.5938391"/>
  <node id="520971610" lat="50.2271055" lon="-121.5752938"/>
  <node id="520971623" lat="50.2257111" lon="-121.5888157"/>
  <node id="520971640" lat="50.2723063" lon="-121.5614055"/>
  <node id="520971648" lat="50.2481172" lon="-121.5820985"/>
  <node id="520971678" lat="50.2244746" lon="-121.5886552"/>
  <node id="520971699" lat="50.2312238" lon="-121.5810572"/>
  <node id="520971700" lat="50.2276748" lon="-121.5771385"/>
  <node id="520971712" lat="50.2358166" lon="-121.5957747"/>
  <node id="520971713" lat="50.2352303" lon="-121.5807769"/>
  <node id="520971718" lat="50.2851865" lon="-121.5641759"/>
  <node id="520971744" lat="50.2536843" lon="-121.5668289"/>
  <node id="520971746" lat="50.2299483" lon="-121.5827904"/>
  <node id="520971774" lat="50.2412705" lon="-121.5796194"/>
  <node id="520971776" lat="50.2528894" lon="-121.5687491"/>
  <node id="520971787" lat="50.2265585" lon="-121.5725916"/>
  <node id="520971791" lat="50.2210456" lon="-121.5876042"/>
  <node id="520971793" lat="50.2478606" lon="-121.5907682"/>
  <node id="520971810" lat="50.2758998" lon="-121.5615524"/>
  <node id="520971811" lat="50.2449562" lon="-121.5700227"/>
  <node id="520971820" lat="50.2307792" lon="-121.5903451"/>
  <node id="520971828" lat="50.2256355" lon="-121.5776423"/>
  <node id="520971834" lat="50.2254296" lon="-121.5744855"/>
  <node id="520971838" lat="50.2235948" lon="-121.5743448"/>
  <node id="520971856" lat="50.2153297" lon="-121.5871489"/>
  <node id="520971870" lat="50.2409143" lon="-121.5801033"/>
  <node id="520971871" lat="50.2282835" lon="-121.5765314"/>
  <node id="520971882" lat="50.2241456" lon="-121.5779463"/>
  <node id="520971899" lat="50.2323408" lon="-121.5900317"/>
  <node id="520971917" lat="50.2279850" lon="-121.5758020"/>
  <node id="520971918" lat="50.2445840" lon="-121.5847613"/>
  <node id="520971923" lat="50.2488248" lon="-121.5818005"/>
  <node id="520971931" lat="50.2155112" lon="-121.5873185"/>
  <node id="520971951" lat="50.2280738" lon="-121.5767583"/>
  <node id="520971955" lat="50.2455557" lon="-121.5963427"/>
  <node id="520971957" lat="50.2369904" lon="-121.5816414"/>
  <node id="520971967" lat="50.2338641" lon="-121.5805784"/>
  <node id="520971980" lat="50.2330879" lon="-121.5822178"/>
  <node id="520971983" lat="50.1861076" lon="-121.5730755"/>
  <node id="520971989" lat="50.2298676" lon="-121.5834127"/>
  <node id="520971993" lat="50.2347463" lon="-121.5972272"/>
  <node id="520972004" lat="50.2436522" lon="-121.5699603"/>
  <node id="520972014" lat="50.2470325" lon="-121.5676430"/>
  <node id="520972023" lat="50.2183873" lon="-121.5877407"/>
  <node id="520972029" lat="50.2638034" lon="-121.5599933"/>
  <node id="520972044" lat="50.2286496" lon="-121.5901225"/>
  <node id="520972058" lat="50.2356670" lon="-121.5927732"/>
  <node id="520972084" lat="50.2211031" lon="-121.5863908"/>
  <node id="520972085" lat="50.2463719" lon="-121.5682668"/>
  <node id="520972088" lat="50.2407352" lon="-121.5802430"/>
  <node id="520972110" lat="50.2268626" lon="-121.5890337"/>
  <node id="520972111" lat="50.2467076" lon="-121.5931834"/>
  <node id="520972117" lat="50.2801098" lon="-121.5637551"/>
  <node id="520972128" lat="50.2208965" lon="-121.5884444"/>
  <node id="520972132" lat="50.2440079" lon="-121.5776420"/>
  <node id="520972135" lat="50.2351049" lon="-121.5917996"/>
  <node id="520972150" lat="50.2312154" lon="-121.5806142"/>
  <node id="520972152" lat="50.2224087" lon="-121.5882032"/>
  <node id="520972154" lat="50.2298193" lon="-121.5816200"/>
  <node id="520972162" lat="50.2472465" lon="-121.5892698"/>
  <node id="520972171" lat="50.2343672" lon="-121.5911184"/>
  <node id="520972173" lat="50.2468729" lon="-121.5678301"/>
  <node id="520972183" lat="50.2291696" lon="-121.5901594"/>
  <node id="520972245" lat="50.2241097" lon="-121.5742464"/>
  <node id="520972283" lat="50.2429147" lon="-121.5826086"/>
  <node id="520972288" lat="50.2251790" lon="-121.5766389"/>
  <node id="520972293" lat="50.2373392" lon="-121.5818223"/>
  <node id="520972319" lat="50.2472894" lon="-121.5987849"/>
  <node id="520972327" lat="50.2513775" lon="-121.5871725"/>
  <node id="520972335" lat="50.2825645" lon="-121.5657955"/>
  <node id="520972339" lat="50.2493819" lon="-121.5968841"/>
  <node id="520972346" lat="50.2311260" lon="-121.5804871"/>
  <node id="520972348" lat="50.2280926" lon="-121.5895938"/>
  <node id="520972349" lat="50.2133781" lon="-121.5861108"/>
  <node id="520972350" lat="50.2384264" lon="-121.5942216"/>
  <node id="520972353" lat="50.2481661" lon="-121.5833190"/>
  <node id="520972354" lat="50.2305173" lon="-121.5814645"/>
  <node id="520972362" lat="50.2268820" lon="-121.5790389"/>
  <node id="520972365" lat="50.2486081" lon="-121.5820113"/>
  <node id="520972369" lat="50.2463601" lon="-121.5950631"/>
  <node id="520972385" lat="50.2498799" lon="-121.5850785"/>
  <node id="520972389" lat="50.2471749" lon="-121.5675265"/>
  <node id="520972393" lat="50.2250946" lon="-121.5753627">
    <tag k="highway" v="turning_circle"/>
  </node>
  <node id="520972395" lat="50.2608825" lon="-121.5617698"/>
  <node id="520972399" lat="50.2246675" lon="-121.5744779"/>
  <node id="520972405" lat="50.2263305" lon="-121.5886993"/>
  <node id="520972406" lat="50.2335767" lon="-121.5790467"/>
  <node id="520972407" lat="50.2222634" lon="-121.5877546"/>
  <node id="520972408" lat="50.2365427" lon="-121.5930996"/>
  <node id="520972420" lat="50.2298865" lon="-121.5822006"/>
  <node id="520972429" lat="50.2488923" lon="-121.5735778"/>
  <node id="520972452" lat="50.2202690" lon="-121.5749218"/>
  <node id="520972454" lat="50.2317417" lon="-121.5899804"/>
  <node id="520972457" lat="50.2659479" lon="-121.5596164"/>
  <node id="520972464" lat="50.2319152" lon="-121.5804891"/>
  <node id="520972472" lat="50.2195963" lon="-121.5882480"/>
  <node id="520972476" lat="50.2283471" lon="-121.5784311"/>
  <node id="520972482" lat="50.2438764" lon="-121.5702161"/>
  <node id="520972512" lat="50.2149956" lon="-121.5863606"/>
  <node id="520972536" lat="50.2209889" lon="-121.5884354"/>
  <node id="520972563" lat="50.2787080" lon="-121.5631586"/>
  <node id="520972569" lat="50.2305931" lon="-121.5820244"/>
  <node id="520972584" lat="50.2332484" lon="-121.5792895"/>
  <node id="520972590" lat="50.2274394" lon="-121.5800267"/>
  <node id="520972601" lat="50.2474205" lon="-121.5811618"/>
  <node id="520972611" lat="50.2272037" lon="-121.5752954"/>
  <node id="520972621" lat="50.2493924" lon="-121.5728010"/>
  <node id="520972624" lat="50.2010437" lon="-121.5735925"/>
  <node id="520972626" lat="50.2422832" lon="-121.5821306"/>
  <node id="520972634" lat="50.2328891" lon="-121.5900064"/>
  <node id="520972640" lat="50.2501011" lon="-121.5853619"/>
  <node id="520972654" lat="50.2481659" lon="-121.5995386"/>
  <node id="520972662" lat="50.2265482" lon="-121.5822835"/>
  <node id="520972665" lat="50.2255266" lon="-121.5727513"/>
  <node id="520972678" lat="50.2388673" lon="-121.5927710"/>
  <node id="520972684" lat="50.2277842" lon="-121.5756493"/>
  <node id="520972689" lat="50.2276578" lon="-121.5893496"/>
  <node id="520972703" lat="50.2469634" lon="-121.5955806"/>
  <node id="520972705" lat="50.2349534" lon="-121.5808363"/>
  <node id="520972721" lat="50.2200394" lon="-121.5870997"/>
  <node id="520972728" lat="50.2265587" lon="-121.5729104"/>
  <node id="520972730" lat="50.2238626" lon="-121.5769529"/>
  <node id="520972737" lat="50.2536211" lon="-121.5671009"/>
  <node id="520972741" lat="50.2238110" lon="-121.5743205"/>
  <node id="520972749" lat="50.2320133" lon="-121.5816705"/>
  <node id="520972754" lat="50.2337164" lon="-121.5789386"/>
  <node id="520972757" lat="50.2475712" lon="-121.5899572"/>
  <node id="520972766" lat="50.2244342" lon="-121.5780024"/>
  <node id="520972769" lat="50.2496029" lon="-121.5970734"/>
  <node id="520972781" lat="50.2458314" lon="-121.5942041"/>
  <node id="520972786" lat="50.2228945" lon="-121.5878526"/>
  <node id="520972796" lat="50.2471693" lon="-121.5810486"/>
  <node id="520972797" lat="50.2264840" lon="-121.5722469"/>
  <node id="520972809" lat="50.2519981" lon="-121.5698974"/>
  <node id="520972818" lat="50.2338878" lon="-121.5815804"/>
  <node id="520972827" lat="50.2230518" lon="-121.5768985"/>
  <node id="520972833" lat="50.2208220" lon="-121.5863803"/>
  <node id="520972838" lat="50.2452129" lon="-121.5697998"/>
  <node id="520972840" lat="50.2128891" lon="-121.5859140"/>
  <node id="520972841" lat="50.2241788" lon="-121.5882163"/>
  <node id="520972843" lat="50.2378063" lon="-121.5817822"/>
  <node id="520972849" lat="50.2226900" lon="-121.5874694"/>
  <node id="520972851" lat="50.2305692" lon="-121.5903852"/>
  <node id="520972855" lat="50.2252403" lon="-121.5784533"/>
  <node id="520972860" lat="50.2313682" lon="-121.5824139"/>
  <node id="520972869" lat="50.2120283" lon="-121.5751599"/>
  <node id="520972870" lat="50.2507549" lon="-121.5864673"/>
  <node id="520972873" lat="50.2287531" lon="-121.5824717"/>
  <node id="520972877" lat="50.2237899" lon="-121.5878820"/>
  <node id="520972881" lat="50.2342834" lon="-121.5813320"/>
  <node id="520972883" lat="50.2257718" lon="-121.5722087"/>
  <node id="520972897" lat="50.2245986" lon="-121.5772762"/>
  <node id="520972905" lat="50.2265833" lon="-121.5790006"/>
  <node id="520972909" lat="50.2543392" lon="-121.5643998"/>
  <node id="520972913" lat="50.2292024" lon="-121.5823711"/>
  <node id="520972916" lat="50.2030842" lon="-121.5735003"/>
  <node id="520972917" lat="50.2362113" lon="-121.5944819"/>
  <node id="520972919" lat="50.2361329" lon="-121.5930005"/>
  <node id="520972933" lat="50.2284930" lon="-121.5768831"/>
  <node id="520972954" lat="50.2126006" lon="-121.5856291"/>
  <node id="520972956" lat="50.2481493" lon="-121.5961256"/>
  <node id="520972959" lat="50.2354042" lon="-121.5965635"/>
  <node id="520972961" lat="50.2285381" lon="-121.5818279"/>
  <node id="520972967" lat="50.2204578" lon="-121.5744457"/>
  <node id="520972968" lat="50.2334666" lon="-121.5818495"/>
  <node id="520972999" lat="50.2219260" lon="-121.5876168"/>
  <node id="520973006" lat="50.2333330" lon="-121.5820408"/>
  <node id="520973007" lat="50.2384172" lon="-121.5931126"/>
  <node id="520973013" lat="50.2258729" lon="-121.5778129"/>
  <node id="520973043" lat="50.2497770" lon="-121.5973755"/>
  <node id="520973044" lat="50.2283105" lon="-121.5786187"/>
  <node id="520973059" lat="50.2450065" lon="-121.5843855"/>
  <node id="520973092" lat="50.2228370" lon="-121.5874298"/>
  <node id="520973113" lat="50.1894427" lon="-121.5730350"/>
  <node id="520973129" lat="50.2284945" lon="-121.5772552"/>
  <node id="520973146" lat="50.2184534" lon="-121.5878987"/>
  <node id="520973149" lat="50.2217573" lon="-121.5876094"/>
  <node id="520973162" lat="50.2307855" lon="-121.5786961"/>
  <node id="520973167" lat="50.2470752" lon="-121.5984965"/>
  <node id="520973173" lat="50.2311281" lon="-121.5810813"/>
  <node id="520973174" lat="50.2243495" lon="-121.5885887"/>
  <node id="520973178" lat="50.2169925" lon="-121.5866857"/>
  <node id="520973184" lat="50.2230232" lon="-121.5764787"/>
  <node id="520973188" lat="50.2423561" lon="-121.5791230"/>
  <node id="520973194" lat="50.2245422" lon="-121.5744766"/>
  <node id="520973202" lat="50.2185963" lon="-121.5881248"/>
  <node id="520973220" lat="50.2142096" lon="-121.5858937"/>
  <node id="520973231" lat="50.2680688" lon="-121.5596894"/>
  <node id="520973235" lat="50.2241212" lon="-121.5767254"/>
  <node id="520973245" lat="50.2311363" lon="-121.5804011">
    <tag k="highway" v="turning_circle"/>
  </node>
  <node id="520973249" lat="50.2523632" lon="-121.5693249"/>
  <node id="520973253" lat="50.2486998" lon="-121.5837167"/>
  <node id="520973257" lat="50.2328904" lon="-121.5820322"/>
  <node id="520973260" lat="50.2254807" lon="-121.5777135"/>
  <node id="520973262" lat="50.2382824" lon="-121.5937720"/>
  <node id="520973264" lat="50.2463864" lon="-121.5684930"/>
  <node id="520973267" lat="50.2269954" lon="-121.5747048"/>
  <node id="520973275" lat="50.2165359" lon="-121.5866403"/>
  <node id="520973277" lat="50.2515683" lon="-121.5701804"/>
  <node id="520973282" lat="50.2441794" lon="-121.5840800"/>
  <node id="520973284" lat="50.2221602" lon="-121.5877316"/>
  <node id="520973285" lat="50.2220390" lon="-121.5867295"/>
  <node id="520973289" lat="50.2358262" lon="-121.5929263"/>
  <node id="520973295" lat="50.2470690" lon="-121.5812424"/>
  <node id="520973300" lat="50.2233248" lon="-121.5879160"/>
  <node id="520973304" lat="50.2266932" lon="-121.5820798"/>
  <node id="520973310" lat="50.2442916" lon="-121.5703313"/>
  <node id="520973317" lat="50.2587339" lon="-121.5621851"/>
  <node id="520973333" lat="50.2255081" lon="-121.5776809"/>
  <node id="520973348" lat="50.2272753" lon="-121.5772828"/>
  <node id="520973355" lat="50.2201878" lon="-121.5867370"/>
  <node id="520973358" lat="50.2360455" lon="-121.5809644"/>
  <node id="520973379" lat="50.2285316" lon="-121.5770577"/>
  <node id="520973385" lat="50.2273336" lon="-121.5799036"/>
  <node id="520973389" lat="50.2327420" lon="-121.5814897"/>
  <node id="520973390" lat="50.2241048" lon="-121.5780977"/>
  <node id="520973393" lat="50.2361291" lon="-121.5946486"/>
  <node id="520973395" lat="50.2254220" lon="-121.5773274"/>
  <node id="520973401" lat="50.2408257" lon="-121.5805236"/>
  <node id="520973406" lat="50.2457605" lon="-121.5964886"/>
  <node id="520973432" lat="50.2475890" lon="-121.5825364"/>
  <node id="520973434" lat="50.2274033" lon="-121.5773293"/>
  <node id="520973435" lat="50.2529287" lon="-121.5681355"/>
  <node id="520973451" lat="50.2234030" lon="-121.5774674"/>
  <node id="520973453" lat="50.2234446" lon="-121.5876488"/>
  <node id="520973456" lat="50.2488850" lon="-121.5996191"/>
  <node id="520973469" lat="50.2274429" lon="-121.5820178"/>
  <node id="520973477" lat="50.2282215" lon="-121.5786906"/>
  <node id="520973484" lat="50.2603432" lon="-121.5617420"/>
  <node id="520973486" lat="50.2798256" lon="-121.5635608"/>
  <node id="520973488" lat="50.2254196" lon="-121.5780538"/>
  <node id="520973490" lat="50.2498423" lon="-121.5884483"/>
  <node id="520973492" lat="50.2276259" lon="-121.5785015"/>
  <node id="520973497" lat="50.2445107" lon="-121.5702853"/>
  <node id="520973506" lat="50.2694200" lon="-121.5608374"/>
  <node id="520973510" lat="50.2289849" lon="-121.5902205"/>
  <node id="520973522" lat="50.2246814" lon="-121.5773056"/>
  <node id="520973524" lat="50.2320832" lon="-121.5822396"/>
  <node id="520973539" lat="50.2345164" lon="-121.5793253"/>
  <node id="520973541" lat="50.2269055" lon="-121.5743355"/>
  <node id="520973548" lat="50.2250973" lon="-121.5766728"/>
  <node id="520973555" lat="50.2342858" lon="-121.5973256"/>
  <node id="520973572" lat="50.1914808" lon="-121.5729694"/>
  <node id="520973576" lat="50.2239552" lon="-121.5784614"/>
  <node id="520973581" lat="50.2411559" lon="-121.5807401"/>
  <node id="520973600" lat="50.2304463" lon="-121.5809497"/>
  <node id="520973612" lat="50.2251974" lon="-121.5734127"/>
  <node id="520973625" lat="50.2767297" lon="-121.5618127"/>
  <node id="520973626" lat="50.2358054" lon="-121.5808619"/>
  <node id="520973628" lat="50.2344276" lon="-121.5973649"/>
  <node id="520973645" lat="50.2339655" lon="-121.5908695"/>
  <node id="520973654" lat="50.2312810" lon="-121.5806100"/>
  <node id="520973667" lat="50.2154442" lon="-121.5872782"/>
  <node id="520973671" lat="50.2236579" lon="-121.5773507"/>
  <node id="520973672" lat="50.2473499" lon="-121.5822759"/>
  <node id="520973674" lat="50.2264092" lon="-121.5722562"/>
  <node id="520973675" lat="50.2277742" lon="-121.5800896"/>
  <node id="520973684" lat="50.2203337" lon="-121.5745137"/>
  <node id="520973689" lat="50.2464061" lon="-121.5676382"/>
  <node id="520973697" lat="50.2270638" lon="-121.5818798"/>
  <node id="520973701" lat="50.2451093" lon="-121.5772472"/>
  <node id="520973703" lat="50.2319439" lon="-121.5810954"/>
  <node id="520973710" lat="50.2584968" lon="-121.5622151"/>
  <node id="520973717" lat="50.2210731" lon="-121.5863770"/>
  <node id="520973718" lat="50.2889760" lon="-121.5636907"/>
  <node id="520973720" lat="50.1871980" lon="-121.5732933"/>
  <node id="520973737" lat="50.2667734" lon="-121.5601906"/>
  <node id="520973755" lat="50.2571549" lon="-121.5612354"/>
  <node id="520973764" lat="50.2521174" lon="-121.5884495"/>
  <node id="520973771" lat="50.2292767" lon="-121.5829558"/>
  <node id="520973784" lat="50.2872696" lon="-121.5640028"/>
  <node id="520973792" lat="50.2473639" lon="-121.5810507"/>
  <node id="520973822" lat="50.2331581" lon="-121.5900674"/>
  <node id="520973825" lat="50.2311610" lon="-121.5805863"/>
  <node id="520973826" lat="50.2459691" lon="-121.5967282"/>
  <node id="520973839" lat="50.2123027" lon="-121.5854545"/>
  <node id="520973845" lat="50.2376470" lon="-121.5818157"/>
  <node id="520973847" lat="50.2279622" lon="-121.5786906"/>
  <node id="520973858" lat="50.2145775" lon="-121.5861527"/>
  <node id="520973866" lat="50.2478566" lon="-121.5906853"/>
  <node id="520973876" lat="50.2279544" lon="-121.5768121"/>
  <node id="520973878" lat="50.2383409" lon="-121.5932549"/>
  <node id="520973900" lat="50.2463726" lon="-121.5673809"/>
  <node id="520973922" lat="50.2266839" lon="-121.5789276"/>
  <node id="520973933" lat="50.2461946" lon="-121.5948193"/>
  <node id="520973937" lat="50.2334027" lon="-121.5902163"/>
  <node id="520973953" lat="50.2129306" lon="-121.5859550"/>
  <node id="520973955" lat="50.2263602" lon="-121.5712512"/>
  <node id="520973957" lat="50.2339024" lon="-121.5787222"/>
  <node id="520973969" lat="50.2325417" lon="-121.5797571"/>
  <node id="520973970" lat="50.2243676" lon="-121.5771944"/>
  <node id="520973972" lat="50.2231467" lon="-121.5743951"/>
  <node id="520973980" lat="50.2284870" lon="-121.5777433"/>
  <node id="520973981" lat="50.2463637" lon="-121.5869976"/>
  <node id="520973983" lat="50.2215593" lon="-121.5866007"/>
  <node id="520973985" lat="50.2733941" lon="-121.5618992"/>
  <node id="520973987" lat="50.2299610" lon="-121.5900939"/>
  <node id="520973998" lat="50.2223904" lon="-121.5882130"/>
  <node id="520974007" lat="50.2268910" lon="-121.5818994"/>
  <node id="520974128" lat="50.2549304" lon="-121.5644108"/>
  <node id="520974130" lat="50.2478406" lon="-121.5908227">
    <tag k="amenity" v="ferry_terminal"/>
    <tag k="ferry" v="yes"/>
    <tag k="public_transport" v="stop_position"/>
  </node>
  <node id="520974137" lat="50.2326072" lon="-121.5803230"/>
  <node id="520974148" lat="50.2289700" lon="-121.5830545"/>
  <node id="520974153" lat="50.2207082" lon="-121.5864406"/>
  <node id="520974163" lat="50.2270296" lon="-121.5818711"/>
  <node id="520974166" lat="50.2466249" lon="-121.5681461"/>
  <node id="520974180" lat="50.2287970" lon="-121.5902143"/>
  <node id="520974184" lat="50.2270856" lon="-121.5749109"/>
  <node id="520974186" lat="50.2347170" lon="-121.5803312"/>
  <node id="520974197" lat="50.2288081" lon="-121.5824568"/>
  <node id="520974205" lat="50.2394351" lon="-121.5808935"/>
  <node id="520974231" lat="50.2318301" lon="-121.5800992"/>
  <node id="520974239" lat="50.2267998" lon="-121.5819317"/>
  <node id="520974259" lat="50.2484488" lon="-121.5821041"/>
  <node id="520974306" lat="50.2552250" lon="-121.5638445"/>
  <node id="520974312" lat="50.2311779" lon="-121.5810686"/>
  <node id="520974326" lat="50.2461728" lon="-121.5867375"/>
  <node id="520974328" lat="50.2224375" lon="-121.5877089"/>
  <node id="520974332" lat="50.2271426" lon="-121.5770051"/>
  <node id="520974338" lat="50.2204295" lon="-121.5867907"/>
  <node id="520974353" lat="50.2907868" lon="-121.5620048"/>
  <node id="520974359" lat="50.2330598" lon="-121.5819178"/>
  <node id="520974363" lat="50.2580110" lon="-121.5619831"/>
  <node id="520974371" lat="50.2383344" lon="-121.5932783"/>
  <node id="520974387" lat="50.2447527" lon="-121.5849950"/>
  <node id="520974395" lat="50.2288056" lon="-121.5902197"/>
  <node id="520974401" lat="50.2205836" lon="-121.5867013"/>
  <node id="520974404" lat="50.2224728" lon="-121.5764842"/>
  <node id="520974412" lat="50.2250226" lon="-121.5785040"/>
  <node id="520974413" lat="50.2295265" lon="-121.5795144"/>
  <node id="520974415" lat="50.2271940" lon="-121.5771644"/>
  <node id="520974429" lat="50.2425763" lon="-121.5825010"/>
  <node id="520974440" lat="50.2177634" lon="-121.5870011"/>
  <node id="520974449" lat="50.2462942" lon="-121.5973149"/>
  <node id="520974451" lat="50.2482402" lon="-121.5821329"/>
  <node id="520974453" lat="50.2199839" lon="-121.5869506"/>
  <node id="520974487" lat="50.2354714" lon="-121.5807768"/>
  <node id="520974495" lat="50.2305890" lon="-121.5903815"/>
  <node id="520974510" lat="50.2455811" lon="-121.5940472"/>
  <node id="520974515" lat="50.2267835" lon="-121.5789418"/>
  <node id="520974516" lat="50.2474266" lon="-121.5989028"/>
  <node id="520974524" lat="50.2534562" lon="-121.5673672"/>
  <node id="521021975" lat="50.1806912" lon="-121.5724472"/>
  <node id="521021977" lat="50.1819693" lon="-121.5721605"/>
  <node id="521021979" lat="50.1975285" lon="-121.5731913"/>
  <node id="521021981" lat="50.2096758" lon="-121.5754552"/>
  <node id="521021984" lat="50.2114431" lon="-121.5751148"/>
  <node id="521021986" lat="50.2135077" lon="-121.5752101"/>
  <node id="521021988" lat="50.2147163" lon="-121.5750254"/>
  <node id="521021990" lat="50.2222768" lon="-121.5758840"/>
  <node id="521022001" lat="50.2275684" lon="-121.5813486"/>
  <node id="521022003" lat="50.2245320" lon="-121.5795293"/>
  <node id="521022005" lat="50.2247684" lon="-121.5796464"/>
  <node id="521022007" lat="50.2250365" lon="-121.5796788"/>
  <node id="521022009" lat="50.2294580" lon="-121.5787787"/>
  <node id="521022011" lat="50.2388054" lon="-121.5758132"/>
  <node id="521022014" lat="50.2412266" lon="-121.5734258">
    <tag k="barrier" v="jersey_barrier"/>
    <tag k="check_date" v="2025-10-09"/>
    <tag k="description" v="Road closed due to fire damage"/>
    <tag k="motor_vehicle" v="no"/>
    <tag k="note" v="Access Blocked. No Exit here"/>
    <tag k="restriction" v="no_exit"/>
  </node>
  <node id="521022016" lat="50.2406192" lon="-121.5735095"/>
  <node id="521022018" lat="50.2481872" lon="-121.5665794"/>
  <node id="521022020" lat="50.2502835" lon="-121.5530941"/>
  <node id="522002389" lat="50.3507412" lon="-121.6605966"/>
  <node id="522002400" lat="50.3500289" lon="-121.6601806"/>
  <node id="522002413" lat="50.3187104" lon="-121.6479086"/>
  <node id="522002419" lat="50.2895405" lon="-121.6121641"/>
  <node id="522002426" lat="50.2624621" lon="-121.5761410"/>
  <node id="522002428" lat="50.4387989" lon="-121.6809919"/>
  <node id="522002437" lat="50.2718131" lon="-121.6186841"/>
  <node id="522002454" lat="50.2499910" lon="-121.5852672"/>
  <node id="522002456" lat="50.3242117" lon="-121.6491916"/>
  <node id="522002481" lat="50.2621827" lon="-121.5876069"/>
  <node id="522002496" lat="50.4594477" lon="-121.6852702"/>
  <node id="522002543" lat="50.2995699" lon="-121.6307398"/>
  <node id="522002557" lat="50.2921935" lon="-121.5608689"/>
  <node id="522002568" lat="50.3213593" lon="-121.6479784"/>
  <node id="522002582" lat="50.4343934" lon="-121.6796002"/>
  <node id="522002612" lat="50.2550155" lon="-121.5644235"/>
  <node id="522002618" lat="50.4793661" lon="-121.6996487"/>
  <node id="522002625" lat="50.3087145" lon="-121.6401892"/>
  <node id="522002663" lat="50.3467830" lon="-121.6554962"/>
  <node id="522002688" lat="50.3276618" lon="-121.6488906"/>
  <node id="522002690" lat="50.2546472" lon="-121.5641757"/>
  <node id="522002706" lat="50.2886686" lon="-121.5639739"/>
  <node id="522002713" lat="50.2558535" lon="-121.6056027"/>
  <node id="522002716" lat="50.2602696" lon="-121.6106468"/>
  <node id="522002718" lat="50.2845725" lon="-121.5643345"/>
  <node id="522002724" lat="50.4412707" lon="-121.6818465"/>
  <node id="522002747" lat="50.2624172" lon="-121.5746175"/>
  <node id="522002752" lat="50.2563393" lon="-121.5906664"/>
  <node id="522002756" lat="50.2671897" lon="-121.5798725"/>
  <node id="522002762" lat="50.4735705" lon="-121.6955601"/>
  <node id="522002774" lat="50.4401474" lon="-121.6815231"/>
  <node id="522002778" lat="50.2690161" lon="-121.6175209"/>
  <node id="522002780" lat="50.2612573" lon="-121.5616563"/>
  <node id="522002786" lat="50.2447008" lon="-121.5773145"/>
  <node id="522002790" lat="50.2835009" lon="-121.6027386"/>
  <node id="522002791" lat="50.2489957" lon="-121.5838424"/>
  <node id="522002795" lat="50.2547843" lon="-121.5943677"/>
  <node id="522002808" lat="50.2714586" lon="-121.6185140"/>
  <node id="522002826" lat="50.2411562" lon="-121.5797355"/>
  <node id="522002832" lat="50.2645161" lon="-121.6137704"/>
  <node id="522002836" lat="50.3010649" lon="-121.6347938"/>
  <node id="522002880" lat="50.2800118" lon="-121.6289102"/>
  <node id="522002894" lat="50.2987162" lon="-121.6312744"/>
  <node id="522002910" lat="50.4529999" lon="-121.6845203"/>
  <node id="522002914" lat="50.2788537" lon="-121.5995749"/>
  <node id="522002920" lat="50.2803659" lon="-121.5640113"/>
  <node id="522002924" lat="50.3259970" lon="-121.6494843"/>
  <node id="522002934" lat="50.2401861" lon="-121.5932328"/>
  <node id="522002936" lat="50.2633278" lon="-121.5607881"/>
  <node id="522002944" lat="50.2547565" lon="-121.6036948"/>
  <node id="522002949" lat="50.4486235" lon="-121.6827985"/>
  <node id="522002953" lat="50.2621023" lon="-121.5968662"/>
  <node id="522002959" lat="50.2999109" lon="-121.6303148"/>
  <node id="522002960" lat="50.2801998" lon="-121.6297920"/>
  <node id="522002963" lat="50.2627784" lon="-121.5866732"/>
  <node id="522002964" lat="50.2478160" lon="-121.5872847"/>
  <node id="522002965" lat="50.2552739" lon="-121.6047014"/>
  <node id="522002972" lat="50.3582472" lon="-121.6636267"/>
  <node id="522002974" lat="50.2510349" lon="-121.5707575"/>
  <node id="522002985" lat="50.2514707" lon="-121.5876131"/>
  <node id="522002991" lat="50.2551386" lon="-121.5642764"/>
  <node id="522003004" lat="50.2603920" lon="-121.6114599"/>
  <node id="522003011" lat="50.3586663" lon="-121.6640512"/>
  <node id="522003019" lat="50.3102171" lon="-121.6419943"/>
  <node id="522003025" lat="50.3447108" lon="-121.6512263"/>
  <node id="522003027" lat="50.2698894" lon="-121.5963491"/>
  <node id="522003029" lat="50.3449033" lon="-121.6514189"/>
  <node id="522003031" lat="50.2549542" lon="-121.6041590"/>
  <node id="522003045" lat="50.2497181" lon="-121.5984955"/>
  <node id="522003059" lat="50.2560236" lon="-121.5933576"/>
  <node id="522003070" lat="50.2850318" lon="-121.6328931"/>
  <node id="522003077" lat="50.2654125" lon="-121.5942425"/>
  <node id="522003079" lat="50.3544494" lon="-121.6606814"/>
  <node id="522003088" lat="50.2731142" lon="-121.6187958"/>
  <node id="522003090" lat="50.2531178" lon="-121.5676870"/>
  <node id="522003096" lat="50.2759139" lon="-121.6201390"/>
  <node id="522003117" lat="50.3289821" lon="-121.6483735"/>
  <node id="522003119" lat="50.3005608" lon="-121.6327239"/>
  <node id="522003120" lat="50.3235052" lon="-121.6491990"/>
  <node id="522003121" lat="50.4576790" lon="-121.6848509"/>
  <node id="522003125" lat="50.2907608" lon="-121.6173171"/>
  <node id="522003132" lat="50.2696033" lon="-121.5607366"/>
  <node id="522003134" lat="50.3575147" lon="-121.6623433"/>
  <node id="522003139" lat="50.3659800" lon="-121.6674671"/>
  <node id="522003141" lat="50.2670711" lon="-121.5797224"/>
  <node id="522003157" lat="50.2859922" lon="-121.5642826"/>
  <node id="522003165" lat="50.3298626" lon="-121.6488760"/>
  <node id="522003177" lat="50.3577853" lon="-121.6629386"/>
  <node id="522003202" lat="50.2862016" lon="-121.6075194"/>
  <node id="522003206" lat="50.2620881" lon="-121.5760201"/>
  <node id="522003235" lat="50.3281796" lon="-121.6485495"/>
  <node id="522003237" lat="50.3766693" lon="-121.6689176"/>
  <node id="522003241" lat="50.2829026" lon="-121.6317627"/>
  <node id="522003251" lat="50.2505899" lon="-121.6000248"/>
  <node id="522003261" lat="50.2574876" lon="-121.5614551"/>
  <node id="522003278" lat="50.2640411" lon="-121.6124670"/>
  <node id="522003280" lat="50.3104373" lon="-121.6423025"/>
  <node id="522003282" lat="50.2825504" lon="-121.6316462"/>
  <node id="522003303" lat="50.2623662" lon="-121.5611650"/>
  <node id="522003305" lat="50.2550678" lon="-121.5927619"/>
  <node id="522003308" lat="50.2556295" lon="-121.6051517"/>
  <node id="522003309" lat="50.3753042" lon="-121.6688864"/>
  <node id="522003310" lat="50.2426422" lon="-121.5789541"/>
  <node id="522003313" lat="50.2624941" lon="-121.5923795"/>
  <node id="522003315" lat="50.2897760" lon="-121.6131046"/>
  <node id="522003318" lat="50.2625565" lon="-121.5973042"/>
  <node id="522003322" lat="50.2564003" lon="-121.6059651"/>
  <node id="522003324" lat="50.2660468" lon="-121.5793051"/>
  <node id="522003327" lat="50.2613058" lon="-121.5921398"/>
  <node id="522003330" lat="50.2390070" lon="-121.5927504"/>
  <node id="522003344" lat="50.4481262" lon="-121.6826389"/>
  <node id="522003359" lat="50.2645625" lon="-121.5783325"/>
  <node id="522003371" lat="50.3151576" lon="-121.6465402"/>
  <node id="522003375" lat="50.2642489" lon="-121.5594431"/>
  <node id="522003387" lat="50.2666211" lon="-121.6153728"/>
  <node id="522003389" lat="50.3732602" lon="-121.6689564"/>
  <node id="522003399" lat="50.3115304" lon="-121.6440611"/>
  <node id="522003405" lat="50.3568675" lon="-121.6611140"/>
  <node id="522003407" lat="50.2609632" lon="-121.5746921"/>
  <node id="522003412" lat="50.3572730" lon="-121.6618117"/>
  <node id="522003430" lat="50.2836974" lon="-121.6324383"/>
  <node id="522003442" lat="50.2492942" lon="-121.5845061"/>
  <node id="522003454" lat="50.3476677" lon="-121.6575980"/>
  <node id="522003464" lat="50.2663043" lon="-121.5820819"/>
  <node id="522003478" lat="50.4883900" lon="-121.7037282"/>
  <node id="522003482" lat="50.2980760" lon="-121.6294302"/>
  <node id="522003503" lat="50.2476492" lon="-121.5959565"/>
  <node id="522003505" lat="50.4336435" lon="-121.6793584"/>
  <node id="522003508" lat="50.2735936" lon="-121.5619171"/>
  <node id="522003533" lat="50.2757314" lon="-121.6197377"/>
  <node id="522003542" lat="50.4857142" lon="-121.7025797"/>
  <node id="522003546" lat="50.2547538" lon="-121.5941444"/>
  <node id="522003550" lat="50.2617667" lon="-121.5964827"/>
  <node id="522003569" lat="50.4252652" lon="-121.6759214"/>
  <node id="522003603" lat="50.2403272" lon="-121.5803081"/>
  <node id="522003645" lat="50.3046029" lon="-121.6380387"/>
  <node id="522003653" lat="50.2517274" lon="-121.6011206"/>
  <node id="522003655" lat="50.3023804" lon="-121.6370725"/>
  <node id="522003662" lat="50.2828998" lon="-121.5657345"/>
  <node id="522003684" lat="50.2593883" lon="-121.5914772"/>
  <node id="522003727" lat="50.4492726" lon="-121.6831829"/>
  <node id="522003731" lat="50.2622729" lon="-121.6116825"/>
  <node id="522003734" lat="50.2998314" lon="-121.6303244"/>
  <node id="522003754" lat="50.2785390" lon="-121.6269346"/>
  <node id="522003757" lat="50.2491158" lon="-121.5839853"/>
  <node id="522003772" lat="50.2742454" lon="-121.6191644"/>
  <node id="522003828" lat="50.3092987" lon="-121.6411560"/>
  <node id="522003831" lat="50.2879223" lon="-121.5642243"/>
  <node id="522003843" lat="50.2763353" lon="-121.5983616"/>
  <node id="522003864" lat="50.2437224" lon="-121.5960740"/>
  <node id="522003867" lat="50.3342303" lon="-121.6519334"/>
  <node id="522003879" lat="50.2626230" lon="-121.5748757"/>
  <node id="522003902" lat="50.2574802" lon="-121.6065139"/>
  <node id="522003951" lat="50.3392301" lon="-121.6494317"/>
  <node id="522003955" lat="50.5000150" lon="-121.7112783"/>
  <node id="522003963" lat="50.2740637" lon="-121.5618659"/>
  <node id="522003983" lat="50.2633172" lon="-121.5978627"/>
  <node id="522003984" lat="50.4181167" lon="-121.6729508"/>
  <node id="522003985" lat="50.3588111" lon="-121.6641712"/>
  <node id="522003986" lat="50.2584237" lon="-121.6096310"/>
  <node id="522004006" lat="50.3005634" lon="-121.6327612"/>
  <node id="522004008" lat="50.2390362" lon="-121.5927624"/>
  <node id="522004015" lat="50.4653928" lon="-121.6878247"/>
  <node id="522004022" lat="50.2619471" lon="-121.5767043"/>
  <node id="522004063" lat="50.4411000" lon="-121.6818270"/>
  <node id="522004066" lat="50.2668393" lon="-121.5814671"/>
  <node id="522004067" lat="50.2463912" lon="-121.5856457"/>
  <node id="522004068" lat="50.3801860" lon="-121.6634511"/>
  <node id="522004070" lat="50.2965786" lon="-121.6277463"/>
  <node id="522004072" lat="50.2468508" lon="-121.5980856"/>
  <node id="522004103" lat="50.2512779" lon="-121.5868660"/>
  <node id="522004104" lat="50.3289556" lon="-121.6483650"/>
  <node id="522004107" lat="50.4841798" lon="-121.7019212"/>
  <node id="522004110" lat="50.4937791" lon="-121.7048337"/>
  <node id="522004115" lat="50.2802786" lon="-121.6300768"/>
  <node id="522004118" lat="50.5022705" lon="-121.7133304"/>
  <node id="522004126" lat="50.2993043" lon="-121.6314385"/>
  <node id="522004131" lat="50.2524825" lon="-121.5691544"/>
  <node id="522004133" lat="50.4818086" lon="-121.7010436"/>
  <node id="522004142" lat="50.2658027" lon="-121.6151948"/>
  <node id="522004145" lat="50.2521829" lon="-121.6013069"/>
  <node id="522004147" lat="50.4913455" lon="-121.7046094"/>
  <node id="522004158" lat="50.2572118" lon="-121.6061057"/>
  <node id="522004169" lat="50.3371440" lon="-121.6504629"/>
  <node id="522004174" lat="50.2479837" lon="-121.5874258"/>
  <node id="522004183" lat="50.3612369" lon="-121.6656889"/>
  <node id="522004185" lat="50.2521582" lon="-121.5886142"/>
  <node id="522004190" lat="50.2633228" lon="-121.5778435"/>
  <node id="522004207" lat="50.3201085" lon="-121.6476765"/>
  <node id="522004217" lat="50.3052193" lon="-121.6384536"/>
  <node id="522004223" lat="50.2631569" lon="-121.5977450"/>
  <node id="522004237" lat="50.2576749" lon="-121.6077177"/>
  <node id="522004281" lat="50.4015507" lon="-121.6673166"/>
  <node id="522004316" lat="50.2545159" lon="-121.5891066"/>
  <node id="522004324" lat="50.2763499" lon="-121.6222805"/>
  <node id="522004329" lat="50.2619193" lon="-121.5881344"/>
  <node id="522004331" lat="50.2481823" lon="-121.5744200"/>
  <node id="522004387" lat="50.3823854" lon="-121.6654496"/>
  <node id="522004415" lat="50.2474467" lon="-121.5757495"/>
  <node id="522004420" lat="50.2896702" lon="-121.6125945"/>
  <node id="522004430" lat="50.2777945" lon="-121.5625743"/>
  <node id="522004433" lat="50.3574353" lon="-121.6621686"/>
  <node id="522004437" lat="50.2864389" lon="-121.6079828"/>
  <node id="522004440" lat="50.3538771" lon="-121.6606209"/>
  <node id="522004441" lat="50.4735849" lon="-121.6955804"/>
  <node id="522004445" lat="50.2664440" lon="-121.6152213"/>
  <node id="522004451" lat="50.3651059" lon="-121.6674903"/>
  <node id="522004452" lat="50.3467987" lon="-121.6563450"/>
  <node id="522004463" lat="50.4882530" lon="-121.7036694"/>
  <node id="522004480" lat="50.4609149" lon="-121.6859006"/>
  <node id="522004598" lat="50.2851818" lon="-121.6328618"/>
  <node id="522004614" lat="50.2758507" lon="-121.6199089"/>
  <node id="522004619" lat="50.3566364" lon="-121.6608475"/>
  <node id="522004634" lat="50.3802137" lon="-121.6630990"/>
  <node id="522004641" lat="50.4689661" lon="-121.6895504"/>
  <node id="522004643" lat="50.3125345" lon="-121.6450240"/>
  <node id="522004645" lat="50.2893407" lon="-121.6117123"/>
  <node id="522004649" lat="50.2471461" lon="-121.5819543"/>
  <node id="522004650" lat="50.3440413" lon="-121.6508907"/>
  <node id="522004652" lat="50.2502473" lon="-121.5715975"/>
  <node id="522004655" lat="50.4386903" lon="-121.6809611"/>
  <node id="522004658" lat="50.2610597" lon="-121.6119476"/>
  <node id="522004668" lat="50.2461065" lon="-121.5941914"/>
  <node id="522004670" lat="50.2597631" lon="-121.5729681"/>
  <node id="522004672" lat="50.2478288" lon="-121.5818259"/>
  <node id="522004677" lat="50.3807685" lon="-121.6624623"/>
  <node id="522004684" lat="50.2996388" lon="-121.6305059"/>
  <node id="522004698" lat="50.3039268" lon="-121.6378364"/>
  <node id="522004707" lat="50.2816403" lon="-121.6314247"/>
  <node id="522004712" lat="50.2916619" lon="-121.5612982"/>
  <node id="522004724" lat="50.2558110" lon="-121.5625846"/>
  <node id="522004728" lat="50.2558972" lon="-121.6056632"/>
  <node id="522004734" lat="50.2664727" lon="-121.5600364"/>
  <node id="522004760" lat="50.3270235" lon="-121.6492589"/>
  <node id="522004817" lat="50.2775294" lon="-121.5989674"/>
  <node id="522004832" lat="50.2513752" lon="-121.5888492"/>
  <node id="522004865" lat="50.3444788" lon="-121.6510759"/>
  <node id="522004876" lat="50.2614350" lon="-121.5904585"/>
  <node id="522004886" lat="50.4748883" lon="-121.6971095"/>
  <node id="522004888" lat="50.2847879" lon="-121.6043907"/>
  <node id="522004890" lat="50.3129724" lon="-121.6453758"/>
  <node id="522004894" lat="50.2556506" lon="-121.5931507"/>
  <node id="522004898" lat="50.3452850" lon="-121.6522470"/>
  <node id="522004900" lat="50.2882086" lon="-121.5642019"/>
  <node id="522004934" lat="50.3789329" lon="-121.6682102"/>
  <node id="522004940" lat="50.2674244" lon="-121.5806748"/>
  <node id="522004944" lat="50.3292593" lon="-121.6484625"/>
  <node id="522004950" lat="50.4725866" lon="-121.6941728"/>
  <node id="522004981" lat="50.3980446" lon="-121.6660243"/>
  <node id="522004989" lat="50.2775351" lon="-121.5623370"/>
  <node id="522005005" lat="50.2627499" lon="-121.5870414"/>
  <node id="522005007" lat="50.2958711" lon="-121.6265937"/>
  <node id="522005010" lat="50.2437102" lon="-121.5778523"/>
  <node id="522005017" lat="50.3410003" lon="-121.6498804"/>
  <node id="522005027" lat="50.2656994" lon="-121.5944895"/>
  <node id="522005047" lat="50.3653316" lon="-121.6674843"/>
  <node id="522005062" lat="50.3007282" lon="-121.6342031"/>
  <node id="522005070" lat="50.2521339" lon="-121.5697591"/>
  <node id="522005083" lat="50.3033945" lon="-121.6378990"/>
  <node id="522005089" lat="50.3938465" lon="-121.6649119"/>
  <node id="522005095" lat="50.2801012" lon="-121.6291196"/>
  <node id="522005097" lat="50.2706486" lon="-121.5606921"/>
  <node id="522005099" lat="50.2672086" lon="-121.6164714"/>
  <node id="522005114" lat="50.2489233" lon="-121.5819925"/>
  <node id="522005120" lat="50.2994417" lon="-121.6312002"/>
  <node id="522005121" lat="50.3389267" lon="-121.6495453"/>
  <node id="522005130" lat="50.3485900" lon="-121.6579741"/>
  <node id="522005136" lat="50.4335584" lon="-121.6793310"/>
  <node id="522005142" lat="50.3598536" lon="-121.6649655"/>
  <node id="522005146" lat="50.2726470" lon="-121.5982253"/>
  <node id="522005169" lat="50.3804241" lon="-121.6646914"/>
  <node id="522005185" lat="50.2597419" lon="-121.5915369"/>
  <node id="522005187" lat="50.2555087" lon="-121.5628918"/>
  <node id="522005199" lat="50.3167720" lon="-121.6470742"/>
  <node id="522005201" lat="50.2639213" lon="-121.5596893"/>
  <node id="522005205" lat="50.2628090" lon="-121.5778304"/>
  <node id="522005207" lat="50.2551093" lon="-121.5643581"/>
  <node id="522005218" lat="50.2852669" lon="-121.6326919"/>
  <node id="522005224" lat="50.2378661" lon="-121.5939684"/>
  <node id="522005226" lat="50.3048568" lon="-121.6382434"/>
  <node id="522005248" lat="50.2478327" lon="-121.5749319"/>
  <node id="522005252" lat="50.2384356" lon="-121.5943625"/>
  <node id="522005253" lat="50.3226021" lon="-121.6485925"/>
  <node id="522005258" lat="50.2623281" lon="-121.5774022"/>
  <node id="522005302" lat="50.3452108" lon="-121.6520006"/>
  <node id="522005309" lat="50.4973197" lon="-121.7088460"/>
  <node id="522005321" lat="50.2625056" lon="-121.5759905"/>
  <node id="522005329" lat="50.2711166" lon="-121.5607981"/>
  <node id="522005331" lat="50.2652391" lon="-121.6148108"/>
  <node id="522005333" lat="50.2604901" lon="-121.6116627"/>
  <node id="522005337" lat="50.3563887" lon="-121.6606600"/>
  <node id="522005366" lat="50.2505521" lon="-121.5999883"/>
  <node id="522005377" lat="50.3379275" lon="-121.6501049"/>
  <node id="522005388" lat="50.3490288" lon="-121.6587163"/>
  <node id="522005389" lat="50.2838298" lon="-121.6030849"/>
  <node id="522005401" lat="50.3455198" lon="-121.6531566"/>
  <node id="522005423" lat="50.2804355" lon="-121.5999509"/>
  <node id="522005427" lat="50.3556065" lon="-121.6604126"/>
  <node id="522005431" lat="50.2923522" lon="-121.6202054"/>
  <node id="522005434" lat="50.2643464" lon="-121.6133061"/>
  <node id="522005436" lat="50.4687994" lon="-121.6894248"/>
  <node id="522005438" lat="50.2524634" lon="-121.6014216"/>
  <node id="522005440" lat="50.3396239" lon="-121.6494853"/>
  <node id="522005448" lat="50.2785978" lon="-121.6271036"/>
  <node id="522005453" lat="50.2544855" lon="-121.5642098"/>
  <node id="522005455" lat="50.2583480" lon="-121.5914702"/>
  <node id="522005457" lat="50.2573378" lon="-121.5613131"/>
  <node id="522005463" lat="50.2901055" lon="-121.6155202"/>
  <node id="522005465" lat="50.3230642" lon="-121.6490205"/>
  <node id="522005466" lat="50.2611477" lon="-121.5950655"/>
  <node id="522005467" lat="50.2818035" lon="-121.6012746"/>
  <node id="522005474" lat="50.2493602" lon="-121.5882200"/>
  <node id="522005477" lat="50.3483821" lon="-121.6577889"/>
  <node id="522005479" lat="50.3457563" lon="-121.6537398"/>
  <node id="522005480" lat="50.3504531" lon="-121.6605510"/>
  <node id="522005485" lat="50.3679188" lon="-121.6672488"/>
  <node id="522005487" lat="50.2748587" lon="-121.5615279"/>
  <node id="522005492" lat="50.2617965" lon="-121.6117480"/>
  <node id="522005494" lat="50.4899679" lon="-121.7043664"/>
  <node id="522005497" lat="50.4506293" lon="-121.6839180"/>
  <node id="522005516" lat="50.3679833" lon="-121.6672661"/>
  <node id="522005534" lat="50.3112039" lon="-121.6435902"/>
  <node id="522005540" lat="50.2805513" lon="-121.6000328"/>
  <node id="522005557" lat="50.2625109" lon="-121.6117578"/>
  <node id="522005561" lat="50.2490762" lon="-121.5994923"/>
  <node id="522005568" lat="50.4760103" lon="-121.6980867"/>
  <node id="522005577" lat="50.2639153" lon="-121.5981683"/>
  <node id="522005583" lat="50.2400838" lon="-121.5805032"/>
  <node id="522005596" lat="50.4000030" lon="-121.6667617"/>
  <node id="522005606" lat="50.4419892" lon="-121.6818804"/>
  <node id="522005618" lat="50.2652852" lon="-121.5789521"/>
  <node id="522005619" lat="50.2626524" lon="-121.5872379"/>
  <node id="522005623" lat="50.3722950" lon="-121.6688297"/>
  <node id="522005632" lat="50.2502513" lon="-121.5988439"/>
  <node id="522005633" lat="50.3512640" lon="-121.6604985"/>
  <node id="522005644" lat="50.3282180" lon="-121.6485315"/>
  <node id="522005663" lat="50.2643235" lon="-121.5933057"/>
  <node id="522005669" lat="50.2430114" lon="-121.5786174"/>
  <node id="522005675" lat="50.2472006" lon="-121.5810337"/>
  <node id="522005693" lat="50.2691077" lon="-121.5606988"/>
  <node id="522005695" lat="50.2988331" lon="-121.6314380"/>
  <node id="522005699" lat="50.3816508" lon="-121.6641598"/>
  <node id="522005705" lat="50.2657407" lon="-121.6151689"/>
  <node id="522005709" lat="50.4947660" lon="-121.7054248"/>
  <node id="522005716" lat="50.2842055" lon="-121.5645463"/>
  <node id="522005731" lat="50.2642027" lon="-121.6126832"/>
  <node id="522005735" lat="50.2519518" lon="-121.5886761"/>
  <node id="522005745" lat="50.2504622" lon="-121.5998116"/>
  <node id="522005747" lat="50.2657725" lon="-121.5595262"/>
  <node id="522005752" lat="50.2545373" lon="-121.5891077"/>
  <node id="522005755" lat="50.2651885" lon="-121.6147470"/>
  <node id="522005756" lat="50.2528782" lon="-121.5687827"/>
  <node id="522005759" lat="50.2616839" lon="-121.5899958"/>
  <node id="522005763" lat="50.3298766" lon="-121.6488882"/>
  <node id="522005765" lat="50.4675667" lon="-121.6887590"/>
  <node id="522005769" lat="50.2871017" lon="-121.6090085"/>
  <node id="522005774" lat="50.4561752" lon="-121.6847179"/>
  <node id="522005780" lat="50.4372378" lon="-121.6805488"/>
  <node id="522005788" lat="50.2609427" lon="-121.5920666"/>
  <node id="522005796" lat="50.2617534" lon="-121.5764773"/>
  <node id="522005798" lat="50.3770444" lon="-121.6688586"/>
  <node id="522005816" lat="50.3555948" lon="-121.6604153"/>
  <node id="522005828" lat="50.2783681" lon="-121.6264425"/>
  <node id="522005830" lat="50.3000265" lon="-121.6303461"/>
  <node id="522005836" lat="50.2515217" lon="-121.5702110"/>
  <node id="522005846" lat="50.2761887" lon="-121.6220737"/>
  <node id="522005847" lat="50.3499802" lon="-121.6600921"/>
  <node id="522005850" lat="50.2625917" lon="-121.5747691"/>
  <node id="522005857" lat="50.3294022" lon="-121.6485604"/>
  <node id="522005869" lat="50.2692565" lon="-121.5959850"/>
  <node id="522005876" lat="50.3717866" lon="-121.6687235"/>
  <node id="522005877" lat="50.3311882" lon="-121.6500303"/>
  <node id="522005901" lat="50.2552228" lon="-121.5894940"/>
  <node id="522005934" lat="50.2896097" lon="-121.6123939"/>
  <node id="522005936" lat="50.4993774" lon="-121.7106983"/>
  <node id="522005946" lat="50.3791268" lon="-121.6679211"/>
  <node id="522005953" lat="50.3049717" lon="-121.6383336"/>
  <node id="522005954" lat="50.4162942" lon="-121.6722726"/>
  <node id="522005955" lat="50.2580413" lon="-121.5928099"/>
  <node id="522005967" lat="50.2539596" lon="-121.5657777"/>
  <node id="522005972" lat="50.3684984" lon="-121.6674045"/>
  <node id="522005999" lat="50.2862523" lon="-121.5642571"/>
  <node id="522006010" lat="50.3468087" lon="-121.6566973"/>
  <node id="522006021" lat="50.2736567" lon="-121.6191018"/>
  <node id="522006036" lat="50.2802498" lon="-121.6299727"/>
  <node id="522006051" lat="50.2855299" lon="-121.6062077"/>
  <node id="522006077" lat="50.3027169" lon="-121.6374761"/>
  <node id="522006125" lat="50.3311800" lon="-121.6500245"/>
  <node id="522006131" lat="50.4929213" lon="-121.7046178"/>
  <node id="522006136" lat="50.2573711" lon="-121.6062617"/>
  <node id="522006166" lat="50.2900053" lon="-121.6151822"/>
  <node id="522006168" lat="50.4280929" lon="-121.6774646"/>
  <node id="522006169" lat="50.3053410" lon="-121.6384692"/>
  <node id="522006170" lat="50.4909541" lon="-121.7045622"/>
  <node id="522006177" lat="50.2444196" lon="-121.5960358"/>
  <node id="522006178" lat="50.3322988" lon="-121.6509407"/>
  <node id="522006187" lat="50.3774254" lon="-121.6687986"/>
  <node id="522006199" lat="50.2606999" lon="-121.6118447"/>
  <node id="522006205" lat="50.4482260" lon="-121.6826710"/>
  <node id="522006209" lat="50.2530705" lon="-121.6017420"/>
  <node id="522006219" lat="50.2750975" lon="-121.5980742"/>
  <node id="522006230" lat="50.2486617" lon="-121.5996661"/>
  <node id="522006237" lat="50.4774864" lon="-121.6989966"/>
  <node id="522006247" lat="50.3758447" lon="-121.6689403"/>
  <node id="522006248" lat="50.2503464" lon="-121.5991940"/>
  <node id="522006250" lat="50.2472585" lon="-121.5810062"/>
  <node id="522006252" lat="50.3045134" lon="-121.6379780"/>
  <node id="522006256" lat="50.4443280" lon="-121.6818947"/>
  <node id="522006268" lat="50.2667084" lon="-121.5796355"/>
  <node id="522006269" lat="50.2763027" lon="-121.6222455"/>
  <node id="522006271" lat="50.2627222" lon="-121.5871355"/>
  <node id="522006272" lat="50.2461122" lon="-121.5853248"/>
  <node id="522006274" lat="50.4757060" lon="-121.6978217"/>
  <node id="522006276" lat="50.3222885" lon="-121.6483661"/>
  <node id="522006280" lat="50.2625215" lon="-121.5753775"/>
  <node id="522006282" lat="50.2503204" lon="-121.5990553"/>
  <node id="522006289" lat="50.2515748" lon="-121.5878278"/>
  <node id="522006294" lat="50.2643195" lon="-121.5845200"/>
  <node id="522006296" lat="50.2985383" lon="-121.6308527"/>
  <node id="522006298" lat="50.2465259" lon="-121.5765448"/>
  <node id="522006318" lat="50.3501707" lon="-121.6603528"/>
  <node id="522006330" lat="50.3468170" lon="-121.6558869"/>
  <node id="522006349" lat="50.4033045" lon="-121.6679454"/>
  <node id="522006369" lat="50.3003784" lon="-121.6318455"/>
  <node id="522006370" lat="50.3640642" lon="-121.6671676"/>
  <node id="522006381" lat="50.2777185" lon="-121.6238900"/>
  <node id="522006419" lat="50.4579066" lon="-121.6848785"/>
  <node id="522006424" lat="50.2500947" lon="-121.5983648"/>
  <node id="522006434" lat="50.2831187" lon="-121.5655795"/>
  <node id="522006612" lat="50.2647651" lon="-121.6142129"/>
  <node id="522006625" lat="50.2579169" lon="-121.6090013"/>
  <node id="522006639" lat="50.2634102" lon="-121.5927471"/>
  <node id="522006643" lat="50.2853854" lon="-121.6322726"/>
  <node id="522006658" lat="50.2604292" lon="-121.6115369"/>
  <node id="522006678" lat="50.3466882" lon="-121.6552433"/>
  <node id="522006685" lat="50.4276867" lon="-121.6772580"/>
  <node id="522006694" lat="50.2513477" lon="-121.5703615"/>
  <node id="522006697" lat="50.3645437" lon="-121.6673428"/>
  <node id="522006705" lat="50.2837705" lon="-121.5648828"/>
  <node id="522006716" lat="50.2385874" lon="-121.5929556"/>
  <node id="522006723" lat="50.2601193" lon="-121.5736332"/>
  <node id="522006735" lat="50.2510694" lon="-121.5888579"/>
  <node id="522006742" lat="50.2383965" lon="-121.5944487"/>
  <node id="522006756" lat="50.2678305" lon="-121.5596920"/>
  <node id="522006787" lat="50.2847168" lon="-121.6042166"/>
  <node id="522006800" lat="50.3985438" lon="-121.6662386"/>
  <node id="522006810" lat="50.2635345" lon="-121.5778467"/>
  <node id="522006821" lat="50.2661282" lon="-121.5822843"/>
  <node id="522006824" lat="50.2593373" lon="-121.6097561"/>
  <node id="522006830" lat="50.2977608" lon="-121.6289965"/>
  <node id="522006831" lat="50.2855669" lon="-121.6329356"/>
  <node id="522006833" lat="50.4714669" lon="-121.6925942"/>
  <node id="522006846" lat="50.2554428" lon="-121.5948475"/>
  <node id="522006848" lat="50.2628117" lon="-121.6120070"/>
  <node id="522006854" lat="50.2555942" lon="-121.5899590"/>
  <node id="522006856" lat="50.2382953" lon="-121.5934195"/>
  <node id="522006857" lat="50.2470239" lon="-121.5814885"/>
  <node id="522006858" lat="50.2852774" lon="-121.6324096"/>
  <node id="522006861" lat="50.4847779" lon="-121.7021778"/>
  <node id="522006867" lat="50.2514949" lon="-121.5876855"/>
  <node id="522006871" lat="50.3002200" lon="-121.6307588"/>
  <node id="522006892" lat="50.2706795" lon="-121.6181401"/>
  <node id="522006896" lat="50.2503863" lon="-121.5994065"/>
  <node id="522006915" lat="50.2669374" lon="-121.5796441"/>
  <node id="522006916" lat="50.2828909" lon="-121.5657377"/>
  <node id="522006922" lat="50.3738840" lon="-121.6688535"/>
  <node id="522006934" lat="50.2382220" lon="-121.5944241"/>
  <node id="522006940" lat="50.2759949" lon="-121.6211814"/>
  <node id="522006954" lat="50.2522130" lon="-121.5696094"/>
  <node id="522006964" lat="50.2659661" lon="-121.6152043"/>
  <node id="522006966" lat="50.2608925" lon="-121.5941224"/>
  <node id="522006972" lat="50.2779878" lon="-121.5992668"/>
  <node id="522006974" lat="50.2784456" lon="-121.5631253"/>
  <node id="522006975" lat="50.2635112" lon="-121.5606692"/>
  <node id="522006979" lat="50.2547588" lon="-121.5942704"/>
  <node id="522006991" lat="50.4191643" lon="-121.6735692"/>
  <node id="522007001" lat="50.2769310" lon="-121.6227292"/>
  <node id="522007003" lat="50.2831861" lon="-121.6319195"/>
  <node id="522007004" lat="50.4769025" lon="-121.6987035"/>
  <node id="522007008" lat="50.3471479" lon="-121.6572938"/>
  <node id="522007010" lat="50.3468963" lon="-121.6569505"/>
  <node id="522007039" lat="50.2610668" lon="-121.5908157"/>
  <node id="522007047" lat="50.4983521" lon="-121.7097897"/>
  <node id="522007054" lat="50.2623713" lon="-121.5762342"/>
  <node id="522007066" lat="50.2607842" lon="-121.6118688"/>
  <node id="522007068" lat="50.2720476" lon="-121.5980966"/>
  <node id="522007076" lat="50.2761059" lon="-121.6218244"/>
  <node id="522007130" lat="50.3285288" lon="-121.6483864"/>
  <node id="522007137" lat="50.3006435" lon="-121.6339046"/>
  <node id="522007146" lat="50.2848516" lon="-121.5642228"/>
  <node id="522007166" lat="50.2682225" lon="-121.5956850"/>
  <node id="522007176" lat="50.2868355" lon="-121.6086967"/>
  <node id="522007177" lat="50.3381978" lon="-121.6499744"/>
  <node id="522007186" lat="50.3042025" lon="-121.6378635"/>
  <node id="522007192" lat="50.3673828" lon="-121.6671945"/>
  <node id="522007194" lat="50.3450995" lon="-121.6517287"/>
  <node id="522007200" lat="50.3915149" lon="-121.6653070"/>
  <node id="522007217" lat="50.2670533" lon="-121.6162798"/>
  <node id="522007225" lat="50.2619023" lon="-121.5760129"/>
  <node id="522007246" lat="50.3592152" lon="-121.6645056"/>
  <node id="522007252" lat="50.3018191" lon="-121.6362882"/>
  <node id="522007260" lat="50.2716568" lon="-121.5979166"/>
  <node id="522007277" lat="50.2687274" lon="-121.5958116"/>
  <node id="522007285" lat="50.3782689" lon="-121.6686135"/>
  <node id="522007289" lat="50.2461265" lon="-121.5945800"/>
  <node id="522007307" lat="50.2527968" lon="-121.6015976"/>
  <node id="522007328" lat="50.2649153" lon="-121.5837703"/>
  <node id="522007330" lat="50.2495479" lon="-121.5986737"/>
  <node id="522007332" lat="50.2560847" lon="-121.6058412"/>
  <node id="522007338" lat="50.3163735" lon="-121.6468918"/>
  <node id="522007345" lat="50.3381233" lon="-121.6500182"/>
  <node id="522007353" lat="50.2770077" lon="-121.5986267"/>
  <node id="522007356" lat="50.3833025" lon="-121.6662241"/>
  <node id="522007362" lat="50.3074553" lon="-121.6389032"/>
  <node id="522007398" lat="50.3672520" lon="-121.6672199"/>
  <node id="522007429" lat="50.2618255" lon="-121.5895954"/>
  <node id="522007439" lat="50.4078561" lon="-121.6695777"/>
  <node id="522007441" lat="50.3568035" lon="-121.6610402"/>
  <node id="522007454" lat="50.2664071" lon="-121.5795342"/>
  <node id="522007455" lat="50.3265739" lon="-121.6494105"/>
  <node id="522007460" lat="50.4967885" lon="-121.7081750"/>
  <node id="522007464" lat="50.2640165" lon="-121.5847112"/>
  <node id="522007474" lat="50.4407534" lon="-121.6817165"/>
  <node id="522007482" lat="50.4069376" lon="-121.6692483"/>
  <node id="522007484" lat="50.3742893" lon="-121.6689485"/>
  <node id="522007486" lat="50.2890635" lon="-121.6113074"/>
  <node id="522007528" lat="50.2673973" lon="-121.5808742"/>
  <node id="522007543" lat="50.2484142" lon="-121.5962152"/>
  <node id="522007562" lat="50.4844133" lon="-121.7020214"/>
  <node id="522007572" lat="50.2607692" lon="-121.5931213"/>
  <node id="522007576" lat="50.2640992" lon="-121.5931130"/>
  <node id="522007577" lat="50.2586016" lon="-121.5915074"/>
  <node id="522007579" lat="50.3346597" lon="-121.6518336"/>
  <node id="522007594" lat="50.3077636" lon="-121.6390594"/>
  <node id="522007595" lat="50.3001119" lon="-121.6304478"/>
  <node id="522007596" lat="50.2550547" lon="-121.5893243"/>
  <node id="522007597" lat="50.3493441" lon="-121.6590789"/>
  <node id="522007601" lat="50.2827400" lon="-121.5657924"/>
  <node id="522007617" lat="50.2609148" lon="-121.5909182"/>
  <node id="522007625" lat="50.3206636" lon="-121.6475956"/>
  <node id="522007627" lat="50.2617986" lon="-121.5761004"/>
  <node id="522007644" lat="50.2543502" lon="-121.6031468"/>
  <node id="522007648" lat="50.3394758" lon="-121.6494651"/>
  <node id="522007657" lat="50.2802927" lon="-121.5998499"/>
  <node id="522007661" lat="50.2788643" lon="-121.6276712"/>
  <node id="522007687" lat="50.2551651" lon="-121.5642023"/>
  <node id="522007703" lat="50.2655976" lon="-121.6151092"/>
  <node id="522007718" lat="50.3333923" lon="-121.6517081"/>
  <node id="522007719" lat="50.3579783" lon="-121.6632679"/>
  <node id="522007722" lat="50.2581964" lon="-121.6094633"/>
  <node id="522007726" lat="50.3787462" lon="-121.6683873"/>
  <node id="522007728" lat="50.2597035" lon="-121.6099314"/>
  <node id="522007737" lat="50.2974859" lon="-121.6287059"/>
  <node id="522007739" lat="50.2818943" lon="-121.6315408"/>
  <node id="522007741" lat="50.3597194" lon="-121.6648689"/>
  <node id="522007752" lat="50.3191048" lon="-121.6479100"/>
  <node id="522007758" lat="50.2617445" lon="-121.5762111"/>
  <node id="522007808" lat="50.2449589" lon="-121.5961225"/>
  <node id="522007810" lat="50.2669241" lon="-121.5601733"/>
  <node id="522007818" lat="50.2625302" lon="-121.5756395"/>
  <node id="522007820" lat="50.4989040" lon="-121.7102676"/>
  <node id="522007826" lat="50.3482722" lon="-121.6577326"/>
  <node id="522007828" lat="50.3459529" lon="-121.6540575"/>
  <node id="522007838" lat="50.4408585" lon="-121.6817500"/>
  <node id="522007875" lat="50.3182788" lon="-121.6477639"/>
  <node id="522007877" lat="50.4626625" lon="-121.6866515"/>
  <node id="522007878" lat="50.3429024" lon="-121.6504436"/>
  <node id="522007884" lat="50.2601728" lon="-121.6104102"/>
  <node id="522007890" lat="50.3015605" lon="-121.6358278"/>
  <node id="522007891" lat="50.2990750" lon="-121.6315605"/>
  <node id="522007920" lat="50.3241168" lon="-121.6491926"/>
  <node id="522007922" lat="50.2940696" lon="-121.6233230"/>
  <node id="522007924" lat="50.2638511" lon="-121.6123308"/>
  <node id="522007926" lat="50.4690430" lon="-121.6896083"/>
  <node id="522007940" lat="50.2779311" lon="-121.6243447"/>
  <node id="522007945" lat="50.2710368" lon="-121.5974750"/>
  <node id="522007957" lat="50.3337823" lon="-121.6518759"/>
  <node id="522007963" lat="50.4114566" lon="-121.6707581"/>
  <node id="522007972" lat="50.2624199" lon="-121.5873687"/>
  <node id="522007976" lat="50.2535717" lon="-121.5890569"/>
  <node id="522007982" lat="50.4827681" lon="-121.7013987"/>
  <node id="522007983" lat="50.2906400" lon="-121.6170344"/>
  <node id="522008019" lat="50.2383110" lon="-121.5944899"/>
  <node id="522008039" lat="50.4810664" lon="-121.7007169"/>
  <node id="522008042" lat="50.2898907" lon="-121.6144057"/>
  <node id="522008044" lat="50.4907552" lon="-121.7045381"/>
  <node id="522008045" lat="50.3416000" lon="-121.6500526"/>
  <node id="522008047" lat="50.2815622" lon="-121.6010665"/>
  <node id="522008050" lat="50.2593589" lon="-121.5723203"/>
  <node id="522008097" lat="50.2853146" lon="-121.6323034"/>
  <node id="522008098" lat="50.2554858" lon="-121.5903785"/>
  <node id="522008099" lat="50.2854492" lon="-121.6323157"/>
  <node id="522008111" lat="50.2413751" lon="-121.5795132"/>
  <node id="522008114" lat="50.2762801" lon="-121.5983488"/>
  <node id="522008118" lat="50.2496944" lon="-121.5846286"/>
  <node id="522008132" lat="50.3363797" lon="-121.6507843"/>
  <node id="522008149" lat="50.2474686" lon="-121.5814170"/>
  <node id="522008154" lat="50.2541275" lon="-121.5649124"/>
  <node id="522008167" lat="50.4439646" lon="-121.6818234"/>
  <node id="522008172" lat="50.3496564" lon="-121.6594496"/>
  <node id="522008184" lat="50.2673284" lon="-121.5801654"/>
  <node id="522008191" lat="50.3847199" lon="-121.6662318"/>
  <node id="522008199" lat="50.2844147" lon="-121.6037537"/>
  <node id="522008213" lat="50.2572045" lon="-121.5910221"/>
  <node id="522008253" lat="50.2639457" lon="-121.5779963"/>
  <node id="522008257" lat="50.2808155" lon="-121.5645536"/>
  <node id="522008259" lat="50.2844545" lon="-121.6326190"/>
  <node id="522008266" lat="50.3681749" lon="-121.6673176"/>
  <node id="522008268" lat="50.2601358" lon="-121.5917107"/>
  <node id="522008273" lat="50.2559920" lon="-121.5904262"/>
  <node id="522008306" lat="50.3526747" lon="-121.6604393"/>
  <node id="522008310" lat="50.2733671" lon="-121.6189385"/>
  <node id="522008315" lat="50.2548481" lon="-121.5892025"/>
  <node id="522008321" lat="50.2791684" lon="-121.6280749"/>
  <node id="522008328" lat="50.4870617" lon="-121.7031581"/>
  <node id="522008343" lat="50.3193767" lon="-121.6478773"/>
  <node id="522008360" lat="50.2763461" lon="-121.5616352"/>
  <node id="522008379" lat="50.2383909" lon="-121.5944610"/>
  <node id="522008389" lat="50.2616883" lon="-121.5899833"/>
  <node id="522008421" lat="50.2629824" lon="-121.5609532"/>
  <node id="522008434" lat="50.3806581" lon="-121.6624011"/>
  <node id="522008439" lat="50.3248896" lon="-121.6493027"/>
  <node id="522008445" lat="50.3082801" lon="-121.6398269"/>
  <node id="522008452" lat="50.2553784" lon="-121.5896511"/>
  <node id="522008454" lat="50.2982901" lon="-121.6299258"/>
  <node id="522008469" lat="50.2806940" lon="-121.6306976"/>
  <node id="522008578" lat="50.2553705" lon="-121.5632406"/>
  <node id="522008587" lat="50.4794116" lon="-121.6996645"/>
  <node id="522008590" lat="50.2666799" lon="-121.5950267"/>
  <node id="522008595" lat="50.4345300" lon="-121.6796442"/>
  <node id="522008596" lat="50.2503674" lon="-121.5854905"/>
  <node id="522008599" lat="50.2506444" lon="-121.5887700"/>
  <node id="522008654" lat="50.2647855" lon="-121.5937027"/>
  <node id="522008660" lat="50.2611918" lon="-121.5747794"/>
  <node id="522008678" lat="50.2618961" lon="-121.5889954"/>
  <node id="522008692" lat="50.2670566" lon="-121.5601029"/>
  <node id="522008706" lat="50.2888308" lon="-121.5638245"/>
  <node id="522008713" lat="50.3669591" lon="-121.6672768"/>
  <node id="522008726" lat="50.3062475" lon="-121.6384146"/>
  <node id="522008734" lat="50.2798774" lon="-121.5996863"/>
  <node id="522008747" lat="50.2655751" lon="-121.5791515"/>
  <node id="522008755" lat="50.2632223" lon="-121.5608476"/>
  <node id="522008762" lat="50.2897490" lon="-121.6129745"/>
  <node id="522008808" lat="50.2667593" lon="-121.6155871"/>
  <node id="522008822" lat="50.2607953" lon="-121.5928197"/>
  <node id="522008826" lat="50.3523245" lon="-121.6604038"/>
  <node id="522008827" lat="50.2645408" lon="-121.5592926"/>
  <node id="522008834" lat="50.2487841" lon="-121.5818401"/>
  <node id="522008837" lat="50.3874537" lon="-121.6659004"/>
  <node id="522008843" lat="50.2591525" lon="-121.5619558"/>
  <node id="522008848" lat="50.2506635" lon="-121.5863188"/>
  <node id="522008849" lat="50.3811769" lon="-121.6633278"/>
  <node id="522008852" lat="50.2611779" lon="-121.5907408"/>
  <node id="522008854" lat="50.2937724" lon="-121.6227834"/>
  <node id="522008858" lat="50.2425979" lon="-121.5957408"/>
  <node id="522008868" lat="50.2744762" lon="-121.5616216"/>
  <node id="522008876" lat="50.3887225" lon="-121.6657800"/>
  <node id="522008883" lat="50.3533233" lon="-121.6605050"/>
  <node id="522008893" lat="50.2527980" lon="-121.5689170"/>
  <node id="522008895" lat="50.4823203" lon="-121.7012329"/>
  <node id="522008897" lat="50.2903608" lon="-121.6163811"/>
  <node id="522008904" lat="50.2607943" lon="-121.5935372"/>
  <node id="522008909" lat="50.2613029" lon="-121.6119493"/>
  <node id="522008913" lat="50.2580247" lon="-121.6092199"/>
  <node id="522008922" lat="50.3804663" lon="-121.6658015"/>
  <node id="522008929" lat="50.2368111" lon="-121.5932590"/>
  <node id="522008934" lat="50.2655690" lon="-121.5831162"/>
  <node id="522008950" lat="50.2475538" lon="-121.5815661"/>
  <node id="522008962" lat="50.4487123" lon="-121.6828270"/>
  <node id="522008964" lat="50.4752614" lon="-121.6974344"/>
  <node id="522008966" lat="50.2662433" lon="-121.6151563"/>
  <node id="522008967" lat="50.4514906" lon="-121.6842228"/>
  <node id="522008979" lat="50.2781475" lon="-121.6251491"/>
  <node id="522008983" lat="50.3031352" lon="-121.6378086"/>
  <node id="522008994" lat="50.2716975" lon="-121.6186286"/>
  <node id="522008999" lat="50.2631009" lon="-121.5779242"/>
  <node id="522009025" lat="50.3465498" lon="-121.6549875"/>
  <node id="522009027" lat="50.2698794" lon="-121.5963392"/>
  <node id="522009033" lat="50.2617534" lon="-121.6117539"/>
  <node id="522009038" lat="50.4203983" lon="-121.6742976"/>
  <node id="522009040" lat="50.3430987" lon="-121.6505026"/>
  <node id="522009042" lat="50.3559754" lon="-121.6604293"/>
  <node id="522009046" lat="50.2569968" lon="-121.6060197"/>
  <node id="522009051" lat="50.2818784" lon="-121.5654380"/>
  <node id="522009057" lat="50.2769066" lon="-121.6226933"/>
  <node id="522009065" lat="50.2804207" lon="-121.6303682"/>
  <node id="522009067" lat="50.2896616" lon="-121.5629132"/>
  <node id="522009081" lat="50.2608146" lon="-121.5920101"/>
  <node id="522009112" lat="50.2673133" lon="-121.5810244"/>
  <node id="522009114" lat="50.2598653" lon="-121.5913563"/>
  <node id="522009116" lat="50.2475740" lon="-121.5755544"/>
  <node id="522009121" lat="50.2620463" lon="-121.5769336"/>
  <node id="522009124" lat="50.2548656" lon="-121.5944638"/>
  <node id="522009130" lat="50.3540351" lon="-121.6606376"/>
  <node id="529515299" lat="50.3804086" lon="-121.6625589"/>
  <node id="529515344" lat="50.5420844" lon="-121.7705420"/>
  <node id="529515491" lat="50.5010780" lon="-121.7122455"/>
  <node id="529515785" lat="50.5365907" lon="-121.7653561"/>
  <node id="529515834" lat="50.5507235" lon="-121.7847190"/>
  <node id="529515862" lat="50.4518567" lon="-121.6843523"/>
  <node id="529515900" lat="50.4275106" lon="-121.6771684"/>
  <node id="529515950" lat="50.5528661" lon="-121.7915234"/>
  <node id="529515978" lat="50.4417185" lon="-121.6818976"/>
  <node id="529516120" lat="50.5277769" lon="-121.7433891"/>
  <node id="529516164" lat="50.5249560" lon="-121.7351855"/>
  <node id="529516251" lat="50.4582471" lon="-121.6849650"/>
  <node id="529516286" lat="50.5218060" lon="-121.7311256"/>
  <node id="529516390" lat="50.3866020" lon="-121.6657623"/>
  <node id="529516628" lat="50.5302552" lon="-121.7519406"/>
  <node id="529516632" lat="50.5456669" lon="-121.7784630"/>
  <node id="529516669" lat="50.4023139" lon="-121.6675902"/>
  <node id="529516709" lat="50.5275152" lon="-121.7448129"/>
  <node id="529516749" lat="50.4150718" lon="-121.6718899"/>
  <node id="529516780" lat="50.5488131" lon="-121.7815607"/>
  <node id="529516792" lat="50.5437210" lon="-121.7743087"/>
  <node id="529516915" lat="50.5372997" lon="-121.7658918"/>
  <node id="529517033" lat="50.3827297" lon="-121.6658492"/>
  <node id="529517084" lat="50.5038873" lon="-121.7148060"/>
  <node id="529517161" lat="50.3962355" lon="-121.6652478"/>
  <node id="529517348" lat="50.4657251" lon="-121.6879675"/>
  <node id="529517373" lat="50.4496401" lon="-121.6834164"/>
  <node id="529517377" lat="50.4503999" lon="-121.6838368"/>
  <node id="529517422" lat="50.5267492" lon="-121.7399517"/>
  <node id="529517563" lat="50.4365127" lon="-121.6803001"/>
  <node id="529517756" lat="50.4301412" lon="-121.6782295"/>
  <node id="529517816" lat="50.5097969" lon="-121.7202200"/>
  <node id="529518012" lat="50.4240040" lon="-121.6753413"/>
  <node id="529518334" lat="50.3805296" lon="-121.6624317"/>
  <node id="529518408" lat="50.5508415" lon="-121.7849714"/>
  <node id="529518418" lat="50.5402318" lon="-121.7680834"/>
  <node id="529518533" lat="50.5439734" lon="-121.7750158"/>
  <node id="529518603" lat="50.4966469" lon="-121.7079961"/>
  <node id="529518613" lat="50.5534036" lon="-121.7934683"/>
  <node id="529518817" lat="50.3805347" lon="-121.6655483"/>
  <node id="529518821" lat="50.4956898" lon="-121.7065008"/>
  <node id="529519040" lat="50.5333412" lon="-121.7583420"/>
  <node id="529519358" lat="50.5394466" lon="-121.7672000"/>
  <node id="529519432" lat="50.5493812" lon="-121.7823008"/>
  <node id="529519524" lat="50.3802948" lon="-121.6628023"/>
  <node id="529519560" lat="50.4357004" lon="-121.6800216"/>
  <node id="529519592" lat="50.4524497" lon="-121.6844861"/>
  <node id="529519637" lat="50.4804610" lon="-121.7003318"/>
  <node id="529519655" lat="50.5434103" lon="-121.7734382"/>
  <node id="529519668" lat="50.4291044" lon="-121.6778953"/>
  <node id="529519714" lat="50.4012475" lon="-121.6672079"/>
  <node id="529519759" lat="50.5277334" lon="-121.7441754"/>
  <node id="529519789" lat="50.3803337" lon="-121.6660481"/>
  <node id="529519797" lat="50.5296577" lon="-121.7513145"/>
  <node id="529519818" lat="50.5453474" lon="-121.7780185"/>
  <node id="529519991" lat="50.4498707" lon="-121.6835629"/>
  <node id="529520061" lat="50.3805674" lon="-121.6624227"/>
  <node id="529520142" lat="50.5385777" lon="-121.7664828"/>
  <node id="529520266" lat="50.5233471" lon="-121.7327140"/>
  <node id="529520669" lat="50.4168694" lon="-121.6724527"/>
  <node id="529520733" lat="50.3953195" lon="-121.6649622"/>
  <node id="529520783" lat="50.5277569" lon="-121.7431106"/>
  <node id="529520792" lat="50.5350674" lon="-121.7621359"/>
  <node id="529520814" lat="50.5254636" lon="-121.7362383"/>
  <node id="529520842" lat="50.4695917" lon="-121.6901136"/>
  <node id="529521024" lat="50.5336918" lon="-121.7590843"/>
  <node id="529521097" lat="50.4815068" lon="-121.7009319"/>
  <node id="529521487" lat="50.4461262" lon="-121.6822470"/>
  <node id="529521660" lat="50.5428205" lon="-121.7719409"/>
  <node id="529521696" lat="50.5511236" lon="-121.7856866"/>
  <node id="529521891" lat="50.4943177" lon="-121.7051214"/>
  <node id="529521903" lat="50.4271873" lon="-121.6770040"/>
  <node id="529521948" lat="50.5443772" lon="-121.7761432"/>
  <node id="529521967" lat="50.4599679" lon="-121.6854937"/>
  <node id="529521981" lat="50.3862785" lon="-121.6657792"/>
  <node id="529522208" lat="50.4247908" lon="-121.6756542"/>
  <node id="529522236" lat="50.5465244" lon="-121.7793584"/>
  <node id="529522393" lat="50.5361101" lon="-121.7647892"/>
  <node id="529522417" lat="50.3864117" lon="-121.6657723"/>
  <node id="529522448" lat="50.4959731" lon="-121.7069435"/>
  <node id="529522484" lat="50.5389754" lon="-121.7667607"/>
  <node id="529523121" lat="50.3884724" lon="-121.6658224"/>
  <node id="529523175" lat="50.4137437" lon="-121.6714740"/>
  <node id="529523530" lat="50.5524242" lon="-121.7899248"/>
  <node id="529523575" lat="50.3805333" lon="-121.6651680"/>
  <node id="529523619" lat="50.3973169" lon="-121.6657120"/>
  <node id="529523627" lat="50.5281368" lon="-121.7477413"/>
  <node id="529523914" lat="50.4978647" lon="-121.7093677"/>
  <node id="529523921" lat="50.5498760" lon="-121.7830865"/>
  <node id="529524002" lat="50.4179860" lon="-121.6728986"/>
  <node id="529524014" lat="50.5310625" lon="-121.7535186"/>
  <node id="529524027" lat="50.5220609" lon="-121.7313896"/>
  <node id="529524069" lat="50.5364728" lon="-121.7652386"/>
  <node id="529524096" lat="50.5446687" lon="-121.7768526"/>
  <node id="529524130" lat="50.5291250" lon="-121.7502923"/>
  <node id="529524270" lat="50.5240157" lon="-121.7336232"/>
  <node id="529524534" lat="50.4948758" lon="-121.7055346"/>
  <node id="529524618" lat="50.4671439" lon="-121.6885772"/>
  <node id="529524743" lat="50.4216719" lon="-121.6748547"/>
  <node id="529524852" lat="50.5324137" lon="-121.7563787"/>
  <node id="529524940" lat="50.4338546" lon="-121.6794265"/>
  <node id="529525191" lat="50.5278732" lon="-121.7470876"/>
  <node id="529525215" lat="50.4142809" lon="-121.6716423"/>
  <node id="529525308" lat="50.3838280" lon="-121.6663075"/>
  <node id="529525316" lat="50.5354797" lon="-121.7635293"/>
  <node id="529525350" lat="50.5259136" lon="-121.7372926"/>
  <node id="529525689" lat="50.5131461" lon="-121.7232346"/>
  <node id="529525846" lat="50.5290401" lon="-121.7493255"/>
  <node id="529525961" lat="50.3830500" lon="-121.6660975"/>
  <node id="529525976" lat="50.4796930" lon="-121.6998434"/>
  <node id="529526205" lat="50.5275509" lon="-121.7459800"/>
  <node id="529526256" lat="50.5517047" lon="-121.7873219"/>
  <node id="529526284" lat="50.4837359" lon="-121.7017568"/>
  <node id="529526322" lat="50.4548376" lon="-121.6846347"/>
  <node id="529526381" lat="50.5007124" lon="-121.7119129"/>
  <node id="529526477" lat="50.4047564" lon="-121.6684661"/>
  <node id="529526619" lat="50.4742158" lon="-121.6963886"/>
  <node id="529526659" lat="50.4891044" lon="-121.7040349"/>
  <node id="529526684" lat="50.3947234" lon="-121.6649352"/>
  <node id="529526707" lat="50.5466472" lon="-121.7794643"/>
  <node id="529527072" lat="50.5224447" lon="-121.7317408"/>
  <node id="529527316" lat="50.5031664" lon="-121.7141457"/>
  <node id="529527336" lat="50.5357208" lon="-121.7641387"/>
  <node id="529527404" lat="50.4295041" lon="-121.6780241"/>
  <node id="529527447" lat="50.5274654" lon="-121.7455103"/>
  <node id="529527520" lat="50.5119005" lon="-121.7220955"/>
  <node id="529527839" lat="50.4460542" lon="-121.6822329"/>
  <node id="529528721" lat="50.5069354" lon="-121.7175982"/>
  <node id="529528809" lat="50.4910442" lon="-121.7045730"/>
  <node id="529528814" lat="50.5351940" lon="-121.7625636"/>
  <node id="529528833" lat="50.5274692" lon="-121.7451169"/>
  <node id="529528846" lat="50.5285905" lon="-121.7485004"/>
  <node id="529528861" lat="50.5021437" lon="-121.7132151"/>
  <node id="529528884" lat="50.4787572" lon="-121.6994375"/>
  <node id="529528930" lat="50.5248123" lon="-121.7349244"/>
  <node id="529528950" lat="50.5295816" lon="-121.7512255"/>
  <node id="529529184" lat="50.4952108" lon="-121.7058697"/>
  <node id="529529233" lat="50.3820440" lon="-121.6648502"/>
  <node id="529529337" lat="50.5276623" lon="-121.7464205"/>
  <node id="529529344" lat="50.4881531" lon="-121.7036265"/>
  <node id="529529369" lat="50.5424260" lon="-121.7711219"/>
  <node id="529529374" lat="50.5500851" lon="-121.7834186"/>
  <node id="529529378" lat="50.4680815" lon="-121.6889802"/>
  <node id="529529454" lat="50.5418927" lon="-121.7702435"/>
  <node id="529529465" lat="50.5449508" lon="-121.7773833"/>
  <node id="529529501" lat="50.5423338" lon="-121.7709303"/>
  <node id="529529623" lat="50.4257555" lon="-121.6761975"/>
  <node id="529529719" lat="50.5111595" lon="-121.7214268"/>
  <node id="529529769" lat="50.5276149" lon="-121.7425770"/>
  <node id="529529797" lat="50.5263720" lon="-121.7387513"/>
  <node id="529529968" lat="50.5345384" lon="-121.7608680"/>
  <node id="529530035" lat="50.4090249" lon="-121.6699969"/>
  <node id="529530230" lat="50.5367952" lon="-121.7655420"/>
  <node id="529530236" lat="50.4696125" lon="-121.6901328"/>
  <node id="529530270" lat="50.5447527" lon="-121.7770106"/>
  <node id="529530290" lat="50.5245854" lon="-121.7345120"/>
  <node id="529530313" lat="50.5291981" lon="-121.7506673"/>
  <node id="529530372" lat="50.5290535" lon="-121.7495042"/>
  <node id="529530448" lat="50.3802184" lon="-121.6637933"/>
  <node id="529530482" lat="50.4929120" lon="-121.7046155"/>
  <node id="529530485" lat="50.4640622" lon="-121.6872529"/>
  <node id="529530547" lat="50.5136816" lon="-121.7237244"/>
  <node id="529530588" lat="50.5440280" lon="-121.7751683"/>
  <node id="529530617" lat="50.5293421" lon="-121.7509598"/>
  <node id="529530716" lat="50.5225017" lon="-121.7318022"/>
  <node id="529530835" lat="50.5313791" lon="-121.7541887"/>
  <node id="529530930" lat="50.5327948" lon="-121.7571853"/>
  <node id="529530972" lat="50.5273022" lon="-121.7416976"/>
  <node id="529531034" lat="50.4247582" lon="-121.6756358"/>
  <node id="529531062" lat="50.5479946" lon="-121.7806262"/>
  <node id="529531229" lat="50.5504184" lon="-121.7840663"/>
  <node id="529531237" lat="50.5109015" lon="-121.7211820"/>
  <node id="529531255" lat="50.5513494" lon="-121.7862590"/>
  <node id="529531317" lat="50.5454012" lon="-121.7781047"/>
  <node id="529531721" lat="50.5277931" lon="-121.7438762"/>
  <node id="529531825" lat="50.3801909" lon="-121.6635030"/>
  <node id="529531856" lat="50.4994948" lon="-121.7108050"/>
  <node id="529531889" lat="50.5277955" lon="-121.7436484"/>
  <node id="529532011" lat="50.4489060" lon="-121.6829500"/>
  <node id="529532036" lat="50.5300572" lon="-121.7517274"/>
  <node id="529532124" lat="50.4215352" lon="-121.6748261"/>
  <node id="529532150" lat="50.4685775" lon="-121.6892575"/>
  <node id="529532168" lat="50.5228917" lon="-121.7321598"/>
  <node id="529532170" lat="50.4087490" lon="-121.6698979"/>
  <node id="529532294" lat="50.4781419" lon="-121.6992240"/>
  <node id="529532322" lat="50.5269291" lon="-121.7405198"/>
  <node id="529532577" lat="50.4762019" lon="-121.6982536"/>
  <node id="529532605" lat="50.4436994" lon="-121.6817715"/>
  <node id="529532620" lat="50.5344994" lon="-121.7607858"/>
  <node id="529532666" lat="50.3797262" lon="-121.6666729"/>
  <node id="529532712" lat="50.5305967" lon="-121.7525986"/>
  <node id="529532737" lat="50.3996352" lon="-121.6666298"/>
  <node id="529532786" lat="50.4391577" lon="-121.6811332"/>
  <node id="529532852" lat="50.5337204" lon="-121.7591444"/>
  <node id="529532952" lat="50.5309722" lon="-121.7533221"/>
  <node id="529532963" lat="50.3808749" lon="-121.6626269"/>
  <node id="529532999" lat="50.4701014" lon="-121.6906691"/>
  <node id="529533007" lat="50.5251585" lon="-121.7355435"/>
  <node id="529533026" lat="50.4570076" lon="-121.6847697"/>
  <node id="529533174" lat="50.4905090" lon="-121.7045084"/>
  <node id="529533364" lat="50.3818000" lon="-121.6644217"/>
  <node id="529533390" lat="50.5483803" lon="-121.7810666"/>
  <node id="529533456" lat="50.5460569" lon="-121.7788987"/>
  <node id="529533482" lat="50.5208565" lon="-121.7302876"/>
  <node id="529533566" lat="50.5289782" lon="-121.7491490"/>
  <node id="529534022" lat="50.4603682" lon="-121.6856657"/>
  <node id="775460875" lat="50.6818415" lon="-121.9244809"/>
  <node id="775460997" lat="50.6718071" lon="-121.9219023"/>
  <node id="775960688" lat="50.1753267" lon="-121.5802667"/>
  <node id="775960689" lat="50.2116437" lon="-121.5770409"/>
  <node id="775960697" lat="50.2086589" lon="-121.5776044"/>
  <node id="775960702" lat="50.1471922" lon="-121.5770873"/>
  <node id="775960707" lat="50.1871217" lon="-121.5800433"/>
  <node id="775960765" lat="50.1782722" lon="-121.5782390"/>
  <node id="775960766" lat="50.2143639" lon="-121.5770283"/>
  <node id="775960783" lat="50.1903638" lon="-121.5796140"/>
  <node id="775960834" lat="50.1996402" lon="-121.5807739"/>
  <node id="775960843" lat="50.1808747" lon="-121.5764137"/>
  <node id="775960853" lat="50.1945950" lon="-121.5791106"/>
  <node id="775960861" lat="50.1931258" lon="-121.5785239"/>
  <node id="775960875" lat="50.2615874" lon="-121.5416446"/>
  <node id="775960902" lat="50.1715338" lon="-121.5810566"/>
  <node id="775960910" lat="50.2035473" lon="-121.5793436"/>
  <node id="775960919" lat="50.1835181" lon="-121.5769029"/>
  <node id="775960939" lat="49.9567854" lon="-121.4874008"/>
  <node id="775960977" lat="50.1742845" lon="-121.5805660"/>
  <node id="775960980" lat="49.8299042" lon="-121.4333895"/>
  <node id="775960985" lat="50.2076611" lon="-121.5780356"/>
  <node id="775960995" lat="50.1858395" lon="-121.5793147"/>
  <node id="775961052" lat="50.2387392" lon="-121.5762195"/>
  <node id="775961057" lat="50.1771066" lon="-121.5791011"/>
  <node id="775961058" lat="50.2139192" lon="-121.5771923"/>
  <node id="775961075" lat="50.1894115" lon="-121.5800509"/>
  <node id="775961126" lat="50.1980470" lon="-121.5805769"/>
  <node id="775961135" lat="50.1798347" lon="-121.5770334"/>
  <node id="775961136" lat="50.2158923" lon="-121.5765125"/>
  <node id="775961145" lat="50.1937952" lon="-121.5786279"/>
  <node id="775961153" lat="50.1922955" lon="-121.5787385"/>
  <node id="775961196" lat="50.1708808" lon="-121.5808981"/>
  <node id="775961204" lat="50.2021094" lon="-121.5802244"/>
  <node id="775961212" lat="50.1829646" lon="-121.5764454"/>
  <node id="775961223" lat="50.1964154" lon="-121.5802842"/>
  <node id="775961274" lat="50.1735244" lon="-121.5807769"/>
  <node id="775961282" lat="50.2064414" lon="-121.5785142"/>
  <node id="775961292" lat="50.1851222" lon="-121.5786990"/>
  <node id="775961311" lat="49.9582949" lon="-121.4936882"/>
  <node id="775961334" lat="50.1294036" lon="-121.5689355"/>
  <node id="775961336" lat="49.8194055" lon="-121.4334564"/>
  <node id="775961351" lat="50.1761924" lon="-121.5797778"/>
  <node id="775961352" lat="50.2124041" lon="-121.5770704"/>
  <node id="775961360" lat="50.2100708" lon="-121.5773554"/>
  <node id="775961365" lat="50.1496457" lon="-121.5801563"/>
  <node id="775961370" lat="50.1877011" lon="-121.5801707"/>
  <node id="775961428" lat="50.1789600" lon="-121.5777445"/>
  <node id="775961429" lat="50.2149313" lon="-121.5767771"/>
  <node id="775961445" lat="50.1913296" lon="-121.5791904"/>
  <node id="775961489" lat="50.1701058" lon="-121.5804697"/>
  <node id="775961497" lat="50.2009953" lon="-121.5807438"/>
  <node id="775961506" lat="50.1819818" lon="-121.5762025"/>
  <node id="775961516" lat="50.1954775" lon="-121.5799104"/>
  <node id="775961538" lat="50.2612801" lon="-121.5419196"/>
  <node id="775961566" lat="50.1723314" lon="-121.5810173"/>
  <node id="775961574" lat="50.2049013" lon="-121.5787144"/>
  <node id="775961584" lat="50.1842185" lon="-121.5777049"/>
  <node id="775961605" lat="49.9562432" lon="-121.4890387"/>
  <node id="775961628" lat="50.1323196" lon="-121.5725103"/>
  <node id="775965871" lat="50.2201471" lon="-121.5837161"/>
  <node id="775965873" lat="50.2209585" lon="-121.5858242"/>
  <node id="775965874" lat="50.2274066" lon="-121.5830613"/>
  <node id="775965876" lat="50.2227485" lon="-121.5865402"/>
  <node id="775965878" lat="50.2256443" lon="-121.5834376"/>
  <node id="775965880" lat="50.2194470" lon="-121.5823636"/>
  <node id="775965881" lat="50.2362270" lon="-121.5806862"/>
  <node id="775965882" lat="50.2206721" lon="-121.5852276"/>
  <node id="775965883" lat="50.2268296" lon="-121.5829762"/>
  <node id="775965885" lat="50.2222632" lon="-121.5866198"/>
  <node id="775965887" lat="50.2252067" lon="-121.5838752"/>
  <node id="775965889" lat="50.2189537" lon="-121.5817988"/>
  <node id="775965891" lat="50.2204255" lon="-121.5845355"/>
  <node id="775965893" lat="50.2262330" lon="-121.5830478"/>
  <node id="775965895" lat="50.2216904" lon="-121.5864527"/>
  <node id="775965898" lat="50.2232576" lon="-121.5862777"/>
  <node id="780792072" lat="49.8971855" lon="-121.4500930"/>
  <node id="780792074" lat="49.9885140" lon="-121.5114504"/>
  <node id="780792236" lat="49.8646438" lon="-121.4483958"/>
  <node id="780792274" lat="50.0917875" lon="-121.5630402"/>
  <node id="780792317" lat="49.8367576" lon="-121.4377647"/>
  <node id="780792322" lat="50.1629114" lon="-121.5830651"/>
  <node id="780792393" lat="50.2030240" lon="-121.5839703"/>
  <node id="780792756" lat="49.8553916" lon="-121.4440467"/>
  <node id="780792996" lat="49.9564937" lon="-121.4910147"/>
  <node id="780793073" lat="50.1551389" lon="-121.5833004"/>
  <node id="780793103" lat="50.0303411" lon="-121.5356977"/>
  <node id="780793299" lat="49.9288550" lon="-121.4613724"/>
  <node id="780793419" lat="49.9206074" lon="-121.4560277"/>
  <node id="780793585" lat="49.8878155" lon="-121.4478536"/>
  <node id="780793649" lat="50.1183508" lon="-121.5693180"/>
  <node id="783522553" lat="50.2133555" lon="-121.5819818"/>
  <node id="783522731" lat="50.2095465" lon="-121.5825473"/>
  <node id="783522753" lat="50.2185221" lon="-121.5814970"/>
  <node id="783522805" lat="50.2109313" lon="-121.5824682"/>
  <node id="783522902" lat="50.2150267" lon="-121.5813931"/>
  <node id="783523159" lat="50.2117780" lon="-121.5824919"/>
  <node id="783523177" lat="50.2081222" lon="-121.5829271"/>
  <node id="783523198" lat="50.2176092" lon="-121.5812372"/>
  <node id="783523233" lat="50.2165966" lon="-121.5811272"/>
  <node id="783523330" lat="50.2128066" lon="-121.5821754"/>
  <node id="783523497" lat="50.2122369" lon="-121.5824128"/>
  <node id="783523515" lat="50.2089135" lon="-121.5826660"/>
  <node id="783523537" lat="50.2181511" lon="-121.5813098"/>
  <node id="783523587" lat="50.2102429" lon="-121.5824919"/>
  <node id="1036812494" lat="49.8431881" lon="-121.4399345"/>
  <node id="1036812504" lat="49.8249476" lon="-121.4315529"/>
  <node id="1036812506" lat="49.8397043" lon="-121.4392609"/>
  <node id="1036812508" lat="49.8177681" lon="-121.4392479"/>
  <node id="1036812510" lat="49.8175675" lon="-121.4420591"/>
  <node id="1036812512" lat="49.8177848" lon="-121.4449738"/>
  <node id="1036818934" lat="50.3124181" lon="-121.3983250"/>
  <node id="1036867603" lat="50.2868596" lon="-121.6253136"/>
  <node id="1036867605" lat="50.2838863" lon="-121.6241808"/>
  <node id="1036867607" lat="50.2756501" lon="-121.6156090"/>
  <node id="1062223408" lat="50.2577444" lon="-121.5480557"/>
  <node id="1062223411" lat="50.2533384" lon="-121.5531095"/>
  <node id="1062223421" lat="50.2531326" lon="-121.5535923"/>
  <node id="1062223422" lat="50.2612816" lon="-121.5456422"/>
  <node id="1062223449" lat="50.2595257" lon="-121.5463932"/>
  <node id="1062223453" lat="50.2530366" lon="-121.5561672"/>
  <node id="1062223463" lat="50.2532355" lon="-121.5571006"/>
  <node id="1062223480" lat="50.2534276" lon="-121.5594824"/>
  <node id="1062223488" lat="50.2616040" lon="-121.5455456"/>
  <node id="1062223511" lat="50.2587369" lon="-121.5469297"/>
  <node id="1062223522" lat="50.2556433" lon="-121.5502771"/>
  <node id="1062223547" lat="50.2590387" lon="-121.5466722"/>
  <node id="1062223595" lat="50.2602322" lon="-121.5461035"/>
  <node id="1062223598" lat="50.2581882" lon="-121.5475198"/>
  <node id="1062223611" lat="50.2533522" lon="-121.5575834"/>
  <node id="1062223616" lat="50.2539970" lon="-121.5522083"/>
  <node id="1062223621" lat="50.2530092" lon="-121.5542145"/>
  <node id="1062223625" lat="50.2529063" lon="-121.5549441"/>
  <node id="1062223627" lat="50.2537020" lon="-121.5526052"/>
  <node id="1062223639" lat="50.2529337" lon="-121.5554376"/>
  <node id="1062223641" lat="50.2548339" lon="-121.5511783"/>
  <node id="1062223657" lat="50.2608632" lon="-121.5457817"/>
  <node id="1062223659" lat="50.2534551" lon="-121.5585168"/>
  <node id="1062223661" lat="50.2562401" lon="-121.5496119"/>
  <node id="1062223697" lat="50.2571318" lon="-121.5487643"/>
  <node id="1062223699" lat="50.2534002" lon="-121.5579375"/>
  <node id="1062298990" lat="50.2560521" lon="-121.5482199"/>
  <node id="1062298991" lat="50.2585462" lon="-121.4562438"/>
  <node id="1062298994" lat="50.2542261" lon="-121.4779450"/>
  <node id="1062298997" lat="50.2580208" lon="-121.4755095"/>
  <node id="1062298999" lat="50.2591546" lon="-121.4691548"/>
  <node id="1062299002" lat="50.2764090" lon="-121.4065231"/>
  <node id="1062299016" lat="50.2499111" lon="-121.4869078"/>
  <node id="1062299018" lat="50.2590853" lon="-121.5194259"/>
  <node id="1062299020" lat="50.2474008" lon="-121.5732524"/>
  <node id="1062299024" lat="50.2499488" lon="-121.4927132"/>
  <node id="1062299026" lat="50.2797467" lon="-121.4081314"/>
  <node id="1062299029" lat="50.2515953" lon="-121.4980798"/>
  <node id="1062299032" lat="50.2568760" lon="-121.5157341"/>
  <node id="1062299036" lat="50.2514629" lon="-121.5660974"/>
  <node id="1062299054" lat="50.2912952" lon="-121.3990065"/>
  <node id="1062299055" lat="50.3004012" lon="-121.3950003"/>
  <node id="1069492787" lat="50.4039184" lon="-121.3785432"/>
  <node id="1069492925" lat="50.4032113" lon="-121.3815119"/>
  <node id="1069492945" lat="50.4069599" lon="-121.3744485"/>
  <node id="1069552694" lat="50.3353359" lon="-121.3995386"/>
  <node id="1069552696" lat="50.3375564" lon="-121.3995202"/>
  <node id="1069552699" lat="50.3341453" lon="-121.4002256"/>
  <node id="1069552716" lat="50.3397469" lon="-121.3991828"/>
  <node id="1069893783" lat="50.2577370" lon="-121.4348506"/>
  <node id="1069894067" lat="50.2588214" lon="-121.4335534"/>
  <node id="1069894335" lat="50.2584973" lon="-121.4336629"/>
  <node id="1069894718" lat="50.2581818" lon="-121.4340931"/>
  <node id="1069894764" lat="50.2575644" lon="-121.4363188"/>
  <node id="1070957018" lat="50.2550013" lon="-121.6006302"/>
  <node id="1070957169" lat="50.2457895" lon="-121.5893263"/>
  <node id="1070957366" lat="50.2673908" lon="-121.6053777"/>
  <node id="1070957726" lat="50.2659578" lon="-121.6052784"/>
  <node id="1070958240" lat="50.2505354" lon="-121.5945898"/>
  <node id="1070958504" lat="50.2853754" lon="-121.6252426"/>
  <node id="1070959009" lat="50.2432732" lon="-121.5870877"/>
  <node id="1070959533" lat="50.2642192" lon="-121.6058808"/>
  <node id="1071016797" lat="50.3052193" lon="-121.6430434"/>
  <node id="1071016844" lat="50.3114865" lon="-121.6456950"/>
  <node id="1071016848" lat="50.3194676" lon="-121.6510903"/>
  <node id="1071016990" lat="50.3422978" lon="-121.6590759"/>
  <node id="1071017122" lat="50.2922556" lon="-121.6349115"/>
  <node id="1071017206" lat="50.2926389" lon="-121.6387186"/>
  <node id="1071017783" lat="50.2933658" lon="-121.6408536"/>
  <node id="1071019038" lat="50.3451419" lon="-121.6615828"/>
  <node id="1071019046" lat="50.3251585" lon="-121.6538296"/>
  <node id="1071019690" lat="50.3129576" lon="-121.6470927"/>
  <node id="1071019761" lat="50.3237612" lon="-121.6535758"/>
  <node id="1071019793" lat="50.3072040" lon="-121.6420475"/>
  <node id="1071019882" lat="50.3210377" lon="-121.6524236"/>
  <node id="1071019981" lat="50.2900784" lon="-121.6302310"/>
  <node id="1071020044" lat="50.3506258" lon="-121.6683052"/>
  <node id="1071020090" lat="50.3308739" lon="-121.6567382"/>
  <node id="1071020099" lat="50.2879937" lon="-121.6266350"/>
  <node id="1071020187" lat="50.3103357" lon="-121.6440336"/>
  <node id="1071020208" lat="50.3010032" lon="-121.6420920"/>
  <node id="1071020259" lat="50.3285379" lon="-121.6551584"/>
  <node id="1071020292" lat="50.2952680" lon="-121.6411768"/>
  <node id="1071161130" lat="50.3869103" lon="-121.6774953"/>
  <node id="1071161132" lat="50.3600338" lon="-121.6759192"/>
  <node id="1071161282" lat="50.3826984" lon="-121.6771225"/>
  <node id="1071161299" lat="50.3680478" lon="-121.6775280"/>
  <node id="1071161369" lat="50.3792156" lon="-121.6748152"/>
  <node id="1071161413" lat="50.3749865" lon="-121.6745132"/>
  <node id="1071161454" lat="50.3572343" lon="-121.6741280"/>
  <node id="1071161635" lat="50.3529361" lon="-121.6702469"/>
  <node id="1071161879" lat="50.3951616" lon="-121.6740014"/>
  <node id="1071162057" lat="50.3727839" lon="-121.6740980"/>
  <node id="1071162139" lat="50.3551116" lon="-121.6725713"/>
  <node id="1071190480" lat="50.5275008" lon="-121.7720146"/>
  <node id="1071190482" lat="50.4798587" lon="-121.7164909"/>
  <node id="1071190487" lat="50.4431949" lon="-121.6965482"/>
  <node id="1071190490" lat="50.4605756" lon="-121.7071506"/>
  <node id="1071190493" lat="50.5085396" lon="-121.7352878"/>
  <node id="1071190496" lat="50.4929385" lon="-121.7271623"/>
  <node id="1071190499" lat="50.4715314" lon="-121.7125073"/>
  <node id="1071190503" lat="50.5347727" lon="-121.7783866"/>
  <node id="1071190534" lat="50.5263153" lon="-121.7674518"/>
  <node id="1071190536" lat="50.4236524" lon="-121.6856841"/>
  <node id="1071190538" lat="50.5310731" lon="-121.7772934"/>
  <node id="1071190541" lat="50.4117272" lon="-121.6838549"/>
  <node id="1071190546" lat="50.4371688" lon="-121.6974816"/>
  <node id="1071190550" lat="50.4354689" lon="-121.6951342"/>
  <node id="1071190555" lat="50.4167268" lon="-121.6872568"/>
  <node id="1071190561" lat="50.4489906" lon="-121.6934894"/>
  <node id="1071190591" lat="50.5280457" lon="-121.7583913"/>
  <node id="1071190596" lat="50.4409250" lon="-121.6981872"/>
  <node id="1071190598" lat="50.5179212" lon="-121.7511805"/>
  <node id="1071190602" lat="50.5218359" lon="-121.7531623"/>
  <node id="1071190605" lat="50.5015926" lon="-121.7268416"/>
  <node id="1071190610" lat="50.5278676" lon="-121.7739706"/>
  <node id="1071190617" lat="50.5115949" lon="-121.7449449"/>
  <node id="1071190631" lat="50.4532548" lon="-121.7023342"/>
  <node id="1071190635" lat="50.5472190" lon="-121.7927617"/>
  <node id="1071190642" lat="50.5273793" lon="-121.7554774"/>
  <node id="1071190647" lat="50.5467167" lon="-121.7989871"/>
  <node id="1071190651" lat="50.4262231" lon="-121.6869458"/>
  <node id="1071190656" lat="50.4301948" lon="-121.6917148"/>
  <node id="1071190660" lat="50.5089585" lon="-121.7401469"/>
  <node id="1071190665" lat="50.4886268" lon="-121.7272434"/>
  <node id="1071190672" lat="50.5359475" lon="-121.7781359"/>
  <node id="1071190675" lat="50.4813709" lon="-121.7191452"/>
  <node id="1071190681" lat="50.4461029" lon="-121.6951636"/>
  <node id="1071190687" lat="50.4656165" lon="-121.7089180"/>
  <node id="1071190692" lat="50.4683321" lon="-121.7107617"/>
  <node id="1071190696" lat="50.5042790" lon="-121.7314179"/>
  <node id="1071190701" lat="50.5429437" lon="-121.7826900"/>
  <node id="1071190705" lat="50.4548519" lon="-121.7046688"/>
  <node id="1071190725" lat="50.5469163" lon="-121.7881211"/>
  <node id="1071190729" lat="50.5066284" lon="-121.7330369"/>
  <node id="1071190733" lat="50.4142695" lon="-121.6849885"/>
  <node id="1071190737" lat="50.5267812" lon="-121.7638072"/>
  <node id="1071190741" lat="50.4872096" lon="-121.7250244"/>
  <node id="1071190746" lat="50.4842839" lon="-121.7223081"/>
  <node id="1071190748" lat="50.5292828" lon="-121.7752613"/>
  <node id="1071868630" lat="50.4041284" lon="-121.6775877"/>
  <node id="1071868952" lat="50.4016803" lon="-121.6756672"/>
  <node id="1073395118" lat="50.5646458" lon="-121.8054322"/>
  <node id="1073395122" lat="50.6437686" lon="-121.8797208"/>
  <node id="1073395125" lat="50.5667598" lon="-121.8061832"/>
  <node id="1073395128" lat="50.6367633" lon="-121.8685149"/>
  <node id="1073395131" lat="50.5602138" lon="-121.8056950"/>
  <node id="1073395141" lat="50.6217477" lon="-121.8629795"/>
  <node id="1073395146" lat="50.6003442" lon="-121.8495948"/>
  <node id="1073395149" lat="50.5779271" lon="-121.8308788"/>
  <node id="1073395152" lat="50.6071483" lon="-121.8535649"/>
  <node id="1073395155" lat="50.5800071" lon="-121.8352444"/>
  <node id="1073395158" lat="50.5839018" lon="-121.8406066"/>
  <node id="1073395161" lat="50.6030751" lon="-121.8520661"/>
  <node id="1073395165" lat="50.5966523" lon="-121.8469568"/>
  <node id="1073395181" lat="50.6161516" lon="-121.8589626"/>
  <node id="1073395184" lat="50.6322828" lon="-121.8640964"/>
  <node id="1074583446" lat="50.7046844" lon="-121.9161053"/>
  <node id="1074587478" lat="50.7348034" lon="-121.9291818"/>
  <node id="1074587479" lat="50.7687970" lon="-121.8463783"/>
  <node id="1074587480" lat="50.7476858" lon="-121.8628674"/>
  <node id="1074587481" lat="50.7287308" lon="-121.9249605"/>
  <node id="1074587482" lat="50.7954120" lon="-121.8576006"/>
  <node id="1074587483" lat="50.7576232" lon="-121.9303823"/>
  <node id="1074587484" lat="50.7471597" lon="-121.8671932"/>
  <node id="1074587485" lat="50.7632643" lon="-121.9057022"/>
  <node id="1074587486" lat="50.7630357" lon="-121.8428119"/>
  <node id="1074587487" lat="50.7524111" lon="-121.8469109"/>
  <node id="1074587488" lat="50.7461941" lon="-121.8722052"/>
  <node id="1074587489" lat="50.7650659" lon="-121.9154737"/>
  <node id="1074587490" lat="50.7554995" lon="-121.8428152"/>
  <node id="1074587491" lat="50.8274156" lon="-121.8787171"/>
  <node id="1074587492" lat="50.7510864" lon="-121.8870619"/>
  <node id="1074587493" lat="50.7483311" lon="-121.9313559"/>
  <node id="1074587494" lat="50.7546147" lon="-121.9313930"/>
  <node id="1074587495" lat="50.7192757" lon="-121.9161655"/>
  <node id="1074587496" lat="50.7585194" lon="-121.8410522"/>
  <node id="1074587497" lat="50.7628599" lon="-121.8995101"/>
  <node id="1074587498" lat="50.7484533" lon="-121.8847451"/>
  <node id="1074587499" lat="50.7613892" lon="-121.8416822"/>
  <node id="1074587500" lat="50.7464089" lon="-121.8743075"/>
  <node id="1074587501" lat="50.7649845" lon="-121.9136391"/>
  <node id="1074587502" lat="50.7468025" lon="-121.8678495"/>
  <node id="1074587503" lat="50.7469452" lon="-121.8760359"/>
  <node id="1074587504" lat="50.7132139" lon="-121.9109588"/>
  <node id="1074587505" lat="50.7606372" lon="-121.8908707"/>
  <node id="1074587506" lat="50.7180451" lon="-121.9145420"/>
  <node id="1074587507" lat="50.7500244" lon="-121.9309929"/>
  <node id="1074587508" lat="50.8246017" lon="-121.8812684"/>
  <node id="1074587509" lat="50.7642622" lon="-121.9088399"/>
  <node id="1074587510" lat="50.8132754" lon="-121.8833734"/>
  <node id="1074587511" lat="50.7648848" lon="-121.8443049"/>
  <node id="1074587512" lat="50.7570171" lon="-121.8878333"/>
  <node id="1074587513" lat="50.7537971" lon="-121.9311333"/>
  <node id="1074587514" lat="50.7530923" lon="-121.8457339"/>
  <node id="1074587515" lat="50.8292006" lon="-121.8768266"/>
  <node id="1074587516" lat="50.7471926" lon="-121.8799031"/>
  <node id="1074587517" lat="50.7550578" lon="-121.9319700"/>
  <node id="1074587518" lat="50.7628731" lon="-121.8966514"/>
  <node id="1074587519" lat="50.7369811" lon="-121.9315255"/>
  <node id="1074587521" lat="50.7614160" lon="-121.9272672"/>
  <node id="1074587522" lat="50.7510972" lon="-121.8488042"/>
  <node id="1074587523" lat="50.7471404" lon="-121.8584544"/>
  <node id="1074587524" lat="50.7276912" lon="-121.9229916"/>
  <node id="1074587525" lat="50.7651230" lon="-121.9183564"/>
  <node id="1074587526" lat="50.7626021" lon="-121.9257287"/>
  <node id="1074587527" lat="50.7402430" lon="-121.9329476"/>
  <node id="1074587528" lat="50.7645980" lon="-121.9205219"/>
  <node id="1074587529" lat="50.7647859" lon="-121.9115278"/>
  <node id="1074587530" lat="50.7513535" lon="-121.9309300"/>
  <node id="1074587531" lat="50.7436477" lon="-121.9326287"/>
  <node id="1074587532" lat="50.7465002" lon="-121.8696759"/>
  <node id="1074587533" lat="50.7879923" lon="-121.8572540"/>
  <node id="1074587534" lat="50.7122081" lon="-121.9110339"/>
  <node id="1074587535" lat="50.7565854" lon="-121.8416312"/>
  <node id="1074587536" lat="50.7467819" lon="-121.9313763"/>
  <node id="1074587622" lat="50.8507384" lon="-121.8779021"/>
  <node id="1074587623" lat="50.8479923" lon="-121.8762112"/>
  <node id="1074587624" lat="50.8622512" lon="-121.8742718"/>
  <node id="1074587625" lat="50.8533760" lon="-121.8788248"/>
  <node id="1083076264" lat="50.4965187" lon="-121.7078025"/>
  <node id="1083093908" lat="50.3673627" lon="-121.6671984"/>
  <node id="1083094098" lat="50.2932689" lon="-121.6218694"/>
  <node id="1083094123" lat="50.2940364" lon="-121.6232628"/>
  <node id="1106910743" lat="50.7492099" lon="-121.9311004"/>
  <node id="1314233713" lat="50.2631109" lon="-121.4180985"/>
  <node id="1315834700" lat="50.1886573" lon="-121.5801396"/>
  <node id="1315835494" lat="50.1899038" lon="-121.5798438"/>
  <node id="1344062128" lat="50.6847207" lon="-121.9295325"/>
  <node id="1345986740" lat="50.8367105" lon="-121.8728033"/>
  <node id="1345990045" lat="50.8313670" lon="-121.8734379"/>
  <node id="2298360668" lat="50.7201316" lon="-121.9166221"/>
  <node id="2298360675" lat="50.7211346" lon="-121.9178103"/>
  <node id="2298360684" lat="50.7220059" lon="-121.9182543"/>
  <node id="2298360692" lat="50.7229197" lon="-121.9191807"/>
  <node id="2298360760" lat="50.7309110" lon="-121.9270007"/>
  <node id="2298360798" lat="50.7418116" lon="-121.9324726"/>
  <node id="2298360815" lat="50.7446675" lon="-121.9319448"/>
  <node id="2298360825" lat="50.7454513" lon="-121.9319663"/>
  <node id="2298360915" lat="50.7473092" lon="-121.8608946"/>
  <node id="2298360968" lat="50.7479309" lon="-121.8823505"/>
  <node id="2298361297" lat="50.7531116" lon="-121.9310979"/>
  <node id="2298361323" lat="50.7541304" lon="-121.9311141"/>
  <node id="2298361429" lat="50.7592892" lon="-121.9287054"/>
  <node id="2298361615" lat="50.7646354" lon="-121.9099919"/>
  <node id="2298361700" lat="50.7780641" lon="-121.8506885"/>
  <node id="2298361715" lat="50.7806262" lon="-121.8525927"/>
  <node id="2298361863" lat="50.8100731" lon="-121.8738932"/>
  <node id="2298361868" lat="50.8103181" lon="-121.8766237"/>
  <node id="2298361871" lat="50.8143450" lon="-121.8853105"/>
  <node id="2298361872" lat="50.8180504" lon="-121.8864835"/>
  <node id="2303025311" lat="50.5700438" lon="-121.8102308"/>
  <node id="2303025603" lat="50.5876812" lon="-121.8436787"/>
  <node id="2303026021" lat="50.6281942" lon="-121.8636293"/>
  <node id="2303026176" lat="50.6487518" lon="-121.8884726"/>
  <node id="2303026177" lat="50.6488053" lon="-121.8838330"/>
  <node id="2303026232" lat="50.6533383" lon="-121.9002195"/>
  <node id="2303026346" lat="50.6673623" lon="-121.9223845"/>
  <node id="2303026419" lat="50.6765044" lon="-121.9186727"/>
  <node id="2303076718" lat="50.2613298" lon="-121.6041164"/>
  <node id="2303076845" lat="50.2772876" lon="-121.6179633"/>
  <node id="2303076878" lat="50.2820812" lon="-121.6220169"/>
  <node id="2303077124" lat="50.3173039" lon="-121.6493698"/>
  <node id="2303077767" lat="50.4190502" lon="-121.6868568"/>
  <node id="2303109598" lat="50.0141917" lon="-121.5277321"/>
  <node id="2303109874" lat="50.0429917" lon="-121.5412999"/>
  <node id="2303109972" lat="50.0510687" lon="-121.5445832"/>
  <node id="2303110136" lat="50.0668312" lon="-121.5504979"/>
  <node id="2303110184" lat="50.0699769" lon="-121.5518499"/>
  <node id="2303110617" lat="50.1008960" lon="-121.5643071"/>
  <node id="2303110649" lat="50.1021472" lon="-121.5633577"/>
  <node id="2303111137" lat="50.1235739" lon="-121.5628161"/>
  <node id="2303111368" lat="50.1311835" lon="-121.5703030"/>
  <node id="2303111433" lat="50.1336675" lon="-121.5739561"/>
  <node id="2303111495" lat="50.1391056" lon="-121.5751425"/>
  <node id="2303111558" lat="50.1452213" lon="-121.5765765"/>
  <node id="2303111838" lat="50.1669337" lon="-121.5827040"/>
  <node id="2303111938" lat="50.1769225" lon="-121.5820280"/>
  <node id="2303112064" lat="50.1808340" lon="-121.5788171"/>
  <node id="2303112262" lat="50.2128556" lon="-121.5802415"/>
  <node id="2303112344" lat="50.2203943" lon="-121.5803381"/>
  <node id="2303112386" lat="50.2254606" lon="-121.5856976"/>
  <node id="2303112424" lat="50.2323024" lon="-121.5864764"/>
  <node id="2303112461" lat="50.2374754" lon="-121.5843698"/>
  <node id="2303145397" lat="49.9021475" lon="-121.4482833"/>
  <node id="2303145662" lat="49.9497749" lon="-121.4788535"/>
  <node id="2303145757" lat="49.9570057" lon="-121.4922366"/>
  <node id="2303145829" lat="49.9635939" lon="-121.5019437"/>
  <node id="2303145982" lat="49.9912595" lon="-121.5105024"/>
  <node id="3022930910" lat="50.1809612" lon="-121.5724563"/>
  <node id="3022930911" lat="50.1843937" lon="-121.5727128"/>
  <node id="3022930919" lat="50.2079459" lon="-121.5747549"/>
  <node id="3022930920" lat="50.2070420" lon="-121.5744350"/>
  <node id="3022930923" lat="50.2094932" lon="-121.5754474"/>
  <node id="3022930927" lat="50.2036955" lon="-121.5735856"/>
  <node id="3022930928" lat="50.1966805" lon="-121.5731170"/>
  <node id="3022931338" lat="50.2087610" lon="-121.5752087"/>
  <node id="3022931342" lat="50.1808214" lon="-121.5724606"/>
  <node id="3022931345" lat="50.1817122" lon="-121.5722239"/>
  <node id="3022931354" lat="50.2092498" lon="-121.5754129"/>
  <node id="3022931356" lat="50.1821249" lon="-121.5721251"/>
  <node id="3022931358" lat="50.1823516" lon="-121.5721169"/>
  <node id="3022931360" lat="50.2099235" lon="-121.5754327"/>
  <node id="3022931365" lat="50.2068029" lon="-121.5744114"/>
  <node id="3022931367" lat="50.2076527" lon="-121.5746195"/>
  <node id="3022931373" lat="50.2019027" lon="-121.5736116"/>
  <node id="3022931380" lat="50.2050781" lon="-121.5740920"/>
  <node id="3022931384" lat="50.2101315" lon="-121.5753922"/>
  <node id="3022931391" lat="50.2058036" lon="-121.5743093"/>
  <node id="3022931394" lat="50.1805125" lon="-121.5724099"/>
  <node id="3022931399" lat="50.2014959" lon="-121.5736159"/>
  <node id="3022931411" lat="50.2083257" lon="-121.5749708"/>
  <node id="3022931412" lat="50.2033993" lon="-121.5735290"/>
  <node id="3022931414" lat="50.1827794" lon="-121.5722145"/>
  <node id="3022931422" lat="50.2062519" lon="-121.5743639"/>
  <node id="3022931426" lat="50.2029928" lon="-121.5735088"/>
  <node id="3022931429" lat="50.1814430" lon="-121.5723213"/>
  <node id="3022931432" lat="50.2111647" lon="-121.5751549"/>
  <node id="3022931446" lat="50.1798954" lon="-121.5722045"/>
  <node id="3928031790" lat="50.2316681" lon="-121.5781016"/>
  <node id="4174599699" lat="50.2224532" lon="-121.5867327"/>
  <node id="4174599700" lat="50.2227415" lon="-121.5866657"/>
  <node id="4174599701" lat="50.2230349" lon="-121.5865450"/>
  <node id="4174599702" lat="50.2232649" lon="-121.5863679"/>
  <node id="4174599703" lat="50.2241280" lon="-121.5811913"/>
  <node id="4174599704" lat="50.2243614" lon="-121.5813361"/>
  <node id="4174599705" lat="50.2248522" lon="-121.5815668"/>
  <node id="4174599706" lat="50.2251062" lon="-121.5817036"/>
  <node id="4174599707" lat="50.2254425" lon="-121.5817760"/>
  <node id="4174599708" lat="50.2256896" lon="-121.5817224"/>
  <node id="4174599709" lat="50.2257239" lon="-121.5837930"/>
  <node id="4174599710" lat="50.2257634" lon="-121.5839110"/>
  <node id="4174599711" lat="50.2257668" lon="-121.5836723"/>
  <node id="4174599712" lat="50.2258543" lon="-121.5835543"/>
  <node id="4174599713" lat="50.2258698" lon="-121.5839459"/>
  <node id="4174599714" lat="50.2259298" lon="-121.5833639"/>
  <node id="4174599715" lat="50.2259401" lon="-121.5838949"/>
  <node id="4174599716" lat="50.2259408" lon="-121.5832413">
    <tag k="railway" v="level_crossing"/>
  </node>
  <node id="4174599717" lat="50.2260294" lon="-121.5837447"/>
  <node id="4174599718" lat="50.2261186" lon="-121.5835865"/>
  <node id="4174599719" lat="50.2261220" lon="-121.5815346"/>
  <node id="4174599720" lat="50.2262919" lon="-121.5835060"/>
  <node id="4174599721" lat="50.2265170" lon="-121.5814409"/>
  <node id="4174599722" lat="50.2265991" lon="-121.5835355"/>
  <node id="4174599723" lat="50.2267375" lon="-121.5815238"/>
  <node id="4174599724" lat="50.2270178" lon="-121.5836214"/>
  <node id="4174599725" lat="50.2271997" lon="-121.5836857">
    <tag k="highway" v="turning_circle"/>
  </node>
  <node id="4617428049" lat="50.2237274" lon="-121.5779006"/>
  <node id="4617428050" lat="50.2232434" lon="-121.5774332"/>
  <node id="4617428051" lat="50.2228975" lon="-121.5774332"/>
  <node id="4617428052" lat="50.2227600" lon="-121.5774072"/>
  <node id="4617428053" lat="50.2223557" lon="-121.5770880"/>
  <node id="4617428054" lat="50.2232565" lon="-121.5771373"/>
  <node id="4725372535" lat="50.2236376" lon="-121.5771953"/>
  <node id="4725376047" lat="50.2243101" lon="-121.5770971"/>
  <node id="4725908521" lat="50.2340654" lon="-121.5805200"/>
  <node id="4725908522" lat="50.2340329" lon="-121.5805741"/>
  <node id="4725908523" lat="50.2339900" lon="-121.5806599"/>
  <node id="4725908524" lat="50.2339484" lon="-121.5807457"/>
  <node id="4725908525" lat="50.2336149" lon="-121.5806502"/>
  <node id="4725908526" lat="50.2336531" lon="-121.5806797"/>
  <node id="4725908527" lat="50.2337234" lon="-121.5807266"/>
  <node id="4725908528" lat="50.2337809" lon="-121.5807695"/>
  <node id="4725908529" lat="50.2338418" lon="-121.5808151"/>
  <node id="4725908530" lat="50.2338992" lon="-121.5808595"/>
  <node id="5248005253" lat="49.9769495" lon="-121.5092105"/>
  <node id="5535155094" lat="50.2233136" lon="-121.5863232"/>
  <node id="5535155095" lat="50.2252322" lon="-121.5839575"/>
  <node id="5535155096" lat="50.2258963" lon="-121.5834483"/>
  <node id="5535155097" lat="50.2253274" lon="-121.5838585"/>
  <node id="5535176164" lat="50.2865122" lon="-121.6081147"/>
  <node id="5535191023" lat="50.2635426" lon="-121.5928174"/>
  <node id="5535191051" lat="50.2739922" lon="-121.5981424"/>
  <node id="5535191100" lat="50.2614156" lon="-121.5958392"/>
  <node id="5759269609" lat="49.9750720" lon="-121.5080166"/>
  <node id="5759269610" lat="49.9907668" lon="-121.5105379"/>
  <node id="5759269612" lat="49.9616567" lon="-121.4997232"/>
  <node id="5759272174" lat="49.9954297" lon="-121.5126019"/>
  <node id="6004353932" lat="50.1958891" lon="-121.5801466"/>
  <node id="6004353933" lat="50.2069800" lon="-121.5783656"/>
  <node id="6004353934" lat="50.2132214" lon="-121.5771747"/>
  <node id="6004353935" lat="50.1824770" lon="-121.5762413"/>
  <node id="6004353936" lat="50.1777982" lon="-121.5785855"/>
  <node id="6004353937" lat="50.1757369" lon="-121.5800446"/>
  <node id="6004353938" lat="50.1749021" lon="-121.5804523"/>
  <node id="6653509968" lat="50.7565463" lon="-121.9310881"/>
  <node id="7393086131" lat="50.2334269" lon="-121.5809066"/>
  <node id="7393086132" lat="50.2334139" lon="-121.5808796"/>
  <node id="7393086133" lat="50.2333975" lon="-121.5808864"/>
  <node id="7393086134" lat="50.2333672" lon="-121.5808945"/>
  <node id="7393086135" lat="50.2333490" lon="-121.5808850"/>
  <node id="7393086136" lat="50.2333321" lon="-121.5807254">
    <tag k="crossing" v="uncontrolled"/>
    <tag k="highway" v="crossing"/>
  </node>
  <node id="7393086137" lat="50.2340483" lon="-121.5814492"/>
  <node id="7393086184" lat="50.2320836" lon="-121.5799165"/>
  <node id="7393086185" lat="50.2318775" lon="-121.5805004"/>
  <node id="7393086323" lat="50.2311981" lon="-121.5810637"/>
  <node id="7393086413" lat="50.2288849" lon="-121.5818489"/>
  <node id="7393086499" lat="50.2275195" lon="-121.5827397"/>
  <node id="7393086500" lat="50.2273126" lon="-121.5826627"/>
  <node id="7393086501" lat="50.2272584" lon="-121.5825472"/>
  <node id="7393086502" lat="50.2271500" lon="-121.5823316"/>
  <node id="7393086503" lat="50.2271450" lon="-121.5821005"/>
  <node id="7393086504" lat="50.2271736" lon="-121.5819036"/>
  <node id="7393086527" lat="50.2329109" lon="-121.5833561"/>
  <node id="7393086528" lat="50.2334231" lon="-121.5830066"/>
  <node id="7393086529" lat="50.2338575" lon="-121.5827683"/>
  <node id="7393086530" lat="50.2340346" lon="-121.5826708"/>
  <node id="7393086532" lat="50.2351843" lon="-121.5812395"/>
  <node id="7393086533" lat="50.2325483" lon="-121.5835976"/>
  <node id="7393086534" lat="50.2321305" lon="-121.5837805"/>
  <node id="7393086535" lat="50.2320762" lon="-121.5835895"/>
  <node id="7393086536" lat="50.2322526" lon="-121.5832129"/>
  <node id="7393086538" lat="50.2339102" lon="-121.5822368"/>
  <node id="7393086539" lat="50.2314693" lon="-121.5839146"/>
  <node id="7393086566" lat="50.2314250" lon="-121.5788064"/>
  <node id="7393086567" lat="50.2316354" lon="-121.5786712"/>
  <node id="7393086568" lat="50.2318808" lon="-121.5785616"/>
  <node id="7393086569" lat="50.2323942" lon="-121.5783131"/>
  <node id="7393086570" lat="50.2329420" lon="-121.5780318"/>
  <node id="7393086571" lat="50.2330879" lon="-121.5779918"/>
  <node id="7393086572" lat="50.2335147" lon="-121.5776717"/>
  <node id="7393086573" lat="50.2340401" lon="-121.5772940"/>
  <node id="7393086578" lat="50.2296141" lon="-121.5797861"/>
  <node id="7393086579" lat="50.2289247" lon="-121.5796725"/>
  <node id="7393086594" lat="50.2316641" lon="-121.5792385"/>
  <node id="7393086595" lat="50.2317829" lon="-121.5789643"/>
  <node id="7393086596" lat="50.2318823" lon="-121.5788950"/>
  <node id="7393086597" lat="50.2328190" lon="-121.5782785"/>
  <node id="7393086598" lat="50.2323324" lon="-121.5786018"/>
  <node id="7393086599" lat="50.2322671" lon="-121.5787215"/>
  <node id="7393086600" lat="50.2332591" lon="-121.5783963"/>
  <node id="7393086601" lat="50.2330351" lon="-121.5784918"/>
  <node id="7393086602" lat="50.2329299" lon="-121.5785024"/>
  <node id="7393086603" lat="50.2328519" lon="-121.5784175"/>
  <node id="7393086604" lat="50.2328834" lon="-121.5782030"/>
  <node id="7704071399" lat="50.2312707" lon="-121.5824380">
    <tag k="crossing" v="marked"/>
    <tag k="highway" v="crossing"/>
  </node>
  <node id="7704071400" lat="50.2314331" lon="-121.5823980">
    <tag k="crossing" v="marked"/>
    <tag k="highway" v="crossing"/>
  </node>
  <node id="8143515909" lat="50.2004302" lon="-121.5807555"/>
  <node id="8825472662" lat="50.2171029" lon="-121.5811820"/>
  <node id="8887299242" lat="50.2071856" lon="-121.5744623"/>
  <node id="8887327902" lat="50.2089246" lon="-121.5710767"/>
  <node id="8887327954" lat="50.2263003" lon="-121.5704414"/>
  <node id="8887327955" lat="50.2261995" lon="-121.5698316"/>
  <node id="8887327956" lat="50.2260457" lon="-121.5687435"/>
  <node id="8887327957" lat="50.2259664" lon="-121.5683827"/>
  <node id="8887327958" lat="50.2258453" lon="-121.5679847"/>
  <node id="8887327959" lat="50.2256034" lon="-121.5674157"/>
  <node id="8887327960" lat="50.2252315" lon="-121.5668250"/>
  <node id="8887327961" lat="50.2250716" lon="-121.5667099"/>
  <node id="8887359973" lat="50.2106149" lon="-121.5688053"/>
  <node id="8887359974" lat="50.2106507" lon="-121.5687498"/>
  <node id="8887359975" lat="50.2107999" lon="-121.5685387"/>
  <node id="8887359976" lat="50.2108684" lon="-121.5684127"/>
  <node id="8887359977" lat="50.2109007" lon="-121.5682867"/>
  <node id="8887359978" lat="50.2109309" lon="-121.5681450"/>
  <node id="8887359979" lat="50.2109853" lon="-121.5680190"/>
  <node id="8887359980" lat="50.2110760" lon="-121.5678772"/>
  <node id="8887359981" lat="50.2112454" lon="-121.5676662"/>
  <node id="8887359982" lat="50.2113341" lon="-121.5675401"/>
  <node id="8887359983" lat="50.2114309" lon="-121.5674740"/>
  <node id="8887359984" lat="50.2114792" lon="-121.5674393"/>
  <node id="8887359985" lat="50.2114994" lon="-121.5673606"/>
  <node id="8887359986" lat="50.2115115" lon="-121.5672944"/>
  <node id="8887359987" lat="50.2115095" lon="-121.5672157"/>
  <node id="8887359988" lat="50.2114571" lon="-121.5669763"/>
  <node id="8887359989" lat="50.2114107" lon="-121.5666361"/>
  <node id="8887359990" lat="50.2113260" lon="-121.5662202"/>
  <node id="8887359991" lat="50.2113039" lon="-121.5660879"/>
  <node id="8887359992" lat="50.2113180" lon="-121.5659898"/>
  <node id="8887359993" lat="50.2113159" lon="-121.5658895"/>
  <node id="8887359994" lat="50.2113422" lon="-121.5657761"/>
  <node id="8887359995" lat="50.2113603" lon="-121.5656375"/>
  <node id="8887359996" lat="50.2113926" lon="-121.5655240"/>
  <node id="8887359997" lat="50.2114490" lon="-121.5654075"/>
  <node id="8887359998" lat="50.2115659" lon="-121.5652594"/>
  <node id="8887359999" lat="50.2117655" lon="-121.5650263"/>
  <node id="8887360000" lat="50.2118764" lon="-121.5648877"/>
  <node id="8887360001" lat="50.2119893" lon="-121.5648342"/>
  <node id="8887360002" lat="50.2120316" lon="-121.5648279"/>
  <node id="8887360003" lat="50.2120817" lon="-121.5648200"/>
  <node id="8887360004" lat="50.2121264" lon="-121.5648405"/>
  <node id="8887360005" lat="50.2122574" lon="-121.5649507"/>
  <node id="8887360006" lat="50.2124570" lon="-121.5651649"/>
  <node id="8887360007" lat="50.2126223" lon="-121.5654043"/>
  <node id="8887360008" lat="50.2127110" lon="-121.5655146"/>
  <node id="8887360009" lat="50.2127856" lon="-121.5655492"/>
  <node id="8887360010" lat="50.2129670" lon="-121.5655839"/>
  <node id="8887360011" lat="50.2130476" lon="-121.5656312"/>
  <node id="8887360012" lat="50.2131585" lon="-121.5657036"/>
  <node id="8887360013" lat="50.2132472" lon="-121.5657288"/>
  <node id="8887360014" lat="50.2133661" lon="-121.5657288"/>
  <node id="8887360015" lat="50.2134911" lon="-121.5657698"/>
  <node id="8887360016" lat="50.2137028" lon="-121.5658832"/>
  <node id="8887387717" lat="50.2137875" lon="-121.5659147"/>
  <node id="8887387718" lat="50.2138721" lon="-121.5658737"/>
  <node id="8887387719" lat="50.2139568" lon="-121.5657918"/>
  <node id="8887387720" lat="50.2140213" lon="-121.5657698"/>
  <node id="8887387721" lat="50.2141060" lon="-121.5657666"/>
  <node id="8887387722" lat="50.2142027" lon="-121.5658013"/>
  <node id="8887387723" lat="50.2144043" lon="-121.5659084"/>
  <node id="8887387724" lat="50.2144930" lon="-121.5659147"/>
  <node id="8887387725" lat="50.2145958" lon="-121.5658580"/>
  <node id="8887387726" lat="50.2147913" lon="-121.5656910"/>
  <node id="8887387727" lat="50.2149546" lon="-121.5655965"/>
  <node id="8887387728" lat="50.2150998" lon="-121.5655177"/>
  <node id="8887387729" lat="50.2152328" lon="-121.5654831"/>
  <node id="8887387730" lat="50.2153111" lon="-121.5654866"/>
  <node id="8887387731" lat="50.2155130" lon="-121.5655524"/>
  <node id="8887387732" lat="50.2155856" lon="-121.5656249"/>
  <node id="8887387733" lat="50.2156924" lon="-121.5657824"/>
  <node id="8887387734" lat="50.2158053" lon="-121.5659241"/>
  <node id="8887387735" lat="50.2158920" lon="-121.5659682"/>
  <node id="8887387736" lat="50.2160089" lon="-121.5659525"/>
  <node id="8887387737" lat="50.2160734" lon="-121.5659651"/>
  <node id="8887387738" lat="50.2161318" lon="-121.5660312"/>
  <node id="8887387739" lat="50.2161822" lon="-121.5661037"/>
  <node id="8887387740" lat="50.2162346" lon="-121.5661352"/>
  <node id="8887387741" lat="50.2164040" lon="-121.5661572"/>
  <node id="8887387742" lat="50.2165249" lon="-121.5661856"/>
  <node id="8887387743" lat="50.2166096" lon="-121.5662454"/>
  <node id="8887387744" lat="50.2167547" lon="-121.5663935"/>
  <node id="8887387745" lat="50.2168474" lon="-121.5665415"/>
  <node id="8887387746" lat="50.2169986" lon="-121.5667369"/>
  <node id="8887387747" lat="50.2171720" lon="-121.5669196"/>
  <node id="8887387748" lat="50.2173735" lon="-121.5670991"/>
  <node id="8887387749" lat="50.2175046" lon="-121.5672031"/>
  <node id="8887387750" lat="50.2176195" lon="-121.5672787"/>
  <node id="8887387751" lat="50.2177061" lon="-121.5673165"/>
  <node id="8887387752" lat="50.2177847" lon="-121.5673511"/>
  <node id="8887387753" lat="50.2178815" lon="-121.5674110"/>
  <node id="8887387754" lat="50.2179924" lon="-121.5675023"/>
  <node id="8887387755" lat="50.2180790" lon="-121.5675590"/>
  <node id="8887387756" lat="50.2183310" lon="-121.5676567"/>
  <node id="8887387757" lat="50.2184761" lon="-121.5677166"/>
  <node id="8887387758" lat="50.2188873" lon="-121.5677512"/>
  <node id="8887387759" lat="50.2189800" lon="-121.5677733"/>
  <node id="8887387760" lat="50.2191352" lon="-121.5678300"/>
  <node id="8887387761" lat="50.2193408" lon="-121.5678930"/>
  <node id="8887387762" lat="50.2194356" lon="-121.5678930"/>
  <node id="8887387763" lat="50.2195464" lon="-121.5678646"/>
  <node id="8887387764" lat="50.2196412" lon="-121.5678016"/>
  <node id="8887387765" lat="50.2198004" lon="-121.5676725"/>
  <node id="8887387766" lat="50.2199112" lon="-121.5675559"/>
  <node id="8887387767" lat="50.2199818" lon="-121.5674519"/>
  <node id="8887387768" lat="50.2200282" lon="-121.5673448"/>
  <node id="8887387769" lat="50.2200624" lon="-121.5671999"/>
  <node id="8887387770" lat="50.2201108" lon="-121.5670172"/>
  <node id="8887387771" lat="50.2201894" lon="-121.5668566"/>
  <node id="8887387772" lat="50.2202680" lon="-121.5667526"/>
  <node id="8887387773" lat="50.2203748" lon="-121.5666707"/>
  <node id="8887387774" lat="50.2206953" lon="-121.5663116"/>
  <node id="8887387775" lat="50.2210057" lon="-121.5659651"/>
  <node id="8887387776" lat="50.2211549" lon="-121.5658422"/>
  <node id="8887387777" lat="50.2212435" lon="-121.5658107"/>
  <node id="8887387778" lat="50.2213123" lon="-121.5657920"/>
  <node id="8887387779" lat="50.2215156" lon="-121.5657792"/>
  <node id="8887387780" lat="50.2216668" lon="-121.5656973"/>
  <node id="8887387781" lat="50.2217696" lon="-121.5657131"/>
  <node id="8887387782" lat="50.2218905" lon="-121.5656879"/>
  <node id="8887387783" lat="50.2219651" lon="-121.5656532"/>
  <node id="8887387784" lat="50.2220578" lon="-121.5655555"/>
  <node id="8887387785" lat="50.2221284" lon="-121.5654831"/>
  <node id="8887387786" lat="50.2222029" lon="-121.5654579"/>
  <node id="8887387787" lat="50.2222916" lon="-121.5654579"/>
  <node id="8887387788" lat="50.2223944" lon="-121.5655240"/>
  <node id="8887387789" lat="50.2225093" lon="-121.5656186"/>
  <node id="8887387790" lat="50.2225980" lon="-121.5657824"/>
  <node id="8887387791" lat="50.2226907" lon="-121.5658989"/>
  <node id="8887387792" lat="50.2227491" lon="-121.5659178"/>
  <node id="8887387793" lat="50.2228418" lon="-121.5658958"/>
  <node id="8887387794" lat="50.2229789" lon="-121.5658265"/>
  <node id="8887387795" lat="50.2231341" lon="-121.5657446"/>
  <node id="8887387796" lat="50.2234122" lon="-121.5655776"/>
  <node id="8887387797" lat="50.2234908" lon="-121.5655146"/>
  <node id="8887387798" lat="50.2235593" lon="-121.5654358"/>
  <node id="8887387799" lat="50.2235916" lon="-121.5654327"/>
  <node id="8887387800" lat="50.2236492" lon="-121.5654760"/>
  <node id="8887387801" lat="50.2236001" lon="-121.5658596"/>
  <node id="8887387805" lat="50.2235770" lon="-121.5661024"/>
  <node id="8887387806" lat="50.2235812" lon="-121.5661992"/>
  <node id="8887387808" lat="50.2236159" lon="-121.5663295"/>
  <node id="8887387809" lat="50.2237864" lon="-121.5668905"/>
  <node id="8887387810" lat="50.2238766" lon="-121.5670473"/>
  <node id="8887387812" lat="50.2240203" lon="-121.5672263"/>
  <node id="8887387813" lat="50.2241008" lon="-121.5672998"/>
  <node id="8887387814" lat="50.2242335" lon="-121.5673768"/>
  <node id="8887387816" lat="50.2244081" lon="-121.5674808"/>
  <node id="8891845569" lat="50.2326260" lon="-121.5794063"/>
  <node id="8891845570" lat="50.2325144" lon="-121.5794840"/>
  <node id="8891845571" lat="50.2325084" lon="-121.5795578"/>
  <node id="8891845576" lat="50.2333844" lon="-121.5806254"/>
  <node id="8891845577" lat="50.2333200" lon="-121.5806374"/>
  <node id="8891845578" lat="50.2327495" lon="-121.5808760">
    <tag k="crossing" v="uncontrolled"/>
    <tag k="highway" v="crossing"/>
  </node>
  <node id="8891845579" lat="50.2318666" lon="-121.5811160">
    <tag k="crossing" v="uncontrolled"/>
    <tag k="highway" v="crossing"/>
  </node>
  <node id="8891845580" lat="50.2311476" lon="-121.5813031">
    <tag k="crossing" v="uncontrolled"/>
    <tag k="highway" v="crossing"/>
  </node>
  <node id="8891845581" lat="50.2305814" lon="-121.5814475">
    <tag k="crossing" v="uncontrolled"/>
    <tag k="highway" v="crossing"/>
  </node>
  <node id="8891845582" lat="50.2297100" lon="-121.5816486">
    <tag k="crossing" v="uncontrolled"/>
    <tag k="highway" v="crossing"/>
  </node>
  <node id="8891845583" lat="50.2268702" lon="-121.5799910"/>
  <node id="8891845584" lat="50.2273850" lon="-121.5811497"/>
  <node id="8891845585" lat="50.2278174" lon="-121.5815091"/>
  <node id="8891845586" lat="50.2286221" lon="-121.5816861"/>
  <node id="8944742599" lat="50.2312828" lon="-121.5812704"/>
  <node id="8944742600" lat="50.2299442" lon="-121.5826705"/>
  <node id="8944742601" lat="50.2299528" lon="-121.5829200"/>
  <node id="8944742602" lat="50.2294595" lon="-121.5817076"/>
  <node id="8944742603" lat="50.2319440" lon="-121.5798663"/>
  <node id="8944742604" lat="50.2320692" lon="-121.5797992"/>
  <node id="8944742605" lat="50.2322108" lon="-121.5797549"/>
  <node id="8944742606" lat="50.2324192" lon="-121.5796959"/>
  <node id="8944742607" lat="50.2325367" lon="-121.5796919"/>
  <node id="8944742615" lat="50.2250967" lon="-121.5754661"/>
  <node id="8944742616" lat="50.2252083" lon="-121.5757799"/>
  <node id="8944778917" lat="50.2233936" lon="-121.5765457"/>
  <node id="8944778918" lat="50.2236535" lon="-121.5765712"/>
  <node id="8944778919" lat="50.2231791" lon="-121.5765470"/>
  <node id="8944778920" lat="50.2312585" lon="-121.5810478"/>
  <node id="9007992643" lat="50.6824484" lon="-121.9261118"/>
  <node id="9236779273" lat="50.2611670" lon="-121.5932599"/>
  <node id="9236779274" lat="50.2611782" lon="-121.5931935"/>
  <node id="9236779275" lat="50.2611754" lon="-121.5931251"/>
  <node id="9236779276" lat="50.2611588" lon="-121.5930616"/>
  <node id="9236779277" lat="50.2611301" lon="-121.5930096"/>
  <node id="9236779278" lat="50.2610924" lon="-121.5929746"/>
  <node id="9236779279" lat="50.2610495" lon="-121.5929602"/>
  <node id="9236779280" lat="50.2610059" lon="-121.5929679"/>
  <node id="9236779281" lat="50.2609344" lon="-121.5930441"/>
  <node id="9236779282" lat="50.2609132" lon="-121.5931074"/>
  <node id="9236779283" lat="50.2609067" lon="-121.5931780"/>
  <node id="9236779284" lat="50.2609154" lon="-121.5932481"/>
  <node id="9236779285" lat="50.2609385" lon="-121.5933098"/>
  <node id="9236779286" lat="50.2609733" lon="-121.5933560"/>
  <node id="9236779287" lat="50.2610159" lon="-121.5933816"/>
  <node id="9236779288" lat="50.2610616" lon="-121.5933837"/>
  <node id="9236779289" lat="50.2611051" lon="-121.5933621"/>
  <node id="9236779290" lat="50.2609662" lon="-121.5929968"/>
  <node id="9236779291" lat="50.2611416" lon="-121.5933192"/>
  <node id="9236779292" lat="50.2609552" lon="-121.5928976"/>
  <node id="9236779293" lat="50.2609220" lon="-121.5928706"/>
  <node id="9236779294" lat="50.2608648" lon="-121.5928415"/>
  <node id="9236779295" lat="50.2632505" lon="-121.5942476"/>
  <node id="9236779296" lat="50.2631419" lon="-121.5942192"/>
  <node id="9236779297" lat="50.2630277" lon="-121.5941346"/>
  <node id="9236779298" lat="50.2628503" lon="-121.5938805"/>
  <node id="9236779299" lat="50.2626398" lon="-121.5935842"/>
  <node id="9236779300" lat="50.2624293" lon="-121.5933584"/>
  <node id="9236779301" lat="50.2622187" lon="-121.5931985"/>
  <node id="9236779302" lat="50.2619812" lon="-121.5930714"/>
  <node id="9236779303" lat="50.2618204" lon="-121.5930075"/>
  <node id="9236779304" lat="50.2616707" lon="-121.5929537"/>
  <node id="9236779305" lat="50.2614666" lon="-121.5928860"/>
  <node id="9236779306" lat="50.2613234" lon="-121.5928520"/>
  <node id="9236779307" lat="50.2612603" lon="-121.5928471"/>
  <node id="9236779308" lat="50.2611893" lon="-121.5928767"/>
  <node id="9236779309" lat="50.2611499" lon="-121.5929310"/>
  <node id="9236779310" lat="50.2611178" lon="-121.5929982"/>
  <node id="9251399264" lat="50.2252391" lon="-121.5773273"/>
  <node id="9251399265" lat="50.2249972" lon="-121.5778925"/>
  <node id="9251399266" lat="50.2247707" lon="-121.5777879"/>
  <node id="9251399267" lat="50.2247913" lon="-121.5773279"/>
  <node id="9290962581" lat="50.4098303" lon="-121.3673616"/>
  <node id="9353485651" lat="50.4130915" lon="-121.3644158"/>
  <node id="9858514315" lat="50.2462689" lon="-121.5695659"/>
  <node id="9858514316" lat="50.2464230" lon="-121.5691190"/>
  <node id="9858582517" lat="50.2464350" lon="-121.5687703"/>
  <node id="9858582518" lat="50.2464158" lon="-121.5685605"/>
  <node id="9858582519" lat="50.2464646" lon="-121.5686726"/>
  <node id="9858582520" lat="50.2465757" lon="-121.5687542"/>
  <node id="9858582521" lat="50.2468124" lon="-121.5687301"/>
  <node id="9858582522" lat="50.2470415" lon="-121.5686164"/>
  <node id="9978727226" lat="50.5366892" lon="-121.7654490"/>
  <node id="9978727227" lat="50.5367084" lon="-121.7654658"/>
  <node id="11040010788" lat="50.2252993" lon="-121.5744836"/>
  <node id="11040010789" lat="50.2254878" lon="-121.5751120"/>
  <node id="11126633909" lat="50.2736261" lon="-121.6190838"/>
  <node id="11126634417" lat="50.2793266" lon="-121.6282308"/>
  <node id="11126634427" lat="50.2784694" lon="-121.6267335"/>
  <node id="11126634481" lat="50.2769575" lon="-121.6227680"/>
  <node id="11128774861" lat="50.2485883" lon="-121.5908704"/>
  <node id="11128774862" lat="50.2484279" lon="-121.5904662"/>
  <node id="11128774863" lat="50.2482802" lon="-121.5900674"/>
  <node id="11128774864" lat="50.2480979" lon="-121.5895117"/>
  <node id="11128774865" lat="50.2480218" lon="-121.5892284"/>
  <node id="11128774866" lat="50.2479929" lon="-121.5891544"/>
  <node id="11128774867" lat="50.2479583" lon="-121.5891075"/>
  <node id="11128774868" lat="50.2479156" lon="-121.5890714"/>
  <node id="11128774869" lat="50.2478164" lon="-121.5890371"/>
  <node id="11128774870" lat="50.2476791" lon="-121.5889740"/>
  <node id="11128774871" lat="50.2475302" lon="-121.5888549"/>
  <node id="11128774872" lat="50.2473825" lon="-121.5887159"/>
  <node id="11128774873" lat="50.2471380" lon="-121.5884249"/>
  <node id="11128774874" lat="50.2469728" lon="-121.5882061"/>
  <node id="11128774875" lat="50.2468558" lon="-121.5879605"/>
  <node id="11128774876" lat="50.2467826" lon="-121.5878406"/>
  <node id="11128774877" lat="50.2466937" lon="-121.5878233"/>
  <node id="11128774889" lat="50.2411417" lon="-121.5797570"/>
  <node id="11128774890" lat="50.2411387" lon="-121.5800151"/>
  <node id="11128774891" lat="50.2411958" lon="-121.5803570"/>
  <node id="11128774892" lat="50.2412904" lon="-121.5806249"/>
  <node id="11128774893" lat="50.2414014" lon="-121.5808878"/>
  <node id="11128774894" lat="50.2414345" lon="-121.5810394"/>
  <node id="11128774897" lat="50.2472160" lon="-121.5892044"/>
  <node id="11128774898" lat="50.2473349" lon="-121.5892757"/>
  <node id="11128774899" lat="50.2476217" lon="-121.5894323"/>
  <node id="11128887039" lat="50.2890803" lon="-121.6285093"/>
  <node id="11129056362" lat="49.8412217" lon="-121.4395543"/>
  <node id="11149665058" lat="49.8162499" lon="-121.4483589"/>
  <node id="11152379023" lat="49.9486957" lon="-121.4781010"/>
  <node id="11152379024" lat="50.0081793" lon="-121.5210127"/>
  <node id="11152379025" lat="49.9759814" lon="-121.5085948"/>
  <node id="11152379026" lat="49.9995075" lon="-121.5167133"/>
  <node id="11152379027" lat="49.9988378" lon="-121.5162875"/>
  <node id="11152379028" lat="49.9402782" lon="-121.4722328"/>
  <node id="11152379029" lat="49.9365411" lon="-121.4690041"/>
  <node id="11152379030" lat="49.9747618" lon="-121.5079165"/>
  <node id="11152379031" lat="49.9590518" lon="-121.4953847"/>
  <node id="11152379032" lat="49.9589426" lon="-121.4951399"/>
  <node id="11152379033" lat="49.9349058" lon="-121.4663105"/>
  <node id="11152379034" lat="49.9259604" lon="-121.4592212"/>
  <node id="11152379035" lat="49.9267527" lon="-121.4598100"/>
  <node id="11152379036" lat="49.9236267" lon="-121.4576047"/>
  <node id="11152379037" lat="49.9212499" lon="-121.4563633"/>
  <node id="11152379038" lat="49.9208347" lon="-121.4561464"/>
  <node id="11152379039" lat="49.9157721" lon="-121.4535666"/>
  <node id="11152379040" lat="49.9100090" lon="-121.4506334"/>
  <node id="11152379041" lat="49.8999599" lon="-121.4489077"/>
  <node id="11152379042" lat="49.8940192" lon="-121.4500112"/>
  <node id="11152379043" lat="49.8958978" lon="-121.4502944"/>
  <node id="11152379044" lat="49.8913885" lon="-121.4490962"/>
  <node id="11152379045" lat="49.8858286" lon="-121.4464833"/>
  <node id="11152379046" lat="49.8848370" lon="-121.4457994"/>
  <node id="11152379047" lat="49.8827972" lon="-121.4443927"/>
  <node id="11152379048" lat="49.9400980" lon="-121.4721072"/>
  <node id="11152379049" lat="49.9505308" lon="-121.4795571"/>
  <node id="11152379050" lat="49.9551714" lon="-121.4838772"/>
  <node id="11152392535" lat="50.0307394" lon="-121.5358061"/>
  <node id="11152392552" lat="50.0672238" lon="-121.5506667"/>
  <node id="11152392553" lat="50.0149281" lon="-121.5279518"/>
  <node id="11152392554" lat="50.0256816" lon="-121.5323566"/>
  <node id="11152392555" lat="50.0170949" lon="-121.5284419"/>
  <node id="11152392556" lat="50.0435770" lon="-121.5416259"/>
  <node id="11152392557" lat="50.0497634" lon="-121.5442771"/>
  <node id="11152392558" lat="50.0467756" lon="-121.5434079"/>
  <node id="11152392559" lat="50.0222928" lon="-121.5304102"/>
  <node id="11152392560" lat="50.0370920" lon="-121.5377022"/>
  <node id="11152392561" lat="50.0517904" lon="-121.5449097"/>
  <node id="11152392562" lat="50.0141374" lon="-121.5276651"/>
  <node id="11152392563" lat="50.0567829" lon="-121.5472886"/>
  <node id="11152392564" lat="50.0585598" lon="-121.5481661"/>
  <node id="11152392565" lat="50.0260470" lon="-121.5325665"/>
  <node id="11152392566" lat="50.0649761" lon="-121.5504153"/>
  <node id="11301855402" lat="50.5657872" lon="-121.8058484"/>
  <node id="11307536874" lat="50.1041100" lon="-121.5637507"/>
  <node id="11307536875" lat="50.1057269" lon="-121.5640745"/>
  <node id="11328907942" lat="50.5368053" lon="-121.7787644"/>
  <node id="11328914122" lat="50.2910277" lon="-121.3995011"/>
  <node id="11328914123" lat="50.3251110" lon="-121.3944529"/>
  <node id="11328914124" lat="50.3078815" lon="-121.3962617"/>
  <node id="11368557851" lat="50.2688268" lon="-121.4025801"/>
  <node id="11963921117" lat="50.3794962" lon="-121.6750011"/>
  <node id="11963921118" lat="50.3861256" lon="-121.6775605"/>
  <node id="11963921119" lat="50.3887689" lon="-121.6765943"/>
  <node id="11963921120" lat="50.3898007" lon="-121.6760940"/>
  <node id="11963921121" lat="50.3915686" lon="-121.6752369"/>
  <node id="11963921122" lat="50.3938506" lon="-121.6743765"/>
  <node id="11963921123" lat="50.3962492" lon="-121.6742021"/>
  <node id="11963921124" lat="50.3968224" lon="-121.6743078"/>
  <node id="11963921125" lat="50.3974828" lon="-121.6744296"/>
  <node id="11963921126" lat="50.4006936" lon="-121.6752939"/>
  <node id="11963921127" lat="50.4021164" lon="-121.6760093"/>
  <node id="11963921128" lat="50.4027048" lon="-121.6764709"/>
  <node id="11963921129" lat="50.4048348" lon="-121.6783682"/>
  <node id="11963921130" lat="50.4053335" lon="-121.6789192"/>
  <node id="11963921131" lat="50.4058824" lon="-121.6795257"/>
  <node id="11963921132" lat="50.4079968" lon="-121.6815136"/>
  <node id="11963921133" lat="50.4079175" lon="-121.6814639"/>
  <node id="11963921134" lat="50.4084267" lon="-121.6817835"/>
  <node id="11963921135" lat="50.4096414" lon="-121.6825458"/>
  <node id="11963921136" lat="50.4108028" lon="-121.6832747"/>
  <node id="11963921137" lat="50.4114340" lon="-121.6836709"/>
  <node id="11963921138" lat="50.4127114" lon="-121.6842937"/>
  <node id="11963921139" lat="50.4139613" lon="-121.6848511"/>
  <node id="11963921140" lat="50.4146066" lon="-121.6852997"/>
  <node id="11963921141" lat="50.4153159" lon="-121.6856544"/>
  <node id="11963921142" lat="50.4158517" lon="-121.6864490"/>
  <node id="11963921143" lat="50.4170143" lon="-121.6872073"/>
  <node id="11963921144" lat="50.4178591" lon="-121.6870619"/>
  <node id="11963921145" lat="50.4187387" lon="-121.6869104"/>
  <node id="11963921146" lat="50.4196966" lon="-121.6862577"/>
  <node id="11963921147" lat="50.4226229" lon="-121.6854775"/>
  <node id="11963921148" lat="50.4232743" lon="-121.6856082"/>
  <node id="11963921149" lat="50.4263563" lon="-121.6870442"/>
  <node id="11963921150" lat="50.4271890" lon="-121.6876592"/>
  <node id="11963921151" lat="50.4290872" lon="-121.6895655"/>
  <node id="11963921152" lat="50.4288489" lon="-121.6891032"/>
  <node id="11963921153" lat="50.4298860" lon="-121.6911155"/>
  <node id="11963921154" lat="50.4314032" lon="-121.6924982"/>
  <node id="11963921155" lat="50.4316913" lon="-121.6926850"/>
  <node id="11963921156" lat="50.4330723" lon="-121.6935804"/>
  <node id="11963921157" lat="50.4335024" lon="-121.6938592"/>
  <node id="11963921158" lat="50.4338499" lon="-121.6940845"/>
  <node id="11963921159" lat="50.4344323" lon="-121.6944621"/>
  <node id="11963921160" lat="50.4349256" lon="-121.6947819"/>
  <node id="11963921161" lat="50.4361726" lon="-121.6961060"/>
  <node id="11963921162" lat="50.4367392" lon="-121.6968883"/>
  <node id="11963921163" lat="50.4380790" lon="-121.6977146"/>
  <node id="11963921164" lat="50.4386060" lon="-121.6978496"/>
  <node id="11963921165" lat="50.4387435" lon="-121.6978848"/>
  <node id="11963921166" lat="50.4390937" lon="-121.6979862"/>
  <node id="11963921167" lat="50.4404939" lon="-121.6984274"/>
  <node id="11963921168" lat="50.4406638" lon="-121.6983328"/>
  <node id="11963975069" lat="50.4414271" lon="-121.6978247"/>
  <node id="11963975070" lat="50.4426878" lon="-121.6969144"/>
  <node id="11963975071" lat="50.4440770" lon="-121.6961282"/>
  <node id="11963975072" lat="50.4444617" lon="-121.6959450"/>
  <node id="11963975073" lat="50.4452843" lon="-121.6955534"/>
  <node id="11963975074" lat="50.4470388" lon="-121.6946210"/>
  <node id="11963975075" lat="50.4471464" lon="-121.6945586"/>
  <node id="11963975077" lat="50.4473984" lon="-121.6944125"/>
  <node id="11963975078" lat="50.4498426" lon="-121.6935568"/>
  <node id="11963975079" lat="50.4509686" lon="-121.6947454"/>
  <node id="11963975080" lat="50.4514746" lon="-121.6965693"/>
  <node id="11963975081" lat="50.4514427" lon="-121.6964541"/>
  <node id="11963975082" lat="50.4517344" lon="-121.6975058"/>
  <node id="11963975083" lat="50.4530061" lon="-121.7016286"/>
  <node id="11963975084" lat="50.4534494" lon="-121.7026186"/>
  <node id="11963975085" lat="50.4540254" lon="-121.7034607"/>
  <node id="11963975086" lat="50.4560887" lon="-121.7058008"/>
  <node id="11963975087" lat="50.4583678" lon="-121.7066229"/>
  <node id="11963975088" lat="50.4604572" lon="-121.7071223"/>
  <node id="11963975089" lat="50.4608752" lon="-121.7072556"/>
  <node id="11963975090" lat="50.4626098" lon="-121.7078638"/>
  <node id="11963975091" lat="50.4638643" lon="-121.7083036"/>
  <node id="11963975092" lat="50.4650165" lon="-121.7087076"/>
  <node id="11963975093" lat="50.4658055" lon="-121.7090463"/>
  <node id="11963975094" lat="50.4674279" lon="-121.7101478"/>
  <node id="11963975095" lat="50.4692888" lon="-121.7112837"/>
  <node id="11963975096" lat="50.4699516" lon="-121.7116453"/>
  <node id="11963975097" lat="50.4705393" lon="-121.7119660"/>
  <node id="11963975098" lat="50.4709692" lon="-121.7122005"/>
  <node id="11963975099" lat="50.4726611" lon="-121.7128162"/>
  <node id="11963975100" lat="50.4730592" lon="-121.7129251"/>
  <node id="11963975101" lat="50.4740390" lon="-121.7131930"/>
  <node id="11963975102" lat="50.4744130" lon="-121.7132953"/>
  <node id="11963975103" lat="50.4755902" lon="-121.7136172"/>
  <node id="11963975104" lat="50.4760158" lon="-121.7137336"/>
  <node id="11963975105" lat="50.4775267" lon="-121.7141468"/>
  <node id="11963975106" lat="50.4792735" lon="-121.7155087"/>
  <node id="11963975107" lat="50.4795115" lon="-121.7159082"/>
  <node id="11963975108" lat="50.4810072" lon="-121.7185068"/>
  <node id="11963975109" lat="50.4827509" lon="-121.7206435"/>
  <node id="11963975110" lat="50.4845789" lon="-121.7225679"/>
  <node id="11963975111" lat="50.4847588" lon="-121.7227262"/>
  <node id="11963975112" lat="50.4868723" lon="-121.7245870"/>
  <node id="11963975113" lat="50.4910265" lon="-121.7274503"/>
  <node id="11963975114" lat="50.4924512" lon="-121.7272769"/>
  <node id="11963975115" lat="50.4943899" lon="-121.7266372"/>
  <node id="11963975116" lat="50.4950642" lon="-121.7263933"/>
  <node id="11963975117" lat="50.4958980" lon="-121.7260916"/>
  <node id="11974537569" lat="50.8531901" lon="-121.8787597"/>
  <node id="11974537570" lat="50.8505436" lon="-121.8777822"/>
  <node id="11974537571" lat="50.8484439" lon="-121.8764893"/>
  <node id="11974537572" lat="50.8471558" lon="-121.8758592"/>
  <node id="11974537573" lat="50.8465794" lon="-121.8756167"/>
  <node id="11974537574" lat="50.8452239" lon="-121.8750463"/>
  <node id="11974537575" lat="50.8442093" lon="-121.8747018"/>
  <node id="11974537576" lat="50.8424242" lon="-121.8742499"/>
  <node id="11974537577" lat="50.8419519" lon="-121.8741303"/>
  <node id="11974537578" lat="50.8412635" lon="-121.8739560"/>
  <node id="11974537579" lat="50.8395488" lon="-121.8735219"/>
  <node id="11974537580" lat="50.8390268" lon="-121.8733897"/>
  <node id="11974537581" lat="50.8363310" lon="-121.8727747"/>
  <node id="11974537582" lat="50.8361795" lon="-121.8727633"/>
  <node id="11974537583" lat="50.8357354" lon="-121.8727298"/>
  <node id="11974537584" lat="50.8572532" lon="-121.8790087"/>
  <node id="11974537585" lat="50.8582598" lon="-121.8780547"/>
  <node id="11974537586" lat="50.8605246" lon="-121.8759082"/>
  <node id="11974537587" lat="50.8617058" lon="-121.8747888"/>
  <node id="11974537588" lat="50.8639943" lon="-121.8735096"/>
  <node id="11974537589" lat="50.8644735" lon="-121.8734155"/>
  <node id="12162973694" lat="50.2389267" lon="-121.5811709"/>
  <node id="12162973695" lat="50.2388943" lon="-121.5810283"/>
  <node id="12162973696" lat="50.2388580" lon="-121.5808824"/>
  <node id="12162973697" lat="50.2388272" lon="-121.5807449"/>
  <node id="12162973698" lat="50.2391811" lon="-121.5805692"/>
  <node id="12162973699" lat="50.2392515" lon="-121.5807399"/>
  <node id="12162973700" lat="50.2392964" lon="-121.5809692"/>
  <node id="12181397971" lat="50.4604041" lon="-121.6856811"/>
  <node id="12181415154" lat="50.3898306" lon="-121.6655923"/>
  <node id="12181415164" lat="50.3901988" lon="-121.6655299"/>
  <node id="12181426342" lat="50.3470457" lon="-121.6571859"/>
  <node id="12181426343" lat="50.3469617" lon="-121.6570768"/>
  <node id="12181426344" lat="50.3468432" lon="-121.6568303"/>
  <node id="12181426345" lat="50.3467958" lon="-121.6565423"/>
  <node id="12181426346" lat="50.3474020" lon="-121.6574868"/>
  <node id="12181426347" lat="50.3472753" lon="-121.6573990"/>
  <node id="12181430043" lat="50.2450553" lon="-121.5772561"/>
  <node id="12181430044" lat="50.2450645" lon="-121.5773696"/>
  <node id="12181430045" lat="50.2450917" lon="-121.5774786"/>
  <node id="12181430046" lat="50.2450908" lon="-121.5775635"/>
  <node id="12181430047" lat="50.2450717" lon="-121.5776527"/>
  <node id="12181430048" lat="50.2449975" lon="-121.5777249"/>
  <node id="12181430049" lat="50.2447893" lon="-121.5778807"/>
  <node id="12181430050" lat="50.2445955" lon="-121.5779798"/>
  <node id="12181430051" lat="50.2445186" lon="-121.5780548"/>
  <node id="12181430052" lat="50.2443457" lon="-121.5782657"/>
  <node id="12181430053" lat="50.2441248" lon="-121.5785644"/>
  <node id="12181430054" lat="50.2439518" lon="-121.5788391"/>
  <node id="12181430055" lat="50.2437164" lon="-121.5792397"/>
  <node id="12181430056" lat="50.2435725" lon="-121.5794606"/>
  <node id="12181430057" lat="50.2433255" lon="-121.5796667"/>
  <node id="12181430058" lat="50.2432426" lon="-121.5797990"/>
  <node id="12181430059" lat="50.2470943" lon="-121.5811936"/>
  <node id="12181430060" lat="50.2470478" lon="-121.5811417"/>
  <node id="12181430061" lat="50.2470122" lon="-121.5811417"/>
  <node id="12181430062" lat="50.2469092" lon="-121.5811750"/>
  <node id="12181430063" lat="50.2467803" lon="-121.5812372"/>
  <node id="12181430064" lat="50.2466554" lon="-121.5812490"/>
  <node id="12181430065" lat="50.2466074" lon="-121.5812769"/>
  <node id="12181430066" lat="50.2464997" lon="-121.5813434"/>
  <node id="12181430067" lat="50.2464208" lon="-121.5813681"/>
  <node id="12181430068" lat="50.2462760" lon="-121.5813692"/>
  <node id="12181430069" lat="50.2461868" lon="-121.5813413"/>
  <node id="12181430070" lat="50.2460468" lon="-121.5812651"/>
  <node id="12181430071" lat="50.2458479" lon="-121.5811761"/>
  <node id="12181430072" lat="50.2457937" lon="-121.5811836"/>
  <node id="12181430073" lat="50.2456269" lon="-121.5812136"/>
  <node id="12181430074" lat="50.2454431" lon="-121.5812383"/>
  <node id="12181430075" lat="50.2452983" lon="-121.5812286"/>
  <node id="12181430076" lat="50.2452214" lon="-121.5812297"/>
  <node id="12181430077" lat="50.2451158" lon="-121.5812608"/>
  <node id="12181430078" lat="50.2449532" lon="-121.5813027"/>
  <node id="12181430079" lat="50.2448331" lon="-121.5813113"/>
  <node id="12181430080" lat="50.2446547" lon="-121.5812855"/>
  <node id="12181430081" lat="50.2445271" lon="-121.5812673"/>
  <node id="12181430082" lat="50.2444502" lon="-121.5812769"/>
  <node id="12181430083" lat="50.2443960" lon="-121.5812630"/>
  <node id="12181430084" lat="50.2443514" lon="-121.5812404"/>
  <node id="12181430085" lat="50.2443055" lon="-121.5812008"/>
  <node id="12181430086" lat="50.2442293" lon="-121.5811493"/>
  <node id="12181430087" lat="50.2441662" lon="-121.5811407"/>
  <node id="12181430088" lat="50.2440585" lon="-121.5810924"/>
  <node id="12181430089" lat="50.2439837" lon="-121.5810645"/>
  <node id="12181430090" lat="50.2439487" lon="-121.5810849"/>
  <node id="12181430091" lat="50.2439240" lon="-121.5810752"/>
  <node id="12181430092" lat="50.2439089" lon="-121.5810345"/>
  <node id="12181430093" lat="50.2438396" lon="-121.5809797"/>
  <node id="12181430094" lat="50.2438019" lon="-121.5809304"/>
  <node id="12181430095" lat="50.2437682" lon="-121.5808542"/>
  <node id="12181430096" lat="50.2437449" lon="-121.5808231"/>
  <node id="12181430097" lat="50.2436832" lon="-121.5808317"/>
  <node id="12181430098" lat="50.2435116" lon="-121.5808778"/>
  <node id="12181430099" lat="50.2433524" lon="-121.5809239"/>
  <node id="12181430100" lat="50.2432461" lon="-121.5809722"/>
  <node id="12181435660" lat="50.4756564" lon="-121.6977785"/>
  <node id="12181437951" lat="50.3886935" lon="-121.6657849"/>
  <node id="12181447441" lat="50.4627234" lon="-121.6866777"/>
  <node id="12181447448" lat="50.4642234" lon="-121.6873222"/>
  <node id="12181447463" lat="50.4675790" lon="-121.6887643"/>
  <node id="12181447477" lat="50.4689078" lon="-121.6895065"/>
  <node id="12181447506" lat="50.4716668" lon="-121.6928761"/>
  <node id="12181472301" lat="50.2431919" lon="-121.5809872"/>
  <node id="12181472302" lat="50.2431328" lon="-121.5809707"/>
  <node id="12181472303" lat="50.2430827" lon="-121.5809568"/>
  <node id="12197766140" lat="50.0994461" lon="-121.5644977"/>
  <node id="12197937814" lat="50.0946501" lon="-121.5645774"/>
  <node id="12197937829" lat="50.1089595" lon="-121.5663927"/>
  <node id="12198095881" lat="50.1400798" lon="-121.5752807"/>
  <node id="12199935903" lat="50.0827018" lon="-121.5564976"/>
  <node id="12199936006" lat="50.0494617" lon="-121.5442063"/>
  <node id="12200783381" lat="49.8925259" lon="-121.4494918"/>
  <node id="12200783555" lat="49.8702004" lon="-121.4470300"/>
  <node id="12204661374" lat="50.2676045" lon="-121.6167432"/>
  <node id="12215243107" lat="50.2232210" lon="-121.5864017"/>
  <node id="12215243108" lat="50.2233244" lon="-121.5863397"/>
  <node id="12215243109" lat="50.2235341" lon="-121.5864899"/>
  <node id="12413846372" lat="50.2627500" lon="-121.5610181"/>
  <node id="12413870966" lat="50.2674209" lon="-121.5530475"/>
  <node id="12434771703" lat="49.9351852" lon="-121.4667708"/>
  <node id="12462520344" lat="50.2358203" lon="-121.5807342"/>
  <node id="12462520345" lat="50.2366703" lon="-121.5807363"/>
  <node id="12462520346" lat="50.2372245" lon="-121.5808835"/>
  <node id="12462520347" lat="50.2375243" lon="-121.5808949"/>
  <node id="12462520348" lat="50.2389947" lon="-121.5798181"/>
  <node id="12462520349" lat="50.2395276" lon="-121.5791399"/>
  <node id="12462520350" lat="50.2397523" lon="-121.5789116"/>
  <node id="12462520351" lat="50.2403503" lon="-121.5784735"/>
  <node id="12462520352" lat="50.2435789" lon="-121.5767214"/>
  <node id="12462520353" lat="50.2448147" lon="-121.5762927"/>
  <node id="12462520354" lat="50.2459349" lon="-121.5759306"/>
  <node id="12462520355" lat="50.2462882" lon="-121.5757919"/>
  <node id="12462520356" lat="50.2465320" lon="-121.5756794"/>
  <node id="12462520357" lat="50.2467901" lon="-121.5755074"/>
  <node id="12462520358" lat="50.2470551" lon="-121.5752420"/>
  <node id="12462520359" lat="50.2472816" lon="-121.5749486"/>
  <node id="12462520360" lat="50.2475127" lon="-121.5745483"/>
  <node id="12462520361" lat="50.2481611" lon="-121.5731987"/>
  <node id="12462520362" lat="50.2486634" lon="-121.5723802"/>
  <node id="12462520363" lat="50.2493634" lon="-121.5715192"/>
  <node id="12462520364" lat="50.2496220" lon="-121.5712171"/>
  <node id="12462520365" lat="50.2499312" lon="-121.5708195"/>
  <node id="12462520366" lat="50.2513839" lon="-121.5686363"/>
  <node id="12462520367" lat="50.2516999" lon="-121.5681415"/>
  <node id="12462520368" lat="50.2518229" lon="-121.5679207"/>
  <node id="12462520369" lat="50.2519955" lon="-121.5675346"/>
  <node id="12462520370" lat="50.2521494" lon="-121.5670947"/>
  <node id="12462520371" lat="50.2523279" lon="-121.5664492"/>
  <node id="12462520372" lat="50.2525741" lon="-121.5656084"/>
  <node id="12462520373" lat="50.2527533" lon="-121.5648709"/>
  <node id="12462520374" lat="50.2530328" lon="-121.5634938"/>
  <node id="12462520375" lat="50.2531925" lon="-121.5624231"/>
  <node id="12462520376" lat="50.2533124" lon="-121.5611903"/>
  <node id="12462520377" lat="50.2533832" lon="-121.5600011"/>
  <node id="12462520378" lat="50.2531526" lon="-121.5624112"/>
  <node id="12462520379" lat="50.2529840" lon="-121.5634723"/>
  <node id="12462520380" lat="50.2527149" lon="-121.5648501"/>
  <node id="12462520381" lat="50.2525365" lon="-121.5655840"/>
  <node id="12462520382" lat="50.2521045" lon="-121.5670596"/>
  <node id="12462520383" lat="50.2519816" lon="-121.5674271"/>
  <node id="12462520384" lat="50.2518376" lon="-121.5677678"/>
  <node id="12462520385" lat="50.2517033" lon="-121.5680378"/>
  <node id="12462520386" lat="50.2515624" lon="-121.5682665"/>
  <node id="12462520387" lat="50.2507793" lon="-121.5694656"/>
  <node id="12462520388" lat="50.2499411" lon="-121.5707203"/>
  <node id="12462520389" lat="50.2496413" lon="-121.5711122"/>
  <node id="12462520390" lat="50.2492690" lon="-121.5715477"/>
  <node id="12462520391" lat="50.2486219" lon="-121.5723515"/>
  <node id="12462520392" lat="50.2481279" lon="-121.5731594"/>
  <node id="12462520393" lat="50.2474810" lon="-121.5745085"/>
  <node id="12462520394" lat="50.2472534" lon="-121.5749028"/>
  <node id="12462520395" lat="50.2470319" lon="-121.5751896"/>
  <node id="12462520396" lat="50.2467974" lon="-121.5754268"/>
  <node id="12462520397" lat="50.2465376" lon="-121.5756139"/>
  <node id="12462520398" lat="50.2462421" lon="-121.5757519"/>
  <node id="12462520399" lat="50.2455043" lon="-121.5760198"/>
  <node id="12462520400" lat="50.2447800" lon="-121.5762401"/>
  <node id="12462532597" lat="50.2270327" lon="-121.5806257"/>
  <node id="12462532598" lat="50.2270364" lon="-121.5806893"/>
  <node id="12462532599" lat="50.2273813" lon="-121.5806792"/>
  <node id="12462532600" lat="50.2273839" lon="-121.5806151"/>
  <node id="12462532721" lat="50.2609321" lon="-121.5420884"/>
  <node id="12462532722" lat="50.2605663" lon="-121.5421734"/>
  <node id="12462532723" lat="50.2600643" lon="-121.5422682"/>
  <node id="12462532724" lat="50.2577371" lon="-121.5432594"/>
  <node id="12462532725" lat="50.2574077" lon="-121.5434801"/>
  <node id="12462532726" lat="50.2571808" lon="-121.5436901"/>
  <node id="12462532727" lat="50.2556174" lon="-121.5456728"/>
  <node id="12462532728" lat="50.2553418" lon="-121.5459241"/>
  <node id="12462532729" lat="50.2540822" lon="-121.5467492"/>
  <node id="12462532730" lat="50.2534231" lon="-121.5472357"/>
  <node id="12462532731" lat="50.2530995" lon="-121.5475383"/>
  <node id="12462532732" lat="50.2526859" lon="-121.5480050"/>
  <node id="12462532733" lat="50.2521268" lon="-121.5486677"/>
  <node id="12462532734" lat="50.2515395" lon="-121.5495010"/>
  <node id="12462532735" lat="50.2513245" lon="-121.5498979"/>
  <node id="12462532736" lat="50.2511027" lon="-121.5504139"/>
  <node id="12462532737" lat="50.2509278" lon="-121.5510143"/>
  <node id="12462532738" lat="50.2506355" lon="-121.5524963"/>
  <node id="12462532739" lat="50.2501090" lon="-121.5546640"/>
  <node id="12462532740" lat="50.2499807" lon="-121.5553159"/>
  <node id="12462532741" lat="50.2498524" lon="-121.5560636"/>
  <node id="12462532742" lat="50.2497912" lon="-121.5564511"/>
  <node id="12462532743" lat="50.2497475" lon="-121.5567976"/>
  <node id="12462532744" lat="50.2497154" lon="-121.5571395"/>
  <node id="12462532745" lat="50.2497009" lon="-121.5573857"/>
  <node id="12462532746" lat="50.2497038" lon="-121.5576912"/>
  <node id="12462532747" lat="50.2497253" lon="-121.5579579"/>
  <node id="12462532748" lat="50.2497676" lon="-121.5583053"/>
  <node id="12462532749" lat="50.2498620" lon="-121.5587457"/>
  <node id="12462532750" lat="50.2500604" lon="-121.5597392"/>
  <node id="12462532751" lat="50.2503509" lon="-121.5609874"/>
  <node id="12462532752" lat="50.2504909" lon="-121.5616667"/>
  <node id="12462532753" lat="50.2505521" lon="-121.5620451"/>
  <node id="12462532754" lat="50.2505842" lon="-121.5623733"/>
  <node id="12462532755" lat="50.2505958" lon="-121.5627426"/>
  <node id="12462532756" lat="50.2505900" lon="-121.5630526"/>
  <node id="12462532757" lat="50.2505579" lon="-121.5634082"/>
  <node id="12462532758" lat="50.2504880" lon="-121.5638823"/>
  <node id="12462532759" lat="50.2504132" lon="-121.5642797"/>
  <node id="12462532760" lat="50.2502937" lon="-121.5646708"/>
  <node id="12462532761" lat="50.2501644" lon="-121.5650039"/>
  <node id="12462532762" lat="50.2500186" lon="-121.5653230"/>
  <node id="12462532763" lat="50.2498437" lon="-121.5656512"/>
  <node id="12462532764" lat="50.2494548" lon="-121.5664176"/>
  <node id="12462532765" lat="50.2488333" lon="-121.5676057"/>
  <node id="12462532766" lat="50.2482312" lon="-121.5687552"/>
  <node id="12462532767" lat="50.2479334" lon="-121.5693064"/>
  <node id="12462532768" lat="50.2473750" lon="-121.5701967"/>
  <node id="12462532769" lat="50.2470143" lon="-121.5706879"/>
  <node id="12462532770" lat="50.2464777" lon="-121.5712848"/>
  <node id="12462532771" lat="50.2461035" lon="-121.5716626"/>
  <node id="12462532772" lat="50.2456005" lon="-121.5721330"/>
  <node id="12462532773" lat="50.2449952" lon="-121.5726697"/>
  <node id="12462532774" lat="50.2444595" lon="-121.5729802"/>
  <node id="12462532775" lat="50.2433107" lon="-121.5736273"/>
  <node id="12462532776" lat="50.2427750" lon="-121.5738925"/>
  <node id="12462532777" lat="50.2422093" lon="-121.5741139"/>
  <node id="12462532778" lat="50.2408928" lon="-121.5746444"/>
  <node id="12462532779" lat="50.2403601" lon="-121.5749360"/>
  <node id="12462532780" lat="50.2398892" lon="-121.5751785"/>
  <node id="12462532781" lat="50.2390263" lon="-121.5758641"/>
  <node id="12462532782" lat="50.2388122" lon="-121.5759834"/>
  <node id="12462532783" lat="50.2385882" lon="-121.5760903"/>
  <node id="12462532784" lat="50.2378046" lon="-121.5763746"/>
  <node id="12462532785" lat="50.2307104" lon="-121.5798088"/>
  <node id="12462532786" lat="50.2352279" lon="-121.5773241"/>
  <node id="12462532787" lat="50.2366361" lon="-121.5767738"/>
  <node id="12462532788" lat="50.2367994" lon="-121.5767261"/>
  <node id="12462532789" lat="50.2352396" lon="-121.5773848"/>
  <node id="12462532790" lat="50.2368790" lon="-121.5767442"/>
  <node id="12462532791" lat="50.2371837" lon="-121.5766225"/>
  <node id="12462532792" lat="50.2380818" lon="-121.5763167"/>
  <node id="12462532793" lat="50.2378153" lon="-121.5764358"/>
  <node id="12462532794" lat="50.2368890" lon="-121.5768056"/>
  <node id="12462532795" lat="50.2352514" lon="-121.5774456"/>
  <node id="12462532796" lat="50.2298968" lon="-121.5804439"/>
  <node id="12462532797" lat="50.2295746" lon="-121.5805470"/>
  <node id="12462532798" lat="50.2289118" lon="-121.5806343"/>
  <node id="12462532799" lat="50.2251045" lon="-121.5807459"/>
  <node id="12462532800" lat="50.2247270" lon="-121.5807128"/>
  <node id="12462532801" lat="50.2244319" lon="-121.5805738"/>
  <node id="12462532802" lat="50.2241597" lon="-121.5804098"/>
  <node id="12462532803" lat="50.2238039" lon="-121.5800984"/>
  <node id="12462532804" lat="50.2234186" lon="-121.5796524"/>
  <node id="12462532805" lat="50.2231817" lon="-121.5793091"/>
  <node id="12462532806" lat="50.2230036" lon="-121.5790717"/>
  <node id="12462532807" lat="50.2227686" lon="-121.5787950"/>
  <node id="12462532808" lat="50.2224318" lon="-121.5785456"/>
  <node id="12462532809" lat="50.2214865" lon="-121.5780462"/>
  <node id="12462532810" lat="50.2198840" lon="-121.5771003"/>
  <node id="12462532811" lat="50.2189032" lon="-121.5765602"/>
  <node id="12462532812" lat="50.2183626" lon="-121.5763654"/>
  <node id="12462532813" lat="50.2180166" lon="-121.5763134"/>
  <node id="12462532814" lat="50.2175746" lon="-121.5763417"/>
  <node id="12462532815" lat="50.2164432" lon="-121.5764835"/>
  <node id="12462532816" lat="50.2171808" lon="-121.5763136"/>
  <node id="12462532817" lat="50.2174595" lon="-121.5762736"/>
  <node id="12462532818" lat="50.2181088" lon="-121.5762468"/>
  <node id="12462532819" lat="50.2184353" lon="-121.5762935"/>
  <node id="12462532820" lat="50.2188401" lon="-121.5764513"/>
  <node id="12462532821" lat="50.2215097" lon="-121.5779646"/>
  <node id="12462532822" lat="50.2222464" lon="-121.5783521"/>
  <node id="12462532823" lat="50.2226647" lon="-121.5786090"/>
  <node id="12462532824" lat="50.2229356" lon="-121.5788698"/>
  <node id="12462532825" lat="50.2232297" lon="-121.5792690"/>
  <node id="12462532826" lat="50.2234603" lon="-121.5796160"/>
  <node id="12462532827" lat="50.2238078" lon="-121.5800114"/>
  <node id="12462532828" lat="50.2242291" lon="-121.5803682"/>
  <node id="12462532829" lat="50.2245581" lon="-121.5805715"/>
  <node id="12462532830" lat="50.2248216" lon="-121.5806561"/>
  <node id="12462532831" lat="50.2253122" lon="-121.5806777"/>
  <node id="12462532832" lat="50.2287987" lon="-121.5805723"/>
  <node id="12462532833" lat="50.2294960" lon="-121.5804925"/>
  <node id="12462532834" lat="50.2298308" lon="-121.5803819"/>
  <node id="12462532835" lat="50.2299530" lon="-121.5803198"/>
  <node id="12462548501" lat="50.2435393" lon="-121.5766858"/>
  <node id="12462548502" lat="50.2403304" lon="-121.5784149"/>
  <node id="12462548503" lat="50.2397295" lon="-121.5788632"/>
  <node id="12462548504" lat="50.2395029" lon="-121.5790895"/>
  <node id="12462548505" lat="50.2389763" lon="-121.5797727"/>
  <node id="12462548506" lat="50.2350508" lon="-121.5811328"/>
  <node id="12462548507" lat="50.2354002" lon="-121.5808661"/>
  <node id="12462548508" lat="50.2356386" lon="-121.5807599"/>
  <node id="12462548509" lat="50.2375420" lon="-121.5808913"/>
  <node id="12462548510" lat="50.2378961" lon="-121.5808201"/>
  <node id="12462548511" lat="50.2381506" lon="-121.5806747"/>
  <node id="12462548512" lat="50.2384608" lon="-121.5803983"/>
  <node id="12462548513" lat="50.2386759" lon="-121.5801373"/>
  <node id="12462548514" lat="50.2283712" lon="-121.5835697"/>
  <node id="12462548515" lat="50.2285814" lon="-121.5836800"/>
  <node id="12462548516" lat="50.2293075" lon="-121.5839680"/>
  <node id="12462548517" lat="50.2298822" lon="-121.5841893"/>
  <node id="12462548518" lat="50.2300882" lon="-121.5842463"/>
  <node id="12462548519" lat="50.2302872" lon="-121.5842821"/>
  <node id="12462548520" lat="50.2307159" lon="-121.5843099"/>
  <node id="12462548521" lat="50.2309367" lon="-121.5842875"/>
  <node id="12462548522" lat="50.2311591" lon="-121.5842500"/>
  <node id="12462548523" lat="50.2316063" lon="-121.5840663"/>
  <node id="12462548524" lat="50.2319192" lon="-121.5838673"/>
  <node id="12462548525" lat="50.2329340" lon="-121.5830419"/>
  <node id="12462548526" lat="50.2333792" lon="-121.5826556"/>
  <node id="12462548527" lat="50.2343930" lon="-121.5817035"/>
  <node id="12462548528" lat="50.2329143" lon="-121.5829864"/>
  <node id="12462548529" lat="50.2318853" lon="-121.5838397"/>
  <node id="12462548530" lat="50.2315466" lon="-121.5840372"/>
  <node id="12462548531" lat="50.2313702" lon="-121.5841149"/>
  <node id="12462548532" lat="50.2310854" lon="-121.5842152"/>
  <node id="12462548533" lat="50.2308633" lon="-121.5842528"/>
  <node id="12462548534" lat="50.2305688" lon="-121.5842570"/>
  <node id="12462548535" lat="50.2302951" lon="-121.5842265"/>
  <node id="12462548536" lat="50.2300392" lon="-121.5841797"/>
  <node id="12462548537" lat="50.2298696" lon="-121.5841235"/>
  <node id="12462548538" lat="50.2293167" lon="-121.5839063"/>
  <node id="12462548539" lat="50.2285690" lon="-121.5836225"/>
  <node id="12462548540" lat="50.2282050" lon="-121.5834528"/>
  <node id="12462548541" lat="50.2280970" lon="-121.5834006"/>
  <node id="12464200729" lat="50.2262844" lon="-121.5814566"/>
  <node id="12464200730" lat="50.2264286" lon="-121.5814395"/>
  <node id="12464200731" lat="50.2266199" lon="-121.5814544"/>
  <node id="12464200732" lat="50.2266967" lon="-121.5814887"/>
  <node id="12464200733" lat="50.2268381" lon="-121.5816657"/>
  <node id="12464200734" lat="50.2269052" lon="-121.5817534"/>
  <node id="12464200788" lat="50.2254760" lon="-121.5671685"/>
  <node id="12464200789" lat="50.2243717" lon="-121.5674504"/>
  <node id="12464200790" lat="50.2253108" lon="-121.5669342"/>
  <node id="12464200791" lat="50.2251517" lon="-121.5667457"/>
  <node id="12464200796" lat="50.2261190" lon="-121.5691716"/>
  <node id="12464200797" lat="50.2263139" lon="-121.5706307"/>
  <node id="12464200798" lat="50.2263169" lon="-121.5708630"/>
  <node id="12464200799" lat="50.2236334" lon="-121.5654169"/>
  <node id="12464200800" lat="50.2236835" lon="-121.5665288"/>
  <node id="12464203701" lat="50.2244413" lon="-121.5675373"/>
  <node id="12464203702" lat="50.2244842" lon="-121.5676426"/>
  <node id="12464203703" lat="50.2245222" lon="-121.5678131"/>
  <node id="12464203704" lat="50.2246165" lon="-121.5680606"/>
  <node id="12464203705" lat="50.2246725" lon="-121.5682107"/>
  <node id="12464203706" lat="50.2247079" lon="-121.5683194"/>
  <node id="12464203707" lat="50.2247058" lon="-121.5683733"/>
  <node id="12464203708" lat="50.2246077" lon="-121.5685340"/>
  <node id="12464203709" lat="50.2246001" lon="-121.5687407"/>
  <node id="12464203710" lat="50.2246076" lon="-121.5689547"/>
  <node id="12464203711" lat="50.2246086" lon="-121.5690719"/>
  <node id="12464203712" lat="50.2245810" lon="-121.5691505"/>
  <node id="12464203713" lat="50.2245079" lon="-121.5692556"/>
  <node id="12464203714" lat="50.2243727" lon="-121.5693853"/>
  <node id="12464203715" lat="50.2242016" lon="-121.5694974"/>
  <node id="12464203716" lat="50.2240404" lon="-121.5695660"/>
  <node id="12464203717" lat="50.2239337" lon="-121.5696433"/>
  <node id="12464203718" lat="50.2238214" lon="-121.5696807"/>
  <node id="12464203719" lat="50.2237125" lon="-121.5696920"/>
  <node id="12464203720" lat="50.2236047" lon="-121.5696702"/>
  <node id="12464203721" lat="50.2235263" lon="-121.5696589"/>
  <node id="12464203722" lat="50.2234491" lon="-121.5696746"/>
  <node id="12464203723" lat="50.2232601" lon="-121.5697528"/>
  <node id="12464203724" lat="50.2231006" lon="-121.5698561"/>
  <node id="12464203725" lat="50.2230322" lon="-121.5699343"/>
  <node id="12464203726" lat="50.2229111" lon="-121.5701630"/>
  <node id="12464203727" lat="50.2228223" lon="-121.5703456"/>
  <node id="12464203728" lat="50.2227186" lon="-121.5704723"/>
  <node id="12464203729" lat="50.2226471" lon="-121.5705162"/>
  <node id="12464203730" lat="50.2224276" lon="-121.5706021"/>
  <node id="12464203731" lat="50.2222531" lon="-121.5706247"/>
  <node id="12464203732" lat="50.2220224" lon="-121.5706229"/>
  <node id="12464203733" lat="50.2219041" lon="-121.5706403"/>
  <node id="12464203734" lat="50.2217923" lon="-121.5706890"/>
  <node id="12464203735" lat="50.2215350" lon="-121.5707767"/>
  <node id="12464203736" lat="50.2212705" lon="-121.5708288"/>
  <node id="12464203737" lat="50.2211036" lon="-121.5708574"/>
  <node id="12464203738" lat="50.2208011" lon="-121.5708877"/>
  <node id="12464203749" lat="50.2262959" lon="-121.5721549"/>
  <node id="12464203750" lat="50.2260449" lon="-121.5720212"/>
  <node id="12464203751" lat="50.2259158" lon="-121.5720630"/>
  <node id="12464203752" lat="50.2258305" lon="-121.5721337"/>
  <node id="12464203753" lat="50.2256906" lon="-121.5723852"/>
  <node id="12464203805" lat="50.2278684" lon="-121.5755105"/>
  <node id="12464203806" lat="50.2279095" lon="-121.5753872"/>
  <node id="12464203807" lat="50.2279412" lon="-121.5752108"/>
  <node id="12464203808" lat="50.2279595" lon="-121.5750519"/>
  <node id="12464203809" lat="50.2279668" lon="-121.5749085"/>
  <node id="12464203810" lat="50.2279577" lon="-121.5747388"/>
  <node id="12464203811" lat="50.2279558" lon="-121.5746259"/>
  <node id="12464203812" lat="50.2279668" lon="-121.5745692"/>
  <node id="12464203813" lat="50.2279881" lon="-121.5745365"/>
  <node id="12464203814" lat="50.2280145" lon="-121.5745274"/>
  <node id="12464203815" lat="50.2280691" lon="-121.5745285"/>
  <node id="12464203816" lat="50.2281285" lon="-121.5745600"/>
  <node id="12464203817" lat="50.2282346" lon="-121.5746541"/>
  <node id="12464203818" lat="50.2283302" lon="-121.5747401"/>
  <node id="12464203819" lat="50.2283724" lon="-121.5747618"/>
  <node id="12464203820" lat="50.2284913" lon="-121.5747853"/>
  <node id="12464203821" lat="50.2286512" lon="-121.5747921"/>
  <node id="12464203822" lat="50.2288037" lon="-121.5747830"/>
  <node id="12464203823" lat="50.2289973" lon="-121.5747039"/>
  <node id="12464203824" lat="50.2289686" lon="-121.5745284"/>
  <node id="12464203825" lat="50.2288819" lon="-121.5740654"/>
  <node id="12464203826" lat="50.2288530" lon="-121.5739612"/>
  <node id="12464203827" lat="50.2286875" lon="-121.5736936"/>
  <node id="12464203828" lat="50.2286362" lon="-121.5736076"/>
  <node id="12464203829" lat="50.2286017" lon="-121.5735193"/>
  <node id="12464203830" lat="50.2285922" lon="-121.5734265"/>
  <node id="12464203831" lat="50.2285958" lon="-121.5732935"/>
  <node id="12464203832" lat="50.2286098" lon="-121.5731262"/>
  <node id="12464203833" lat="50.2286090" lon="-121.5730276"/>
  <node id="12464203834" lat="50.2285944" lon="-121.5728935"/>
  <node id="12464203835" lat="50.2285504" lon="-121.5726276"/>
  <node id="12464203836" lat="50.2285189" lon="-121.5725187"/>
  <node id="12464203837" lat="50.2284103" lon="-121.5722940"/>
  <node id="12464203838" lat="50.2281603" lon="-121.5719284"/>
  <node id="12464203839" lat="50.2281178" lon="-121.5718940"/>
  <node id="12464203840" lat="50.2280525" lon="-121.5718791"/>
  <node id="12464203841" lat="50.2279792" lon="-121.5718871"/>
  <node id="12464203842" lat="50.2278759" lon="-121.5719379"/>
  <node id="12464203843" lat="50.2278096" lon="-121.5719509"/>
  <node id="12464203844" lat="50.2277508" lon="-121.5719578"/>
  <node id="12464203845" lat="50.2277344" lon="-121.5719519"/>
  <node id="12464203846" lat="50.2277235" lon="-121.5719388"/>
  <node id="12464203847" lat="50.2277113" lon="-121.5719052"/>
  <node id="12464203848" lat="50.2277113" lon="-121.5718282"/>
  <node id="12464203849" lat="50.2277441" lon="-121.5716794"/>
  <node id="12464203850" lat="50.2277982" lon="-121.5714983"/>
  <node id="12464203851" lat="50.2278448" lon="-121.5713287"/>
  <node id="12464203852" lat="50.2279105" lon="-121.5711760"/>
  <node id="12464203853" lat="50.2279495" lon="-121.5710802"/>
  <node id="12464203854" lat="50.2279648" lon="-121.5710118"/>
  <node id="12464203855" lat="50.2279597" lon="-121.5709381"/>
  <node id="12464203856" lat="50.2278995" lon="-121.5706458"/>
  <node id="12464203857" lat="50.2278084" lon="-121.5702635"/>
  <node id="12464203858" lat="50.2277474" lon="-121.5699997"/>
  <node id="12464203859" lat="50.2277174" lon="-121.5699035"/>
  <node id="12464203860" lat="50.2277069" lon="-121.5698812"/>
  <node id="12464203861" lat="50.2276951" lon="-121.5698700"/>
  <node id="12464203862" lat="50.2276678" lon="-121.5698614"/>
  <node id="12464203863" lat="50.2276353" lon="-121.5698535"/>
  <node id="12464203864" lat="50.2276185" lon="-121.5698450"/>
  <node id="12464203865" lat="50.2276079" lon="-121.5698338"/>
  <node id="12464203866" lat="50.2275999" lon="-121.5698127"/>
  <node id="12464203867" lat="50.2275436" lon="-121.5694776"/>
  <node id="12464203868" lat="50.2274083" lon="-121.5686783"/>
  <node id="12464203869" lat="50.2273349" lon="-121.5681405"/>
  <node id="12464203870" lat="50.2272105" lon="-121.5675227"/>
  <node id="12464203871" lat="50.2271343" lon="-121.5671008"/>
  <node id="12464203872" lat="50.2270602" lon="-121.5666399"/>
  <node id="12464203873" lat="50.2269782" lon="-121.5662455"/>
  <node id="12464203874" lat="50.2268978" lon="-121.5658020"/>
  <node id="12464203875" lat="50.2260407" lon="-121.5650057"/>
  <node id="12464203876" lat="50.2261297" lon="-121.5651561"/>
  <node id="12464203877" lat="50.2261952" lon="-121.5652196"/>
  <node id="12464203878" lat="50.2263109" lon="-121.5652868"/>
  <node id="12464203879" lat="50.2264993" lon="-121.5653817"/>
  <node id="12464203880" lat="50.2266297" lon="-121.5654865"/>
  <node id="12464203881" lat="50.2267230" lon="-121.5655771"/>
  <node id="12464203882" lat="50.2268281" lon="-121.5657144"/>
  <node id="12464203883" lat="50.2268625" lon="-121.5657639"/>
  <node id="12464203884" lat="50.2269314" lon="-121.5658127"/>
  <node id="12464203885" lat="50.2270370" lon="-121.5657929"/>
  <node id="12464203886" lat="50.2271542" lon="-121.5657721"/>
  <node id="12464203887" lat="50.2272499" lon="-121.5657599"/>
  <node id="12464203888" lat="50.2272749" lon="-121.5657453"/>
  <node id="12464203889" lat="50.2272973" lon="-121.5657160"/>
  <node id="12464203890" lat="50.2273529" lon="-121.5655746"/>
  <node id="12464203891" lat="50.2274850" lon="-121.5653518"/>
  <node id="12464203892" lat="50.2275740" lon="-121.5651631"/>
  <node id="12464203893" lat="50.2276104" lon="-121.5650948"/>
  <node id="12464203894" lat="50.2276749" lon="-121.5650200"/>
  <node id="12464203895" lat="50.2278023" lon="-121.5649054"/>
  <node id="12464203896" lat="50.2279350" lon="-121.5647452"/>
  <node id="12464203897" lat="50.2280062" lon="-121.5646696"/>
  <node id="12464203898" lat="50.2281607" lon="-121.5645671"/>
  <node id="12464203899" lat="50.2282767" lon="-121.5644972"/>
  <node id="12464203900" lat="50.2283204" lon="-121.5644907"/>
  <node id="12464203901" lat="50.2283776" lon="-121.5645013"/>
  <node id="12464203902" lat="50.2284594" lon="-121.5645432"/>
  <node id="12464203903" lat="50.2285437" lon="-121.5645628"/>
  <node id="12464203904" lat="50.2286650" lon="-121.5645563"/>
  <node id="12464203905" lat="50.2288060" lon="-121.5644965"/>
  <node id="12464203906" lat="50.2289309" lon="-121.5644367"/>
  <node id="12464203907" lat="50.2291693" lon="-121.5643844"/>
  <node id="12464203908" lat="50.2292936" lon="-121.5643265"/>
  <node id="12464203909" lat="50.2293874" lon="-121.5642443"/>
  <node id="12464203910" lat="50.2295517" lon="-121.5640145"/>
  <node id="12464203911" lat="50.2297692" lon="-121.5638212"/>
  <node id="12464203912" lat="50.2298570" lon="-121.5637138"/>
  <node id="12464203913" lat="50.2299819" lon="-121.5636260"/>
  <node id="12464203914" lat="50.2301145" lon="-121.5634747"/>
  <node id="12464203915" lat="50.2302412" lon="-121.5632758"/>
  <node id="12464203916" lat="50.2303469" lon="-121.5630563"/>
  <node id="12464203917" lat="50.2305017" lon="-121.5629134"/>
  <node id="12464203918" lat="50.2305961" lon="-121.5628106"/>
  <node id="12464203919" lat="50.2307619" lon="-121.5626796"/>
  <node id="12464203920" lat="50.2308566" lon="-121.5625841"/>
  <node id="12464203921" lat="50.2310076" lon="-121.5624199"/>
  <node id="12464203922" lat="50.2310947" lon="-121.5622687"/>
  <node id="12464203923" lat="50.2311455" lon="-121.5622182"/>
  <node id="12464203924" lat="50.2312457" lon="-121.5621335"/>
  <node id="12464203925" lat="50.2312979" lon="-121.5621056"/>
  <node id="12464203926" lat="50.2313699" lon="-121.5620906"/>
  <node id="12464203927" lat="50.2314372" lon="-121.5621013"/>
  <node id="12464203928" lat="50.2315799" lon="-121.5621614"/>
  <node id="12464203929" lat="50.2316645" lon="-121.5621767"/>
  <node id="12464203930" lat="50.2318038" lon="-121.5621821"/>
  <node id="12464203931" lat="50.2319568" lon="-121.5621767"/>
  <node id="12464203932" lat="50.2322787" lon="-121.5621489"/>
  <node id="12464203933" lat="50.2326314" lon="-121.5621486"/>
  <node id="12464203934" lat="50.2328650" lon="-121.5621571"/>
  <node id="12464203935" lat="50.2329945" lon="-121.5621415"/>
  <node id="12464203936" lat="50.2330442" lon="-121.5621007"/>
  <node id="12464203937" lat="50.2331249" lon="-121.5619933"/>
  <node id="12464203938" lat="50.2331607" lon="-121.5619653"/>
  <node id="12464203939" lat="50.2332067" lon="-121.5619522"/>
  <node id="12464203940" lat="50.2332635" lon="-121.5619494"/>
  <node id="12464203941" lat="50.2333513" lon="-121.5619540"/>
  <node id="12464203942" lat="50.2334628" lon="-121.5619894"/>
  <node id="12464203943" lat="50.2335647" lon="-121.5620008"/>
  <node id="12464203944" lat="50.2338419" lon="-121.5619512"/>
  <node id="12464203945" lat="50.2339867" lon="-121.5618898"/>
  <node id="12464203946" lat="50.2340922" lon="-121.5618452"/>
  <node id="12464203947" lat="50.2341714" lon="-121.5618233"/>
  <node id="12464203948" lat="50.2343399" lon="-121.5617957"/>
  <node id="12464203949" lat="50.2345314" lon="-121.5617969"/>
  <node id="12464203950" lat="50.2348120" lon="-121.5617742"/>
  <node id="12464203951" lat="50.2348776" lon="-121.5617538"/>
  <node id="12464203952" lat="50.2349583" lon="-121.5616896"/>
  <node id="12464203953" lat="50.2351564" lon="-121.5615213"/>
  <node id="12464203954" lat="50.2352776" lon="-121.5614476"/>
  <node id="12464203955" lat="50.2353296" lon="-121.5614061"/>
  <node id="12464203956" lat="50.2354414" lon="-121.5612378"/>
  <node id="12464203957" lat="50.2355236" lon="-121.5611110"/>
  <node id="12464203958" lat="50.2356391" lon="-121.5609142"/>
  <node id="12464203959" lat="50.2357150" lon="-121.5607695"/>
  <node id="12464203960" lat="50.2358133" lon="-121.5606581"/>
  <node id="12464203961" lat="50.2358549" lon="-121.5606296"/>
  <node id="12464203962" lat="50.2358871" lon="-121.5606272"/>
  <node id="12464203963" lat="50.2359173" lon="-121.5606434"/>
  <node id="12464203964" lat="50.2359428" lon="-121.5606776"/>
  <node id="12464203965" lat="50.2359704" lon="-121.5607557"/>
  <node id="12464203966" lat="50.2360026" lon="-121.5609248"/>
  <node id="12464203967" lat="50.2360166" lon="-121.5610687"/>
  <node id="12464203968" lat="50.2360375" lon="-121.5611695"/>
  <node id="12464203969" lat="50.2360676" lon="-121.5612354"/>
  <node id="12464203970" lat="50.2361144" lon="-121.5612988"/>
  <node id="12464203971" lat="50.2361763" lon="-121.5613492"/>
  <node id="12464203972" lat="50.2362678" lon="-121.5614094"/>
  <node id="12464203973" lat="50.2363308" lon="-121.5614541"/>
  <node id="12464203974" lat="50.2363542" lon="-121.5614606"/>
  <node id="12464203975" lat="50.2363849" lon="-121.5614492"/>
  <node id="12464203976" lat="50.2364473" lon="-121.5613362"/>
  <node id="12464203977" lat="50.2365029" lon="-121.5611858"/>
  <node id="12464203978" lat="50.2366101" lon="-121.5609963"/>
  <node id="12464203979" lat="50.2366522" lon="-121.5608549"/>
  <node id="12464203980" lat="50.2366985" lon="-121.5607581"/>
  <node id="12464203981" lat="50.2367583" lon="-121.5606833"/>
  <node id="12464203982" lat="50.2368295" lon="-121.5606353"/>
  <node id="12464203983" lat="50.2368737" lon="-121.5606264"/>
  <node id="12464203984" lat="50.2369153" lon="-121.5606410"/>
  <node id="12464203985" lat="50.2370118" lon="-121.5607287"/>
  <node id="12464203986" lat="50.2371375" lon="-121.5608693"/>
  <node id="12464203987" lat="50.2371869" lon="-121.5608994"/>
  <node id="12464203988" lat="50.2372102" lon="-121.5609020"/>
  <node id="12464203989" lat="50.2372408" lon="-121.5608838"/>
  <node id="12464203990" lat="50.2372710" lon="-121.5608339"/>
  <node id="12464203991" lat="50.2373142" lon="-121.5606671"/>
  <node id="12464203992" lat="50.2373568" lon="-121.5605914"/>
  <node id="12464203993" lat="50.2374292" lon="-121.5605099"/>
  <node id="12464203994" lat="50.2375098" lon="-121.5604538"/>
  <node id="12464203995" lat="50.2375456" lon="-121.5604075"/>
  <node id="12464203996" lat="50.2375758" lon="-121.5603392"/>
  <node id="12464203997" lat="50.2375971" lon="-121.5601253"/>
  <node id="12464203998" lat="50.2376086" lon="-121.5599879"/>
  <node id="12464203999" lat="50.2376231" lon="-121.5599115"/>
  <node id="12464204000" lat="50.2376455" lon="-121.5598773"/>
  <node id="12464204001" lat="50.2376876" lon="-121.5598342"/>
  <node id="12464204002" lat="50.2377500" lon="-121.5598042"/>
  <node id="12464204003" lat="50.2378093" lon="-121.5598009"/>
  <node id="12464204004" lat="50.2378702" lon="-121.5598237"/>
  <node id="12464204005" lat="50.2379451" lon="-121.5598733"/>
  <node id="12464204006" lat="50.2380231" lon="-121.5599342"/>
  <node id="12464204007" lat="50.2380719" lon="-121.5599513"/>
  <node id="12464204008" lat="50.2381671" lon="-121.5599635"/>
  <node id="12464204009" lat="50.2382014" lon="-121.5599944"/>
  <node id="12464204010" lat="50.2382820" lon="-121.5601058"/>
  <node id="12464204011" lat="50.2383663" lon="-121.5601717"/>
  <node id="12464204012" lat="50.2384984" lon="-121.5603554"/>
  <node id="12464204013" lat="50.2385442" lon="-121.5603896"/>
  <node id="12464204014" lat="50.2385852" lon="-121.5604083"/>
  <node id="12464204015" lat="50.2386658" lon="-121.5604123"/>
  <node id="12464204016" lat="50.2387376" lon="-121.5603871"/>
  <node id="12464204017" lat="50.2387735" lon="-121.5603847"/>
  <node id="12464204018" lat="50.2388785" lon="-121.5604441"/>
  <node id="12464204019" lat="50.2389165" lon="-121.5604530"/>
  <node id="12464204020" lat="50.2390044" lon="-121.5604506"/>
  <node id="12464204021" lat="50.2390944" lon="-121.5604421"/>
  <node id="12464204022" lat="50.2391334" lon="-121.5604462"/>
  <node id="12464204023" lat="50.2392431" lon="-121.5605267"/>
  <node id="12464204024" lat="50.2392957" lon="-121.5605356"/>
  <node id="12464204025" lat="50.2394579" lon="-121.5605145"/>
  <node id="12464204026" lat="50.2396597" lon="-121.5604177"/>
  <node id="12464204027" lat="50.2398147" lon="-121.5602478"/>
  <node id="12464204028" lat="50.2398864" lon="-121.5601819"/>
  <node id="12464204029" lat="50.2399457" lon="-121.5601518"/>
  <node id="12464204030" lat="50.2400320" lon="-121.5601404"/>
  <node id="12464204031" lat="50.2402146" lon="-121.5601282"/>
  <node id="12464204032" lat="50.2402671" lon="-121.5601478"/>
  <node id="12464204033" lat="50.2403680" lon="-121.5602112"/>
  <node id="12464204034" lat="50.2404496" lon="-121.5602535"/>
  <node id="12464204035" lat="50.2405157" lon="-121.5603088"/>
  <node id="12464204036" lat="50.2406373" lon="-121.5604754"/>
  <node id="12464204037" lat="50.2407526" lon="-121.5606336"/>
  <node id="12464204038" lat="50.2408702" lon="-121.5607840"/>
  <node id="12464204039" lat="50.2409258" lon="-121.5608287"/>
  <node id="12464204040" lat="50.2410220" lon="-121.5608604"/>
  <node id="12464204041" lat="50.2411172" lon="-121.5609011"/>
  <node id="12464204042" lat="50.2412071" lon="-121.5609678"/>
  <node id="12464204043" lat="50.2413898" lon="-121.5611296"/>
  <node id="12464204044" lat="50.2414623" lon="-121.5611777"/>
  <node id="12464204045" lat="50.2415891" lon="-121.5612064"/>
  <node id="12464204046" lat="50.2416924" lon="-121.5612521"/>
  <node id="12464204047" lat="50.2418666" lon="-121.5613309"/>
  <node id="12464204048" lat="50.2419627" lon="-121.5614140"/>
  <node id="12464204049" lat="50.2420412" lon="-121.5614689"/>
  <node id="12464204050" lat="50.2422461" lon="-121.5615743"/>
  <node id="12464204051" lat="50.2423801" lon="-121.5615914"/>
  <node id="12464204052" lat="50.2425401" lon="-121.5616346"/>
  <node id="12464204053" lat="50.2427285" lon="-121.5616333"/>
  <node id="12464204054" lat="50.2428490" lon="-121.5616617"/>
  <node id="12464204055" lat="50.2429452" lon="-121.5616801"/>
  <node id="12464204056" lat="50.2430214" lon="-121.5616639"/>
  <node id="12464204057" lat="50.2431883" lon="-121.5615858"/>
  <node id="12464204058" lat="50.2432627" lon="-121.5615639"/>
  <node id="12464204059" lat="50.2435328" lon="-121.5615601"/>
  <node id="12464204060" lat="50.2436625" lon="-121.5615407"/>
  <node id="12464204061" lat="50.2437311" lon="-121.5615010"/>
  <node id="12464204062" lat="50.2438018" lon="-121.5614227"/>
  <node id="12464204063" lat="50.2438786" lon="-121.5612275"/>
  <node id="12464204064" lat="50.2439452" lon="-121.5610976"/>
  <node id="12464204065" lat="50.2440234" lon="-121.5610322"/>
  <node id="12464204066" lat="50.2441586" lon="-121.5609324"/>
  <node id="12464204067" lat="50.2442141" lon="-121.5608627"/>
  <node id="12464204068" lat="50.2442416" lon="-121.5607844"/>
  <node id="12464204069" lat="50.2443260" lon="-121.5604196"/>
  <node id="12464204070" lat="50.2443720" lon="-121.5602908"/>
  <node id="12464204071" lat="50.2444282" lon="-121.5602029"/>
  <node id="12464204072" lat="50.2445126" lon="-121.5601310"/>
  <node id="12464204073" lat="50.2445442" lon="-121.5600977"/>
  <node id="12464204074" lat="50.2445593" lon="-121.5600602"/>
  <node id="12464204075" lat="50.2445606" lon="-121.5600087"/>
  <node id="12464204076" lat="50.2445414" lon="-121.5599014"/>
  <node id="12464204077" lat="50.2445277" lon="-121.5597758"/>
  <node id="12464204078" lat="50.2445318" lon="-121.5596954"/>
  <node id="12464204079" lat="50.2445565" lon="-121.5596042"/>
  <node id="12464204080" lat="50.2446009" lon="-121.5595257"/>
  <node id="12464204081" lat="50.2448195" lon="-121.5593184"/>
  <node id="12464204082" lat="50.2448912" lon="-121.5593127"/>
  <node id="12464204083" lat="50.2449533" lon="-121.5593361"/>
  <node id="12464204084" lat="50.2450286" lon="-121.5594015"/>
  <node id="12464204085" lat="50.2451146" lon="-121.5595332"/>
  <node id="12464204086" lat="50.2452558" lon="-121.5598021"/>
  <node id="12464204087" lat="50.2455114" lon="-121.5602137"/>
  <node id="12464204088" lat="50.2457756" lon="-121.5605618"/>
  <node id="12464204089" lat="50.2459284" lon="-121.5607423"/>
  <node id="12464204090" lat="50.2460147" lon="-121.5607927"/>
  <node id="12464204091" lat="50.2464790" lon="-121.5642137"/>
  <node id="12464204092" lat="50.2464234" lon="-121.5634873"/>
  <node id="12464204093" lat="50.2462580" lon="-121.5628951"/>
  <node id="12464204094" lat="50.2461849" lon="-121.5625558"/>
  <node id="12464204095" lat="50.2461250" lon="-121.5622477"/>
  <node id="12464204096" lat="50.2460745" lon="-121.5619494"/>
  <node id="12464204097" lat="50.2460556" lon="-121.5618065"/>
  <node id="12464204098" lat="50.2460525" lon="-121.5616955"/>
  <node id="12464204099" lat="50.2460634" lon="-121.5614939"/>
  <node id="12464204100" lat="50.2460634" lon="-121.5613781"/>
  <node id="12464204101" lat="50.2460502" lon="-121.5611922"/>
  <node id="12464204102" lat="50.2460198" lon="-121.5609867"/>
  <node id="12464204103" lat="50.2460144" lon="-121.5608942"/>
  <node id="12464204104" lat="50.2460245" lon="-121.5606439"/>
  <node id="12464204105" lat="50.2460460" lon="-121.5605627"/>
  <node id="12464204106" lat="50.2461488" lon="-121.5603647"/>
  <node id="12464204107" lat="50.2461703" lon="-121.5602666"/>
  <node id="12464204108" lat="50.2461792" lon="-121.5598921"/>
  <node id="12464204109" lat="50.2461679" lon="-121.5598136"/>
  <node id="12464204110" lat="50.2460932" lon="-121.5595904"/>
  <node id="12464204111" lat="50.2459445" lon="-121.5592233"/>
  <node id="12464204112" lat="50.2459104" lon="-121.5591701"/>
  <node id="12464204126" lat="50.3286237" lon="-121.6483816"/>
  <node id="12464204271" lat="50.3350047" lon="-121.6516502"/>
  <node id="12464865808" lat="50.2490283" lon="-121.5822115"/>
  <node id="12464865809" lat="50.2491077" lon="-121.5823721"/>
  <node id="12464865810" lat="50.2491525" lon="-121.5824310"/>
  <node id="12464865811" lat="50.2492567" lon="-121.5825253"/>
  <node id="12464865812" lat="50.2493726" lon="-121.5825814"/>
  <node id="12464865813" lat="50.2494771" lon="-121.5826408"/>
  <node id="12464865814" lat="50.2495972" lon="-121.5827196"/>
  <node id="12464865815" lat="50.2497971" lon="-121.5828155"/>
  <node id="12464865816" lat="50.2499405" lon="-121.5828756"/>
  <node id="12464865817" lat="50.2500959" lon="-121.5829910"/>
  <node id="12464865818" lat="50.2502966" lon="-121.5830536"/>
  <node id="12464865819" lat="50.2504209" lon="-121.5830731"/>
  <node id="12464865820" lat="50.2504900" lon="-121.5830934"/>
  <node id="12464865821" lat="50.2505384" lon="-121.5831333"/>
  <node id="12464865822" lat="50.2506990" lon="-121.5833658"/>
  <node id="12464865823" lat="50.2507287" lon="-121.5834691"/>
  <node id="12464865824" lat="50.2507822" lon="-121.5835951"/>
  <node id="12464865825" lat="50.2508394" lon="-121.5836870"/>
  <node id="12464865826" lat="50.2509600" lon="-121.5837821"/>
  <node id="12464865827" lat="50.2510845" lon="-121.5838375"/>
  <node id="12464865828" lat="50.2512224" lon="-121.5838621"/>
  <node id="12464865829" lat="50.2513627" lon="-121.5838584"/>
  <node id="12464865830" lat="50.2514714" lon="-121.5838633"/>
  <node id="12464865831" lat="50.2516282" lon="-121.5839570"/>
  <node id="12464865832" lat="50.2517362" lon="-121.5840630"/>
  <node id="12464865833" lat="50.2518260" lon="-121.5841714"/>
  <node id="12464865834" lat="50.2518891" lon="-121.5842676"/>
  <node id="12464865835" lat="50.2519356" lon="-121.5843896"/>
  <node id="12464865836" lat="50.2519497" lon="-121.5845017"/>
  <node id="12464865837" lat="50.2519434" lon="-121.5845991"/>
  <node id="12464865838" lat="50.2519095" lon="-121.5848283"/>
  <node id="12464865839" lat="50.2517918" lon="-121.5853088"/>
  <node id="12464865840" lat="50.2517426" lon="-121.5855394"/>
  <node id="12464865841" lat="50.2517063" lon="-121.5857508"/>
  <node id="12464865842" lat="50.2516994" lon="-121.5860447"/>
  <node id="12464865843" lat="50.2516932" lon="-121.5862228"/>
  <node id="12464865844" lat="50.2516541" lon="-121.5866842"/>
  <node id="12464865845" lat="50.2516328" lon="-121.5869792"/>
  <node id="12464865846" lat="50.2515951" lon="-121.5873891"/>
  <node id="12464865847" lat="50.2515732" lon="-121.5876112"/>
  <node id="12464865848" lat="50.2515576" lon="-121.5877145"/>
  <node id="12464865849" lat="50.2515406" lon="-121.5877778"/>
  <node id="12464865850" lat="50.2512926" lon="-121.5869111"/>
  <node id="12464865851" lat="50.2513219" lon="-121.5869122"/>
  <node id="12464865852" lat="50.2513688" lon="-121.5869202"/>
  <node id="12464865853" lat="50.2514661" lon="-121.5869634"/>
  <node id="12464865854" lat="50.2515462" lon="-121.5869754"/>
  <node id="12464865855" lat="50.2517499" lon="-121.5869804"/>
  <node id="12464865856" lat="50.2518236" lon="-121.5870032"/>
  <node id="12464865857" lat="50.2519528" lon="-121.5870629"/>
  <node id="12464865858" lat="50.2520852" lon="-121.5871307"/>
  <node id="12464865859" lat="50.2521916" lon="-121.5871874"/>
  <node id="12464865860" lat="50.2523220" lon="-121.5872256"/>
  <node id="12464865861" lat="50.2525044" lon="-121.5873032"/>
  <node id="12464865862" lat="50.2526466" lon="-121.5873501"/>
  <node id="12464865863" lat="50.2527199" lon="-121.5873569"/>
  <node id="12464865864" lat="50.2529051" lon="-121.5873396"/>
  <node id="12464865865" lat="50.2529918" lon="-121.5872897"/>
  <node id="12464865866" lat="50.2530710" lon="-121.5872065"/>
  <node id="12464865867" lat="50.2526599" lon="-121.5875928"/>
  <node id="12464865868" lat="50.2527674" lon="-121.5877394"/>
  <node id="12464865869" lat="50.2528699" lon="-121.5878430"/>
  <node id="12464865870" lat="50.2529601" lon="-121.5879255"/>
  <node id="12464865871" lat="50.2531514" lon="-121.5880675"/>
  <node id="12464865872" lat="50.2532434" lon="-121.5881823"/>
  <node id="12464865873" lat="50.2533168" lon="-121.5882515"/>
  <node id="12464865874" lat="50.2534207" lon="-121.5883271"/>
  <node id="12464865875" lat="50.2534805" lon="-121.5883551"/>
  <node id="12464865876" lat="50.2535682" lon="-121.5884187"/>
  <node id="12464865877" lat="50.2536489" lon="-121.5884952"/>
  <node id="12464865878" lat="50.2537564" lon="-121.5886428"/>
  <node id="12464865879" lat="50.2537976" lon="-121.5886792"/>
  <node id="12464865880" lat="50.2538328" lon="-121.5886886"/>
  <node id="12464865881" lat="50.2538800" lon="-121.5886727"/>
  <node id="12464865882" lat="50.2539684" lon="-121.5885914"/>
  <node id="12464865883" lat="50.2540749" lon="-121.5884756"/>
  <node id="12464865884" lat="50.2541161" lon="-121.5884579"/>
  <node id="12464865885" lat="50.2541867" lon="-121.5884628"/>
  <node id="12464865886" lat="50.2542985" lon="-121.5885131"/>
  <node id="12464865887" lat="50.2544664" lon="-121.5886010"/>
  <node id="12464865888" lat="50.2546140" lon="-121.5887238"/>
  <node id="12464865889" lat="50.2547898" lon="-121.5888506"/>
  <node id="12464865890" lat="50.2548740" lon="-121.5888940"/>
  <node id="12464865891" lat="50.2550668" lon="-121.5890872"/>
  <node id="12464865892" lat="50.2552225" lon="-121.5892288"/>
  <node id="12464865893" lat="50.2553447" lon="-121.5893604"/>
  <node id="12464865894" lat="50.2554251" lon="-121.5894779"/>
  <node id="12464865895" lat="50.2554611" lon="-121.5895772"/>
  <node id="12464865896" lat="50.2554645" lon="-121.5897038"/>
  <node id="12464865897" lat="50.2554515" lon="-121.5897554"/>
  <node id="12464865898" lat="50.2490373" lon="-121.5819921"/>
  <node id="12464865899" lat="50.2491283" lon="-121.5819667"/>
  <node id="12464865900" lat="50.2491794" lon="-121.5819270"/>
  <node id="12464865901" lat="50.2492649" lon="-121.5817331"/>
  <node id="12464865902" lat="50.2493233" lon="-121.5816410"/>
  <node id="12464865903" lat="50.2493790" lon="-121.5815738"/>
  <node id="12464865904" lat="50.2494668" lon="-121.5814089"/>
  <node id="12464865905" lat="50.2495315" lon="-121.5812036"/>
  <node id="12464865906" lat="50.2496660" lon="-121.5808624"/>
  <node id="12464865907" lat="50.2497348" lon="-121.5807824"/>
  <node id="12464865908" lat="50.2498629" lon="-121.5806897"/>
  <node id="12464865909" lat="50.2499919" lon="-121.5806232"/>
  <node id="12464865910" lat="50.2501014" lon="-121.5805871"/>
  <node id="12464865911" lat="50.2502675" lon="-121.5805552"/>
  <node id="12464865912" lat="50.2504223" lon="-121.5805163"/>
  <node id="12464865913" lat="50.2505798" lon="-121.5804857"/>
  <node id="12464865914" lat="50.2507807" lon="-121.5804241"/>
  <node id="12464865915" lat="50.2509320" lon="-121.5803292"/>
  <node id="12464865916" lat="50.2510447" lon="-121.5802725"/>
  <node id="12464865917" lat="50.2511495" lon="-121.5802626"/>
  <node id="12464865918" lat="50.2513946" lon="-121.5802503"/>
  <node id="12464865919" lat="50.2517012" lon="-121.5802306"/>
  <node id="12464865920" lat="50.2517708" lon="-121.5802114"/>
  <node id="12464865921" lat="50.2518071" lon="-121.5801845"/>
  <node id="12464865922" lat="50.2518396" lon="-121.5801300"/>
  <node id="12464865923" lat="50.2518596" lon="-121.5800316"/>
  <node id="12464865924" lat="50.2518701" lon="-121.5801231"/>
  <node id="12464865925" lat="50.2518945" lon="-121.5802300"/>
  <node id="12464865926" lat="50.2519294" lon="-121.5803107"/>
  <node id="12464865927" lat="50.2520004" lon="-121.5803892"/>
  <node id="12464865928" lat="50.2521425" lon="-121.5805784"/>
  <node id="12464865929" lat="50.2521711" lon="-121.5806377"/>
  <node id="12464865930" lat="50.2522033" lon="-121.5807491"/>
  <node id="12464865931" lat="50.2522673" lon="-121.5808695"/>
  <node id="12464865932" lat="50.2523317" lon="-121.5809540"/>
  <node id="12464865933" lat="50.2524113" lon="-121.5810438"/>
  <node id="12464865934" lat="50.2524625" lon="-121.5811270"/>
  <node id="12464865935" lat="50.2524767" lon="-121.5811960"/>
  <node id="12464865936" lat="50.2524908" lon="-121.5813199"/>
  <node id="12464865937" lat="50.2524743" lon="-121.5815596"/>
  <node id="12464865938" lat="50.2524818" lon="-121.5816545"/>
  <node id="12464865939" lat="50.2524948" lon="-121.5817439"/>
  <node id="12464865940" lat="50.2525094" lon="-121.5818634"/>
  <node id="12464865941" lat="50.2525054" lon="-121.5820125"/>
  <node id="12464865942" lat="50.2525117" lon="-121.5821185"/>
  <node id="12464865943" lat="50.2525381" lon="-121.5822448"/>
  <node id="12464865944" lat="50.2518572" lon="-121.5799715"/>
  <node id="12464865945" lat="50.2518613" lon="-121.5797666"/>
  <node id="12464865946" lat="50.2518760" lon="-121.5796327"/>
  <node id="12464865947" lat="50.2519274" lon="-121.5794229"/>
  <node id="12464865948" lat="50.2520007" lon="-121.5792147"/>
  <node id="12464865949" lat="50.2520293" lon="-121.5790806"/>
  <node id="12464865950" lat="50.2520605" lon="-121.5790058"/>
  <node id="12464865951" lat="50.2521525" lon="-121.5788797"/>
  <node id="12464865952" lat="50.2521947" lon="-121.5787895"/>
  <node id="12464865953" lat="50.2522357" lon="-121.5787285"/>
  <node id="12464865954" lat="50.2522752" lon="-121.5787163"/>
  <node id="12464865955" lat="50.2523059" lon="-121.5787196"/>
  <node id="12464865956" lat="50.2523537" lon="-121.5787675"/>
  <node id="12464865957" lat="50.2524167" lon="-121.5788724"/>
  <node id="12464865958" lat="50.2525981" lon="-121.5792375"/>
  <node id="12464865959" lat="50.2526283" lon="-121.5793611"/>
  <node id="12464865960" lat="50.2526522" lon="-121.5795408"/>
  <node id="12464865961" lat="50.2526667" lon="-121.5796050"/>
  <node id="12464865962" lat="50.2526906" lon="-121.5796636"/>
  <node id="12464865963" lat="50.2528487" lon="-121.5798847"/>
  <node id="12464865964" lat="50.2530390" lon="-121.5801405"/>
  <node id="12464865965" lat="50.2531761" lon="-121.5803081"/>
  <node id="12464865966" lat="50.2532320" lon="-121.5803450"/>
  <node id="12464865967" lat="50.2533085" lon="-121.5803694"/>
  <node id="12464865968" lat="50.2534592" lon="-121.5804710"/>
  <node id="12464865969" lat="50.2535346" lon="-121.5805344"/>
  <node id="12464865970" lat="50.2536209" lon="-121.5806336"/>
  <node id="12464865971" lat="50.2536833" lon="-121.5806978"/>
  <node id="12464865972" lat="50.2537161" lon="-121.5807052"/>
  <node id="12464865973" lat="50.2537810" lon="-121.5807052"/>
  <node id="12464865974" lat="50.2538512" lon="-121.5807117"/>
  <node id="12464865975" lat="50.2539183" lon="-121.5807304"/>
  <node id="12464865976" lat="50.2539776" lon="-121.5807710"/>
  <node id="12464865977" lat="50.2540306" lon="-121.5808198"/>
  <node id="12464865978" lat="50.2541127" lon="-121.5809621"/>
  <node id="12464865979" lat="50.2541918" lon="-121.5811182"/>
  <node id="12464865980" lat="50.2542978" lon="-121.5812760"/>
  <node id="12464865981" lat="50.2543711" lon="-121.5813564"/>
  <node id="12464865982" lat="50.2544787" lon="-121.5814353"/>
  <node id="12464865983" lat="50.2545718" lon="-121.5814906"/>
  <node id="12464865984" lat="50.2546924" lon="-121.5815077"/>
  <node id="12464865985" lat="50.2548665" lon="-121.5814987"/>
  <node id="12464865986" lat="50.2550484" lon="-121.5814888"/>
  <node id="12464865987" lat="50.2550950" lon="-121.5814734"/>
  <node id="12464865988" lat="50.2551774" lon="-121.5814081"/>
  <node id="12464865989" lat="50.2552658" lon="-121.5813231"/>
  <node id="12464865990" lat="50.2553142" lon="-121.5813035"/>
  <node id="12464865991" lat="50.2553703" lon="-121.5813016"/>
  <node id="12464865992" lat="50.2554569" lon="-121.5813221"/>
  <node id="12464865993" lat="50.2556265" lon="-121.5813922"/>
  <node id="12464865994" lat="50.2556938" lon="-121.5814016"/>
  <node id="12464865995" lat="50.2557277" lon="-121.5814023"/>
  <node id="12464865996" lat="50.2557616" lon="-121.5813839"/>
  <node id="12464865997" lat="50.2558245" lon="-121.5813231"/>
  <node id="12464865998" lat="50.2558741" lon="-121.5812954"/>
  <node id="12464865999" lat="50.2559911" lon="-121.5812510"/>
  <node id="12464866000" lat="50.2560504" lon="-121.5812156"/>
  <node id="12464866001" lat="50.2561454" lon="-121.5811427"/>
  <node id="12464866002" lat="50.2562291" lon="-121.5810940"/>
  <node id="12464866003" lat="50.2562532" lon="-121.5810651"/>
  <node id="12464866004" lat="50.2562622" lon="-121.5810371"/>
  <node id="12464866005" lat="50.2562634" lon="-121.5809946"/>
  <node id="12464866006" lat="50.2562532" lon="-121.5809581"/>
  <node id="12464866007" lat="50.2562320" lon="-121.5809208"/>
  <node id="12464866008" lat="50.2561813" lon="-121.5808909"/>
  <node id="12464866009" lat="50.2560668" lon="-121.5808361"/>
  <node id="12464866010" lat="50.2560472" lon="-121.5808184"/>
  <node id="12464866011" lat="50.2560304" lon="-121.5807856"/>
  <node id="12464866012" lat="50.2560105" lon="-121.5807164"/>
  <node id="12464866013" lat="50.2560061" lon="-121.5806494"/>
  <node id="12464866014" lat="50.2560088" lon="-121.5805941"/>
  <node id="12464866015" lat="50.2560380" lon="-121.5805196"/>
  <node id="12464866016" lat="50.2560990" lon="-121.5804434"/>
  <node id="12464866017" lat="50.2562894" lon="-121.5802600"/>
  <node id="12464866018" lat="50.2563847" lon="-121.5802187"/>
  <node id="12464866019" lat="50.2564997" lon="-121.5802064"/>
  <node id="12464866020" lat="50.2566045" lon="-121.5802014"/>
  <node id="12464866021" lat="50.2566423" lon="-121.5801891"/>
  <node id="12464866022" lat="50.2567196" lon="-121.5802002"/>
  <node id="12464866023" lat="50.2567936" lon="-121.5802187"/>
  <node id="12464866024" lat="50.2568385" lon="-121.5802187"/>
  <node id="12464866025" lat="50.2568701" lon="-121.5802014"/>
  <node id="12464866026" lat="50.2568957" lon="-121.5801586"/>
  <node id="12464866027" lat="50.2569201" lon="-121.5800993"/>
  <node id="12464866028" lat="50.2569357" lon="-121.5800196"/>
  <node id="12464866029" lat="50.2569877" lon="-121.5798935"/>
  <node id="12464866030" lat="50.2570375" lon="-121.5797918"/>
  <node id="12464866031" lat="50.2570833" lon="-121.5797008"/>
  <node id="12464866032" lat="50.2570932" lon="-121.5795487"/>
  <node id="12464866033" lat="50.2571176" lon="-121.5794568"/>
  <node id="12464866034" lat="50.2571295" lon="-121.5793690"/>
  <node id="12464866035" lat="50.2571353" lon="-121.5792853"/>
  <node id="12464866036" lat="50.2571176" lon="-121.5790958"/>
  <node id="12464866037" lat="50.2571212" lon="-121.5790121"/>
  <node id="12642655910" lat="50.2522777" lon="-121.5568257"/>
  <node id="12642655911" lat="50.2523538" lon="-121.5573879"/>
  <node id="12663267589" lat="50.1817630" lon="-121.5786516"/>
  <node id="12663267590" lat="50.1436546" lon="-121.5757878"/>
  <node id="12663267591" lat="50.2591849" lon="-121.4627104"/>
  <node id="12663267592" lat="50.2614028" lon="-121.4226565"/>
  <node id="12663267593" lat="50.3519697" lon="-121.3916354"/>
  <node id="12841120931" lat="50.2232967" lon="-121.5863387"/>
  <node id="12841120932" lat="50.2242982" lon="-121.5869973"/>
  <node id="12841120933" lat="50.2242383" lon="-121.5869661"/>
  <node id="12841120934" lat="50.2241509" lon="-121.5869446"/>
  <node id="12841120935" lat="50.2240959" lon="-121.5869426"/>
  <node id="12841120936" lat="50.2240710" lon="-121.5869153"/>
  <node id="12841120937" lat="50.2240260" lon="-121.5868822"/>
  <node id="12841120938" lat="50.2239636" lon="-121.5868841"/>
  <node id="12841120939" lat="50.2239286" lon="-121.5868392"/>
  <node id="12841120940" lat="50.2238887" lon="-121.5868041"/>
  <node id="12841120941" lat="50.2238500" lon="-121.5867787"/>
  <node id="12841120942" lat="50.2238013" lon="-121.5867787"/>
  <node id="12841120943" lat="50.2237576" lon="-121.5867670"/>
  <node id="12841120944" lat="50.2237114" lon="-121.5867456"/>
  <node id="12841120945" lat="50.2236702" lon="-121.5867007"/>
  <node id="12841120946" lat="50.2236190" lon="-121.5866246"/>
  <node id="12841120947" lat="50.2235916" lon="-121.5865758"/>
  <node id="12841120948" lat="50.2235479" lon="-121.5865387"/>
  <node id="12841120949" lat="50.2234992" lon="-121.5864392"/>
  <node id="12841120950" lat="50.2234617" lon="-121.5864158"/>
  <node id="12841120951" lat="50.2234043" lon="-121.5864002"/>
  <node id="12841120952" lat="50.2424630" lon="-121.6046157"/>
  <node id="12841120953" lat="50.2329689" lon="-121.5968319"/>
  <node id="12841120954" lat="50.2331362" lon="-121.5969549"/>
  <node id="12841120955" lat="50.2332248" lon="-121.5970329"/>
  <node id="12841120956" lat="50.2333459" lon="-121.5971754"/>
  <node id="12841120957" lat="50.2334819" lon="-121.5973764"/>
  <node id="12841120958" lat="50.2335893" lon="-121.5974798"/>
  <node id="12841120959" lat="50.2337079" lon="-121.5976622"/>
  <node id="12841120960" lat="50.2338096" lon="-121.5977764"/>
  <node id="12841120961" lat="50.2340024" lon="-121.5977744"/>
  <node id="12841120962" lat="50.2341822" lon="-121.5974973"/>
  <node id="12841120963" lat="50.2326007" lon="-121.5966048"/>
  <node id="12841120964" lat="50.2422983" lon="-121.6048694"/>
  <node id="12841120965" lat="50.2421236" lon="-121.6051543"/>
  <node id="12841120966" lat="50.2420063" lon="-121.6053826"/>
  <node id="12841120967" lat="50.2340898" lon="-121.5976866"/>
  <node id="12841120968" lat="50.2428773" lon="-121.6042138"/>
  <node id="12841120969" lat="50.2428517" lon="-121.6044460"/>
  <node id="12841120970" lat="50.2428206" lon="-121.6045816"/>
  <node id="12841120971" lat="50.2427762" lon="-121.6046792"/>
  <node id="12841120972" lat="50.2427319" lon="-121.6047348"/>
  <node id="12841120973" lat="50.2426895" lon="-121.6047640"/>
  <node id="12841120974" lat="50.2426471" lon="-121.6047709"/>
  <node id="12841120975" lat="50.2426059" lon="-121.6047611"/>
  <node id="12841120976" lat="50.2425660" lon="-121.6047328"/>
  <node id="12841120977" lat="50.2425017" lon="-121.6046626"/>
  <node id="12841120978" lat="50.2423507" lon="-121.6044616"/>
  <node id="12841120979" lat="50.2422434" lon="-121.6043757"/>
  <node id="12841120980" lat="50.2421760" lon="-121.6043484"/>
  <node id="12841120981" lat="50.2421236" lon="-121.6043504"/>
  <node id="12841120982" lat="50.2420612" lon="-121.6043874"/>
  <node id="12841120983" lat="50.2419651" lon="-121.6044226"/>
  <node id="12841120984" lat="50.2417879" lon="-121.6044265"/>
  <node id="12841120985" lat="50.2414322" lon="-121.6043679"/>
  <node id="12841120986" lat="50.2413586" lon="-121.6043777"/>
  <node id="12841120987" lat="50.2412924" lon="-121.6043328"/>
  <node id="12841120988" lat="50.2412288" lon="-121.6043074"/>
  <node id="12841120989" lat="50.2411314" lon="-121.6042860"/>
  <node id="12841120990" lat="50.2410204" lon="-121.6042801"/>
  <node id="12841120991" lat="50.2409442" lon="-121.6042665"/>
  <node id="12841120992" lat="50.2408269" lon="-121.6041962"/>
  <node id="12841120993" lat="50.2405948" lon="-121.6040772"/>
  <node id="12841120994" lat="50.2405187" lon="-121.6039933"/>
  <node id="12841120995" lat="50.2404712" lon="-121.6039640"/>
  <node id="12841120996" lat="50.2402516" lon="-121.6039152"/>
  <node id="12841120997" lat="50.2401805" lon="-121.6038625"/>
  <node id="12841120998" lat="50.2401043" lon="-121.6037357"/>
  <node id="12841120999" lat="50.2398360" lon="-121.6033806"/>
  <node id="12841121000" lat="50.2397549" lon="-121.6033162"/>
  <node id="12841151801" lat="50.2396887" lon="-121.6032947"/>
  <node id="12841151802" lat="50.2395964" lon="-121.6032947"/>
  <node id="12841151803" lat="50.2394891" lon="-121.6032557"/>
  <node id="12841151804" lat="50.2393368" lon="-121.6031620"/>
  <node id="12841151805" lat="50.2392607" lon="-121.6030781"/>
  <node id="12841151806" lat="50.2392083" lon="-121.6029747"/>
  <node id="12841151807" lat="50.2391546" lon="-121.6027600"/>
  <node id="12841151808" lat="50.2391196" lon="-121.6025220"/>
  <node id="12841151809" lat="50.2390959" lon="-121.6024381"/>
  <node id="12841151810" lat="50.2390235" lon="-121.6023015"/>
  <node id="12841151811" lat="50.2388513" lon="-121.6020732"/>
  <node id="12841151812" lat="50.2387490" lon="-121.6019580"/>
  <node id="12841151813" lat="50.2386504" lon="-121.6018800"/>
  <node id="12841151814" lat="50.2384220" lon="-121.6017415"/>
  <node id="12841151815" lat="50.2383122" lon="-121.6016829"/>
  <node id="12841151816" lat="50.2380588" lon="-121.6016458"/>
  <node id="12841151817" lat="50.2379989" lon="-121.6016185"/>
  <node id="12841151818" lat="50.2379003" lon="-121.6015346"/>
  <node id="12841151819" lat="50.2378167" lon="-121.6014722"/>
  <node id="12841151820" lat="50.2377031" lon="-121.6014273"/>
  <node id="12841151821" lat="50.2376357" lon="-121.6013922"/>
  <node id="12841151822" lat="50.2375733" lon="-121.6013375"/>
  <node id="12841151823" lat="50.2374460" lon="-121.6011346"/>
  <node id="12841151824" lat="50.2373611" lon="-121.6009882"/>
  <node id="12841151825" lat="50.2372263" lon="-121.6007814"/>
  <node id="12841151826" lat="50.2371502" lon="-121.6006897"/>
  <node id="12841151827" lat="50.2370603" lon="-121.6006194"/>
  <node id="12841151828" lat="50.2369680" lon="-121.6005199"/>
  <node id="12841151829" lat="50.2368557" lon="-121.6003424"/>
  <node id="12841151830" lat="50.2367383" lon="-121.6002272"/>
  <node id="12841151831" lat="50.2365299" lon="-121.6000614"/>
  <node id="12841151832" lat="50.2364850" lon="-121.5999970"/>
  <node id="12841151833" lat="50.2363964" lon="-121.5998077"/>
  <node id="12841151834" lat="50.2363389" lon="-121.5997160"/>
  <node id="12841151835" lat="50.2362753" lon="-121.5996633"/>
  <node id="12841151836" lat="50.2362116" lon="-121.5996379"/>
  <node id="12841151837" lat="50.2360332" lon="-121.5996067"/>
  <node id="12841151838" lat="50.2359720" lon="-121.5995638"/>
  <node id="12841151839" lat="50.2359183" lon="-121.5995443"/>
  <node id="12841151840" lat="50.2358547" lon="-121.5995404"/>
  <node id="12841151841" lat="50.2357910" lon="-121.5995540"/>
  <node id="12841151842" lat="50.2356762" lon="-121.5996087"/>
  <node id="12841151843" lat="50.2355576" lon="-121.5996926"/>
  <node id="12841151844" lat="50.2354478" lon="-121.5997277"/>
  <node id="12841151845" lat="50.2353829" lon="-121.5997296"/>
  <node id="12841151846" lat="50.2353342" lon="-121.5997121"/>
  <node id="12841151847" lat="50.2352868" lon="-121.5996516"/>
  <node id="12841151848" lat="50.2352643" lon="-121.5995774"/>
  <node id="12841151849" lat="50.2352593" lon="-121.5993921"/>
  <node id="12841151850" lat="50.2352618" lon="-121.5991872"/>
  <node id="12841151851" lat="50.2352493" lon="-121.5990896"/>
  <node id="12841151852" lat="50.2352169" lon="-121.5990369"/>
  <node id="12841151853" lat="50.2350309" lon="-121.5989355"/>
  <node id="12841151854" lat="50.2349673" lon="-121.5988652"/>
  <node id="12841151855" lat="50.2349248" lon="-121.5987754"/>
  <node id="12841151856" lat="50.2348936" lon="-121.5986642"/>
  <node id="12841151857" lat="50.2348549" lon="-121.5985706"/>
  <node id="12841151858" lat="50.2347763" lon="-121.5984827"/>
  <node id="12841151859" lat="50.2346764" lon="-121.5984125"/>
  <node id="12841151860" lat="50.2345654" lon="-121.5983130"/>
  <node id="12841151861" lat="50.2342009" lon="-121.5980808"/>
  <node id="12841151862" lat="50.2340436" lon="-121.5979735"/>
  <node id="12841151863" lat="50.2338979" lon="-121.5978583"/>
  <node id="12841151864" lat="50.2315226" lon="-121.5997316"/>
  <node id="12841151865" lat="50.2316062" lon="-121.5996584"/>
  <node id="12841151866" lat="50.2316961" lon="-121.5996116"/>
  <node id="12841151867" lat="50.2317897" lon="-121.5995921"/>
  <node id="12841151868" lat="50.2318821" lon="-121.5995901"/>
  <node id="12841151869" lat="50.2319657" lon="-121.5996077"/>
  <node id="12841151870" lat="50.2320655" lon="-121.5996496"/>
  <node id="12841151871" lat="50.2321504" lon="-121.5996994"/>
  <node id="12841151872" lat="50.2321991" lon="-121.5997150"/>
  <node id="12841151873" lat="50.2322316" lon="-121.5997150"/>
  <node id="12841151874" lat="50.2322509" lon="-121.5996945"/>
  <node id="12841151875" lat="50.2322584" lon="-121.5996613"/>
  <node id="12841151876" lat="50.2322515" lon="-121.5995004"/>
  <node id="12841151877" lat="50.2322678" lon="-121.5994447"/>
  <node id="12841151878" lat="50.2323620" lon="-121.5992545"/>
  <node id="12841151879" lat="50.2324849" lon="-121.5990769"/>
  <node id="12841151880" lat="50.2325630" lon="-121.5989755"/>
  <node id="12841151881" lat="50.2326073" lon="-121.5989335"/>
  <node id="12841151882" lat="50.2326360" lon="-121.5989237"/>
  <node id="12841151883" lat="50.2326528" lon="-121.5989316"/>
  <node id="12841151884" lat="50.2326716" lon="-121.5989540"/>
  <node id="12841151885" lat="50.2326978" lon="-121.5990730"/>
  <node id="12841151886" lat="50.2327215" lon="-121.5991072"/>
  <node id="12841151887" lat="50.2327552" lon="-121.5991267"/>
  <node id="12841151888" lat="50.2329455" lon="-121.5991384"/>
  <node id="12841151889" lat="50.2330235" lon="-121.5991618"/>
  <node id="12841151890" lat="50.2331109" lon="-121.5992057"/>
  <node id="12841151891" lat="50.2331914" lon="-121.5992789"/>
  <node id="12841151892" lat="50.2333262" lon="-121.5994360"/>
  <node id="12841151893" lat="50.2333568" lon="-121.5994604"/>
  <node id="12841151894" lat="50.2334760" lon="-121.5995082"/>
  <node id="12841151895" lat="50.2335384" lon="-121.5995228"/>
  <node id="12841151896" lat="50.2335940" lon="-121.5995257"/>
  <node id="12841151897" lat="50.2336333" lon="-121.5995160"/>
  <node id="12841151898" lat="50.2336763" lon="-121.5994750"/>
  <node id="12841151899" lat="50.2337113" lon="-121.5994126"/>
  <node id="12841151900" lat="50.2337300" lon="-121.5993247"/>
  <node id="12841151901" lat="50.2337712" lon="-121.5990428"/>
  <node id="12841151902" lat="50.2338062" lon="-121.5989511"/>
  <node id="12841151903" lat="50.2338449" lon="-121.5988740"/>
  <node id="12841151904" lat="50.2338954" lon="-121.5988223"/>
  <node id="12841151905" lat="50.2339322" lon="-121.5988047"/>
  <node id="12841151906" lat="50.2340302" lon="-121.5987979"/>
  <node id="12841151907" lat="50.2341257" lon="-121.5988106"/>
  <node id="12841151908" lat="50.2342817" lon="-121.5988896"/>
  <node id="12841151909" lat="50.2343048" lon="-121.5988769"/>
  <node id="12841151910" lat="50.2343160" lon="-121.5988428"/>
  <node id="12841151911" lat="50.2343192" lon="-121.5988086"/>
  <node id="12841151912" lat="50.2342979" lon="-121.5987520"/>
  <node id="12841151913" lat="50.2341906" lon="-121.5985949"/>
  <node id="12841151914" lat="50.2341063" lon="-121.5985198"/>
  <node id="12841151915" lat="50.2340608" lon="-121.5984447"/>
  <node id="12841151916" lat="50.2339965" lon="-121.5983101"/>
  <node id="12841151917" lat="50.2339634" lon="-121.5982144"/>
  <node id="12841151918" lat="50.2339497" lon="-121.5981296"/>
  <node id="12841151919" lat="50.2339229" lon="-121.5980008"/>
  <node id="12841151920" lat="50.2338979" lon="-121.5979042"/>
  <node id="12841151921" lat="50.2331989" lon="-121.6018068"/>
  <node id="12841151922" lat="50.2331016" lon="-121.6018263"/>
  <node id="12841151923" lat="50.2330229" lon="-121.6018615"/>
  <node id="12841151924" lat="50.2329468" lon="-121.6018868"/>
  <node id="12841151925" lat="50.2328270" lon="-121.6018888"/>
  <node id="12841151926" lat="50.2327184" lon="-121.6019180"/>
  <node id="12841151927" lat="50.2326597" lon="-121.6019161"/>
  <node id="12841151928" lat="50.2325112" lon="-121.6018419"/>
  <node id="12841151929" lat="50.2324126" lon="-121.6018146"/>
  <node id="12841151930" lat="50.2323189" lon="-121.6017580"/>
  <node id="12841151931" lat="50.2322665" lon="-121.6017112"/>
  <node id="12841151932" lat="50.2322266" lon="-121.6016332"/>
  <node id="12841151933" lat="50.2321791" lon="-121.6014517"/>
  <node id="12841151934" lat="50.2321354" lon="-121.6012351"/>
  <node id="12841151935" lat="50.2321280" lon="-121.6010848"/>
  <node id="12841151936" lat="50.2321442" lon="-121.6009736"/>
  <node id="12841151937" lat="50.2321654" lon="-121.6008995"/>
  <node id="12841151938" lat="50.2320705" lon="-121.6006790"/>
  <node id="12841151939" lat="50.2320131" lon="-121.6005872"/>
  <node id="12841151940" lat="50.2319832" lon="-121.6005072"/>
  <node id="12841151941" lat="50.2319257" lon="-121.6003863"/>
  <node id="12841151942" lat="50.2318271" lon="-121.6002204"/>
  <node id="12841151943" lat="50.2317073" lon="-121.6000721"/>
  <node id="12841151944" lat="50.2315987" lon="-121.5998536"/>
  <node id="12841151945" lat="50.2314764" lon="-121.5996760"/>
  <node id="12841151946" lat="50.2314302" lon="-121.5995843"/>
  <node id="12841151947" lat="50.2313878" lon="-121.5995160"/>
  <node id="12841151948" lat="50.2313253" lon="-121.5994633"/>
  <node id="12841151949" lat="50.2312355" lon="-121.5994340"/>
  <node id="12841151950" lat="50.2311631" lon="-121.5994301"/>
  <node id="12841151951" lat="50.2311144" lon="-121.5994008"/>
  <node id="12841151952" lat="50.2309896" lon="-121.5992194"/>
  <node id="12841151953" lat="50.2309309" lon="-121.5991511"/>
  <node id="12841151954" lat="50.2308186" lon="-121.5990808"/>
  <node id="12841151955" lat="50.2307362" lon="-121.5990184"/>
  <node id="12841151956" lat="50.2305789" lon="-121.5989969"/>
  <node id="12841151957" lat="50.2305489" lon="-121.5989774"/>
  <node id="12841151958" lat="50.2305077" lon="-121.5989267"/>
  <node id="12841151959" lat="50.2304690" lon="-121.5989033"/>
  <node id="12841151960" lat="50.2304116" lon="-121.5988857"/>
  <node id="12841151961" lat="50.2303430" lon="-121.5988994"/>
  <node id="12841151962" lat="50.2302818" lon="-121.5988974"/>
  <node id="12841151963" lat="50.2301944" lon="-121.5988623"/>
  <node id="12841151964" lat="50.2300297" lon="-121.5988369"/>
  <node id="12841151965" lat="50.2299460" lon="-121.5988154"/>
  <node id="12841151966" lat="50.2299173" lon="-121.5988018"/>
  <node id="12841151967" lat="50.2298774" lon="-121.5987374"/>
  <node id="12841151968" lat="50.2298249" lon="-121.5986769"/>
  <node id="12841151969" lat="50.2297763" lon="-121.5986418"/>
  <node id="12841151970" lat="50.2296265" lon="-121.5985949"/>
  <node id="12841151971" lat="50.2294679" lon="-121.5985267"/>
  <node id="12841151972" lat="50.2294093" lon="-121.5984876"/>
  <node id="12841151973" lat="50.2293456" lon="-121.5984096"/>
  <node id="12841151974" lat="50.2292907" lon="-121.5983588"/>
  <node id="12841151975" lat="50.2290061" lon="-121.5982398"/>
  <node id="12841151976" lat="50.2289424" lon="-121.5982203"/>
  <node id="12841151977" lat="50.2288725" lon="-121.5982301"/>
  <node id="12841151978" lat="50.2288238" lon="-121.5982418"/>
  <node id="12841151979" lat="50.2287477" lon="-121.5983101"/>
  <node id="12841151980" lat="50.2287102" lon="-121.5983218"/>
  <node id="12841151981" lat="50.2286403" lon="-121.5983218"/>
  <node id="12841151982" lat="50.2284556" lon="-121.5982788"/>
  <node id="12841151983" lat="50.2283981" lon="-121.5982437"/>
  <node id="12841151984" lat="50.2283157" lon="-121.5981676"/>
  <node id="12841151985" lat="50.2282284" lon="-121.5981286"/>
  <node id="12841151986" lat="50.2250472" lon="-121.5919322"/>
  <node id="12841151987" lat="50.2251146" lon="-121.5919478"/>
  <node id="12841151988" lat="50.2251733" lon="-121.5919361"/>
  <node id="12841151989" lat="50.2252183" lon="-121.5919146"/>
  <node id="12841151990" lat="50.2252632" lon="-121.5918619"/>
  <node id="12841151991" lat="50.2253618" lon="-121.5916980"/>
  <node id="12841151992" lat="50.2254218" lon="-121.5916141"/>
  <node id="12841151993" lat="50.2254754" lon="-121.5915712"/>
  <node id="12841151994" lat="50.2255379" lon="-121.5915595"/>
  <node id="12841151995" lat="50.2256602" lon="-121.5915712"/>
  <node id="12841151996" lat="50.2257663" lon="-121.5915907"/>
  <node id="12841151997" lat="50.2259323" lon="-121.5916434"/>
  <node id="12841151998" lat="50.2261346" lon="-121.5916765"/>
  <node id="12841151999" lat="50.2262195" lon="-121.5916707"/>
  <node id="12841152000" lat="50.2262657" lon="-121.5916844"/>
  <node id="12841152001" lat="50.2263143" lon="-121.5917117"/>
  <node id="12841152002" lat="50.2263967" lon="-121.5917722"/>
  <node id="12841152003" lat="50.2264317" lon="-121.5917858"/>
  <node id="12841152004" lat="50.2265078" lon="-121.5917741"/>
  <node id="12841152005" lat="50.2266489" lon="-121.5917878"/>
  <node id="12841152006" lat="50.2267026" lon="-121.5917663"/>
  <node id="12841152007" lat="50.2268724" lon="-121.5916726"/>
  <node id="12841152008" lat="50.2269735" lon="-121.5916004"/>
  <node id="12841152009" lat="50.2270571" lon="-121.5915731"/>
  <node id="12841152010" lat="50.2271982" lon="-121.5915614"/>
  <node id="12841152011" lat="50.2272606" lon="-121.5915634"/>
  <node id="12841152012" lat="50.2273030" lon="-121.5915887"/>
  <node id="12841152013" lat="50.2273617" lon="-121.5916531"/>
  <node id="12841152014" lat="50.2274853" lon="-121.5918658"/>
  <node id="12841152015" lat="50.2276264" lon="-121.5920688"/>
  <node id="12841152016" lat="50.2276638" lon="-121.5921117"/>
  <node id="12841152017" lat="50.2277574" lon="-121.5921605"/>
  <node id="12841152018" lat="50.2278561" lon="-121.5921897"/>
  <node id="12841152019" lat="50.2279484" lon="-121.5921897"/>
  <node id="12841152020" lat="50.2280059" lon="-121.5921800"/>
  <node id="12841152021" lat="50.2280920" lon="-121.5921390"/>
  <node id="12841152022" lat="50.2281544" lon="-121.5921312"/>
  <node id="12841152023" lat="50.2282031" lon="-121.5921488"/>
  <node id="12841152024" lat="50.2283079" lon="-121.5922483"/>
  <node id="12841152025" lat="50.2284503" lon="-121.5923966"/>
  <node id="12841152026" lat="50.2285301" lon="-121.5924727"/>
  <node id="12841152027" lat="50.2285788" lon="-121.5925429"/>
  <node id="12841152028" lat="50.2286275" lon="-121.5926581"/>
  <node id="12841152029" lat="50.2286725" lon="-121.5927342"/>
  <node id="12841152030" lat="50.2287161" lon="-121.5927771"/>
  <node id="12841152031" lat="50.2287736" lon="-121.5927966"/>
  <node id="12841152032" lat="50.2289858" lon="-121.5927634"/>
  <node id="12841152033" lat="50.2291106" lon="-121.5927810"/>
  <node id="12841152034" lat="50.2291930" lon="-121.5928161"/>
  <node id="12841152035" lat="50.2293915" lon="-121.5929586"/>
  <node id="12841152036" lat="50.2295325" lon="-121.5930230"/>
  <node id="12841152037" lat="50.2296524" lon="-121.5931010"/>
  <node id="12841152038" lat="50.2299482" lon="-121.5933469"/>
  <node id="12841152039" lat="50.2301979" lon="-121.5935401"/>
  <node id="12841152040" lat="50.2304388" lon="-121.5937352"/>
  <node id="12841152041" lat="50.2305586" lon="-121.5938640"/>
  <node id="12841152042" lat="50.2307471" lon="-121.5941098"/>
  <node id="12841152043" lat="50.2308145" lon="-121.5943479"/>
  <node id="12841152044" lat="50.2308707" lon="-121.5944923"/>
  <node id="12841152045" lat="50.2309743" lon="-121.5946777"/>
  <node id="12841152046" lat="50.2309980" lon="-121.5947889"/>
  <node id="12841152047" lat="50.2312514" lon="-121.5953080"/>
  <node id="12841152048" lat="50.2313300" lon="-121.5954563"/>
  <node id="12841152049" lat="50.2314424" lon="-121.5955792"/>
  <node id="12841152050" lat="50.2315934" lon="-121.5957158"/>
  <node id="12841152051" lat="50.2318093" lon="-121.5959694"/>
  <node id="12841152052" lat="50.2320315" lon="-121.5961880"/>
  <node id="12841152053" lat="50.2323286" lon="-121.5964300"/>
  <node id="12841152054" lat="50.2325346" lon="-121.5965256"/>
  <node id="12841152055" lat="50.2341248" lon="-121.5973061"/>
  <node id="12841152056" lat="50.2340723" lon="-121.5972807"/>
  <node id="12841152057" lat="50.2340349" lon="-121.5972515"/>
  <node id="12841152058" lat="50.2340037" lon="-121.5971812"/>
  <node id="12841152059" lat="50.2339962" lon="-121.5970934"/>
  <node id="12841152060" lat="50.2339949" lon="-121.5969841"/>
  <node id="12841152061" lat="50.2339850" lon="-121.5969158"/>
  <node id="12841152062" lat="50.2339538" lon="-121.5968436"/>
  <node id="12841152063" lat="50.2338976" lon="-121.5967636"/>
  <node id="12841152064" lat="50.2337940" lon="-121.5966914"/>
  <node id="12841152065" lat="50.2336679" lon="-121.5966212"/>
  <node id="12841152066" lat="50.2335319" lon="-121.5965978"/>
  <node id="12841152067" lat="50.2333921" lon="-121.5966017"/>
  <node id="12841152068" lat="50.2332448" lon="-121.5966368"/>
  <node id="12841152069" lat="50.2328429" lon="-121.5966544"/>
  <node id="12841152070" lat="50.2327343" lon="-121.5966251"/>
  <node id="12841152071" lat="50.2325670" lon="-121.5965997"/>
  <node id="12841152072" lat="50.2324272" lon="-121.5965861"/>
  <node id="12841152073" lat="50.2323411" lon="-121.5965666"/>
  <node id="12841152074" lat="50.2322475" lon="-121.5965334"/>
  <node id="12841152075" lat="50.2321564" lon="-121.5964612"/>
  <node id="12841152076" lat="50.2320490" lon="-121.5964026"/>
  <node id="12841152077" lat="50.2319691" lon="-121.5963773"/>
  <node id="12841152078" lat="50.2318069" lon="-121.5963539"/>
  <node id="12841152079" lat="50.2316933" lon="-121.5963617"/>
  <node id="12841152080" lat="50.2316071" lon="-121.5963870"/>
  <node id="12841152081" lat="50.2315747" lon="-121.5963870"/>
  <node id="12841152082" lat="50.2315360" lon="-121.5963695"/>
  <node id="12841152083" lat="50.2313275" lon="-121.5962114"/>
  <node id="12841152084" lat="50.2311952" lon="-121.5961353"/>
  <node id="12841152085" lat="50.2307072" lon="-121.5959675"/>
  <node id="12841152086" lat="50.2305811" lon="-121.5959070"/>
  <node id="12841152087" lat="50.2305199" lon="-121.5958855"/>
  <node id="12841152088" lat="50.2302416" lon="-121.5959070"/>
  <node id="12841152089" lat="50.2301105" lon="-121.5958973"/>
  <node id="12841152090" lat="50.2300169" lon="-121.5958797"/>
  <node id="12841152091" lat="50.2299295" lon="-121.5958387"/>
  <node id="12841152092" lat="50.2298022" lon="-121.5957646"/>
  <node id="12841152093" lat="50.2296773" lon="-121.5957197"/>
  <node id="12841152094" lat="50.2295300" lon="-121.5957002"/>
  <node id="12841152095" lat="50.2294589" lon="-121.5957021"/>
  <node id="12841152096" lat="50.2293902" lon="-121.5957177"/>
  <node id="12841152097" lat="50.2293278" lon="-121.5957450"/>
  <node id="12841152098" lat="50.2291044" lon="-121.5957997"/>
  <node id="12841152099" lat="50.2289683" lon="-121.5958504"/>
  <node id="12841152100" lat="50.2289221" lon="-121.5958816"/>
  <node id="12841152101" lat="50.2288247" lon="-121.5960124"/>
  <node id="12841152102" lat="50.2287636" lon="-121.5961451"/>
  <node id="12841152103" lat="50.2287261" lon="-121.5962114"/>
  <node id="12841152104" lat="50.2285913" lon="-121.5963382"/>
  <node id="12841152105" lat="50.2284914" lon="-121.5964397"/>
  <node id="12841152106" lat="50.2283604" lon="-121.5966056"/>
  <node id="12841152107" lat="50.2281993" lon="-121.5968690"/>
  <node id="12841152108" lat="50.2280084" lon="-121.5971617"/>
  <node id="12841152109" lat="50.2278248" lon="-121.5974856"/>
  <node id="12841152110" lat="50.2276563" lon="-121.5978154"/>
  <node id="12841152111" lat="50.2275415" lon="-121.5981530"/>
  <node id="12841152112" lat="50.2275128" lon="-121.5982818"/>
  <node id="12841152113" lat="50.2274104" lon="-121.5983930"/>
  <node id="12841152114" lat="50.2273018" lon="-121.5984886"/>
  <node id="12841152115" lat="50.2272331" lon="-121.5985354"/>
  <node id="12841152116" lat="50.2271470" lon="-121.5985569"/>
  <node id="12841152117" lat="50.2269273" lon="-121.5985881"/>
  <node id="12841152118" lat="50.2267687" lon="-121.5985998"/>
  <node id="12841152119" lat="50.2263331" lon="-121.5985920"/>
  <node id="12841152120" lat="50.2261308" lon="-121.5986369"/>
  <node id="12841152121" lat="50.2260647" lon="-121.5986330"/>
  <node id="12841152122" lat="50.2259948" lon="-121.5986037"/>
  <node id="12841152123" lat="50.2258006" lon="-121.5986369"/>
  <node id="12841152124" lat="50.2257064" lon="-121.5986681"/>
  <node id="12841152125" lat="50.2256490" lon="-121.5986798"/>
  <node id="12841152126" lat="50.2255903" lon="-121.5986779"/>
  <node id="12841152127" lat="50.2255148" lon="-121.5986593"/>
  <node id="12841152128" lat="50.2254074" lon="-121.5986193"/>
  <node id="12841152129" lat="50.2253437" lon="-121.5985852"/>
  <node id="12841152130" lat="50.2250866" lon="-121.5984008"/>
  <node id="12841152131" lat="50.2250054" lon="-121.5983364"/>
  <node id="12841152132" lat="50.2249524" lon="-121.5983032"/>
  <node id="12841152133" lat="50.2248469" lon="-121.5982701"/>
  <node id="12841152134" lat="50.2247414" lon="-121.5982271"/>
  <node id="12841152135" lat="50.2246708" lon="-121.5981901"/>
  <node id="12841152136" lat="50.2245816" lon="-121.5981179"/>
  <node id="12841152137" lat="50.2244112" lon="-121.5979510"/>
  <node id="12841152138" lat="50.2243425" lon="-121.5979061"/>
  <node id="12841152139" lat="50.2242845" lon="-121.5978866"/>
  <node id="12841152140" lat="50.2242214" lon="-121.5978817"/>
  <node id="12841152141" lat="50.2241777" lon="-121.5978886"/>
  <node id="12841152142" lat="50.2241315" lon="-121.5979110"/>
  <node id="12841152143" lat="50.2240785" lon="-121.5979598"/>
  <node id="12841152144" lat="50.2240448" lon="-121.5979842"/>
  <node id="12841152145" lat="50.2239611" lon="-121.5980096"/>
  <node id="12841152146" lat="50.2238756" lon="-121.5980281"/>
  <node id="12841152147" lat="50.2236796" lon="-121.5980222"/>
  <node id="12841152148" lat="50.2236365" lon="-121.5980096"/>
  <node id="12841152149" lat="50.2235884" lon="-121.5979744"/>
  <node id="12841152150" lat="50.2235423" lon="-121.5979325"/>
  <node id="12841152151" lat="50.2235123" lon="-121.5979178"/>
  <node id="12841152152" lat="50.2234692" lon="-121.5979110"/>
  <node id="12841152153" lat="50.2233718" lon="-121.5979295"/>
  <node id="12841152154" lat="50.2233481" lon="-121.5979159"/>
  <node id="12841152155" lat="50.2233175" lon="-121.5978876"/>
  <node id="12841152156" lat="50.2231540" lon="-121.5977871"/>
  <node id="12841152157" lat="50.2230597" lon="-121.5977637"/>
  <node id="12841152158" lat="50.2227507" lon="-121.5976603"/>
  <node id="12841152159" lat="50.2226839" lon="-121.5976164"/>
  <node id="12841152160" lat="50.2226415" lon="-121.5975949"/>
  <node id="12841152161" lat="50.2225891" lon="-121.5975822"/>
  <node id="12841152162" lat="50.2222676" lon="-121.5975851"/>
  <node id="12841152163" lat="50.2221165" lon="-121.5975578"/>
  <node id="12841152164" lat="50.2220379" lon="-121.5975051"/>
  <node id="12841152165" lat="50.2219417" lon="-121.5974320"/>
  <node id="12841152166" lat="50.2218681" lon="-121.5973861"/>
  <node id="12841152167" lat="50.2218044" lon="-121.5973061"/>
  <node id="12841152527" lat="50.2080389" lon="-121.5829505"/>
  <node id="12841152528" lat="50.1979778" lon="-121.5852834"/>
  <node id="12849993680" lat="50.2181593" lon="-121.5576187"/>
  <node id="12850045903" lat="50.2392535" lon="-121.5809926"/>
  <node id="12850045904" lat="50.2392867" lon="-121.5811096"/>
  <node id="12850045905" lat="50.2392745" lon="-121.5811535"/>
  <node id="12850045906" lat="50.2392165" lon="-121.5812511">
    <tag k="barrier" v="swing_gate"/>
    <tag k="colour" v="white"/>
    <tag k="locked" v="yes"/>
    <tag k="material" v="steel"/>
    <tag k="swing_gate:type" v="single"/>
  </node>
  <node id="12850045907" lat="50.2391441" lon="-121.5813226"/>
  <node id="12850045908" lat="50.2390065" lon="-121.5814295"/>
  <node id="12850045909" lat="50.2389097" lon="-121.5814937"/>
  <node id="12850045910" lat="50.2388104" lon="-121.5815774"/>
  <node id="12850045911" lat="50.2387397" lon="-121.5816718"/>
  <node id="12850045912" lat="50.2386617" lon="-121.5818563"/>
  <node id="12850045913" lat="50.2385858" lon="-121.5819563"/>
  <node id="12850045914" lat="50.2384755" lon="-121.5820531"/>
  <node id="12850045915" lat="50.2382394" lon="-121.5822450"/>
  <node id="12850045916" lat="50.2381447" lon="-121.5823629"/>
  <node id="12850045917" lat="50.2380023" lon="-121.5824702"/>
  <node id="12850045918" lat="50.2378286" lon="-121.5825759"/>
  <node id="12850045919" lat="50.2376575" lon="-121.5826629"/>
  <node id="12850045920" lat="50.2375061" lon="-121.5827727"/>
  <node id="12850045925" lat="50.2331036" lon="-121.5832743"/>
  <node id="12850045926" lat="50.2332740" lon="-121.5831446"/>
  <node id="12850045927" lat="50.2333483" lon="-121.5830832"/>
  <node id="12850045928" lat="50.2335305" lon="-121.5829368"/>
  <node id="12850045929" lat="50.2335826" lon="-121.5829101"/>
  <node id="12850045930" lat="50.2336674" lon="-121.5828930"/>
  <node id="12850045931" lat="50.2337187" lon="-121.5828476"/>
  <node id="12850045932" lat="50.2341350" lon="-121.5826397"/>
  <node id="12850045933" lat="50.2342775" lon="-121.5826188"/>
  <node id="12850045940" lat="50.2424875" lon="-121.5823887"/>
  <node id="12850045941" lat="50.2424669" lon="-121.5824377"/>
  <node id="12850045942" lat="50.2424794" lon="-121.5825143"/>
  <node id="12850045943" lat="50.2425152" lon="-121.5826516"/>
  <node id="12850045944" lat="50.2426926" lon="-121.5829402"/>
  <node id="12850045945" lat="50.2427451" lon="-121.5830513"/>
  <node id="12850045946" lat="50.2427532" lon="-121.5831143"/>
  <node id="12850045947" lat="50.2427437" lon="-121.5831716"/>
  <node id="12850045948" lat="50.2427197" lon="-121.5832141"/>
  <node id="12850045949" lat="50.2426894" lon="-121.5832304"/>
  <node id="12850045950" lat="50.2426423" lon="-121.5832226"/>
  <node id="12850045951" lat="50.2425103" lon="-121.5831792"/>
  <node id="12850045952" lat="50.2424157" lon="-121.5831619"/>
  <node id="12850045953" lat="50.2421998" lon="-121.5831373"/>
  <node id="12850045954" lat="50.2420918" lon="-121.5831434"/>
  <node id="12850045955" lat="50.2420271" lon="-121.5831603"/>
  <node id="12850045956" lat="50.2419818" lon="-121.5831816"/>
  <node id="12850045957" lat="50.2419646" lon="-121.5832138"/>
  <node id="12850045958" lat="50.2419622" lon="-121.5832514"/>
  <node id="12850045959" lat="50.2419684" lon="-121.5832793"/>
  <node id="12850045960" lat="50.2419955" lon="-121.5833372"/>
  <node id="12850045961" lat="50.2421646" lon="-121.5836353"/>
  <node id="12850045962" lat="50.2422789" lon="-121.5838004"/>
  <node id="12850045963" lat="50.2423199" lon="-121.5839002"/>
  <node id="12850045964" lat="50.2423388" lon="-121.5840284"/>
  <node id="12850045965" lat="50.2423435" lon="-121.5841504"/>
  <node id="12850045966" lat="50.2423246" lon="-121.5843451"/>
  <node id="12850045967" lat="50.2411640" lon="-121.5801665"/>
  <node id="12850045968" lat="50.2413134" lon="-121.5801581"/>
  <node id="12850045969" lat="50.2413821" lon="-121.5801679"/>
  <node id="12850045970" lat="50.2414289" lon="-121.5801305"/>
  <node id="12850045971" lat="50.2415162" lon="-121.5801109"/>
  <node id="12850045972" lat="50.2417445" lon="-121.5801329"/>
  <node id="12850045973" lat="50.2418249" lon="-121.5801502"/>
  <node id="12850045974" lat="50.2419085" lon="-121.5802118"/>
  <node id="12850045975" lat="50.2420188" lon="-121.5802093"/>
  <node id="12850045976" lat="50.2421244" lon="-121.5802315"/>
  <node id="12850045977" lat="50.2422159" lon="-121.5802882"/>
  <node id="12850045978" lat="50.2423814" lon="-121.5805593"/>
  <node id="12850045979" lat="50.2424508" lon="-121.5806703"/>
  <node id="12850045980" lat="50.2426320" lon="-121.5807516"/>
  <node id="12850045981" lat="50.2427124" lon="-121.5808625"/>
  <node id="12850045982" lat="50.2428307" lon="-121.5809365"/>
  <node id="12850045983" lat="50.2430025" lon="-121.5809167"/>
  <node id="12850080269" lat="50.2179059" lon="-121.5576904"/>
  <node id="12850080270" lat="50.2176577" lon="-121.5577571"/>
  <node id="12850080271" lat="50.2175743" lon="-121.5577571"/>
  <node id="12850080272" lat="50.2174308" lon="-121.5577268"/>
  <node id="12850080273" lat="50.2173280" lon="-121.5576813"/>
  <node id="12850080274" lat="50.2172718" lon="-121.5576722"/>
  <node id="12850080275" lat="50.2171729" lon="-121.5576874"/>
  <node id="12850080276" lat="50.2170779" lon="-121.5576692"/>
  <node id="12850080277" lat="50.2169790" lon="-121.5576631"/>
  <node id="12850080278" lat="50.2168161" lon="-121.5576965"/>
  <node id="12850080279" lat="50.2165834" lon="-121.5577147"/>
  <node id="12850080280" lat="50.2163700" lon="-121.5577086"/>
  <node id="12850080281" lat="50.2163196" lon="-121.5577207"/>
  <node id="12850080282" lat="50.2162227" lon="-121.5578298"/>
  <node id="12850080283" lat="50.2160966" lon="-121.5579238"/>
  <node id="12850080284" lat="50.2160152" lon="-121.5579419"/>
  <node id="12850080285" lat="50.2157980" lon="-121.5579571"/>
  <node id="12850080286" lat="50.2155963" lon="-121.5579450"/>
  <node id="12850080287" lat="50.2154159" lon="-121.5579874"/>
  <node id="12850080288" lat="50.2151337" lon="-121.5580117"/>
  <node id="12850080289" lat="50.2150610" lon="-121.5580389"/>
  <node id="12850080290" lat="50.2150009" lon="-121.5580435"/>
  <node id="12850080291" lat="50.2147750" lon="-121.5579738"/>
  <node id="12850080292" lat="50.2146828" lon="-121.5579541"/>
  <node id="12850080293" lat="50.2145810" lon="-121.5579723"/>
  <node id="12850080294" lat="50.2144695" lon="-121.5580056"/>
  <node id="12850080295" lat="50.2141495" lon="-121.5581814"/>
  <node id="12850080296" lat="50.2139585" lon="-121.5582223"/>
  <node id="12850080297" lat="50.2138509" lon="-121.5582844"/>
  <node id="12850080298" lat="50.2135968" lon="-121.5585026"/>
  <node id="12850080299" lat="50.2133641" lon="-121.5586148"/>
  <node id="12850080300" lat="50.2131798" lon="-121.5586784"/>
  <node id="12850080301" lat="50.2129132" lon="-121.5586814"/>
  <node id="12850080302" lat="50.2127706" lon="-121.5587072"/>
  <node id="12850080303" lat="50.2126387" lon="-121.5587436"/>
  <node id="12850080304" lat="50.2124448" lon="-121.5588148"/>
  <node id="12850080305" lat="50.2122732" lon="-121.5588542"/>
  <node id="12850080306" lat="50.2120618" lon="-121.5588481"/>
  <node id="12850080307" lat="50.2119551" lon="-121.5588330"/>
  <node id="12850080308" lat="50.2118232" lon="-121.5587723"/>
  <node id="12850080309" lat="50.2117650" lon="-121.5587648"/>
  <node id="12850080310" lat="50.2117350" lon="-121.5587769"/>
  <node id="12850080311" lat="50.2117243" lon="-121.5588117"/>
  <node id="12850080312" lat="50.2117427" lon="-121.5588784"/>
  <node id="12850080313" lat="50.2117592" lon="-121.5591087"/>
  <node id="12850080314" lat="50.2117990" lon="-121.5592906"/>
  <node id="12850080315" lat="50.2118387" lon="-121.5593800"/>
  <node id="12850080316" lat="50.2118814" lon="-121.5594164"/>
  <node id="12850080317" lat="50.2119502" lon="-121.5594497"/>
  <node id="12850080318" lat="50.2120850" lon="-121.5595558"/>
  <node id="12850080319" lat="50.2121413" lon="-121.5596452"/>
  <node id="12850080320" lat="50.2122412" lon="-121.5597740"/>
  <node id="12850080321" lat="50.2124118" lon="-121.5599497"/>
  <node id="12850080322" lat="50.2124593" lon="-121.5600195"/>
  <node id="12850080323" lat="50.2124749" lon="-121.5600770"/>
  <node id="12850080324" lat="50.2124816" lon="-121.5601316"/>
  <node id="12850080325" lat="50.2124690" lon="-121.5601861"/>
  <node id="12850080326" lat="50.2122392" lon="-121.5604937"/>
  <node id="12850080327" lat="50.2121364" lon="-121.5605862"/>
  <node id="12850080328" lat="50.2119367" lon="-121.5607377"/>
  <node id="12850080329" lat="50.2117650" lon="-121.5608392"/>
  <node id="12850080330" lat="50.2116118" lon="-121.5609377"/>
  <node id="12850080331" lat="50.2115071" lon="-121.5610302"/>
  <node id="12850080332" lat="50.2113946" lon="-121.5611529"/>
  <node id="12850080333" lat="50.2112995" lon="-121.5612923"/>
  <node id="12850080334" lat="50.2112045" lon="-121.5614939"/>
  <node id="12850080335" lat="50.2111114" lon="-121.5619121"/>
  <node id="12850080336" lat="50.2110503" lon="-121.5621303"/>
  <node id="12850080337" lat="50.2110232" lon="-121.5622000"/>
  <node id="12850080357" lat="50.2109863" lon="-121.5622318"/>
  <node id="12850080372" lat="50.2105024" lon="-121.5688159"/>
  <node id="12850080373" lat="50.2104500" lon="-121.5688341"/>
  <node id="12850080374" lat="50.2103802" lon="-121.5688947"/>
  <node id="12850080375" lat="50.2103143" lon="-121.5689659"/>
  <node id="12850080376" lat="50.2102221" lon="-121.5690992"/>
  <node id="12850080377" lat="50.2101106" lon="-121.5693129"/>
  <node id="12850080378" lat="50.2100282" lon="-121.5695235"/>
  <node id="12850080379" lat="50.2097896" lon="-121.5699615"/>
  <node id="12850080380" lat="50.2097537" lon="-121.5700494"/>
  <node id="12850080381" lat="50.2097033" lon="-121.5702448"/>
  <node id="12850080382" lat="50.2095753" lon="-121.5705161"/>
  <node id="12850080383" lat="50.2092960" lon="-121.5708100"/>
  <node id="12850080384" lat="50.2091661" lon="-121.5709222"/>
  <node id="12850080385" lat="50.2383221" lon="-121.5747042"/>
  <node id="12850080386" lat="50.2365779" lon="-121.5610650"/>
  <node id="12850080387" lat="50.2403257" lon="-121.5710146"/>
  <node id="12850080388" lat="50.2402288" lon="-121.5709995"/>
  <node id="12850080389" lat="50.2401319" lon="-121.5709146"/>
  <node id="12850080390" lat="50.2400844" lon="-121.5708525"/>
  <node id="12850080391" lat="50.2400466" lon="-121.5707358"/>
  <node id="12850080392" lat="50.2399972" lon="-121.5704206"/>
  <node id="12850080393" lat="50.2399797" lon="-121.5703736"/>
  <node id="12850080394" lat="50.2398528" lon="-121.5702145"/>
  <node id="12850080395" lat="50.2396541" lon="-121.5699054"/>
  <node id="12850080396" lat="50.2396192" lon="-121.5698569"/>
  <node id="12850080397" lat="50.2395708" lon="-121.5698160"/>
  <node id="12850080398" lat="50.2394545" lon="-121.5697705"/>
  <node id="12850080399" lat="50.2394138" lon="-121.5697327"/>
  <node id="12850080400" lat="50.2393294" lon="-121.5695932"/>
  <node id="12850080401" lat="50.2393004" lon="-121.5695735"/>
  <node id="12850080402" lat="50.2392093" lon="-121.5696023"/>
  <node id="12850080403" lat="50.2391802" lon="-121.5696342"/>
  <node id="12850080404" lat="50.2391240" lon="-121.5697554"/>
  <node id="12850080405" lat="50.2390997" lon="-121.5698842"/>
  <node id="12850080406" lat="50.2390920" lon="-121.5702115"/>
  <node id="12850080407" lat="50.2390910" lon="-121.5705312"/>
  <node id="12850080408" lat="50.2391017" lon="-121.5705903"/>
  <node id="12850080409" lat="50.2392616" lon="-121.5708070"/>
  <node id="12850080410" lat="50.2393556" lon="-121.5709722"/>
  <node id="12850080411" lat="50.2394215" lon="-121.5711419"/>
  <node id="12850080412" lat="50.2394612" lon="-121.5712934"/>
  <node id="12850080413" lat="50.2365633" lon="-121.5611514"/>
  <node id="12850080414" lat="50.2365338" lon="-121.5612560"/>
  <node id="12850080415" lat="50.2365217" lon="-121.5613696"/>
  <node id="12850080416" lat="50.2365154" lon="-121.5614931"/>
  <node id="12850080417" lat="50.2365134" lon="-121.5617098"/>
  <node id="12850080418" lat="50.2365076" lon="-121.5617856"/>
  <node id="12850080419" lat="50.2364916" lon="-121.5618500"/>
  <node id="12850080420" lat="50.2364591" lon="-121.5619015"/>
  <node id="12850080421" lat="50.2364049" lon="-121.5619280"/>
  <node id="12850080422" lat="50.2363293" lon="-121.5619462"/>
  <node id="12850080423" lat="50.2363026" lon="-121.5619629"/>
  <node id="12850080424" lat="50.2362779" lon="-121.5620083"/>
  <node id="12850080425" lat="50.2362721" lon="-121.5620424"/>
  <node id="12850080426" lat="50.2362764" lon="-121.5621023"/>
  <node id="12850080427" lat="50.2362958" lon="-121.5621788"/>
  <node id="12850080428" lat="50.2363462" lon="-121.5623311"/>
  <node id="12850080429" lat="50.2364209" lon="-121.5625235"/>
  <node id="12850080430" lat="50.2364780" lon="-121.5627402"/>
  <node id="12850080431" lat="50.2365062" lon="-121.5629205"/>
  <node id="12850080432" lat="50.2365226" lon="-121.5631721"/>
  <node id="12850080433" lat="50.2365323" lon="-121.5632175"/>
  <node id="12850080434" lat="50.2365721" lon="-121.5633388"/>
  <node id="12850080435" lat="50.2365963" lon="-121.5634463"/>
  <node id="12850080436" lat="50.2366021" lon="-121.5635312"/>
  <node id="12850080437" lat="50.2365827" lon="-121.5637100"/>
  <node id="12850080438" lat="50.2365449" lon="-121.5639419"/>
  <node id="12850080439" lat="50.2364790" lon="-121.5642176"/>
  <node id="12850080440" lat="50.2364092" lon="-121.5644328"/>
  <node id="12850080441" lat="50.2363753" lon="-121.5645207"/>
  <node id="12850080442" lat="50.2362735" lon="-121.5646616"/>
  <node id="12850080443" lat="50.2362367" lon="-121.5647313"/>
  <node id="12850080444" lat="50.2362251" lon="-121.5648192"/>
  <node id="12850080445" lat="50.2361601" lon="-121.5654890"/>
  <node id="12850080446" lat="50.2361068" lon="-121.5659875"/>
  <node id="12850080447" lat="50.2360807" lon="-121.5661042"/>
  <node id="12850080448" lat="50.2360361" lon="-121.5662194"/>
  <node id="12850080449" lat="50.2358703" lon="-121.5665679"/>
  <node id="12850080450" lat="50.2357259" lon="-121.5669467"/>
  <node id="12850080451" lat="50.2356174" lon="-121.5672028"/>
  <node id="12850080452" lat="50.2355767" lon="-121.5673725"/>
  <node id="12850080453" lat="50.2355592" lon="-121.5675498"/>
  <node id="12850080454" lat="50.2355505" lon="-121.5678287"/>
  <node id="12850080455" lat="50.2355553" lon="-121.5681257"/>
  <node id="12850080456" lat="50.2355515" lon="-121.5682332"/>
  <node id="12850080457" lat="50.2355272" lon="-121.5683272"/>
  <node id="12850080458" lat="50.2354061" lon="-121.5685803"/>
  <node id="12850080459" lat="50.2353150" lon="-121.5687848"/>
  <node id="12850080460" lat="50.2352006" lon="-121.5689818"/>
  <node id="12850080461" lat="50.2351473" lon="-121.5691273"/>
  <node id="12850080462" lat="50.2351182" lon="-121.5692637"/>
  <node id="12850080463" lat="50.2351192" lon="-121.5695137"/>
  <node id="12850080464" lat="50.2351027" lon="-121.5697152"/>
  <node id="12850080465" lat="50.2350717" lon="-121.5699880"/>
  <node id="12850080466" lat="50.2350678" lon="-121.5703683"/>
  <node id="12850080467" lat="50.2350329" lon="-121.5706744"/>
  <node id="12850080468" lat="50.2349990" lon="-121.5708972"/>
  <node id="12850080469" lat="50.2349651" lon="-121.5710199"/>
  <node id="12850080470" lat="50.2348352" lon="-121.5712578"/>
  <node id="12850080471" lat="50.2345318" lon="-121.5717609"/>
  <node id="12850080472" lat="50.2345124" lon="-121.5718427"/>
  <node id="12850080473" lat="50.2345114" lon="-121.5719155"/>
  <node id="12850080474" lat="50.2345221" lon="-121.5719943"/>
  <node id="12850080475" lat="50.2345667" lon="-121.5720943"/>
  <node id="12850080476" lat="50.2346006" lon="-121.5721670"/>
  <node id="12850080477" lat="50.2346878" lon="-121.5723140"/>
  <node id="12850080478" lat="50.2347373" lon="-121.5724080"/>
  <node id="12850080479" lat="50.2347722" lon="-121.5725064"/>
  <node id="12850080480" lat="50.2348177" lon="-121.5727565"/>
  <node id="12850080481" lat="50.2348381" lon="-121.5728019"/>
  <node id="12850080482" lat="50.2348807" lon="-121.5728656"/>
  <node id="12850080483" lat="50.2349360" lon="-121.5729080"/>
  <node id="12850080484" lat="50.2351434" lon="-121.5729868"/>
  <node id="12850080485" lat="50.2352122" lon="-121.5729974"/>
  <node id="12850080486" lat="50.2353644" lon="-121.5729868"/>
  <node id="12850080487" lat="50.2354565" lon="-121.5729550"/>
  <node id="12850080488" lat="50.2355970" lon="-121.5728625"/>
  <node id="12850080489" lat="50.2357191" lon="-121.5727716"/>
  <node id="12850080490" lat="50.2357957" lon="-121.5727050"/>
  <node id="12850080491" lat="50.2358829" lon="-121.5726004"/>
  <node id="12850080492" lat="50.2359421" lon="-121.5725140"/>
  <node id="12850080493" lat="50.2360264" lon="-121.5722898"/>
  <node id="12850080494" lat="50.2360913" lon="-121.5720170"/>
  <node id="12850080495" lat="50.2361359" lon="-121.5718685"/>
  <node id="12850080496" lat="50.2361718" lon="-121.5717154"/>
  <node id="12850080497" lat="50.2361892" lon="-121.5715548"/>
  <node id="12850080498" lat="50.2362018" lon="-121.5713700"/>
  <node id="12850080499" lat="50.2362047" lon="-121.5711381"/>
  <node id="12850080500" lat="50.2362164" lon="-121.5710548"/>
  <node id="12850080501" lat="50.2362348" lon="-121.5710169"/>
  <node id="12850080502" lat="50.2362716" lon="-121.5709972"/>
  <node id="12850080503" lat="50.2363065" lon="-121.5709957"/>
  <node id="12850080504" lat="50.2363598" lon="-121.5710260"/>
  <node id="12850080505" lat="50.2365255" lon="-121.5711972"/>
  <node id="12850080506" lat="50.2368279" lon="-121.5714821"/>
  <node id="12850080507" lat="50.2368900" lon="-121.5715382"/>
  <node id="12850080508" lat="50.2369346" lon="-121.5715624"/>
  <node id="12850080509" lat="50.2369656" lon="-121.5715669"/>
  <node id="12850080510" lat="50.2370043" lon="-121.5715579"/>
  <node id="12850080511" lat="50.2370693" lon="-121.5715124"/>
  <node id="12850080512" lat="50.2371904" lon="-121.5713912"/>
  <node id="12850080513" lat="50.2372660" lon="-121.5713336"/>
  <node id="12850080514" lat="50.2373310" lon="-121.5713109"/>
  <node id="12850080515" lat="50.2373891" lon="-121.5713124"/>
  <node id="12850080516" lat="50.2375539" lon="-121.5713684"/>
  <node id="12850080517" lat="50.2376489" lon="-121.5714078"/>
  <node id="12850080518" lat="50.2377545" lon="-121.5714866"/>
  <node id="12850080519" lat="50.2378185" lon="-121.5715109"/>
  <node id="12850080520" lat="50.2378718" lon="-121.5715139"/>
  <node id="12850080521" lat="50.2379183" lon="-121.5715063"/>
  <node id="12850080522" lat="50.2380162" lon="-121.5714533"/>
  <node id="12850080523" lat="50.2381538" lon="-121.5713881"/>
  <node id="12850080524" lat="50.2382604" lon="-121.5713169"/>
  <node id="12850080525" lat="50.2383079" lon="-121.5713018"/>
  <node id="12850080526" lat="50.2383544" lon="-121.5713154"/>
  <node id="12850080527" lat="50.2384097" lon="-121.5713548"/>
  <node id="12850080528" lat="50.2384552" lon="-121.5714124"/>
  <node id="12850080529" lat="50.2387305" lon="-121.5719670"/>
  <node id="12850080530" lat="50.2387886" lon="-121.5720519"/>
  <node id="12850080531" lat="50.2388148" lon="-121.5720700"/>
  <node id="12850080532" lat="50.2388448" lon="-121.5720761"/>
  <node id="12850080533" lat="50.2388768" lon="-121.5720700"/>
  <node id="12850080534" lat="50.2389340" lon="-121.5720200"/>
  <node id="12850080535" lat="50.2390455" lon="-121.5718746"/>
  <node id="12850080536" lat="50.2391463" lon="-121.5717306"/>
  <node id="12850080537" lat="50.2392674" lon="-121.5715988"/>
  <node id="12850080538" lat="50.2394060" lon="-121.5714654"/>
  <node id="12850080539" lat="50.2394903" lon="-121.5714215"/>
  <node id="12850080540" lat="50.2395669" lon="-121.5714033"/>
  <node id="12850080541" lat="50.2396086" lon="-121.5714018"/>
  <node id="12850080542" lat="50.2396376" lon="-121.5714200"/>
  <node id="12850080543" lat="50.2396735" lon="-121.5714791"/>
  <node id="12850080544" lat="50.2396851" lon="-121.5715472"/>
  <node id="12850080545" lat="50.2396822" lon="-121.5715973"/>
  <node id="12850080546" lat="50.2396657" lon="-121.5716457"/>
  <node id="12850080547" lat="50.2396299" lon="-121.5716973"/>
  <node id="12850080548" lat="50.2394932" lon="-121.5717882"/>
  <node id="12850080549" lat="50.2394399" lon="-121.5718488"/>
  <node id="12850080550" lat="50.2394041" lon="-121.5719291"/>
  <node id="12850080551" lat="50.2393478" lon="-121.5722761"/>
  <node id="12850080552" lat="50.2393314" lon="-121.5723292"/>
  <node id="12850080553" lat="50.2393023" lon="-121.5723958"/>
  <node id="12850080554" lat="50.2391841" lon="-121.5725428"/>
  <node id="12850080555" lat="50.2391085" lon="-121.5726640"/>
  <node id="12850080556" lat="50.2389960" lon="-121.5729262"/>
  <node id="12850080557" lat="50.2389301" lon="-121.5730611"/>
  <node id="12850080558" lat="50.2388952" lon="-121.5731035"/>
  <node id="12850080559" lat="50.2388594" lon="-121.5731156"/>
  <node id="12850080560" lat="50.2388206" lon="-121.5731141"/>
  <node id="12850080561" lat="50.2387819" lon="-121.5730914"/>
  <node id="12850080562" lat="50.2387072" lon="-121.5730156"/>
  <node id="12850080563" lat="50.2385938" lon="-121.5728762"/>
  <node id="12850080564" lat="50.2384988" lon="-121.5727792"/>
  <node id="12850080565" lat="50.2384407" lon="-121.5727413"/>
  <node id="12850080566" lat="50.2383942" lon="-121.5727322"/>
  <node id="12850080567" lat="50.2383457" lon="-121.5727413"/>
  <node id="12850080568" lat="50.2383079" lon="-121.5727716"/>
  <node id="12850080569" lat="50.2382798" lon="-121.5728277"/>
  <node id="12850080570" lat="50.2382692" lon="-121.5729307"/>
  <node id="12850080571" lat="50.2382750" lon="-121.5729823"/>
  <node id="12850080572" lat="50.2383089" lon="-121.5730929"/>
  <node id="12850080573" lat="50.2383942" lon="-121.5733262"/>
  <node id="12850080574" lat="50.2384407" lon="-121.5734702"/>
  <node id="12850080575" lat="50.2384610" lon="-121.5735641"/>
  <node id="12850080576" lat="50.2384746" lon="-121.5737930"/>
  <node id="12850080577" lat="50.2384659" lon="-121.5738854"/>
  <node id="12850080578" lat="50.2384378" lon="-121.5739687"/>
  <node id="12850080579" lat="50.2383593" lon="-121.5741354"/>
  <node id="12850080580" lat="50.2383002" lon="-121.5742945"/>
  <node id="12850080581" lat="50.2382808" lon="-121.5743945"/>
  <node id="12850080582" lat="50.2382798" lon="-121.5744733"/>
  <node id="12850080609" lat="50.2096500" lon="-121.5703888"/>
  <node id="12968475874" lat="50.3672691" lon="-121.6672166"/>
  <node id="12968531284" lat="50.3635354" lon="-121.6668910"/>
  <node id="12968531315" lat="50.3588701" lon="-121.6642200"/>
  <node id="12968578153" lat="50.3501224" lon="-121.6602942"/>
  <node id="12968578388" lat="50.3468130" lon="-121.6556952"/>
  <node id="12968578389" lat="50.3456240" lon="-121.6534555"/>
  <node id="12968578390" lat="50.3484916" lon="-121.6578628"/>
  <node id="12968578391" lat="50.3498256" lon="-121.6597578"/>
  <node id="12968603506" lat="50.3814458" lon="-121.6638289"/>
  <node id="12968660214" lat="50.3734400" lon="-121.6689434"/>
  <node id="12968660215" lat="50.3730850" lon="-121.6689510"/>
  <node id="12968660216" lat="50.3740340" lon="-121.6688742"/>
  <node id="12968660217" lat="50.3746043" lon="-121.6689651"/>
  <node id="12968660218" lat="50.3744509" lon="-121.6689686"/>
  <node id="12968660219" lat="50.3751207" lon="-121.6688902"/>
  <node id="12968740367" lat="50.3319773" lon="-121.6506772"/>
  <node id="12968767061" lat="50.3357644" lon="-121.6511718"/>
  <node id="12968767116" lat="50.3205313" lon="-121.6475911"/>
  <node id="12968767117" lat="50.3202992" lon="-121.6476259"/>
  <node id="12968767118" lat="50.3204182" lon="-121.6475992"/>
  <node id="12968767119" lat="50.3207791" lon="-121.6476316"/>
  <node id="12968767120" lat="50.3210525" lon="-121.6477959"/>
  <node id="12968767121" lat="50.3185088" lon="-121.6478536"/>
  <node id="12968767122" lat="50.3189081" lon="-121.6479224"/>
  <node id="12968767123" lat="50.3197087" lon="-121.6477990"/>
  <node id="12968767124" lat="50.3217949" lon="-121.6481601"/>
  <node id="12968767128" lat="50.3224427" lon="-121.6484514"/>
  <node id="12968767129" lat="50.3225078" lon="-121.6485018"/>
  <node id="12968767130" lat="50.3224969" lon="-121.6484934"/>
  <node id="12968767190" lat="50.3196678" lon="-121.6478086"/>
  <node id="12968767202" lat="50.3099686" lon="-121.6417227"/>
  <node id="12968767203" lat="50.3092121" lon="-121.6410389"/>
  <node id="12968767204" lat="50.3090938" lon="-121.6407819"/>
  <node id="12968767205" lat="50.3089862" lon="-121.6405299"/>
  <node id="12968767206" lat="50.3088588" lon="-121.6403556"/>
  <node id="12968767207" lat="50.3084722" lon="-121.6399862"/>
  <node id="12968767208" lat="50.3081440" lon="-121.6396484"/>
  <node id="12968767209" lat="50.3079845" lon="-121.6393828"/>
  <node id="12968767210" lat="50.3078836" lon="-121.6391853"/>
  <node id="12968767211" lat="50.3094236" lon="-121.6412813"/>
  <node id="12968767230" lat="50.3044119" lon="-121.6379221"/>
  <node id="12968767231" lat="50.3050917" lon="-121.6384076"/>
  <node id="12968767232" lat="50.3055211" lon="-121.6384640"/>
  <node id="12968767233" lat="50.3058850" lon="-121.6384266"/>
  <node id="12968767234" lat="50.3063825" lon="-121.6384451"/>
  <node id="12968767258" lat="50.3001737" lon="-121.6305744"/>
  <node id="12968767259" lat="50.2997244" lon="-121.6303817"/>
  <node id="12968767260" lat="50.2991984" lon="-121.6315162"/>
  <node id="12968767261" lat="50.2993817" lon="-121.6313239"/>
  <node id="12968767262" lat="50.2989502" lon="-121.6315198"/>
  <node id="13040670168" lat="50.2112538" lon="-121.5927116"/>
  <node id="13040670169" lat="50.2232042" lon="-121.5922729"/>
  <node id="13040670170" lat="50.2231567" lon="-121.5922661"/>
  <node id="13040670171" lat="50.2231178" lon="-121.5922391"/>
  <node id="13040670172" lat="50.2230530" lon="-121.5921582"/>
  <node id="13040670173" lat="50.2229494" lon="-121.5920569"/>
  <node id="13040670174" lat="50.2228602" lon="-121.5920254"/>
  <node id="13040670175" lat="50.2227680" lon="-121.5920389"/>
  <node id="13040670176" lat="50.2224859" lon="-121.5920637"/>
  <node id="13040670177" lat="50.2220483" lon="-121.5920232"/>
  <node id="13040670178" lat="50.2219490" lon="-121.5919973"/>
  <node id="13040670179" lat="50.2218072" lon="-121.5919354"/>
  <node id="13040670180" lat="50.2217100" lon="-121.5918702"/>
  <node id="13040670181" lat="50.2216632" lon="-121.5919197"/>
  <node id="13040670182" lat="50.2215905" lon="-121.5919467"/>
  <node id="13040670183" lat="50.2215351" lon="-121.5919478"/>
  <node id="13040670184" lat="50.2214293" lon="-121.5919129"/>
  <node id="13040670185" lat="50.2213300" lon="-121.5918927"/>
  <node id="13040670186" lat="50.2212163" lon="-121.5918893"/>
  <node id="13040670187" lat="50.2210421" lon="-121.5919185"/>
  <node id="13040670188" lat="50.2209500" lon="-121.5919568"/>
  <node id="13040670189" lat="50.2208377" lon="-121.5920468"/>
  <node id="13040670190" lat="50.2207297" lon="-121.5921930"/>
  <node id="13040670191" lat="50.2206390" lon="-121.5923258"/>
  <node id="13040670192" lat="50.2205786" lon="-121.5923753"/>
  <node id="13040670193" lat="50.2204749" lon="-121.5923910"/>
  <node id="13040670194" lat="50.2203525" lon="-121.5923865"/>
  <node id="13040670195" lat="50.2201553" lon="-121.5923393"/>
  <node id="13040670196" lat="50.2200035" lon="-121.5923516"/>
  <node id="13040670197" lat="50.2198833" lon="-121.5923336"/>
  <node id="13040670198" lat="50.2197163" lon="-121.5922853"/>
  <node id="13040670199" lat="50.2195500" lon="-121.5922583"/>
  <node id="13040670200" lat="50.2191584" lon="-121.5921615"/>
  <node id="13040670201" lat="50.2189886" lon="-121.5921255"/>
  <node id="13040670202" lat="50.2188302" lon="-121.5921199"/>
  <node id="13040670203" lat="50.2186431" lon="-121.5921255"/>
  <node id="13040670204" lat="50.2181658" lon="-121.5922155"/>
  <node id="13040670205" lat="50.2180629" lon="-121.5922301"/>
  <node id="13040670206" lat="50.2179132" lon="-121.5922324"/>
  <node id="13040670207" lat="50.2204958" lon="-121.5912256"/>
  <node id="13040670208" lat="50.2203094" lon="-121.5913201"/>
  <node id="13040670209" lat="50.2197213" lon="-121.5913426"/>
  <node id="13040670210" lat="50.2195284" lon="-121.5913572"/>
  <node id="13040670211" lat="50.2188900" lon="-121.5914967"/>
  <node id="13040670212" lat="50.2186244" lon="-121.5915462"/>
  <node id="13040670213" lat="50.2183962" lon="-121.5916047"/>
  <node id="13040670214" lat="50.2182378" lon="-121.5916294"/>
  <node id="13040670215" lat="50.2181147" lon="-121.5916238"/>
  <node id="13040670216" lat="50.2179269" lon="-121.5915957"/>
  <node id="13040670217" lat="50.2174180" lon="-121.5915394"/>
  <node id="13040670218" lat="50.2173006" lon="-121.5915214"/>
  <node id="13040670219" lat="50.2170199" lon="-121.5915451"/>
  <node id="13040670220" lat="50.2167694" lon="-121.5915754"/>
  <node id="13040670221" lat="50.2165779" lon="-121.5915743"/>
  <node id="13040670222" lat="50.2164462" lon="-121.5915574"/>
  <node id="13040670223" lat="50.2161892" lon="-121.5915552"/>
  <node id="13040670224" lat="50.2160359" lon="-121.5915642"/>
  <node id="13040670225" lat="50.2159445" lon="-121.5915856"/>
  <node id="13040670226" lat="50.2158703" lon="-121.5916171"/>
  <node id="13040670227" lat="50.2156990" lon="-121.5917104"/>
  <node id="13040670228" lat="50.2155478" lon="-121.5918274"/>
  <node id="13040670229" lat="50.2152614" lon="-121.5919883"/>
  <node id="13040670230" lat="50.2151577" lon="-121.5920794"/>
  <node id="13040670231" lat="50.2151231" lon="-121.5921278"/>
  <node id="13040670232" lat="50.2151138" lon="-121.5921773"/>
  <node id="13040670233" lat="50.2151174" lon="-121.5922571"/>
  <node id="13040670234" lat="50.2217194" lon="-121.5918342"/>
  <node id="13040670235" lat="50.2217201" lon="-121.5917757"/>
  <node id="13040670236" lat="50.2217165" lon="-121.5917059"/>
  <node id="13040670237" lat="50.2217007" lon="-121.5916373"/>
  <node id="13040670238" lat="50.2216560" lon="-121.5915687"/>
  <node id="13040670239" lat="50.2215272" lon="-121.5914371"/>
  <node id="13040670240" lat="50.2214214" lon="-121.5913786"/>
  <node id="13040670241" lat="50.2213235" lon="-121.5913572"/>
  <node id="13040670242" lat="50.2211882" lon="-121.5913617"/>
  <node id="13040670243" lat="50.2210558" lon="-121.5914135"/>
  <node id="13040670244" lat="50.2209341" lon="-121.5914787"/>
  <node id="13040670245" lat="50.2208830" lon="-121.5914922"/>
  <node id="13040670246" lat="50.2208413" lon="-121.5914854"/>
  <node id="13040670247" lat="50.2207923" lon="-121.5914326"/>
  <node id="13040670248" lat="50.2207131" lon="-121.5913167"/>
  <node id="13040670249" lat="50.2206347" lon="-121.5911581"/>
  <node id="13040670250" lat="50.2206059" lon="-121.5911120"/>
  <node id="13040670251" lat="50.2205426" lon="-121.5910389"/>
  <node id="13040670252" lat="50.2203115" lon="-121.5909095"/>
  <node id="13040670253" lat="50.2200747" lon="-121.5907666"/>
  <node id="13040670254" lat="50.2199754" lon="-121.5907250"/>
  <node id="13040670255" lat="50.2198890" lon="-121.5906631"/>
  <node id="13040670256" lat="50.2197443" lon="-121.5905225"/>
  <node id="13040670257" lat="50.2195666" lon="-121.5903234"/>
  <node id="13040670258" lat="50.2194759" lon="-121.5902424"/>
  <node id="13040670259" lat="50.2193924" lon="-121.5901918"/>
  <node id="13040670260" lat="50.2193175" lon="-121.5900984"/>
  <node id="13040670261" lat="50.2191664" lon="-121.5896934"/>
  <node id="13040670262" lat="50.2191023" lon="-121.5896192"/>
  <node id="13040670263" lat="50.2190519" lon="-121.5896001"/>
  <node id="13040670264" lat="50.2190094" lon="-121.5896079"/>
  <node id="13040670265" lat="50.2189569" lon="-121.5896518"/>
  <node id="13040670266" lat="50.2189058" lon="-121.5896777"/>
  <node id="13040670267" lat="50.2188756" lon="-121.5896811"/>
  <node id="13040670268" lat="50.2188367" lon="-121.5896586"/>
  <node id="13040670269" lat="50.2218151" lon="-121.5882850"/>
  <node id="13040670270" lat="50.2212004" lon="-121.5885933"/>
  <node id="13040670271" lat="50.2211241" lon="-121.5886518"/>
  <node id="13040670272" lat="50.2210392" lon="-121.5887620"/>
  <node id="13040670273" lat="50.2209550" lon="-121.5889060"/>
  <node id="13040670274" lat="50.2209068" lon="-121.5889611"/>
  <node id="13040670275" lat="50.2208737" lon="-121.5889735"/>
  <node id="13040670276" lat="50.2208305" lon="-121.5889611"/>
  <node id="13040670277" lat="50.2207520" lon="-121.5888576"/>
  <node id="13040670278" lat="50.2206700" lon="-121.5887755"/>
  <node id="13040670279" lat="50.2206030" lon="-121.5887418"/>
  <node id="13040670280" lat="50.2205217" lon="-121.5887361"/>
  <node id="13040670281" lat="50.2203655" lon="-121.5887530"/>
  <node id="13040670282" lat="50.2202136" lon="-121.5887901"/>
  <node id="13040670283" lat="50.2201100" lon="-121.5888362"/>
  <node id="13040670284" lat="50.2199804" lon="-121.5889420"/>
  <node id="13040670285" lat="50.2199099" lon="-121.5890230"/>
  <node id="13040670286" lat="50.2198098" lon="-121.5891704"/>
  <node id="13040670287" lat="50.2197746" lon="-121.5892007"/>
  <node id="13040670288" lat="50.2197400" lon="-121.5892063"/>
  <node id="13040670289" lat="50.2196983" lon="-121.5891973"/>
  <node id="13040670290" lat="50.2195773" lon="-121.5891029"/>
  <node id="13040670291" lat="50.2194845" lon="-121.5890511"/>
  <node id="13040670292" lat="50.2193636" lon="-121.5890241"/>
  <node id="13040670293" lat="50.2190440" lon="-121.5890151"/>
  <node id="13040670294" lat="50.2189821" lon="-121.5890230"/>
  <node id="13040670295" lat="50.2189367" lon="-121.5890444"/>
  <node id="13040670296" lat="50.2188907" lon="-121.5890860"/>
  <node id="13040670297" lat="50.2188489" lon="-121.5891535"/>
  <node id="13040670298" lat="50.2188209" lon="-121.5892693"/>
  <node id="13040670299" lat="50.2188093" lon="-121.5894403"/>
  <node id="13040670300" lat="50.2187928" lon="-121.5896001"/>
  <node id="13040670301" lat="50.2187381" lon="-121.5897103"/>
  <node id="13040670302" lat="50.2186891" lon="-121.5897261"/>
  <node id="13040670303" lat="50.2186409" lon="-121.5897193"/>
  <node id="13040670304" lat="50.2185524" lon="-121.5896822"/>
  <node id="13040670305" lat="50.2184797" lon="-121.5896653"/>
  <node id="13040670306" lat="50.2202856" lon="-121.5872805"/>
  <node id="13040670307" lat="50.2202352" lon="-121.5873513"/>
  <node id="13040670308" lat="50.2201856" lon="-121.5873592"/>
  <node id="13040670309" lat="50.2200711" lon="-121.5873345"/>
  <node id="13040670310" lat="50.2198861" lon="-121.5873390"/>
  <node id="13040670311" lat="50.2196896" lon="-121.5873648"/>
  <node id="13040670312" lat="50.2195406" lon="-121.5874020"/>
  <node id="13040670313" lat="50.2192959" lon="-121.5874245"/>
  <node id="13040670314" lat="50.2191980" lon="-121.5874008"/>
  <node id="13040670315" lat="50.2191023" lon="-121.5873615"/>
  <node id="13040670316" lat="50.2190152" lon="-121.5873435"/>
  <node id="13040670317" lat="50.2189382" lon="-121.5873457"/>
  <node id="13040670318" lat="50.2188108" lon="-121.5872996"/>
  <node id="13040670319" lat="50.2186956" lon="-121.5872321"/>
  <node id="13040670320" lat="50.2185524" lon="-121.5871252"/>
  <node id="13040670321" lat="50.2184487" lon="-121.5870409"/>
  <node id="13040670322" lat="50.2181255" lon="-121.5866798"/>
  <node id="13040670323" lat="50.2179938" lon="-121.5865436"/>
  <node id="13040670324" lat="50.2178678" lon="-121.5864447"/>
  <node id="13040670325" lat="50.2177505" lon="-121.5863682"/>
  <node id="13040670326" lat="50.2176353" lon="-121.5862062"/>
  <node id="13040670327" lat="50.2175065" lon="-121.5860509"/>
  <node id="13040670328" lat="50.2173769" lon="-121.5859171"/>
  <node id="13040670329" lat="50.2172927" lon="-121.5858676"/>
  <node id="13040670330" lat="50.2171883" lon="-121.5858552"/>
  <node id="13040670331" lat="50.2171063" lon="-121.5858653"/>
  <node id="13040670332" lat="50.2168896" lon="-121.5857899"/>
  <node id="13040670333" lat="50.2170746" lon="-121.5858136"/>
  <node id="13040670334" lat="50.2170969" lon="-121.5858304"/>
  <node id="13040670335" lat="50.2171041" lon="-121.5858968"/>
  <node id="13040670336" lat="50.2170861" lon="-121.5859373"/>
  <node id="13040670337" lat="50.2169796" lon="-121.5860352"/>
  <node id="13040670338" lat="50.2168263" lon="-121.5861286"/>
  <node id="13040670339" lat="50.2167442" lon="-121.5861634"/>
  <node id="13040670340" lat="50.2167053" lon="-121.5862062"/>
  <node id="13040670341" lat="50.2166909" lon="-121.5862512"/>
  <node id="13040670342" lat="50.2166924" lon="-121.5863187"/>
  <node id="13040670343" lat="50.2167010" lon="-121.5863659"/>
  <node id="13040670344" lat="50.2167485" lon="-121.5864379"/>
  <node id="13040670345" lat="50.2168162" lon="-121.5865077"/>
  <node id="13040670346" lat="50.2169515" lon="-121.5865898"/>
  <node id="13040670347" lat="50.2170847" lon="-121.5866516"/>
  <node id="13040670348" lat="50.2171344" lon="-121.5866989"/>
  <node id="13040670349" lat="50.2171487" lon="-121.5867439"/>
  <node id="13040670364" lat="50.2153780" lon="-121.5872186"/>
  <node id="13040670366" lat="50.2145271" lon="-121.5944238"/>
  <node id="13040670367" lat="50.2144746" lon="-121.5943416"/>
  <node id="13040670368" lat="50.2144040" lon="-121.5941886"/>
  <node id="13040670369" lat="50.2143507" lon="-121.5940154"/>
  <node id="13040670370" lat="50.2143083" lon="-121.5938455"/>
  <node id="13040670371" lat="50.2142946" lon="-121.5937724"/>
  <node id="13040670372" lat="50.2142989" lon="-121.5936723"/>
  <node id="13040670373" lat="50.2143191" lon="-121.5935801"/>
  <node id="13040670374" lat="50.2143529" lon="-121.5934597"/>
  <node id="13040670375" lat="50.2143615" lon="-121.5933764"/>
  <node id="13040670376" lat="50.2143608" lon="-121.5933067"/>
  <node id="13040670377" lat="50.2143435" lon="-121.5932448"/>
  <node id="13040670378" lat="50.2142291" lon="-121.5930468"/>
  <node id="13040670379" lat="50.2141672" lon="-121.5928522"/>
  <node id="13040670380" lat="50.2141312" lon="-121.5927251"/>
  <node id="13040670381" lat="50.2140873" lon="-121.5923820"/>
  <node id="13040670382" lat="50.2140578" lon="-121.5922661"/>
  <node id="13040670383" lat="50.2139894" lon="-121.5921244"/>
  <node id="13040670384" lat="50.2139289" lon="-121.5920603"/>
  <node id="13040670385" lat="50.2138483" lon="-121.5920175"/>
  <node id="13040670386" lat="50.2137540" lon="-121.5919557"/>
  <node id="13040670387" lat="50.2136503" lon="-121.5918263"/>
  <node id="13040670388" lat="50.2135841" lon="-121.5917779"/>
  <node id="13040670389" lat="50.2135517" lon="-121.5917453"/>
  <node id="13040670390" lat="50.2135200" lon="-121.5916969"/>
  <node id="13040670391" lat="50.2134689" lon="-121.5915383"/>
  <node id="13040670392" lat="50.2133321" lon="-121.5909489"/>
  <node id="13040670393" lat="50.2132961" lon="-121.5908881"/>
  <node id="13040670394" lat="50.2132465" lon="-121.5908454"/>
  <node id="13040670395" lat="50.2131637" lon="-121.5908161"/>
  <node id="13040670396" lat="50.2128980" lon="-121.5907970"/>
  <node id="13040670397" lat="50.2126166" lon="-121.5907576"/>
  <node id="13040670398" lat="50.2124402" lon="-121.5907070"/>
  <node id="13040670399" lat="50.2123480" lon="-121.5906901"/>
  <node id="13040670400" lat="50.2121638" lon="-121.5906260"/>
  <node id="13040670401" lat="50.2120032" lon="-121.5906496"/>
  <node id="13040670402" lat="50.2119420" lon="-121.5906384"/>
  <node id="13040670403" lat="50.2119190" lon="-121.5906159"/>
  <node id="13040670404" lat="50.2119017" lon="-121.5905551"/>
  <node id="13040670405" lat="50.2119118" lon="-121.5904606"/>
  <node id="13040670406" lat="50.2119564" lon="-121.5903020"/>
  <node id="13040670407" lat="50.2119823" lon="-121.5902255"/>
  <node id="13040670408" lat="50.2120018" lon="-121.5901929"/>
  <node id="13040670409" lat="50.2120407" lon="-121.5901648"/>
  <node id="13040670410" lat="50.2121342" lon="-121.5901412"/>
  <node id="13040670411" lat="50.2122026" lon="-121.5901097"/>
  <node id="13040670412" lat="50.2123178" lon="-121.5900815"/>
  <node id="13040670413" lat="50.2123639" lon="-121.5900478"/>
  <node id="13040670414" lat="50.2124711" lon="-121.5899364"/>
  <node id="13040670415" lat="50.2125331" lon="-121.5898622"/>
  <node id="13040670416" lat="50.2125374" lon="-121.5894640"/>
  <node id="13040670417" lat="50.2125489" lon="-121.5891175"/>
  <node id="13040670418" lat="50.2125719" lon="-121.5887024"/>
  <node id="13040670419" lat="50.2126266" lon="-121.5881534"/>
  <node id="13040670420" lat="50.2126562" lon="-121.5877923"/>
  <node id="13040670421" lat="50.2126965" lon="-121.5875043"/>
  <node id="13040670422" lat="50.2126979" lon="-121.5874413"/>
  <node id="13040670423" lat="50.2126878" lon="-121.5873896"/>
  <node id="13040670424" lat="50.2126655" lon="-121.5873637"/>
  <node id="13040670425" lat="50.2126216" lon="-121.5873446"/>
  <node id="13040670426" lat="50.2125604" lon="-121.5873390"/>
  <node id="13040670458" lat="50.2127922" lon="-121.5924371"/>
  <node id="13040670459" lat="50.2128491" lon="-121.5925912"/>
  <node id="13040670460" lat="50.2129124" lon="-121.5929422"/>
  <node id="13040670461" lat="50.2129808" lon="-121.5931650"/>
  <node id="13040670462" lat="50.2131018" lon="-121.5935913"/>
  <node id="13040670463" lat="50.2131939" lon="-121.5939625"/>
  <node id="13040670464" lat="50.2133616" lon="-121.5944474"/>
  <node id="13040670465" lat="50.2134804" lon="-121.5946915"/>
  <node id="13040670466" lat="50.2135006" lon="-121.5947534"/>
  <node id="13040670467" lat="50.2135380" lon="-121.5950020"/>
  <node id="13040670468" lat="50.2135733" lon="-121.5951651"/>
  <node id="13040670469" lat="50.2136813" lon="-121.5955521"/>
  <node id="13040670470" lat="50.2137281" lon="-121.5957725"/>
  <node id="13040670471" lat="50.2131212" lon="-121.5922268"/>
  <node id="13040670472" lat="50.2126972" lon="-121.5921953"/>
  <node id="13040670473" lat="50.2125755" lon="-121.5922009"/>
  <node id="13040670474" lat="50.2124287" lon="-121.5922290"/>
  <node id="13040670475" lat="50.2122753" lon="-121.5922268"/>
  <node id="13040670476" lat="50.2121954" lon="-121.5922425"/>
  <node id="13040670477" lat="50.2120176" lon="-121.5923201"/>
  <node id="13040670478" lat="50.2118952" lon="-121.5923888"/>
  <node id="13040670479" lat="50.2117412" lon="-121.5925024"/>
  <node id="13040670480" lat="50.2116138" lon="-121.5925530"/>
  <node id="13040670481" lat="50.2114539" lon="-121.5926362"/>
  <node id="13040670482" lat="50.2113366" lon="-121.5926756"/>
  <node id="13040670483" lat="50.2111170" lon="-121.5927206"/>
  <node id="13040670484" lat="50.2109810" lon="-121.5927015"/>
  <node id="13040670485" lat="50.2107722" lon="-121.5926272"/>
  <node id="13040670486" lat="50.2106779" lon="-121.5926272"/>
  <node id="13040670487" lat="50.2105893" lon="-121.5926464"/>
  <node id="13040670488" lat="50.2104093" lon="-121.5927307"/>
  <node id="13040670489" lat="50.2102020" lon="-121.5927971"/>
  <node id="13040670490" lat="50.2100191" lon="-121.5928477"/>
  <node id="13040670491" lat="50.2099299" lon="-121.5928905"/>
  <node id="13040670492" lat="50.2098852" lon="-121.5929051"/>
  <node id="13040670493" lat="50.2098032" lon="-121.5929006"/>
  <node id="13040670494" lat="50.2096498" lon="-121.5928657"/>
  <node id="13040670495" lat="50.2094850" lon="-121.5928590"/>
  <node id="13040670496" lat="50.2092647" lon="-121.5928050"/>
  <node id="13040670497" lat="50.2091315" lon="-121.5928117"/>
  <node id="13040670498" lat="50.2090192" lon="-121.5928309"/>
  <node id="13040670499" lat="50.2088896" lon="-121.5928770"/>
  <node id="13040670500" lat="50.2087506" lon="-121.5929017"/>
  <node id="13040670501" lat="50.2084533" lon="-121.5929209"/>
  <node id="13040670502" lat="50.2083633" lon="-121.5928984"/>
  <node id="13040670503" lat="50.2082387" lon="-121.5928759"/>
  <node id="13040670504" lat="50.2080746" lon="-121.5928691"/>
  <node id="13040670505" lat="50.2079911" lon="-121.5928736"/>
  <node id="13040670506" lat="50.2078903" lon="-121.5928916"/>
  <node id="13040670507" lat="50.2077967" lon="-121.5929254"/>
  <node id="13040670508" lat="50.2077139" lon="-121.5929816"/>
  <node id="13040670509" lat="50.2076030" lon="-121.5930862"/>
  <node id="13040670510" lat="50.2075058" lon="-121.5931908"/>
  <node id="13040670511" lat="50.2074396" lon="-121.5932302"/>
  <node id="13040670512" lat="50.2073640" lon="-121.5932437"/>
  <node id="13040670513" lat="50.2072236" lon="-121.5932370"/>
  <node id="13040670514" lat="50.2070976" lon="-121.5932201"/>
  <node id="13040670515" lat="50.2070062" lon="-121.5931931"/>
  <node id="13040670516" lat="50.2069227" lon="-121.5931841"/>
  <node id="13040670555" lat="50.2068197" lon="-121.5931863"/>
  <node id="13143901659" lat="50.0026145" lon="-121.5182536"/>
  <node id="13148225976" lat="49.9411861" lon="-121.4728657"/>
  <node id="13205986866" lat="50.2560932" lon="-121.5621927"/>
  <node id="13205986867" lat="50.2597359" lon="-121.5618516"/>
  <node id="13206013660" lat="50.2671736" lon="-121.5531454"/>
  <node id="13206013661" lat="50.2668703" lon="-121.5531947"/>
  <node id="13206013662" lat="50.2666891" lon="-121.5532933"/>
  <node id="13206013663" lat="50.2665139" lon="-121.5536384"/>
  <node id="13206013664" lat="50.2662422" lon="-121.5538941"/>
  <node id="13206013665" lat="50.2660137" lon="-121.5541837"/>
  <node id="13206013666" lat="50.2658483" lon="-121.5544425"/>
  <node id="13206013667" lat="50.2657202" lon="-121.5547537"/>
  <node id="13206013668" lat="50.2655391" lon="-121.5549170"/>
  <node id="13206013669" lat="50.2654982" lon="-121.5549478"/>
  <node id="13206013670" lat="50.2653249" lon="-121.5551142"/>
  <node id="13206013671" lat="50.2649212" lon="-121.5548523"/>
  <node id="13206013672" lat="50.2646178" lon="-121.5546736"/>
  <node id="13206013673" lat="50.2644780" lon="-121.5546459"/>
  <node id="13206013674" lat="50.2642141" lon="-121.5547198"/>
  <node id="13206013675" lat="50.2640213" lon="-121.5547260"/>
  <node id="13206013676" lat="50.2638066" lon="-121.5548955"/>
  <node id="13206013677" lat="50.2635761" lon="-121.5550125"/>
  <node id="13206013678" lat="50.2633172" lon="-121.5550187"/>
  <node id="13206013679" lat="50.2631576" lon="-121.5551142"/>
  <node id="13206013680" lat="50.2628287" lon="-121.5555147"/>
  <node id="13206013681" lat="50.2628041" lon="-121.5555759"/>
  <node id="13206013682" lat="50.2625048" lon="-121.5557700"/>
  <node id="13206013683" lat="50.2621391" lon="-121.5557641"/>
  <node id="13206013684" lat="50.2619924" lon="-121.5557862"/>
  <node id="13206013685" lat="50.2617110" lon="-121.5556960"/>
  <node id="13206013686" lat="50.2615574" lon="-121.5557361"/>
  <node id="13206013687" lat="50.2612225" lon="-121.5556806"/>
  <node id="13206978734" lat="50.2415363" lon="-121.5730826"/>
  <node id="13206978735" lat="50.2341131" lon="-121.5805062">
    <tag k="barrier" v="jersey_barrier"/>
    <tag k="check_date" v="2025-10-09"/>
    <tag k="description" v="Street Closed due to damage caused by fire"/>
    <tag k="information" v="yes"/>
    <tag k="motor_vehicle" v="no"/>
  </node>
  <node id="13439617871" lat="50.2463797" lon="-121.5684591"/>
  <node id="13439617880" lat="50.2464073" lon="-121.5678849"/>
  <node id="13439617881" lat="50.2468153" lon="-121.5662045"/>
  <node id="13439617882" lat="50.2468821" lon="-121.5657695"/>
  <node id="13439617883" lat="50.2470526" lon="-121.5654047"/>
  <node id="13439617884" lat="50.2472287" lon="-121.5651784"/>
  <node id="13439617885" lat="50.2475192" lon="-121.5650223"/>
  <node id="13439617886" lat="50.2476404" lon="-121.5650311"/>
  <node id="13439617887" lat="50.2476908" lon="-121.5651170"/>
  <node id="13439617888" lat="50.2476819" lon="-121.5652415"/>
  <node id="13439617889" lat="50.2466859" lon="-121.5663483"/>
  <node id="13439617890" lat="50.2445748" lon="-121.5684829"/>
  <node id="13439617891" lat="50.2435810" lon="-121.5695073"/>
  <node id="13439617892" lat="50.2422585" lon="-121.5708210"/>
  <node id="13439617893" lat="50.2422035" lon="-121.5709508"/>
  <node id="13439617894" lat="50.2422046" lon="-121.5710982"/>
  <node id="13439617895" lat="50.2423123" lon="-121.5712455"/>
  <node id="13439617896" lat="50.2424368" lon="-121.5712490"/>
  <node id="13439617897" lat="50.2434956" lon="-121.5695921"/>
  <node id="13439617898" lat="50.2462710" lon="-121.5670777"/>
  <node id="13439617899" lat="50.2461073" lon="-121.5669334"/>
  <node id="13439617900" lat="50.2457047" lon="-121.5667684"/>
  <node id="13439626901" lat="50.2455127" lon="-121.5665669"/>
  <node id="13439626902" lat="50.2453987" lon="-121.5662516"/>
  <node id="13439626903" lat="50.2453368" lon="-121.5659081"/>
  <node id="13439626904" lat="50.2453561" lon="-121.5656079"/>
  <node id="13439626905" lat="50.2454931" lon="-121.5652921"/>
  <node id="13439626906" lat="50.2456436" lon="-121.5650781"/>
  <node id="13439626907" lat="50.2464728" lon="-121.5638523"/>
  <node id="13476412789" lat="50.2505112" lon="-121.5520110"/>
  <node id="13476412791" lat="50.2495088" lon="-121.5574623"/>
  <node id="13476412792" lat="50.2495097" lon="-121.5573358"/>
  <node id="13476412793" lat="50.2485292" lon="-121.5656673"/>
  <node id="13476412794" lat="50.2485707" lon="-121.5655565"/>
  <node id="13476412795" lat="50.2429239" lon="-121.5724864"/>
  <node id="13476412796" lat="50.2430035" lon="-121.5724522"/>
  <node id="13476412797" lat="50.2419577" lon="-121.5729015"/>
  <node id="13476412798" lat="50.2420373" lon="-121.5728673"/>
  <node id="13476462007" lat="50.2465418" lon="-121.5692690"/>
  <way id="25202728">
    <nd ref="9353485651"/>
    <nd ref="274802147"/>
    <nd ref="9290962581"/>
    <nd ref="274802155"/>
    <nd ref="1069492945"/>
    <nd ref="274802161"/>
    <nd ref="1069492787"/>
    <nd ref="1069492925"/>
    <nd ref="274802169"/>
    <nd ref="274802177"/>
    <nd ref="274802183"/>
    <nd ref="274802190"/>
    <nd ref="274802197"/>
    <nd ref="274802201"/>
    <nd ref="274802205"/>
    <nd ref="274802210"/>
    <nd ref="274802218"/>
    <nd ref="274802226"/>
    <nd ref="274802234"/>
    <nd ref="274802242"/>
    <nd ref="274802251"/>
    <nd ref="12663267593"/>
    <nd ref="274802260"/>
    <nd ref="274802269"/>
    <nd ref="274802277"/>
    <nd ref="1069552716"/>
    <nd ref="1069552696"/>
    <nd ref="1069552694"/>
    <nd ref="1069552699"/>
    <nd ref="274802285"/>
    <nd ref="274802294"/>
    <nd ref="11328914123"/>
    <nd ref="274802303"/>
    <nd ref="274802312"/>
    <nd ref="274802319"/>
    <nd ref="274802326"/>
    <nd ref="1036818934"/>
    <nd ref="274802335"/>
    <nd ref="11328914124"/>
    <nd ref="274802343"/>
    <nd ref="1062299055"/>
    <nd ref="274802349"/>
    <nd ref="1062299054"/>
    <nd ref="11328914122"/>
    <nd ref="274802358"/>
    <nd ref="274802366"/>
    <nd ref="274802374"/>
    <nd ref="274802382"/>
    <nd ref="1062299026"/>
    <nd ref="274802391"/>
    <nd ref="1062299002"/>
    <nd ref="274802399"/>
    <nd ref="274802408"/>
    <nd ref="274802416"/>
    <nd ref="11368557851"/>
    <nd ref="274802423"/>
    <nd ref="274802432"/>
    <nd ref="274802445"/>
    <nd ref="274802450"/>
    <nd ref="1314233713"/>
    <nd ref="274802458"/>
    <nd ref="12663267592"/>
    <nd ref="274802468"/>
    <nd ref="274802476"/>
    <nd ref="274802486"/>
    <nd ref="1069894067"/>
    <nd ref="1069894335"/>
    <nd ref="1069894718"/>
    <nd ref="1069893783"/>
    <nd ref="1069894764"/>
    <nd ref="274802495"/>
    <nd ref="274802503"/>
    <nd ref="274802512"/>
    <nd ref="274802524"/>
    <nd ref="1062298991"/>
    <nd ref="274802536"/>
    <nd ref="274802545"/>
    <nd ref="12663267591"/>
    <nd ref="274802554"/>
    <nd ref="1062298999"/>
    <nd ref="274802558"/>
    <nd ref="1062298997"/>
    <nd ref="274802563"/>
    <nd ref="274802568"/>
    <nd ref="1062298994"/>
    <nd ref="274802574"/>
    <nd ref="274802578"/>
    <nd ref="274802582"/>
    <nd ref="1062299016"/>
    <nd ref="274802585"/>
    <nd ref="1062299024"/>
    <nd ref="274802589"/>
    <nd ref="1062299029"/>
    <nd ref="274802592"/>
    <nd ref="274802596"/>
    <nd ref="274802600"/>
    <nd ref="274802605"/>
    <nd ref="1062299032"/>
    <nd ref="274802609"/>
    <nd ref="1062299018"/>
    <nd ref="274802613"/>
    <nd ref="274802616"/>
    <nd ref="274802619"/>
    <nd ref="274802623"/>
    <nd ref="274802624"/>
    <nd ref="274802625"/>
    <nd ref="274802626"/>
    <nd ref="274802632"/>
    <nd ref="274802637"/>
    <nd ref="1062298990"/>
    <nd ref="274802641"/>
    <nd ref="274802644"/>
    <nd ref="12642655910"/>
    <nd ref="12642655911"/>
    <nd ref="274802648"/>
    <nd ref="274802652"/>
    <nd ref="1062299036"/>
    <nd ref="274802654"/>
    <nd ref="274802657"/>
    <nd ref="1062299020"/>
    <nd ref="274802660"/>
    <nd ref="274802665"/>
    <nd ref="274802669"/>
    <nd ref="274802671"/>
    <nd ref="274802675"/>
    <nd ref="274739331"/>
    <tag k="name" v="Thompson River"/>
    <tag k="waterway" v="river"/>
  </way>
  <way id="30689314">
    <nd ref="520970830"/>
    <nd ref="520973703"/>
    <nd ref="8891845579"/>
    <nd ref="8944742599"/>
    <nd ref="339373598"/>
    <nd ref="8891845580"/>
    <nd ref="8891845581"/>
    <nd ref="520972354"/>
    <nd ref="520972154"/>
    <nd ref="8891845582"/>
    <nd ref="8944742602"/>
    <nd ref="520971500"/>
    <nd ref="8891845586"/>
    <nd ref="339373600"/>
    <nd ref="8891845585"/>
    <nd ref="521022001"/>
    <nd ref="8891845584"/>
    <nd ref="339373601"/>
    <nd ref="8891845583"/>
    <nd ref="339373602"/>
    <nd ref="520970825"/>
    <nd ref="339373603"/>
    <nd ref="339373604"/>
    <nd ref="339373605"/>
    <nd ref="521022007"/>
    <nd ref="521022005"/>
    <nd ref="521022003"/>
    <nd ref="339373607"/>
    <nd ref="339373608"/>
    <nd ref="520973576"/>
    <nd ref="339373609"/>
    <nd ref="520973671"/>
    <tag k="highway" v="primary"/>
    <tag k="name" v="Main Street"/>
    <tag k="ref" v="BC 12"/>
    <tag k="surface" v="asphalt"/>
  </way>
  <way id="42006504">
    <nd ref="520971500"/>
    <nd ref="520970712"/>
    <nd ref="520972913"/>
    <nd ref="520973771"/>
    <tag k="attribution" v="GeoBase®"/>
    <tag k="geobase:acquisitionTechnique" v="GPS"/>
    <tag k="highway" v="tertiary"/>
    <tag k="is_in" v="Lytton,British Columbia"/>
    <tag k="lanes" v="2"/>
    <tag k="name" v="1st Street"/>
    <tag k="source" v="Geobase_Import_2009"/>
  </way>
  <way id="42006506">
    <nd ref="520971040"/>
    <nd ref="520970735"/>
    <nd ref="520970622"/>
    <nd ref="339373609"/>
    <tag k="attribution" v="GeoBase®"/>
    <tag k="geobase:acquisitionTechnique" v="GPS"/>
    <tag k="highway" v="residential"/>
    <tag k="is_in" v="Lytton,British Columbia"/>
    <tag k="lanes" v="2"/>
    <tag k="oneway" v="yes"/>
    <tag k="source" v="Geobase_Import_2009"/>
  </way>
  <way id="42006512">
    <nd ref="520973600"/>
    <nd ref="520972354"/>
    <nd ref="520972569"/>
    <nd ref="520971153"/>
    <tag k="attribution" v="GeoBase®"/>
    <tag k="geobase:acquisitionTechnique" v="GPS"/>
    <tag k="highway" v="residential"/>
    <tag k="is_in" v="Lytton,British Columbia"/>
    <tag k="lanes" v="2"/>
    <tag k="name" v="3rd Street"/>
    <tag k="source" v="Geobase_Import_2009"/>
    <tag k="surface" v="unpaved"/>
  </way>
  <way id="42006513">
    <nd ref="520973771"/>
    <nd ref="520971746"/>
    <nd ref="520971153"/>
    <nd ref="7704071399"/>
    <nd ref="520972860"/>
    <nd ref="7704071400"/>
    <nd ref="520973524"/>
    <nd ref="520971561"/>
    <tag k="attribution" v="GeoBase®"/>
    <tag k="geobase:acquisitionTechnique" v="GPS"/>
    <tag k="highway" v="tertiary"/>
    <tag k="is_in" v="Lytton,British Columbia"/>
    <tag k="lanes" v="2"/>
    <tag k="name" v="Fraser Street"/>
    <tag k="source" v="Geobase_Import_2009"/>
    <tag k="surface" v="asphalt"/>
  </way>
  <way id="42006514">
    <nd ref="4174599725"/>
    <nd ref="4174599724"/>
    <nd ref="4174599722"/>
    <nd ref="4174599720"/>
    <nd ref="4174599718"/>
    <nd ref="4174599717"/>
    <nd ref="4174599715"/>
    <nd ref="4174599713"/>
    <nd ref="4174599710"/>
    <nd ref="4174599709"/>
    <nd ref="4174599711"/>
    <nd ref="4174599712"/>
    <nd ref="5535155096"/>
    <nd ref="4174599714"/>
    <nd ref="4174599716"/>
    <nd ref="520971303"/>
    <nd ref="520972662"/>
    <nd ref="520973304"/>
    <nd ref="520974239"/>
    <nd ref="520974007"/>
    <nd ref="520974163"/>
    <nd ref="520973697"/>
    <nd ref="7393086504"/>
    <nd ref="520970572"/>
    <nd ref="520973469"/>
    <nd ref="520970552"/>
    <nd ref="520970975"/>
    <nd ref="520970788"/>
    <nd ref="520972873"/>
    <nd ref="520974197"/>
    <nd ref="520972913"/>
    <tag k="attribution" v="GeoBase®"/>
    <tag k="geobase:acquisitionTechnique" v="GPS"/>
    <tag k="highway" v="residential"/>
    <tag k="is_in" v="Lytton,British Columbia"/>
    <tag k="lanes" v="2"/>
    <tag k="name" v="River Drive"/>
    <tag k="source" v="Geobase_Import_2009"/>
    <tag k="surface" v="unpaved"/>
  </way>
  <way id="42006515">
    <nd ref="520971537"/>
    <nd ref="520971500"/>
    <tag k="attribution" v="GeoBase®"/>
    <tag k="geobase:acquisitionTechnique" v="Orthophoto"/>
    <tag k="geobase:datasetName" v="NRN:British Columbia"/>
    <tag k="geobase:uuid" v="5342cfbe968311d99c9f000ea65e52d8"/>
    <tag k="highway" v="residential"/>
    <tag k="is_in" v="Lytton,British Columbia"/>
    <tag k="lanes" v="2"/>
    <tag k="name" v="1st Street"/>
    <tag k="source" v="Geobase_Import_2009"/>
  </way>
  <way id="42006521">
    <nd ref="520971040"/>
    <nd ref="520972730"/>
    <nd ref="520971228"/>
    <nd ref="520973671"/>
    <tag k="attribution" v="GeoBase®"/>
    <tag k="geobase:acquisitionTechnique" v="GPS"/>
    <tag k="highway" v="trunk_link"/>
    <tag k="is_in" v="Lytton,British Columbia"/>
    <tag k="lanes" v="1"/>
    <tag k="oneway" v="yes"/>
    <tag k="source" v="Geobase_Import_2009"/>
  </way>
  <way id="42006522">
    <nd ref="520971260"/>
    <nd ref="520973969"/>
    <nd ref="520972584"/>
    <nd ref="520972406"/>
    <tag k="alt_name" v="Station Road"/>
    <tag k="attribution" v="GeoBase®"/>
    <tag k="highway" v="residential"/>
    <tag k="lanes" v="2"/>
    <tag k="name" v="Station Street"/>
    <tag k="note" v="Lytton council uses alternatively two names for Station Street/Road"/>
    <tag k="surface" v="asphalt"/>
  </way>
  <way id="42006524">
    <nd ref="339373598"/>
    <nd ref="520971384"/>
    <nd ref="520972860"/>
    <tag k="attribution" v="GeoBase®"/>
    <tag k="geobase:acquisitionTechnique" v="GPS"/>
    <tag k="highway" v="residential"/>
    <tag k="is_in" v="Lytton,British Columbia"/>
    <tag k="lanes" v="2"/>
    <tag k="name" v="4th Street"/>
    <tag k="source" v="Geobase_Import_2009"/>
    <tag k="surface" v="asphalt"/>
  </way>
  <way id="42006526">
    <nd ref="520973576"/>
    <nd ref="520971585"/>
    <tag k="attribution" v="GeoBase®"/>
    <tag k="geobase:acquisitionTechnique" v="GPS"/>
    <tag k="geobase:datasetName" v="NRN:British Columbia"/>
    <tag k="geobase:uuid" v="b97b97084cde11db8123000ea65e52d8"/>
    <tag k="highway" v="residential"/>
    <tag k="is_in" v="Lytton,British Columbia"/>
    <tag k="lanes" v="2"/>
    <tag k="name" v="Kent Road"/>
    <tag k="source" v="Geobase_Import_2009"/>
    <tag k="surface" v="unpaved"/>
  </way>
  <way id="42006527">
    <nd ref="520974312"/>
    <nd ref="7393086323"/>
    <tag k="highway" v="steps"/>
  </way>
  <way id="42006529">
    <nd ref="13439617871"/>
    <nd ref="520974166"/>
    <nd ref="520971135"/>
    <nd ref="520972173"/>
    <nd ref="520972014"/>
    <nd ref="520972389"/>
    <nd ref="520971258"/>
    <tag k="attribution" v="GeoBase®"/>
    <tag k="geobase:acquisitionTechnique" v="Orthophoto"/>
    <tag k="highway" v="service"/>
    <tag k="lanes" v="1"/>
    <tag k="source" v="Geobase_Import_2009"/>
    <tag k="surface" v="unpaved"/>
  </way>
  <way id="42006530">
    <nd ref="520971508"/>
    <nd ref="520971120"/>
    <nd ref="520971537"/>
    <tag k="attribution" v="GeoBase®"/>
    <tag k="geobase:acquisitionTechnique" v="Orthophoto"/>
    <tag k="geobase:datasetName" v="NRN:British Columbia"/>
    <tag k="geobase:uuid" v="5342cfbe968311d99c9f000ea65e52d8"/>
    <tag k="highway" v="service"/>
    <tag k="is_in" v="Lytton,British Columbia"/>
    <tag k="lanes" v="2"/>
    <tag k="source" v="Geobase_Import_2009"/>
  </way>
  <way id="42006537">
    <nd ref="520971585"/>
    <nd ref="520974412"/>
    <nd ref="520972855"/>
    <nd ref="520971375"/>
    <nd ref="520973488"/>
    <nd ref="520973260"/>
    <nd ref="520973333"/>
    <nd ref="520971410"/>
    <nd ref="520971828"/>
    <nd ref="520973013"/>
    <tag k="attribution" v="GeoBase®"/>
    <tag k="geobase:acquisitionTechnique" v="GPS"/>
    <tag k="geobase:datasetName" v="NRN:British Columbia"/>
    <tag k="geobase:uuid" v="72cac2c04cde11db8123000ea65e52d8"/>
    <tag k="highway" v="residential"/>
    <tag k="is_in" v="Lytton,British Columbia"/>
    <tag k="lanes" v="2"/>
    <tag k="name" v="Kent Road"/>
    <tag k="source" v="Geobase_Import_2009"/>
    <tag k="surface" v="unpaved"/>
  </way>
  <way id="42006543">
    <nd ref="520973755"/>
    <nd ref="520971000"/>
    <nd ref="13205986866"/>
    <nd ref="522004724"/>
    <nd ref="522005187"/>
    <nd ref="522008578"/>
    <nd ref="520970941"/>
    <nd ref="520974306"/>
    <nd ref="522007687"/>
    <nd ref="522002991"/>
    <nd ref="522005207"/>
    <nd ref="522002612"/>
    <nd ref="520974128"/>
    <nd ref="522002690"/>
    <nd ref="522005453"/>
    <nd ref="520972909"/>
    <nd ref="522008154"/>
    <nd ref="520971251"/>
    <nd ref="522005967"/>
    <nd ref="520970748"/>
    <nd ref="520971744"/>
    <nd ref="520972737"/>
    <nd ref="520974524"/>
    <nd ref="522003090"/>
    <nd ref="520971525"/>
    <nd ref="520973435"/>
    <nd ref="520970657"/>
    <nd ref="520971776"/>
    <nd ref="522005756"/>
    <nd ref="522008893"/>
    <nd ref="522004131"/>
    <nd ref="520973249"/>
    <nd ref="522006954"/>
    <nd ref="522005070"/>
    <nd ref="520972809"/>
    <nd ref="520973277"/>
    <nd ref="522005836"/>
    <nd ref="522006694"/>
    <nd ref="522002974"/>
    <nd ref="522004652"/>
    <nd ref="520972621"/>
    <nd ref="520972429"/>
    <nd ref="522004331"/>
    <nd ref="522005248"/>
    <nd ref="522009116"/>
    <nd ref="520970557"/>
    <nd ref="522004415"/>
    <nd ref="522006298"/>
    <nd ref="520971430"/>
    <nd ref="520971012"/>
    <nd ref="520973701"/>
    <nd ref="12181430043"/>
    <nd ref="522002786"/>
    <nd ref="520972132"/>
    <nd ref="522005010"/>
    <nd ref="522005669"/>
    <nd ref="522003310"/>
    <nd ref="520973188"/>
    <nd ref="522008111"/>
    <nd ref="520971774"/>
    <nd ref="522002826"/>
    <nd ref="11128774889"/>
    <nd ref="520971870"/>
    <nd ref="520972088"/>
    <nd ref="522003603"/>
    <nd ref="522005583"/>
    <tag k="attribution" v="GeoBase®"/>
    <tag k="check_date" v="2025-10-09"/>
    <tag k="geobase:acquisitionTechnique" v="GPS"/>
    <tag k="highway" v="unclassified"/>
    <tag k="incline" v="yes"/>
    <tag k="is_in" v="Lytton,British Columbia"/>
    <tag k="lanes" v="2"/>
    <tag k="layer" v="-1"/>
    <tag k="name" v="Botanie Creek Road"/>
    <tag k="source" v="Geobase_Import_2009"/>
    <tag k="surface" v="asphalt"/>
    <tag k="tunnel" v="culvert"/>
  </way>
  <way id="42006545">
    <nd ref="520972797"/>
    <nd ref="520971056"/>
    <nd ref="520971787"/>
    <nd ref="520972728"/>
    <nd ref="520973541"/>
    <nd ref="520973267"/>
    <nd ref="520974184"/>
    <nd ref="520971412"/>
    <nd ref="520972684"/>
    <nd ref="520971917"/>
    <nd ref="520971871"/>
    <nd ref="520972933"/>
    <nd ref="520973379"/>
    <nd ref="520973129"/>
    <tag k="attribution" v="GeoBase®"/>
    <tag k="geobase:acquisitionTechnique" v="GPS"/>
    <tag k="highway" v="service"/>
    <tag k="is_in" v="Lytton,British Columbia"/>
    <tag k="lanes" v="2"/>
    <tag k="source" v="Geobase_Import_2009"/>
    <tag k="surface" v="unpaved"/>
  </way>
  <way id="42006546">
    <nd ref="520971342"/>
    <nd ref="520972111"/>
    <nd ref="520971608"/>
    <nd ref="522004668"/>
    <nd ref="522007289"/>
    <nd ref="520973933"/>
    <nd ref="520972369"/>
    <nd ref="520972703"/>
    <nd ref="522003503"/>
    <nd ref="520972956"/>
    <nd ref="522007543"/>
    <nd ref="520972339"/>
    <nd ref="520972769"/>
    <nd ref="520973043"/>
    <nd ref="522006424"/>
    <nd ref="522005632"/>
    <tag k="attribution" v="GeoBase®"/>
    <tag k="geobase:acquisitionTechnique" v="GPS"/>
    <tag k="highway" v="residential"/>
    <tag k="is_in" v="Lytton,British Columbia"/>
    <tag k="lanes" v="2"/>
    <tag k="name" v="North Spencer Road"/>
    <tag k="source" v="Geobase_Import_2009"/>
    <tag k="surface" v="unpaved"/>
  </way>
  <way id="42006549">
    <nd ref="30447207"/>
    <nd ref="520971422"/>
    <nd ref="520971497"/>
    <nd ref="520971361"/>
    <nd ref="520973235"/>
    <nd ref="520973548"/>
    <nd ref="520972288"/>
    <nd ref="520971285"/>
    <nd ref="520971311"/>
    <nd ref="8944742616"/>
    <nd ref="520970686"/>
    <nd ref="8944742615"/>
    <nd ref="520972393"/>
    <tag k="highway" v="residential"/>
    <tag k="lanes" v="2"/>
    <tag k="name" v="Ponderosa Heights"/>
    <tag k="source" v="Geobase_Import_2009"/>
  </way>
  <way id="42006552">
    <nd ref="520972245"/>
    <nd ref="520973194"/>
    <nd ref="520972399"/>
    <nd ref="11040010788"/>
    <nd ref="520971834"/>
    <tag k="attribution" v="GeoBase®"/>
    <tag k="geobase:acquisitionTechnique" v="GPS"/>
    <tag k="highway" v="residential"/>
    <tag k="is_in" v="Lytton,British Columbia"/>
    <tag k="lanes" v="2"/>
    <tag k="name" v="Loring Way West"/>
    <tag k="source" v="Geobase_Import_2009"/>
  </way>
  <way id="42006560">
    <nd ref="520971610"/>
    <nd ref="520974332"/>
    <nd ref="520974415"/>
    <nd ref="520973348"/>
    <nd ref="520973434"/>
    <nd ref="520970758"/>
    <nd ref="520971700"/>
    <tag k="attribution" v="GeoBase®"/>
    <tag k="geobase:acquisitionTechnique" v="GPS"/>
    <tag k="geobase:datasetName" v="NRN:British Columbia"/>
    <tag k="geobase:uuid" v="1f86ece64cdf11db8123000ea65e52d8"/>
    <tag k="highway" v="residential"/>
    <tag k="is_in" v="Lytton,British Columbia"/>
    <tag k="lanes" v="2"/>
    <tag k="name" v="IR 17 Road"/>
    <tag k="source" v="Geobase_Import_2009"/>
    <tag k="surface" v="unpaved"/>
  </way>
  <way id="42006565">
    <nd ref="520970539"/>
    <nd ref="520974148"/>
    <nd ref="520973771"/>
    <tag k="attribution" v="GeoBase®"/>
    <tag k="geobase:acquisitionTechnique" v="GPS"/>
    <tag k="geobase:datasetName" v="NRN:British Columbia"/>
    <tag k="geobase:uuid" v="7edaa44e968311d99c9f000ea65e52d8"/>
    <tag k="highway" v="residential"/>
    <tag k="is_in" v="Lytton,British Columbia"/>
    <tag k="lanes" v="2"/>
    <tag k="name" v="Fraser Street"/>
    <tag k="source" v="Geobase_Import_2009"/>
  </way>
  <way id="42006567">
    <nd ref="520972154"/>
    <nd ref="520972420"/>
    <nd ref="8944742600"/>
    <nd ref="520971746"/>
    <nd ref="8944742601"/>
    <nd ref="520971344"/>
    <tag k="highway" v="residential"/>
    <tag k="lanes" v="2"/>
    <tag k="name" v="2nd Street"/>
    <tag k="surface" v="unpaved"/>
  </way>
  <way id="42006572">
    <nd ref="520971700"/>
    <nd ref="520973980"/>
    <tag k="attribution" v="GeoBase®"/>
    <tag k="geobase:acquisitionTechnique" v="GPS"/>
    <tag k="geobase:datasetName" v="NRN:British Columbia"/>
    <tag k="geobase:uuid" v="5a5bdd1e4cde11db8123000ea65e52d8"/>
    <tag k="highway" v="residential"/>
    <tag k="is_in" v="Lytton,British Columbia"/>
    <tag k="lanes" v="2"/>
    <tag k="name" v="IR 17 Road"/>
    <tag k="source" v="Geobase_Import_2009"/>
    <tag k="surface" v="unpaved"/>
  </way>
  <way id="42006575">
    <nd ref="520971585"/>
    <nd ref="520973390"/>
    <nd ref="520971882"/>
    <nd ref="520970629"/>
    <nd ref="520971280"/>
    <nd ref="520972766"/>
    <nd ref="520970731"/>
    <tag k="attribution" v="GeoBase®"/>
    <tag k="geobase:acquisitionTechnique" v="GPS"/>
    <tag k="geobase:datasetName" v="NRN:British Columbia"/>
    <tag k="geobase:uuid" v="dafdb64a4cde11db8123000ea65e52d8"/>
    <tag k="highway" v="residential"/>
    <tag k="is_in" v="Lytton,British Columbia"/>
    <tag k="lanes" v="2"/>
    <tag k="source" v="Geobase_Import_2009"/>
    <tag k="surface" v="unpaved"/>
  </way>
  <way id="42006578">
    <nd ref="520970785"/>
    <nd ref="520973006"/>
    <tag k="attribution" v="GeoBase®"/>
    <tag k="geobase:acquisitionTechnique" v="GPS"/>
    <tag k="geobase:datasetName" v="NRN:British Columbia"/>
    <tag k="geobase:uuid" v="9a89a2d64cde11db8123000ea65e52d8"/>
    <tag k="highway" v="residential"/>
    <tag k="is_in" v="Lytton,British Columbia"/>
    <tag k="lanes" v="2"/>
    <tag k="source" v="Geobase_Import_2009"/>
  </way>
  <way id="42006582">
    <nd ref="13439617871"/>
    <nd ref="520972085"/>
    <nd ref="13439617880"/>
    <nd ref="520973689"/>
    <nd ref="520973900"/>
    <nd ref="13439617898"/>
    <nd ref="13439617899"/>
    <nd ref="13439617900"/>
    <nd ref="13439626901"/>
    <nd ref="13439626902"/>
    <nd ref="13439626903"/>
    <nd ref="13439626904"/>
    <nd ref="13439626905"/>
    <nd ref="13439626906"/>
    <nd ref="12464204091"/>
    <tag k="attribution" v="GeoBase®"/>
    <tag k="geobase:acquisitionTechnique" v="GPS"/>
    <tag k="highway" v="track"/>
    <tag k="lanes" v="2"/>
    <tag k="name" v="Airport Road"/>
    <tag k="source" v="Geobase_Import_2009"/>
    <tag k="surface" v="unpaved"/>
  </way>
  <way id="42006583">
    <nd ref="4725908530"/>
    <nd ref="520971185"/>
    <nd ref="520971044"/>
    <nd ref="520970602"/>
    <nd ref="520972881"/>
    <nd ref="520970534"/>
    <nd ref="520972705"/>
    <nd ref="520971713"/>
    <tag k="attribution" v="GeoBase®"/>
    <tag k="geobase:acquisitionTechnique" v="GPS"/>
    <tag k="geobase:routeName1:en" v="Lytton-Lillooet Highway No 12"/>
    <tag k="highway" v="primary"/>
    <tag k="is_in" v="Lytton,British Columbia"/>
    <tag k="lanes" v="2"/>
    <tag k="name" v="Lytton-Lillooet Highway"/>
    <tag k="ref" v="BC 12"/>
    <tag k="source" v="Geobase_Import_2009"/>
    <tag k="surface" v="asphalt"/>
  </way>
  <way id="42006589">
    <nd ref="520971700"/>
    <nd ref="520973876"/>
    <nd ref="520971951"/>
    <nd ref="520971397"/>
    <nd ref="520971346"/>
    <nd ref="520973129"/>
    <tag k="attribution" v="GeoBase®"/>
    <tag k="geobase:acquisitionTechnique" v="GPS"/>
    <tag k="geobase:datasetName" v="NRN:British Columbia"/>
    <tag k="geobase:uuid" v="a0f193d64cde11db8123000ea65e52d8"/>
    <tag k="highway" v="residential"/>
    <tag k="is_in" v="Lytton,British Columbia"/>
    <tag k="lanes" v="2"/>
    <tag k="name" v="IR 17 Road"/>
    <tag k="source" v="Geobase_Import_2009"/>
    <tag k="surface" v="unpaved"/>
  </way>
  <way id="42006592">
    <nd ref="8887327961"/>
    <nd ref="12464200791"/>
    <nd ref="8887327960"/>
    <nd ref="12464200790"/>
    <nd ref="12464200788"/>
    <nd ref="8887327959"/>
    <nd ref="8887327958"/>
    <nd ref="8887327957"/>
    <nd ref="8887327956"/>
    <nd ref="12464200796"/>
    <nd ref="8887327955"/>
    <nd ref="8887327954"/>
    <nd ref="12464200797"/>
    <nd ref="12464200798"/>
    <nd ref="520973955"/>
    <nd ref="520972797"/>
    <tag k="highway" v="unclassified"/>
    <tag k="lanes" v="2"/>
    <tag k="surface" v="unpaved"/>
  </way>
  <way id="42006607">
    <nd ref="520970825"/>
    <nd ref="520972905"/>
    <nd ref="520973922"/>
    <nd ref="520974515"/>
    <nd ref="520972362"/>
    <nd ref="520973385"/>
    <nd ref="520972590"/>
    <nd ref="520971273"/>
    <nd ref="520973675"/>
    <nd ref="520971249"/>
    <nd ref="7393086579"/>
    <nd ref="520974413"/>
    <nd ref="520970615"/>
    <nd ref="520973162"/>
    <nd ref="520971339"/>
    <nd ref="520970424"/>
    <tag k="attribution" v="GeoBase®"/>
    <tag k="geobase:acquisitionTechnique" v="GPS"/>
    <tag k="highway" v="residential"/>
    <tag k="is_in" v="Lytton,British Columbia"/>
    <tag k="lanes" v="2"/>
    <tag k="name" v="Old Trans Canada Highway"/>
    <tag k="source" v="Geobase_Import_2009"/>
  </way>
  <way id="42006618">
    <nd ref="520974404"/>
    <nd ref="520972827"/>
    <nd ref="4617428054"/>
    <nd ref="520973451"/>
    <nd ref="4617428049"/>
    <nd ref="339373609"/>
    <tag k="attribution" v="GeoBase®"/>
    <tag k="geobase:acquisitionTechnique" v="GPS"/>
    <tag k="highway" v="residential"/>
    <tag k="is_in" v="Lytton,British Columbia"/>
    <tag k="lanes" v="2"/>
    <tag k="source" v="Geobase_Import_2009"/>
  </way>
  <way id="42006621">
    <nd ref="12841152069"/>
    <nd ref="12841152068"/>
    <nd ref="12841152067"/>
    <nd ref="12841152066"/>
    <nd ref="12841152065"/>
    <nd ref="12841152064"/>
    <nd ref="12841152063"/>
    <nd ref="12841152062"/>
    <nd ref="12841152061"/>
    <nd ref="12841152060"/>
    <nd ref="12841152059"/>
    <nd ref="12841152058"/>
    <nd ref="12841152057"/>
    <nd ref="12841152056"/>
    <nd ref="12841152055"/>
    <nd ref="520973555"/>
    <nd ref="520973628"/>
    <nd ref="520971073"/>
    <nd ref="520971993"/>
    <nd ref="520970836"/>
    <nd ref="520972959"/>
    <nd ref="520971712"/>
    <nd ref="520971254"/>
    <nd ref="520973393"/>
    <nd ref="520972917"/>
    <nd ref="520971238"/>
    <nd ref="520970567"/>
    <nd ref="522008929"/>
    <tag k="attribution" v="GeoBase®"/>
    <tag k="geobase:acquisitionTechnique" v="GPS"/>
    <tag k="highway" v="residential"/>
    <tag k="lanes" v="2"/>
    <tag k="name" v="RW Road"/>
    <tag k="source" v="Geobase_Import_2009"/>
    <tag k="surface" v="unpaved"/>
  </way>
  <way id="42006625">
    <nd ref="522005114"/>
    <nd ref="520971923"/>
    <nd ref="522008834"/>
    <nd ref="520972365"/>
    <nd ref="520974259"/>
    <nd ref="520974451"/>
    <nd ref="520971648"/>
    <nd ref="522004672"/>
    <nd ref="522008950"/>
    <nd ref="522008149"/>
    <nd ref="520972601"/>
    <nd ref="520973792"/>
    <nd ref="522006250"/>
    <nd ref="522005675"/>
    <nd ref="520972796"/>
    <nd ref="12181430059"/>
    <nd ref="520973295"/>
    <nd ref="522006857"/>
    <nd ref="522004649"/>
    <nd ref="520973672"/>
    <nd ref="520973432"/>
    <nd ref="520972353"/>
    <nd ref="520973253"/>
    <nd ref="522002791"/>
    <nd ref="522003757"/>
    <nd ref="522003442"/>
    <nd ref="522008118"/>
    <nd ref="520972385"/>
    <nd ref="522002454"/>
    <nd ref="520972640"/>
    <nd ref="520971131"/>
    <nd ref="522008596"/>
    <nd ref="522008848"/>
    <nd ref="520972870"/>
    <nd ref="522004103"/>
    <nd ref="12464865850"/>
    <nd ref="520972327"/>
    <nd ref="522002985"/>
    <nd ref="522006867"/>
    <nd ref="12464865849"/>
    <nd ref="522006289"/>
    <nd ref="520971566"/>
    <nd ref="520973764"/>
    <nd ref="522004185"/>
    <tag k="attribution" v="GeoBase®"/>
    <tag k="geobase:acquisitionTechnique" v="GPS"/>
    <tag k="highway" v="residential"/>
    <tag k="is_in" v="Lytton,British Columbia"/>
    <tag k="lanes" v="2"/>
    <tag k="name" v="Quinn Road"/>
    <tag k="source" v="Geobase_Import_2009"/>
    <tag k="surface" v="unpaved"/>
  </way>
  <way id="42006627">
    <nd ref="520973969"/>
    <nd ref="520974137"/>
    <nd ref="520970830"/>
    <nd ref="520973389"/>
    <nd ref="520971561"/>
    <tag k="attribution" v="GeoBase®"/>
    <tag k="geobase:acquisitionTechnique" v="GPS"/>
    <tag k="highway" v="residential"/>
    <tag k="is_in" v="Lytton,British Columbia"/>
    <tag k="lanes" v="2"/>
    <tag k="name" v="6th Street"/>
    <tag k="source" v="Geobase_Import_2009"/>
  </way>
  <way id="42006631">
    <nd ref="8944742607"/>
    <nd ref="8944742606"/>
    <nd ref="8944742605"/>
    <nd ref="8944742604"/>
    <nd ref="8944742603"/>
    <nd ref="520971063"/>
    <nd ref="520974231"/>
    <tag k="highway" v="service"/>
    <tag k="service" v="driveway"/>
  </way>
  <way id="42006634">
    <nd ref="520971122"/>
    <nd ref="520972626"/>
    <nd ref="12850045940"/>
    <nd ref="520974429"/>
    <nd ref="520970432"/>
    <nd ref="520971332"/>
    <nd ref="520973282"/>
    <nd ref="520971918"/>
    <nd ref="520974387"/>
    <nd ref="520970598"/>
    <nd ref="520971183"/>
    <nd ref="520974326"/>
    <nd ref="520973981"/>
    <nd ref="520970928"/>
    <nd ref="520970706"/>
    <nd ref="11128774877"/>
    <nd ref="520970904"/>
    <nd ref="11128774897"/>
    <nd ref="520972162"/>
    <nd ref="520972757"/>
    <nd ref="520973866"/>
    <nd ref="520971793"/>
    <nd ref="520974130"/>
    <tag k="attribution" v="GeoBase®"/>
    <tag k="geobase:acquisitionTechnique" v="GPS"/>
    <tag k="highway" v="residential"/>
    <tag k="is_in" v="Lytton,British Columbia"/>
    <tag k="lanes" v="2"/>
    <tag k="name" v="Lytton Ferry Road"/>
    <tag k="source" v="Geobase_Import_2009"/>
  </way>
  <way id="42006636">
    <nd ref="520972584"/>
    <nd ref="520971596"/>
    <nd ref="8891845576"/>
    <nd ref="520971087"/>
    <tag k="attribution" v="GeoBase®"/>
    <tag k="geobase:acquisitionTechnique" v="GPS"/>
    <tag k="highway" v="residential"/>
    <tag k="lanes" v="2"/>
    <tag k="name" v="7th Street"/>
    <tag k="source" v="Geobase_Import_2009"/>
  </way>
  <way id="42006637">
    <nd ref="520973671"/>
    <nd ref="520971201"/>
    <nd ref="520973184"/>
    <tag k="attribution" v="GeoBase®"/>
    <tag k="geobase:acquisitionTechnique" v="GPS"/>
    <tag k="geobase:datasetName" v="NRN:British Columbia"/>
    <tag k="geobase:uuid" v="0bf55f964cdf11db8123000ea65e52d8"/>
    <tag k="highway" v="trunk_link"/>
    <tag k="is_in" v="Lytton,British Columbia"/>
    <tag k="lanes" v="1"/>
    <tag k="oneway" v="yes"/>
    <tag k="source" v="Geobase_Import_2009"/>
  </way>
  <way id="42006646">
    <nd ref="4174599702"/>
    <nd ref="12215243107"/>
    <nd ref="4174599701"/>
    <nd ref="4174599700"/>
    <nd ref="4174599699"/>
    <nd ref="520973285"/>
    <nd ref="520970812"/>
    <nd ref="520973983"/>
    <nd ref="520972084"/>
    <nd ref="520973717"/>
    <nd ref="520972833"/>
    <nd ref="520974153"/>
    <nd ref="520974401"/>
    <nd ref="520974338"/>
    <nd ref="520971502"/>
    <nd ref="520973355"/>
    <nd ref="520970776"/>
    <nd ref="520971037"/>
    <nd ref="520974453"/>
    <nd ref="520972721"/>
    <nd ref="520971060"/>
    <nd ref="13040670306"/>
    <nd ref="520970673"/>
    <nd ref="520971791"/>
    <nd ref="520970889"/>
    <nd ref="520973149"/>
    <nd ref="520972999"/>
    <nd ref="520973284"/>
    <nd ref="520972407"/>
    <nd ref="520970737"/>
    <nd ref="520974328"/>
    <nd ref="520972849"/>
    <nd ref="520973092"/>
    <nd ref="520971409"/>
    <nd ref="520973453"/>
    <nd ref="520972877"/>
    <tag k="attribution" v="GeoBase®"/>
    <tag k="geobase:acquisitionTechnique" v="GPS"/>
    <tag k="highway" v="residential"/>
    <tag k="lanes" v="2"/>
    <tag k="source" v="Geobase_Import_2009"/>
    <tag k="surface" v="unpaved"/>
  </way>
  <way id="42006649">
    <nd ref="520971415"/>
    <nd ref="520973825"/>
    <tag k="highway" v="footway"/>
  </way>
  <way id="42006653">
    <nd ref="520973839"/>
    <nd ref="520972954"/>
    <nd ref="520972840"/>
    <nd ref="520973953"/>
    <nd ref="520970924"/>
    <nd ref="520972349"/>
    <nd ref="520973220"/>
    <nd ref="520973858"/>
    <nd ref="520972512"/>
    <nd ref="520971200"/>
    <nd ref="520971590"/>
    <nd ref="520971856"/>
    <nd ref="13040670364"/>
    <nd ref="520973667"/>
    <nd ref="520971931"/>
    <nd ref="520970791"/>
    <nd ref="520971321"/>
    <nd ref="520970814"/>
    <nd ref="520970932"/>
    <nd ref="520973275"/>
    <nd ref="520973178"/>
    <nd ref="13040670349"/>
    <nd ref="520971050"/>
    <nd ref="520974440"/>
    <nd ref="520971157"/>
    <nd ref="520972023"/>
    <nd ref="520973146"/>
    <nd ref="520971527"/>
    <nd ref="520973202"/>
    <nd ref="520970664"/>
    <nd ref="520972472"/>
    <nd ref="520970792"/>
    <nd ref="520971429"/>
    <nd ref="520972128"/>
    <nd ref="520972536"/>
    <nd ref="520971587"/>
    <nd ref="520970950"/>
    <nd ref="520970547"/>
    <nd ref="520973998"/>
    <nd ref="520972152"/>
    <nd ref="520970969"/>
    <nd ref="520972786"/>
    <nd ref="520973300"/>
    <nd ref="520972877"/>
    <nd ref="520972841"/>
    <nd ref="520973174"/>
    <nd ref="520971678"/>
    <nd ref="520971268"/>
    <nd ref="520971623"/>
    <nd ref="520971586"/>
    <nd ref="520972405"/>
    <nd ref="520971592"/>
    <nd ref="520972110"/>
    <nd ref="520972689"/>
    <nd ref="520972348"/>
    <nd ref="520972044"/>
    <nd ref="520974180"/>
    <nd ref="520974395"/>
    <nd ref="520973510"/>
    <nd ref="520972183"/>
    <nd ref="520971052"/>
    <nd ref="520970988"/>
    <nd ref="520971020"/>
    <nd ref="520973987"/>
    <nd ref="520972851"/>
    <nd ref="520974495"/>
    <nd ref="520971820"/>
    <nd ref="520972454"/>
    <nd ref="520970992"/>
    <nd ref="520971899"/>
    <nd ref="520972634"/>
    <nd ref="520973822"/>
    <nd ref="520973937"/>
    <nd ref="520973645"/>
    <nd ref="520972171"/>
    <nd ref="520972135"/>
    <nd ref="520972058"/>
    <nd ref="520973289"/>
    <nd ref="520972919"/>
    <nd ref="520972408"/>
    <nd ref="522008929"/>
    <nd ref="522005224"/>
    <nd ref="522006934"/>
    <nd ref="522008019"/>
    <nd ref="522008379"/>
    <nd ref="522006742"/>
    <nd ref="522005252"/>
    <nd ref="520972350"/>
    <nd ref="520973262"/>
    <nd ref="522006856"/>
    <nd ref="520974371"/>
    <nd ref="520973878"/>
    <nd ref="520973007"/>
    <nd ref="522006716"/>
    <nd ref="520972678"/>
    <nd ref="522003330"/>
    <nd ref="522004008"/>
    <nd ref="522002934"/>
    <nd ref="520971476"/>
    <nd ref="520970955"/>
    <nd ref="522008858"/>
    <nd ref="520971607"/>
    <nd ref="522003864"/>
    <nd ref="522006177"/>
    <nd ref="522007808"/>
    <nd ref="520971955"/>
    <nd ref="520973406"/>
    <nd ref="520973826"/>
    <nd ref="520974449"/>
    <nd ref="522004072"/>
    <nd ref="520973167"/>
    <nd ref="520972319"/>
    <nd ref="520974516"/>
    <nd ref="520972654"/>
    <nd ref="520970445"/>
    <nd ref="522006230"/>
    <nd ref="520973456"/>
    <nd ref="522005561"/>
    <nd ref="520971275"/>
    <nd ref="522007330"/>
    <nd ref="522003045"/>
    <nd ref="522006424"/>
    <tag k="highway" v="residential"/>
    <tag k="lanes" v="2"/>
    <tag k="name" v="South Spencer Road"/>
    <tag k="surface" v="unpaved"/>
  </way>
  <way id="42006660">
    <nd ref="520971610"/>
    <nd ref="520972611"/>
    <tag k="attribution" v="GeoBase®"/>
    <tag k="geobase:acquisitionTechnique" v="GPS"/>
    <tag k="geobase:datasetName" v="NRN:British Columbia"/>
    <tag k="geobase:uuid" v="1f86ece64cdf11db8123000ea65e52d8"/>
    <tag k="highway" v="residential"/>
    <tag k="is_in" v="Lytton,British Columbia"/>
    <tag k="lanes" v="2"/>
    <tag k="source" v="Geobase_Import_2009"/>
    <tag k="surface" v="unpaved"/>
  </way>
  <way id="42006663">
    <nd ref="8891845580"/>
    <nd ref="520973173"/>
    <nd ref="520974312"/>
    <tag k="highway" v="footway"/>
  </way>
  <way id="42006672">
    <nd ref="520970413"/>
    <nd ref="520970671"/>
    <nd ref="520971113"/>
    <nd ref="520970436"/>
    <nd ref="520972961"/>
    <nd ref="7393086413"/>
    <nd ref="520970712"/>
    <tag k="attribution" v="GeoBase®"/>
    <tag k="geobase:acquisitionTechnique" v="GPS"/>
    <tag k="highway" v="residential"/>
    <tag k="is_in" v="Lytton,British Columbia"/>
    <tag k="lanes" v="2"/>
    <tag k="name" v="Main Street"/>
    <tag k="source" v="Geobase_Import_2009"/>
    <tag k="surface" v="unpaved"/>
  </way>
  <way id="42006673">
    <nd ref="13439617897"/>
    <nd ref="520972004"/>
    <nd ref="520972482"/>
    <nd ref="520971507"/>
    <nd ref="520973310"/>
    <nd ref="520973497"/>
    <nd ref="520970479"/>
    <nd ref="520971811"/>
    <nd ref="520972838"/>
    <tag k="attribution" v="GeoBase®"/>
    <tag k="geobase:acquisitionTechnique" v="Orthophoto"/>
    <tag k="highway" v="service"/>
    <tag k="lanes" v="1"/>
    <tag k="source" v="Geobase_Import_2009"/>
    <tag k="surface" v="unpaved"/>
  </way>
  <way id="42006677">
    <nd ref="8944778919"/>
    <nd ref="8944778917"/>
    <nd ref="8944778918"/>
    <nd ref="520971497"/>
    <tag k="highway" v="trunk_link"/>
    <tag k="name" v="Ponderosa Heights"/>
  </way>
  <way id="42006693">
    <nd ref="520972476"/>
    <nd ref="520973980"/>
    <tag k="attribution" v="GeoBase®"/>
    <tag k="geobase:acquisitionTechnique" v="GPS"/>
    <tag k="geobase:datasetName" v="NRN:British Columbia"/>
    <tag k="geobase:uuid" v="99bafa8e4cdf11db8123000ea65e52d8"/>
    <tag k="highway" v="residential"/>
    <tag k="is_in" v="Lytton,British Columbia"/>
    <tag k="lanes" v="2"/>
    <tag k="name" v="IR 17 Road"/>
    <tag k="source" v="Geobase_Import_2009"/>
  </way>
  <way id="42006701">
    <nd ref="520971529"/>
    <nd ref="520970979"/>
    <nd ref="520972968"/>
    <tag k="attribution" v="GeoBase®"/>
    <tag k="geobase:acquisitionTechnique" v="GPS"/>
    <tag k="highway" v="residential"/>
    <tag k="is_in" v="Lytton,British Columbia"/>
    <tag k="lanes" v="2"/>
    <tag k="name" v="7th Street"/>
    <tag k="source" v="Geobase_Import_2009"/>
  </way>
  <way id="42006702">
    <nd ref="520972913"/>
    <nd ref="520972420"/>
    <nd ref="520972569"/>
    <nd ref="520971384"/>
    <nd ref="520972749"/>
    <nd ref="520973389"/>
    <nd ref="520970979"/>
    <tag k="highway" v="service"/>
    <tag k="service" v="alley"/>
  </way>
  <way id="42006706">
    <nd ref="520972452"/>
    <nd ref="520971271"/>
    <nd ref="520973684"/>
    <nd ref="520972967"/>
    <nd ref="520973972"/>
    <nd ref="520971838"/>
    <nd ref="520972741"/>
    <nd ref="520972245"/>
    <nd ref="520970838"/>
    <nd ref="520971395"/>
    <nd ref="520973612"/>
    <nd ref="520972665"/>
    <nd ref="12464203753"/>
    <nd ref="520972883"/>
    <nd ref="12464203752"/>
    <nd ref="12464203751"/>
    <nd ref="520971503"/>
    <nd ref="12464203750"/>
    <nd ref="520971215"/>
    <nd ref="12464203749"/>
    <nd ref="520973674"/>
    <nd ref="520972797"/>
    <tag k="highway" v="residential"/>
    <tag k="lanes" v="2"/>
    <tag k="name" v="Loring Way"/>
  </way>
  <way id="42006708">
    <nd ref="520973539"/>
    <nd ref="520974186"/>
    <tag k="attribution" v="GeoBase®"/>
    <tag k="geobase:acquisitionTechnique" v="GPS"/>
    <tag k="geobase:datasetName" v="NRN:British Columbia"/>
    <tag k="geobase:uuid" v="19c978144cdf11db8123000ea65e52d8"/>
    <tag k="highway" v="residential"/>
    <tag k="is_in" v="Lytton,British Columbia"/>
    <tag k="lanes" v="2"/>
    <tag k="source" v="Geobase_Import_2009"/>
    <tag k="surface" v="unpaved"/>
  </way>
  <way id="42006713">
    <nd ref="520971561"/>
    <nd ref="520973257"/>
    <nd ref="520974359"/>
    <nd ref="520972968"/>
    <nd ref="520972818"/>
    <tag k="attribution" v="GeoBase®"/>
    <tag k="geobase:acquisitionTechnique" v="GPS"/>
    <tag k="highway" v="residential"/>
    <tag k="is_in" v="Lytton,British Columbia"/>
    <tag k="lanes" v="2"/>
    <tag k="name" v="Fraser Street"/>
    <tag k="source" v="Geobase_Import_2009"/>
  </way>
  <way id="42006715">
    <nd ref="520971699"/>
    <nd ref="7393086323"/>
    <tag k="highway" v="steps"/>
  </way>
  <way id="42006719">
    <nd ref="520971989"/>
    <nd ref="520971344"/>
    <nd ref="520970879"/>
    <nd ref="520971383"/>
    <tag k="attribution" v="GeoBase®"/>
    <tag k="geobase:acquisitionTechnique" v="GPS"/>
    <tag k="highway" v="residential"/>
    <tag k="is_in" v="Lytton,British Columbia"/>
    <tag k="lanes" v="2"/>
    <tag k="name" v="West Lane"/>
    <tag k="source" v="Geobase_Import_2009"/>
    <tag k="surface" v="unpaved"/>
  </way>
  <way id="42006722">
    <nd ref="520974510"/>
    <nd ref="520972781"/>
    <nd ref="522004668"/>
    <tag k="attribution" v="GeoBase®"/>
    <tag k="geobase:acquisitionTechnique" v="GPS"/>
    <tag k="geobase:datasetName" v="NRN:British Columbia"/>
    <tag k="geobase:uuid" v="61ecfe904cdf11db8123000ea65e52d8"/>
    <tag k="highway" v="residential"/>
    <tag k="is_in" v="Lytton,British Columbia"/>
    <tag k="lanes" v="2"/>
    <tag k="source" v="Geobase_Import_2009"/>
    <tag k="surface" v="unpaved"/>
  </way>
  <way id="42006728">
    <nd ref="520973980"/>
    <nd ref="520970422"/>
    <nd ref="520973129"/>
    <tag k="attribution" v="GeoBase®"/>
    <tag k="geobase:acquisitionTechnique" v="GPS"/>
    <tag k="geobase:datasetName" v="NRN:British Columbia"/>
    <tag k="geobase:uuid" v="b06e0d304cde11db8123000ea65e52d8"/>
    <tag k="highway" v="residential"/>
    <tag k="is_in" v="Lytton,British Columbia"/>
    <tag k="lanes" v="2"/>
    <tag k="name" v="IR 17 Road"/>
    <tag k="source" v="Geobase_Import_2009"/>
    <tag k="surface" v="unpaved"/>
  </way>
  <way id="42006731">
    <nd ref="13439617871"/>
    <nd ref="520973264"/>
    <nd ref="9858582518"/>
    <nd ref="9858582519"/>
    <nd ref="520971348"/>
    <tag k="attribution" v="GeoBase®"/>
    <tag k="geobase:acquisitionTechnique" v="GPS"/>
    <tag k="highway" v="residential"/>
    <tag k="lanes" v="2"/>
    <tag k="name" v="Airport Road"/>
    <tag k="source" v="Geobase_Import_2009"/>
    <tag k="surface" v="unpaved"/>
  </way>
  <way id="42006732">
    <nd ref="520971040"/>
    <nd ref="4725376047"/>
    <nd ref="520973970"/>
    <nd ref="520972897"/>
    <nd ref="520973522"/>
    <nd ref="520971096"/>
    <nd ref="9251399267"/>
    <nd ref="9251399264"/>
    <nd ref="520973395"/>
    <nd ref="520970507"/>
    <tag k="attribution" v="GeoBase®"/>
    <tag k="geobase:acquisitionTechnique" v="GPS"/>
    <tag k="geobase:routeName1:en" v="TransCanada Highway"/>
    <tag k="highway" v="service"/>
    <tag k="is_in" v="Lytton,British Columbia"/>
    <tag k="lanes" v="2"/>
    <tag k="source" v="Geobase_Import_2009"/>
  </way>
  <way id="42006733">
    <nd ref="520973492"/>
    <nd ref="520973847"/>
    <nd ref="520973477"/>
    <nd ref="520973044"/>
    <nd ref="520972476"/>
    <tag k="attribution" v="GeoBase®"/>
    <tag k="geobase:acquisitionTechnique" v="GPS"/>
    <tag k="geobase:datasetName" v="NRN:British Columbia"/>
    <tag k="geobase:uuid" v="969a9a804cdf11db8123000ea65e52d8"/>
    <tag k="highway" v="residential"/>
    <tag k="is_in" v="Lytton,British Columbia"/>
    <tag k="lanes" v="2"/>
    <tag k="name" v="Transition Road"/>
    <tag k="source" v="Geobase_Import_2009"/>
    <tag k="surface" v="unpaved"/>
  </way>
  <way id="42006734">
    <nd ref="520973825"/>
    <nd ref="520972150"/>
    <nd ref="520973654"/>
    <nd ref="7393086185"/>
    <nd ref="520972464"/>
    <nd ref="520974137"/>
    <nd ref="520971596"/>
    <tag k="attribution" v="GeoBase®"/>
    <tag k="geobase:acquisitionTechnique" v="GPS"/>
    <tag k="highway" v="residential"/>
    <tag k="lanes" v="2"/>
    <tag k="name" v="Alonzo Way"/>
    <tag k="source" v="Geobase_Import_2009"/>
  </way>
  <way id="42006738">
    <nd ref="520973257"/>
    <nd ref="520971504"/>
    <nd ref="520970785"/>
    <nd ref="520971980"/>
    <nd ref="520970893"/>
    <nd ref="520971478"/>
    <nd ref="520970618"/>
    <tag k="attribution" v="GeoBase®"/>
    <tag k="geobase:acquisitionTechnique" v="GPS"/>
    <tag k="highway" v="residential"/>
    <tag k="is_in" v="Lytton,British Columbia"/>
    <tag k="lanes" v="2"/>
    <tag k="name" v="Spencer Road"/>
    <tag k="source" v="Geobase_Import_2009"/>
  </way>
  <way id="42008355">
    <nd ref="520971342"/>
    <nd ref="520974130"/>
    <tag k="capacity:persons" v="18"/>
    <tag k="duration" v="00:05"/>
    <tag k="foot" v="yes"/>
    <tag k="maxweight" v="9 t"/>
    <tag k="motor_vehicle" v="yes"/>
    <tag k="name" v="Lytton Ferry"/>
    <tag k="network" v="British Columbia Ministry of Transportation"/>
    <tag k="network:wikidata" v="Q4969732"/>
    <tag k="operator" v="British Columbia Ministry Of Transportation"/>
    <tag k="route" v="ferry"/>
    <tag k="toll" v="no"/>
    <tag k="website" v="https://www2.gov.bc.ca/gov/content/transportation/passenger-travel/water-travel/inland-ferries/lytton-reaction-ferry"/>
  </way>
  <way id="42044666">
    <nd ref="522005185"/>
    <nd ref="522009114"/>
    <nd ref="522007617"/>
    <nd ref="522007039"/>
    <nd ref="522008852"/>
    <nd ref="522004876"/>
    <nd ref="522005759"/>
    <nd ref="522008389"/>
    <nd ref="522007429"/>
    <nd ref="522008678"/>
    <nd ref="522004329"/>
    <nd ref="522002481"/>
    <nd ref="522007972"/>
    <nd ref="522005619"/>
    <nd ref="522006271"/>
    <nd ref="522005005"/>
    <nd ref="522002963"/>
    <nd ref="522007464"/>
    <nd ref="522006294"/>
    <nd ref="522007328"/>
    <nd ref="522008934"/>
    <nd ref="522006821"/>
    <nd ref="522003464"/>
    <nd ref="522004066"/>
    <nd ref="522009112"/>
    <nd ref="522007528"/>
    <nd ref="522004940"/>
    <nd ref="522008184"/>
    <nd ref="522002756"/>
    <nd ref="522003141"/>
    <nd ref="522006915"/>
    <nd ref="522006268"/>
    <nd ref="522007454"/>
    <nd ref="522003324"/>
    <nd ref="522008747"/>
    <nd ref="522005618"/>
    <nd ref="522003359"/>
    <nd ref="522008253"/>
    <nd ref="522006810"/>
    <nd ref="522004190"/>
    <nd ref="522008999"/>
    <nd ref="522005205"/>
    <nd ref="522005258"/>
    <nd ref="522009121"/>
    <nd ref="522004022"/>
    <nd ref="522005796"/>
    <nd ref="522007758"/>
    <nd ref="522007627"/>
    <nd ref="522007225"/>
    <nd ref="522003206"/>
    <nd ref="522007054"/>
    <nd ref="522002426"/>
    <nd ref="522005321"/>
    <nd ref="522007818"/>
    <nd ref="522006280"/>
    <nd ref="522003879"/>
    <nd ref="522005850"/>
    <tag k="attribution" v="GeoBase®"/>
    <tag k="geobase:acquisitionTechnique" v="GPS"/>
    <tag k="geobase:datasetName" v="NRN:British Columbia"/>
    <tag k="geobase:uuid" v="61ccafdc4cdf11db8123000ea65e52d8"/>
    <tag k="highway" v="residential"/>
    <tag k="is_in" v="Lytton,British Columbia"/>
    <tag k="lanes" v="2"/>
    <tag k="name" v="Alkali Road"/>
    <tag k="source" v="Geobase_Import_2009"/>
    <tag k="surface" v="unpaved"/>
  </way>
  <way id="42044683">
    <nd ref="522005632"/>
    <nd ref="522006282"/>
    <nd ref="522006248"/>
    <nd ref="522006896"/>
    <tag k="attribution" v="GeoBase®"/>
    <tag k="bridge" v="yes"/>
    <tag k="geobase:acquisitionTechnique" v="GPS"/>
    <tag k="highway" v="residential"/>
    <tag k="is_in" v="Lytton,British Columbia"/>
    <tag k="lanes" v="2"/>
    <tag k="layer" v="1"/>
    <tag k="name" v="North Spencer Road"/>
    <tag k="source" v="Geobase_Import_2009"/>
    <tag k="surface" v="unpaved"/>
  </way>
  <way id="42044730">
    <nd ref="522003305"/>
    <nd ref="522004894"/>
    <nd ref="522003059"/>
    <tag k="attribution" v="GeoBase®"/>
    <tag k="geobase:acquisitionTechnique" v="GPS"/>
    <tag k="geobase:datasetName" v="NRN:British Columbia"/>
    <tag k="geobase:uuid" v="7f9b0450968311d99c9f000ea65e52d8"/>
    <tag k="highway" v="residential"/>
    <tag k="is_in" v="Lytton,British Columbia"/>
    <tag k="lanes" v="2"/>
    <tag k="name" v="Adams Road"/>
    <tag k="source" v="Geobase_Import_2009"/>
    <tag k="surface" v="unpaved"/>
  </way>
  <way id="42044784">
    <nd ref="520970738"/>
    <nd ref="520972293"/>
    <nd ref="520973845"/>
    <nd ref="520972843"/>
    <nd ref="12162973694"/>
    <nd ref="12850045903"/>
    <nd ref="12162973700"/>
    <nd ref="520974205"/>
    <nd ref="522005583"/>
    <nd ref="520971317"/>
    <nd ref="520973401"/>
    <nd ref="520973581"/>
    <nd ref="11128774894"/>
    <nd ref="520971122"/>
    <nd ref="520972283"/>
    <nd ref="520973059"/>
    <nd ref="522006272"/>
    <nd ref="522004067"/>
    <nd ref="522002964"/>
    <nd ref="522004174"/>
    <nd ref="522005474"/>
    <nd ref="520971256"/>
    <nd ref="520973490"/>
    <nd ref="522008599"/>
    <nd ref="522006735"/>
    <nd ref="522004832"/>
    <nd ref="522005735"/>
    <nd ref="522004185"/>
    <nd ref="522007976"/>
    <nd ref="522004316"/>
    <nd ref="522005752"/>
    <nd ref="522008315"/>
    <nd ref="522007596"/>
    <nd ref="522005901"/>
    <nd ref="522008452"/>
    <nd ref="12464865897"/>
    <nd ref="522006854"/>
    <nd ref="522008273"/>
    <nd ref="522002752"/>
    <nd ref="522008213"/>
    <nd ref="522005455"/>
    <nd ref="522007577"/>
    <nd ref="522003684"/>
    <nd ref="522005185"/>
    <nd ref="522008268"/>
    <nd ref="522009081"/>
    <nd ref="522005788"/>
    <nd ref="522003327"/>
    <nd ref="522003313"/>
    <nd ref="522006639"/>
    <nd ref="5535191023"/>
    <nd ref="522007576"/>
    <nd ref="522005663"/>
    <nd ref="522008654"/>
    <nd ref="522003077"/>
    <nd ref="522005027"/>
    <nd ref="522008590"/>
    <nd ref="522007166"/>
    <nd ref="522007277"/>
    <nd ref="522005869"/>
    <nd ref="522009027"/>
    <nd ref="522003027"/>
    <nd ref="522007945"/>
    <nd ref="522007260"/>
    <nd ref="522007068"/>
    <nd ref="522005146"/>
    <nd ref="5535191051"/>
    <nd ref="522006219"/>
    <nd ref="522008114"/>
    <nd ref="522003843"/>
    <nd ref="522007353"/>
    <nd ref="522004817"/>
    <nd ref="522006972"/>
    <nd ref="522002914"/>
    <nd ref="522008734"/>
    <nd ref="522007657"/>
    <nd ref="522005423"/>
    <nd ref="522005540"/>
    <nd ref="522008047"/>
    <nd ref="522005467"/>
    <nd ref="522002790"/>
    <nd ref="522005389"/>
    <nd ref="522008199"/>
    <nd ref="522006787"/>
    <nd ref="522004888"/>
    <nd ref="522006051"/>
    <nd ref="522003202"/>
    <nd ref="522004437"/>
    <nd ref="5535176164"/>
    <nd ref="522007176"/>
    <nd ref="522005769"/>
    <nd ref="522007486"/>
    <nd ref="522004645"/>
    <nd ref="522002419"/>
    <nd ref="522005934"/>
    <nd ref="522004420"/>
    <nd ref="522008762"/>
    <nd ref="522003315"/>
    <nd ref="522008042"/>
    <nd ref="522006166"/>
    <nd ref="522005463"/>
    <nd ref="522008897"/>
    <nd ref="522007983"/>
    <nd ref="522003125"/>
    <nd ref="522005431"/>
    <nd ref="1083094098"/>
    <nd ref="522008854"/>
    <nd ref="1083094123"/>
    <nd ref="522007922"/>
    <nd ref="522005007"/>
    <nd ref="522004070"/>
    <nd ref="522007737"/>
    <nd ref="522006830"/>
    <nd ref="522003482"/>
    <nd ref="522008454"/>
    <nd ref="522006296"/>
    <nd ref="522002894"/>
    <nd ref="522005695"/>
    <nd ref="12968767262"/>
    <nd ref="522007891"/>
    <nd ref="12968767260"/>
    <nd ref="522004126"/>
    <nd ref="12968767261"/>
    <nd ref="522005120"/>
    <nd ref="522002543"/>
    <nd ref="522004684"/>
    <nd ref="12968767259"/>
    <nd ref="522003734"/>
    <nd ref="522002959"/>
    <nd ref="522005830"/>
    <nd ref="522007595"/>
    <nd ref="12968767258"/>
    <nd ref="522006871"/>
    <nd ref="522006369"/>
    <nd ref="522003119"/>
    <nd ref="522004006"/>
    <nd ref="522007137"/>
    <nd ref="522005062"/>
    <nd ref="522002836"/>
    <nd ref="522007890"/>
    <nd ref="522007252"/>
    <nd ref="522003655"/>
    <nd ref="522006077"/>
    <nd ref="522008983"/>
    <nd ref="522005083"/>
    <nd ref="522004698"/>
    <nd ref="522007186"/>
    <nd ref="12968767230"/>
    <nd ref="522006252"/>
    <nd ref="522003645"/>
    <nd ref="522005226"/>
    <nd ref="522005953"/>
    <nd ref="12968767231"/>
    <nd ref="522004217"/>
    <nd ref="522006169"/>
    <nd ref="12968767232"/>
    <nd ref="12968767233"/>
    <nd ref="522008726"/>
    <nd ref="12968767234"/>
    <nd ref="522007362"/>
    <nd ref="522007594"/>
    <nd ref="12968767210"/>
    <nd ref="12968767209"/>
    <nd ref="12968767208"/>
    <nd ref="522008445"/>
    <nd ref="12968767207"/>
    <nd ref="522002625"/>
    <nd ref="12968767206"/>
    <nd ref="12968767205"/>
    <nd ref="12968767204"/>
    <nd ref="12968767203"/>
    <nd ref="522003828"/>
    <nd ref="12968767211"/>
    <nd ref="12968767202"/>
    <nd ref="522003019"/>
    <nd ref="522003280"/>
    <nd ref="522005534"/>
    <nd ref="522003399"/>
    <nd ref="522004643"/>
    <nd ref="522004890"/>
    <nd ref="522003371"/>
    <nd ref="522007338"/>
    <nd ref="522005199"/>
    <nd ref="522007875"/>
    <nd ref="12968767121"/>
    <nd ref="522002413"/>
    <nd ref="12968767122"/>
    <nd ref="522007752"/>
    <nd ref="522008343"/>
    <nd ref="12968767190"/>
    <nd ref="12968767123"/>
    <nd ref="522004207"/>
    <nd ref="12968767117"/>
    <nd ref="12968767118"/>
    <nd ref="12968767116"/>
    <nd ref="522007625"/>
    <nd ref="12968767119"/>
    <nd ref="12968767120"/>
    <nd ref="522002568"/>
    <nd ref="12968767124"/>
    <nd ref="522006276"/>
    <nd ref="12968767128"/>
    <nd ref="12968767130"/>
    <nd ref="12968767129"/>
    <nd ref="522005253"/>
    <nd ref="522005465"/>
    <nd ref="522003120"/>
    <nd ref="522007920"/>
    <nd ref="522002456"/>
    <nd ref="522008439"/>
    <nd ref="522002924"/>
    <nd ref="522007455"/>
    <nd ref="522004760"/>
    <nd ref="522002688"/>
    <nd ref="522003235"/>
    <nd ref="522005644"/>
    <nd ref="522007130"/>
    <nd ref="12464204126"/>
    <nd ref="522004104"/>
    <nd ref="522003117"/>
    <nd ref="522004944"/>
    <nd ref="522005857"/>
    <nd ref="522003165"/>
    <nd ref="522005763"/>
    <nd ref="522006125"/>
    <nd ref="522005877"/>
    <nd ref="12968740367"/>
    <nd ref="522006178"/>
    <nd ref="522007718"/>
    <nd ref="522007957"/>
    <nd ref="522003867"/>
    <nd ref="522007579"/>
    <nd ref="12464204271"/>
    <nd ref="12968767061"/>
    <nd ref="522008132"/>
    <nd ref="522004169"/>
    <nd ref="522005377"/>
    <nd ref="522007345"/>
    <nd ref="522007177"/>
    <nd ref="522005121"/>
    <nd ref="522003951"/>
    <nd ref="522007648"/>
    <nd ref="522005440"/>
    <nd ref="522005017"/>
    <nd ref="522008045"/>
    <nd ref="522007878"/>
    <nd ref="522009040"/>
    <nd ref="522004650"/>
    <nd ref="522004865"/>
    <nd ref="522003025"/>
    <nd ref="522003029"/>
    <nd ref="522007194"/>
    <nd ref="522005302"/>
    <nd ref="522004898"/>
    <nd ref="522005401"/>
    <nd ref="12968578389"/>
    <nd ref="522005479"/>
    <nd ref="522007828"/>
    <nd ref="522009025"/>
    <nd ref="522006678"/>
    <nd ref="522002663"/>
    <nd ref="12968578388"/>
    <nd ref="522006330"/>
    <nd ref="522004452"/>
    <nd ref="12181426345"/>
    <nd ref="522006010"/>
    <nd ref="12181426344"/>
    <nd ref="522007010"/>
    <nd ref="12181426343"/>
    <nd ref="12181426342"/>
    <nd ref="522007008"/>
    <nd ref="12181426347"/>
    <nd ref="12181426346"/>
    <nd ref="522003454"/>
    <nd ref="522007826"/>
    <nd ref="522005477"/>
    <nd ref="12968578390"/>
    <nd ref="522005130"/>
    <nd ref="522005388"/>
    <nd ref="522007597"/>
    <nd ref="522008172"/>
    <nd ref="12968578391"/>
    <nd ref="522005847"/>
    <nd ref="522002400"/>
    <nd ref="12968578153"/>
    <nd ref="522006318"/>
    <nd ref="522005480"/>
    <nd ref="522002389"/>
    <nd ref="522005633"/>
    <nd ref="522008826"/>
    <nd ref="522008306"/>
    <nd ref="522008883"/>
    <nd ref="522004440"/>
    <nd ref="522009130"/>
    <nd ref="522003079"/>
    <nd ref="522005816"/>
    <nd ref="522005427"/>
    <nd ref="522009042"/>
    <nd ref="522005337"/>
    <nd ref="522004619"/>
    <nd ref="522007441"/>
    <nd ref="522003405"/>
    <nd ref="522003412"/>
    <nd ref="522004433"/>
    <nd ref="522003134"/>
    <nd ref="522003177"/>
    <nd ref="522007719"/>
    <nd ref="522002972"/>
    <nd ref="522003011"/>
    <nd ref="522003985"/>
    <nd ref="12968531315"/>
    <nd ref="522007246"/>
    <nd ref="522007741"/>
    <nd ref="522005142"/>
    <nd ref="522004183"/>
    <nd ref="12968531284"/>
    <nd ref="522006370"/>
    <nd ref="522006697"/>
    <nd ref="522004451"/>
    <nd ref="522005047"/>
    <nd ref="522003139"/>
    <nd ref="522008713"/>
    <nd ref="522007398"/>
    <nd ref="12968475874"/>
    <nd ref="1083093908"/>
    <nd ref="522007192"/>
    <nd ref="522005485"/>
    <nd ref="522005516"/>
    <nd ref="522008266"/>
    <nd ref="522005972"/>
    <nd ref="522005876"/>
    <nd ref="522005623"/>
    <nd ref="12968660215"/>
    <nd ref="522003389"/>
    <nd ref="12968660214"/>
    <nd ref="522006922"/>
    <nd ref="12968660216"/>
    <nd ref="522007484"/>
    <nd ref="12968660218"/>
    <nd ref="12968660217"/>
    <nd ref="12968660219"/>
    <nd ref="522003309"/>
    <nd ref="522006247"/>
    <nd ref="522003237"/>
    <nd ref="522005798"/>
    <nd ref="522006187"/>
    <nd ref="522007285"/>
    <nd ref="522007726"/>
    <nd ref="522004934"/>
    <nd ref="522005946"/>
    <nd ref="529532666"/>
    <nd ref="529519789"/>
    <nd ref="522008922"/>
    <nd ref="529518817"/>
    <nd ref="529523575"/>
    <nd ref="522005169"/>
    <nd ref="529530448"/>
    <nd ref="529531825"/>
    <nd ref="522004068"/>
    <nd ref="522004634"/>
    <nd ref="529519524"/>
    <nd ref="529515299"/>
    <nd ref="529518334"/>
    <nd ref="529520061"/>
    <nd ref="522008434"/>
    <nd ref="522004677"/>
    <nd ref="529532963"/>
    <nd ref="522008849"/>
    <nd ref="12968603506"/>
    <nd ref="522005699"/>
    <nd ref="529533364"/>
    <nd ref="529529233"/>
    <nd ref="522004387"/>
    <nd ref="529517033"/>
    <nd ref="529525961"/>
    <nd ref="522007356"/>
    <nd ref="529525308"/>
    <nd ref="522008191"/>
    <nd ref="529521981"/>
    <nd ref="529522417"/>
    <nd ref="529516390"/>
    <nd ref="522008837"/>
    <nd ref="529523121"/>
    <nd ref="12181437951"/>
    <nd ref="522008876"/>
    <nd ref="12181415154"/>
    <nd ref="12181415164"/>
    <nd ref="522007200"/>
    <nd ref="522005089"/>
    <nd ref="529526684"/>
    <nd ref="529520733"/>
    <nd ref="529517161"/>
    <nd ref="529523619"/>
    <nd ref="522004981"/>
    <nd ref="522006800"/>
    <nd ref="529532737"/>
    <nd ref="522005596"/>
    <nd ref="529519714"/>
    <nd ref="522004281"/>
    <nd ref="529516669"/>
    <nd ref="522006349"/>
    <nd ref="529526477"/>
    <nd ref="522007482"/>
    <nd ref="522007439"/>
    <nd ref="529532170"/>
    <nd ref="529530035"/>
    <nd ref="522007963"/>
    <nd ref="529523175"/>
    <nd ref="529525215"/>
    <nd ref="529516749"/>
    <nd ref="522005954"/>
    <nd ref="529520669"/>
    <nd ref="529524002"/>
    <nd ref="522003984"/>
    <nd ref="522006991"/>
    <nd ref="522009038"/>
    <nd ref="529532124"/>
    <nd ref="529524743"/>
    <nd ref="529518012"/>
    <nd ref="529531034"/>
    <nd ref="529522208"/>
    <nd ref="522003569"/>
    <nd ref="529529623"/>
    <nd ref="529521903"/>
    <nd ref="529515900"/>
    <nd ref="522006685"/>
    <nd ref="522006168"/>
    <nd ref="529519668"/>
    <nd ref="529527404"/>
    <nd ref="529517756"/>
    <nd ref="522005136"/>
    <nd ref="522003505"/>
    <nd ref="529524940"/>
    <nd ref="522002582"/>
    <nd ref="522008595"/>
    <nd ref="529519560"/>
    <nd ref="529517563"/>
    <nd ref="522005780"/>
    <nd ref="522004655"/>
    <nd ref="522002428"/>
    <nd ref="529532786"/>
    <nd ref="522002774"/>
    <nd ref="522007474"/>
    <nd ref="522007838"/>
    <nd ref="522004063"/>
    <nd ref="522002724"/>
    <nd ref="529515978"/>
    <nd ref="522005606"/>
    <nd ref="529532605"/>
    <nd ref="522008167"/>
    <nd ref="522006256"/>
    <nd ref="529527839"/>
    <nd ref="529521487"/>
    <nd ref="522003344"/>
    <nd ref="522006205"/>
    <nd ref="522002949"/>
    <nd ref="522008962"/>
    <nd ref="529532011"/>
    <nd ref="522003727"/>
    <nd ref="529517373"/>
    <nd ref="529519991"/>
    <nd ref="529517377"/>
    <nd ref="522005497"/>
    <nd ref="522008967"/>
    <nd ref="529515862"/>
    <nd ref="529519592"/>
    <nd ref="522002910"/>
    <nd ref="529526322"/>
    <nd ref="522005774"/>
    <nd ref="529533026"/>
    <nd ref="522003121"/>
    <nd ref="522006419"/>
    <nd ref="529516251"/>
    <nd ref="522002496"/>
    <nd ref="529521967"/>
    <nd ref="529534022"/>
    <nd ref="12181397971"/>
    <nd ref="522004480"/>
    <nd ref="522007877"/>
    <nd ref="12181447441"/>
    <nd ref="529530485"/>
    <nd ref="12181447448"/>
    <nd ref="522004015"/>
    <nd ref="529517348"/>
    <nd ref="529524618"/>
    <nd ref="522005765"/>
    <nd ref="12181447463"/>
    <nd ref="529529378"/>
    <nd ref="529532150"/>
    <nd ref="522005436"/>
    <nd ref="12181447477"/>
    <nd ref="522004641"/>
    <nd ref="522007926"/>
    <nd ref="529520842"/>
    <nd ref="529530236"/>
    <nd ref="529532999"/>
    <nd ref="522006833"/>
    <nd ref="12181447506"/>
    <nd ref="522004950"/>
    <nd ref="522002762"/>
    <nd ref="522004441"/>
    <nd ref="529526619"/>
    <nd ref="522004886"/>
    <nd ref="522008964"/>
    <nd ref="12181435660"/>
    <nd ref="522006274"/>
    <nd ref="522005568"/>
    <nd ref="529532577"/>
    <nd ref="522007004"/>
    <nd ref="522006237"/>
    <nd ref="529532294"/>
    <nd ref="529528884"/>
    <nd ref="522002618"/>
    <nd ref="522008587"/>
    <nd ref="529525976"/>
    <nd ref="529519637"/>
    <nd ref="522008039"/>
    <nd ref="529521097"/>
    <nd ref="522004133"/>
    <nd ref="522008895"/>
    <nd ref="522007982"/>
    <nd ref="529526284"/>
    <nd ref="522004107"/>
    <nd ref="522007562"/>
    <nd ref="522006861"/>
    <nd ref="522003542"/>
    <nd ref="522008328"/>
    <nd ref="529529344"/>
    <nd ref="522004463"/>
    <nd ref="522003478"/>
    <nd ref="529526659"/>
    <nd ref="522005494"/>
    <nd ref="529533174"/>
    <nd ref="522008044"/>
    <nd ref="522006170"/>
    <nd ref="529528809"/>
    <nd ref="522004147"/>
    <nd ref="529530482"/>
    <nd ref="522006131"/>
    <nd ref="522004110"/>
    <nd ref="529521891"/>
    <nd ref="522005709"/>
    <nd ref="529524534"/>
    <nd ref="529529184"/>
    <nd ref="529518821"/>
    <nd ref="529522448"/>
    <nd ref="1083076264"/>
    <nd ref="529518603"/>
    <nd ref="522007460"/>
    <nd ref="522005309"/>
    <nd ref="529523914"/>
    <nd ref="522007047"/>
    <nd ref="522007820"/>
    <nd ref="522005936"/>
    <nd ref="529531856"/>
    <nd ref="522003955"/>
    <nd ref="529526381"/>
    <nd ref="529515491"/>
    <nd ref="529528861"/>
    <nd ref="522004118"/>
    <nd ref="529527316"/>
    <nd ref="529517084"/>
    <nd ref="529528721"/>
    <nd ref="529517816"/>
    <nd ref="529531237"/>
    <nd ref="529529719"/>
    <nd ref="529527520"/>
    <nd ref="529525689"/>
    <nd ref="529530547"/>
    <nd ref="529533482"/>
    <nd ref="529516286"/>
    <nd ref="529524027"/>
    <nd ref="529527072"/>
    <nd ref="529530716"/>
    <nd ref="529532168"/>
    <nd ref="529520266"/>
    <nd ref="529524270"/>
    <nd ref="529530290"/>
    <nd ref="529528930"/>
    <nd ref="529516164"/>
    <nd ref="529533007"/>
    <nd ref="529520814"/>
    <nd ref="529525350"/>
    <nd ref="529529797"/>
    <nd ref="529517422"/>
    <nd ref="529532322"/>
    <nd ref="529530972"/>
    <nd ref="529529769"/>
    <nd ref="529520783"/>
    <nd ref="529516120"/>
    <nd ref="529531889"/>
    <nd ref="529531721"/>
    <nd ref="529519759"/>
    <nd ref="529516709"/>
    <nd ref="529528833"/>
    <nd ref="529527447"/>
    <nd ref="529526205"/>
    <nd ref="529529337"/>
    <nd ref="529525191"/>
    <nd ref="529523627"/>
    <nd ref="529528846"/>
    <nd ref="529533566"/>
    <nd ref="529525846"/>
    <nd ref="529530372"/>
    <nd ref="529524130"/>
    <nd ref="529530313"/>
    <nd ref="529530617"/>
    <nd ref="529528950"/>
    <nd ref="529519797"/>
    <nd ref="529532036"/>
    <nd ref="529516628"/>
    <nd ref="529532712"/>
    <nd ref="529532952"/>
    <nd ref="529524014"/>
    <nd ref="529530835"/>
    <nd ref="529524852"/>
    <nd ref="529530930"/>
    <nd ref="529519040"/>
    <nd ref="529521024"/>
    <nd ref="529532852"/>
    <nd ref="529532620"/>
    <nd ref="529529968"/>
    <nd ref="529520792"/>
    <nd ref="529528814"/>
    <nd ref="529525316"/>
    <nd ref="529527336"/>
    <nd ref="529522393"/>
    <nd ref="529524069"/>
    <nd ref="529515785"/>
    <nd ref="9978727226"/>
    <nd ref="9978727227"/>
    <nd ref="529530230"/>
    <nd ref="529516915"/>
    <nd ref="529520142"/>
    <nd ref="529522484"/>
    <nd ref="529519358"/>
    <nd ref="529518418"/>
    <nd ref="529529454"/>
    <nd ref="529515344"/>
    <nd ref="529529501"/>
    <nd ref="529529369"/>
    <nd ref="529521660"/>
    <nd ref="529519655"/>
    <nd ref="529516792"/>
    <nd ref="529518533"/>
    <nd ref="529530588"/>
    <nd ref="529521948"/>
    <nd ref="529524096"/>
    <nd ref="529530270"/>
    <nd ref="529529465"/>
    <nd ref="529519818"/>
    <nd ref="529531317"/>
    <nd ref="529516632"/>
    <nd ref="529533456"/>
    <nd ref="529522236"/>
    <nd ref="529526707"/>
    <nd ref="529531062"/>
    <nd ref="529533390"/>
    <nd ref="529516780"/>
    <nd ref="529519432"/>
    <nd ref="529523921"/>
    <nd ref="529529374"/>
    <nd ref="529531229"/>
    <nd ref="529515834"/>
    <nd ref="529518408"/>
    <nd ref="529521696"/>
    <nd ref="529531255"/>
    <nd ref="529526256"/>
    <nd ref="529523530"/>
    <nd ref="529515950"/>
    <nd ref="529518613"/>
    <tag k="highway" v="primary"/>
    <tag k="lanes" v="2"/>
    <tag k="name" v="Lytton-Lillooet Highway"/>
    <tag k="ref" v="BC 12"/>
  </way>
  <way id="42044799">
    <nd ref="522006896"/>
    <nd ref="522005745"/>
    <nd ref="522005366"/>
    <nd ref="522003251"/>
    <nd ref="522003653"/>
    <nd ref="522004145"/>
    <nd ref="522005438"/>
    <nd ref="522007307"/>
    <nd ref="522006209"/>
    <nd ref="522007644"/>
    <nd ref="522002944"/>
    <nd ref="522003031"/>
    <nd ref="522002965"/>
    <nd ref="522003308"/>
    <nd ref="522002713"/>
    <nd ref="522004728"/>
    <nd ref="522007332"/>
    <nd ref="522003322"/>
    <nd ref="522009046"/>
    <nd ref="522004158"/>
    <nd ref="522006136"/>
    <nd ref="522003902"/>
    <nd ref="522004237"/>
    <nd ref="522006625"/>
    <nd ref="522008913"/>
    <nd ref="522007722"/>
    <nd ref="522003986"/>
    <nd ref="522006824"/>
    <nd ref="522007728"/>
    <nd ref="522007884"/>
    <nd ref="522002716"/>
    <nd ref="522003004"/>
    <nd ref="522006658"/>
    <nd ref="522005333"/>
    <nd ref="522006199"/>
    <nd ref="522007066"/>
    <nd ref="522004658"/>
    <nd ref="522008909"/>
    <nd ref="522009033"/>
    <nd ref="522005492"/>
    <nd ref="522003731"/>
    <nd ref="522005557"/>
    <nd ref="522006848"/>
    <nd ref="522007924"/>
    <nd ref="522003278"/>
    <nd ref="522005731"/>
    <nd ref="522005434"/>
    <nd ref="522002832"/>
    <nd ref="522006612"/>
    <nd ref="522005755"/>
    <nd ref="522005331"/>
    <nd ref="522007703"/>
    <nd ref="522005705"/>
    <nd ref="522004142"/>
    <nd ref="522006964"/>
    <nd ref="522008966"/>
    <nd ref="522004445"/>
    <nd ref="522003387"/>
    <nd ref="522008808"/>
    <nd ref="522007217"/>
    <nd ref="522005099"/>
    <nd ref="12204661374"/>
    <nd ref="522002778"/>
    <nd ref="522006892"/>
    <nd ref="522002808"/>
    <nd ref="522008994"/>
    <nd ref="522002437"/>
    <nd ref="522003088"/>
    <nd ref="522008310"/>
    <nd ref="11126633909"/>
    <nd ref="522006021"/>
    <nd ref="522003772"/>
    <nd ref="522003533"/>
    <nd ref="522004614"/>
    <nd ref="522003096"/>
    <nd ref="522006940"/>
    <nd ref="522007076"/>
    <nd ref="522005846"/>
    <nd ref="522006269"/>
    <nd ref="522004324"/>
    <nd ref="522009057"/>
    <nd ref="522007001"/>
    <nd ref="11126634481"/>
    <nd ref="522006381"/>
    <nd ref="522007940"/>
    <nd ref="522008979"/>
    <nd ref="522005828"/>
    <nd ref="11126634427"/>
    <nd ref="522003754"/>
    <nd ref="522005448"/>
    <nd ref="522007661"/>
    <nd ref="522008321"/>
    <nd ref="11126634417"/>
    <nd ref="522002880"/>
    <nd ref="522005095"/>
    <nd ref="522002960"/>
    <nd ref="522006036"/>
    <nd ref="522004115"/>
    <nd ref="522009065"/>
    <nd ref="522008469"/>
    <nd ref="522004707"/>
    <nd ref="522007739"/>
    <nd ref="522003282"/>
    <nd ref="522003241"/>
    <nd ref="522007003"/>
    <nd ref="522003430"/>
    <nd ref="522008259"/>
    <nd ref="522003070"/>
    <nd ref="522004598"/>
    <nd ref="522005218"/>
    <nd ref="522006858"/>
    <nd ref="522008097"/>
    <nd ref="522006643"/>
    <nd ref="522008099"/>
    <nd ref="522006831"/>
    <tag k="highway" v="residential"/>
    <tag k="lanes" v="2"/>
    <tag k="name" v="North Spencer Road"/>
    <tag k="surface" v="unpaved"/>
  </way>
  <way id="42044816">
    <nd ref="522008213"/>
    <nd ref="522005955"/>
    <tag k="attribution" v="GeoBase®"/>
    <tag k="geobase:acquisitionTechnique" v="GPS"/>
    <tag k="geobase:datasetName" v="NRN:British Columbia"/>
    <tag k="geobase:uuid" v="df9663e64cde11db8123000ea65e52d8"/>
    <tag k="highway" v="residential"/>
    <tag k="is_in" v="Lytton,British Columbia"/>
    <tag k="lanes" v="2"/>
    <tag k="name" v="Old Wagon Road"/>
    <tag k="source" v="Geobase_Import_2009"/>
    <tag k="surface" v="unpaved"/>
  </way>
  <way id="42044820">
    <nd ref="522008050"/>
    <nd ref="522004670"/>
    <nd ref="522006723"/>
    <nd ref="522003407"/>
    <nd ref="522008660"/>
    <nd ref="522002747"/>
    <nd ref="522005850"/>
    <tag k="attribution" v="GeoBase®"/>
    <tag k="geobase:acquisitionTechnique" v="GPS"/>
    <tag k="geobase:datasetName" v="NRN:British Columbia"/>
    <tag k="geobase:uuid" v="01a033904cdf11db8123000ea65e52d8"/>
    <tag k="highway" v="residential"/>
    <tag k="is_in" v="Lytton,British Columbia"/>
    <tag k="lanes" v="2"/>
    <tag k="name" v="Dunstan Road"/>
    <tag k="source" v="Geobase_Import_2009"/>
    <tag k="surface" v="unpaved"/>
  </way>
  <way id="42044857">
    <nd ref="522006854"/>
    <nd ref="522008098"/>
    <nd ref="522003305"/>
    <nd ref="522003546"/>
    <nd ref="522006979"/>
    <nd ref="522002795"/>
    <nd ref="522009124"/>
    <nd ref="522006846"/>
    <tag k="attribution" v="GeoBase®"/>
    <tag k="geobase:acquisitionTechnique" v="GPS"/>
    <tag k="highway" v="residential"/>
    <tag k="is_in" v="Lytton,British Columbia"/>
    <tag k="lanes" v="2"/>
    <tag k="name" v="Two Mile Road"/>
    <tag k="source" v="Geobase_Import_2009"/>
    <tag k="surface" v="unpaved"/>
  </way>
  <way id="42044862">
    <nd ref="522005788"/>
    <nd ref="522008822"/>
    <nd ref="522007572"/>
    <nd ref="522008904"/>
    <nd ref="522006966"/>
    <nd ref="522005466"/>
    <nd ref="5535191100"/>
    <nd ref="522003550"/>
    <nd ref="522002953"/>
    <nd ref="522003318"/>
    <nd ref="522004223"/>
    <nd ref="522003983"/>
    <nd ref="522005577"/>
    <tag k="attribution" v="GeoBase®"/>
    <tag k="geobase:acquisitionTechnique" v="GPS"/>
    <tag k="highway" v="service"/>
    <tag k="is_in" v="Lytton,British Columbia"/>
    <tag k="lanes" v="2"/>
    <tag k="source" v="Geobase_Import_2009"/>
    <tag k="surface" v="unpaved"/>
  </way>
  <way id="42047741">
    <nd ref="13476412797"/>
    <nd ref="13206978734"/>
    <nd ref="339373588"/>
    <nd ref="521022016"/>
    <nd ref="30447023"/>
    <nd ref="12850080385"/>
    <nd ref="30447024"/>
    <nd ref="3928031790"/>
    <tag k="highway" v="trunk"/>
    <tag k="lanes" v="2"/>
    <tag k="maxspeed" v="100"/>
    <tag k="name" v="Trans-Canada Highway"/>
    <tag k="ref" v="1"/>
  </way>
  <way id="54829975">
    <nd ref="274739520"/>
    <nd ref="11974537589"/>
    <nd ref="11974537588"/>
    <nd ref="274739522"/>
    <nd ref="1074587624"/>
    <nd ref="11974537587"/>
    <nd ref="11974537586"/>
    <nd ref="11974537585"/>
    <nd ref="11974537584"/>
    <nd ref="274739526"/>
    <nd ref="1074587625"/>
    <nd ref="11974537569"/>
    <nd ref="1074587622"/>
    <nd ref="11974537570"/>
    <nd ref="11974537571"/>
    <nd ref="1074587623"/>
    <nd ref="11974537572"/>
    <nd ref="11974537573"/>
    <nd ref="11974537574"/>
    <nd ref="274739530"/>
    <nd ref="11974537575"/>
    <nd ref="11974537576"/>
    <nd ref="11974537577"/>
    <nd ref="11974537578"/>
    <nd ref="11974537579"/>
    <nd ref="11974537580"/>
    <nd ref="1345986740"/>
    <nd ref="11974537581"/>
    <nd ref="11974537582"/>
    <nd ref="11974537583"/>
    <nd ref="274739543"/>
    <nd ref="1345990045"/>
    <nd ref="274739548"/>
    <nd ref="1074587515"/>
    <nd ref="1074587491"/>
    <nd ref="1074587508"/>
    <nd ref="274739552"/>
    <nd ref="2298361872"/>
    <nd ref="274739556"/>
    <nd ref="2298361871"/>
    <nd ref="1074587510"/>
    <nd ref="274739560"/>
    <nd ref="2298361868"/>
    <nd ref="2298361863"/>
    <nd ref="274739563"/>
    <nd ref="1074587482"/>
    <nd ref="274739568"/>
    <nd ref="274739576"/>
    <nd ref="1074587533"/>
    <nd ref="274739585"/>
    <nd ref="2298361715"/>
    <nd ref="2298361700"/>
    <nd ref="274739589"/>
    <nd ref="274739590"/>
    <nd ref="1074587479"/>
    <nd ref="1074587511"/>
    <nd ref="1074587486"/>
    <nd ref="1074587499"/>
    <nd ref="274739593"/>
    <nd ref="1074587496"/>
    <nd ref="1074587535"/>
    <nd ref="1074587490"/>
    <nd ref="274739599"/>
    <nd ref="1074587514"/>
    <nd ref="1074587487"/>
    <nd ref="1074587522"/>
    <nd ref="274739602"/>
    <nd ref="1074587523"/>
    <nd ref="2298360915"/>
    <nd ref="1074587480"/>
    <nd ref="274739606"/>
    <nd ref="1074587484"/>
    <nd ref="1074587502"/>
    <nd ref="1074587532"/>
    <nd ref="274739609"/>
    <nd ref="1074587488"/>
    <nd ref="1074587500"/>
    <nd ref="1074587503"/>
    <nd ref="1074587516"/>
    <nd ref="2298360968"/>
    <nd ref="1074587498"/>
    <nd ref="274739613"/>
    <nd ref="1074587492"/>
    <nd ref="274739619"/>
    <nd ref="1074587512"/>
    <nd ref="1074587505"/>
    <nd ref="274739623"/>
    <nd ref="1074587518"/>
    <nd ref="1074587497"/>
    <nd ref="274739630"/>
    <nd ref="1074587485"/>
    <nd ref="1074587509"/>
    <nd ref="2298361615"/>
    <nd ref="1074587529"/>
    <nd ref="1074587501"/>
    <nd ref="1074587489"/>
    <nd ref="274739636"/>
    <nd ref="1074587525"/>
    <nd ref="1074587528"/>
    <nd ref="274739641"/>
    <nd ref="1074587526"/>
    <nd ref="1074587521"/>
    <nd ref="2298361429"/>
    <nd ref="1074587483"/>
    <nd ref="6653509968"/>
    <nd ref="274739648"/>
    <nd ref="1074587517"/>
    <nd ref="1074587494"/>
    <nd ref="2298361323"/>
    <nd ref="1074587513"/>
    <nd ref="2298361297"/>
    <nd ref="274739653"/>
    <nd ref="1074587530"/>
    <nd ref="1074587507"/>
    <nd ref="1106910743"/>
    <nd ref="1074587493"/>
    <nd ref="1074587536"/>
    <nd ref="2298360825"/>
    <nd ref="2298360815"/>
    <nd ref="1074587531"/>
    <nd ref="2298360798"/>
    <nd ref="1074587527"/>
    <nd ref="274739660"/>
    <nd ref="1074587519"/>
    <nd ref="1074587478"/>
    <nd ref="2298360760"/>
    <nd ref="1074587481"/>
    <nd ref="1074587524"/>
    <nd ref="2298360692"/>
    <nd ref="2298360684"/>
    <nd ref="2298360675"/>
    <nd ref="2298360668"/>
    <nd ref="1074587495"/>
    <nd ref="1074587506"/>
    <nd ref="274739663"/>
    <nd ref="1074587504"/>
    <nd ref="1074587534"/>
    <nd ref="274739667"/>
    <nd ref="336493765"/>
    <nd ref="336493758"/>
    <nd ref="1074583446"/>
    <nd ref="336493751"/>
    <nd ref="336493747"/>
    <nd ref="274739671"/>
    <nd ref="1344062128"/>
    <nd ref="336493742"/>
    <nd ref="336493735"/>
    <nd ref="9007992643"/>
    <nd ref="775460875"/>
    <nd ref="274739675"/>
    <nd ref="2303026419"/>
    <nd ref="274739678"/>
    <nd ref="775460997"/>
    <nd ref="274739682"/>
    <nd ref="2303026346"/>
    <nd ref="274739686"/>
    <nd ref="274739689"/>
    <nd ref="274739696"/>
    <nd ref="2303026232"/>
    <nd ref="274739701"/>
    <nd ref="2303026176"/>
    <nd ref="2303026177"/>
    <nd ref="274739707"/>
    <nd ref="1073395122"/>
    <nd ref="274739711"/>
    <nd ref="274739714"/>
    <nd ref="1073395128"/>
    <nd ref="1073395184"/>
    <nd ref="274739718"/>
    <nd ref="2303026021"/>
    <nd ref="274739722"/>
    <nd ref="1073395141"/>
    <nd ref="274739725"/>
    <nd ref="1073395181"/>
    <nd ref="274739729"/>
    <nd ref="1073395152"/>
    <nd ref="1073395161"/>
    <nd ref="1073395146"/>
    <nd ref="1073395165"/>
    <nd ref="274739732"/>
    <nd ref="2303025603"/>
    <nd ref="1073395158"/>
    <nd ref="274739736"/>
    <nd ref="1073395155"/>
    <nd ref="1073395149"/>
    <nd ref="274739742"/>
    <nd ref="274739747"/>
    <nd ref="2303025311"/>
    <nd ref="1073395125"/>
    <nd ref="11301855402"/>
    <nd ref="1073395118"/>
    <nd ref="274739750"/>
    <nd ref="1073395131"/>
    <nd ref="274739754"/>
    <nd ref="274739757"/>
    <nd ref="274739758"/>
    <nd ref="1071190647"/>
    <nd ref="274739762"/>
    <nd ref="1071190635"/>
    <nd ref="274739767"/>
    <nd ref="1071190725"/>
    <nd ref="1071190701"/>
    <nd ref="274739770"/>
    <nd ref="11328907942"/>
    <nd ref="1071190672"/>
    <nd ref="1071190503"/>
    <nd ref="1071190538"/>
    <nd ref="274739773"/>
    <nd ref="1071190748"/>
    <nd ref="1071190610"/>
    <nd ref="1071190480"/>
    <nd ref="274739776"/>
    <nd ref="1071190534"/>
    <nd ref="1071190737"/>
    <nd ref="274739787"/>
    <nd ref="1071190591"/>
    <nd ref="1071190642"/>
    <nd ref="274739790"/>
    <nd ref="1071190602"/>
    <nd ref="1071190598"/>
    <nd ref="274739793"/>
    <nd ref="1071190617"/>
    <nd ref="1071190660"/>
    <nd ref="274739797"/>
    <nd ref="1071190493"/>
    <nd ref="274739798"/>
    <nd ref="1071190729"/>
    <nd ref="1071190696"/>
    <nd ref="1071190605"/>
    <nd ref="274739799"/>
    <nd ref="11963975117"/>
    <nd ref="11963975116"/>
    <nd ref="11963975115"/>
    <nd ref="1071190496"/>
    <nd ref="11963975114"/>
    <nd ref="11963975113"/>
    <nd ref="274739800"/>
    <nd ref="1071190665"/>
    <nd ref="1071190741"/>
    <nd ref="11963975112"/>
    <nd ref="11963975111"/>
    <nd ref="11963975110"/>
    <nd ref="1071190746"/>
    <nd ref="11963975109"/>
    <nd ref="1071190675"/>
    <nd ref="11963975108"/>
    <nd ref="1071190482"/>
    <nd ref="11963975107"/>
    <nd ref="11963975106"/>
    <nd ref="274739803"/>
    <nd ref="11963975105"/>
    <nd ref="11963975104"/>
    <nd ref="11963975103"/>
    <nd ref="11963975102"/>
    <nd ref="11963975101"/>
    <nd ref="11963975100"/>
    <nd ref="11963975099"/>
    <nd ref="1071190499"/>
    <nd ref="11963975098"/>
    <nd ref="11963975097"/>
    <nd ref="11963975096"/>
    <nd ref="11963975095"/>
    <nd ref="1071190692"/>
    <nd ref="11963975094"/>
    <nd ref="11963975093"/>
    <nd ref="1071190687"/>
    <nd ref="11963975092"/>
    <nd ref="11963975091"/>
    <nd ref="11963975090"/>
    <nd ref="11963975089"/>
    <nd ref="1071190490"/>
    <nd ref="11963975088"/>
    <nd ref="11963975087"/>
    <nd ref="274739808"/>
    <nd ref="11963975086"/>
    <nd ref="1071190705"/>
    <nd ref="11963975085"/>
    <nd ref="11963975084"/>
    <nd ref="1071190631"/>
    <nd ref="11963975083"/>
    <nd ref="274739814"/>
    <nd ref="11963975082"/>
    <nd ref="11963975080"/>
    <nd ref="11963975081"/>
    <nd ref="11963975079"/>
    <nd ref="274739817"/>
    <nd ref="11963975078"/>
    <nd ref="1071190561"/>
    <nd ref="11963975077"/>
    <nd ref="11963975075"/>
    <nd ref="11963975074"/>
    <nd ref="1071190681"/>
    <nd ref="11963975073"/>
    <nd ref="11963975072"/>
    <nd ref="11963975071"/>
    <nd ref="1071190487"/>
    <nd ref="11963975070"/>
    <nd ref="11963975069"/>
    <nd ref="1071190596"/>
    <nd ref="11963921168"/>
    <nd ref="11963921167"/>
    <nd ref="11963921166"/>
    <nd ref="274739821"/>
    <nd ref="11963921165"/>
    <nd ref="11963921164"/>
    <nd ref="11963921163"/>
    <nd ref="1071190546"/>
    <nd ref="11963921162"/>
    <nd ref="11963921161"/>
    <nd ref="1071190550"/>
    <nd ref="11963921160"/>
    <nd ref="11963921159"/>
    <nd ref="11963921158"/>
    <nd ref="11963921157"/>
    <nd ref="11963921156"/>
    <nd ref="11963921155"/>
    <nd ref="11963921154"/>
    <nd ref="1071190656"/>
    <nd ref="11963921153"/>
    <nd ref="11963921151"/>
    <nd ref="11963921152"/>
    <nd ref="274739824"/>
    <nd ref="11963921150"/>
    <nd ref="11963921149"/>
    <nd ref="1071190651"/>
    <nd ref="1071190536"/>
    <nd ref="11963921148"/>
    <nd ref="11963921147"/>
    <nd ref="274739826"/>
    <nd ref="11963921146"/>
    <nd ref="2303077767"/>
    <nd ref="11963921145"/>
    <nd ref="11963921144"/>
    <nd ref="11963921143"/>
    <nd ref="1071190555"/>
    <nd ref="11963921142"/>
    <nd ref="11963921141"/>
    <nd ref="11963921140"/>
    <nd ref="1071190733"/>
    <nd ref="11963921139"/>
    <nd ref="11963921138"/>
    <nd ref="1071190541"/>
    <nd ref="11963921137"/>
    <nd ref="11963921136"/>
    <nd ref="11963921135"/>
    <nd ref="11963921134"/>
    <nd ref="11963921132"/>
    <nd ref="11963921133"/>
    <nd ref="274739830"/>
    <nd ref="11963921131"/>
    <nd ref="11963921130"/>
    <nd ref="11963921129"/>
    <nd ref="1071868630"/>
    <nd ref="11963921128"/>
    <nd ref="11963921127"/>
    <nd ref="1071868952"/>
    <nd ref="11963921126"/>
    <nd ref="274739834"/>
    <nd ref="11963921125"/>
    <nd ref="11963921124"/>
    <nd ref="11963921123"/>
    <nd ref="1071161879"/>
    <nd ref="11963921122"/>
    <nd ref="274739840"/>
    <nd ref="11963921121"/>
    <nd ref="11963921120"/>
    <nd ref="11963921119"/>
    <nd ref="1071161130"/>
    <nd ref="11963921118"/>
    <nd ref="274739847"/>
    <nd ref="1071161282"/>
    <nd ref="11963921117"/>
    <nd ref="1071161369"/>
    <nd ref="274739854"/>
    <nd ref="1071161413"/>
    <nd ref="1071162057"/>
    <nd ref="274739861"/>
    <nd ref="1071161299"/>
    <nd ref="274739868"/>
    <nd ref="1071161132"/>
    <nd ref="1071161454"/>
    <nd ref="1071162139"/>
    <nd ref="1071161635"/>
    <nd ref="1071020044"/>
    <nd ref="274739875"/>
    <nd ref="1071019038"/>
    <nd ref="274739880"/>
    <nd ref="1071016990"/>
    <nd ref="274739883"/>
    <nd ref="1071020090"/>
    <nd ref="1071020259"/>
    <nd ref="1071019046"/>
    <nd ref="1071019761"/>
    <nd ref="1071019882"/>
    <nd ref="1071016848"/>
    <nd ref="2303077124"/>
    <nd ref="274739886"/>
    <nd ref="1071019690"/>
    <nd ref="1071016844"/>
    <nd ref="1071020187"/>
    <nd ref="274739890"/>
    <nd ref="1071019793"/>
    <nd ref="1071016797"/>
    <nd ref="274739894"/>
    <nd ref="1071020208"/>
    <nd ref="274739897"/>
    <nd ref="1071020292"/>
    <nd ref="274739901"/>
    <nd ref="1071017783"/>
    <nd ref="1071017206"/>
    <nd ref="1071017122"/>
    <nd ref="274739904"/>
    <nd ref="1071019981"/>
    <nd ref="11128887039"/>
    <nd ref="1071020099"/>
    <nd ref="1036867603"/>
    <nd ref="1070958504"/>
    <nd ref="1036867605"/>
    <nd ref="2303076878"/>
    <nd ref="2303076845"/>
    <nd ref="1036867607"/>
    <nd ref="274739907"/>
    <nd ref="1070957366"/>
    <nd ref="1070957726"/>
    <nd ref="1070959533"/>
    <nd ref="274739911"/>
    <nd ref="2303076718"/>
    <nd ref="1070957018"/>
    <nd ref="274739914"/>
    <nd ref="274739918"/>
    <nd ref="1070958240"/>
    <nd ref="274739924"/>
    <nd ref="1070957169"/>
    <nd ref="1070959009"/>
    <nd ref="274739930"/>
    <nd ref="2303112461"/>
    <nd ref="274739331"/>
    <tag k="name" v="Fraser River"/>
    <tag k="waterway" v="river"/>
  </way>
  <way id="62209436">
    <nd ref="775961489"/>
    <nd ref="775961196"/>
    <nd ref="775960902"/>
    <nd ref="775961566"/>
    <nd ref="775961274"/>
    <nd ref="775960977"/>
    <nd ref="6004353938"/>
    <nd ref="775960688"/>
    <nd ref="6004353937"/>
    <nd ref="775961351"/>
    <nd ref="775961057"/>
    <nd ref="6004353936"/>
    <nd ref="775960765"/>
    <nd ref="775961428"/>
    <nd ref="775961135"/>
    <nd ref="775960843"/>
    <nd ref="775961506"/>
    <nd ref="6004353935"/>
    <nd ref="775961212"/>
    <nd ref="775960919"/>
    <nd ref="775961584"/>
    <nd ref="775961292"/>
    <nd ref="775960995"/>
    <nd ref="775960707"/>
    <nd ref="775961370"/>
    <nd ref="1315834700"/>
    <nd ref="775961075"/>
    <nd ref="1315835494"/>
    <nd ref="775960783"/>
    <nd ref="775961445"/>
    <nd ref="775961153"/>
    <nd ref="775960861"/>
    <nd ref="775961145"/>
    <nd ref="775960853"/>
    <nd ref="775961516"/>
    <nd ref="6004353932"/>
    <nd ref="775961223"/>
    <nd ref="775961126"/>
    <nd ref="775960834"/>
    <nd ref="8143515909"/>
    <nd ref="775961497"/>
    <nd ref="775961204"/>
    <nd ref="775960910"/>
    <nd ref="775961574"/>
    <nd ref="775961282"/>
    <nd ref="6004353933"/>
    <nd ref="775960985"/>
    <nd ref="775960697"/>
    <nd ref="775961360"/>
    <nd ref="775960689"/>
    <nd ref="775961352"/>
    <nd ref="6004353934"/>
    <nd ref="775961058"/>
    <nd ref="775960766"/>
    <nd ref="775961429"/>
    <nd ref="775961136"/>
    <nd ref="12462532815"/>
    <nd ref="12462532814"/>
    <nd ref="12462532813"/>
    <nd ref="12462532812"/>
    <nd ref="12462532811"/>
    <nd ref="12462532810"/>
    <nd ref="12462532809"/>
    <nd ref="12462532808"/>
    <nd ref="12462532807"/>
    <nd ref="12462532806"/>
    <nd ref="12462532805"/>
    <nd ref="12462532804"/>
    <nd ref="12462532803"/>
    <nd ref="12462532802"/>
    <nd ref="12462532801"/>
    <nd ref="12462532800"/>
    <nd ref="12462532799"/>
    <nd ref="12462532598"/>
    <tag k="description" v="Thompson Subdivision"/>
    <tag k="electrified" v="no"/>
    <tag k="gauge" v="1435"/>
    <tag k="maxspeed" v="35 mph"/>
    <tag k="name" v="Thompson Subdivision"/>
    <tag k="note" v="importeddataremovewhendone"/>
    <tag k="operator" v="Canadian Pacific Kansas City"/>
    <tag k="operator:wikidata" v="Q117706368"/>
    <tag k="railway" v="rail"/>
    <tag k="reporting_marks" v="CPKC"/>
    <tag k="usage" v="main"/>
    <tag k="workrules" v="CA-CROR"/>
  </way>
  <way id="62209438">
    <nd ref="12462532598"/>
    <nd ref="12462532599"/>
    <tag k="bridge" v="yes"/>
    <tag k="description" v="Lytton Overpass MP 95.4"/>
    <tag k="electrified" v="no"/>
    <tag k="gauge" v="1435"/>
    <tag k="layer" v="1"/>
    <tag k="maxspeed" v="35 mph"/>
    <tag k="name" v="Thompson Subdivision"/>
    <tag k="note" v="importedbridge"/>
    <tag k="operator" v="Canadian Pacific Kansas City"/>
    <tag k="operator:wikidata" v="Q117706368"/>
    <tag k="railway" v="rail"/>
    <tag k="reporting_marks" v="CPKC"/>
    <tag k="usage" v="main"/>
    <tag k="workrules" v="CA-CROR"/>
  </way>
  <way id="62607122">
    <nd ref="775965898"/>
    <nd ref="775965876"/>
    <nd ref="775965885"/>
    <nd ref="775965895"/>
    <nd ref="775965873"/>
    <nd ref="775965882"/>
    <nd ref="775965891"/>
    <nd ref="775965871"/>
    <nd ref="775965880"/>
    <nd ref="775965889"/>
    <nd ref="783522753"/>
    <tag k="electrified" v="no"/>
    <tag k="gauge" v="1435"/>
    <tag k="maxspeed" v="30 mph"/>
    <tag k="name" v="Ashcroft Subdivision"/>
    <tag k="operator" v="Canadian National Railway"/>
    <tag k="railway" v="rail"/>
    <tag k="usage" v="main"/>
  </way>
  <way id="62607123">
    <nd ref="775965887"/>
    <nd ref="775965898"/>
    <tag k="bridge" v="yes"/>
    <tag k="electrified" v="no"/>
    <tag k="gauge" v="1435"/>
    <tag k="layer" v="1"/>
    <tag k="maxspeed" v="30 mph"/>
    <tag k="name" v="Fraser River Bridge"/>
    <tag k="operator" v="Canadian National Railway"/>
    <tag k="railway" v="rail"/>
    <tag k="usage" v="main"/>
  </way>
  <way id="94839063">
    <nd ref="520971713"/>
    <nd ref="520974487"/>
    <nd ref="520973626"/>
    <nd ref="520973358"/>
    <nd ref="520971957"/>
    <nd ref="520970738"/>
    <tag k="attribution" v="GeoBase®"/>
    <tag k="bridge" v="yes"/>
    <tag k="geobase:acquisitionTechnique" v="GPS"/>
    <tag k="geobase:routeName1:en" v="Lytton-Lillooet Highway No 12"/>
    <tag k="highway" v="primary"/>
    <tag k="is_in" v="Lytton,British Columbia"/>
    <tag k="lanes" v="2"/>
    <tag k="layer" v="1"/>
    <tag k="name" v="Lytton-Lillooet Highway"/>
    <tag k="ref" v="BC 12"/>
    <tag k="source" v="Geobase_Import_2009"/>
  </way>
  <way id="94839066">
    <nd ref="12462548509"/>
    <nd ref="12462520347"/>
    <nd ref="12462520346"/>
    <nd ref="12462520345"/>
    <nd ref="775965881"/>
    <nd ref="12462520344"/>
    <tag k="bridge" v="yes"/>
    <tag k="electrified" v="no"/>
    <tag k="gauge" v="1435"/>
    <tag k="layer" v="1"/>
    <tag k="maxspeed" v="30 mph"/>
    <tag k="name" v="Thompson River Bridge"/>
    <tag k="operator" v="Canadian National Railway"/>
    <tag k="railway" v="rail"/>
    <tag k="usage" v="main"/>
  </way>
  <way id="116786922">
    <nd ref="783522753"/>
    <nd ref="783523537"/>
    <tag k="bridge" v="yes"/>
    <tag k="electrified" v="no"/>
    <tag k="gauge" v="1435"/>
    <tag k="layer" v="1"/>
    <tag k="maxspeed" v="30 mph"/>
    <tag k="name" v="Ashcroft Subdivision"/>
    <tag k="operator" v="Canadian National Railway"/>
    <tag k="railway" v="rail"/>
    <tag k="usage" v="main"/>
  </way>
  <way id="389636053">
    <nd ref="339373613"/>
    <nd ref="339373614"/>
    <nd ref="521021988"/>
    <nd ref="521021986"/>
    <nd ref="520972869"/>
    <nd ref="521021984"/>
    <nd ref="3022931432"/>
    <nd ref="520970496"/>
    <nd ref="3022931384"/>
    <nd ref="3022931360"/>
    <nd ref="521021981"/>
    <nd ref="3022930923"/>
    <nd ref="3022931354"/>
    <nd ref="30447209"/>
    <nd ref="3022931338"/>
    <nd ref="3022931411"/>
    <nd ref="3022930919"/>
    <nd ref="3022931367"/>
    <nd ref="339373615"/>
    <nd ref="8887299242"/>
    <nd ref="3022930920"/>
    <nd ref="3022931365"/>
    <nd ref="3022931422"/>
    <nd ref="3022931391"/>
    <nd ref="339373618"/>
    <nd ref="3022931380"/>
    <nd ref="339373619"/>
    <nd ref="3022930927"/>
    <nd ref="3022931412"/>
    <nd ref="520972916"/>
    <nd ref="3022931426"/>
    <nd ref="339373621"/>
    <nd ref="3022931373"/>
    <nd ref="3022931399"/>
    <nd ref="520972624"/>
    <nd ref="521021979"/>
    <nd ref="3022930928"/>
    <nd ref="520970570"/>
    <nd ref="30447210"/>
    <nd ref="520973572"/>
    <nd ref="339373622"/>
    <nd ref="520973113"/>
    <nd ref="339373627"/>
    <nd ref="520971292"/>
    <nd ref="520973720"/>
    <nd ref="520971983"/>
    <nd ref="3022930911"/>
    <nd ref="30447211"/>
    <nd ref="3022931414"/>
    <nd ref="339373629"/>
    <nd ref="3022931358"/>
    <nd ref="3022931356"/>
    <nd ref="521021977"/>
    <nd ref="3022931345"/>
    <nd ref="3022931429"/>
    <nd ref="30447212"/>
    <nd ref="3022930910"/>
    <nd ref="3022931342"/>
    <nd ref="521021975"/>
    <nd ref="3022931394"/>
    <nd ref="3022931446"/>
    <nd ref="30447213"/>
    <tag k="highway" v="trunk"/>
    <tag k="lanes" v="2"/>
    <tag k="maxspeed" v="100"/>
    <tag k="name" v="Trans-Canada Highway"/>
    <tag k="ref" v="1"/>
  </way>
  <way id="389636057">
    <nd ref="3928031790"/>
    <nd ref="30447204"/>
    <nd ref="521022009"/>
    <nd ref="30447205"/>
    <nd ref="520972476"/>
    <nd ref="30447206"/>
    <nd ref="520970507"/>
    <nd ref="520971040"/>
    <tag k="highway" v="trunk"/>
    <tag k="lanes" v="2"/>
    <tag k="maxspeed" v="70"/>
    <tag k="name" v="Trans-Canada Highway"/>
    <tag k="ref" v="1"/>
  </way>
  <way id="416751088">
    <nd ref="520974163"/>
    <nd ref="12464200734"/>
    <nd ref="12464200733"/>
    <nd ref="4174599723"/>
    <nd ref="12464200732"/>
    <nd ref="12464200731"/>
    <nd ref="4174599721"/>
    <nd ref="12464200730"/>
    <nd ref="12464200729"/>
    <nd ref="4174599719"/>
    <nd ref="4174599708"/>
    <nd ref="4174599707"/>
    <nd ref="4174599706"/>
    <nd ref="4174599705"/>
    <nd ref="4174599704"/>
    <nd ref="4174599703"/>
    <tag k="highway" v="track"/>
  </way>
  <way id="467059712">
    <nd ref="520973451"/>
    <nd ref="4617428050"/>
    <nd ref="4617428051"/>
    <nd ref="4617428052"/>
    <nd ref="4617428053"/>
    <tag k="highway" v="service"/>
  </way>
  <way id="479435806">
    <nd ref="520973671"/>
    <nd ref="4725372535"/>
    <nd ref="339373610"/>
    <nd ref="30447207"/>
    <tag k="highway" v="primary"/>
    <tag k="lanes" v="2"/>
    <tag k="maxspeed" v="50"/>
    <tag k="name" v="Main Street"/>
    <tag k="ref" v="BC 12"/>
    <tag k="surface" v="asphalt"/>
  </way>
  <way id="479435809">
    <nd ref="520973184"/>
    <nd ref="521021990"/>
    <nd ref="30447208"/>
    <nd ref="520972452"/>
    <nd ref="339373612"/>
    <nd ref="339373613"/>
    <tag k="highway" v="trunk"/>
    <tag k="lanes" v="2"/>
    <tag k="maxspeed" v="70"/>
    <tag k="name" v="Trans-Canada Highway"/>
    <tag k="ref" v="1"/>
  </way>
  <way id="479435812">
    <nd ref="30447207"/>
    <nd ref="8944778919"/>
    <nd ref="520973184"/>
    <tag k="highway" v="trunk"/>
    <tag k="lanes" v="2"/>
    <tag k="maxspeed" v="70"/>
    <tag k="name" v="Trans-Canada Highway"/>
    <tag k="ref" v="1"/>
  </way>
  <way id="479435815">
    <nd ref="520971040"/>
    <nd ref="30447207"/>
    <tag k="highway" v="trunk"/>
    <tag k="lanes" v="2"/>
    <tag k="maxspeed" v="70"/>
    <tag k="name" v="Trans-Canada Highway"/>
    <tag k="ref" v="1"/>
  </way>
  <way id="479505352">
    <nd ref="520971967"/>
    <nd ref="4725908525"/>
    <tag k="highway" v="primary"/>
    <tag k="name" v="Main Street"/>
    <tag k="ref" v="BC 12"/>
    <tag k="surface" v="asphalt"/>
  </way>
  <way id="479505353">
    <nd ref="4725908521"/>
    <nd ref="520971967"/>
    <tag k="highway" v="secondary"/>
    <tag k="name" v="Main Street"/>
    <tag k="surface" v="asphalt"/>
  </way>
  <way id="479505354">
    <nd ref="13206978734"/>
    <nd ref="521022014"/>
    <nd ref="339373589"/>
    <nd ref="521022011"/>
    <nd ref="339373590"/>
    <nd ref="775961052"/>
    <nd ref="339373591"/>
    <nd ref="339373592"/>
    <nd ref="339373593"/>
    <nd ref="339373594"/>
    <nd ref="339373596"/>
    <nd ref="339373597"/>
    <nd ref="520974186"/>
    <nd ref="13206978735"/>
    <nd ref="4725908521"/>
    <tag k="bicycle" v="unknown"/>
    <tag k="foot" v="unknown"/>
    <tag k="highway" v="secondary"/>
    <tag k="horse" v="unknown"/>
    <tag k="motor_vehicle" v="no"/>
    <tag k="name" v="Main Street"/>
    <tag k="surface" v="asphalt"/>
  </way>
  <way id="479505356">
    <nd ref="520971967"/>
    <nd ref="520970930"/>
    <nd ref="4725908530"/>
    <tag k="attribution" v="GeoBase®"/>
    <tag k="geobase:acquisitionTechnique" v="GPS"/>
    <tag k="geobase:routeName1:en" v="Lytton-Lillooet Highway No 12"/>
    <tag k="highway" v="primary"/>
    <tag k="is_in" v="Lytton,British Columbia"/>
    <tag k="lanes" v="2"/>
    <tag k="name" v="Lytton-Lillooet Highway"/>
    <tag k="ref" v="BC 12"/>
    <tag k="source" v="Geobase_Import_2009"/>
    <tag k="surface" v="asphalt"/>
  </way>
  <way id="479505361">
    <nd ref="4725908521"/>
    <nd ref="4725908522"/>
    <nd ref="4725908523"/>
    <nd ref="4725908524"/>
    <nd ref="4725908530"/>
    <tag k="highway" v="primary_link"/>
    <tag k="oneway" v="yes"/>
    <tag k="surface" v="asphalt"/>
  </way>
  <way id="479505363">
    <nd ref="4725908530"/>
    <nd ref="4725908529"/>
    <nd ref="4725908528"/>
    <nd ref="4725908527"/>
    <nd ref="4725908526"/>
    <nd ref="4725908525"/>
    <tag k="highway" v="primary_link"/>
    <tag k="oneway" v="yes"/>
    <tag k="surface" v="asphalt"/>
  </way>
  <way id="479505716">
    <nd ref="520971087"/>
    <nd ref="7393086136"/>
    <nd ref="8891845578"/>
    <nd ref="520970830"/>
    <tag k="highway" v="primary"/>
    <tag k="name" v="Main Street"/>
    <tag k="ref" v="BC 12"/>
    <tag k="surface" v="asphalt"/>
  </way>
  <way id="479505717">
    <nd ref="4725908525"/>
    <nd ref="520971087"/>
    <tag k="highway" v="primary"/>
    <tag k="name" v="Main Street"/>
    <tag k="ref" v="BC 12"/>
    <tag k="surface" v="asphalt"/>
  </way>
  <way id="503686546">
    <nd ref="520973755"/>
    <nd ref="522005457"/>
    <nd ref="522003261"/>
    <nd ref="520974363"/>
    <nd ref="520973710"/>
    <nd ref="520973317"/>
    <nd ref="522008843"/>
    <nd ref="13205986867"/>
    <nd ref="520973484"/>
    <nd ref="520972395"/>
    <nd ref="522002780"/>
    <nd ref="522003303"/>
    <nd ref="12413846372"/>
    <nd ref="522008421"/>
    <nd ref="522008755"/>
    <nd ref="522002936"/>
    <nd ref="522006975"/>
    <nd ref="520972029"/>
    <nd ref="522005201"/>
    <nd ref="522003375"/>
    <nd ref="522008827"/>
    <nd ref="520971600"/>
    <nd ref="522005747"/>
    <nd ref="520972457"/>
    <nd ref="522004734"/>
    <nd ref="520973737"/>
    <nd ref="522007810"/>
    <nd ref="522008692"/>
    <nd ref="522006756"/>
    <nd ref="520973231"/>
    <nd ref="522005693"/>
    <nd ref="520973506"/>
    <nd ref="522003132"/>
    <nd ref="522005097"/>
    <nd ref="522005329"/>
    <nd ref="520971640"/>
    <nd ref="520973985"/>
    <nd ref="522003508"/>
    <nd ref="520970689"/>
    <nd ref="522003963"/>
    <nd ref="522008868"/>
    <nd ref="522005487"/>
    <nd ref="520971810"/>
    <nd ref="522008360"/>
    <nd ref="520973625"/>
    <nd ref="522004989"/>
    <nd ref="522004430"/>
    <nd ref="522006974"/>
    <nd ref="520972563"/>
    <nd ref="520973486"/>
    <nd ref="520972117"/>
    <nd ref="522002920"/>
    <nd ref="522008257"/>
    <nd ref="522009051"/>
    <nd ref="520970693"/>
    <nd ref="520972335"/>
    <nd ref="522007601"/>
    <nd ref="522006916"/>
    <nd ref="522003662"/>
    <nd ref="522006434"/>
    <nd ref="522006705"/>
    <nd ref="522005716"/>
    <nd ref="522002718"/>
    <nd ref="522007146"/>
    <nd ref="520971718"/>
    <nd ref="522003157"/>
    <nd ref="520970939"/>
    <nd ref="522005999"/>
    <nd ref="520971024"/>
    <nd ref="520973784"/>
    <nd ref="522003831"/>
    <nd ref="522004900"/>
    <nd ref="522002706"/>
    <nd ref="522008706"/>
    <nd ref="520973718"/>
    <nd ref="522009067"/>
    <nd ref="520974353"/>
    <nd ref="522004712"/>
    <nd ref="522002557"/>
    <tag k="attribution" v="GeoBase®"/>
    <tag k="check_date" v="2025-10-09"/>
    <tag k="geobase:acquisitionTechnique" v="GPS"/>
    <tag k="highway" v="unclassified"/>
    <tag k="lanes" v="2"/>
    <tag k="name" v="Botanie Creek Road"/>
    <tag k="source" v="Geobase_Import_2009"/>
    <tag k="surface" v="compacted"/>
  </way>
  <way id="577365411">
    <nd ref="5535155094"/>
    <nd ref="5535155095"/>
    <tag k="bridge" v="yes"/>
    <tag k="highway" v="footway"/>
    <tag k="layer" v="1"/>
    <tag k="name" v="CNR Fraser Bridge Walkway"/>
  </way>
  <way id="577365412">
    <nd ref="5535155096"/>
    <nd ref="5535155097"/>
    <nd ref="5535155095"/>
    <tag k="highway" v="footway"/>
  </way>
  <way id="577365413">
    <nd ref="4174599702"/>
    <nd ref="12841120931"/>
    <nd ref="5535155094"/>
    <tag k="highway" v="footway"/>
  </way>
  <way id="608563619">
    <nd ref="274739331"/>
    <nd ref="2303112424"/>
    <nd ref="2303112386"/>
    <nd ref="274739335"/>
    <nd ref="2303112344"/>
    <nd ref="274739339"/>
    <nd ref="2303112262"/>
    <nd ref="274739342"/>
    <nd ref="780792393"/>
    <nd ref="12841152528"/>
    <nd ref="274739346"/>
    <nd ref="274739349"/>
    <nd ref="274739351"/>
    <nd ref="274739356"/>
    <nd ref="12663267589"/>
    <nd ref="2303112064"/>
    <nd ref="2303111938"/>
    <nd ref="274739362"/>
    <nd ref="2303111838"/>
    <nd ref="780792322"/>
    <nd ref="780793073"/>
    <nd ref="274739366"/>
    <nd ref="775961365"/>
    <nd ref="775960702"/>
    <nd ref="2303111558"/>
    <nd ref="274739369"/>
    <nd ref="12663267590"/>
    <nd ref="12198095881"/>
    <nd ref="2303111495"/>
    <nd ref="274739373"/>
    <nd ref="2303111433"/>
    <nd ref="775961628"/>
    <nd ref="2303111368"/>
    <nd ref="775961334"/>
    <nd ref="274739377"/>
    <nd ref="2303111137"/>
    <nd ref="274739381"/>
    <nd ref="780793649"/>
    <nd ref="274739385"/>
    <nd ref="274739389"/>
    <nd ref="12197937829"/>
    <nd ref="274739392"/>
    <nd ref="11307536875"/>
    <nd ref="11307536874"/>
    <nd ref="2303110649"/>
    <nd ref="2303110617"/>
    <nd ref="12197766140"/>
    <nd ref="274739399"/>
    <nd ref="12197937814"/>
    <nd ref="780792274"/>
    <nd ref="274739403"/>
    <nd ref="12199935903"/>
    <nd ref="274739413"/>
    <nd ref="274739416"/>
    <nd ref="274739420"/>
    <nd ref="2303110184"/>
    <nd ref="11152392552"/>
    <nd ref="2303110136"/>
    <nd ref="11152392566"/>
    <nd ref="274739424"/>
    <nd ref="11152392564"/>
    <nd ref="11152392563"/>
    <nd ref="274739427"/>
    <nd ref="11152392561"/>
    <nd ref="2303109972"/>
    <nd ref="11152392557"/>
    <nd ref="12199936006"/>
    <nd ref="274739433"/>
    <nd ref="11152392558"/>
    <nd ref="11152392556"/>
    <nd ref="2303109874"/>
    <nd ref="11152392560"/>
    <nd ref="274739438"/>
    <nd ref="11152392535"/>
    <nd ref="780793103"/>
    <nd ref="274739441"/>
    <nd ref="11152392565"/>
    <nd ref="11152392554"/>
    <nd ref="11152392559"/>
    <nd ref="274739444"/>
    <nd ref="11152392555"/>
    <nd ref="274739447"/>
    <nd ref="11152392553"/>
    <nd ref="2303109598"/>
    <nd ref="11152392562"/>
    <nd ref="274739450"/>
    <nd ref="11152379024"/>
    <nd ref="13143901659"/>
    <nd ref="11152379026"/>
    <nd ref="274739453"/>
    <nd ref="11152379027"/>
    <nd ref="5759272174"/>
    <nd ref="274739457"/>
    <nd ref="2303145982"/>
    <nd ref="5759269610"/>
    <nd ref="780792074"/>
    <nd ref="274739463"/>
    <nd ref="5248005253"/>
    <nd ref="11152379025"/>
    <nd ref="5759269609"/>
    <nd ref="11152379030"/>
    <nd ref="274739468"/>
    <nd ref="2303145829"/>
    <nd ref="5759269612"/>
    <nd ref="274739471"/>
    <nd ref="11152379031"/>
    <nd ref="11152379032"/>
    <nd ref="775961311"/>
    <nd ref="2303145757"/>
    <nd ref="780792996"/>
    <nd ref="775961605"/>
    <nd ref="775960939"/>
    <nd ref="274739474"/>
    <nd ref="11152379050"/>
    <nd ref="11152379049"/>
    <nd ref="2303145662"/>
    <nd ref="11152379023"/>
    <nd ref="13148225976"/>
    <nd ref="11152379028"/>
    <nd ref="11152379048"/>
    <nd ref="274739479"/>
    <nd ref="11152379029"/>
    <nd ref="12434771703"/>
    <nd ref="11152379033"/>
    <nd ref="274739482"/>
    <nd ref="780793299"/>
    <nd ref="11152379035"/>
    <nd ref="11152379034"/>
    <nd ref="274739492"/>
    <nd ref="11152379036"/>
    <nd ref="11152379037"/>
    <nd ref="11152379038"/>
    <nd ref="780793419"/>
    <nd ref="11152379039"/>
    <nd ref="11152379040"/>
    <nd ref="274739499"/>
    <nd ref="2303145397"/>
    <nd ref="11152379041"/>
    <nd ref="274739510"/>
    <nd ref="780792072"/>
    <nd ref="11152379043"/>
    <nd ref="274739144"/>
    <nd ref="11152379042"/>
    <nd ref="12200783381"/>
    <nd ref="11152379044"/>
    <nd ref="780793585"/>
    <nd ref="11152379045"/>
    <nd ref="11152379046"/>
    <nd ref="11152379047"/>
    <nd ref="274739148"/>
    <nd ref="274739328"/>
    <nd ref="12200783555"/>
    <nd ref="274739151"/>
    <nd ref="780792236"/>
    <nd ref="274739325"/>
    <nd ref="780792756"/>
    <nd ref="274739155"/>
    <nd ref="274739159"/>
    <nd ref="1036812494"/>
    <nd ref="11129056362"/>
    <nd ref="1036812506"/>
    <nd ref="780792317"/>
    <nd ref="274739163"/>
    <nd ref="775960980"/>
    <nd ref="274739165"/>
    <nd ref="1036812504"/>
    <nd ref="274739166"/>
    <nd ref="775961336"/>
    <nd ref="274739168"/>
    <nd ref="1036812508"/>
    <nd ref="1036812510"/>
    <nd ref="1036812512"/>
    <nd ref="11149665058"/>
    <nd ref="274739171"/>
    <tag k="name" v="Fraser River"/>
    <tag k="waterway" v="river"/>
  </way>
  <way id="790825708">
    <nd ref="520971529"/>
    <nd ref="7393086131"/>
    <nd ref="7393086132"/>
    <nd ref="7393086133"/>
    <nd ref="7393086134"/>
    <nd ref="7393086135"/>
    <nd ref="7393086136"/>
    <nd ref="8891845577"/>
    <nd ref="8891845576"/>
    <tag k="footway" v="sidewalk"/>
    <tag k="highway" v="footway"/>
  </way>
  <way id="790825709">
    <nd ref="520972818"/>
    <nd ref="7393086137"/>
    <tag k="highway" v="footway"/>
  </way>
  <way id="790825719">
    <nd ref="520973524"/>
    <nd ref="520972749"/>
    <nd ref="520973703"/>
    <tag k="highway" v="residential"/>
    <tag k="name" v="5th Street"/>
    <tag k="surface" v="asphalt"/>
  </way>
  <way id="790825720">
    <nd ref="7393086185"/>
    <nd ref="520974231"/>
    <tag k="highway" v="residential"/>
    <tag k="name" v="5th Street"/>
    <tag k="surface" v="asphalt"/>
  </way>
  <way id="790825744">
    <nd ref="7393086323"/>
    <nd ref="520971415"/>
    <tag k="highway" v="steps"/>
  </way>
  <way id="790825788">
    <nd ref="7393086499"/>
    <nd ref="7393086500"/>
    <nd ref="7393086501"/>
    <nd ref="7393086502"/>
    <nd ref="7393086503"/>
    <nd ref="7393086504"/>
    <tag k="highway" v="service"/>
  </way>
  <way id="790825792">
    <nd ref="7393086527"/>
    <nd ref="12850045925"/>
    <nd ref="12850045926"/>
    <nd ref="12850045927"/>
    <nd ref="7393086528"/>
    <nd ref="12850045928"/>
    <nd ref="12850045929"/>
    <nd ref="12850045930"/>
    <nd ref="12850045931"/>
    <nd ref="7393086529"/>
    <nd ref="7393086530"/>
    <nd ref="12850045932"/>
    <nd ref="12850045933"/>
    <tag k="highway" v="path"/>
  </way>
  <way id="790825793">
    <nd ref="7393086532"/>
    <nd ref="7393086538"/>
    <nd ref="7393086527"/>
    <nd ref="7393086533"/>
    <nd ref="7393086534"/>
    <tag k="access" v="private"/>
    <tag k="highway" v="service"/>
  </way>
  <way id="790825794">
    <nd ref="7393086539"/>
    <nd ref="7393086535"/>
    <tag k="access" v="private"/>
    <tag k="highway" v="service"/>
  </way>
  <way id="790825800">
    <nd ref="7393086566"/>
    <nd ref="7393086567"/>
    <nd ref="7393086568"/>
    <nd ref="7393086569"/>
    <nd ref="7393086570"/>
    <nd ref="7393086571"/>
    <tag k="highway" v="service"/>
    <tag k="service" v="driveway"/>
  </way>
  <way id="790825801">
    <nd ref="7393086571"/>
    <nd ref="7393086572"/>
    <nd ref="7393086573"/>
    <nd ref="30447024"/>
    <tag k="highway" v="service"/>
  </way>
  <way id="790825803">
    <nd ref="7393086578"/>
    <nd ref="7393086579"/>
    <tag k="highway" v="service"/>
    <tag k="service" v="driveway"/>
  </way>
  <way id="790825807">
    <nd ref="7393086594"/>
    <nd ref="7393086595"/>
    <nd ref="7393086596"/>
    <nd ref="7393086599"/>
    <nd ref="7393086598"/>
    <nd ref="7393086597"/>
    <tag k="highway" v="track"/>
  </way>
  <way id="790825808">
    <nd ref="7393086600"/>
    <nd ref="7393086601"/>
    <nd ref="7393086602"/>
    <nd ref="7393086603"/>
    <nd ref="7393086597"/>
    <nd ref="7393086604"/>
    <nd ref="7393086571"/>
    <tag k="highway" v="service"/>
  </way>
  <way id="953504961">
    <nd ref="783523537"/>
    <nd ref="783523198"/>
    <nd ref="8825472662"/>
    <tag k="electrified" v="no"/>
    <tag k="gauge" v="1435"/>
    <tag k="name" v="Ashcroft Subdivision"/>
    <tag k="operator" v="Canadian National Railway"/>
    <tag k="railway" v="rail"/>
    <tag k="usage" v="main"/>
  </way>
  <way id="960711658">
    <nd ref="8887327902"/>
    <nd ref="12850080384"/>
    <nd ref="12850080383"/>
    <nd ref="12850080382"/>
    <nd ref="12850080609"/>
    <nd ref="12850080381"/>
    <nd ref="12850080380"/>
    <nd ref="12850080379"/>
    <nd ref="12850080378"/>
    <nd ref="12850080377"/>
    <nd ref="12850080376"/>
    <nd ref="12850080375"/>
    <nd ref="12850080374"/>
    <nd ref="12850080373"/>
    <nd ref="12850080372"/>
    <nd ref="8887359973"/>
    <nd ref="8887359974"/>
    <nd ref="8887359975"/>
    <nd ref="8887359976"/>
    <nd ref="8887359977"/>
    <nd ref="8887359978"/>
    <nd ref="8887359979"/>
    <nd ref="8887359980"/>
    <nd ref="8887359981"/>
    <nd ref="8887359982"/>
    <nd ref="8887359983"/>
    <nd ref="8887359984"/>
    <nd ref="8887359985"/>
    <nd ref="8887359986"/>
    <nd ref="8887359987"/>
    <nd ref="8887359988"/>
    <nd ref="8887359989"/>
    <nd ref="8887359990"/>
    <nd ref="8887359991"/>
    <nd ref="8887359992"/>
    <nd ref="8887359993"/>
    <nd ref="8887359994"/>
    <nd ref="8887359995"/>
    <nd ref="8887359996"/>
    <nd ref="8887359997"/>
    <nd ref="8887359998"/>
    <nd ref="8887359999"/>
    <nd ref="8887360000"/>
    <nd ref="8887360001"/>
    <nd ref="8887360002"/>
    <nd ref="8887360003"/>
    <nd ref="8887360004"/>
    <nd ref="8887360005"/>
    <nd ref="8887360006"/>
    <nd ref="8887360007"/>
    <nd ref="8887360008"/>
    <nd ref="8887360009"/>
    <nd ref="8887360010"/>
    <nd ref="8887360011"/>
    <nd ref="8887360012"/>
    <nd ref="8887360013"/>
    <nd ref="8887360014"/>
    <nd ref="8887360015"/>
    <nd ref="8887360016"/>
    <nd ref="8887387717"/>
    <nd ref="8887387718"/>
    <nd ref="8887387719"/>
    <nd ref="8887387720"/>
    <nd ref="8887387721"/>
    <nd ref="8887387722"/>
    <nd ref="8887387723"/>
    <nd ref="8887387724"/>
    <nd ref="8887387725"/>
    <nd ref="8887387726"/>
    <nd ref="8887387727"/>
    <nd ref="8887387728"/>
    <nd ref="8887387729"/>
    <nd ref="8887387730"/>
    <nd ref="8887387731"/>
    <nd ref="8887387732"/>
    <nd ref="8887387733"/>
    <nd ref="8887387734"/>
    <nd ref="8887387735"/>
    <nd ref="8887387736"/>
    <nd ref="8887387737"/>
    <nd ref="8887387738"/>
    <nd ref="8887387739"/>
    <nd ref="8887387740"/>
    <nd ref="8887387741"/>
    <nd ref="8887387742"/>
    <nd ref="8887387743"/>
    <nd ref="8887387744"/>
    <nd ref="8887387745"/>
    <nd ref="8887387746"/>
    <nd ref="8887387747"/>
    <nd ref="8887387748"/>
    <nd ref="8887387749"/>
    <nd ref="8887387750"/>
    <nd ref="8887387751"/>
    <nd ref="8887387752"/>
    <nd ref="8887387753"/>
    <nd ref="8887387754"/>
    <nd ref="8887387755"/>
    <nd ref="8887387756"/>
    <nd ref="8887387757"/>
    <nd ref="8887387758"/>
    <nd ref="8887387759"/>
    <nd ref="8887387760"/>
    <nd ref="8887387761"/>
    <nd ref="8887387762"/>
    <nd ref="8887387763"/>
    <nd ref="8887387764"/>
    <nd ref="8887387765"/>
    <nd ref="8887387766"/>
    <nd ref="8887387767"/>
    <nd ref="8887387768"/>
    <nd ref="8887387769"/>
    <nd ref="8887387770"/>
    <nd ref="8887387771"/>
    <nd ref="8887387772"/>
    <nd ref="8887387773"/>
    <nd ref="8887387774"/>
    <nd ref="8887387775"/>
    <nd ref="8887387776"/>
    <nd ref="8887387777"/>
    <nd ref="8887387778"/>
    <nd ref="8887387779"/>
    <nd ref="8887387780"/>
    <nd ref="8887387781"/>
    <nd ref="8887387782"/>
    <nd ref="8887387783"/>
    <nd ref="8887387784"/>
    <nd ref="8887387785"/>
    <nd ref="8887387786"/>
    <nd ref="8887387787"/>
    <nd ref="8887387788"/>
    <nd ref="8887387789"/>
    <nd ref="8887387790"/>
    <nd ref="8887387791"/>
    <nd ref="8887387792"/>
    <nd ref="8887387793"/>
    <nd ref="8887387794"/>
    <nd ref="8887387795"/>
    <nd ref="8887387796"/>
    <nd ref="8887387797"/>
    <nd ref="8887387798"/>
    <nd ref="8887387799"/>
    <nd ref="12464200799"/>
    <nd ref="8887387800"/>
    <nd ref="8887387801"/>
    <nd ref="8887387805"/>
    <nd ref="8887387806"/>
    <nd ref="8887387808"/>
    <nd ref="12464200800"/>
    <nd ref="8887387809"/>
    <nd ref="8887387810"/>
    <nd ref="8887387812"/>
    <nd ref="8887387813"/>
    <nd ref="8887387814"/>
    <nd ref="12464200789"/>
    <nd ref="8887387816"/>
    <nd ref="12464203701"/>
    <nd ref="12464203702"/>
    <nd ref="12464203703"/>
    <nd ref="12464203704"/>
    <nd ref="12464203705"/>
    <nd ref="12464203706"/>
    <nd ref="12464203707"/>
    <nd ref="12464203708"/>
    <nd ref="12464203709"/>
    <nd ref="12464203710"/>
    <nd ref="12464203711"/>
    <nd ref="12464203712"/>
    <nd ref="12464203713"/>
    <nd ref="12464203714"/>
    <nd ref="12464203715"/>
    <nd ref="12464203716"/>
    <nd ref="12464203717"/>
    <nd ref="12464203718"/>
    <nd ref="12464203719"/>
    <nd ref="12464203720"/>
    <nd ref="12464203721"/>
    <nd ref="12464203722"/>
    <nd ref="12464203723"/>
    <nd ref="12464203724"/>
    <nd ref="12464203725"/>
    <nd ref="12464203726"/>
    <nd ref="12464203727"/>
    <nd ref="12464203728"/>
    <nd ref="12464203729"/>
    <nd ref="12464203730"/>
    <nd ref="12464203731"/>
    <nd ref="12464203732"/>
    <nd ref="12464203733"/>
    <nd ref="12464203734"/>
    <nd ref="12464203735"/>
    <nd ref="12464203736"/>
    <nd ref="12464203737"/>
    <nd ref="12464203738"/>
    <tag k="highway" v="track"/>
    <tag k="surface" v="unpaved"/>
  </way>
  <way id="961198372">
    <nd ref="520973245"/>
    <nd ref="520972346"/>
    <nd ref="520973825"/>
    <tag k="highway" v="residential"/>
    <tag k="name" v="4th Street"/>
  </way>
  <way id="961231324">
    <nd ref="520973969"/>
    <nd ref="8944742607"/>
    <nd ref="8891845571"/>
    <nd ref="8891845570"/>
    <nd ref="8891845569"/>
    <tag k="highway" v="service"/>
    <tag k="service" v="driveway"/>
  </way>
  <way id="966804139">
    <nd ref="520974231"/>
    <nd ref="520970604"/>
    <nd ref="7393086184"/>
    <nd ref="520971260"/>
    <tag k="alt_name" v="Station Road"/>
    <tag k="attribution" v="GeoBase®"/>
    <tag k="highway" v="residential"/>
    <tag k="name" v="Station Street"/>
    <tag k="note" v="Lytton council uses alternatively two names for Station Street/Road"/>
    <tag k="surface" v="unpaved"/>
  </way>
  <way id="966804140">
    <nd ref="520972406"/>
    <nd ref="520972754"/>
    <nd ref="520973957"/>
    <nd ref="520970768"/>
    <nd ref="520970944"/>
    <nd ref="520971431"/>
    <tag k="alt_name" v="Station Road"/>
    <tag k="attribution" v="GeoBase®"/>
    <tag k="highway" v="residential"/>
    <tag k="name" v="Station Street"/>
    <tag k="note" v="Lytton council uses alternatively two names for Station Street/Road"/>
    <tag k="surface" v="unpaved"/>
  </way>
  <way id="966804143">
    <nd ref="8944742599"/>
    <nd ref="8944778920"/>
    <nd ref="520971699"/>
    <tag k="highway" v="footway"/>
  </way>
  <way id="1000674592">
    <nd ref="9236779291"/>
    <nd ref="9236779273"/>
    <nd ref="9236779274"/>
    <nd ref="9236779275"/>
    <nd ref="9236779276"/>
    <nd ref="9236779277"/>
    <nd ref="9236779310"/>
    <nd ref="9236779278"/>
    <nd ref="9236779279"/>
    <nd ref="9236779280"/>
    <nd ref="9236779290"/>
    <nd ref="9236779281"/>
    <nd ref="9236779282"/>
    <nd ref="9236779283"/>
    <nd ref="9236779284"/>
    <nd ref="9236779285"/>
    <nd ref="9236779286"/>
    <nd ref="9236779287"/>
    <nd ref="9236779288"/>
    <nd ref="9236779289"/>
    <nd ref="9236779291"/>
    <tag k="highway" v="service"/>
  </way>
  <way id="1000674593">
    <nd ref="9236779280"/>
    <nd ref="9236779292"/>
    <nd ref="9236779293"/>
    <nd ref="9236779294"/>
    <nd ref="522008822"/>
    <tag k="highway" v="service"/>
  </way>
  <way id="1000674594">
    <nd ref="9236779295"/>
    <nd ref="9236779296"/>
    <nd ref="9236779297"/>
    <nd ref="9236779298"/>
    <nd ref="9236779299"/>
    <nd ref="9236779300"/>
    <nd ref="9236779301"/>
    <nd ref="9236779302"/>
    <nd ref="9236779303"/>
    <nd ref="9236779304"/>
    <nd ref="9236779305"/>
    <nd ref="9236779306"/>
    <nd ref="9236779307"/>
    <nd ref="9236779308"/>
    <nd ref="9236779309"/>
    <nd ref="9236779310"/>
    <tag k="highway" v="service"/>
  </way>
  <way id="1002411539">
    <nd ref="9251399264"/>
    <nd ref="9251399265"/>
    <nd ref="9251399266"/>
    <nd ref="9251399267"/>
    <tag k="highway" v="service"/>
    <tag k="service" v="parking_aisle"/>
  </way>
  <way id="1074867836">
    <nd ref="9858514315"/>
    <nd ref="9858514316"/>
    <nd ref="9858582517"/>
    <nd ref="9858582518"/>
    <tag k="highway" v="residential"/>
    <tag k="oneway" v="yes"/>
  </way>
  <way id="1074867837">
    <nd ref="9858582519"/>
    <nd ref="9858582520"/>
    <nd ref="9858582521"/>
    <nd ref="9858582522"/>
    <tag k="highway" v="residential"/>
    <tag k="oneway" v="yes"/>
  </way>
  <way id="1188952350">
    <nd ref="11040010788"/>
    <nd ref="11040010789"/>
    <tag k="highway" v="service"/>
    <tag k="service" v="driveway"/>
  </way>
  <way id="1200004709">
    <nd ref="11128774861"/>
    <nd ref="11128774862"/>
    <nd ref="11128774863"/>
    <nd ref="11128774864"/>
    <nd ref="11128774865"/>
    <nd ref="11128774866"/>
    <nd ref="11128774867"/>
    <nd ref="11128774868"/>
    <nd ref="11128774869"/>
    <nd ref="11128774870"/>
    <nd ref="11128774871"/>
    <nd ref="11128774872"/>
    <nd ref="11128774873"/>
    <nd ref="11128774874"/>
    <nd ref="11128774875"/>
    <nd ref="11128774876"/>
    <nd ref="11128774877"/>
    <tag k="highway" v="track"/>
  </way>
  <way id="1200004710">
    <nd ref="11128774889"/>
    <nd ref="11128774890"/>
    <nd ref="12850045967"/>
    <nd ref="11128774891"/>
    <nd ref="11128774892"/>
    <nd ref="11128774893"/>
    <nd ref="11128774894"/>
    <tag k="highway" v="track"/>
  </way>
  <way id="1200004712">
    <nd ref="11128774897"/>
    <nd ref="11128774898"/>
    <nd ref="11128774899"/>
    <tag k="highway" v="track"/>
  </way>
  <way id="1314100046">
    <nd ref="12162973694"/>
    <nd ref="12162973695"/>
    <nd ref="12162973696"/>
    <nd ref="12162973697"/>
    <nd ref="12162973698"/>
    <nd ref="12162973699"/>
    <nd ref="12162973700"/>
    <tag k="highway" v="service"/>
    <tag k="service" v="driveway"/>
  </way>
  <way id="1316070611">
    <nd ref="12181430043"/>
    <nd ref="12181430044"/>
    <nd ref="12181430045"/>
    <nd ref="12181430046"/>
    <nd ref="12181430047"/>
    <nd ref="12181430048"/>
    <nd ref="12181430049"/>
    <nd ref="12181430050"/>
    <nd ref="12181430051"/>
    <nd ref="12181430052"/>
    <nd ref="12181430053"/>
    <nd ref="12181430054"/>
    <nd ref="12181430055"/>
    <nd ref="12181430056"/>
    <nd ref="12181430057"/>
    <nd ref="12181430058"/>
    <tag k="highway" v="track"/>
  </way>
  <way id="1316070612">
    <nd ref="12850045967"/>
    <nd ref="12850045968"/>
    <nd ref="12850045969"/>
    <nd ref="12850045970"/>
    <nd ref="12850045971"/>
    <nd ref="12850045972"/>
    <nd ref="12850045973"/>
    <nd ref="12850045974"/>
    <nd ref="12850045975"/>
    <nd ref="12850045976"/>
    <nd ref="12850045977"/>
    <nd ref="12850045978"/>
    <nd ref="12850045979"/>
    <nd ref="12850045980"/>
    <nd ref="12850045981"/>
    <nd ref="12850045982"/>
    <nd ref="12850045983"/>
    <nd ref="12181472303"/>
    <nd ref="12181472302"/>
    <nd ref="12181472301"/>
    <nd ref="12181430100"/>
    <nd ref="12181430099"/>
    <nd ref="12181430098"/>
    <nd ref="12181430097"/>
    <nd ref="12181430096"/>
    <nd ref="12181430095"/>
    <nd ref="12181430094"/>
    <nd ref="12181430093"/>
    <nd ref="12181430092"/>
    <nd ref="12181430091"/>
    <nd ref="12181430090"/>
    <nd ref="12181430089"/>
    <nd ref="12181430088"/>
    <nd ref="12181430087"/>
    <nd ref="12181430086"/>
    <nd ref="12181430085"/>
    <nd ref="12181430084"/>
    <nd ref="12181430083"/>
    <nd ref="12181430082"/>
    <nd ref="12181430081"/>
    <nd ref="12181430080"/>
    <nd ref="12181430079"/>
    <nd ref="12181430078"/>
    <nd ref="12181430077"/>
    <nd ref="12181430076"/>
    <nd ref="12181430075"/>
    <nd ref="12181430074"/>
    <nd ref="12181430073"/>
    <nd ref="12181430072"/>
    <nd ref="12181430071"/>
    <nd ref="12181430070"/>
    <nd ref="12181430069"/>
    <nd ref="12181430068"/>
    <nd ref="12181430067"/>
    <nd ref="12181430066"/>
    <nd ref="12181430065"/>
    <nd ref="12181430064"/>
    <nd ref="12181430063"/>
    <nd ref="12181430062"/>
    <nd ref="12181430061"/>
    <nd ref="12181430060"/>
    <nd ref="12181430059"/>
    <tag k="highway" v="path"/>
  </way>
  <way id="1319996084">
    <nd ref="12841120931"/>
    <nd ref="12215243108"/>
    <nd ref="12841120951"/>
    <nd ref="12841120950"/>
    <nd ref="12841120949"/>
    <nd ref="12215243109"/>
    <nd ref="12841120948"/>
    <nd ref="12841120947"/>
    <nd ref="12841120946"/>
    <nd ref="12841120945"/>
    <nd ref="12841120944"/>
    <nd ref="12841120943"/>
    <nd ref="12841120942"/>
    <nd ref="12841120941"/>
    <nd ref="12841120940"/>
    <nd ref="12841120939"/>
    <nd ref="12841120938"/>
    <nd ref="12841120937"/>
    <nd ref="12841120936"/>
    <nd ref="12841120935"/>
    <nd ref="12841120934"/>
    <nd ref="12841120933"/>
    <nd ref="12841120932"/>
    <tag k="highway" v="path"/>
  </way>
  <way id="1347252582">
    <nd ref="12462532599"/>
    <nd ref="12462532798"/>
    <nd ref="12462532797"/>
    <nd ref="12462532796"/>
    <nd ref="12462532795"/>
    <nd ref="12462532794"/>
    <nd ref="12462532793"/>
    <nd ref="12462532792"/>
    <nd ref="12462532783"/>
    <nd ref="339373590"/>
    <nd ref="12462532782"/>
    <nd ref="12462532781"/>
    <nd ref="12462532780"/>
    <nd ref="12462532779"/>
    <nd ref="12462532778"/>
    <nd ref="12462532777"/>
    <nd ref="12462532776"/>
    <nd ref="12462532775"/>
    <nd ref="12462532774"/>
    <nd ref="12462532773"/>
    <nd ref="12462532772"/>
    <nd ref="12462532771"/>
    <nd ref="12462532770"/>
    <nd ref="12462532769"/>
    <nd ref="12462532768"/>
    <nd ref="12462532767"/>
    <nd ref="12462532766"/>
    <nd ref="12462532765"/>
    <nd ref="12462532764"/>
    <nd ref="12462532763"/>
    <nd ref="12462532762"/>
    <nd ref="12462532761"/>
    <nd ref="12462532760"/>
    <nd ref="12462532759"/>
    <nd ref="12462532758"/>
    <nd ref="12462532757"/>
    <nd ref="12462532756"/>
    <nd ref="12462532755"/>
    <nd ref="12462532754"/>
    <nd ref="12462532753"/>
    <nd ref="12462532752"/>
    <nd ref="12462532751"/>
    <nd ref="12462532750"/>
    <nd ref="12462532749"/>
    <nd ref="12462532748"/>
    <nd ref="12462532747"/>
    <nd ref="12462532746"/>
    <nd ref="12462532745"/>
    <nd ref="12462532744"/>
    <nd ref="12462532743"/>
    <nd ref="12462532742"/>
    <nd ref="12462532741"/>
    <nd ref="12462532740"/>
    <nd ref="12462532739"/>
    <nd ref="12462532738"/>
    <nd ref="12462532737"/>
    <nd ref="12462532736"/>
    <nd ref="12462532735"/>
    <nd ref="12462532734"/>
    <nd ref="12462532733"/>
    <nd ref="12462532732"/>
    <nd ref="12462532731"/>
    <nd ref="12462532730"/>
    <nd ref="12462532729"/>
    <nd ref="12462532728"/>
    <nd ref="12462532727"/>
    <nd ref="12462532726"/>
    <nd ref="12462532725"/>
    <nd ref="12462532724"/>
    <nd ref="12462532723"/>
    <nd ref="12462532722"/>
    <nd ref="12462532721"/>
    <nd ref="775961538"/>
    <nd ref="775960875"/>
    <tag k="description" v="Thompson Subdivision"/>
    <tag k="electrified" v="no"/>
    <tag k="gauge" v="1435"/>
    <tag k="maxspeed" v="35 mph"/>
    <tag k="name" v="Thompson Subdivision"/>
    <tag k="operator" v="Canadian Pacific Kansas City"/>
    <tag k="operator:short_name" v="CPKC"/>
    <tag k="operator:website" v="https://www.cpkcr.com/en"/>
    <tag k="operator:wikidata" v="Q117706368"/>
    <tag k="railway" v="rail"/>
    <tag k="reporting_marks" v="CPKC"/>
    <tag k="usage" v="main"/>
    <tag k="workrules" v="CA-CROR"/>
  </way>
  <way id="1347252583">
    <nd ref="12462532600"/>
    <nd ref="12462532597"/>
    <tag k="bridge" v="yes"/>
    <tag k="electrified" v="no"/>
    <tag k="gauge" v="1435"/>
    <tag k="layer" v="1"/>
    <tag k="name" v="Siding Lytton"/>
    <tag k="operator" v="Canadian Pacific Kansas City"/>
    <tag k="operator:short_name" v="CPKC"/>
    <tag k="operator:website" v="https://www.cpkcr.com/en"/>
    <tag k="operator:wikidata" v="Q117706368"/>
    <tag k="railway" v="rail"/>
    <tag k="service" v="siding"/>
  </way>
  <way id="1347252584">
    <nd ref="12462532835"/>
    <nd ref="12462532834"/>
    <nd ref="12462532833"/>
    <nd ref="12462532832"/>
    <nd ref="12462532600"/>
    <tag k="electrified" v="no"/>
    <tag k="gauge" v="1435"/>
    <tag k="name" v="Siding Lytton"/>
    <tag k="operator" v="Canadian Pacific Kansas City"/>
    <tag k="operator:short_name" v="CPKC"/>
    <tag k="operator:website" v="https://www.cpkcr.com/en"/>
    <tag k="operator:wikidata" v="Q117706368"/>
    <tag k="railway" v="rail"/>
    <tag k="service" v="siding"/>
  </way>
  <way id="1347252589">
    <nd ref="12462532791"/>
    <nd ref="12462532784"/>
    <nd ref="12462532792"/>
    <tag k="electrified" v="no"/>
    <tag k="gauge" v="1435"/>
    <tag k="name" v="Siding Lytton"/>
    <tag k="operator" v="Canadian Pacific Kansas City"/>
    <tag k="operator:short_name" v="CPKC"/>
    <tag k="operator:website" v="https://www.cpkcr.com/en"/>
    <tag k="operator:wikidata" v="Q117706368"/>
    <tag k="railway" v="rail"/>
    <tag k="service" v="siding"/>
  </way>
  <way id="1347252590">
    <nd ref="12462532791"/>
    <nd ref="12462532788"/>
    <nd ref="12462532787"/>
    <nd ref="12462532786"/>
    <nd ref="12462532785"/>
    <nd ref="12462532835"/>
    <tag k="electrified" v="no"/>
    <tag k="gauge" v="1435"/>
    <tag k="name" v="Siding Lytton"/>
    <tag k="operator" v="Canadian Pacific Kansas City"/>
    <tag k="operator:short_name" v="CPKC"/>
    <tag k="operator:website" v="https://www.cpkcr.com/en"/>
    <tag k="operator:wikidata" v="Q117706368"/>
    <tag k="railway" v="rail"/>
    <tag k="service" v="siding"/>
  </way>
  <way id="1347252591">
    <nd ref="12462532791"/>
    <nd ref="12462532790"/>
    <nd ref="12462532789"/>
    <nd ref="12462532835"/>
    <tag k="electrified" v="no"/>
    <tag k="gauge" v="1435"/>
    <tag k="name" v="Siding Lytton"/>
    <tag k="operator" v="Canadian Pacific Kansas City"/>
    <tag k="operator:short_name" v="CPKC"/>
    <tag k="operator:website" v="https://www.cpkcr.com/en"/>
    <tag k="operator:wikidata" v="Q117706368"/>
    <tag k="railway" v="rail"/>
    <tag k="service" v="siding"/>
  </way>
  <way id="1347252592">
    <nd ref="12462532597"/>
    <nd ref="12462532831"/>
    <nd ref="12462532830"/>
    <nd ref="12462532829"/>
    <nd ref="12462532828"/>
    <nd ref="12462532827"/>
    <nd ref="12462532826"/>
    <nd ref="12462532825"/>
    <nd ref="12462532824"/>
    <nd ref="12462532823"/>
    <nd ref="12462532822"/>
    <nd ref="12462532821"/>
    <nd ref="12462532820"/>
    <nd ref="12462532819"/>
    <nd ref="12462532818"/>
    <nd ref="12462532817"/>
    <nd ref="12462532816"/>
    <nd ref="12462532815"/>
    <tag k="electrified" v="no"/>
    <tag k="gauge" v="1435"/>
    <tag k="name" v="Siding Lytton"/>
    <tag k="operator" v="Canadian Pacific Kansas City"/>
    <tag k="operator:short_name" v="CPKC"/>
    <tag k="operator:website" v="https://www.cpkcr.com/en"/>
    <tag k="operator:wikidata" v="Q117706368"/>
    <tag k="railway" v="rail"/>
    <tag k="service" v="siding"/>
  </way>
  <way id="1347253860">
    <nd ref="1062223488"/>
    <nd ref="1062223422"/>
    <nd ref="1062223657"/>
    <nd ref="1062223595"/>
    <nd ref="1062223449"/>
    <nd ref="1062223547"/>
    <nd ref="1062223511"/>
    <nd ref="1062223598"/>
    <nd ref="1062223408"/>
    <nd ref="1062223697"/>
    <nd ref="1062223661"/>
    <nd ref="1062223522"/>
    <nd ref="1062223641"/>
    <nd ref="1062223616"/>
    <nd ref="1062223627"/>
    <nd ref="1062223411"/>
    <nd ref="1062223421"/>
    <nd ref="1062223621"/>
    <nd ref="1062223625"/>
    <nd ref="1062223639"/>
    <nd ref="1062223453"/>
    <nd ref="1062223463"/>
    <nd ref="1062223611"/>
    <nd ref="1062223699"/>
    <nd ref="1062223659"/>
    <nd ref="1062223480"/>
    <nd ref="12462520377"/>
    <nd ref="12462520378"/>
    <nd ref="12462520379"/>
    <nd ref="12462520380"/>
    <nd ref="12462520381"/>
    <nd ref="12462520382"/>
    <nd ref="12462520383"/>
    <nd ref="12462520384"/>
    <nd ref="12462520385"/>
    <nd ref="12462520386"/>
    <nd ref="12462520387"/>
    <nd ref="12462520388"/>
    <nd ref="12462520389"/>
    <nd ref="12462520390"/>
    <nd ref="12462520391"/>
    <nd ref="12462520392"/>
    <nd ref="12462520393"/>
    <nd ref="12462520394"/>
    <nd ref="12462520395"/>
    <nd ref="12462520396"/>
    <nd ref="12462520397"/>
    <nd ref="12462520398"/>
    <nd ref="12462520399"/>
    <nd ref="12462520400"/>
    <nd ref="12462548501"/>
    <nd ref="12462548502"/>
    <nd ref="12462548503"/>
    <nd ref="12462548504"/>
    <nd ref="12462548505"/>
    <nd ref="12462548513"/>
    <nd ref="12462548512"/>
    <nd ref="12462548511"/>
    <nd ref="12462548510"/>
    <nd ref="12462548509"/>
    <tag k="electrified" v="no"/>
    <tag k="gauge" v="1435"/>
    <tag k="maxspeed" v="30 mph"/>
    <tag k="name" v="Ashcroft Subdivision"/>
    <tag k="operator" v="Canadian National Railway"/>
    <tag k="railway" v="rail"/>
    <tag k="usage" v="main"/>
  </way>
  <way id="1347253861">
    <nd ref="7393086535"/>
    <nd ref="7393086536"/>
    <nd ref="520970893"/>
    <tag k="access" v="private"/>
    <tag k="highway" v="service"/>
  </way>
  <way id="1347253862">
    <nd ref="12462520344"/>
    <nd ref="12462548508"/>
    <nd ref="12462548507"/>
    <nd ref="12462548506"/>
    <nd ref="12462548527"/>
    <nd ref="12462548528"/>
    <nd ref="12462548529"/>
    <nd ref="12462548530"/>
    <nd ref="12462548531"/>
    <nd ref="12462548532"/>
    <nd ref="12462548533"/>
    <nd ref="12462548534"/>
    <nd ref="12462548535"/>
    <nd ref="12462548536"/>
    <nd ref="12462548537"/>
    <nd ref="12462548538"/>
    <nd ref="12462548539"/>
    <nd ref="12462548540"/>
    <nd ref="12462548541"/>
    <nd ref="775965874"/>
    <nd ref="775965883"/>
    <nd ref="775965893"/>
    <nd ref="4174599716"/>
    <nd ref="775965878"/>
    <nd ref="775965887"/>
    <tag k="electrified" v="no"/>
    <tag k="gauge" v="1435"/>
    <tag k="maxspeed" v="30 mph"/>
    <tag k="name" v="Ashcroft Subdivision"/>
    <tag k="operator" v="Canadian National Railway"/>
    <tag k="operator:website" v="https://www.cn.ca/en/"/>
    <tag k="operator:wikidata" v="Q624798"/>
    <tag k="railway" v="rail"/>
    <tag k="usage" v="main"/>
  </way>
  <way id="1347253863">
    <nd ref="12462520377"/>
    <nd ref="12462520376"/>
    <nd ref="12462520375"/>
    <nd ref="12462520374"/>
    <nd ref="12462520373"/>
    <nd ref="12462520372"/>
    <nd ref="12462520371"/>
    <nd ref="12462520370"/>
    <nd ref="12462520369"/>
    <nd ref="12462520368"/>
    <nd ref="12462520367"/>
    <nd ref="12462520366"/>
    <nd ref="12462520365"/>
    <nd ref="12462520364"/>
    <nd ref="12462520363"/>
    <nd ref="12462520362"/>
    <nd ref="12462520361"/>
    <nd ref="12462520360"/>
    <nd ref="12462520359"/>
    <nd ref="12462520358"/>
    <nd ref="12462520357"/>
    <nd ref="12462520356"/>
    <nd ref="12462520355"/>
    <nd ref="12462520354"/>
    <nd ref="12462520353"/>
    <nd ref="12462520352"/>
    <nd ref="12462520351"/>
    <nd ref="12462520350"/>
    <nd ref="12462520349"/>
    <nd ref="12462520348"/>
    <nd ref="12462548513"/>
    <tag k="electrified" v="no"/>
    <tag k="gauge" v="1435"/>
    <tag k="name" v="Siding At Lasha"/>
    <tag k="operator" v="Canadian National Railway"/>
    <tag k="operator:website" v="https://www.cn.ca/en/"/>
    <tag k="operator:wikidata" v="Q624798"/>
    <tag k="railway" v="rail"/>
    <tag k="service" v="siding"/>
  </way>
  <way id="1347253864">
    <nd ref="12462548527"/>
    <nd ref="12462548526"/>
    <nd ref="12462548525"/>
    <nd ref="12462548524"/>
    <nd ref="12462548523"/>
    <nd ref="12462548522"/>
    <nd ref="12462548521"/>
    <nd ref="12462548520"/>
    <nd ref="12462548519"/>
    <nd ref="12462548518"/>
    <nd ref="12462548517"/>
    <nd ref="12462548516"/>
    <nd ref="12462548515"/>
    <nd ref="12462548514"/>
    <nd ref="12462548541"/>
    <tag k="electrified" v="no"/>
    <tag k="gauge" v="1435"/>
    <tag k="operator" v="Canadian National Railway"/>
    <tag k="operator:website" v="https://www.cn.ca/en/"/>
    <tag k="operator:wikidata" v="Q624798"/>
    <tag k="railway" v="rail"/>
    <tag k="service" v="siding"/>
  </way>
  <way id="1347462857">
    <nd ref="520972684"/>
    <nd ref="12464203805"/>
    <nd ref="12464203806"/>
    <nd ref="12464203807"/>
    <nd ref="12464203808"/>
    <nd ref="12464203809"/>
    <nd ref="12464203810"/>
    <nd ref="12464203811"/>
    <nd ref="12464203812"/>
    <nd ref="12464203813"/>
    <nd ref="12464203814"/>
    <nd ref="12464203815"/>
    <nd ref="12464203816"/>
    <nd ref="12464203817"/>
    <nd ref="12464203818"/>
    <nd ref="12464203819"/>
    <nd ref="12464203820"/>
    <nd ref="12464203821"/>
    <nd ref="12464203822"/>
    <nd ref="12464203823"/>
    <tag k="highway" v="track"/>
  </way>
  <way id="1347462858">
    <nd ref="12464203823"/>
    <nd ref="12464203824"/>
    <nd ref="12464203825"/>
    <nd ref="12464203826"/>
    <nd ref="12464203827"/>
    <nd ref="12464203828"/>
    <nd ref="12464203829"/>
    <nd ref="12464203830"/>
    <nd ref="12464203831"/>
    <nd ref="12464203832"/>
    <nd ref="12464203833"/>
    <nd ref="12464203834"/>
    <nd ref="12464203835"/>
    <nd ref="12464203836"/>
    <nd ref="12464203837"/>
    <nd ref="12464203838"/>
    <nd ref="12464203839"/>
    <nd ref="12464203840"/>
    <nd ref="12464203841"/>
    <nd ref="12464203842"/>
    <nd ref="12464203843"/>
    <nd ref="12464203844"/>
    <nd ref="12464203845"/>
    <nd ref="12464203846"/>
    <nd ref="12464203847"/>
    <nd ref="12464203848"/>
    <nd ref="12464203849"/>
    <nd ref="12464203850"/>
    <nd ref="12464203851"/>
    <nd ref="12464203852"/>
    <nd ref="12464203853"/>
    <nd ref="12464203854"/>
    <nd ref="12464203855"/>
    <nd ref="12464203856"/>
    <nd ref="12464203857"/>
    <nd ref="12464203858"/>
    <nd ref="12464203859"/>
    <nd ref="12464203860"/>
    <nd ref="12464203861"/>
    <nd ref="12464203862"/>
    <nd ref="12464203863"/>
    <nd ref="12464203864"/>
    <nd ref="12464203865"/>
    <nd ref="12464203866"/>
    <nd ref="12464203867"/>
    <nd ref="12464203868"/>
    <nd ref="12464203869"/>
    <nd ref="12464203870"/>
    <nd ref="12464203871"/>
    <nd ref="12464203872"/>
    <nd ref="12464203873"/>
    <nd ref="12464203874"/>
    <tag k="highway" v="track"/>
  </way>
  <way id="1347462859">
    <nd ref="12464203875"/>
    <nd ref="12464203876"/>
    <nd ref="12464203877"/>
    <nd ref="12464203878"/>
    <nd ref="12464203879"/>
    <nd ref="12464203880"/>
    <nd ref="12464203881"/>
    <nd ref="12464203882"/>
    <nd ref="12464203883"/>
    <nd ref="12464203874"/>
    <tag k="highway" v="track"/>
  </way>
  <way id="1347462860">
    <nd ref="12464203874"/>
    <nd ref="12464203884"/>
    <nd ref="12464203885"/>
    <nd ref="12464203886"/>
    <nd ref="12464203887"/>
    <nd ref="12464203888"/>
    <nd ref="12464203889"/>
    <nd ref="12464203890"/>
    <nd ref="12464203891"/>
    <nd ref="12464203892"/>
    <nd ref="12464203893"/>
    <nd ref="12464203894"/>
    <nd ref="12464203895"/>
    <nd ref="12464203896"/>
    <nd ref="12464203897"/>
    <nd ref="12464203898"/>
    <nd ref="12464203899"/>
    <nd ref="12464203900"/>
    <nd ref="12464203901"/>
    <nd ref="12464203902"/>
    <nd ref="12464203903"/>
    <nd ref="12464203904"/>
    <nd ref="12464203905"/>
    <nd ref="12464203906"/>
    <nd ref="12464203907"/>
    <nd ref="12464203908"/>
    <nd ref="12464203909"/>
    <nd ref="12464203910"/>
    <nd ref="12464203911"/>
    <nd ref="12464203912"/>
    <nd ref="12464203913"/>
    <nd ref="12464203914"/>
    <nd ref="12464203915"/>
    <nd ref="12464203916"/>
    <nd ref="12464203917"/>
    <nd ref="12464203918"/>
    <nd ref="12464203919"/>
    <nd ref="12464203920"/>
    <nd ref="12464203921"/>
    <nd ref="12464203922"/>
    <nd ref="12464203923"/>
    <nd ref="12464203924"/>
    <nd ref="12464203925"/>
    <nd ref="12464203926"/>
    <nd ref="12464203927"/>
    <nd ref="12464203928"/>
    <nd ref="12464203929"/>
    <nd ref="12464203930"/>
    <nd ref="12464203931"/>
    <nd ref="12464203932"/>
    <nd ref="12464203933"/>
    <nd ref="12464203934"/>
    <nd ref="12464203935"/>
    <nd ref="12464203936"/>
    <nd ref="12464203937"/>
    <nd ref="12464203938"/>
    <nd ref="12464203939"/>
    <nd ref="12464203940"/>
    <nd ref="12464203941"/>
    <nd ref="12464203942"/>
    <nd ref="12464203943"/>
    <nd ref="12464203944"/>
    <nd ref="12464203945"/>
    <nd ref="12464203946"/>
    <nd ref="12464203947"/>
    <nd ref="12464203948"/>
    <nd ref="12464203949"/>
    <nd ref="12464203950"/>
    <nd ref="12464203951"/>
    <nd ref="12464203952"/>
    <nd ref="12464203953"/>
    <nd ref="12464203954"/>
    <nd ref="12464203955"/>
    <nd ref="12464203956"/>
    <nd ref="12464203957"/>
    <nd ref="12464203958"/>
    <nd ref="12464203959"/>
    <nd ref="12464203960"/>
    <nd ref="12464203961"/>
    <nd ref="12464203962"/>
    <nd ref="12464203963"/>
    <nd ref="12464203964"/>
    <nd ref="12464203965"/>
    <nd ref="12464203966"/>
    <nd ref="12464203967"/>
    <nd ref="12464203968"/>
    <nd ref="12464203969"/>
    <nd ref="12464203970"/>
    <nd ref="12464203971"/>
    <nd ref="12464203972"/>
    <nd ref="12464203973"/>
    <nd ref="12464203974"/>
    <nd ref="12464203975"/>
    <nd ref="12464203976"/>
    <nd ref="12464203977"/>
    <nd ref="12850080386"/>
    <nd ref="12464203978"/>
    <nd ref="12464203979"/>
    <nd ref="12464203980"/>
    <nd ref="12464203981"/>
    <nd ref="12464203982"/>
    <nd ref="12464203983"/>
    <nd ref="12464203984"/>
    <nd ref="12464203985"/>
    <nd ref="12464203986"/>
    <nd ref="12464203987"/>
    <nd ref="12464203988"/>
    <nd ref="12464203989"/>
    <nd ref="12464203990"/>
    <nd ref="12464203991"/>
    <nd ref="12464203992"/>
    <nd ref="12464203993"/>
    <nd ref="12464203994"/>
    <nd ref="12464203995"/>
    <nd ref="12464203996"/>
    <nd ref="12464203997"/>
    <nd ref="12464203998"/>
    <nd ref="12464203999"/>
    <nd ref="12464204000"/>
    <nd ref="12464204001"/>
    <nd ref="12464204002"/>
    <nd ref="12464204003"/>
    <nd ref="12464204004"/>
    <nd ref="12464204005"/>
    <nd ref="12464204006"/>
    <nd ref="12464204007"/>
    <nd ref="12464204008"/>
    <nd ref="12464204009"/>
    <nd ref="12464204010"/>
    <nd ref="12464204011"/>
    <nd ref="12464204012"/>
    <nd ref="12464204013"/>
    <nd ref="12464204014"/>
    <nd ref="12464204015"/>
    <nd ref="12464204016"/>
    <nd ref="12464204017"/>
    <nd ref="12464204018"/>
    <nd ref="12464204019"/>
    <nd ref="12464204020"/>
    <nd ref="12464204021"/>
    <nd ref="12464204022"/>
    <nd ref="12464204023"/>
    <nd ref="12464204024"/>
    <nd ref="12464204025"/>
    <nd ref="12464204026"/>
    <nd ref="12464204027"/>
    <nd ref="12464204028"/>
    <nd ref="12464204029"/>
    <nd ref="12464204030"/>
    <nd ref="12464204031"/>
    <nd ref="12464204032"/>
    <nd ref="12464204033"/>
    <nd ref="12464204034"/>
    <nd ref="12464204035"/>
    <nd ref="12464204036"/>
    <nd ref="12464204037"/>
    <nd ref="12464204038"/>
    <nd ref="12464204039"/>
    <nd ref="12464204040"/>
    <nd ref="12464204041"/>
    <nd ref="12464204042"/>
    <nd ref="12464204043"/>
    <nd ref="12464204044"/>
    <nd ref="12464204045"/>
    <nd ref="12464204046"/>
    <nd ref="12464204047"/>
    <nd ref="12464204048"/>
    <nd ref="12464204049"/>
    <nd ref="12464204050"/>
    <nd ref="12464204051"/>
    <nd ref="12464204052"/>
    <nd ref="12464204053"/>
    <nd ref="12464204054"/>
    <nd ref="12464204055"/>
    <nd ref="12464204056"/>
    <nd ref="12464204057"/>
    <nd ref="12464204058"/>
    <nd ref="12464204059"/>
    <nd ref="12464204060"/>
    <nd ref="12464204061"/>
    <nd ref="12464204062"/>
    <nd ref="12464204063"/>
    <nd ref="12464204064"/>
    <nd ref="12464204065"/>
    <nd ref="12464204066"/>
    <nd ref="12464204067"/>
    <nd ref="12464204068"/>
    <nd ref="12464204069"/>
    <nd ref="12464204070"/>
    <nd ref="12464204071"/>
    <nd ref="12464204072"/>
    <nd ref="12464204073"/>
    <nd ref="12464204074"/>
    <nd ref="12464204075"/>
    <nd ref="12464204076"/>
    <nd ref="12464204077"/>
    <nd ref="12464204078"/>
    <nd ref="12464204079"/>
    <nd ref="12464204080"/>
    <nd ref="12464204081"/>
    <nd ref="12464204082"/>
    <nd ref="12464204083"/>
    <nd ref="12464204084"/>
    <nd ref="12464204085"/>
    <nd ref="12464204086"/>
    <nd ref="12464204087"/>
    <nd ref="12464204088"/>
    <nd ref="12464204089"/>
    <nd ref="12464204090"/>
    <tag k="highway" v="track"/>
  </way>
  <way id="1347462861">
    <nd ref="12464204091"/>
    <nd ref="13439626907"/>
    <nd ref="12464204092"/>
    <nd ref="12464204093"/>
    <nd ref="12464204094"/>
    <nd ref="12464204095"/>
    <nd ref="12464204096"/>
    <nd ref="12464204097"/>
    <nd ref="12464204098"/>
    <nd ref="12464204099"/>
    <nd ref="12464204100"/>
    <nd ref="12464204101"/>
    <nd ref="12464204102"/>
    <nd ref="12464204103"/>
    <nd ref="12464204090"/>
    <nd ref="12464204104"/>
    <nd ref="12464204105"/>
    <nd ref="12464204106"/>
    <nd ref="12464204107"/>
    <nd ref="12464204108"/>
    <nd ref="12464204109"/>
    <nd ref="12464204110"/>
    <nd ref="12464204111"/>
    <nd ref="12464204112"/>
    <tag k="highway" v="track"/>
  </way>
  <way id="1347520437">
    <nd ref="522005114"/>
    <nd ref="12464865808"/>
    <nd ref="12464865809"/>
    <nd ref="12464865810"/>
    <nd ref="12464865811"/>
    <nd ref="12464865812"/>
    <nd ref="12464865813"/>
    <nd ref="12464865814"/>
    <nd ref="12464865815"/>
    <nd ref="12464865816"/>
    <nd ref="12464865817"/>
    <nd ref="12464865818"/>
    <nd ref="12464865819"/>
    <nd ref="12464865820"/>
    <nd ref="12464865821"/>
    <nd ref="12464865822"/>
    <nd ref="12464865823"/>
    <nd ref="12464865824"/>
    <nd ref="12464865825"/>
    <nd ref="12464865826"/>
    <nd ref="12464865827"/>
    <nd ref="12464865828"/>
    <nd ref="12464865829"/>
    <nd ref="12464865830"/>
    <nd ref="12464865831"/>
    <nd ref="12464865832"/>
    <nd ref="12464865833"/>
    <nd ref="12464865834"/>
    <nd ref="12464865835"/>
    <nd ref="12464865836"/>
    <nd ref="12464865837"/>
    <nd ref="12464865838"/>
    <nd ref="12464865839"/>
    <nd ref="12464865840"/>
    <nd ref="12464865841"/>
    <nd ref="12464865842"/>
    <nd ref="12464865843"/>
    <nd ref="12464865844"/>
    <nd ref="12464865845"/>
    <nd ref="12464865846"/>
    <nd ref="12464865847"/>
    <nd ref="12464865848"/>
    <nd ref="12464865849"/>
    <tag k="highway" v="track"/>
  </way>
  <way id="1347520438">
    <nd ref="12464865850"/>
    <nd ref="12464865851"/>
    <nd ref="12464865852"/>
    <nd ref="12464865853"/>
    <nd ref="12464865854"/>
    <nd ref="12464865845"/>
    <nd ref="12464865855"/>
    <nd ref="12464865856"/>
    <nd ref="12464865857"/>
    <nd ref="12464865858"/>
    <nd ref="12464865859"/>
    <nd ref="12464865860"/>
    <nd ref="12464865861"/>
    <nd ref="12464865862"/>
    <nd ref="12464865863"/>
    <nd ref="12464865864"/>
    <nd ref="12464865865"/>
    <nd ref="12464865866"/>
    <tag k="highway" v="track"/>
  </way>
  <way id="1347520439">
    <nd ref="12464865861"/>
    <nd ref="12464865867"/>
    <nd ref="12464865868"/>
    <nd ref="12464865869"/>
    <nd ref="12464865870"/>
    <nd ref="12464865871"/>
    <nd ref="12464865872"/>
    <nd ref="12464865873"/>
    <nd ref="12464865874"/>
    <nd ref="12464865875"/>
    <nd ref="12464865876"/>
    <nd ref="12464865877"/>
    <nd ref="12464865878"/>
    <nd ref="12464865879"/>
    <nd ref="12464865880"/>
    <nd ref="12464865881"/>
    <nd ref="12464865882"/>
    <nd ref="12464865883"/>
    <nd ref="12464865884"/>
    <nd ref="12464865885"/>
    <nd ref="12464865886"/>
    <nd ref="12464865887"/>
    <nd ref="12464865888"/>
    <nd ref="12464865889"/>
    <nd ref="12464865890"/>
    <nd ref="12464865891"/>
    <nd ref="12464865892"/>
    <nd ref="12464865893"/>
    <nd ref="12464865894"/>
    <nd ref="12464865895"/>
    <nd ref="12464865896"/>
    <nd ref="12464865897"/>
    <tag k="highway" v="track"/>
  </way>
  <way id="1347520440">
    <nd ref="522005114"/>
    <nd ref="12464865898"/>
    <nd ref="12464865899"/>
    <nd ref="12464865900"/>
    <nd ref="12464865901"/>
    <nd ref="12464865902"/>
    <nd ref="12464865903"/>
    <nd ref="12464865904"/>
    <nd ref="12464865905"/>
    <nd ref="12464865906"/>
    <nd ref="12464865907"/>
    <nd ref="12464865908"/>
    <nd ref="12464865909"/>
    <nd ref="12464865910"/>
    <nd ref="12464865911"/>
    <nd ref="12464865912"/>
    <nd ref="12464865913"/>
    <nd ref="12464865914"/>
    <nd ref="12464865915"/>
    <nd ref="12464865916"/>
    <nd ref="12464865917"/>
    <nd ref="12464865918"/>
    <nd ref="12464865919"/>
    <nd ref="12464865920"/>
    <nd ref="12464865921"/>
    <nd ref="12464865922"/>
    <nd ref="12464865923"/>
    <tag k="highway" v="track"/>
  </way>
  <way id="1347520441">
    <nd ref="12464865923"/>
    <nd ref="12464865924"/>
    <nd ref="12464865925"/>
    <nd ref="12464865926"/>
    <nd ref="12464865927"/>
    <nd ref="12464865928"/>
    <nd ref="12464865929"/>
    <nd ref="12464865930"/>
    <nd ref="12464865931"/>
    <nd ref="12464865932"/>
    <nd ref="12464865933"/>
    <nd ref="12464865934"/>
    <nd ref="12464865935"/>
    <nd ref="12464865936"/>
    <nd ref="12464865937"/>
    <nd ref="12464865938"/>
    <nd ref="12464865939"/>
    <nd ref="12464865940"/>
    <nd ref="12464865941"/>
    <nd ref="12464865942"/>
    <nd ref="12464865943"/>
    <tag k="highway" v="track"/>
  </way>
  <way id="1347520442">
    <nd ref="12464865923"/>
    <nd ref="12464865944"/>
    <nd ref="12464865945"/>
    <nd ref="12464865946"/>
    <nd ref="12464865947"/>
    <nd ref="12464865948"/>
    <nd ref="12464865949"/>
    <nd ref="12464865950"/>
    <nd ref="12464865951"/>
    <nd ref="12464865952"/>
    <nd ref="12464865953"/>
    <nd ref="12464865954"/>
    <nd ref="12464865955"/>
    <nd ref="12464865956"/>
    <nd ref="12464865957"/>
    <nd ref="12464865958"/>
    <nd ref="12464865959"/>
    <nd ref="12464865960"/>
    <nd ref="12464865961"/>
    <nd ref="12464865962"/>
    <nd ref="12464865963"/>
    <nd ref="12464865964"/>
    <nd ref="12464865965"/>
    <nd ref="12464865966"/>
    <nd ref="12464865967"/>
    <nd ref="12464865968"/>
    <nd ref="12464865969"/>
    <nd ref="12464865970"/>
    <nd ref="12464865971"/>
    <nd ref="12464865972"/>
    <nd ref="12464865973"/>
    <nd ref="12464865974"/>
    <nd ref="12464865975"/>
    <nd ref="12464865976"/>
    <nd ref="12464865977"/>
    <nd ref="12464865978"/>
    <nd ref="12464865979"/>
    <nd ref="12464865980"/>
    <nd ref="12464865981"/>
    <nd ref="12464865982"/>
    <nd ref="12464865983"/>
    <nd ref="12464865984"/>
    <nd ref="12464865985"/>
    <nd ref="12464865986"/>
    <nd ref="12464865987"/>
    <nd ref="12464865988"/>
    <nd ref="12464865989"/>
    <nd ref="12464865990"/>
    <nd ref="12464865991"/>
    <nd ref="12464865992"/>
    <nd ref="12464865993"/>
    <nd ref="12464865994"/>
    <nd ref="12464865995"/>
    <nd ref="12464865996"/>
    <nd ref="12464865997"/>
    <nd ref="12464865998"/>
    <nd ref="12464865999"/>
    <nd ref="12464866000"/>
    <nd ref="12464866001"/>
    <nd ref="12464866002"/>
    <nd ref="12464866003"/>
    <nd ref="12464866004"/>
    <nd ref="12464866005"/>
    <nd ref="12464866006"/>
    <nd ref="12464866007"/>
    <nd ref="12464866008"/>
    <nd ref="12464866009"/>
    <nd ref="12464866010"/>
    <nd ref="12464866011"/>
    <nd ref="12464866012"/>
    <nd ref="12464866013"/>
    <nd ref="12464866014"/>
    <nd ref="12464866015"/>
    <nd ref="12464866016"/>
    <nd ref="12464866017"/>
    <nd ref="12464866018"/>
    <nd ref="12464866019"/>
    <nd ref="12464866020"/>
    <nd ref="12464866021"/>
    <nd ref="12464866022"/>
    <nd ref="12464866023"/>
    <nd ref="12464866024"/>
    <nd ref="12464866025"/>
    <nd ref="12464866026"/>
    <nd ref="12464866027"/>
    <nd ref="12464866028"/>
    <nd ref="12464866029"/>
    <nd ref="12464866030"/>
    <nd ref="12464866031"/>
    <nd ref="12464866032"/>
    <nd ref="12464866033"/>
    <nd ref="12464866034"/>
    <nd ref="12464866035"/>
    <nd ref="12464866036"/>
    <nd ref="12464866037"/>
    <tag k="highway" v="track"/>
  </way>
  <way id="1387128278">
    <nd ref="12841151863"/>
    <nd ref="12841120960"/>
    <nd ref="12841120959"/>
    <nd ref="12841120958"/>
    <nd ref="12841120957"/>
    <nd ref="12841120956"/>
    <nd ref="12841120955"/>
    <nd ref="12841120954"/>
    <nd ref="12841120953"/>
    <tag k="highway" v="track"/>
  </way>
  <way id="1387128280">
    <nd ref="520973555"/>
    <nd ref="12841120962"/>
    <nd ref="12841120967"/>
    <nd ref="12841120961"/>
    <nd ref="12841151863"/>
    <tag k="highway" v="track"/>
  </way>
  <way id="1387128281">
    <nd ref="12841120966"/>
    <nd ref="12841120965"/>
    <nd ref="12841120964"/>
    <nd ref="12841120952"/>
    <tag k="highway" v="track"/>
  </way>
  <way id="1387128282">
    <nd ref="12841120967"/>
    <nd ref="12841151861"/>
    <tag k="highway" v="track"/>
  </way>
  <way id="1387128283">
    <nd ref="12841151863"/>
    <nd ref="12841151862"/>
    <nd ref="12841151861"/>
    <nd ref="12841151860"/>
    <nd ref="12841151859"/>
    <nd ref="12841151858"/>
    <nd ref="12841151857"/>
    <nd ref="12841151856"/>
    <nd ref="12841151855"/>
    <nd ref="12841151854"/>
    <nd ref="12841151853"/>
    <nd ref="12841151852"/>
    <nd ref="12841151851"/>
    <nd ref="12841151850"/>
    <nd ref="12841151849"/>
    <nd ref="12841151848"/>
    <nd ref="12841151847"/>
    <nd ref="12841151846"/>
    <nd ref="12841151845"/>
    <nd ref="12841151844"/>
    <nd ref="12841151843"/>
    <nd ref="12841151842"/>
    <nd ref="12841151841"/>
    <nd ref="12841151840"/>
    <nd ref="12841151839"/>
    <nd ref="12841151838"/>
    <nd ref="12841151837"/>
    <nd ref="12841151836"/>
    <nd ref="12841151835"/>
    <nd ref="12841151834"/>
    <nd ref="12841151833"/>
    <nd ref="12841151832"/>
    <nd ref="12841151831"/>
    <nd ref="12841151830"/>
    <nd ref="12841151829"/>
    <nd ref="12841151828"/>
    <nd ref="12841151827"/>
    <nd ref="12841151826"/>
    <nd ref="12841151825"/>
    <nd ref="12841151824"/>
    <nd ref="12841151823"/>
    <nd ref="12841151822"/>
    <nd ref="12841151821"/>
    <nd ref="12841151820"/>
    <nd ref="12841151819"/>
    <nd ref="12841151818"/>
    <nd ref="12841151817"/>
    <nd ref="12841151816"/>
    <nd ref="12841151815"/>
    <nd ref="12841151814"/>
    <nd ref="12841151813"/>
    <nd ref="12841151812"/>
    <nd ref="12841151811"/>
    <nd ref="12841151810"/>
    <nd ref="12841151809"/>
    <nd ref="12841151808"/>
    <nd ref="12841151807"/>
    <nd ref="12841151806"/>
    <nd ref="12841151805"/>
    <nd ref="12841151804"/>
    <nd ref="12841151803"/>
    <nd ref="12841151802"/>
    <nd ref="12841151801"/>
    <nd ref="12841121000"/>
    <nd ref="12841120999"/>
    <nd ref="12841120998"/>
    <nd ref="12841120997"/>
    <nd ref="12841120996"/>
    <nd ref="12841120995"/>
    <nd ref="12841120994"/>
    <nd ref="12841120993"/>
    <nd ref="12841120992"/>
    <nd ref="12841120991"/>
    <nd ref="12841120990"/>
    <nd ref="12841120989"/>
    <nd ref="12841120988"/>
    <nd ref="12841120987"/>
    <nd ref="12841120986"/>
    <nd ref="12841120985"/>
    <nd ref="12841120984"/>
    <nd ref="12841120983"/>
    <nd ref="12841120982"/>
    <nd ref="12841120981"/>
    <nd ref="12841120980"/>
    <nd ref="12841120979"/>
    <nd ref="12841120978"/>
    <nd ref="12841120952"/>
    <nd ref="12841120977"/>
    <nd ref="12841120976"/>
    <nd ref="12841120975"/>
    <nd ref="12841120974"/>
    <nd ref="12841120973"/>
    <nd ref="12841120972"/>
    <nd ref="12841120971"/>
    <nd ref="12841120970"/>
    <nd ref="12841120969"/>
    <nd ref="12841120968"/>
    <tag k="highway" v="track"/>
  </way>
  <way id="1387128284">
    <nd ref="12841151863"/>
    <nd ref="12841151920"/>
    <nd ref="12841151919"/>
    <nd ref="12841151918"/>
    <nd ref="12841151917"/>
    <nd ref="12841151916"/>
    <nd ref="12841151915"/>
    <nd ref="12841151914"/>
    <nd ref="12841151913"/>
    <nd ref="12841151912"/>
    <nd ref="12841151911"/>
    <nd ref="12841151910"/>
    <nd ref="12841151909"/>
    <nd ref="12841151908"/>
    <nd ref="12841151907"/>
    <nd ref="12841151906"/>
    <nd ref="12841151905"/>
    <nd ref="12841151904"/>
    <nd ref="12841151903"/>
    <nd ref="12841151902"/>
    <nd ref="12841151901"/>
    <nd ref="12841151900"/>
    <nd ref="12841151899"/>
    <nd ref="12841151898"/>
    <nd ref="12841151897"/>
    <nd ref="12841151896"/>
    <nd ref="12841151895"/>
    <nd ref="12841151894"/>
    <nd ref="12841151893"/>
    <nd ref="12841151892"/>
    <nd ref="12841151891"/>
    <nd ref="12841151890"/>
    <nd ref="12841151889"/>
    <nd ref="12841151888"/>
    <nd ref="12841151887"/>
    <nd ref="12841151886"/>
    <nd ref="12841151885"/>
    <nd ref="12841151884"/>
    <nd ref="12841151883"/>
    <nd ref="12841151882"/>
    <nd ref="12841151881"/>
    <nd ref="12841151880"/>
    <nd ref="12841151879"/>
    <nd ref="12841151878"/>
    <nd ref="12841151877"/>
    <nd ref="12841151876"/>
    <nd ref="12841151875"/>
    <nd ref="12841151874"/>
    <nd ref="12841151873"/>
    <nd ref="12841151872"/>
    <nd ref="12841151871"/>
    <nd ref="12841151870"/>
    <nd ref="12841151869"/>
    <nd ref="12841151868"/>
    <nd ref="12841151867"/>
    <nd ref="12841151866"/>
    <nd ref="12841151865"/>
    <nd ref="12841151864"/>
    <tag k="highway" v="track"/>
  </way>
  <way id="1387128285">
    <nd ref="12841151864"/>
    <nd ref="12841151944"/>
    <nd ref="12841151943"/>
    <nd ref="12841151942"/>
    <nd ref="12841151941"/>
    <nd ref="12841151940"/>
    <nd ref="12841151939"/>
    <nd ref="12841151938"/>
    <nd ref="12841151937"/>
    <nd ref="12841151936"/>
    <nd ref="12841151935"/>
    <nd ref="12841151934"/>
    <nd ref="12841151933"/>
    <nd ref="12841151932"/>
    <nd ref="12841151931"/>
    <nd ref="12841151930"/>
    <nd ref="12841151929"/>
    <nd ref="12841151928"/>
    <nd ref="12841151927"/>
    <nd ref="12841151926"/>
    <nd ref="12841151925"/>
    <nd ref="12841151924"/>
    <nd ref="12841151923"/>
    <nd ref="12841151922"/>
    <nd ref="12841151921"/>
    <tag k="highway" v="track"/>
  </way>
  <way id="1387128286">
    <nd ref="12841151985"/>
    <nd ref="12841151984"/>
    <nd ref="12841151983"/>
    <nd ref="12841151982"/>
    <nd ref="12841151981"/>
    <nd ref="12841151980"/>
    <nd ref="12841151979"/>
    <nd ref="12841151978"/>
    <nd ref="12841151977"/>
    <nd ref="12841151976"/>
    <nd ref="12841151975"/>
    <nd ref="12841151974"/>
    <nd ref="12841151973"/>
    <nd ref="12841151972"/>
    <nd ref="12841151971"/>
    <nd ref="12841151970"/>
    <nd ref="12841151969"/>
    <nd ref="12841151968"/>
    <nd ref="12841151967"/>
    <nd ref="12841151966"/>
    <nd ref="12841151965"/>
    <nd ref="12841151964"/>
    <nd ref="12841151963"/>
    <nd ref="12841151962"/>
    <nd ref="12841151961"/>
    <nd ref="12841151960"/>
    <nd ref="12841151959"/>
    <nd ref="12841151958"/>
    <nd ref="12841151957"/>
    <nd ref="12841151956"/>
    <nd ref="12841151955"/>
    <nd ref="12841151954"/>
    <nd ref="12841151953"/>
    <nd ref="12841151952"/>
    <nd ref="12841151951"/>
    <nd ref="12841151950"/>
    <nd ref="12841151949"/>
    <nd ref="12841151948"/>
    <nd ref="12841151947"/>
    <nd ref="12841151946"/>
    <nd ref="12841151945"/>
    <nd ref="12841151864"/>
    <tag k="highway" v="track"/>
  </way>
  <way id="1387128287">
    <nd ref="12841120963"/>
    <nd ref="12841152054"/>
    <nd ref="12841152053"/>
    <nd ref="12841152052"/>
    <nd ref="12841152051"/>
    <nd ref="12841152050"/>
    <nd ref="12841152049"/>
    <nd ref="12841152048"/>
    <nd ref="12841152047"/>
    <nd ref="12841152046"/>
    <nd ref="12841152045"/>
    <nd ref="12841152044"/>
    <nd ref="12841152043"/>
    <nd ref="12841152042"/>
    <nd ref="12841152041"/>
    <nd ref="12841152040"/>
    <nd ref="12841152039"/>
    <nd ref="12841152038"/>
    <nd ref="12841152037"/>
    <nd ref="12841152036"/>
    <nd ref="12841152035"/>
    <nd ref="12841152034"/>
    <nd ref="12841152033"/>
    <nd ref="12841152032"/>
    <nd ref="12841152031"/>
    <nd ref="12841152030"/>
    <nd ref="12841152029"/>
    <nd ref="12841152028"/>
    <nd ref="12841152027"/>
    <nd ref="12841152026"/>
    <nd ref="12841152025"/>
    <nd ref="12841152024"/>
    <nd ref="12841152023"/>
    <nd ref="12841152022"/>
    <nd ref="12841152021"/>
    <nd ref="12841152020"/>
    <nd ref="12841152019"/>
    <nd ref="12841152018"/>
    <nd ref="12841152017"/>
    <nd ref="12841152016"/>
    <nd ref="12841152015"/>
    <nd ref="12841152014"/>
    <nd ref="12841152013"/>
    <nd ref="12841152012"/>
    <nd ref="12841152011"/>
    <nd ref="12841152010"/>
    <nd ref="12841152009"/>
    <nd ref="12841152008"/>
    <nd ref="12841152007"/>
    <nd ref="12841152006"/>
    <nd ref="12841152005"/>
    <nd ref="12841152004"/>
    <nd ref="12841152003"/>
    <nd ref="12841152002"/>
    <nd ref="12841152001"/>
    <nd ref="12841152000"/>
    <nd ref="12841151999"/>
    <nd ref="12841151998"/>
    <nd ref="12841151997"/>
    <nd ref="12841151996"/>
    <nd ref="12841151995"/>
    <nd ref="12841151994"/>
    <nd ref="12841151993"/>
    <nd ref="12841151992"/>
    <nd ref="12841151991"/>
    <nd ref="12841151990"/>
    <nd ref="12841151989"/>
    <nd ref="12841151988"/>
    <nd ref="12841151987"/>
    <nd ref="12841151986"/>
    <tag k="highway" v="track"/>
  </way>
  <way id="1387128288">
    <nd ref="12841152167"/>
    <nd ref="12841152166"/>
    <nd ref="12841152165"/>
    <nd ref="12841152164"/>
    <nd ref="12841152163"/>
    <nd ref="12841152162"/>
    <nd ref="12841152161"/>
    <nd ref="12841152160"/>
    <nd ref="12841152159"/>
    <nd ref="12841152158"/>
    <nd ref="12841152157"/>
    <nd ref="12841152156"/>
    <nd ref="12841152155"/>
    <nd ref="12841152154"/>
    <nd ref="12841152153"/>
    <nd ref="12841152152"/>
    <nd ref="12841152151"/>
    <nd ref="12841152150"/>
    <nd ref="12841152149"/>
    <nd ref="12841152148"/>
    <nd ref="12841152147"/>
    <nd ref="12841152146"/>
    <nd ref="12841152145"/>
    <nd ref="12841152144"/>
    <nd ref="12841152143"/>
    <nd ref="12841152142"/>
    <nd ref="12841152141"/>
    <nd ref="12841152140"/>
    <nd ref="12841152139"/>
    <nd ref="12841152138"/>
    <nd ref="12841152137"/>
    <nd ref="12841152136"/>
    <nd ref="12841152135"/>
    <nd ref="12841152134"/>
    <nd ref="12841152133"/>
    <nd ref="12841152132"/>
    <nd ref="12841152131"/>
    <nd ref="12841152130"/>
    <nd ref="12841152129"/>
    <nd ref="12841152128"/>
    <nd ref="12841152127"/>
    <nd ref="12841152126"/>
    <nd ref="12841152125"/>
    <nd ref="12841152124"/>
    <nd ref="12841152123"/>
    <nd ref="12841152122"/>
    <nd ref="12841152121"/>
    <nd ref="12841152120"/>
    <nd ref="12841152119"/>
    <nd ref="12841152118"/>
    <nd ref="12841152117"/>
    <nd ref="12841152116"/>
    <nd ref="12841152115"/>
    <nd ref="12841152114"/>
    <nd ref="12841152113"/>
    <nd ref="12841152112"/>
    <nd ref="12841152111"/>
    <nd ref="12841152110"/>
    <nd ref="12841152109"/>
    <nd ref="12841152108"/>
    <nd ref="12841152107"/>
    <nd ref="12841152106"/>
    <nd ref="12841152105"/>
    <nd ref="12841152104"/>
    <nd ref="12841152103"/>
    <nd ref="12841152102"/>
    <nd ref="12841152101"/>
    <nd ref="12841152100"/>
    <nd ref="12841152099"/>
    <nd ref="12841152098"/>
    <nd ref="12841152097"/>
    <nd ref="12841152096"/>
    <nd ref="12841152095"/>
    <nd ref="12841152094"/>
    <nd ref="12841152093"/>
    <nd ref="12841152092"/>
    <nd ref="12841152091"/>
    <nd ref="12841152090"/>
    <nd ref="12841152089"/>
    <nd ref="12841152088"/>
    <nd ref="12841152087"/>
    <nd ref="12841152086"/>
    <nd ref="12841152085"/>
    <nd ref="12841152084"/>
    <nd ref="12841152083"/>
    <nd ref="12841152082"/>
    <nd ref="12841152081"/>
    <nd ref="12841152080"/>
    <nd ref="12841152079"/>
    <nd ref="12841152078"/>
    <nd ref="12841152077"/>
    <nd ref="12841152076"/>
    <nd ref="12841152075"/>
    <nd ref="12841152074"/>
    <nd ref="12841152073"/>
    <nd ref="12841152072"/>
    <nd ref="12841152071"/>
    <nd ref="12841120963"/>
    <nd ref="12841152070"/>
    <nd ref="12841152069"/>
    <tag k="highway" v="track"/>
  </way>
  <way id="1387129803">
    <nd ref="8825472662"/>
    <nd ref="783523233"/>
    <nd ref="783522902"/>
    <nd ref="783522553"/>
    <nd ref="783523330"/>
    <nd ref="783523497"/>
    <nd ref="783523159"/>
    <nd ref="783522805"/>
    <nd ref="783523587"/>
    <nd ref="783522731"/>
    <nd ref="783523515"/>
    <nd ref="783523177"/>
    <nd ref="12841152527"/>
    <tag k="electrified" v="no"/>
    <tag k="gauge" v="1435"/>
    <tag k="maxspeed" v="35 mph"/>
    <tag k="name" v="Ashcroft Subdivision"/>
    <tag k="operator" v="Canadian National Railway"/>
    <tag k="operator:website" v="https://www.cn.ca/en/"/>
    <tag k="operator:wikidata" v="Q624798"/>
    <tag k="railway" v="rail"/>
    <tag k="usage" v="main"/>
  </way>
  <way id="1388137027">
    <nd ref="12850045903"/>
    <nd ref="12850045904"/>
    <nd ref="12850045905"/>
    <nd ref="12850045906"/>
    <nd ref="12850045907"/>
    <nd ref="12850045908"/>
    <nd ref="12850045909"/>
    <nd ref="12850045910"/>
    <nd ref="12850045911"/>
    <nd ref="12850045912"/>
    <nd ref="12850045913"/>
    <nd ref="12850045914"/>
    <nd ref="12850045915"/>
    <nd ref="12850045916"/>
    <nd ref="12850045917"/>
    <nd ref="12850045918"/>
    <nd ref="12850045919"/>
    <nd ref="12850045920"/>
    <tag k="highway" v="track"/>
  </way>
  <way id="1388137030">
    <nd ref="12850045940"/>
    <nd ref="12850045941"/>
    <nd ref="12850045942"/>
    <nd ref="12850045943"/>
    <nd ref="12850045944"/>
    <nd ref="12850045945"/>
    <nd ref="12850045946"/>
    <nd ref="12850045947"/>
    <nd ref="12850045948"/>
    <nd ref="12850045949"/>
    <nd ref="12850045950"/>
    <nd ref="12850045951"/>
    <nd ref="12850045952"/>
    <nd ref="12850045953"/>
    <nd ref="12850045954"/>
    <nd ref="12850045955"/>
    <nd ref="12850045956"/>
    <nd ref="12850045957"/>
    <nd ref="12850045958"/>
    <nd ref="12850045959"/>
    <nd ref="12850045960"/>
    <nd ref="12850045961"/>
    <nd ref="12850045962"/>
    <nd ref="12850045963"/>
    <nd ref="12850045964"/>
    <nd ref="12850045965"/>
    <nd ref="12850045966"/>
    <tag k="highway" v="track"/>
  </way>
  <way id="1388140410">
    <nd ref="12850080357"/>
    <nd ref="12850080337"/>
    <nd ref="12850080336"/>
    <nd ref="12850080335"/>
    <nd ref="12850080334"/>
    <nd ref="12850080333"/>
    <nd ref="12850080332"/>
    <nd ref="12850080331"/>
    <nd ref="12850080330"/>
    <nd ref="12850080329"/>
    <nd ref="12850080328"/>
    <nd ref="12850080327"/>
    <nd ref="12850080326"/>
    <nd ref="12850080325"/>
    <nd ref="12850080324"/>
    <nd ref="12850080323"/>
    <nd ref="12850080322"/>
    <nd ref="12850080321"/>
    <nd ref="12850080320"/>
    <nd ref="12850080319"/>
    <nd ref="12850080318"/>
    <nd ref="12850080317"/>
    <nd ref="12850080316"/>
    <nd ref="12850080315"/>
    <nd ref="12850080314"/>
    <nd ref="12850080313"/>
    <nd ref="12850080312"/>
    <nd ref="12850080311"/>
    <nd ref="12850080310"/>
    <nd ref="12850080309"/>
    <nd ref="12850080308"/>
    <nd ref="12850080307"/>
    <nd ref="12850080306"/>
    <nd ref="12850080305"/>
    <nd ref="12850080304"/>
    <nd ref="12850080303"/>
    <nd ref="12850080302"/>
    <nd ref="12850080301"/>
    <nd ref="12850080300"/>
    <nd ref="12850080299"/>
    <nd ref="12850080298"/>
    <nd ref="12850080297"/>
    <nd ref="12850080296"/>
    <nd ref="12850080295"/>
    <nd ref="12850080294"/>
    <nd ref="12850080293"/>
    <nd ref="12850080292"/>
    <nd ref="12850080291"/>
    <nd ref="12850080290"/>
    <nd ref="12850080289"/>
    <nd ref="12850080288"/>
    <nd ref="12850080287"/>
    <nd ref="12850080286"/>
    <nd ref="12850080285"/>
    <nd ref="12850080284"/>
    <nd ref="12850080283"/>
    <nd ref="12850080282"/>
    <nd ref="12850080281"/>
    <nd ref="12850080280"/>
    <nd ref="12850080279"/>
    <nd ref="12850080278"/>
    <nd ref="12850080277"/>
    <nd ref="12850080276"/>
    <nd ref="12850080275"/>
    <nd ref="12850080274"/>
    <nd ref="12850080273"/>
    <nd ref="12850080272"/>
    <nd ref="12850080271"/>
    <nd ref="12850080270"/>
    <nd ref="12850080269"/>
    <nd ref="12849993680"/>
    <tag k="highway" v="track"/>
  </way>
  <way id="1388140412">
    <nd ref="12850080539"/>
    <nd ref="12850080412"/>
    <nd ref="12850080411"/>
    <nd ref="12850080410"/>
    <nd ref="12850080409"/>
    <nd ref="12850080408"/>
    <nd ref="12850080407"/>
    <nd ref="12850080406"/>
    <nd ref="12850080405"/>
    <nd ref="12850080404"/>
    <nd ref="12850080403"/>
    <nd ref="12850080402"/>
    <nd ref="12850080401"/>
    <nd ref="12850080400"/>
    <nd ref="12850080399"/>
    <nd ref="12850080398"/>
    <nd ref="12850080397"/>
    <nd ref="12850080396"/>
    <nd ref="12850080395"/>
    <nd ref="12850080394"/>
    <nd ref="12850080393"/>
    <nd ref="12850080392"/>
    <nd ref="12850080391"/>
    <nd ref="12850080390"/>
    <nd ref="12850080389"/>
    <nd ref="12850080388"/>
    <nd ref="12850080387"/>
    <tag k="highway" v="track"/>
  </way>
  <way id="1388140413">
    <nd ref="12850080385"/>
    <nd ref="12850080582"/>
    <nd ref="12850080581"/>
    <nd ref="12850080580"/>
    <nd ref="12850080579"/>
    <nd ref="12850080578"/>
    <nd ref="12850080577"/>
    <nd ref="12850080576"/>
    <nd ref="12850080575"/>
    <nd ref="12850080574"/>
    <nd ref="12850080573"/>
    <nd ref="12850080572"/>
    <nd ref="12850080571"/>
    <nd ref="12850080570"/>
    <nd ref="12850080569"/>
    <nd ref="12850080568"/>
    <nd ref="12850080567"/>
    <nd ref="12850080566"/>
    <nd ref="12850080565"/>
    <nd ref="12850080564"/>
    <nd ref="12850080563"/>
    <nd ref="12850080562"/>
    <nd ref="12850080561"/>
    <nd ref="12850080560"/>
    <nd ref="12850080559"/>
    <nd ref="12850080558"/>
    <nd ref="12850080557"/>
    <nd ref="12850080556"/>
    <nd ref="12850080555"/>
    <nd ref="12850080554"/>
    <nd ref="12850080553"/>
    <nd ref="12850080552"/>
    <nd ref="12850080551"/>
    <nd ref="12850080550"/>
    <nd ref="12850080549"/>
    <nd ref="12850080548"/>
    <nd ref="12850080547"/>
    <nd ref="12850080546"/>
    <nd ref="12850080545"/>
    <nd ref="12850080544"/>
    <nd ref="12850080543"/>
    <nd ref="12850080542"/>
    <nd ref="12850080541"/>
    <nd ref="12850080540"/>
    <nd ref="12850080539"/>
    <nd ref="12850080538"/>
    <nd ref="12850080537"/>
    <nd ref="12850080536"/>
    <nd ref="12850080535"/>
    <nd ref="12850080534"/>
    <nd ref="12850080533"/>
    <nd ref="12850080532"/>
    <nd ref="12850080531"/>
    <nd ref="12850080530"/>
    <nd ref="12850080529"/>
    <nd ref="12850080528"/>
    <nd ref="12850080527"/>
    <nd ref="12850080526"/>
    <nd ref="12850080525"/>
    <nd ref="12850080524"/>
    <nd ref="12850080523"/>
    <nd ref="12850080522"/>
    <nd ref="12850080521"/>
    <nd ref="12850080520"/>
    <nd ref="12850080519"/>
    <nd ref="12850080518"/>
    <nd ref="12850080517"/>
    <nd ref="12850080516"/>
    <nd ref="12850080515"/>
    <nd ref="12850080514"/>
    <nd ref="12850080513"/>
    <nd ref="12850080512"/>
    <nd ref="12850080511"/>
    <nd ref="12850080510"/>
    <nd ref="12850080509"/>
    <nd ref="12850080508"/>
    <nd ref="12850080507"/>
    <nd ref="12850080506"/>
    <nd ref="12850080505"/>
    <nd ref="12850080504"/>
    <nd ref="12850080503"/>
    <nd ref="12850080502"/>
    <nd ref="12850080501"/>
    <nd ref="12850080500"/>
    <nd ref="12850080499"/>
    <nd ref="12850080498"/>
    <nd ref="12850080497"/>
    <nd ref="12850080496"/>
    <nd ref="12850080495"/>
    <nd ref="12850080494"/>
    <nd ref="12850080493"/>
    <nd ref="12850080492"/>
    <nd ref="12850080491"/>
    <nd ref="12850080490"/>
    <nd ref="12850080489"/>
    <nd ref="12850080488"/>
    <nd ref="12850080487"/>
    <nd ref="12850080486"/>
    <nd ref="12850080485"/>
    <nd ref="12850080484"/>
    <nd ref="12850080483"/>
    <nd ref="12850080482"/>
    <nd ref="12850080481"/>
    <nd ref="12850080480"/>
    <nd ref="12850080479"/>
    <nd ref="12850080478"/>
    <nd ref="12850080477"/>
    <nd ref="12850080476"/>
    <nd ref="12850080475"/>
    <nd ref="12850080474"/>
    <nd ref="12850080473"/>
    <nd ref="12850080472"/>
    <nd ref="12850080471"/>
    <nd ref="12850080470"/>
    <nd ref="12850080469"/>
    <nd ref="12850080468"/>
    <nd ref="12850080467"/>
    <nd ref="12850080466"/>
    <nd ref="12850080465"/>
    <nd ref="12850080464"/>
    <nd ref="12850080463"/>
    <nd ref="12850080462"/>
    <nd ref="12850080461"/>
    <nd ref="12850080460"/>
    <nd ref="12850080459"/>
    <nd ref="12850080458"/>
    <nd ref="12850080457"/>
    <nd ref="12850080456"/>
    <nd ref="12850080455"/>
    <nd ref="12850080454"/>
    <nd ref="12850080453"/>
    <nd ref="12850080452"/>
    <nd ref="12850080451"/>
    <nd ref="12850080450"/>
    <nd ref="12850080449"/>
    <nd ref="12850080448"/>
    <nd ref="12850080447"/>
    <nd ref="12850080446"/>
    <nd ref="12850080445"/>
    <nd ref="12850080444"/>
    <nd ref="12850080443"/>
    <nd ref="12850080442"/>
    <nd ref="12850080441"/>
    <nd ref="12850080440"/>
    <nd ref="12850080439"/>
    <nd ref="12850080438"/>
    <nd ref="12850080437"/>
    <nd ref="12850080436"/>
    <nd ref="12850080435"/>
    <nd ref="12850080434"/>
    <nd ref="12850080433"/>
    <nd ref="12850080432"/>
    <nd ref="12850080431"/>
    <nd ref="12850080430"/>
    <nd ref="12850080429"/>
    <nd ref="12850080428"/>
    <nd ref="12850080427"/>
    <nd ref="12850080426"/>
    <nd ref="12850080425"/>
    <nd ref="12850080424"/>
    <nd ref="12850080423"/>
    <nd ref="12850080422"/>
    <nd ref="12850080421"/>
    <nd ref="12850080420"/>
    <nd ref="12850080419"/>
    <nd ref="12850080418"/>
    <nd ref="12850080417"/>
    <nd ref="12850080416"/>
    <nd ref="12850080415"/>
    <nd ref="12850080414"/>
    <nd ref="12850080413"/>
    <nd ref="12850080386"/>
    <tag k="highway" v="track"/>
  </way>
  <way id="1419082651">
    <nd ref="13040670180"/>
    <nd ref="13040670179"/>
    <nd ref="13040670178"/>
    <nd ref="13040670177"/>
    <nd ref="13040670176"/>
    <nd ref="13040670175"/>
    <nd ref="13040670174"/>
    <nd ref="13040670173"/>
    <nd ref="13040670172"/>
    <nd ref="13040670171"/>
    <nd ref="13040670170"/>
    <nd ref="13040670169"/>
    <tag k="highway" v="track"/>
  </way>
  <way id="1419082652">
    <nd ref="13040670206"/>
    <nd ref="13040670205"/>
    <nd ref="13040670204"/>
    <nd ref="13040670203"/>
    <nd ref="13040670202"/>
    <nd ref="13040670201"/>
    <nd ref="13040670200"/>
    <nd ref="13040670199"/>
    <nd ref="13040670198"/>
    <nd ref="13040670197"/>
    <nd ref="13040670196"/>
    <nd ref="13040670195"/>
    <nd ref="13040670194"/>
    <nd ref="13040670193"/>
    <nd ref="13040670192"/>
    <nd ref="13040670191"/>
    <nd ref="13040670190"/>
    <nd ref="13040670189"/>
    <nd ref="13040670188"/>
    <nd ref="13040670187"/>
    <nd ref="13040670186"/>
    <nd ref="13040670185"/>
    <nd ref="13040670184"/>
    <nd ref="13040670183"/>
    <nd ref="13040670182"/>
    <nd ref="13040670181"/>
    <nd ref="13040670180"/>
    <tag k="highway" v="track"/>
  </way>
  <way id="1419082653">
    <nd ref="13040670233"/>
    <nd ref="13040670232"/>
    <nd ref="13040670231"/>
    <nd ref="13040670230"/>
    <nd ref="13040670229"/>
    <nd ref="13040670228"/>
    <nd ref="13040670227"/>
    <nd ref="13040670226"/>
    <nd ref="13040670225"/>
    <nd ref="13040670224"/>
    <nd ref="13040670223"/>
    <nd ref="13040670222"/>
    <nd ref="13040670221"/>
    <nd ref="13040670220"/>
    <nd ref="13040670219"/>
    <nd ref="13040670218"/>
    <nd ref="13040670217"/>
    <nd ref="13040670216"/>
    <nd ref="13040670215"/>
    <nd ref="13040670214"/>
    <nd ref="13040670213"/>
    <nd ref="13040670212"/>
    <nd ref="13040670211"/>
    <nd ref="13040670210"/>
    <nd ref="13040670209"/>
    <nd ref="13040670208"/>
    <nd ref="13040670207"/>
    <nd ref="13040670249"/>
    <tag k="highway" v="track"/>
  </way>
  <way id="1419082654">
    <nd ref="13040670300"/>
    <nd ref="13040670268"/>
    <nd ref="13040670267"/>
    <nd ref="13040670266"/>
    <nd ref="13040670265"/>
    <nd ref="13040670264"/>
    <nd ref="13040670263"/>
    <nd ref="13040670262"/>
    <nd ref="13040670261"/>
    <nd ref="13040670260"/>
    <nd ref="13040670259"/>
    <nd ref="13040670258"/>
    <nd ref="13040670257"/>
    <nd ref="13040670256"/>
    <nd ref="13040670255"/>
    <nd ref="13040670254"/>
    <nd ref="13040670253"/>
    <nd ref="13040670252"/>
    <nd ref="13040670251"/>
    <nd ref="13040670250"/>
    <nd ref="13040670249"/>
    <nd ref="13040670248"/>
    <nd ref="13040670247"/>
    <nd ref="13040670246"/>
    <nd ref="13040670245"/>
    <nd ref="13040670244"/>
    <nd ref="13040670243"/>
    <nd ref="13040670242"/>
    <nd ref="13040670241"/>
    <nd ref="13040670240"/>
    <nd ref="13040670239"/>
    <nd ref="13040670238"/>
    <nd ref="13040670237"/>
    <nd ref="13040670236"/>
    <nd ref="13040670235"/>
    <nd ref="13040670234"/>
    <nd ref="13040670180"/>
    <tag k="highway" v="track"/>
  </way>
  <way id="1419082655">
    <nd ref="13040670305"/>
    <nd ref="13040670304"/>
    <nd ref="13040670303"/>
    <nd ref="13040670302"/>
    <nd ref="13040670301"/>
    <nd ref="13040670300"/>
    <nd ref="13040670299"/>
    <nd ref="13040670298"/>
    <nd ref="13040670297"/>
    <nd ref="13040670296"/>
    <nd ref="13040670295"/>
    <nd ref="13040670294"/>
    <nd ref="13040670293"/>
    <nd ref="13040670292"/>
    <nd ref="13040670291"/>
    <nd ref="13040670290"/>
    <nd ref="13040670289"/>
    <nd ref="13040670288"/>
    <nd ref="13040670287"/>
    <nd ref="13040670286"/>
    <nd ref="13040670285"/>
    <nd ref="13040670284"/>
    <nd ref="13040670283"/>
    <nd ref="13040670282"/>
    <nd ref="13040670281"/>
    <nd ref="13040670280"/>
    <nd ref="13040670279"/>
    <nd ref="13040670278"/>
    <nd ref="13040670277"/>
    <nd ref="13040670276"/>
    <nd ref="13040670275"/>
    <nd ref="13040670274"/>
    <nd ref="13040670273"/>
    <nd ref="13040670272"/>
    <nd ref="13040670271"/>
    <nd ref="13040670270"/>
    <nd ref="13040670269"/>
    <nd ref="520970950"/>
    <tag k="highway" v="track"/>
  </way>
  <way id="1419082656">
    <nd ref="13040670331"/>
    <nd ref="13040670330"/>
    <nd ref="13040670329"/>
    <nd ref="13040670328"/>
    <nd ref="13040670327"/>
    <nd ref="13040670326"/>
    <nd ref="13040670325"/>
    <nd ref="13040670324"/>
    <nd ref="13040670323"/>
    <nd ref="13040670322"/>
    <nd ref="13040670321"/>
    <nd ref="13040670320"/>
    <nd ref="13040670319"/>
    <nd ref="13040670318"/>
    <nd ref="13040670317"/>
    <nd ref="13040670316"/>
    <nd ref="13040670315"/>
    <nd ref="13040670314"/>
    <nd ref="13040670313"/>
    <nd ref="13040670312"/>
    <nd ref="13040670311"/>
    <nd ref="13040670310"/>
    <nd ref="13040670309"/>
    <nd ref="13040670308"/>
    <nd ref="13040670307"/>
    <nd ref="13040670306"/>
    <tag k="highway" v="track"/>
  </way>
  <way id="1419082657">
    <nd ref="13040670349"/>
    <nd ref="13040670348"/>
    <nd ref="13040670347"/>
    <nd ref="13040670346"/>
    <nd ref="13040670345"/>
    <nd ref="13040670344"/>
    <nd ref="13040670343"/>
    <nd ref="13040670342"/>
    <nd ref="13040670341"/>
    <nd ref="13040670340"/>
    <nd ref="13040670339"/>
    <nd ref="13040670338"/>
    <nd ref="13040670337"/>
    <nd ref="13040670336"/>
    <nd ref="13040670335"/>
    <nd ref="13040670331"/>
    <nd ref="13040670334"/>
    <nd ref="13040670333"/>
    <nd ref="13040670332"/>
    <tag k="highway" v="service"/>
    <tag k="service" v="driveway"/>
  </way>
  <way id="1419082661">
    <nd ref="520971574"/>
    <nd ref="13040670426"/>
    <nd ref="13040670425"/>
    <nd ref="13040670424"/>
    <nd ref="13040670423"/>
    <nd ref="13040670422"/>
    <nd ref="13040670421"/>
    <nd ref="13040670420"/>
    <nd ref="13040670419"/>
    <nd ref="13040670418"/>
    <nd ref="13040670417"/>
    <nd ref="13040670416"/>
    <nd ref="13040670415"/>
    <nd ref="13040670414"/>
    <nd ref="13040670413"/>
    <nd ref="13040670412"/>
    <nd ref="13040670411"/>
    <nd ref="13040670410"/>
    <nd ref="13040670409"/>
    <nd ref="13040670408"/>
    <nd ref="13040670407"/>
    <nd ref="13040670406"/>
    <nd ref="13040670405"/>
    <nd ref="13040670404"/>
    <nd ref="13040670403"/>
    <nd ref="13040670402"/>
    <nd ref="13040670401"/>
    <nd ref="13040670400"/>
    <nd ref="13040670399"/>
    <nd ref="13040670398"/>
    <nd ref="13040670397"/>
    <nd ref="13040670396"/>
    <nd ref="13040670395"/>
    <nd ref="13040670394"/>
    <nd ref="13040670393"/>
    <nd ref="13040670392"/>
    <nd ref="13040670391"/>
    <nd ref="13040670390"/>
    <nd ref="13040670389"/>
    <nd ref="13040670388"/>
    <nd ref="13040670387"/>
    <nd ref="13040670386"/>
    <nd ref="13040670385"/>
    <nd ref="13040670384"/>
    <nd ref="13040670383"/>
    <nd ref="13040670382"/>
    <nd ref="13040670381"/>
    <nd ref="13040670380"/>
    <nd ref="13040670379"/>
    <nd ref="13040670378"/>
    <nd ref="13040670377"/>
    <nd ref="13040670376"/>
    <nd ref="13040670375"/>
    <nd ref="13040670374"/>
    <nd ref="13040670373"/>
    <nd ref="13040670372"/>
    <nd ref="13040670371"/>
    <nd ref="13040670370"/>
    <nd ref="13040670369"/>
    <nd ref="13040670368"/>
    <nd ref="13040670367"/>
    <nd ref="13040670366"/>
    <tag k="highway" v="track"/>
  </way>
  <way id="1419082664">
    <nd ref="13040670470"/>
    <nd ref="13040670469"/>
    <nd ref="13040670468"/>
    <nd ref="13040670467"/>
    <nd ref="13040670466"/>
    <nd ref="13040670465"/>
    <nd ref="13040670464"/>
    <nd ref="13040670463"/>
    <nd ref="13040670462"/>
    <nd ref="13040670461"/>
    <nd ref="13040670460"/>
    <nd ref="13040670459"/>
    <nd ref="13040670458"/>
    <nd ref="13040670472"/>
    <tag k="highway" v="track"/>
  </way>
  <way id="1419082665">
    <nd ref="13040670555"/>
    <nd ref="13040670516"/>
    <nd ref="13040670515"/>
    <nd ref="13040670514"/>
    <nd ref="13040670513"/>
    <nd ref="13040670512"/>
    <nd ref="13040670511"/>
    <nd ref="13040670510"/>
    <nd ref="13040670509"/>
    <nd ref="13040670508"/>
    <nd ref="13040670507"/>
    <nd ref="13040670506"/>
    <nd ref="13040670505"/>
    <nd ref="13040670504"/>
    <nd ref="13040670503"/>
    <nd ref="13040670502"/>
    <nd ref="13040670501"/>
    <nd ref="13040670500"/>
    <nd ref="13040670499"/>
    <nd ref="13040670498"/>
    <nd ref="13040670497"/>
    <nd ref="13040670496"/>
    <nd ref="13040670495"/>
    <nd ref="13040670494"/>
    <nd ref="13040670493"/>
    <nd ref="13040670492"/>
    <nd ref="13040670491"/>
    <nd ref="13040670490"/>
    <nd ref="13040670489"/>
    <nd ref="13040670488"/>
    <nd ref="13040670487"/>
    <nd ref="13040670486"/>
    <nd ref="13040670485"/>
    <nd ref="13040670484"/>
    <nd ref="13040670483"/>
    <nd ref="13040670168"/>
    <nd ref="13040670482"/>
    <nd ref="13040670481"/>
    <nd ref="13040670480"/>
    <nd ref="13040670479"/>
    <nd ref="13040670478"/>
    <nd ref="13040670477"/>
    <nd ref="13040670476"/>
    <nd ref="13040670475"/>
    <nd ref="13040670474"/>
    <nd ref="13040670473"/>
    <nd ref="13040670472"/>
    <nd ref="13040670471"/>
    <tag k="highway" v="track"/>
  </way>
  <way id="1436828923">
    <nd ref="12413870966"/>
    <nd ref="13206013660"/>
    <nd ref="13206013661"/>
    <nd ref="13206013662"/>
    <nd ref="13206013663"/>
    <nd ref="13206013664"/>
    <nd ref="13206013665"/>
    <nd ref="13206013666"/>
    <nd ref="13206013667"/>
    <nd ref="13206013668"/>
    <nd ref="13206013669"/>
    <nd ref="13206013670"/>
    <nd ref="13206013671"/>
    <nd ref="13206013672"/>
    <nd ref="13206013673"/>
    <nd ref="13206013674"/>
    <nd ref="13206013675"/>
    <nd ref="13206013676"/>
    <nd ref="13206013677"/>
    <nd ref="13206013678"/>
    <nd ref="13206013679"/>
    <nd ref="13206013680"/>
    <nd ref="13206013681"/>
    <nd ref="13206013682"/>
    <nd ref="13206013683"/>
    <nd ref="13206013684"/>
    <nd ref="13206013685"/>
    <nd ref="13206013686"/>
    <nd ref="13206013687"/>
    <tag k="check_date" v="2025-10-09"/>
    <tag k="description" v="Very Steep, narrow trail along ridge with cliff on one side"/>
    <tag k="highway" v="path"/>
    <tag k="incline" v="steep"/>
    <tag k="sac_scale" v="mountain_hiking"/>
    <tag k="surface" v="earth"/>
    <tag k="trail_visibility" v="intermediate"/>
    <tag k="width" v="0.5"/>
  </way>
  <way id="1465307972">
    <nd ref="13439617881"/>
    <nd ref="13439617882"/>
    <nd ref="13439617883"/>
    <nd ref="13439617884"/>
    <nd ref="13439617885"/>
    <nd ref="13439617886"/>
    <nd ref="13439617887"/>
    <nd ref="13439617888"/>
    <nd ref="13439617881"/>
    <nd ref="13439617889"/>
    <nd ref="13439617899"/>
    <nd ref="13439617890"/>
    <nd ref="13439617891"/>
    <nd ref="13439617897"/>
    <nd ref="13439617892"/>
    <nd ref="13439617893"/>
    <nd ref="13439617894"/>
    <nd ref="13439617895"/>
    <nd ref="13439617896"/>
    <nd ref="520972004"/>
    <tag k="highway" v="track"/>
  </way>
  <way id="1469475596">
    <nd ref="13476412789"/>
    <nd ref="521022020"/>
    <nd ref="30447018"/>
    <nd ref="339373582"/>
    <nd ref="13476412792"/>
    <tag k="highway" v="trunk"/>
    <tag k="lanes" v="2"/>
    <tag k="maxspeed" v="100"/>
    <tag k="name" v="Trans-Canada Highway"/>
    <tag k="ref" v="1"/>
  </way>
  <way id="1469475597">
    <nd ref="13476412792"/>
    <nd ref="13476412791"/>
    <tag k="bridge" v="yes"/>
    <tag k="highway" v="trunk"/>
    <tag k="lanes" v="2"/>
    <tag k="layer" v="1"/>
    <tag k="maxspeed" v="100"/>
    <tag k="name" v="Trans-Canada Highway"/>
    <tag k="ref" v="1"/>
  </way>
  <way id="1469475598">
    <nd ref="13476412791"/>
    <nd ref="30447019"/>
    <nd ref="339373584"/>
    <nd ref="30447020"/>
    <nd ref="13476412794"/>
    <tag k="highway" v="trunk"/>
    <tag k="lanes" v="2"/>
    <tag k="maxspeed" v="100"/>
    <tag k="name" v="Trans-Canada Highway"/>
    <tag k="ref" v="1"/>
  </way>
  <way id="1469475599">
    <nd ref="13476412794"/>
    <nd ref="13476412793"/>
    <tag k="bridge" v="yes"/>
    <tag k="highway" v="trunk"/>
    <tag k="lanes" v="2"/>
    <tag k="layer" v="1"/>
    <tag k="maxspeed" v="100"/>
    <tag k="name" v="Trans-Canada Highway"/>
    <tag k="ref" v="1"/>
  </way>
  <way id="1469475600">
    <nd ref="13476412793"/>
    <nd ref="521022018"/>
    <nd ref="339373586"/>
    <nd ref="9858582522"/>
    <nd ref="520971348"/>
    <nd ref="13476462007"/>
    <nd ref="9858514315"/>
    <nd ref="30447021"/>
    <nd ref="30447022"/>
    <nd ref="339373587"/>
    <nd ref="13476412796"/>
    <tag k="highway" v="trunk"/>
    <tag k="lanes" v="2"/>
    <tag k="maxspeed" v="100"/>
    <tag k="name" v="Trans-Canada Highway"/>
    <tag k="ref" v="1"/>
  </way>
  <way id="1469475601">
    <nd ref="13476412796"/>
    <nd ref="13476412795"/>
    <tag k="bridge" v="yes"/>
    <tag k="highway" v="trunk"/>
    <tag k="lanes" v="2"/>
    <tag k="layer" v="1"/>
    <tag k="maxspeed" v="100"/>
    <tag k="name" v="Trans-Canada Highway"/>
    <tag k="ref" v="1"/>
  </way>
  <way id="1469475602">
    <nd ref="13476412795"/>
    <nd ref="13476412798"/>
    <tag k="highway" v="trunk"/>
    <tag k="lanes" v="2"/>
    <tag k="maxspeed" v="100"/>
    <tag k="name" v="Trans-Canada Highway"/>
    <tag k="ref" v="1"/>
  </way>
  <way id="1469475603">
    <nd ref="13476412798"/>
    <nd ref="13476412797"/>
    <tag k="bridge" v="yes"/>
    <tag k="highway" v="trunk"/>
    <tag k="lanes" v="2"/>
    <tag k="layer" v="1"/>
    <tag k="maxspeed" v="100"/>
    <tag k="name" v="Trans-Canada Highway"/>
    <tag k="ref" v="1"/>
  </way>
  <relation id="5991467">
    <member type="way" ref="220543412" role="main_stream"/>
    <member type="way" ref="220543410" role="main_stream"/>
    <member type="way" ref="220543409" role="main_stream"/>
    <member type="way" ref="220543413" role="main_stream"/>
    <member type="way" ref="1036448600" role="main_stream"/>
    <member type="way" ref="292820080" role="main_stream"/>
    <member type="way" ref="159940713" role="main_stream"/>
    <member type="way" ref="1191594199" role="main_stream"/>
    <member type="way" ref="1191594198" role="main_stream"/>
    <member type="way" ref="1191594201" role="main_stream"/>
    <member type="way" ref="1191594200" role="main_stream"/>
    <member type="way" ref="1191594197" role="main_stream"/>
    <member type="way" ref="1191594195" role="main_stream"/>
    <member type="way" ref="1191594196" role="main_stream"/>
    <member type="way" ref="220548134" role="main_stream"/>
    <member type="way" ref="159940707" role="main_stream"/>
    <member type="way" ref="1191512385" role="main_stream"/>
    <member type="way" ref="1191512381" role="main_stream"/>
    <member type="way" ref="1191512384" role="main_stream"/>
    <member type="way" ref="220548132" role="main_stream"/>
    <member type="way" ref="1191512383" role="main_stream"/>
    <member type="way" ref="1191512380" role="main_stream"/>
    <member type="way" ref="1191512382" role="main_stream"/>
    <member type="way" ref="1191512379" role="main_stream"/>
    <member type="way" ref="159940709" role="main_stream"/>
    <member type="way" ref="833643408" role="main_stream"/>
    <member type="way" ref="835952161" role="main_stream"/>
    <member type="way" ref="835952166" role="main_stream"/>
    <member type="way" ref="835655661" role="main_stream"/>
    <member type="way" ref="835655605" role="main_stream"/>
    <member type="way" ref="166709995" role="main_stream"/>
    <member type="way" ref="977005389" role="main_stream"/>
    <member type="way" ref="835661876" role="main_stream"/>
    <member type="way" ref="835661875" role="main_stream"/>
    <member type="way" ref="835915467" role="main_stream"/>
    <member type="way" ref="835655663" role="main_stream"/>
    <member type="way" ref="835661871" role="main_stream"/>
    <member type="way" ref="835661873" role="main_stream"/>
    <member type="way" ref="833643405" role="main_stream"/>
    <member type="way" ref="833643403" role="main_stream"/>
    <member type="way" ref="833643402" role="main_stream"/>
    <member type="way" ref="833643401" role="main_stream"/>
    <member type="way" ref="833712563" role="main_stream"/>
    <member type="way" ref="25199701" role="main_stream"/>
    <member type="way" ref="910628927" role="main_stream"/>
    <member type="way" ref="910628928" role="main_stream"/>
    <member type="way" ref="910628926" role="main_stream"/>
    <member type="way" ref="910628924" role="main_stream"/>
    <member type="way" ref="833643399" role="main_stream"/>
    <member type="way" ref="910964612" role="main_stream"/>
    <member type="way" ref="910964610" role="main_stream"/>
    <member type="way" ref="910964600" role="main_stream"/>
    <member type="way" ref="910964601" role="main_stream"/>
    <member type="way" ref="833643396" role="main_stream"/>
    <member type="way" ref="911420460" role="main_stream"/>
    <member type="way" ref="911420459" role="main_stream"/>
    <member type="way" ref="833643395" role="main_stream"/>
    <member type="way" ref="25199699" role="main_stream"/>
    <member type="way" ref="54829975" role="main_stream"/>
    <member type="way" ref="608563619" role="main_stream"/>
    <member type="way" ref="608563614" role="main_stream"/>
    <member type="way" ref="608563612" role="main_stream"/>
    <member type="way" ref="608563609" role="main_stream"/>
    <member type="way" ref="608563608" role="main_stream"/>
    <member type="way" ref="608563606" role="main_stream"/>
    <member type="way" ref="608563615" role="main_stream"/>
    <member type="way" ref="608563618" role="main_stream"/>
    <member type="way" ref="608563617" role="main_stream"/>
    <member type="way" ref="608563616" role="main_stream"/>
    <member type="way" ref="482528911" role="main_stream"/>
    <member type="way" ref="977053279" role="main_stream"/>
    <member type="way" ref="465993152" role="main_stream"/>
    <member type="way" ref="826037265" role="main_stream"/>
    <member type="way" ref="1217319773" role="main_stream"/>
    <member type="way" ref="465993153" role="main_stream"/>
    <member type="way" ref="95039461" role="main_stream"/>
    <member type="way" ref="881970447" role="main_stream"/>
    <member type="way" ref="881911340" role="main_stream"/>
    <member type="way" ref="475121622" role="main_stream"/>
    <member type="way" ref="72831314" role="side_stream"/>
    <member type="way" ref="95039463" role="side_stream"/>
    <member type="way" ref="72821061" role="side_stream"/>
    <member type="way" ref="72834616" role="side_stream"/>
    <member type="way" ref="95307065" role="side_stream"/>
    <member type="way" ref="72783971" role="side_stream"/>
    <member type="way" ref="72781692" role="side_stream"/>
    <member type="way" ref="72791406" role="side_stream"/>
    <member type="way" ref="72832828" role="side_stream"/>
    <member type="way" ref="72819294" role="side_stream"/>
    <member type="relation" ref="19308474" role="tributary"/>
    <member type="relation" ref="11989721" role="tributary"/>
    <tag k="destination" v="Strait of Georgia"/>
    <tag k="name" v="Fraser River"/>
    <tag k="name:ja" v="フレーザー川"/>
    <tag k="type" v="waterway"/>
    <tag k="waterway" v="river"/>
    <tag k="wikidata" v="Q269710"/>
    <tag k="wikipedia" v="en:Fraser River"/>
  </relation>
  <relation id="7053065">
    <member type="way" ref="479435806" role="from"/>
    <member type="node" ref="520973671" role="via"/>
    <member type="way" ref="42006637" role="to"/>
    <tag k="restriction" v="no_left_turn"/>
    <tag k="type" v="restriction"/>
  </relation>
  <relation id="7053066">
    <member type="way" ref="42006521" role="from"/>
    <member type="node" ref="520973671" role="via"/>
    <member type="way" ref="42006637" role="to"/>
    <tag k="restriction" v="no_left_turn"/>
    <tag k="type" v="restriction"/>
  </relation>
  <relation id="7053067">
    <member type="way" ref="42006521" role="from"/>
    <member type="node" ref="520973671" role="via"/>
    <member type="way" ref="479435806" role="to"/>
    <tag k="restriction" v="no_left_turn"/>
    <tag k="type" v="restriction"/>
  </relation>
  <relation id="7053068">
    <member type="way" ref="42006637" role="from"/>
    <member type="node" ref="520973184" role="via"/>
    <member type="way" ref="479435812" role="to"/>
    <tag k="restriction" v="no_left_turn"/>
    <tag k="type" v="restriction"/>
  </relation>
  <relation id="7053069">
    <member type="way" ref="479435806" role="from"/>
    <member type="node" ref="30447207" role="via"/>
    <member type="way" ref="479435812" role="to"/>
    <tag k="restriction" v="no_right_turn"/>
    <tag k="type" v="restriction"/>
  </relation>
  <relation id="7053070">
    <member type="way" ref="479435815" role="from"/>
    <member type="node" ref="30447207" role="via"/>
    <member type="way" ref="479435806" role="to"/>
    <tag k="restriction" v="no_right_turn"/>
    <tag k="type" v="restriction"/>
  </relation>
  <relation id="7053071">
    <member type="way" ref="479435815" role="from"/>
    <member type="node" ref="520971040" role="via"/>
    <member type="way" ref="42006521" role="to"/>
    <tag k="restriction" v="no_left_turn"/>
    <tag k="type" v="restriction"/>
  </relation>
  <relation id="7055499">
    <member type="way" ref="479505356" role="from"/>
    <member type="node" ref="4725908530" role="via"/>
    <member type="way" ref="479505363" role="to"/>
    <tag k="restriction" v="no_left_turn"/>
    <tag k="type" v="restriction"/>
  </relation>
  <relation id="7055500">
    <member type="way" ref="479505361" role="from"/>
    <member type="node" ref="4725908530" role="via"/>
    <member type="way" ref="479505356" role="to"/>
    <tag k="restriction" v="no_left_turn"/>
    <tag k="type" v="restriction"/>
  </relation>
  <relation id="7055501">
    <member type="way" ref="479505361" role="from"/>
    <member type="node" ref="4725908530" role="via"/>
    <member type="way" ref="479505363" role="to"/>
    <tag k="restriction" v="no_left_turn"/>
    <tag k="type" v="restriction"/>
  </relation>
  <relation id="7055502">
    <member type="way" ref="479505353" role="from"/>
    <member type="node" ref="4725908521" role="via"/>
    <member type="way" ref="479505361" role="to"/>
    <tag k="restriction" v="no_left_turn"/>
    <tag k="type" v="restriction"/>
  </relation>
  <relation id="7055503">
    <member type="way" ref="479505363" role="from"/>
    <member type="node" ref="4725908525" role="via"/>
    <member type="way" ref="479505352" role="to"/>
    <tag k="restriction" v="no_left_turn"/>
    <tag k="type" v="restriction"/>
  </relation>
  <relation id="7055504">
    <member type="way" ref="479505356" role="from"/>
    <member type="node" ref="520971967" role="via"/>
    <member type="way" ref="479505352" role="to"/>
    <tag k="restriction" v="no_right_turn"/>
    <tag k="type" v="restriction"/>
  </relation>
  <relation id="7055505">
    <member type="way" ref="479505353" role="from"/>
    <member type="node" ref="520971967" role="via"/>
    <member type="way" ref="479505356" role="to"/>
    <tag k="restriction" v="no_right_turn"/>
    <tag k="type" v="restriction"/>
  </relation>
  <relation id="7055554">
    <member type="way" ref="479505716" role="from"/>
    <member type="way" ref="479505716" role="to"/>
    <member type="node" ref="520971087" role="via"/>
    <tag k="restriction" v="no_u_turn"/>
    <tag k="type" v="restriction"/>
  </relation>
  <relation id="12533519">
    <member type="node" ref="520974130" role="stop"/>
    <member type="node" ref="520971342" role="stop"/>
    <member type="way" ref="42008355" role=""/>
    <tag k="bicycle" v="yes"/>
    <tag k="duration" v="00:05"/>
    <tag k="fee" v="no"/>
    <tag k="foot" v="yes"/>
    <tag k="motor_vehicle" v="yes"/>
    <tag k="motorcar" v="yes"/>
    <tag k="name" v="Lytton Reaction Ferry (westbound)"/>
    <tag k="network" v="British Columbia Ministry of Transportation"/>
    <tag k="network:wikidata" v="Q4969732"/>
    <tag k="ref" v="Lytton Reaction Ferry"/>
    <tag k="route" v="ferry"/>
    <tag k="type" v="route"/>
    <tag k="website" v="https://www2.gov.bc.ca/gov/content/transportation/passenger-travel/water-travel/inland-ferries"/>
  </relation>
  <relation id="12533803">
    <member type="node" ref="520971342" role="stop"/>
    <member type="node" ref="520974130" role="stop"/>
    <member type="way" ref="42008355" role=""/>
    <tag k="bicycle" v="yes"/>
    <tag k="duration" v="00:05"/>
    <tag k="fee" v="no"/>
    <tag k="foot" v="yes"/>
    <tag k="motor_vehicle" v="yes"/>
    <tag k="motorcar" v="yes"/>
    <tag k="name" v="Lytton Reaction Ferry (eastbound)"/>
    <tag k="network" v="British Columbia Ministry of Transportation"/>
    <tag k="network:wikidata" v="Q4969732"/>
    <tag k="ref" v="Lytton Reaction Ferry"/>
    <tag k="route" v="ferry"/>
    <tag k="type" v="route"/>
    <tag k="website" v="https://www2.gov.bc.ca/gov/content/transportation/passenger-travel/water-travel/inland-ferries"/>
  </relation>
  <relation id="15094210">
    <member type="way" ref="1103663617" role=""/>
    <member type="way" ref="832431190" role=""/>
    <member type="way" ref="832431189" role=""/>
    <member type="way" ref="127295210" role=""/>
    <member type="way" ref="1013866416" role=""/>
    <member type="way" ref="1013866415" role=""/>
    <member type="way" ref="906961219" role=""/>
    <member type="way" ref="1013862693" role=""/>
    <member type="way" ref="1013822838" role=""/>
    <member type="way" ref="25202728" role=""/>
    <tag k="destination" v="Fraser River"/>
    <tag k="name" v="Thompson River"/>
    <tag k="type" v="waterway"/>
    <tag k="waterway" v="river"/>
    <tag k="wikidata" v="Q2143805"/>
    <tag k="wikipedia" v="de:Thompson River (Fraser River)"/>
  </relation>

</osm>
