Time(s),Total cars injected, Total cars arrived,Current cars in system,Exiting people,Total Sumo cars injected,Total Sumo cars arrived,Goal_highway people arrived,Goal_highway cars arrived,Goal_highway flow [veh./h]
0,0,0,0,0,0,0,0,0,0
1,0,0,0,0,0,0,0,0,0
2,0,0,0,0,0,0,0,0,0
3,0,0,0,0,0,0,0,0,0
4,0,0,0,0,0,0,0,0,0
5,0,0,0,0,0,0,0,0,0
6,0,0,0,0,0,0,0,0,0
7,0,0,0,0,0,0,0,0,0
8,0,0,0,0,0,0,0,0,0
9,0,0,0,0,0,0,0,0,0
10,0,0,0,0,0,0,0,0,0
11,0,0,0,0,0,0,0,0,0
12,0,0,0,0,0,0,0,0,0
13,0,0,0,0,0,0,0,0,0
14,0,0,0,0,0,0,0,0,0
15,0,0,0,0,0,0,0,0,0
16,0,0,0,0,0,0,0,0,0
17,0,0,0,0,0,0,0,0,0
18,0,0,0,0,0,0,0,0,0
19,0,0,0,0,0,0,0,0,0
20,0,0,0,0,0,0,0,0,0
21,0,0,0,0,0,0,0,0,0
22,0,0,0,0,0,0,0,0,0
23,0,0,0,0,0,0,0,0,0
24,0,0,0,0,0,0,0,0,0
25,0,0,0,0,0,0,0,0,0
26,0,0,0,0,0,0,0,0,0
27,0,0,0,0,0,0,0,0,0
28,0,0,0,0,0,0,0,0,0
29,0,0,0,0,0,0,0,0,0
30,0,0,0,0,0,0,0,0,0
31,0,0,0,0,0,0,0,0,0
32,0,0,0,0,0,0,0,0,0
33,0,0,0,0,0,0,0,0,0
34,0,0,0,0,0,0,0,0,0
35,1,0,1,0,0,0,0,0,0
36,1,0,1,0,0,0,0,0,0
37,1,0,1,0,0,0,0,0,0
38,1,0,1,0,0,0,0,0,0
39,1,0,1,0,0,0,0,0,0
40,1,0,1,0,0,0,0,0,0
41,1,0,1,0,0,0,0,0,0
42,1,0,1,0,0,0,0,0,0
43,1,0,1,0,0,0,0,0,0
44,1,0,1,0,0,0,0,0,0
45,1,0,1,0,0,0,0,0,0
46,1,0,1,0,0,0,0,0,0
47,1,0,1,0,0,0,0,0,0
48,1,0,1,0,0,0,0,0,0
49,1,0,1,0,0,0,0,0,0
50,1,0,1,0,0,0,0,0,0
51,1,0,1,0,0,0,0,0,0
52,1,0,1,0,0,0,0,0,0
53,1,0,1,0,0,0,0,0,0
54,1,0,1,0,0,0,0,0,0
55,1,0,1,0,0,0,0,0,0
56,1,0,1,0,0,0,0,0,0
57,1,0,1,0,0,0,0,0,0
58,1,0,1,0,0,0,0,0,0
59,1,0,1,0,0,0,0,0,0
60,1,0,1,0,0,0,0,0,0
61,1,0,1,0,0,0,0,0,0
62,1,0,1,0,0,0,0,0,0
63,1,0,1,0,0,0,0,0,0
64,1,0,1,0,0,0,0,0,0
65,1,0,1,0,0,0,0,0,0
66,1,0,1,0,0,0,0,0,0
67,1,0,1,0,0,0,0,0,0
68,1,0,1,0,0,0,0,0,0
69,1,0,1,0,0,0,0,0,0
70,1,0,1,0,0,0,0,0,0
71,1,0,1,0,0,0,0,0,0
72,1,0,1,0,0,0,0,0,0
73,1,0,1,0,0,0,0,0,0
74,2,0,2,0,0,0,0,0,0
75,2,0,2,0,0,0,0,0,0
76,3,0,3,0,0,0,0,0,0
77,3,0,3,0,0,0,0,0,0
78,3,0,3,0,0,0,0,0,0
79,3,0,3,0,0,0,0,0,0
80,3,0,3,0,0,0,0,0,0
81,3,0,3,0,0,0,0,0,0
82,3,0,3,0,0,0,0,0,0
83,3,0,3,0,0,0,0,0,0
84,3,0,3,0,0,0,0,0,0
85,3,0,3,0,0,0,0,0,0
86,3,0,3,0,0,0,0,0,0
87,3,0,3,0,0,0,0,0,0
88,3,0,3,0,0,0,0,0,0
89,3,0,3,0,0,0,0,0,0
90,3,0,3,0,0,0,0,0,0
91,3,0,3,0,0,0,0,0,0
92,3,0,3,0,0,0,0,0,0
93,3,0,3,0,0,0,0,0,0
94,3,0,3,0,0,0,0,0,0
95,3,0,3,0,0,0,0,0,0
96,3,0,3,0,0,0,0,0,0
97,3,0,3,0,0,0,0,0,0
98,3,0,3,0,0,0,0,0,0
99,3,0,3,0,0,0,0,0,0
100,3,0,3,0,0,0,0,0,0
101,3,0,3,0,0,0,0,0,0
102,3,0,3,0,0,0,0,0,0
103,3,0,3,0,0,0,0,0,0
104,3,0,3,0,0,0,0,0,0
105,3,0,3,0,0,0,0,0,0
106,3,0,3,0,0,0,0,0,0
107,3,0,3,0,0,0,0,0,0
108,3,0,3,0,0,0,0,0,0
109,4,0,4,0,0,0,0,0,0
110,4,0,4,0,0,0,0,0,0
111,4,0,4,0,0,0,0,0,0
112,4,0,4,0,0,0,0,0,0
113,5,0,5,0,0,0,0,0,0
114,5,0,5,0,0,0,0,0,0
115,5,0,5,0,0,0,0,0,0
116,5,0,5,0,0,0,0,0,0
117,5,0,5,0,0,0,0,0,0
118,5,0,5,0,0,0,0,0,0
119,5,0,5,0,0,0,0,0,0
120,5,0,5,0,0,0,0,0,0
121,5,0,5,0,0,0,0,0,0
122,5,0,5,0,0,0,0,0,0
123,5,0,5,0,0,0,0,0,0
124,5,0,5,0,0,0,0,0,0
125,5,0,5,0,0,0,0,0,0
126,5,0,5,0,0,0,0,0,0
127,5,0,5,0,0,0,0,0,0
128,5,0,5,0,0,0,0,0,0
129,5,0,5,0,0,0,0,0,0
130,5,0,5,0,0,0,0,0,0
131,5,0,5,0,0,0,0,0,0
132,5,0,5,0,0,0,0,0,0
133,5,0,5,0,0,0,0,0,0
134,5,0,5,0,0,0,0,0,0
135,5,0,5,0,0,0,0,0,0
136,5,0,5,0,0,0,0,0,0
137,5,0,5,0,0,0,0,0,0
138,5,0,5,0,0,0,0,0,0
139,5,0,5,0,0,0,0,0,0
140,5,0,5,0,0,0,0,0,0
141,5,0,5,0,0,0,0,0,0
142,5,0,5,0,0,0,0,0,0
143,5,0,5,0,0,0,0,0,0
144,5,0,5,0,0,0,0,0,0
145,5,0,5,0,0,0,0,0,0
146,5,0,5,0,0,0,0,0,0
147,6,0,6,0,0,0,0,0,0
148,7,0,7,0,0,0,0,0,0
149,8,0,8,0,0,0,0,0,0
150,8,0,8,0,0,0,0,0,0
151,9,0,9,0,0,0,0,0,0
152,9,0,9,0,0,0,0,0,0
153,9,0,9,0,0,0,0,0,0
154,9,0,9,0,0,0,0,0,0
155,9,0,9,0,0,0,0,0,0
156,9,0,9,0,0,0,0,0,0
157,9,0,9,0,0,0,0,0,0
158,9,0,9,0,0,0,0,0,0
159,9,0,9,0,0,0,0,0,0
160,10,0,10,0,0,0,0,0,0
161,10,0,10,0,0,0,0,0,0
162,10,0,10,0,0,0,0,0,0
163,10,0,10,0,0,0,0,0,0
164,11,0,11,0,0,0,0,0,0
165,11,0,11,0,0,0,0,0,0
166,12,0,12,0,0,0,0,0,0
167,12,0,12,0,0,0,0,0,0
168,12,0,12,0,0,0,0,0,0
169,12,0,12,0,0,0,0,0,0
170,12,0,12,0,0,0,0,0,0
171,12,0,12,0,0,0,0,0,0
172,12,0,12,0,0,0,0,0,0
173,12,0,12,0,0,0,0,0,0
174,12,0,12,0,0,0,0,0,0
175,12,0,12,0,0,0,0,0,0
176,13,0,13,0,0,0,0,0,0
177,13,0,13,0,0,0,0,0,0
178,13,0,13,0,0,0,0,0,0
179,13,0,13,0,0,0,0,0,0
180,13,0,13,0,0,0,0,0,0
181,13,0,13,0,0,0,0,0,0
182,13,0,13,0,0,0,0,0,0
183,14,0,14,0,0,0,0,0,0
184,14,0,14,0,0,0,0,0,0
185,14,0,14,0,0,0,0,0,0
186,14,0,14,0,0,0,0,0,0
187,14,0,14,0,0,0,0,0,0
188,14,0,14,0,0,0,0,0,0
189,14,0,14,0,0,0,0,0,0
190,14,0,14,0,0,0,0,0,0
191,14,0,14,0,0,0,0,0,0
192,14,0,14,0,0,0,0,0,0
193,14,0,14,0,0,0,0,0,0
194,14,0,14,0,0,0,0,0,0
195,14,0,14,0,0,0,0,0,0
196,14,0,14,0,0,0,0,0,0
197,14,0,14,0,0,0,0,0,0
198,14,0,14,0,0,0,0,0,0
199,14,0,14,0,0,0,0,0,0
200,14,0,14,0,0,0,0,0,0
201,14,0,14,0,0,0,0,0,0
202,15,0,15,0,0,0,0,0,0
203,15,0,15,0,0,0,0,0,0
204,15,0,15,0,0,0,0,0,0
205,15,0,15,0,0,0,0,0,0
206,15,0,15,0,0,0,0,0,0
207,15,0,15,0,0,0,0,0,0
208,15,0,15,0,0,0,0,0,0
209,15,0,15,0,0,0,0,0,0
210,16,0,16,0,0,0,0,0,0
211,17,0,17,0,0,0,0,0,0
212,17,0,17,0,0,0,0,0,0
213,18,0,18,0,0,0,0,0,0
214,18,0,18,0,0,0,0,0,0
215,18,0,18,0,0,0,0,0,0
216,18,0,18,0,0,0,0,0,0
217,18,0,18,0,0,0,0,0,0
218,18,0,18,0,0,0,0,0,0
219,18,0,18,0,0,0,0,0,0
220,18,0,18,0,0,0,0,0,0
221,19,0,19,0,0,0,0,0,0
222,19,0,19,0,0,0,0,0,0
223,19,0,19,0,0,0,0,0,0
224,19,0,19,0,0,0,0,0,0
225,19,0,19,0,0,0,0,0,0
226,19,0,19,0,0,0,0,0,0
227,19,0,19,0,0,0,0,0,0
228,19,0,19,0,0,0,0,0,0
229,19,0,19,0,0,0,0,0,0
230,19,0,19,0,0,0,0,0,0
231,19,0,19,0,0,0,0,0,0
232,19,0,19,0,0,0,0,0,0
233,19,0,19,0,0,0,0,0,0
234,19,0,19,0,0,0,0,0,0
235,19,0,19,0,0,0,0,0,0
236,19,0,19,0,0,0,0,0,0
237,19,0,19,0,0,0,0,0,0
238,19,0,19,0,0,0,0,0,0
239,20,0,20,0,0,0,0,0,0
240,21,0,21,0,0,0,0,0,0
241,21,0,21,0,0,0,0,0,0
242,21,0,21,0,0,0,0,0,0
243,21,0,21,0,0,0,0,0,0
244,21,0,21,0,0,0,0,0,0
245,21,0,21,0,0,0,0,0,0
246,21,0,21,0,0,0,0,0,0
247,21,0,21,0,0,0,0,0,0
248,21,0,21,0,0,0,0,0,0
249,21,0,21,0,0,0,0,0,0
250,21,0,21,0,0,0,0,0,0
251,21,0,21,0,0,0,0,0,0
252,21,0,21,0,0,0,0,0,0
253,21,0,21,0,0,0,0,0,0
254,22,0,22,0,0,0,0,0,0
255,22,0,22,0,0,0,0,0,0
256,22,0,22,0,0,0,0,0,0
257,22,0,22,0,0,0,0,0,0
258,22,0,22,0,0,0,0,0,0
259,23,0,23,0,0,0,0,0,0
260,23,0,23,0,0,0,0,0,0
261,24,0,24,0,0,0,0,0,0
262,24,0,24,0,0,0,0,0,0
263,25,0,25,0,0,0,0,0,0
264,25,0,25,0,0,0,0,0,0
265,26,0,26,0,0,0,0,0,0
266,26,0,26,0,0,0,0,0,0
267,26,0,26,0,0,0,0,0,0
268,26,0,26,0,0,0,0,0,0
269,26,0,26,0,0,0,0,0,0
270,26,0,26,0,0,0,0,0,0
271,26,0,26,0,0,0,0,0,0
272,26,0,26,0,0,0,0,0,0
273,26,0,26,0,0,0,0,0,0
274,26,0,26,0,0,0,0,0,0
275,26,0,26,0,0,0,0,0,0
276,26,0,26,0,0,0,0,0,0
277,26,0,26,0,0,0,0,0,0
278,26,0,26,0,0,0,0,0,0
279,26,0,26,0,0,0,0,0,0
280,26,0,26,0,0,0,0,0,0
281,26,0,26,0,0,0,0,0,0
282,26,0,26,0,0,0,0,0,0
283,26,0,26,0,0,0,0,0,0
284,26,0,26,0,0,0,0,0,0
285,26,0,26,0,0,0,0,0,0
286,26,0,26,0,0,0,0,0,0
287,26,0,26,0,0,0,0,0,0
288,26,0,26,0,0,0,0,0,0
289,26,0,26,0,0,0,0,0,0
290,26,0,26,0,0,0,0,0,0
291,26,0,26,0,0,0,0,0,0
292,26,0,26,0,0,0,0,0,0
293,26,0,26,0,0,0,0,0,0
294,26,0,26,0,0,0,0,0,0
295,26,0,26,0,0,0,0,0,0
296,26,0,26,0,0,0,0,0,0
297,26,0,26,0,0,0,0,0,0
298,26,0,26,0,0,0,0,0,0
299,26,0,26,0,0,0,0,0,0
300,26,0,26,0,0,0,0,0,0
301,26,0,26,0,0,0,0,0,0
302,27,0,27,0,0,0,0,0,0
303,27,0,27,0,0,0,0,0,0
304,27,0,27,0,0,0,0,0,0
305,27,0,27,0,0,0,0,0,0
306,27,0,27,0,0,0,0,0,0
307,27,0,27,0,0,0,0,0,0
308,28,0,28,0,0,0,0,0,0
309,28,0,28,0,0,0,0,0,0
310,28,0,28,0,0,0,0,0,0
311,28,0,28,0,0,0,0,0,0
312,28,0,28,0,0,0,0,0,0
313,29,0,29,0,0,0,0,0,0
314,29,0,29,0,0,0,0,0,0
315,29,0,29,0,0,0,0,0,0
316,29,0,29,0,0,0,0,0,0
317,29,0,29,0,0,0,0,0,0
318,29,0,29,0,0,0,0,0,0
319,29,0,29,0,0,0,0,0,0
320,29,0,29,0,0,0,0,0,0
321,29,0,29,0,0,0,0,0,0
322,29,0,29,0,0,0,0,0,0
323,29,0,29,0,0,0,0,0,0
324,29,0,29,0,0,0,0,0,0
325,30,0,30,0,0,0,0,0,0
326,30,0,30,0,0,0,0,0,0
327,30,0,30,0,0,0,0,0,0
328,31,0,31,0,0,0,0,0,0
329,32,0,32,0,0,0,0,0,0
330,32,0,32,0,0,0,0,0,0
331,32,0,32,0,0,0,0,0,0
332,32,0,32,0,0,0,0,0,0
333,32,0,32,0,0,0,0,0,0
334,32,0,32,0,0,0,0,0,0
335,33,0,33,0,0,0,0,0,0
336,33,0,33,0,0,0,0,0,0
337,33,0,33,0,0,0,0,0,0
338,33,0,33,0,0,0,0,0,0
339,33,0,33,0,0,0,0,0,0
340,34,0,34,0,0,0,0,0,0
341,34,0,34,0,0,0,0,0,0
342,34,0,34,0,0,0,0,0,0
343,34,0,34,0,0,0,0,0,0
344,34,0,34,0,0,0,0,0,0
345,35,0,35,0,0,0,0,0,0
346,35,0,35,0,0,0,0,0,0
347,35,0,35,0,0,0,0,0,0
348,35,0,35,0,0,0,0,0,0
349,35,0,35,0,0,0,0,0,0
350,35,0,35,0,0,0,0,0,0
351,35,0,35,0,0,0,0,0,0
352,35,0,35,0,0,0,0,0,0
353,35,0,35,0,0,0,0,0,0
354,35,0,35,0,0,0,0,0,0
355,35,0,35,0,0,0,0,0,0
356,36,0,36,0,0,0,0,0,0
357,36,0,36,0,0,0,0,0,0
358,37,0,37,0,0,0,0,0,0
359,38,0,38,0,0,0,0,0,0
360,38,0,38,0,0,0,0,0,0
361,39,0,39,0,0,0,0,0,0
362,39,0,39,0,0,0,0,0,0
363,39,0,39,0,0,0,0,0,0
364,40,0,40,0,0,0,0,0,0
365,40,0,40,0,0,0,0,0,0
366,40,0,40,0,0,0,0,0,0
367,40,0,40,0,0,0,0,0,0
368,40,0,40,0,0,0,0,0,0
369,40,0,40,0,0,0,0,0,0
370,40,0,40,0,0,0,0,0,0
371,44,0,44,0,0,0,0,0,0
372,44,0,44,0,0,0,0,0,0
373,44,0,44,0,0,0,0,0,0
374,45,0,45,0,0,0,0,0,0
375,46,0,46,0,0,0,0,0,0
376,46,0,46,0,0,0,0,0,0
377,46,0,46,0,0,0,0,0,0
378,46,0,46,0,0,0,0,0,0
379,47,0,47,0,0,0,0,0,0
380,47,0,47,0,0,0,0,0,0
381,47,0,47,0,0,0,0,0,0
382,47,0,47,0,0,0,0,0,0
383,48,0,48,0,0,0,0,0,0
384,48,0,48,0,0,0,0,0,0
385,50,0,50,0,0,0,0,0,0
386,50,0,50,0,0,0,0,0,0
387,50,0,50,0,0,0,0,0,0
388,51,0,51,0,0,0,0,0,0
389,51,0,51,0,0,0,0,0,0
390,51,0,51,0,0,0,0,0,0
391,51,0,51,0,0,0,0,0,0
392,52,0,52,0,0,0,0,0,0
393,54,0,54,0,0,0,0,0,0
394,54,0,54,0,0,0,0,0,0
395,54,0,54,0,0,0,0,0,0
396,54,0,54,0,0,0,0,0,0
397,54,0,54,0,0,0,0,0,0
398,55,0,55,0,0,0,0,0,0
399,55,0,55,0,0,0,0,0,0
400,55,0,55,0,0,0,0,0,0
401,55,0,55,0,0,0,0,0,0
402,56,0,56,0,0,0,0,0,0
403,56,0,56,0,0,0,0,0,0
404,57,0,57,0,0,0,0,0,0
405,57,0,57,0,0,0,0,0,0
406,59,0,59,0,0,0,0,0,0
407,61,0,61,0,0,0,0,0,0
408,61,0,61,0,0,0,0,0,0
409,62,0,62,0,0,0,0,0,0
410,64,0,63,0,0,0,0,0,0
411,65,0,65,0,0,0,0,0,0
412,65,0,65,0,0,0,0,0,0
413,65,0,65,0,0,0,0,0,0
414,65,0,65,0,0,0,0,0,0
415,65,0,65,0,0,0,0,0,0
416,67,0,67,0,0,0,0,0,0
417,68,0,68,0,0,0,0,0,0
418,69,0,69,0,0,0,0,0,0
419,71,0,71,0,0,0,0,0,0
420,72,0,71,0,0,0,0,0,0
421,72,0,72,0,0,0,0,0,0
422,73,0,73,0,0,0,0,0,0
423,73,0,73,0,0,0,0,0,0
424,77,0,77,0,0,0,0,0,0
425,78,0,78,0,0,0,0,0,0
426,79,0,79,0,0,0,0,0,0
427,79,0,79,0,0,0,0,0,0
428,80,0,80,0,0,0,0,0,0
429,80,0,80,0,0,0,0,0,0
430,81,0,81,0,0,0,0,0,0
431,83,0,83,0,0,0,0,0,0
432,85,0,85,0,0,0,0,0,0
433,86,0,86,0,0,0,0,0,0
434,86,0,86,0,0,0,0,0,0
435,86,0,86,0,0,0,0,0,0
436,89,0,87,0,0,0,0,0,0
437,92,0,91,0,0,0,0,0,0
438,93,0,92,0,0,0,0,0,0
439,94,0,93,0,0,0,0,0,0
440,94,0,93,0,0,0,0,0,0
441,96,0,96,0,0,0,0,0,0
442,97,0,97,0,0,0,0,0,0
443,100,0,100,0,0,0,0,0,0
444,100,0,100,0,0,0,0,0,0
445,100,0,100,0,0,0,0,0,0
446,100,0,100,0,0,0,0,0,0
447,100,0,100,0,0,0,0,0,0
448,100,0,100,0,0,0,0,0,0
449,103,0,103,0,0,0,0,0,0
450,105,0,105,0,0,0,0,0,0
451,106,0,106,0,0,0,0,0,0
452,108,0,107,0,0,0,0,0,0
453,108,0,107,0,0,0,0,0,0
454,108,0,108,0,0,0,0,0,0
455,108,0,108,0,0,0,0,0,0
456,108,0,108,0,0,0,0,0,0
457,109,0,109,0,0,0,0,0,0
458,111,0,111,0,0,0,0,0,0
459,111,0,111,0,0,0,0,0,0
460,112,0,112,0,0,0,0,0,0
461,114,0,113,0,0,0,0,0,0
462,115,0,115,0,0,0,0,0,0
463,115,0,115,0,0,0,0,0,0
464,115,0,115,0,0,0,0,0,0
465,115,0,115,0,0,0,0,0,0
466,115,0,115,0,0,0,0,0,0
467,115,0,115,0,0,0,0,0,0
468,116,0,116,0,0,0,0,0,0
469,116,0,116,0,0,0,0,0,0
470,117,0,116,0,0,0,0,0,0
471,117,0,116,0,0,0,0,0,0
472,117,0,116,0,0,0,0,0,0
473,117,0,116,0,0,0,0,0,0
474,117,0,117,0,0,0,0,0,0
475,118,0,118,0,0,0,0,0,0
476,119,0,119,0,0,0,0,0,0
477,119,0,119,0,0,0,0,0,0
478,120,0,120,0,0,0,0,0,0
479,122,0,122,0,0,0,0,0,0
480,122,0,122,0,0,0,0,0,0
481,122,0,122,0,0,0,0,0,0
482,123,0,123,0,0,0,0,0,0
483,125,0,125,0,0,0,0,0,0
484,125,0,125,0,0,0,0,0,0
485,126,0,126,0,0,0,0,0,0
486,127,0,126,0,0,0,0,0,0
487,128,0,127,0,0,0,0,0,0
488,130,0,129,0,0,0,0,0,0
489,130,0,129,0,0,0,0,0,0
490,130,0,129,0,0,0,0,0,0
491,130,0,130,0,0,0,0,0,0
492,131,0,131,0,0,0,0,0,0
493,134,0,133,0,0,0,0,0,0
494,137,0,136,0,0,0,0,0,0
495,137,0,137,0,0,0,0,0,0
496,137,0,137,0,0,0,0,0,0
497,138,0,138,0,0,0,0,0,0
498,138,0,138,0,0,0,0,0,0
499,138,0,138,0,0,0,0,0,0
500,139,0,139,0,0,0,0,0,0
501,140,0,140,0,0,0,0,0,0
502,141,0,141,0,0,0,0,0,0
503,142,0,141,0,0,0,0,0,0
504,142,0,141,0,0,0,0,0,0
505,146,0,145,0,0,0,0,0,0
506,146,0,145,0,0,0,0,0,0
507,146,0,145,0,0,0,0,0,0
508,148,0,148,0,0,0,0,0,0
509,148,0,148,0,0,0,0,0,0
510,149,0,149,0,0,0,0,0,0
511,150,0,149,0,0,0,0,0,0
512,150,0,149,0,0,0,0,0,0
513,151,0,151,0,0,0,0,0,0
514,151,0,151,0,0,0,0,0,0
515,152,0,152,0,0,0,0,0,0
516,153,0,152,0,0,0,0,0,0
517,153,0,152,0,0,0,0,0,0
518,154,0,153,0,0,0,0,0,0
519,155,0,154,0,0,0,0,0,0
520,155,0,155,0,0,0,0,0,0
521,157,0,156,0,0,0,0,0,0
522,159,0,159,0,0,0,0,0,0
523,161,0,161,0,0,0,0,0,0
524,161,0,161,0,0,0,0,0,0
525,161,0,161,0,0,0,0,0,0
526,162,0,162,0,0,0,0,0,0
527,162,0,162,0,0,0,0,0,0
528,162,0,162,0,0,0,0,0,0
529,164,0,164,0,0,0,0,0,0
530,165,0,165,0,0,0,0,0,0
531,165,0,165,0,0,0,0,0,0
532,166,0,166,0,0,0,0,0,0
533,166,0,166,0,0,0,0,0,0
534,166,0,166,0,0,0,0,0,0
535,166,0,166,0,0,0,0,0,0
536,168,0,168,0,0,0,0,0,0
537,169,0,169,0,0,0,0,0,0
538,171,0,171,0,0,0,0,0,0
539,171,0,171,0,0,0,0,0,0
540,173,0,173,0,0,0,0,0,0
541,173,0,173,0,0,0,0,0,0
542,174,0,174,0,0,0,0,0,0
543,176,0,175,0,0,0,0,0,0
544,176,0,176,0,0,0,0,0,0
545,178,0,178,0,0,0,0,0,0
546,178,0,178,0,0,0,0,0,0
547,178,0,178,0,0,0,0,0,0
548,178,0,178,0,0,0,0,0,0
549,178,0,178,0,0,0,0,0,0
550,179,0,179,0,0,0,0,0,0
551,180,0,180,0,0,0,0,0,0
552,181,0,180,0,0,0,0,0,0
553,182,0,181,0,0,0,0,0,0
554,182,0,181,0,0,0,0,0,0
555,183,0,182,0,0,0,0,0,0
556,183,0,182,0,0,0,0,0,0
557,183,0,182,0,0,0,0,0,0
558,183,0,182,0,0,0,0,0,0
559,183,0,182,0,0,0,0,0,0
560,183,0,182,0,0,0,0,0,0
561,183,0,182,0,0,0,0,0,0
562,183,0,182,0,0,0,0,0,0
563,184,0,183,0,0,0,0,0,0
564,185,0,185,0,0,0,0,0,0
565,185,0,185,0,0,0,0,0,0
566,185,0,185,0,0,0,0,0,0
567,185,0,185,0,0,0,0,0,0
568,186,0,186,0,0,0,0,0,0
569,186,0,186,0,0,0,0,0,0
570,188,0,188,0,0,0,0,0,0
571,189,0,189,0,0,0,0,0,0
572,189,0,189,0,0,0,0,0,0
573,192,0,192,0,0,0,0,0,0
574,192,0,192,0,0,0,0,0,0
575,192,0,192,0,0,0,0,0,0
576,193,0,192,0,0,0,0,0,0
577,194,0,193,0,0,0,0,0,0
578,194,0,193,0,0,0,0,0,0
579,194,0,193,0,0,0,0,0,0
580,194,0,193,0,0,0,0,0,0
581,194,0,193,0,0,0,0,0,0
582,194,0,193,0,0,0,0,0,0
583,194,0,194,0,0,0,0,0,0
584,196,0,196,0,0,0,0,0,0
585,197,0,197,0,0,0,0,0,0
586,198,0,198,0,0,0,0,0,0
587,201,0,200,0,0,0,0,0,0
588,204,0,202,0,0,0,0,0,0
589,204,0,202,0,0,0,0,0,0
590,205,0,203,0,0,0,0,0,0
591,206,0,204,0,0,0,0,0,0
592,206,0,204,0,0,0,0,0,0
593,206,0,205,0,0,0,0,0,0
594,210,0,208,0,0,0,0,0,0
595,212,0,208,0,0,0,0,0,0
596,213,0,209,0,0,0,0,0,0
597,213,0,210,0,0,0,0,0,0
598,214,0,212,0,0,0,0,0,0
599,214,0,212,0,0,0,0,0,0
600,214,0,212,0,0,0,0,0,0
601,215,0,214,0,0,0,0,0,0
602,216,0,215,0,0,0,0,0,0
603,216,0,215,0,0,0,0,0,0
604,217,0,216,0,0,0,0,0,0
605,217,0,216,0,0,0,0,0,0
606,217,0,217,0,0,0,0,0,0
607,217,0,217,0,0,0,0,0,0
608,217,0,217,0,0,0,0,0,0
609,217,0,217,0,0,0,0,0,0
610,217,0,217,0,0,0,0,0,0
611,218,0,218,0,0,0,0,0,0
612,219,0,219,0,0,0,0,0,0
613,219,0,219,0,0,0,0,0,0
614,219,0,219,0,0,0,0,0,0
615,221,0,221,0,0,0,0,0,0
616,222,0,221,0,0,0,0,0,0
617,222,0,222,0,0,0,0,0,0
618,222,0,222,0,0,0,0,0,0
619,223,0,223,0,0,0,0,0,0
620,223,0,223,0,0,0,0,0,0
621,224,0,224,0,0,0,0,0,0
622,225,0,225,0,0,0,0,0,0
623,225,0,225,0,0,0,0,0,0
624,225,0,225,0,0,0,0,0,0
625,226,0,226,0,0,0,0,0,0
626,226,0,226,0,0,0,0,0,0
627,228,0,227,0,0,0,0,0,0
628,229,0,227,0,0,0,0,0,0
629,230,0,228,0,0,0,0,0,0
630,230,0,229,0,0,0,0,0,0
631,230,0,230,0,0,0,0,0,0
632,231,0,230,0,0,0,0,0,0
633,232,0,231,0,0,0,0,0,0
634,234,0,233,0,0,0,0,0,0
635,234,0,233,0,0,0,0,0,0
636,235,0,235,0,0,0,0,0,0
637,236,0,236,0,0,0,0,0,0
638,236,0,236,0,0,0,0,0,0
639,237,0,237,0,0,0,0,0,0
640,238,0,238,0,0,0,0,0,0
641,239,0,238,0,0,0,0,0,0
642,239,0,238,0,0,0,0,0,0
643,239,0,238,0,0,0,0,0,0
644,239,0,239,0,0,0,0,0,0
645,239,0,239,0,0,0,0,0,0
646,239,0,239,0,0,0,0,0,0
647,240,0,240,0,0,0,0,0,0
648,241,0,241,0,0,0,0,0,0
649,241,0,241,0,0,0,0,0,0
650,242,0,241,0,0,0,0,0,0
651,242,0,241,0,0,0,0,0,0
652,243,0,242,0,0,0,0,0,0
653,244,0,243,0,0,0,0,0,0
654,245,0,244,0,0,0,0,0,0
655,247,0,246,0,0,0,0,0,0
656,248,0,247,0,0,0,0,0,0
657,248,0,247,0,0,0,0,0,0
658,249,0,248,0,0,0,0,0,0
659,249,0,248,0,0,0,0,0,0
660,251,0,248,0,0,0,0,0,0
661,252,0,249,0,0,0,0,0,0
662,254,0,251,0,0,0,0,0,0
663,254,0,251,0,0,0,0,0,0
664,255,0,253,0,0,0,0,0,0
665,256,0,254,0,0,0,0,0,0
666,256,0,255,0,0,0,0,0,0
667,257,0,256,0,0,0,0,0,0
668,258,0,258,0,0,0,0,0,0
669,258,0,258,0,0,0,0,0,0
670,259,0,258,0,0,0,0,0,0
671,260,0,259,0,0,0,0,0,0
672,260,0,259,0,0,0,0,0,0
673,260,0,259,0,0,0,0,0,0
674,260,0,259,0,0,0,0,0,0
675,261,0,260,0,0,0,0,0,0
676,261,0,260,0,0,0,0,0,0
677,261,0,260,0,0,0,0,0,0
678,264,0,263,0,0,0,0,0,0
679,264,0,263,0,0,0,0,0,0
680,265,0,264,0,0,0,0,0,0
681,265,0,264,0,0,0,0,0,0
682,266,0,265,0,0,0,0,0,0
683,267,0,266,0,0,0,0,0,0
684,267,0,266,0,0,0,0,0,0
685,267,0,266,0,0,0,0,0,0
686,268,0,266,0,0,0,0,0,0
687,270,0,267,0,0,0,0,0,0
688,271,0,270,0,0,0,0,0,0
689,276,0,273,0,0,0,0,0,0
690,277,0,274,0,0,0,0,0,0
691,278,0,274,0,0,0,0,0,0
692,280,0,278,0,0,0,0,0,0
693,280,0,278,0,0,0,0,0,0
694,281,0,278,0,0,0,0,0,0
695,282,0,279,0,0,0,0,0,0
696,282,0,279,0,0,0,0,0,0
697,282,0,281,0,0,0,0,0,0
698,282,0,281,0,0,0,0,0,0
699,284,0,283,0,0,0,0,0,0
700,284,0,283,0,0,0,0,0,0
701,285,0,284,0,0,0,0,0,0
702,286,0,285,0,0,0,0,0,0
703,287,0,286,0,0,0,0,0,0
704,288,0,288,0,0,0,0,0,0
705,290,0,290,0,0,0,0,0,0
706,292,0,291,0,0,0,0,0,0
707,294,0,294,0,0,0,0,0,0
708,297,0,296,0,0,0,0,0,0
709,299,0,298,0,0,0,0,0,0
710,299,0,298,0,0,0,0,0,0
711,300,0,298,0,0,0,0,0,0
712,302,0,300,0,0,0,0,0,0
713,303,0,301,0,0,0,0,0,0
714,304,0,303,0,0,0,0,0,0
715,305,0,303,0,0,0,0,0,0
716,308,0,304,0,0,0,0,0,0
717,308,0,305,0,0,0,0,0,0
718,308,0,305,0,0,0,0,0,0
719,308,0,305,0,0,0,0,0,0
720,308,0,306,0,0,0,0,0,0
721,309,0,306,0,0,0,0,0,0
722,309,0,306,0,0,0,0,0,0
723,310,0,308,0,0,0,0,0,0
724,310,0,308,0,0,0,0,0,0
725,311,0,309,0,0,0,0,0,0
726,311,0,309,0,0,0,0,0,0
727,312,0,309,0,0,0,0,0,0
728,314,0,311,0,0,0,0,0,0
729,314,0,311,0,0,0,0,0,0
730,316,0,312,0,0,0,0,0,0
731,319,0,316,0,0,0,0,0,0
732,322,0,319,0,0,0,0,0,0
733,323,0,320,0,0,0,0,0,0
734,324,0,321,0,0,0,0,0,0
735,324,0,322,0,0,0,0,0,0
736,325,0,323,0,0,0,0,0,0
737,326,0,324,0,0,0,0,0,0
738,326,0,324,0,0,0,0,0,0
739,328,0,326,0,0,0,0,0,0
740,329,0,327,0,0,0,0,0,0
741,329,0,327,0,0,0,0,0,0
742,329,0,328,0,0,0,0,0,0
743,329,0,328,0,0,0,0,0,0
744,330,0,328,0,0,0,0,0,0
745,334,0,332,0,0,0,0,0,0
746,337,0,335,0,0,0,0,0,0
747,338,0,335,0,0,0,0,0,0
748,339,0,339,0,0,0,0,0,0
749,339,0,339,0,0,0,0,0,0
750,341,0,341,0,0,0,0,0,0
751,342,1,341,5,0,0,5,1,0
752,342,1,341,5,0,0,5,1,0
753,342,1,341,5,0,0,5,1,0
754,343,1,341,5,0,0,5,1,0
755,347,1,345,5,0,0,5,1,0
756,348,1,346,5,0,0,5,1,0
757,349,1,347,5,0,0,5,1,0
758,349,1,348,5,0,0,5,1,0
759,349,1,348,5,0,0,5,1,0
760,350,1,348,5,0,0,5,1,0
761,351,1,349,5,0,0,5,1,0
762,354,1,350,5,0,0,5,1,0
763,354,1,351,5,0,0,5,1,0
764,356,1,353,5,0,0,5,1,0
765,356,1,353,5,0,0,5,1,0
766,357,1,353,5,0,0,5,1,0
767,358,1,355,5,0,0,5,1,0
768,358,1,355,5,0,0,5,1,0
769,358,1,355,5,0,0,5,1,0
770,358,1,355,5,0,0,5,1,0
771,358,1,355,5,0,0,5,1,0
772,359,1,356,5,0,0,5,1,0
773,360,1,357,5,0,0,5,1,0
774,361,1,358,5,0,0,5,1,0
775,364,1,360,5,0,0,5,1,0
776,364,1,360,5,0,0,5,1,0
777,364,1,360,5,0,0,5,1,0
778,364,1,360,5,0,0,5,1,0
779,364,1,360,5,0,0,5,1,0
780,364,1,360,5,0,0,5,1,0
781,364,1,360,5,0,0,5,1,0
782,365,1,361,5,0,0,5,1,0
783,365,1,361,5,0,0,5,1,0
784,367,1,362,5,0,0,5,1,0
785,368,2,362,8,0,0,8,2,4.585987
786,369,3,362,10,0,0,10,3,9.160305
787,369,3,362,10,0,0,10,3,9.160305
788,369,3,363,10,0,0,10,3,9.160305
789,370,4,363,12,0,0,12,4,13.68821
790,370,4,363,12,0,0,12,4,13.68821
791,370,4,363,12,0,0,12,4,13.68821
792,370,4,364,12,0,0,12,4,13.68821
793,370,4,365,12,0,0,12,4,13.68821
794,370,4,365,12,0,0,12,4,13.68821
795,371,4,366,12,0,0,12,4,13.68821
796,371,4,366,12,0,0,12,4,13.68821
797,373,4,368,12,0,0,12,4,13.68821
798,376,4,370,12,0,0,12,4,13.68821
799,377,4,371,12,0,0,12,4,13.68821
800,379,4,371,12,0,0,12,4,13.68821
801,380,4,371,12,0,0,12,4,13.68821
802,380,4,374,12,0,0,12,4,13.68821
803,381,4,375,12,0,0,12,4,13.68821
804,383,4,378,12,0,0,12,4,13.68821
805,383,4,378,12,0,0,12,4,13.68821
806,383,4,378,12,0,0,12,4,13.68821
807,385,4,380,12,0,0,12,4,13.68821
808,387,4,382,12,0,0,12,4,13.68821
809,387,4,382,12,0,0,12,4,13.68821
810,388,4,382,12,0,0,12,4,13.68821
811,391,4,385,12,0,0,12,4,13.68821
812,391,4,385,12,0,0,12,4,13.68821
813,394,4,388,12,0,0,12,4,13.68821
814,394,4,389,12,0,0,12,4,13.68821
815,395,4,390,12,0,0,12,4,13.68821
816,395,4,390,12,0,0,12,4,13.68821
817,395,4,390,12,0,0,12,4,13.68821
818,395,4,390,12,0,0,12,4,13.68821
819,396,4,391,12,0,0,12,4,13.68821
820,398,4,392,12,0,0,12,4,13.68821
821,400,4,394,12,0,0,12,4,13.68821
822,402,4,396,12,0,0,12,4,13.68821
823,403,4,398,12,0,0,12,4,13.68821
824,404,4,399,12,0,0,12,4,13.68821
825,405,4,400,12,0,0,12,4,13.68821
826,405,4,400,12,0,0,12,4,13.68821
827,407,4,402,12,0,0,12,4,13.68821
828,407,4,402,12,0,0,12,4,13.68821
829,409,4,404,12,0,0,12,4,13.68821
830,409,4,404,12,0,0,12,4,13.68821
831,411,4,406,12,0,0,12,4,13.68821
832,412,4,407,12,0,0,12,4,13.68821
833,413,4,408,12,0,0,12,4,13.68821
834,413,4,408,12,0,0,12,4,13.68821
835,413,4,409,12,0,0,12,4,13.68821
836,413,4,409,12,0,0,12,4,13.68821
837,413,4,409,12,0,0,12,4,13.68821
838,413,4,409,12,0,0,12,4,13.68821
839,414,4,409,12,0,0,12,4,13.68821
840,415,4,410,12,0,0,12,4,13.68821
841,416,4,411,12,0,0,12,4,13.68821
842,417,4,412,12,0,0,12,4,13.68821
843,417,4,412,12,0,0,12,4,13.68821
844,418,4,413,12,0,0,12,4,13.68821
845,418,4,413,12,0,0,12,4,13.68821
846,419,4,415,12,0,0,12,4,13.68821
847,419,4,415,12,0,0,12,4,13.68821
848,419,4,415,12,0,0,12,4,13.68821
849,420,4,416,12,0,0,12,4,13.68821
850,420,4,416,12,0,0,12,4,13.68821
851,421,4,417,12,0,0,12,4,13.68821
852,423,4,419,12,0,0,12,4,13.68821
853,425,4,419,12,0,0,12,4,13.68821
854,425,4,419,12,0,0,12,4,13.68821
855,425,4,420,12,0,0,12,4,13.68821
856,426,4,420,12,0,0,12,4,13.68821
857,426,4,420,12,0,0,12,4,13.68821
858,426,5,421,15,0,0,15,5,16.78322
859,426,5,421,15,0,0,15,5,16.78322
860,426,5,421,15,0,0,15,5,16.78322
861,427,6,421,16,0,0,16,6,20.90592
862,428,6,422,16,0,0,16,6,20.90592
863,429,7,422,18,0,0,18,7,25.02897
864,430,8,422,22,0,0,22,8,29.16667
865,431,8,423,22,0,0,22,8,29.16667
866,432,8,424,22,0,0,22,8,29.16667
867,433,8,425,22,0,0,22,8,29.16667
868,434,8,425,22,0,0,22,8,29.16667
869,435,8,426,22,0,0,22,8,29.16667
870,435,8,426,22,0,0,22,8,29.16667
871,435,8,426,22,0,0,22,8,29.16667
872,436,8,427,22,0,0,22,8,29.16667
873,436,8,427,22,0,0,22,8,29.16667
874,436,8,428,22,0,0,22,8,29.16667
875,436,8,428,22,0,0,22,8,29.16667
876,436,8,428,22,0,0,22,8,29.16667
877,438,8,429,22,0,0,22,8,29.16667
878,438,8,430,22,0,0,22,8,29.16667
879,440,8,431,22,0,0,22,8,29.16667
880,441,8,433,22,0,0,22,8,29.16667
881,441,8,433,22,0,0,22,8,29.16667
882,441,8,433,22,0,0,22,8,29.16667
883,441,8,433,22,0,0,22,8,29.16667
884,442,8,434,22,0,0,22,8,29.16667
885,444,8,436,22,0,0,22,8,29.16667
886,447,8,438,22,0,0,22,8,29.16667
887,449,8,441,22,0,0,22,8,29.16667
888,449,8,441,22,0,0,22,8,29.16667
889,450,8,442,22,0,0,22,8,29.16667
890,450,8,442,22,0,0,22,8,29.16667
891,450,8,442,22,0,0,22,8,29.16667
892,454,9,444,26,0,0,26,9,32.287
893,454,9,444,26,0,0,26,9,32.287
894,455,9,445,26,0,0,26,9,32.287
895,456,9,446,26,0,0,26,9,32.287
896,456,9,446,26,0,0,26,9,32.287
897,458,9,448,26,0,0,26,9,32.287
898,458,10,447,28,0,0,28,10,36.08018
899,458,12,445,35,0,0,35,12,44.04894
900,459,12,446,35,0,0,35,12,44.04894
901,460,12,448,35,0,0,35,12,44.04894
902,461,12,448,35,0,0,35,12,44.04894
903,463,12,449,35,0,0,35,12,44.04894
904,465,12,450,35,0,0,35,12,44.04894
905,465,12,450,35,0,0,35,12,44.04894
906,466,12,452,35,0,0,35,12,44.04894
907,466,12,452,35,0,0,35,12,44.04894
908,467,12,453,35,0,0,35,12,44.04894
909,468,12,453,35,0,0,35,12,44.04894
910,468,12,454,35,0,0,35,12,44.04894
911,469,12,455,35,0,0,35,12,44.04894
912,471,12,457,35,0,0,35,12,44.04894
913,472,12,459,35,0,0,35,12,44.04894
914,472,12,459,35,0,0,35,12,44.04894
915,472,12,459,35,0,0,35,12,44.04894
916,472,12,459,35,0,0,35,12,44.04894
917,474,12,461,35,0,0,35,12,44.04894
918,475,12,463,35,0,0,35,12,44.04894
919,476,12,463,35,0,0,35,12,44.04894
920,476,12,463,35,0,0,35,12,44.04894
921,476,12,463,35,0,0,35,12,44.04894
922,476,12,463,35,0,0,35,12,44.04894
923,476,12,464,35,0,0,35,12,44.04894
924,476,12,464,35,0,0,35,12,44.04894
925,477,12,465,35,0,0,35,12,44.04894
926,478,12,466,35,0,0,35,12,44.04894
927,479,12,466,35,0,0,35,12,44.04894
928,480,12,468,35,0,0,35,12,44.04894
929,482,13,469,39,0,0,39,13,46.50161
930,482,13,469,39,0,0,39,13,46.50161
931,482,13,469,39,0,0,39,13,46.50161
932,482,13,469,39,0,0,39,13,46.50161
933,482,13,469,39,0,0,39,13,46.50161
934,485,13,472,39,0,0,39,13,46.50161
935,485,13,472,39,0,0,39,13,46.50161
936,485,13,472,39,0,0,39,13,46.50161
937,485,13,472,39,0,0,39,13,46.50161
938,486,13,472,39,0,0,39,13,46.50161
939,486,13,473,39,0,0,39,13,46.50161
940,486,13,473,39,0,0,39,13,46.50161
941,488,13,475,39,0,0,39,13,46.50161
942,488,13,475,39,0,0,39,13,46.50161
943,488,13,475,39,0,0,39,13,46.50161
944,490,13,477,39,0,0,39,13,46.50161
945,491,13,477,39,0,0,39,13,46.50161
946,491,13,478,39,0,0,39,13,46.50161
947,492,13,479,39,0,0,39,13,46.50161
948,493,13,480,39,0,0,39,13,46.50161
949,493,13,480,39,0,0,39,13,46.50161
950,494,13,481,39,0,0,39,13,46.50161
951,494,13,481,39,0,0,39,13,46.50161
952,494,13,481,39,0,0,39,13,46.50161
953,495,13,482,39,0,0,39,13,46.50161
954,495,13,482,39,0,0,39,13,46.50161
955,496,13,483,39,0,0,39,13,46.50161
956,497,13,484,39,0,0,39,13,46.50161
957,501,13,488,39,0,0,39,13,46.50161
958,502,13,488,39,0,0,39,13,46.50161
959,502,13,488,39,0,0,39,13,46.50161
960,502,13,489,39,0,0,39,13,46.50161
961,502,13,489,39,0,0,39,13,46.50161
962,502,13,489,39,0,0,39,13,46.50161
963,503,14,489,41,0,0,41,14,48.59813
964,503,14,489,41,0,0,41,14,48.59813
965,504,14,490,41,0,0,41,14,48.59813
966,504,14,490,41,0,0,41,14,48.59813
967,504,14,490,41,0,0,41,14,48.59813
968,505,14,491,41,0,0,41,14,48.59813
969,506,14,491,41,0,0,41,14,48.59813
970,506,14,492,41,0,0,41,14,48.59813
971,506,14,492,41,0,0,41,14,48.59813
972,507,14,493,41,0,0,41,14,48.59813
973,507,14,493,41,0,0,41,14,48.59813
974,507,14,493,41,0,0,41,14,48.59813
975,508,14,494,41,0,0,41,14,48.59813
976,508,14,494,41,0,0,41,14,48.59813
977,508,14,494,41,0,0,41,14,48.59813
978,508,14,494,41,0,0,41,14,48.59813
979,509,14,495,41,0,0,41,14,48.59813
980,510,14,496,41,0,0,41,14,48.59813
981,511,14,496,41,0,0,41,14,48.59813
982,512,14,497,41,0,0,41,14,48.59813
983,512,14,497,41,0,0,41,14,48.59813
984,513,14,498,41,0,0,41,14,48.59813
985,513,14,498,41,0,0,41,14,48.59813
986,514,14,499,41,0,0,41,14,48.59813
987,516,14,501,41,0,0,41,14,48.59813
988,516,14,501,41,0,0,41,14,48.59813
989,516,14,501,41,0,0,41,14,48.59813
990,518,14,502,41,0,0,41,14,48.59813
991,520,14,504,41,0,0,41,14,48.59813
992,522,14,506,41,0,0,41,14,48.59813
993,523,14,506,41,0,0,41,14,48.59813
994,527,14,510,41,0,0,41,14,48.59813
995,527,14,511,41,0,0,41,14,48.59813
996,528,14,512,41,0,0,41,14,48.59813
997,528,14,512,41,0,0,41,14,48.59813
998,528,14,512,41,0,0,41,14,48.59813
999,528,15,511,44,0,0,44,15,50.45045
1000,529,16,512,46,0,0,46,16,54
1001,531,16,514,46,0,0,46,16,54
1002,531,16,514,46,0,0,46,16,54
1003,534,17,517,48,0,0,48,17,57.42772
1004,535,18,517,52,0,0,52,18,60.95618
1005,536,19,517,56,0,0,56,19,64.47761
1006,538,19,519,56,0,0,56,19,64.47761
1007,538,19,519,56,0,0,56,19,64.47761
1008,539,19,519,56,0,0,56,19,64.47761
1009,540,19,521,56,0,0,56,19,64.47761
1010,541,20,521,58,0,0,58,20,67.72277
1011,543,20,523,58,0,0,58,20,67.72277
1012,543,20,523,58,0,0,58,20,67.72277
1013,543,21,522,59,0,0,59,21,71.07601
1014,547,21,526,59,0,0,59,21,71.07601
1015,549,21,528,59,0,0,59,21,71.07601
1016,549,21,528,59,0,0,59,21,71.07601
1017,551,21,530,59,0,0,59,21,71.07601
1018,552,21,531,59,0,0,59,21,71.07601
1019,552,21,531,59,0,0,59,21,71.07601
1020,553,21,531,59,0,0,59,21,71.07601
1021,554,21,533,59,0,0,59,21,71.07601
1022,555,21,533,59,0,0,59,21,71.07601
1023,556,21,534,59,0,0,59,21,71.07601
1024,558,21,536,59,0,0,59,21,71.07601
1025,560,21,537,59,0,0,59,21,71.07601
1026,560,21,537,59,0,0,59,21,71.07601
1027,561,21,539,59,0,0,59,21,71.07601
1028,561,21,539,59,0,0,59,21,71.07601
1029,561,21,539,59,0,0,59,21,71.07601
1030,564,21,541,59,0,0,59,21,71.07601
1031,565,21,541,59,0,0,59,21,71.07601
1032,566,21,542,59,0,0,59,21,71.07601
1033,567,21,544,59,0,0,59,21,71.07601
1034,567,21,544,59,0,0,59,21,71.07601
1035,568,21,545,59,0,0,59,21,71.07601
1036,569,21,545,59,0,0,59,21,71.07601
1037,569,21,545,59,0,0,59,21,71.07601
1038,571,21,547,59,0,0,59,21,71.07601
1039,572,21,549,59,0,0,59,21,71.07601
1040,572,21,550,59,0,0,59,21,71.07601
1041,572,21,551,59,0,0,59,21,71.07601
1042,574,22,552,63,0,0,63,22,72.55278
1043,574,22,552,63,0,0,63,22,72.55278
1044,575,22,553,63,0,0,63,22,72.55278
1045,575,22,553,63,0,0,63,22,72.55278
1046,576,22,554,63,0,0,63,22,72.55278
1047,577,22,555,63,0,0,63,22,72.55278
1048,578,22,555,63,0,0,63,22,72.55278
1049,580,22,556,63,0,0,63,22,72.55278
1050,581,22,557,63,0,0,63,22,72.55278
1051,584,22,559,63,0,0,63,22,72.55278
1052,584,22,559,63,0,0,63,22,72.55278
1053,585,22,562,63,0,0,63,22,72.55278
1054,587,22,563,63,0,0,63,22,72.55278
1055,589,22,564,63,0,0,63,22,72.55278
1056,591,22,566,63,0,0,63,22,72.55278
1057,593,22,568,63,0,0,63,22,72.55278
1058,593,22,569,63,0,0,63,22,72.55278
1059,594,22,570,63,0,0,63,22,72.55278
1060,594,22,570,63,0,0,63,22,72.55278
1061,595,22,571,63,0,0,63,22,72.55278
1062,596,22,572,63,0,0,63,22,72.55278
1063,597,22,572,63,0,0,63,22,72.55278
1064,598,22,573,63,0,0,63,22,72.55278
1065,598,22,574,63,0,0,63,22,72.55278
1066,599,22,575,63,0,0,63,22,72.55278
1067,600,22,576,63,0,0,63,22,72.55278
1068,600,22,576,63,0,0,63,22,72.55278
1069,603,22,579,63,0,0,63,22,72.55278
1070,603,22,579,63,0,0,63,22,72.55278
1071,606,22,580,63,0,0,63,22,72.55278
1072,606,22,580,63,0,0,63,22,72.55278
1073,608,22,582,63,0,0,63,22,72.55278
1074,608,22,582,63,0,0,63,22,72.55278
1075,608,22,583,63,0,0,63,22,72.55278
1076,608,22,583,63,0,0,63,22,72.55278
1077,609,22,584,63,0,0,63,22,72.55278
1078,609,22,584,63,0,0,63,22,72.55278
1079,611,22,586,63,0,0,63,22,72.55278
1080,612,22,587,63,0,0,63,22,72.55278
1081,612,22,587,63,0,0,63,22,72.55278
1082,612,22,587,63,0,0,63,22,72.55278
1083,613,22,588,63,0,0,63,22,72.55278
1084,616,22,590,63,0,0,63,22,72.55278
1085,617,23,590,64,0,0,64,23,72.99539
1086,617,23,590,64,0,0,64,23,72.99539
1087,617,23,590,64,0,0,64,23,72.99539
1088,617,23,590,64,0,0,64,23,72.99539
1089,618,23,592,64,0,0,64,23,72.99539
1090,621,23,596,64,0,0,64,23,72.99539
1091,622,23,596,64,0,0,64,23,72.99539
1092,624,23,598,64,0,0,64,23,72.99539
1093,624,23,598,64,0,0,64,23,72.99539
1094,627,23,601,64,0,0,64,23,72.99539
1095,628,23,603,64,0,0,64,23,72.99539
1096,629,23,604,64,0,0,64,23,72.99539
1097,631,23,605,64,0,0,64,23,72.99539
1098,631,23,605,64,0,0,64,23,72.99539
1099,631,23,605,64,0,0,64,23,72.99539
1100,632,23,606,64,0,0,64,23,72.99539
1101,633,23,607,64,0,0,64,23,72.99539
1102,635,23,609,64,0,0,64,23,72.99539
1103,635,23,609,64,0,0,64,23,72.99539
1104,635,23,609,64,0,0,64,23,72.99539
1105,635,23,610,64,0,0,64,23,72.99539
1106,637,23,612,64,0,0,64,23,72.99539
1107,637,23,612,64,0,0,64,23,72.99539
1108,637,23,613,64,0,0,64,23,72.99539
1109,638,23,614,64,0,0,64,23,72.99539
1110,639,23,615,64,0,0,64,23,72.99539
1111,639,23,615,64,0,0,64,23,72.99539
1112,639,23,615,64,0,0,64,23,72.99539
1113,641,23,616,64,0,0,64,23,72.99539
1114,641,23,617,64,0,0,64,23,72.99539
1115,641,24,616,66,0,0,66,24,74.26009
1116,641,24,616,66,0,0,66,24,74.26009
1117,641,24,617,66,0,0,66,24,74.26009
1118,644,24,620,66,0,0,66,24,74.26009
1119,645,24,620,66,0,0,66,24,74.26009
1120,646,24,621,66,0,0,66,24,74.26009
1121,647,26,621,73,0,0,73,26,80.28546
1122,648,26,622,73,0,0,73,26,80.28546
1123,648,28,620,75,0,0,75,28,86.55387
1124,648,30,618,78,0,0,78,30,92.88257
1125,648,31,617,80,0,0,80,31,96
1126,648,32,616,82,0,0,82,32,99.1119
1127,648,33,615,86,0,0,86,33,102.2183
1128,648,34,614,88,0,0,88,34,105.3192
1129,648,36,612,93,0,0,93,36,111.6032
1130,648,36,612,93,0,0,93,36,111.6032
1131,648,37,611,95,0,0,95,37,114.5889
1132,649,39,610,104,0,0,104,39,120.8481
1133,649,39,610,104,0,0,104,39,120.8481
1134,649,40,609,108,0,0,108,40,123.8095
1135,649,40,609,108,0,0,108,40,123.8095
1136,649,40,609,108,0,0,108,40,123.8095
1137,649,40,609,108,0,0,108,40,123.8095
1138,649,40,609,108,0,0,108,40,123.8095
1139,649,40,609,108,0,0,108,40,123.8095
1140,652,40,611,108,0,0,108,40,123.8095
1141,652,40,611,108,0,0,108,40,123.8095
1142,652,40,611,108,0,0,108,40,123.8095
1143,652,40,611,108,0,0,108,40,123.8095
1144,653,40,612,108,0,0,108,40,123.8095
1145,653,40,612,108,0,0,108,40,123.8095
1146,653,40,613,108,0,0,108,40,123.8095
1147,653,40,613,108,0,0,108,40,123.8095
1148,653,41,612,112,0,0,112,41,125.4355
1149,653,41,612,112,0,0,112,41,125.4355
1150,653,43,610,116,0,0,116,43,131.4783
1151,653,43,610,116,0,0,116,43,131.4783
1152,654,44,610,119,0,0,119,44,134.375
1153,654,44,610,119,0,0,119,44,134.375
1154,654,44,610,119,0,0,119,44,134.375
1155,654,44,610,119,0,0,119,44,134.375
1156,654,44,610,119,0,0,119,44,134.375
1157,656,44,611,119,0,0,119,44,134.375
1158,658,44,612,119,0,0,119,44,134.375
1159,658,44,612,119,0,0,119,44,134.375
1160,659,44,612,119,0,0,119,44,134.375
1161,659,44,612,119,0,0,119,44,134.375
1162,659,44,612,119,0,0,119,44,134.375
1163,659,44,612,119,0,0,119,44,134.375
1164,659,44,612,119,0,0,119,44,134.375
1165,659,44,613,119,0,0,119,44,134.375
1166,659,44,613,119,0,0,119,44,134.375
1167,660,46,611,122,0,0,122,46,138.8175
1168,660,46,611,122,0,0,122,46,138.8175
1169,661,46,613,122,0,0,122,46,138.8175
1170,661,47,612,126,0,0,126,47,141.5385
1171,662,48,612,128,0,0,128,48,144.4919
1172,662,50,610,134,0,0,134,50,150.5119
1173,663,51,610,137,0,0,137,51,153.4527
1174,663,52,609,138,0,0,138,52,156.3884
1175,663,53,608,143,0,0,143,53,159.3192
1176,663,54,607,148,0,0,148,54,162.2449
1177,663,55,606,151,0,0,151,55,165.1657
1178,663,56,605,152,0,0,152,56,168.0815
1179,663,57,604,155,0,0,155,57,170.9924
1180,663,58,603,156,0,0,156,58,173.8983
1181,663,59,602,160,0,0,160,59,176.7993
1182,663,61,600,163,0,0,163,61,182.7411
1183,663,62,599,164,0,0,164,62,185.6298
1184,664,63,599,167,0,0,167,63,188.5135
1185,664,63,599,167,0,0,167,63,188.5135
1186,664,64,598,171,0,0,171,64,191.231
1187,665,64,600,171,0,0,171,64,191.231
1188,665,64,600,171,0,0,171,64,191.231
1189,665,64,600,171,0,0,171,64,191.231
1190,666,65,600,172,0,0,172,65,193.6134
1191,666,65,600,172,0,0,172,65,193.6134
1192,666,65,600,172,0,0,172,65,193.6134
1193,667,65,602,172,0,0,172,65,193.6134
1194,667,65,602,172,0,0,172,65,193.6134
1195,667,65,602,172,0,0,172,65,193.6134
1196,667,65,602,172,0,0,172,65,193.6134
1197,667,65,602,172,0,0,172,65,193.6134
1198,667,65,602,172,0,0,172,65,193.6134
1199,667,65,602,172,0,0,172,65,193.6134
1200,667,65,602,172,0,0,172,65,193.6134
1201,668,65,603,172,0,0,172,65,193.6134
1202,668,65,603,172,0,0,172,65,193.6134
1203,668,65,603,172,0,0,172,65,193.6134
1204,668,65,603,172,0,0,172,65,193.6134
1205,668,65,603,172,0,0,172,65,193.6134
1206,668,65,603,172,0,0,172,65,193.6134
1207,668,65,603,172,0,0,172,65,193.6134
1208,668,65,603,172,0,0,172,65,193.6134
1209,668,65,603,172,0,0,172,65,193.6134
1210,668,65,603,172,0,0,172,65,193.6134
1211,668,65,603,172,0,0,172,65,193.6134
1212,668,66,602,173,0,0,173,66,193.0693
1213,668,66,602,173,0,0,173,66,193.0693
1214,668,66,602,173,0,0,173,66,193.0693
1215,668,66,602,173,0,0,173,66,193.0693
1216,668,66,602,173,0,0,173,66,193.0693
1217,668,66,602,173,0,0,173,66,193.0693
1218,668,66,602,173,0,0,173,66,193.0693
1219,668,66,602,173,0,0,173,66,193.0693
1220,668,66,602,173,0,0,173,66,193.0693
1221,668,66,602,173,0,0,173,66,193.0693
1222,668,67,601,177,0,0,177,67,194.4354
1223,668,69,599,184,0,0,184,69,200.1635
1224,668,69,599,184,0,0,184,69,200.1635
1225,668,71,597,189,0,0,189,71,205.7143
1226,668,72,596,193,0,0,193,72,208.4829
1227,668,72,596,193,0,0,193,72,208.4829
1228,668,73,595,197,0,0,197,73,211.0749
1229,668,74,594,200,0,0,200,74,213.8324
1230,668,75,593,202,0,0,202,75,216.5854
1231,668,76,592,206,0,0,206,76,219.3339
1232,668,76,592,206,0,0,206,76,219.3339
1233,668,77,591,208,0,0,208,77,221.8978
1234,668,78,590,210,0,0,210,78,224.6353
1235,668,79,589,211,0,0,211,79,227.3684
1236,669,80,588,214,0,0,214,80,230.0971
1237,669,81,588,215,0,0,215,81,232.8214
1238,669,82,587,218,0,0,218,82,235.5412
1239,669,83,586,221,0,0,221,83,238.2567
1240,669,84,585,222,0,0,222,84,240.9678
1241,670,85,584,223,0,0,223,85,243.6745
1242,670,86,583,227,0,0,227,86,246.3768
1243,670,86,584,227,0,0,227,86,246.3768
1244,670,86,584,227,0,0,227,86,246.3768
1245,670,86,584,227,0,0,227,86,246.3768
1246,670,86,584,227,0,0,227,86,246.3768
1247,670,86,584,227,0,0,227,86,246.3768
1248,670,86,584,227,0,0,227,86,246.3768
1249,670,86,584,227,0,0,227,86,246.3768
1250,670,86,584,227,0,0,227,86,246.3768
1251,670,86,584,227,0,0,227,86,246.3768
1252,670,86,584,227,0,0,227,86,246.3768
1253,670,86,584,227,0,0,227,86,246.3768
1254,670,86,584,227,0,0,227,86,246.3768
1255,670,86,584,227,0,0,227,86,246.3768
1256,670,86,584,227,0,0,227,86,246.3768
1257,670,86,584,227,0,0,227,86,246.3768
1258,670,86,584,227,0,0,227,86,246.3768
1259,671,86,584,227,0,0,227,86,246.3768
1260,671,86,584,227,0,0,227,86,246.3768
1261,671,86,584,227,0,0,227,86,246.3768
1262,671,86,584,227,0,0,227,86,246.3768
1263,671,86,584,227,0,0,227,86,246.3768
1264,671,86,585,227,0,0,227,86,246.3768
1265,671,86,585,227,0,0,227,86,246.3768
1266,671,86,585,227,0,0,227,86,246.3768
1267,671,86,585,227,0,0,227,86,246.3768
1268,671,86,585,227,0,0,227,86,246.3768
1269,671,86,585,227,0,0,227,86,246.3768
1270,671,86,585,227,0,0,227,86,246.3768
1271,671,86,585,227,0,0,227,86,246.3768
1272,671,86,585,227,0,0,227,86,246.3768
1273,671,87,584,230,0,0,230,87,243.205
1274,671,88,583,233,0,0,233,88,245.8399
1275,672,89,583,235,0,0,235,89,248.4706
1276,672,90,582,239,0,0,239,90,251.0972
1277,673,92,581,245,0,0,245,92,256.5388
1278,673,93,580,250,0,0,250,93,259.1549
1279,673,94,579,252,0,0,252,94,261.767
1280,673,96,577,257,0,0,257,96,267.1875
1281,673,97,576,259,0,0,259,97,269.7892
1282,673,97,576,259,0,0,259,97,269.7892
1283,673,98,575,261,0,0,261,98,272.1746
1284,673,98,575,261,0,0,261,98,272.1746
1285,673,98,575,261,0,0,261,98,272.1746
1286,673,98,575,261,0,0,261,98,272.1746
1287,673,98,575,261,0,0,261,98,272.1746
1288,673,98,575,261,0,0,261,98,272.1746
1289,673,98,575,261,0,0,261,98,272.1746
1290,673,98,575,261,0,0,261,98,272.1746
1291,673,98,575,261,0,0,261,98,272.1746
1292,673,98,575,261,0,0,261,98,272.1746
1293,673,98,575,261,0,0,261,98,272.1746
1294,673,98,575,261,0,0,261,98,272.1746
1295,673,98,575,261,0,0,261,98,272.1746
1296,673,98,575,261,0,0,261,98,272.1746
1297,673,98,575,261,0,0,261,98,272.1746
1298,673,99,574,263,0,0,263,99,271.8028
1299,673,99,574,263,0,0,263,99,271.8028
1300,674,99,575,263,0,0,263,99,271.8028
1301,674,99,575,263,0,0,263,99,271.8028
1302,674,99,575,263,0,0,263,99,271.8028
1303,674,99,575,263,0,0,263,99,271.8028
1304,674,99,575,263,0,0,263,99,271.8028
1305,674,99,575,263,0,0,263,99,271.8028
1306,674,99,575,263,0,0,263,99,271.8028
1307,674,99,575,263,0,0,263,99,271.8028
1308,675,99,576,263,0,0,263,99,271.8028
1309,675,99,576,263,0,0,263,99,271.8028
1310,675,99,576,263,0,0,263,99,271.8028
1311,675,99,576,263,0,0,263,99,271.8028
1312,675,99,576,263,0,0,263,99,271.8028
1313,675,99,576,263,0,0,263,99,271.8028
1314,675,99,576,263,0,0,263,99,271.8028
1315,675,99,576,263,0,0,263,99,271.8028
1316,675,99,576,263,0,0,263,99,271.8028
1317,675,99,576,263,0,0,263,99,271.8028
1318,675,100,575,265,0,0,265,100,270.4097
1319,675,102,573,275,0,0,275,102,275.6634
1320,675,102,573,275,0,0,275,102,275.6634
1321,675,102,573,275,0,0,275,102,275.6634
1322,675,104,571,278,0,0,278,104,280.4841
1323,675,104,571,278,0,0,278,104,280.4841
1324,675,106,569,280,0,0,280,106,285.4985
1325,675,107,568,284,0,0,284,107,288
1326,675,107,568,284,0,0,284,107,288
1327,675,107,568,284,0,0,284,107,288
1328,675,107,568,284,0,0,284,107,288
1329,675,107,568,284,0,0,284,107,288
1330,675,107,568,284,0,0,284,107,288
1331,675,108,567,288,0,0,288,108,289.4065
1332,676,109,567,290,0,0,290,109,291.8919
1333,676,109,567,290,0,0,290,109,291.8919
1334,676,109,567,290,0,0,290,109,291.8919
1335,676,110,566,292,0,0,292,110,293.9326
1336,676,110,566,292,0,0,292,110,293.9326
1337,676,110,566,292,0,0,292,110,293.9326
1338,676,110,566,292,0,0,292,110,293.9326
1339,676,110,566,292,0,0,292,110,293.9326
1340,676,110,566,292,0,0,292,110,293.9326
1341,676,110,566,292,0,0,292,110,293.9326
1342,676,110,566,292,0,0,292,110,293.9326
1343,676,110,566,292,0,0,292,110,293.9326
1344,676,110,566,292,0,0,292,110,293.9326
1345,676,110,566,292,0,0,292,110,293.9326
1346,676,110,566,292,0,0,292,110,293.9326
1347,676,110,566,292,0,0,292,110,293.9326
1348,677,110,567,292,0,0,292,110,293.9326
1349,677,110,567,292,0,0,292,110,293.9326
1350,677,110,567,292,0,0,292,110,293.9326
1351,677,110,567,292,0,0,292,110,293.9326
1352,677,110,567,292,0,0,292,110,293.9326
1353,677,110,567,292,0,0,292,110,293.9326
1354,677,110,567,292,0,0,292,110,293.9326
1355,677,110,567,292,0,0,292,110,293.9326
1356,677,110,567,292,0,0,292,110,293.9326
1357,678,110,568,292,0,0,292,110,293.9326
1358,678,111,567,293,0,0,293,111,291.6053
1359,678,111,567,293,0,0,293,111,291.6053
1360,678,111,567,293,0,0,293,111,291.6053
1361,678,112,566,296,0,0,296,112,293.6076
1362,678,113,565,298,0,0,298,113,296.0352
1363,678,113,565,298,0,0,298,113,296.0352
1364,678,113,564,298,0,0,298,113,296.0352
1365,678,113,564,298,0,0,298,113,296.0352
1366,678,114,563,303,0,0,303,114,297.8038
1367,679,114,564,303,0,0,303,114,297.8038
1368,679,114,564,303,0,0,303,114,297.8038
1369,679,114,564,303,0,0,303,114,297.8038
1370,679,114,564,303,0,0,303,114,297.8038
1371,679,114,564,303,0,0,303,114,297.8038
1372,679,116,562,307,0,0,307,116,301.7493
1373,679,116,562,307,0,0,307,116,301.7493
1374,679,117,561,310,0,0,310,117,303.9301
1375,679,118,560,311,0,0,311,118,306.3273
1376,679,118,560,311,0,0,311,118,306.3273
1377,679,118,560,311,0,0,311,118,306.3273
1378,679,118,561,311,0,0,311,118,306.3273
1379,679,118,561,311,0,0,311,118,306.3273
1380,680,118,562,311,0,0,311,118,306.3273
1381,680,118,562,311,0,0,311,118,306.3273
1382,681,118,563,311,0,0,311,118,306.3273
1383,681,118,563,311,0,0,311,118,306.3273
1384,681,118,563,311,0,0,311,118,306.3273
1385,681,118,563,311,0,0,311,118,306.3273
1386,681,118,563,311,0,0,311,118,306.3273
1387,681,118,563,311,0,0,311,118,306.3273
1388,681,118,563,311,0,0,311,118,306.3273
1389,681,118,563,311,0,0,311,118,306.3273
1390,681,118,563,311,0,0,311,118,306.3273
1391,681,118,563,311,0,0,311,118,306.3273
1392,682,118,564,311,0,0,311,118,306.3273
1393,682,118,564,311,0,0,311,118,306.3273
1394,682,118,564,311,0,0,311,118,306.3273
1395,682,118,564,311,0,0,311,118,306.3273
1396,682,118,564,311,0,0,311,118,306.3273
1397,682,118,564,311,0,0,311,118,306.3273
1398,682,118,564,311,0,0,311,118,306.3273
1399,682,118,564,311,0,0,311,118,306.3273
1400,682,118,564,311,0,0,311,118,306.3273
1401,682,118,564,311,0,0,311,118,306.3273
1402,682,118,564,311,0,0,311,118,306.3273
1403,682,118,564,311,0,0,311,118,306.3273
1404,682,118,564,311,0,0,311,118,306.3273
1405,682,118,564,311,0,0,311,118,306.3273
1406,682,118,564,311,0,0,311,118,306.3273
1407,682,118,564,311,0,0,311,118,306.3273
1408,682,120,562,315,0,0,315,120,304.2614
1409,683,120,563,315,0,0,315,120,304.2614
1410,683,122,561,324,0,0,324,122,308.9362
1411,683,122,561,324,0,0,324,122,308.9362
1412,683,123,560,326,0,0,326,123,311.0482
1413,683,126,557,337,0,0,337,126,318.4713
1414,684,126,558,337,0,0,337,126,318.4713
1415,684,127,557,341,0,0,341,127,320.5654
1416,684,128,556,343,0,0,343,128,322.8813
1417,684,129,555,347,0,0,347,129,325.1941
1418,684,130,554,350,0,0,350,130,327.5035
1419,684,132,552,356,0,0,356,132,332.3467
1420,684,132,552,356,0,0,356,132,332.3467
1421,684,135,549,361,0,0,361,135,339.4792
1422,684,136,548,365,0,0,365,136,341.7722
1423,684,137,547,367,0,0,367,137,344.0618
1424,684,140,544,378,0,0,378,140,351.4045
1425,684,140,544,378,0,0,378,140,351.4045
1426,684,142,542,385,0,0,385,142,355.9607
1427,684,142,542,385,0,0,385,142,355.9607
1428,684,142,542,385,0,0,385,142,355.9607
1429,685,142,543,385,0,0,385,142,355.9607
1430,685,142,543,385,0,0,385,142,355.9607
1431,685,142,543,385,0,0,385,142,355.9607
1432,685,142,543,385,0,0,385,142,355.9607
1433,685,142,543,385,0,0,385,142,355.9607
1434,685,142,543,385,0,0,385,142,355.9607
1435,685,142,543,385,0,0,385,142,355.9607
1436,685,142,543,385,0,0,385,142,355.9607
1437,685,142,543,385,0,0,385,142,355.9607
1438,685,142,543,385,0,0,385,142,355.9607
1439,685,142,543,385,0,0,385,142,355.9607
1440,685,142,543,385,0,0,385,142,355.9607
1441,685,142,543,385,0,0,385,142,355.9607
1442,685,142,543,385,0,0,385,142,355.9607
1443,685,142,543,385,0,0,385,142,355.9607
1444,685,142,543,385,0,0,385,142,355.9607
1445,685,142,543,385,0,0,385,142,355.9607
1446,685,142,543,385,0,0,385,142,355.9607
1447,685,142,543,385,0,0,385,142,355.9607
1448,685,142,543,385,0,0,385,142,355.9607
1449,685,142,543,385,0,0,385,142,355.9607
1450,685,142,543,385,0,0,385,142,355.9607
1451,685,142,543,385,0,0,385,142,355.9607
1452,685,142,543,385,0,0,385,142,355.9607
1453,685,142,543,385,0,0,385,142,355.9607
1454,685,142,543,385,0,0,385,142,355.9607
1455,685,142,543,385,0,0,385,142,355.9607
1456,685,142,543,385,0,0,385,142,355.9607
1457,685,143,542,388,0,0,388,143,350.8579
1458,685,143,542,388,0,0,388,143,350.8579
1459,685,144,541,391,0,0,391,144,352.8444
1460,685,145,540,393,0,0,393,145,355.0685
1461,686,146,539,397,0,0,397,146,357.2895
1462,687,148,538,400,0,0,400,148,361.9699
1463,687,148,538,400,0,0,400,148,361.9699
1464,687,149,537,401,0,0,401,149,363.9344
1465,687,150,537,405,0,0,405,150,366.1433
1466,687,151,536,406,0,0,406,151,368.3492
1467,687,153,534,411,0,0,411,153,373.0061
1468,688,153,535,411,0,0,411,153,373.0061
1469,688,155,533,417,0,0,417,155,377.3996
1470,688,155,533,417,0,0,417,155,377.3996
1471,688,156,532,419,0,0,419,156,379.3338
1472,688,156,532,419,0,0,419,156,379.3338
1473,688,157,531,420,0,0,420,157,381.2627
1474,689,159,530,425,0,0,425,159,385.8887
1475,689,159,530,425,0,0,425,159,385.8887
1476,689,160,529,429,0,0,429,160,387.8049
1477,689,161,528,431,0,0,431,161,389.9797
1478,689,161,528,431,0,0,431,161,389.9797
1479,690,162,528,433,0,0,433,162,391.8864
1480,690,162,528,433,0,0,433,162,391.8864
1481,690,162,528,433,0,0,433,162,391.8864
1482,690,162,528,433,0,0,433,162,391.8864
1483,690,162,528,433,0,0,433,162,391.8864
1484,690,162,528,433,0,0,433,162,391.8864
1485,690,162,528,433,0,0,433,162,391.8864
1486,691,162,529,433,0,0,433,162,391.8864
1487,691,162,529,433,0,0,433,162,391.8864
1488,691,162,529,433,0,0,433,162,391.8864
1489,692,162,529,433,0,0,433,162,391.8864
1490,692,162,529,433,0,0,433,162,391.8864
1491,692,162,529,433,0,0,433,162,391.8864
1492,692,162,529,433,0,0,433,162,391.8864
1493,692,162,529,433,0,0,433,162,391.8864
1494,692,162,529,433,0,0,433,162,391.8864
1495,692,162,529,433,0,0,433,162,391.8864
1496,692,162,529,433,0,0,433,162,391.8864
1497,692,162,529,433,0,0,433,162,391.8864
1498,692,162,529,433,0,0,433,162,391.8864
1499,692,162,530,433,0,0,433,162,391.8864
1500,692,162,530,433,0,0,433,162,391.8864
1501,692,162,530,433,0,0,433,162,391.8864
1502,692,162,530,433,0,0,433,162,391.8864
1503,692,162,530,433,0,0,433,162,391.8864
1504,692,162,530,433,0,0,433,162,391.8864
1505,692,162,530,433,0,0,433,162,391.8864
1506,692,162,530,433,0,0,433,162,391.8864
1507,692,162,530,433,0,0,433,162,391.8864
1508,692,162,530,433,0,0,433,162,391.8864
1509,693,162,531,433,0,0,433,162,391.8864
1510,693,162,531,433,0,0,433,162,391.8864
1511,693,162,531,433,0,0,433,162,391.8864
1512,694,162,532,433,0,0,433,162,391.8864
1513,694,162,532,433,0,0,433,162,391.8864
1514,694,162,532,433,0,0,433,162,391.8864
1515,694,162,532,433,0,0,433,162,391.8864
1516,694,162,532,433,0,0,433,162,391.8864
1517,694,164,530,438,0,0,438,164,386.8161
1518,694,166,528,441,0,0,441,166,391.3043
1519,695,167,528,444,0,0,444,167,393.4167
1520,695,168,527,446,0,0,446,168,395.5263
1521,695,168,527,446,0,0,446,168,395.5263
1522,696,169,527,451,0,0,451,169,397.3719
1523,696,169,527,451,0,0,451,169,397.3719
1524,696,171,525,454,0,0,454,171,401.5748
1525,696,171,525,454,0,0,454,171,401.5748
1526,696,171,525,454,0,0,454,171,401.5748
1527,697,171,526,454,0,0,454,171,401.5748
1528,697,171,526,454,0,0,454,171,401.5748
1529,697,171,526,454,0,0,454,171,401.5748
1530,697,171,526,454,0,0,454,171,401.5748
1531,697,171,526,454,0,0,454,171,401.5748
1532,697,171,526,454,0,0,454,171,401.5748
1533,697,171,526,454,0,0,454,171,401.5748
1534,697,171,526,454,0,0,454,171,401.5748
1535,698,171,527,454,0,0,454,171,401.5748
1536,698,171,527,454,0,0,454,171,401.5748
1537,698,171,527,454,0,0,454,171,401.5748
1538,698,171,527,454,0,0,454,171,401.5748
1539,698,171,527,454,0,0,454,171,401.5748
1540,698,171,527,454,0,0,454,171,401.5748
1541,698,171,527,454,0,0,454,171,401.5748
1542,698,171,527,454,0,0,454,171,401.5748
1543,698,171,527,454,0,0,454,171,401.5748
1544,698,171,527,454,0,0,454,171,401.5748
1545,698,171,527,454,0,0,454,171,401.5748
1546,698,171,527,454,0,0,454,171,401.5748
1547,698,171,527,454,0,0,454,171,401.5748
1548,698,171,527,454,0,0,454,171,401.5748
1549,698,171,527,454,0,0,454,171,401.5748
1550,698,171,527,454,0,0,454,171,401.5748
1551,699,171,528,454,0,0,454,171,401.5748
1552,699,171,528,454,0,0,454,171,401.5748
1553,699,172,527,457,0,0,457,172,396.3941
1554,699,172,527,457,0,0,457,172,396.3941
1555,700,172,528,457,0,0,457,172,396.3941
1556,700,173,527,461,0,0,461,173,397.9435
1557,700,174,526,463,0,0,463,174,400
1558,700,175,525,464,0,0,464,175,402.0539
1559,701,175,526,464,0,0,464,175,402.0539
1560,701,177,524,470,0,0,470,177,406.1538
1561,701,178,523,471,0,0,471,178,408.1999
1562,701,180,521,478,0,0,478,180,412.548
1563,701,181,520,481,0,0,481,181,414.5873
1564,701,183,518,486,0,0,486,183,418.9258
1565,701,183,518,486,0,0,486,183,418.9258
1566,701,185,516,493,0,0,493,185,422.9885
1567,701,186,515,497,0,0,497,186,425.016
1568,701,186,515,497,0,0,497,186,425.016
1569,701,187,514,499,0,0,499,187,426.7686
1570,703,189,514,502,0,0,502,189,431.0828
1571,704,190,514,504,0,0,504,190,433.0999
1572,704,191,513,505,0,0,505,191,435.1145
1573,704,191,513,505,0,0,505,191,435.1145
1574,704,192,512,509,0,0,509,192,436.8488
1575,704,192,512,509,0,0,509,192,436.8488
1576,704,192,512,509,0,0,509,192,436.8488
1577,704,192,512,509,0,0,509,192,436.8488
1578,704,192,512,509,0,0,509,192,436.8488
1579,705,192,513,509,0,0,509,192,436.8488
1580,706,192,514,509,0,0,509,192,436.8488
1581,706,192,514,509,0,0,509,192,436.8488
1582,706,192,514,509,0,0,509,192,436.8488
1583,706,192,514,509,0,0,509,192,436.8488
1584,706,192,514,509,0,0,509,192,436.8488
1585,706,192,514,509,0,0,509,192,436.8488
1586,707,192,515,509,0,0,509,192,436.8488
1587,707,192,515,509,0,0,509,192,436.8488
1588,707,192,515,509,0,0,509,192,436.8488
1589,707,192,515,509,0,0,509,192,436.8488
1590,707,192,515,509,0,0,509,192,436.8488
1591,707,192,515,509,0,0,509,192,436.8488
1592,707,192,515,509,0,0,509,192,436.8488
1593,707,192,515,509,0,0,509,192,436.8488
1594,707,192,515,509,0,0,509,192,436.8488
1595,707,192,515,509,0,0,509,192,436.8488
1596,707,192,515,509,0,0,509,192,436.8488
1597,707,192,515,509,0,0,509,192,436.8488
1598,707,192,515,509,0,0,509,192,436.8488
1599,707,192,515,509,0,0,509,192,436.8488
1600,707,192,515,509,0,0,509,192,436.8488
1601,707,192,515,509,0,0,509,192,436.8488
1602,708,192,516,509,0,0,509,192,436.8488
1603,708,192,516,509,0,0,509,192,436.8488
1604,708,192,516,509,0,0,509,192,436.8488
1605,708,192,516,509,0,0,509,192,436.8488
1606,708,192,516,509,0,0,509,192,436.8488
1607,708,193,515,511,0,0,511,193,430.1182
1608,708,194,514,516,0,0,516,194,432.0895
1609,708,194,514,516,0,0,516,194,432.0895
1610,708,195,513,518,0,0,518,195,433.7888
1611,708,196,512,523,0,0,523,196,435.7542
1612,708,196,512,523,0,0,523,196,435.7542
1613,709,196,513,523,0,0,523,196,435.7542
1614,709,196,513,523,0,0,523,196,435.7542
1615,709,198,511,528,0,0,528,198,439.1331
1616,709,200,509,534,0,0,534,200,443.3168
1617,709,202,507,539,0,0,539,202,447.4954
1618,709,202,507,539,0,0,539,202,447.4954
1619,709,204,505,543,0,0,543,204,451.3898
1620,709,204,505,543,0,0,543,204,451.3898
1621,709,204,505,543,0,0,543,204,451.3898
1622,709,204,505,543,0,0,543,204,451.3898
1623,709,204,505,543,0,0,543,204,451.3898
1624,709,204,505,543,0,0,543,204,451.3898
1625,710,204,506,543,0,0,543,204,451.3898
1626,710,204,506,543,0,0,543,204,451.3898
1627,710,204,506,543,0,0,543,204,451.3898
1628,710,204,506,543,0,0,543,204,451.3898
1629,710,204,506,543,0,0,543,204,451.3898
1630,710,204,506,543,0,0,543,204,451.3898
1631,710,204,506,543,0,0,543,204,451.3898
1632,710,204,506,543,0,0,543,204,451.3898
1633,710,204,506,543,0,0,543,204,451.3898
1634,710,204,506,543,0,0,543,204,451.3898
1635,711,204,507,543,0,0,543,204,451.3898
1636,712,204,508,543,0,0,543,204,451.3898
1637,712,204,508,543,0,0,543,204,451.3898
1638,712,204,508,543,0,0,543,204,451.3898
1639,712,204,508,543,0,0,543,204,451.3898
1640,712,204,508,543,0,0,543,204,451.3898
1641,712,204,508,543,0,0,543,204,451.3898
1642,712,204,508,543,0,0,543,204,451.3898
1643,712,204,508,543,0,0,543,204,451.3898
1644,712,204,508,543,0,0,543,204,451.3898
1645,712,204,508,543,0,0,543,204,451.3898
1646,712,204,508,543,0,0,543,204,451.3898
1647,712,204,508,543,0,0,543,204,451.3898
1648,712,204,508,543,0,0,543,204,451.3898
1649,712,204,508,543,0,0,543,204,451.3898
1650,712,204,508,543,0,0,543,204,451.3898
1651,712,204,508,543,0,0,543,204,451.3898
1652,712,204,508,543,0,0,543,204,451.3898
1653,712,204,508,543,0,0,543,204,451.3898
1654,712,204,508,543,0,0,543,204,451.3898
1655,712,204,508,543,0,0,543,204,451.3898
1656,712,204,508,543,0,0,543,204,451.3898
1657,712,204,508,543,0,0,543,204,451.3898
1658,712,204,508,543,0,0,543,204,451.3898
1659,712,204,508,543,0,0,543,204,451.3898
1660,712,204,508,543,0,0,543,204,451.3898
1661,712,204,508,543,0,0,543,204,451.3898
1662,712,204,508,543,0,0,543,204,451.3898
1663,712,204,508,543,0,0,543,204,451.3898
1664,712,204,508,543,0,0,543,204,451.3898
1665,712,204,508,543,0,0,543,204,451.3898
1666,712,204,508,543,0,0,543,204,451.3898
1667,713,204,509,543,0,0,543,204,451.3898
1668,713,204,509,543,0,0,543,204,451.3898
1669,713,204,509,543,0,0,543,204,451.3898
1670,713,204,509,543,0,0,543,204,451.3898
1671,713,204,509,543,0,0,543,204,451.3898
1672,713,204,509,543,0,0,543,204,451.3898
1673,713,204,509,543,0,0,543,204,451.3898
1674,713,204,509,543,0,0,543,204,451.3898
1675,714,204,509,543,0,0,543,204,451.3898
1676,714,204,509,543,0,0,543,204,451.3898
1677,715,204,509,543,0,0,543,204,451.3898
1678,715,204,510,543,0,0,543,204,451.3898
1679,715,204,511,543,0,0,543,204,451.3898
1680,715,204,511,543,0,0,543,204,451.3898
1681,715,205,510,545,0,0,545,205,436.8828
1682,715,205,510,545,0,0,545,205,436.8828
1683,716,205,511,545,0,0,545,205,436.8828
1684,716,205,511,545,0,0,545,205,436.8828
1685,716,205,511,545,0,0,545,205,436.8828
1686,716,205,511,545,0,0,545,205,436.8828
1687,716,206,510,549,0,0,549,206,437.463
1688,716,207,509,553,0,0,553,207,439.3365
1689,716,208,508,555,0,0,555,208,441.2078
1690,716,209,507,556,0,0,556,209,443.0769
1691,716,210,506,558,0,0,558,210,444.9438
1692,716,210,506,558,0,0,558,210,444.9438
1693,716,211,505,562,0,0,562,211,446.5446
1694,716,211,505,562,0,0,562,211,446.5446
1695,716,211,505,562,0,0,562,211,446.5446
1696,716,212,504,566,0,0,566,212,447.8773
1697,717,212,505,566,0,0,566,212,447.8773
1698,717,212,505,566,0,0,566,212,447.8773
1699,717,213,504,568,0,0,568,213,449.2054
1700,717,214,503,572,0,0,572,214,451.0588
1701,717,214,503,572,0,0,572,214,451.0588
1702,717,214,503,572,0,0,572,214,451.0588
1703,718,215,503,573,0,0,573,215,452.3781
1704,719,216,503,575,0,0,575,216,454.2253
1705,719,216,503,575,0,0,575,216,454.2253
1706,719,216,503,575,0,0,575,216,454.2253
1707,719,216,503,575,0,0,575,216,454.2253
1708,719,216,503,575,0,0,575,216,454.2253
1709,719,216,503,575,0,0,575,216,454.2253
1710,719,216,503,575,0,0,575,216,454.2253
1711,719,216,503,575,0,0,575,216,454.2253
1712,719,216,503,575,0,0,575,216,454.2253
1713,719,216,503,575,0,0,575,216,454.2253
1714,719,216,503,575,0,0,575,216,454.2253
1715,719,216,503,575,0,0,575,216,454.2253
1716,719,216,503,575,0,0,575,216,454.2253
1717,719,216,503,575,0,0,575,216,454.2253
1718,719,216,503,575,0,0,575,216,454.2253
1719,719,216,503,575,0,0,575,216,454.2253
1720,719,216,503,575,0,0,575,216,454.2253
1721,719,216,503,575,0,0,575,216,454.2253
1722,719,216,503,575,0,0,575,216,454.2253
1723,720,216,504,575,0,0,575,216,454.2253
1724,720,216,504,575,0,0,575,216,454.2253
1725,720,216,504,575,0,0,575,216,454.2253
1726,720,216,504,575,0,0,575,216,454.2253
1727,722,216,506,575,0,0,575,216,454.2253
1728,722,216,506,575,0,0,575,216,454.2253
1729,722,216,506,575,0,0,575,216,454.2253
1730,722,216,506,575,0,0,575,216,454.2253
1731,722,216,506,575,0,0,575,216,454.2253
1732,722,217,505,576,0,0,576,217,448.9608
1733,722,217,505,576,0,0,576,217,448.9608
1734,722,217,505,576,0,0,576,217,448.9608
1735,722,217,505,576,0,0,576,217,448.9608
1736,722,219,503,582,0,0,582,219,452.0737
1737,722,219,503,582,0,0,582,219,452.0737
1738,722,219,503,582,0,0,582,219,452.0737
1739,722,221,501,591,0,0,591,221,455.4341
1740,722,221,501,591,0,0,591,221,455.4341
1741,722,223,499,597,0,0,597,223,459.0465
1742,722,223,499,597,0,0,597,223,459.0465
1743,722,224,498,601,0,0,601,224,460.5852
1744,723,225,498,603,0,0,603,225,462.3853
1745,723,225,498,603,0,0,603,225,462.3853
1746,724,226,498,604,0,0,604,226,463.9175
1747,724,229,495,611,0,0,611,229,469.834
1748,724,229,495,611,0,0,611,229,469.834
1749,724,230,494,612,0,0,612,230,471.355
1750,724,231,493,615,0,0,615,231,473.1429
1751,724,232,492,618,0,0,618,232,474.9286
1752,724,232,492,618,0,0,618,232,474.9286
1753,724,234,490,620,0,0,620,234,478.494
1754,725,234,491,620,0,0,620,234,478.494
1755,725,235,490,623,0,0,623,235,480
1756,726,235,491,623,0,0,623,235,480
1757,726,236,490,625,0,0,625,236,481.5025
1758,726,237,489,627,0,0,627,237,483.2765
1759,727,237,490,627,0,0,627,237,483.2765
1760,727,237,490,627,0,0,627,237,483.2765
1761,727,237,490,627,0,0,627,237,483.2765
1762,727,237,490,627,0,0,627,237,483.2765
1763,727,237,490,627,0,0,627,237,483.2765
1764,727,237,490,627,0,0,627,237,483.2765
1765,728,237,491,627,0,0,627,237,483.2765
1766,728,237,491,627,0,0,627,237,483.2765
1767,729,237,492,627,0,0,627,237,483.2765
1768,731,237,494,627,0,0,627,237,483.2765
1769,731,237,494,627,0,0,627,237,483.2765
1770,731,237,494,627,0,0,627,237,483.2765
1771,731,237,494,627,0,0,627,237,483.2765
1772,731,237,494,627,0,0,627,237,483.2765
1773,731,237,494,627,0,0,627,237,483.2765
1774,731,237,494,627,0,0,627,237,483.2765
1775,731,237,494,627,0,0,627,237,483.2765
1776,731,237,494,627,0,0,627,237,483.2765
1777,731,237,494,627,0,0,627,237,483.2765
1778,731,237,494,627,0,0,627,237,483.2765
1779,732,237,495,627,0,0,627,237,483.2765
1780,732,237,495,627,0,0,627,237,483.2765
1781,732,237,495,627,0,0,627,237,483.2765
1782,732,237,495,627,0,0,627,237,483.2765
1783,732,237,495,627,0,0,627,237,483.2765
1784,732,238,494,629,0,0,629,238,478.2511
1785,732,238,494,629,0,0,629,238,478.2511
1786,732,238,494,629,0,0,629,238,478.2511
1787,732,239,493,630,0,0,630,239,479.4628
1788,732,239,493,630,0,0,630,239,479.4628
1789,732,239,493,630,0,0,630,239,479.4628
1790,732,240,492,635,0,0,635,240,480.6704
1791,732,240,492,635,0,0,635,240,480.6704
1792,732,242,490,642,0,0,642,242,484.1518
1793,733,242,490,642,0,0,642,242,484.1518
1794,733,243,490,643,0,0,643,243,485.6187
1795,733,243,490,643,0,0,643,243,485.6187
1796,733,244,489,646,0,0,646,244,487.0824
1797,733,246,487,654,0,0,654,246,490.818
1798,733,247,486,655,0,0,655,247,492.5473
1799,733,248,485,657,0,0,657,248,494.2746
1800,733,250,483,662,0,0,662,250,498
1801,733,251,482,663,0,0,663,251,499.7224
1802,734,252,482,666,0,0,666,252,501.4428
1803,735,253,481,668,0,0,668,253,503.1614
1804,735,254,480,673,0,0,673,254,504.8781
1805,735,255,480,678,0,0,678,255,506.5928
1806,735,255,480,678,0,0,678,255,506.5928
1807,735,256,479,679,0,0,679,256,508.0243
1808,735,257,478,680,0,0,680,257,509.7345
1809,735,257,478,680,0,0,680,257,509.7345
1810,735,257,478,680,0,0,680,257,509.7345
1811,735,257,478,680,0,0,680,257,509.7345
1812,735,257,478,680,0,0,680,257,509.7345
1813,735,258,477,682,0,0,682,258,510.3144
1814,736,258,478,682,0,0,682,258,510.3144
1815,736,259,477,684,0,0,684,259,511.7355
1816,736,260,476,685,0,0,685,260,513.4361
1817,737,260,477,685,0,0,685,260,513.4361
1818,737,260,477,685,0,0,685,260,513.4361
1819,737,260,477,685,0,0,685,260,513.4361
1820,737,260,477,685,0,0,685,260,513.4361
1821,737,260,477,685,0,0,685,260,513.4361
1822,737,260,477,685,0,0,685,260,513.4361
1823,737,260,477,685,0,0,685,260,513.4361
1824,737,261,476,689,0,0,689,261,513.1579
1825,737,261,476,689,0,0,689,261,513.1579
1826,737,261,476,689,0,0,689,261,513.1579
1827,737,261,476,689,0,0,689,261,513.1579
1828,737,261,476,689,0,0,689,261,513.1579
1829,737,261,476,689,0,0,689,261,513.1579
1830,737,261,476,689,0,0,689,261,513.1579
1831,737,261,476,689,0,0,689,261,513.1579
1832,737,261,476,689,0,0,689,261,513.1579
1833,737,262,475,690,0,0,690,262,512.6023
1834,738,263,475,692,0,0,692,263,514.2858
1835,738,264,474,694,0,0,694,264,515.9673
1836,738,264,474,694,0,0,694,264,515.9673
1837,738,264,474,694,0,0,694,264,515.9673
1838,738,264,474,694,0,0,694,264,515.9673
1839,738,264,474,694,0,0,694,264,515.9673
1840,738,264,474,694,0,0,694,264,515.9673
1841,739,264,475,694,0,0,694,264,515.9673
1842,739,264,475,694,0,0,694,264,515.9673
1843,739,264,475,694,0,0,694,264,515.9673
1844,739,264,475,694,0,0,694,264,515.9673
1845,739,264,475,694,0,0,694,264,515.9673
1846,739,264,475,694,0,0,694,264,515.9673
1847,740,264,476,694,0,0,694,264,515.9673
1848,740,264,476,694,0,0,694,264,515.9673
1849,740,264,476,694,0,0,694,264,515.9673
1850,740,264,476,694,0,0,694,264,515.9673
1851,740,264,476,694,0,0,694,264,515.9673
1852,740,264,476,694,0,0,694,264,515.9673
1853,740,264,476,694,0,0,694,264,515.9673
1854,740,264,476,694,0,0,694,264,515.9673
1855,740,264,476,694,0,0,694,264,515.9673
1856,741,264,477,694,0,0,694,264,515.9673
1857,741,264,477,694,0,0,694,264,515.9673
1858,742,264,478,694,0,0,694,264,515.9673
1859,742,264,478,694,0,0,694,264,515.9673
1860,742,264,478,694,0,0,694,264,515.9673
1861,742,264,478,694,0,0,694,264,515.9673
1862,742,264,478,694,0,0,694,264,515.9673
1863,742,264,478,694,0,0,694,264,515.9673
1864,742,264,478,694,0,0,694,264,515.9673
1865,742,264,478,694,0,0,694,264,515.9673
1866,742,264,478,694,0,0,694,264,515.9673
1867,742,264,478,694,0,0,694,264,515.9673
1868,743,264,479,694,0,0,694,264,515.9673
1869,743,264,479,694,0,0,694,264,515.9673
1870,743,264,479,694,0,0,694,264,515.9673
1871,743,264,479,694,0,0,694,264,515.9673
1872,743,264,479,694,0,0,694,264,515.9673
1873,743,264,479,694,0,0,694,264,515.9673
1874,743,264,479,694,0,0,694,264,515.9673
1875,744,264,480,694,0,0,694,264,515.9673
1876,744,264,480,694,0,0,694,264,515.9673
1877,744,264,480,694,0,0,694,264,515.9673
1878,745,264,481,694,0,0,694,264,515.9673
1879,745,264,481,694,0,0,694,264,515.9673
1880,745,264,481,694,0,0,694,264,515.9673
1881,745,264,481,694,0,0,694,264,515.9673
1882,745,264,481,694,0,0,694,264,515.9673
1883,745,264,481,694,0,0,694,264,515.9673
1884,745,264,481,694,0,0,694,264,515.9673
1885,745,265,480,698,0,0,698,265,504.191
1886,746,266,480,699,0,0,699,266,505.8324
1887,746,266,480,699,0,0,699,266,505.8324
1888,746,266,480,699,0,0,699,266,505.8324
1889,746,266,480,699,0,0,699,266,505.8324
1890,746,266,480,699,0,0,699,266,505.8324
1891,746,267,479,701,0,0,701,267,506.3987
1892,747,268,479,702,0,0,702,268,508.0338
1893,747,270,477,709,0,0,709,270,511.5689
1894,747,270,477,709,0,0,709,270,511.5689
1895,747,271,476,713,0,0,713,271,512.9288
1896,747,273,474,718,0,0,718,273,516.4557
1897,749,274,475,722,0,0,722,274,518.0812
1898,749,276,473,726,0,0,726,276,521.6017
1899,749,276,473,726,0,0,726,276,521.6017
1900,749,277,472,729,0,0,729,277,522.9474
1901,749,277,472,729,0,0,729,277,522.9474
1902,749,279,470,731,0,0,731,279,526.1829
1903,749,279,470,731,0,0,731,279,526.1829
1904,749,281,468,736,0,0,736,281,529.4118
1905,750,283,467,740,0,0,740,283,532.9134
1906,750,283,467,740,0,0,740,283,532.9134
1907,751,285,466,746,0,0,746,285,536.13
1908,751,286,465,751,0,0,751,286,537.7358
1909,751,287,464,756,0,0,756,287,539.34
1910,751,289,462,765,0,0,765,289,542.8272
1911,752,290,462,766,0,0,766,290,544.427
1912,753,290,463,766,0,0,766,290,544.427
1913,754,290,464,766,0,0,766,290,544.427
1914,754,291,463,768,0,0,768,291,545.4546
1915,754,291,463,768,0,0,768,291,545.4546
1916,755,291,464,768,0,0,768,291,545.4546
1917,755,292,463,769,0,0,769,292,546.4789
1918,755,292,463,769,0,0,769,292,546.4789
1919,756,292,464,769,0,0,769,292,546.4789
1920,757,292,465,769,0,0,769,292,546.4789
1921,758,292,466,769,0,0,769,292,546.4789
1922,758,292,466,769,0,0,769,292,546.4789
1923,758,292,466,769,0,0,769,292,546.4789
1924,758,292,466,769,0,0,769,292,546.4789
1925,759,292,467,769,0,0,769,292,546.4789
1926,760,292,468,769,0,0,769,292,546.4789
1927,761,292,469,769,0,0,769,292,546.4789
1928,762,292,470,769,0,0,769,292,546.4789
1929,763,292,471,769,0,0,769,292,546.4789
1930,763,292,471,769,0,0,769,292,546.4789
1931,763,292,471,769,0,0,769,292,546.4789
1932,763,292,471,769,0,0,769,292,546.4789
1933,764,292,472,769,0,0,769,292,546.4789
1934,765,292,473,769,0,0,769,292,546.4789
1935,765,292,473,769,0,0,769,292,546.4789
1936,767,292,474,769,0,0,769,292,546.4789
1937,767,292,474,769,0,0,769,292,546.4789
1938,767,292,474,769,0,0,769,292,546.4789
1939,767,292,475,769,0,0,769,292,546.4789
1940,768,292,476,769,0,0,769,292,546.4789
1941,768,292,476,769,0,0,769,292,546.4789
1942,769,292,477,769,0,0,769,292,546.4789
1943,769,292,477,769,0,0,769,292,546.4789
1944,769,293,476,774,0,0,774,293,540.7407
1945,769,293,476,774,0,0,774,293,540.7407
1946,769,293,476,774,0,0,774,293,540.7407
1947,769,294,475,777,0,0,777,294,541.7565
1948,770,294,476,777,0,0,777,294,541.7565
1949,770,296,474,780,0,0,780,296,544.8948
1950,772,296,476,780,0,0,780,296,544.8948
1951,774,297,477,781,0,0,781,297,546.1815
1952,774,297,477,781,0,0,781,297,546.1815
1953,774,297,477,781,0,0,781,297,546.1815
1954,776,297,479,781,0,0,781,297,546.1815
1955,776,297,479,781,0,0,781,297,546.1815
1956,778,297,481,781,0,0,781,297,546.1815
1957,780,297,482,781,0,0,781,297,546.1815
1958,780,297,482,781,0,0,781,297,546.1815
1959,780,297,482,781,0,0,781,297,546.1815
1960,780,297,482,781,0,0,781,297,546.1815
1961,781,297,483,781,0,0,781,297,546.1815
1962,781,297,483,781,0,0,781,297,546.1815
1963,781,297,483,781,0,0,781,297,546.1815
1964,781,297,483,781,0,0,781,297,546.1815
1965,782,297,484,781,0,0,781,297,546.1815
1966,783,297,485,781,0,0,781,297,546.1815
1967,783,297,486,781,0,0,781,297,546.1815
1968,783,297,486,781,0,0,781,297,546.1815
1969,783,297,486,781,0,0,781,297,546.1815
1970,785,297,488,781,0,0,781,297,546.1815
1971,785,297,488,781,0,0,781,297,546.1815
1972,785,297,488,781,0,0,781,297,546.1815
1973,785,297,488,781,0,0,781,297,546.1815
1974,786,297,489,781,0,0,781,297,546.1815
1975,786,297,489,781,0,0,781,297,546.1815
1976,787,297,490,781,0,0,781,297,546.1815
1977,788,297,491,781,0,0,781,297,546.1815
1978,789,297,492,781,0,0,781,297,546.1815
1979,789,297,492,781,0,0,781,297,546.1815
1980,789,297,492,781,0,0,781,297,546.1815
1981,790,297,493,781,0,0,781,297,546.1815
1982,792,297,495,781,0,0,781,297,546.1815
1983,792,297,495,781,0,0,781,297,546.1815
1984,794,297,497,781,0,0,781,297,546.1815
1985,794,297,497,781,0,0,781,297,546.1815
1986,796,297,499,781,0,0,781,297,546.1815
1987,797,299,498,786,0,0,786,299,539.9094
1988,797,300,497,787,0,0,787,300,541.4487
1989,797,301,496,791,0,0,791,301,542.9865
1990,797,303,494,799,0,0,799,303,546.3317
1991,798,303,495,799,0,0,799,303,546.3317
1992,801,304,497,804,0,0,804,304,547.5903
1993,801,304,497,804,0,0,804,304,547.5903
1994,801,306,495,810,0,0,810,306,550.6519
1995,801,307,494,811,0,0,811,307,552.1805
1996,802,307,495,811,0,0,811,307,552.1805
1997,802,309,493,818,0,0,818,309,555.2328
1998,804,310,494,820,0,0,820,310,556.7568
1999,805,312,493,822,0,0,822,312,560.0801
2000,805,314,491,830,0,0,830,314,563.4
2001,807,314,493,830,0,0,830,314,563.4
2002,809,314,495,830,0,0,830,314,563.4
2003,810,314,496,830,0,0,830,314,563.4
2004,811,314,497,830,0,0,830,314,563.4
2005,811,314,497,830,0,0,830,314,563.4
2006,811,314,497,830,0,0,830,314,563.4
2007,811,314,497,830,0,0,830,314,563.4
2008,812,314,497,830,0,0,830,314,563.4
2009,812,314,498,830,0,0,830,314,563.4
2010,812,314,498,830,0,0,830,314,563.4
2011,812,314,498,830,0,0,830,314,563.4
2012,812,314,498,830,0,0,830,314,563.4
2013,813,314,499,830,0,0,830,314,563.4
2014,816,314,501,830,0,0,830,314,563.4
2015,816,314,501,830,0,0,830,314,563.4
2016,817,314,502,830,0,0,830,314,563.4
2017,818,314,503,830,0,0,830,314,563.4
2018,818,314,503,830,0,0,830,314,563.4
2019,819,314,505,830,0,0,830,314,563.4
2020,819,314,505,830,0,0,830,314,563.4
2021,819,314,505,830,0,0,830,314,563.4
2022,820,314,506,830,0,0,830,314,563.4
2023,820,314,506,830,0,0,830,314,563.4
2024,820,314,506,830,0,0,830,314,563.4
2025,820,314,506,830,0,0,830,314,563.4
2026,821,314,506,830,0,0,830,314,563.4
2027,821,314,507,830,0,0,830,314,563.4
2028,822,314,508,830,0,0,830,314,563.4
2029,823,314,509,830,0,0,830,314,563.4
2030,824,314,510,830,0,0,830,314,563.4
2031,825,314,510,830,0,0,830,314,563.4
2032,825,315,509,831,0,0,831,315,556.2992
2033,825,316,508,835,0,0,835,316,557.7964
2034,826,317,508,839,0,0,839,317,559.2921
2035,826,317,508,839,0,0,839,317,559.2921
2036,826,318,508,841,0,0,841,318,560.5108
2037,826,318,508,841,0,0,841,318,560.5108
2038,826,318,508,841,0,0,841,318,560.5108
2039,826,319,507,845,0,0,845,319,561.4517
2040,826,320,506,849,0,0,849,320,562.9412
2041,827,320,506,849,0,0,849,320,562.9412
2042,828,320,507,849,0,0,849,320,562.9412
2043,828,320,508,849,0,0,849,320,562.9412
2044,828,320,508,849,0,0,849,320,562.9412
2045,828,321,507,851,0,0,851,321,563.3252
2046,828,322,506,856,0,0,856,322,564.8094
2047,828,323,505,859,0,0,859,323,566.2922
2048,829,326,503,868,0,0,868,326,571.2891
2049,829,326,503,868,0,0,868,326,571.2891
2050,829,328,501,870,0,0,870,328,574.2439
2051,829,329,500,871,0,0,871,329,575.7192
2052,829,329,500,871,0,0,871,329,575.7192
2053,829,331,498,878,0,0,878,331,578.6653
2054,829,332,497,879,0,0,879,332,580.1364
2055,829,332,497,879,0,0,879,332,580.1364
2056,829,333,496,880,0,0,880,333,581.3229
2057,829,333,496,880,0,0,880,333,581.3229
2058,829,333,496,880,0,0,880,333,581.3229
2059,829,333,496,880,0,0,880,333,581.3229
2060,829,333,496,880,0,0,880,333,581.3229
2061,829,333,496,880,0,0,880,333,581.3229
2062,829,333,496,880,0,0,880,333,581.3229
2063,829,333,496,880,0,0,880,333,581.3229
2064,829,333,496,880,0,0,880,333,581.3229
2065,829,333,496,880,0,0,880,333,581.3229
2066,829,333,496,880,0,0,880,333,581.3229
2067,829,333,496,880,0,0,880,333,581.3229
2068,829,333,496,880,0,0,880,333,581.3229
2069,829,333,496,880,0,0,880,333,581.3229
2070,829,333,496,880,0,0,880,333,581.3229
2071,829,333,496,880,0,0,880,333,581.3229
2072,829,333,496,880,0,0,880,333,581.3229
2073,829,333,496,880,0,0,880,333,581.3229
2074,829,333,496,880,0,0,880,333,581.3229
2075,829,333,496,880,0,0,880,333,581.3229
2076,829,333,496,880,0,0,880,333,581.3229
2077,829,333,496,880,0,0,880,333,581.3229
2078,829,333,496,880,0,0,880,333,581.3229
2079,829,333,496,880,0,0,880,333,581.3229
2080,829,333,496,880,0,0,880,333,581.3229
2081,829,333,496,880,0,0,880,333,581.3229
2082,829,333,496,880,0,0,880,333,581.3229
2083,829,333,496,880,0,0,880,333,581.3229
2084,829,333,496,880,0,0,880,333,581.3229
2085,829,333,496,880,0,0,880,333,581.3229
2086,829,333,496,880,0,0,880,333,581.3229
2087,829,333,496,880,0,0,880,333,581.3229
2088,830,334,496,881,0,0,881,334,574.1379
2089,830,336,494,888,0,0,888,336,577.3097
2090,830,336,494,888,0,0,888,336,577.3097
2091,830,338,492,894,0,0,894,338,580.2009
2092,830,338,492,894,0,0,894,338,580.2009
2093,830,340,490,899,0,0,899,340,583.0865
2094,830,341,489,902,0,0,902,341,584.5272
2095,830,342,488,904,0,0,904,342,585.9666
2096,830,343,487,906,0,0,906,343,587.4046
2097,831,343,488,906,0,0,906,343,587.4046
2098,831,344,487,908,0,0,908,344,588.5605
2099,831,344,487,908,0,0,908,344,588.5605
2100,831,345,486,911,0,0,911,345,589.7143
2101,831,346,485,915,0,0,915,346,591.1471
2102,831,347,484,916,0,0,916,347,592.5785
2103,831,347,484,916,0,0,916,347,592.5785
2104,831,348,483,917,0,0,917,348,593.7262
2105,831,348,483,917,0,0,917,348,593.7262
2106,831,348,483,917,0,0,917,348,593.7262
2107,831,348,483,917,0,0,917,348,593.7262
2108,831,348,483,917,0,0,917,348,593.7262
2109,831,348,483,917,0,0,917,348,593.7262
2110,831,348,483,917,0,0,917,348,593.7262
2111,831,348,483,917,0,0,917,348,593.7262
2112,831,348,483,917,0,0,917,348,593.7262
2113,831,348,483,917,0,0,917,348,593.7262
2114,831,348,483,917,0,0,917,348,593.7262
2115,831,348,483,917,0,0,917,348,593.7262
2116,831,348,483,917,0,0,917,348,593.7262
2117,831,348,483,917,0,0,917,348,593.7262
2118,831,348,483,917,0,0,917,348,593.7262
2119,831,348,483,917,0,0,917,348,593.7262
2120,831,348,483,917,0,0,917,348,593.7262
2121,831,348,483,917,0,0,917,348,593.7262
2122,831,348,483,917,0,0,917,348,593.7262
2123,831,348,483,917,0,0,917,348,593.7262
2124,831,348,483,917,0,0,917,348,593.7262
2125,831,348,483,917,0,0,917,348,593.7262
2126,831,348,483,917,0,0,917,348,593.7262
2127,831,348,483,917,0,0,917,348,593.7262
2128,831,348,483,917,0,0,917,348,593.7262
2129,831,348,483,917,0,0,917,348,593.7262
2130,831,348,483,917,0,0,917,348,593.7262
2131,831,348,483,917,0,0,917,348,593.7262
2132,831,348,483,917,0,0,917,348,593.7262
2133,831,350,481,919,0,0,919,350,589.0295
2134,831,351,480,921,0,0,921,351,590.4405
2135,831,351,480,921,0,0,921,351,590.4405
2136,831,352,479,922,0,0,922,352,591.5731
2137,831,353,478,923,0,0,923,353,592.9808
2138,831,354,477,927,0,0,927,354,594.3873
2139,831,354,477,927,0,0,927,354,594.3873
2140,831,356,475,933,0,0,933,356,597.1962
2141,831,358,473,935,0,0,935,358,600.2803
2142,831,359,472,937,0,0,937,359,601.6807
2143,831,361,470,943,0,0,943,361,604.7597
2144,831,362,469,947,0,0,947,362,606.1567
2145,831,362,469,947,0,0,947,362,606.1567
2146,831,362,469,947,0,0,947,362,606.1567
2147,831,362,469,947,0,0,947,362,606.1567
2148,832,362,470,947,0,0,947,362,606.1567
2149,832,362,470,947,0,0,947,362,606.1567
2150,832,362,470,947,0,0,947,362,606.1567
2151,832,362,470,947,0,0,947,362,606.1567
2152,832,362,470,947,0,0,947,362,606.1567
2153,832,362,470,947,0,0,947,362,606.1567
2154,832,362,470,947,0,0,947,362,606.1567
2155,832,362,470,947,0,0,947,362,606.1567
2156,832,362,470,947,0,0,947,362,606.1567
2157,832,362,470,947,0,0,947,362,606.1567
2158,832,362,470,947,0,0,947,362,606.1567
2159,832,362,470,947,0,0,947,362,606.1567
2160,832,362,470,947,0,0,947,362,606.1567
2161,832,362,470,947,0,0,947,362,606.1567
2162,832,362,470,947,0,0,947,362,606.1567
2163,832,362,470,947,0,0,947,362,606.1567
2164,832,362,470,947,0,0,947,362,606.1567
2165,832,362,470,947,0,0,947,362,606.1567
2166,832,362,470,947,0,0,947,362,606.1567
2167,832,362,470,947,0,0,947,362,606.1567
2168,832,362,470,947,0,0,947,362,606.1567
2169,832,362,470,947,0,0,947,362,606.1567
2170,832,362,470,947,0,0,947,362,606.1567
2171,832,362,470,947,0,0,947,362,606.1567
2172,832,362,470,947,0,0,947,362,606.1567
2173,832,362,470,947,0,0,947,362,606.1567
2174,832,362,470,947,0,0,947,362,606.1567
2175,832,362,470,947,0,0,947,362,606.1567
2176,833,362,471,947,0,0,947,362,606.1567
2177,833,362,471,947,0,0,947,362,606.1567
2178,833,362,471,947,0,0,947,362,606.1567
2179,834,363,471,948,0,0,948,363,598.0725
2180,834,364,470,951,0,0,951,364,599.4495
2181,834,365,469,955,0,0,955,365,600.8253
2182,834,366,468,957,0,0,957,366,602.1998
2183,834,366,468,957,0,0,957,366,602.1998
2184,834,366,468,957,0,0,957,366,602.1998
2185,834,366,468,957,0,0,957,366,602.1998
2186,834,366,468,957,0,0,957,366,602.1998
2187,834,366,468,957,0,0,957,366,602.1998
2188,834,366,468,957,0,0,957,366,602.1998
2189,834,366,468,957,0,0,957,366,602.1998
2190,834,366,468,957,0,0,957,366,602.1998
2191,834,366,468,957,0,0,957,366,602.1998
2192,834,366,468,957,0,0,957,366,602.1998
2193,834,366,468,957,0,0,957,366,602.1998
2194,834,366,468,957,0,0,957,366,602.1998
2195,834,366,468,957,0,0,957,366,602.1998
2196,834,366,468,957,0,0,957,366,602.1998
2197,834,366,468,957,0,0,957,366,602.1998
2198,834,366,468,957,0,0,957,366,602.1998
2199,834,366,468,957,0,0,957,366,602.1998
2200,834,366,468,957,0,0,957,366,602.1998
2201,834,366,468,957,0,0,957,366,602.1998
2202,834,366,468,957,0,0,957,366,602.1998
2203,834,366,468,957,0,0,957,366,602.1998
2204,834,366,468,957,0,0,957,366,602.1998
2205,834,366,468,957,0,0,957,366,602.1998
2206,834,366,468,957,0,0,957,366,602.1998
2207,834,366,468,957,0,0,957,366,602.1998
2208,834,366,468,957,0,0,957,366,602.1998
2209,834,366,468,957,0,0,957,366,602.1998
2210,834,366,468,957,0,0,957,366,602.1998
2211,834,366,468,957,0,0,957,366,602.1998
2212,834,367,467,959,0,0,959,367,595.66
2213,834,367,467,959,0,0,959,367,595.66
2214,834,367,467,959,0,0,959,367,595.66
2215,834,367,467,959,0,0,959,367,595.66
2216,834,368,466,960,0,0,960,368,596.2094
2217,834,368,466,960,0,0,960,368,596.2094
2218,834,368,466,960,0,0,960,368,596.2094
2219,834,369,465,961,0,0,961,369,597.0256
2220,834,369,465,961,0,0,961,369,597.0256
2221,834,369,465,961,0,0,961,369,597.0256
2222,834,370,464,964,0,0,964,370,597.8398
2223,834,370,464,964,0,0,964,370,597.8398
2224,834,370,464,964,0,0,964,370,597.8398
2225,834,370,464,964,0,0,964,370,597.8398
2226,834,370,464,964,0,0,964,370,597.8398
2227,834,370,464,964,0,0,964,370,597.8398
2228,835,370,465,964,0,0,964,370,597.8398
2229,835,370,465,964,0,0,964,370,597.8398
2230,835,370,465,964,0,0,964,370,597.8398
2231,835,370,465,964,0,0,964,370,597.8398
2232,835,370,465,964,0,0,964,370,597.8398
2233,835,370,465,964,0,0,964,370,597.8398
2234,835,370,465,964,0,0,964,370,597.8398
2235,835,370,465,964,0,0,964,370,597.8398
2236,835,370,465,964,0,0,964,370,597.8398
2237,835,370,465,964,0,0,964,370,597.8398
2238,835,370,465,964,0,0,964,370,597.8398
2239,835,370,465,964,0,0,964,370,597.8398
2240,835,370,465,964,0,0,964,370,597.8398
2241,835,370,465,964,0,0,964,370,597.8398
2242,835,370,465,964,0,0,964,370,597.8398
2243,835,370,465,964,0,0,964,370,597.8398
2244,835,370,465,964,0,0,964,370,597.8398
2245,835,370,465,964,0,0,964,370,597.8398
2246,835,370,465,964,0,0,964,370,597.8398
2247,835,370,465,964,0,0,964,370,597.8398
2248,835,370,465,964,0,0,964,370,597.8398
2249,836,370,465,964,0,0,964,370,597.8398
2250,836,370,465,964,0,0,964,370,597.8398
2251,836,370,465,964,0,0,964,370,597.8398
2252,836,370,465,964,0,0,964,370,597.8398
2253,836,370,465,964,0,0,964,370,597.8398
2254,836,370,466,964,0,0,964,370,597.8398
2255,836,370,466,964,0,0,964,370,597.8398
2256,836,370,466,964,0,0,964,370,597.8398
2257,836,370,466,964,0,0,964,370,597.8398
2258,836,372,464,970,0,0,970,372,591.4969
2259,836,372,464,970,0,0,970,372,591.4969
2260,836,373,463,973,0,0,973,373,592.5664
2261,837,374,463,977,0,0,977,374,593.8965
2262,837,375,462,978,0,0,978,375,595.2255
2263,837,376,461,981,0,0,981,376,596.5533
2264,837,376,461,981,0,0,981,376,596.5533
2265,837,377,460,982,0,0,982,377,597.6159
2266,837,377,460,982,0,0,982,377,597.6159
2267,837,379,458,984,0,0,984,379,600.2646
2268,837,380,457,987,0,0,987,380,601.5873
2269,837,380,457,987,0,0,987,380,601.5873
2270,837,381,456,988,0,0,988,381,602.6432
2271,837,383,454,992,0,0,992,383,605.5482
2272,837,383,454,992,0,0,992,383,605.5482
2273,837,386,451,1001,0,0,1001,386,609.7668
2274,837,388,449,1007,0,0,1007,388,612.6649
2275,837,389,448,1010,0,0,1010,389,613.978
2276,837,390,447,1011,0,0,1011,390,615.29
2277,837,392,445,1018,0,0,1018,392,618.1818
2278,837,393,444,1020,0,0,1020,393,619.4908
2279,837,395,442,1025,0,0,1025,395,622.3782
2280,837,395,442,1025,0,0,1025,395,622.3782
2281,837,396,441,1030,0,0,1030,396,623.4108
2282,837,397,440,1031,0,0,1031,397,624.7151
2283,837,397,440,1031,0,0,1031,397,624.7151
2284,837,398,439,1032,0,0,1032,398,625.7443
2285,837,398,439,1032,0,0,1032,398,625.7443
2286,837,400,437,1035,0,0,1035,400,628.3464
2287,837,400,437,1035,0,0,1035,400,628.3464
2288,837,400,437,1035,0,0,1035,400,628.3464
2289,837,400,437,1035,0,0,1035,400,628.3464
2290,837,400,437,1035,0,0,1035,400,628.3464
2291,837,400,437,1035,0,0,1035,400,628.3464
2292,837,400,437,1035,0,0,1035,400,628.3464
2293,837,400,437,1035,0,0,1035,400,628.3464
2294,837,400,437,1035,0,0,1035,400,628.3464
2295,837,400,437,1035,0,0,1035,400,628.3464
2296,837,400,437,1035,0,0,1035,400,628.3464
2297,837,400,437,1035,0,0,1035,400,628.3464
2298,837,400,437,1035,0,0,1035,400,628.3464
2299,837,400,437,1035,0,0,1035,400,628.3464
2300,837,400,437,1035,0,0,1035,400,628.3464
2301,837,400,437,1035,0,0,1035,400,628.3464
2302,837,400,437,1035,0,0,1035,400,628.3464
2303,837,400,437,1035,0,0,1035,400,628.3464
2304,837,400,437,1035,0,0,1035,400,628.3464
2305,837,400,437,1035,0,0,1035,400,628.3464
2306,837,400,437,1035,0,0,1035,400,628.3464
2307,837,400,437,1035,0,0,1035,400,628.3464
2308,837,400,437,1035,0,0,1035,400,628.3464
2309,837,400,437,1035,0,0,1035,400,628.3464
2310,838,400,438,1035,0,0,1035,400,628.3464
2311,838,400,438,1035,0,0,1035,400,628.3464
2312,838,400,438,1035,0,0,1035,400,628.3464
2313,838,400,438,1035,0,0,1035,400,628.3464
2314,838,400,438,1035,0,0,1035,400,628.3464
2315,838,401,437,1037,0,0,1037,401,622.0302
2316,838,402,436,1041,0,0,1041,402,623.3161
2317,838,402,436,1041,0,0,1041,402,623.3161
2318,838,402,436,1041,0,0,1041,402,623.3161
2319,838,402,436,1041,0,0,1041,402,623.3161
2320,838,403,435,1043,0,0,1043,403,623.7931
2321,838,403,435,1043,0,0,1043,403,623.7931
2322,838,403,435,1043,0,0,1043,403,623.7931
2323,838,403,435,1043,0,0,1043,403,623.7931
2324,838,405,433,1045,0,0,1045,405,625.8176
2325,838,407,431,1051,0,0,1051,407,628.6451
2326,838,407,431,1051,0,0,1051,407,628.6451
2327,838,410,428,1058,0,0,1058,410,632.746
2328,838,412,426,1062,0,0,1062,412,635.567
2329,838,412,426,1062,0,0,1062,412,635.567
2330,838,414,424,1070,0,0,1070,414,638.1116
2331,838,415,423,1075,0,0,1075,415,639.3823
2332,838,415,423,1075,0,0,1075,415,639.3823
2333,838,415,423,1075,0,0,1075,415,639.3823
2334,838,417,421,1079,0,0,1079,417,641.6452
2335,838,418,420,1080,0,0,1080,418,642.9122
2336,838,420,418,1084,0,0,1084,420,645.7192
2337,838,421,417,1086,0,0,1086,421,646.9833
2338,838,422,416,1089,0,0,1089,422,648.2463
2339,838,423,415,1090,0,0,1090,423,649.5084
2340,838,424,414,1094,0,0,1094,424,650.7692
2341,838,424,414,1094,0,0,1094,424,650.7692
2342,838,424,414,1094,0,0,1094,424,650.7692
2343,838,425,413,1095,0,0,1095,425,651.4725
2344,838,425,413,1095,0,0,1095,425,651.4725
2345,838,425,413,1095,0,0,1095,425,651.4725
2346,838,425,413,1095,0,0,1095,425,651.4725
2347,838,425,413,1095,0,0,1095,425,651.4725
2348,838,425,413,1095,0,0,1095,425,651.4725
2349,838,425,413,1095,0,0,1095,425,651.4725
2350,838,425,413,1095,0,0,1095,425,651.4725
2351,838,425,413,1095,0,0,1095,425,651.4725
2352,838,425,413,1095,0,0,1095,425,651.4725
2353,838,425,413,1095,0,0,1095,425,651.4725
2354,838,425,413,1095,0,0,1095,425,651.4725
2355,838,425,413,1095,0,0,1095,425,651.4725
2356,838,425,413,1095,0,0,1095,425,651.4725
2357,838,425,413,1095,0,0,1095,425,651.4725
2358,838,425,413,1095,0,0,1095,425,651.4725
2359,838,425,413,1095,0,0,1095,425,651.4725
2360,838,425,413,1095,0,0,1095,425,651.4725
2361,838,425,413,1095,0,0,1095,425,651.4725
2362,838,425,413,1095,0,0,1095,425,651.4725
2363,838,425,413,1095,0,0,1095,425,651.4725
2364,838,425,413,1095,0,0,1095,425,651.4725
2365,838,425,413,1095,0,0,1095,425,651.4725
2366,838,425,413,1095,0,0,1095,425,651.4725
2367,838,425,413,1095,0,0,1095,425,651.4725
2368,838,425,413,1095,0,0,1095,425,651.4725
2369,838,425,413,1095,0,0,1095,425,651.4725
2370,838,425,413,1095,0,0,1095,425,651.4725
2371,838,425,413,1095,0,0,1095,425,651.4725
2372,838,425,413,1095,0,0,1095,425,651.4725
2373,838,425,413,1095,0,0,1095,425,651.4725
2374,838,425,413,1095,0,0,1095,425,651.4725
2375,838,425,413,1095,0,0,1095,425,651.4725
2376,838,425,413,1095,0,0,1095,425,651.4725
2377,838,425,413,1095,0,0,1095,425,651.4725
2378,838,425,413,1095,0,0,1095,425,651.4725
2379,838,425,413,1095,0,0,1095,425,651.4725
2380,838,425,413,1095,0,0,1095,425,651.4725
2381,839,425,414,1095,0,0,1095,425,651.4725
2382,839,425,414,1095,0,0,1095,425,651.4725
2383,839,425,414,1095,0,0,1095,425,651.4725
2384,839,425,414,1095,0,0,1095,425,651.4725
2385,839,425,414,1095,0,0,1095,425,651.4725
2386,840,425,415,1095,0,0,1095,425,651.4725
2387,840,425,415,1095,0,0,1095,425,651.4725
2388,840,425,415,1095,0,0,1095,425,651.4725
2389,840,425,415,1095,0,0,1095,425,651.4725
2390,842,425,417,1095,0,0,1095,425,651.4725
2391,843,425,418,1095,0,0,1095,425,651.4725
2392,843,425,418,1095,0,0,1095,425,651.4725
2393,843,425,418,1095,0,0,1095,425,651.4725
2394,843,425,418,1095,0,0,1095,425,651.4725
2395,843,425,418,1095,0,0,1095,425,651.4725
2396,843,425,418,1095,0,0,1095,425,651.4725
2397,843,425,418,1095,0,0,1095,425,651.4725
2398,843,425,418,1095,0,0,1095,425,651.4725
2399,843,425,418,1095,0,0,1095,425,651.4725
2400,843,425,418,1095,0,0,1095,425,651.4725
2401,843,425,418,1095,0,0,1095,425,651.4725
2402,843,425,418,1095,0,0,1095,425,651.4725
2403,843,425,418,1095,0,0,1095,425,651.4725
2404,843,425,418,1095,0,0,1095,425,651.4725
2405,843,425,418,1095,0,0,1095,425,651.4725
2406,843,425,418,1095,0,0,1095,425,651.4725
2407,843,425,418,1095,0,0,1095,425,651.4725
2408,844,425,419,1095,0,0,1095,425,651.4725
2409,844,425,419,1095,0,0,1095,425,651.4725
2410,844,425,419,1095,0,0,1095,425,651.4725
2411,844,425,419,1095,0,0,1095,425,651.4725
2412,844,426,418,1097,0,0,1097,426,634.3284
2413,844,427,417,1101,0,0,1101,427,635.5574
2414,844,428,416,1102,0,0,1102,428,636.7855
2415,844,429,415,1104,0,0,1104,429,638.0125
2416,844,430,414,1105,0,0,1105,430,639.2384
2417,844,430,414,1105,0,0,1105,430,639.2384
2418,844,431,413,1109,0,0,1109,431,640.1985
2419,845,433,412,1115,0,0,1115,433,642.9103
2420,845,434,411,1116,0,0,1116,434,644.1322
2421,845,435,410,1117,0,0,1117,435,645.3531
2422,845,436,409,1118,0,0,1118,436,646.5731
2423,845,436,409,1118,0,0,1118,436,646.5731
2424,845,438,407,1125,0,0,1125,438,649.0099
2425,845,438,407,1125,0,0,1125,438,649.0099
2426,845,440,405,1132,0,0,1132,440,651.4427
2427,845,440,405,1132,0,0,1132,440,651.4427
2428,845,442,403,1135,0,0,1135,442,653.8715
2429,845,443,402,1139,0,0,1139,443,655.0844
2430,845,443,402,1139,0,0,1139,443,655.0844
2431,845,444,401,1143,0,0,1143,444,656.0263
2432,845,444,401,1143,0,0,1143,444,656.0263
2433,845,447,398,1152,0,0,1152,447,659.926
2434,845,448,397,1154,0,0,1154,448,661.134
2435,845,449,396,1156,0,0,1156,449,662.3409
2436,845,450,395,1158,0,0,1158,450,663.5468
2437,845,453,392,1161,0,0,1161,453,667.7062
2438,845,453,392,1161,0,0,1161,453,667.7062
2439,845,453,392,1161,0,0,1161,453,667.7062
2440,845,454,391,1164,0,0,1164,454,668.3607
2441,845,454,391,1164,0,0,1164,454,668.3607
2442,845,454,391,1164,0,0,1164,454,668.3607
2443,845,454,391,1164,0,0,1164,454,668.3607
2444,845,454,391,1164,0,0,1164,454,668.3607
2445,845,454,391,1164,0,0,1164,454,668.3607
2446,845,454,391,1164,0,0,1164,454,668.3607
2447,845,454,391,1164,0,0,1164,454,668.3607
2448,845,454,391,1164,0,0,1164,454,668.3607
2449,845,454,391,1164,0,0,1164,454,668.3607
2450,845,454,391,1164,0,0,1164,454,668.3607
2451,845,454,391,1164,0,0,1164,454,668.3607
2452,845,454,391,1164,0,0,1164,454,668.3607
2453,845,454,391,1164,0,0,1164,454,668.3607
2454,845,454,391,1164,0,0,1164,454,668.3607
2455,845,454,391,1164,0,0,1164,454,668.3607
2456,845,454,391,1164,0,0,1164,454,668.3607
2457,845,454,391,1164,0,0,1164,454,668.3607
2458,845,454,391,1164,0,0,1164,454,668.3607
2459,845,454,391,1164,0,0,1164,454,668.3607
2460,845,454,391,1164,0,0,1164,454,668.3607
2461,845,454,391,1164,0,0,1164,454,668.3607
2462,845,454,391,1164,0,0,1164,454,668.3607
2463,845,454,391,1164,0,0,1164,454,668.3607
2464,845,455,390,1166,0,0,1166,455,663.3117
2465,845,455,390,1166,0,0,1166,455,663.3117
2466,845,455,390,1166,0,0,1166,455,663.3117
2467,845,455,390,1166,0,0,1166,455,663.3117
2468,845,455,390,1166,0,0,1166,455,663.3117
2469,845,455,390,1166,0,0,1166,455,663.3117
2470,845,455,390,1166,0,0,1166,455,663.3117
2471,845,456,389,1169,0,0,1169,456,662.8895
2472,845,456,389,1169,0,0,1169,456,662.8895
2473,845,457,388,1170,0,0,1170,457,663.8091
2474,845,457,388,1170,0,0,1170,457,663.8091
2475,845,458,387,1172,0,0,1172,458,664.7272
2476,845,459,386,1174,0,0,1174,459,665.9128
2477,845,459,386,1174,0,0,1174,459,665.9128
2478,845,459,386,1174,0,0,1174,459,665.9128
2479,845,460,385,1177,0,0,1177,460,666.5591
2480,845,460,385,1177,0,0,1177,460,666.5591
2481,845,460,385,1177,0,0,1177,460,666.5591
2482,845,460,385,1177,0,0,1177,460,666.5591
2483,845,460,385,1177,0,0,1177,460,666.5591
2484,845,460,385,1177,0,0,1177,460,666.5591
2485,845,460,385,1177,0,0,1177,460,666.5591
2486,845,460,385,1177,0,0,1177,460,666.5591
2487,845,460,385,1177,0,0,1177,460,666.5591
2488,845,460,385,1177,0,0,1177,460,666.5591
2489,845,460,385,1177,0,0,1177,460,666.5591
2490,845,460,385,1177,0,0,1177,460,666.5591
2491,846,460,386,1177,0,0,1177,460,666.5591
2492,847,460,387,1177,0,0,1177,460,666.5591
2493,847,460,387,1177,0,0,1177,460,666.5591
2494,847,460,387,1177,0,0,1177,460,666.5591
2495,847,460,387,1177,0,0,1177,460,666.5591
2496,847,460,387,1177,0,0,1177,460,666.5591
2497,847,460,387,1177,0,0,1177,460,666.5591
2498,847,460,387,1177,0,0,1177,460,666.5591
2499,847,460,387,1177,0,0,1177,460,666.5591
2500,847,460,387,1177,0,0,1177,460,666.5591
2501,847,460,387,1177,0,0,1177,460,666.5591
2502,847,460,387,1177,0,0,1177,460,666.5591
2503,847,460,387,1177,0,0,1177,460,666.5591
2504,847,460,387,1177,0,0,1177,460,666.5591
2505,847,460,387,1177,0,0,1177,460,666.5591
2506,847,460,387,1177,0,0,1177,460,666.5591
2507,847,460,387,1177,0,0,1177,460,666.5591
2508,847,460,387,1177,0,0,1177,460,666.5591
2509,847,460,387,1177,0,0,1177,460,666.5591
2510,847,460,387,1177,0,0,1177,460,666.5591
2511,847,460,387,1177,0,0,1177,460,666.5591
2512,847,461,386,1178,0,0,1178,461,659.2357
2513,847,462,385,1179,0,0,1179,462,660.4059
2514,847,463,384,1183,0,0,1183,463,661.5752
2515,847,464,383,1187,0,0,1187,464,662.7435
2516,847,464,383,1187,0,0,1187,464,662.7435
2517,847,465,382,1188,0,0,1188,465,663.6472
2518,847,466,381,1189,0,0,1189,466,664.8134
2519,847,467,380,1192,0,0,1192,467,665.9786
2520,847,469,378,1200,0,0,1200,469,668.5715
2521,847,469,378,1200,0,0,1200,469,668.5715
2522,847,471,376,1205,0,0,1205,471,670.8961
2523,847,473,374,1210,0,0,1210,473,673.4839
2524,847,473,374,1210,0,0,1210,473,673.4839
2525,847,475,372,1216,0,0,1216,475,675.802
2526,847,475,372,1216,0,0,1216,475,675.802
2527,847,476,371,1219,0,0,1219,476,676.6917
2528,847,476,371,1219,0,0,1219,476,676.6917
2529,847,476,371,1219,0,0,1219,476,676.6917
2530,847,476,371,1219,0,0,1219,476,676.6917
2531,847,476,371,1219,0,0,1219,476,676.6917
2532,847,476,371,1219,0,0,1219,476,676.6917
2533,847,476,371,1219,0,0,1219,476,676.6917
2534,847,476,371,1219,0,0,1219,476,676.6917
2535,847,476,371,1219,0,0,1219,476,676.6917
2536,847,476,371,1219,0,0,1219,476,676.6917
2537,847,476,371,1219,0,0,1219,476,676.6917
2538,847,476,371,1219,0,0,1219,476,676.6917
2539,847,476,371,1219,0,0,1219,476,676.6917
2540,847,476,371,1219,0,0,1219,476,676.6917
2541,847,476,371,1219,0,0,1219,476,676.6917
2542,847,476,371,1219,0,0,1219,476,676.6917
2543,847,476,371,1219,0,0,1219,476,676.6917
2544,847,476,371,1219,0,0,1219,476,676.6917
2545,847,476,371,1219,0,0,1219,476,676.6917
2546,847,476,371,1219,0,0,1219,476,676.6917
2547,847,476,371,1219,0,0,1219,476,676.6917
2548,847,476,371,1219,0,0,1219,476,676.6917
2549,847,476,371,1219,0,0,1219,476,676.6917
2550,847,476,371,1219,0,0,1219,476,676.6917
2551,847,476,371,1219,0,0,1219,476,676.6917
2552,847,476,371,1219,0,0,1219,476,676.6917
2553,847,476,371,1219,0,0,1219,476,676.6917
2554,847,476,371,1219,0,0,1219,476,676.6917
2555,847,476,371,1219,0,0,1219,476,676.6917
2556,847,477,370,1222,0,0,1222,477,670.4225
2557,847,478,369,1224,0,0,1224,478,671.5682
2558,847,478,369,1224,0,0,1224,478,671.5682
2559,847,478,369,1224,0,0,1224,478,671.5682
2560,847,479,368,1227,0,0,1227,479,672.1875
2561,847,480,367,1228,0,0,1228,480,673.3307
2562,847,480,367,1228,0,0,1228,480,673.3307
2563,847,480,367,1228,0,0,1228,480,673.3307
2564,847,480,367,1228,0,0,1228,480,673.3307
2565,847,480,367,1228,0,0,1228,480,673.3307
2566,847,481,366,1230,0,0,1230,481,673.4217
2567,847,481,366,1230,0,0,1230,481,673.4217
2568,847,483,364,1237,0,0,1237,483,675.7009
2569,847,483,364,1237,0,0,1237,483,675.7009
2570,847,483,364,1237,0,0,1237,483,675.7009
2571,848,484,364,1241,0,0,1241,484,676.3127
2572,848,484,364,1241,0,0,1241,484,676.3127
2573,848,485,363,1243,0,0,1243,485,677.1862
2574,848,486,362,1244,0,0,1244,486,678.3217
2575,848,486,362,1244,0,0,1244,486,678.3217
2576,848,487,361,1248,0,0,1248,487,679.1926
2577,848,488,360,1251,0,0,1251,488,680.3259
2578,848,489,359,1253,0,0,1253,489,681.4585
2579,848,489,359,1253,0,0,1253,489,681.4585
2580,848,489,359,1253,0,0,1253,489,681.4585
2581,848,489,359,1253,0,0,1253,489,681.4585
2582,848,489,359,1253,0,0,1253,489,681.4585
2583,848,489,359,1253,0,0,1253,489,681.4585
2584,848,489,359,1253,0,0,1253,489,681.4585
2585,848,489,359,1253,0,0,1253,489,681.4585
2586,848,489,359,1253,0,0,1253,489,681.4585
2587,848,489,359,1253,0,0,1253,489,681.4585
2588,848,489,359,1253,0,0,1253,489,681.4585
2589,848,489,359,1253,0,0,1253,489,681.4585
2590,848,490,358,1254,0,0,1254,490,679.6911
2591,848,490,358,1254,0,0,1254,490,679.6911
2592,848,490,358,1254,0,0,1254,490,679.6911
2593,848,490,358,1254,0,0,1254,490,679.6911
2594,848,490,358,1254,0,0,1254,490,679.6911
2595,848,490,358,1254,0,0,1254,490,679.6911
2596,848,490,358,1254,0,0,1254,490,679.6911
2597,848,490,358,1254,0,0,1254,490,679.6911
2598,848,490,358,1254,0,0,1254,490,679.6911
2599,848,490,358,1254,0,0,1254,490,679.6911
2600,848,490,358,1254,0,0,1254,490,679.6911
2601,848,490,358,1254,0,0,1254,490,679.6911
2602,848,490,358,1254,0,0,1254,490,679.6911
2603,848,490,358,1254,0,0,1254,490,679.6911
2604,848,490,358,1254,0,0,1254,490,679.6911
2605,848,490,358,1254,0,0,1254,490,679.6911
2606,848,490,358,1254,0,0,1254,490,679.6911
2607,848,490,358,1254,0,0,1254,490,679.6911
2608,848,491,357,1257,0,0,1257,491,676.3804
2609,848,492,356,1258,0,0,1258,492,677.5009
2610,848,493,355,1259,0,0,1259,493,678.6207
2611,848,493,355,1259,0,0,1259,493,678.6207
2612,848,495,353,1266,0,0,1266,495,680.8575
2613,848,496,352,1267,0,0,1267,496,681.9748
2614,848,497,351,1270,0,0,1270,497,683.0911
2615,848,498,350,1271,0,0,1271,498,684.2065
2616,848,498,350,1271,0,0,1271,498,684.2065
2617,848,500,348,1274,0,0,1274,500,686.4349
2618,849,501,348,1276,0,0,1276,501,687.5477
2619,849,501,348,1276,0,0,1276,501,687.5477
2620,849,503,346,1282,0,0,1282,503,689.771
2621,849,504,345,1283,0,0,1283,504,690.8813
2622,849,505,344,1286,0,0,1286,505,691.9908
2623,849,506,343,1291,0,0,1291,506,693.0995
2624,849,506,343,1291,0,0,1291,506,693.0995
2625,849,507,342,1292,0,0,1292,507,693.9428
2626,849,507,342,1292,0,0,1292,507,693.9428
2627,849,508,341,1293,0,0,1293,508,694.7849
2628,849,508,341,1293,0,0,1293,508,694.7849
2629,850,508,342,1293,0,0,1293,508,694.7849
2630,850,508,342,1293,0,0,1293,508,694.7849
2631,850,508,342,1293,0,0,1293,508,694.7849
2632,850,508,342,1293,0,0,1293,508,694.7849
2633,850,508,342,1293,0,0,1293,508,694.7849
2634,850,508,342,1293,0,0,1293,508,694.7849
2635,850,508,342,1293,0,0,1293,508,694.7849
2636,850,508,342,1293,0,0,1293,508,694.7849
2637,850,508,342,1293,0,0,1293,508,694.7849
2638,850,508,342,1293,0,0,1293,508,694.7849
2639,850,508,342,1293,0,0,1293,508,694.7849
2640,850,508,342,1293,0,0,1293,508,694.7849
2641,850,508,342,1293,0,0,1293,508,694.7849
2642,850,508,342,1293,0,0,1293,508,694.7849
2643,850,508,342,1293,0,0,1293,508,694.7849
2644,850,508,342,1293,0,0,1293,508,694.7849
2645,850,508,342,1293,0,0,1293,508,694.7849
2646,850,508,342,1293,0,0,1293,508,694.7849
2647,850,508,342,1293,0,0,1293,508,694.7849
2648,850,508,342,1293,0,0,1293,508,694.7849
2649,850,508,342,1293,0,0,1293,508,694.7849
2650,850,508,342,1293,0,0,1293,508,694.7849
2651,850,508,342,1293,0,0,1293,508,694.7849
2652,850,508,342,1293,0,0,1293,508,694.7849
2653,850,508,342,1293,0,0,1293,508,694.7849
2654,850,508,342,1293,0,0,1293,508,694.7849
2655,850,508,342,1293,0,0,1293,508,694.7849
2656,850,508,342,1293,0,0,1293,508,694.7849
2657,850,508,342,1293,0,0,1293,508,694.7849
2658,850,509,341,1297,0,0,1297,509,688.0361
2659,850,510,340,1299,0,0,1299,510,689.1313
2660,850,510,340,1299,0,0,1299,510,689.1313
2661,850,511,339,1303,0,0,1303,511,689.9662
2662,850,512,338,1304,0,0,1304,512,691.0593
2663,850,513,337,1306,0,0,1306,513,692.1517
2664,850,514,336,1307,0,0,1307,514,693.2433
2665,850,514,336,1307,0,0,1307,514,693.2433
2666,850,515,335,1310,0,0,1310,515,694.0735
2667,850,516,334,1313,0,0,1313,516,695.1631
2668,850,517,333,1316,0,0,1316,517,696.2519
2669,850,518,332,1321,0,0,1321,518,697.3398
2670,850,518,332,1321,0,0,1321,518,697.3398
2671,850,519,331,1322,0,0,1322,519,698.1655
2672,850,519,331,1322,0,0,1322,519,698.1655
2673,850,519,331,1322,0,0,1322,519,698.1655
2674,851,520,331,1324,0,0,1324,520,698.7285
2675,851,520,331,1324,0,0,1324,520,698.7285
2676,851,520,331,1324,0,0,1324,520,698.7285
2677,851,521,330,1326,0,0,1326,521,699.2902
2678,851,521,330,1326,0,0,1326,521,699.2902
2679,851,522,329,1327,0,0,1327,522,700.1119
2680,851,522,329,1327,0,0,1327,522,700.1119
2681,851,522,329,1327,0,0,1327,522,700.1119
2682,851,522,329,1327,0,0,1327,522,700.1119
2683,852,522,330,1327,0,0,1327,522,700.1119
2684,852,522,330,1327,0,0,1327,522,700.1119
2685,852,522,330,1327,0,0,1327,522,700.1119
2686,852,522,330,1327,0,0,1327,522,700.1119
2687,852,522,330,1327,0,0,1327,522,700.1119
2688,852,522,330,1327,0,0,1327,522,700.1119
2689,852,522,330,1327,0,0,1327,522,700.1119
2690,852,522,330,1327,0,0,1327,522,700.1119
2691,852,522,330,1327,0,0,1327,522,700.1119
2692,852,522,330,1327,0,0,1327,522,700.1119
2693,852,522,330,1327,0,0,1327,522,700.1119
2694,852,522,330,1327,0,0,1327,522,700.1119
2695,852,522,330,1327,0,0,1327,522,700.1119
2696,853,522,331,1327,0,0,1327,522,700.1119
2697,853,522,331,1327,0,0,1327,522,700.1119
2698,853,522,331,1327,0,0,1327,522,700.1119
2699,853,522,331,1327,0,0,1327,522,700.1119
2700,853,522,331,1327,0,0,1327,522,700.1119
2701,853,522,331,1327,0,0,1327,522,700.1119
2702,854,522,332,1327,0,0,1327,522,700.1119
2703,854,522,332,1327,0,0,1327,522,700.1119
2704,854,522,332,1327,0,0,1327,522,700.1119
2705,854,522,332,1327,0,0,1327,522,700.1119
2706,854,522,332,1327,0,0,1327,522,700.1119
2707,854,522,332,1327,0,0,1327,522,700.1119
2708,854,523,331,1330,0,0,1330,523,693.9438
2709,854,523,331,1330,0,0,1330,523,693.9438
2710,854,523,331,1330,0,0,1330,523,693.9438
2711,854,524,330,1332,0,0,1332,524,694.5039
2712,854,525,329,1334,0,0,1334,525,695.5752
2713,854,525,329,1334,0,0,1334,525,695.5752
2714,854,526,328,1338,0,0,1338,526,696.3891
2715,854,528,326,1344,0,0,1344,528,698.7845
2716,854,528,326,1344,0,0,1344,528,698.7845
2717,854,530,324,1346,0,0,1346,530,700.9201
2718,854,531,323,1347,0,0,1347,531,701.9868
2719,854,531,323,1347,0,0,1347,531,701.9868
2720,854,533,321,1352,0,0,1352,533,704.1176
2721,854,533,321,1352,0,0,1352,533,704.1176
2722,854,533,321,1352,0,0,1352,533,704.1176
2723,855,533,322,1352,0,0,1352,533,704.1176
2724,855,533,322,1352,0,0,1352,533,704.1176
2725,855,533,322,1352,0,0,1352,533,704.1176
2726,856,533,323,1352,0,0,1352,533,704.1176
2727,856,533,323,1352,0,0,1352,533,704.1176
2728,856,533,323,1352,0,0,1352,533,704.1176
2729,856,533,323,1352,0,0,1352,533,704.1176
2730,856,533,323,1352,0,0,1352,533,704.1176
2731,856,533,323,1352,0,0,1352,533,704.1176
2732,856,533,323,1352,0,0,1352,533,704.1176
2733,856,533,323,1352,0,0,1352,533,704.1176
2734,856,533,323,1352,0,0,1352,533,704.1176
2735,856,533,323,1352,0,0,1352,533,704.1176
2736,856,533,323,1352,0,0,1352,533,704.1176
2737,856,533,323,1352,0,0,1352,533,704.1176
2738,856,533,323,1352,0,0,1352,533,704.1176
2739,856,533,323,1352,0,0,1352,533,704.1176
2740,856,533,323,1352,0,0,1352,533,704.1176
2741,856,533,323,1352,0,0,1352,533,704.1176
2742,856,533,323,1352,0,0,1352,533,704.1176
2743,856,533,323,1352,0,0,1352,533,704.1176
2744,856,533,323,1352,0,0,1352,533,704.1176
2745,856,533,323,1352,0,0,1352,533,704.1176
2746,856,533,323,1352,0,0,1352,533,704.1176
2747,856,533,323,1352,0,0,1352,533,704.1176
2748,856,533,323,1352,0,0,1352,533,704.1176
2749,856,533,323,1352,0,0,1352,533,704.1176
2750,856,535,321,1354,0,0,1354,535,699.0545
2751,856,535,321,1354,0,0,1354,535,699.0545
2752,856,535,321,1354,0,0,1354,535,699.0545
2753,856,536,320,1356,0,0,1356,536,699.6004
2754,856,536,320,1356,0,0,1356,536,699.6004
2755,856,537,319,1360,0,0,1360,537,700.3993
2756,856,538,318,1362,0,0,1362,538,701.4514
2757,856,538,318,1362,0,0,1362,538,701.4514
2758,856,540,316,1367,0,0,1367,540,703.5533
2759,856,541,315,1369,0,0,1369,541,704.6031
2760,857,542,315,1374,0,0,1374,542,705.6522
2761,857,542,315,1374,0,0,1374,542,705.6522
2762,857,543,314,1376,0,0,1376,543,706.4446
2763,857,543,314,1376,0,0,1376,543,706.4446
2764,857,543,314,1376,0,0,1376,543,706.4446
2765,857,543,314,1376,0,0,1376,543,706.4446
2766,857,543,314,1376,0,0,1376,543,706.4446
2767,857,544,313,1379,0,0,1379,544,706.4691
2768,858,544,314,1379,0,0,1379,544,706.4691
2769,858,545,313,1381,0,0,1381,545,707.2589
2770,858,548,310,1386,0,0,1386,548,710.9025
2771,858,548,310,1386,0,0,1386,548,710.9025
2772,858,549,309,1387,0,0,1387,549,711.6884
2773,858,551,307,1389,0,0,1389,551,714.0281
2774,858,551,307,1389,0,0,1389,551,714.0281
2775,858,552,306,1390,0,0,1390,552,714.8108
2776,858,552,306,1390,0,0,1390,552,714.8108
2777,858,553,305,1392,0,0,1392,553,715.5924
2778,858,555,303,1399,0,0,1399,555,717.9266
2779,858,555,303,1399,0,0,1399,555,717.9266
2780,858,556,302,1403,0,0,1403,556,718.705
2781,858,556,302,1403,0,0,1403,556,718.705
2782,858,556,302,1403,0,0,1403,556,718.705
2783,858,556,302,1403,0,0,1403,556,718.705
2784,858,556,302,1403,0,0,1403,556,718.705
2785,859,556,303,1403,0,0,1403,556,718.705
2786,859,556,303,1403,0,0,1403,556,718.705
2787,859,556,303,1403,0,0,1403,556,718.705
2788,859,556,303,1403,0,0,1403,556,718.705
2789,859,556,303,1403,0,0,1403,556,718.705
2790,859,556,303,1403,0,0,1403,556,718.705
2791,860,556,304,1403,0,0,1403,556,718.705
2792,860,556,304,1403,0,0,1403,556,718.705
2793,860,556,304,1403,0,0,1403,556,718.705
2794,860,556,304,1403,0,0,1403,556,718.705
2795,860,556,304,1403,0,0,1403,556,718.705
2796,860,556,304,1403,0,0,1403,556,718.705
2797,860,556,304,1403,0,0,1403,556,718.705
2798,860,556,304,1403,0,0,1403,556,718.705
2799,860,556,304,1403,0,0,1403,556,718.705
2800,860,556,304,1403,0,0,1403,556,718.705
2801,861,556,305,1403,0,0,1403,556,718.705
2802,861,556,305,1403,0,0,1403,556,718.705
2803,861,556,305,1403,0,0,1403,556,718.705
2804,861,556,305,1403,0,0,1403,556,718.705
2805,861,556,305,1403,0,0,1403,556,718.705
2806,861,556,305,1403,0,0,1403,556,718.705
2807,861,556,305,1403,0,0,1403,556,718.705
2808,861,556,305,1403,0,0,1403,556,718.705
2809,861,556,305,1403,0,0,1403,556,718.705
2810,861,556,305,1403,0,0,1403,556,718.705
2811,861,556,305,1403,0,0,1403,556,718.705
2812,861,556,305,1403,0,0,1403,556,718.705
2813,861,556,305,1403,0,0,1403,556,718.705
2814,861,557,304,1404,0,0,1404,557,711.3007
2815,861,557,304,1404,0,0,1404,557,711.3007
2816,861,558,303,1406,0,0,1406,558,712.0739
2817,861,558,303,1406,0,0,1406,558,712.0739
2818,861,559,302,1409,0,0,1409,559,712.8459
2819,861,560,301,1410,0,0,1410,560,713.8701
2820,861,561,300,1411,0,0,1411,561,714.8936
2821,861,562,299,1413,0,0,1413,562,715.9163
2822,861,563,298,1418,0,0,1418,563,716.9383
2823,861,565,296,1424,0,0,1424,565,719.2348
2824,862,566,296,1426,0,0,1426,566,720.255
2825,862,567,295,1428,0,0,1428,567,721.2744
2826,862,569,293,1436,0,0,1436,569,723.5669
2827,862,569,293,1436,0,0,1436,569,723.5669
2828,862,569,293,1436,0,0,1436,569,723.5669
2829,862,571,291,1445,0,0,1445,571,725.3446
2830,863,571,292,1445,0,0,1445,571,725.3446
2831,863,572,291,1447,0,0,1447,572,726.1039
2832,863,573,290,1450,0,0,1450,573,727.1187
2833,863,574,289,1452,0,0,1452,574,728.1328
2834,863,574,289,1452,0,0,1452,574,728.1328
2835,863,574,289,1452,0,0,1452,574,728.1328
2836,863,574,289,1452,0,0,1452,574,728.1328
2837,863,574,289,1452,0,0,1452,574,728.1328
2838,863,574,289,1452,0,0,1452,574,728.1328
2839,863,574,289,1452,0,0,1452,574,728.1328
2840,863,574,289,1452,0,0,1452,574,728.1328
2841,863,574,289,1452,0,0,1452,574,728.1328
2842,863,574,289,1452,0,0,1452,574,728.1328
2843,863,574,289,1452,0,0,1452,574,728.1328
2844,863,574,289,1452,0,0,1452,574,728.1328
2845,863,574,289,1452,0,0,1452,574,728.1328
2846,863,574,289,1452,0,0,1452,574,728.1328
2847,863,574,289,1452,0,0,1452,574,728.1328
2848,863,574,289,1452,0,0,1452,574,728.1328
2849,863,574,289,1452,0,0,1452,574,728.1328
2850,863,574,289,1452,0,0,1452,574,728.1328
2851,863,574,289,1452,0,0,1452,574,728.1328
2852,863,574,289,1452,0,0,1452,574,728.1328
2853,863,574,289,1452,0,0,1452,574,728.1328
2854,863,574,289,1452,0,0,1452,574,728.1328
2855,863,574,289,1452,0,0,1452,574,728.1328
2856,864,574,290,1452,0,0,1452,574,728.1328
2857,864,574,290,1452,0,0,1452,574,728.1328
2858,864,574,290,1452,0,0,1452,574,728.1328
2859,864,574,290,1452,0,0,1452,574,728.1328
2860,864,574,290,1452,0,0,1452,574,728.1328
2861,864,574,290,1452,0,0,1452,574,728.1328
2862,864,574,290,1452,0,0,1452,574,728.1328
2863,864,574,290,1452,0,0,1452,574,728.1328
2864,864,574,290,1452,0,0,1452,574,728.1328
2865,864,574,290,1452,0,0,1452,574,728.1328
2866,864,574,290,1452,0,0,1452,574,728.1328
2867,864,576,288,1459,0,0,1459,576,722.0091
2868,864,577,287,1460,0,0,1460,577,723.0126
2869,864,578,286,1463,0,0,1463,578,724.0153
2870,864,579,285,1464,0,0,1464,579,725.0174
2871,864,579,285,1464,0,0,1464,579,725.0174
2872,864,581,283,1471,0,0,1471,581,727.0195
2873,864,582,282,1474,0,0,1474,582,728.0195
2874,864,582,282,1474,0,0,1474,582,728.0195
2875,865,582,283,1474,0,0,1474,582,728.0195
2876,865,582,283,1474,0,0,1474,582,728.0195
2877,865,582,283,1474,0,0,1474,582,728.0195
2878,865,582,283,1474,0,0,1474,582,728.0195
2879,865,582,283,1474,0,0,1474,582,728.0195
2880,865,582,283,1474,0,0,1474,582,728.0195
2881,865,582,283,1474,0,0,1474,582,728.0195
2882,865,582,283,1474,0,0,1474,582,728.0195
2883,865,582,283,1474,0,0,1474,582,728.0195
2884,865,582,283,1474,0,0,1474,582,728.0195
2885,865,582,283,1474,0,0,1474,582,728.0195
2886,865,582,283,1474,0,0,1474,582,728.0195
2887,865,582,283,1474,0,0,1474,582,728.0195
2888,865,582,283,1474,0,0,1474,582,728.0195
2889,865,582,283,1474,0,0,1474,582,728.0195
2890,865,582,283,1474,0,0,1474,582,728.0195
2891,865,582,283,1474,0,0,1474,582,728.0195
2892,865,582,283,1474,0,0,1474,582,728.0195
2893,865,582,283,1474,0,0,1474,582,728.0195
2894,865,582,283,1474,0,0,1474,582,728.0195
2895,865,582,283,1474,0,0,1474,582,728.0195
2896,865,582,283,1474,0,0,1474,582,728.0195
2897,865,582,283,1474,0,0,1474,582,728.0195
2898,865,582,283,1474,0,0,1474,582,728.0195
2899,865,582,283,1474,0,0,1474,582,728.0195
2900,865,582,283,1474,0,0,1474,582,728.0195
2901,865,582,283,1474,0,0,1474,582,728.0195
2902,865,582,283,1474,0,0,1474,582,728.0195
2903,865,582,283,1474,0,0,1474,582,728.0195
2904,865,582,283,1474,0,0,1474,582,728.0195
2905,865,582,283,1474,0,0,1474,582,728.0195
2906,865,583,282,1479,0,0,1479,583,720.991
2907,865,583,282,1479,0,0,1479,583,720.991
2908,865,583,282,1479,0,0,1479,583,720.991
2909,866,585,281,1485,0,0,1485,585,722.7225
2910,866,586,280,1486,0,0,1486,586,723.7113
2911,866,587,279,1488,0,0,1488,587,724.6994
2912,866,588,278,1491,0,0,1491,588,725.6868
2913,866,588,278,1491,0,0,1491,588,725.6868
2914,866,589,277,1494,0,0,1494,589,726.4242
2915,866,589,277,1494,0,0,1494,589,726.4242
2916,866,589,277,1494,0,0,1494,589,726.4242
2917,866,592,274,1500,0,0,1500,592,729.3795
2918,866,593,273,1505,0,0,1505,593,730.3633
2919,866,593,273,1505,0,0,1505,593,730.3633
2920,866,594,272,1510,0,0,1510,594,731.0959
2921,866,594,272,1510,0,0,1510,594,731.0959
2922,866,594,272,1510,0,0,1510,594,731.0959
2923,866,594,272,1510,0,0,1510,594,731.0959
2924,866,594,272,1510,0,0,1510,594,731.0959
2925,866,594,272,1510,0,0,1510,594,731.0959
2926,866,594,272,1510,0,0,1510,594,731.0959
2927,866,594,272,1510,0,0,1510,594,731.0959
2928,867,594,273,1510,0,0,1510,594,731.0959
2929,868,594,274,1510,0,0,1510,594,731.0959
2930,868,594,274,1510,0,0,1510,594,731.0959
2931,868,594,274,1510,0,0,1510,594,731.0959
2932,868,594,274,1510,0,0,1510,594,731.0959
2933,868,594,274,1510,0,0,1510,594,731.0959
2934,868,594,274,1510,0,0,1510,594,731.0959
2935,868,594,274,1510,0,0,1510,594,731.0959
2936,868,594,274,1510,0,0,1510,594,731.0959
2937,868,594,274,1510,0,0,1510,594,731.0959
2938,868,594,274,1510,0,0,1510,594,731.0959
2939,868,594,274,1510,0,0,1510,594,731.0959
2940,868,594,274,1510,0,0,1510,594,731.0959
2941,868,594,274,1510,0,0,1510,594,731.0959
2942,868,594,274,1510,0,0,1510,594,731.0959
2943,868,594,274,1510,0,0,1510,594,731.0959
2944,868,594,274,1510,0,0,1510,594,731.0959
2945,868,594,274,1510,0,0,1510,594,731.0959
2946,868,594,274,1510,0,0,1510,594,731.0959
2947,868,594,274,1510,0,0,1510,594,731.0959
2948,868,594,274,1510,0,0,1510,594,731.0959
2949,868,595,273,1512,0,0,1512,595,725.1271
2950,868,595,273,1512,0,0,1512,595,725.1271
2951,868,595,273,1512,0,0,1512,595,725.1271
2952,868,596,272,1514,0,0,1514,596,725.6097
2953,868,596,272,1514,0,0,1514,596,725.6097
2954,868,597,271,1515,0,0,1515,597,726.3372
2955,868,597,271,1515,0,0,1515,597,726.3372
2956,869,597,272,1515,0,0,1515,597,726.3372
2957,869,598,271,1517,0,0,1517,598,726.8177
2958,869,600,269,1523,0,0,1523,600,729.006
2959,869,600,269,1523,0,0,1523,600,729.006
2960,869,602,267,1528,0,0,1528,602,730.9459
2961,869,603,266,1530,0,0,1530,603,731.9149
2962,869,603,266,1530,0,0,1530,603,731.9149
2963,869,605,264,1538,0,0,1538,605,733.8508
2964,869,605,264,1538,0,0,1538,605,733.8508
2965,869,606,263,1540,0,0,1540,606,734.57
2966,869,608,261,1547,0,0,1547,608,736.7498
2967,869,608,261,1547,0,0,1547,608,736.7498
2968,869,610,259,1554,0,0,1554,610,738.6793
2969,869,611,258,1559,0,0,1559,611,739.6429
2970,869,611,258,1559,0,0,1559,611,739.6429
2971,869,611,258,1559,0,0,1559,611,739.6429
2972,869,611,258,1559,0,0,1559,611,739.6429
2973,869,611,258,1559,0,0,1559,611,739.6429
2974,869,611,258,1559,0,0,1559,611,739.6429
2975,869,611,258,1559,0,0,1559,611,739.6429
2976,869,611,258,1559,0,0,1559,611,739.6429
2977,869,611,258,1559,0,0,1559,611,739.6429
2978,869,611,258,1559,0,0,1559,611,739.6429
2979,869,611,258,1559,0,0,1559,611,739.6429
2980,869,611,258,1559,0,0,1559,611,739.6429
2981,869,611,258,1559,0,0,1559,611,739.6429
2982,869,611,258,1559,0,0,1559,611,739.6429
2983,869,611,258,1559,0,0,1559,611,739.6429
2984,869,611,258,1559,0,0,1559,611,739.6429
2985,870,611,259,1559,0,0,1559,611,739.6429
2986,870,611,259,1559,0,0,1559,611,739.6429
2987,870,611,259,1559,0,0,1559,611,739.6429
2988,870,611,259,1559,0,0,1559,611,739.6429
2989,870,611,259,1559,0,0,1559,611,739.6429
2990,870,611,259,1559,0,0,1559,611,739.6429
2991,870,611,259,1559,0,0,1559,611,739.6429
2992,870,611,259,1559,0,0,1559,611,739.6429
2993,870,611,259,1559,0,0,1559,611,739.6429
2994,870,611,259,1559,0,0,1559,611,739.6429
2995,870,611,259,1559,0,0,1559,611,739.6429
2996,870,611,259,1559,0,0,1559,611,739.6429
2997,870,612,258,1561,0,0,1561,612,733.9339
2998,870,612,258,1561,0,0,1561,612,733.9339
2999,870,612,258,1561,0,0,1561,612,733.9339
3000,870,612,258,1561,0,0,1561,612,733.9339
3001,870,612,258,1561,0,0,1561,612,733.9339
3002,870,612,258,1561,0,0,1561,612,733.9339
3003,870,613,257,1563,0,0,1563,613,733.6663
3004,870,614,256,1564,0,0,1564,614,734.6205
3005,871,614,257,1564,0,0,1564,614,734.6205
3006,871,614,257,1564,0,0,1564,614,734.6205
3007,871,615,256,1569,0,0,1569,615,735.0848
3008,871,618,253,1576,0,0,1576,618,738.4308
3009,871,618,253,1576,0,0,1576,618,738.4308
3010,871,620,251,1579,0,0,1579,620,740.3322
3011,871,621,250,1580,0,0,1580,621,741.2819
3012,871,621,250,1580,0,0,1580,621,741.2819
3013,871,622,249,1584,0,0,1584,622,741.9847
3014,871,622,249,1584,0,0,1584,622,741.9847
3015,871,622,249,1584,0,0,1584,622,741.9847
3016,871,623,248,1587,0,0,1587,623,742.4403
3017,871,624,247,1590,0,0,1590,624,743.3875
3018,871,625,246,1594,0,0,1594,625,744.334
3019,871,625,246,1594,0,0,1594,625,744.334
3020,871,625,246,1594,0,0,1594,625,744.334
3021,871,625,246,1594,0,0,1594,625,744.334
3022,871,625,246,1594,0,0,1594,625,744.334
3023,871,625,246,1594,0,0,1594,625,744.334
3024,871,625,246,1594,0,0,1594,625,744.334
3025,871,625,246,1594,0,0,1594,625,744.334
3026,871,625,246,1594,0,0,1594,625,744.334
3027,871,625,246,1594,0,0,1594,625,744.334
3028,871,625,246,1594,0,0,1594,625,744.334
3029,871,625,246,1594,0,0,1594,625,744.334
3030,871,625,246,1594,0,0,1594,625,744.334
3031,871,625,246,1594,0,0,1594,625,744.334
3032,871,625,246,1594,0,0,1594,625,744.334
3033,871,625,246,1594,0,0,1594,625,744.334
3034,871,625,246,1594,0,0,1594,625,744.334
3035,872,625,247,1594,0,0,1594,625,744.334
3036,872,625,247,1594,0,0,1594,625,744.334
3037,872,625,247,1594,0,0,1594,625,744.334
3038,872,625,247,1594,0,0,1594,625,744.334
3039,872,625,247,1594,0,0,1594,625,744.334
3040,872,625,247,1594,0,0,1594,625,744.334
3041,872,625,247,1594,0,0,1594,625,744.334
3042,872,625,247,1594,0,0,1594,625,744.334
3043,872,625,247,1594,0,0,1594,625,744.334
3044,872,625,247,1594,0,0,1594,625,744.334
3045,872,625,247,1594,0,0,1594,625,744.334
3046,872,626,246,1596,0,0,1596,626,738.6736
3047,872,627,245,1599,0,0,1599,627,739.6127
3048,872,627,245,1599,0,0,1599,627,739.6127
3049,872,628,244,1600,0,0,1600,628,740.3083
3050,872,629,243,1604,0,0,1604,629,741.2459
3051,872,629,243,1604,0,0,1604,629,741.2459
3052,872,630,242,1607,0,0,1607,630,741.9398
3053,872,631,241,1608,0,0,1608,631,742.8759
3054,872,632,240,1613,0,0,1613,632,743.8114
3055,872,633,239,1614,0,0,1614,633,744.7463
3056,872,634,238,1616,0,0,1616,634,745.6806
3057,872,635,237,1619,0,0,1619,635,746.6143
3058,872,637,235,1626,0,0,1626,637,748.7247
3059,872,639,233,1632,0,0,1632,639,750.8336
3060,872,639,233,1632,0,0,1632,639,750.8336
3061,872,640,232,1636,0,0,1636,640,751.5191
3062,872,640,232,1636,0,0,1636,640,751.5191
3063,872,640,232,1636,0,0,1636,640,751.5191
3064,872,640,232,1636,0,0,1636,640,751.5191
3065,872,640,232,1636,0,0,1636,640,751.5191
3066,872,640,232,1636,0,0,1636,640,751.5191
3067,872,641,231,1641,0,0,1641,641,751.2227
3068,872,641,231,1641,0,0,1641,641,751.2227
3069,872,641,231,1641,0,0,1641,641,751.2227
3070,872,641,231,1641,0,0,1641,641,751.2227
3071,872,641,231,1641,0,0,1641,641,751.2227
3072,873,641,232,1641,0,0,1641,641,751.2227
3073,873,641,232,1641,0,0,1641,641,751.2227
3074,873,641,232,1641,0,0,1641,641,751.2227
3075,873,641,232,1641,0,0,1641,641,751.2227
3076,873,641,232,1641,0,0,1641,641,751.2227
3077,873,641,232,1641,0,0,1641,641,751.2227
3078,873,641,232,1641,0,0,1641,641,751.2227
3079,873,641,232,1641,0,0,1641,641,751.2227
3080,873,641,232,1641,0,0,1641,641,751.2227
3081,873,641,232,1641,0,0,1641,641,751.2227
3082,873,641,232,1641,0,0,1641,641,751.2227
3083,873,641,232,1641,0,0,1641,641,751.2227
3084,873,641,232,1641,0,0,1641,641,751.2227
3085,873,641,232,1641,0,0,1641,641,751.2227
3086,873,641,232,1641,0,0,1641,641,751.2227
3087,873,641,232,1641,0,0,1641,641,751.2227
3088,873,641,232,1641,0,0,1641,641,751.2227
3089,873,641,232,1641,0,0,1641,641,751.2227
3090,874,641,233,1641,0,0,1641,641,751.2227
3091,874,641,233,1641,0,0,1641,641,751.2227
3092,874,641,233,1641,0,0,1641,641,751.2227
3093,874,641,233,1641,0,0,1641,641,751.2227
3094,874,641,233,1641,0,0,1641,641,751.2227
3095,874,642,232,1643,0,0,1643,642,745.5897
3096,874,642,232,1643,0,0,1643,642,745.5897
3097,874,643,231,1648,0,0,1648,643,746.2706
3098,874,644,230,1652,0,0,1652,644,747.1918
3099,874,645,229,1653,0,0,1653,645,748.1123
3100,874,645,229,1653,0,0,1653,645,748.1123
3101,874,646,228,1654,0,0,1654,646,748.7907
3102,874,647,227,1656,0,0,1656,647,749.7099
3103,874,648,226,1659,0,0,1659,648,750.6284
3104,874,649,225,1660,0,0,1660,649,751.5464
3105,874,650,224,1662,0,0,1662,650,752.4637
3106,874,651,223,1663,0,0,1663,651,753.3806
3107,874,653,221,1667,0,0,1667,653,755.4554
3108,874,654,220,1669,0,0,1669,654,756.3707
3109,874,654,220,1669,0,0,1669,654,756.3707
3110,874,654,220,1669,0,0,1669,654,756.3707
3111,874,654,220,1669,0,0,1669,654,756.3707
3112,874,655,219,1671,0,0,1671,655,756.5552
3113,874,656,218,1672,0,0,1672,656,757.4687
3114,874,658,216,1680,0,0,1680,658,759.5376
3115,874,659,215,1684,0,0,1684,659,760.4495
3116,874,659,215,1684,0,0,1684,659,760.4495
3117,874,660,214,1688,0,0,1688,660,761.1165
3118,874,661,213,1690,0,0,1690,661,762.027
3119,874,661,213,1690,0,0,1690,661,762.027
3120,874,661,213,1690,0,0,1690,661,762.027
3121,874,663,211,1695,0,0,1695,663,763.6014
3122,874,663,211,1695,0,0,1695,663,763.6014
3123,874,663,211,1695,0,0,1695,663,763.6014
3124,874,663,211,1695,0,0,1695,663,763.6014
3125,874,663,211,1695,0,0,1695,663,763.6014
3126,874,663,211,1695,0,0,1695,663,763.6014
3127,874,663,211,1695,0,0,1695,663,763.6014
3128,874,663,211,1695,0,0,1695,663,763.6014
3129,874,663,211,1695,0,0,1695,663,763.6014
3130,874,663,211,1695,0,0,1695,663,763.6014
3131,874,663,211,1695,0,0,1695,663,763.6014
3132,874,663,211,1695,0,0,1695,663,763.6014
3133,874,663,211,1695,0,0,1695,663,763.6014
3134,874,663,211,1695,0,0,1695,663,763.6014
3135,874,663,211,1695,0,0,1695,663,763.6014
3136,874,663,211,1695,0,0,1695,663,763.6014
3137,874,663,211,1695,0,0,1695,663,763.6014
3138,874,663,211,1695,0,0,1695,663,763.6014
3139,874,663,211,1695,0,0,1695,663,763.6014
3140,874,663,211,1695,0,0,1695,663,763.6014
3141,874,663,211,1695,0,0,1695,663,763.6014
3142,874,663,211,1695,0,0,1695,663,763.6014
3143,874,663,211,1695,0,0,1695,663,763.6014
3144,874,663,211,1695,0,0,1695,663,763.6014
3145,874,663,211,1695,0,0,1695,663,763.6014
3146,874,663,211,1695,0,0,1695,663,763.6014
3147,874,663,211,1695,0,0,1695,663,763.6014
3148,874,663,211,1695,0,0,1695,663,763.6014
3149,874,663,211,1695,0,0,1695,663,763.6014
3150,874,663,211,1695,0,0,1695,663,763.6014
3151,874,663,211,1695,0,0,1695,663,763.6014
3152,874,663,211,1695,0,0,1695,663,763.6014
3153,874,663,211,1695,0,0,1695,663,763.6014
3154,874,663,211,1695,0,0,1695,663,763.6014
3155,874,663,211,1695,0,0,1695,663,763.6014
3156,874,663,211,1695,0,0,1695,663,763.6014
3157,874,664,210,1697,0,0,1697,664,756.0342
3158,874,665,209,1701,0,0,1701,665,756.9348
3159,874,665,209,1701,0,0,1701,665,756.9348
3160,874,665,209,1701,0,0,1701,665,756.9348
3161,874,666,208,1703,0,0,1703,666,757.3552
3162,874,666,208,1703,0,0,1703,666,757.3552
3163,874,667,207,1704,0,0,1704,667,758.0145
3164,874,668,206,1706,0,0,1706,668,758.9127
3165,875,668,207,1706,0,0,1706,668,758.9127
3166,875,668,207,1706,0,0,1706,668,758.9127
3167,875,668,207,1706,0,0,1706,668,758.9127
3168,875,668,207,1706,0,0,1706,668,758.9127
3169,875,668,207,1706,0,0,1706,668,758.9127
3170,875,668,207,1706,0,0,1706,668,758.9127
3171,875,668,207,1706,0,0,1706,668,758.9127
3172,875,668,207,1706,0,0,1706,668,758.9127
3173,875,668,207,1706,0,0,1706,668,758.9127
3174,875,668,207,1706,0,0,1706,668,758.9127
3175,875,668,207,1706,0,0,1706,668,758.9127
3176,875,668,207,1706,0,0,1706,668,758.9127
3177,875,668,207,1706,0,0,1706,668,758.9127
3178,875,668,207,1706,0,0,1706,668,758.9127
3179,875,668,207,1706,0,0,1706,668,758.9127
3180,875,668,207,1706,0,0,1706,668,758.9127
3181,875,668,207,1706,0,0,1706,668,758.9127
3182,875,668,207,1706,0,0,1706,668,758.9127
3183,875,668,207,1706,0,0,1706,668,758.9127
3184,875,668,207,1706,0,0,1706,668,758.9127
3185,875,668,207,1706,0,0,1706,668,758.9127
3186,875,668,207,1706,0,0,1706,668,758.9127
3187,875,668,207,1706,0,0,1706,668,758.9127
3188,875,668,207,1706,0,0,1706,668,758.9127
3189,875,669,206,1709,0,0,1709,669,754.0922
3190,875,669,206,1709,0,0,1709,669,754.0922
3191,875,669,206,1709,0,0,1709,669,754.0922
3192,875,670,205,1710,0,0,1710,670,754.5113
3193,875,671,204,1711,0,0,1711,671,755.4024
3194,875,671,204,1711,0,0,1711,671,755.4024
3195,875,672,203,1713,0,0,1713,672,756.0563
3196,875,673,202,1718,0,0,1718,673,756.9462
3197,875,673,202,1718,0,0,1718,673,756.9462
3198,875,673,202,1718,0,0,1718,673,756.9462
3199,875,674,201,1721,0,0,1721,674,757.3617
3200,875,675,200,1723,0,0,1723,675,758.25
3201,875,675,200,1723,0,0,1723,675,758.25
3202,875,676,199,1728,0,0,1728,676,758.9007
3203,875,677,198,1729,0,0,1729,677,759.7877
3204,875,677,198,1729,0,0,1729,677,759.7877
3205,875,680,195,1737,0,0,1737,680,762.6833
3206,875,680,195,1737,0,0,1737,680,762.6833
3207,875,681,194,1740,0,0,1740,681,763.3303
3208,875,682,193,1741,0,0,1741,682,764.2145
3209,875,682,193,1741,0,0,1741,682,764.2145
3210,875,682,193,1741,0,0,1741,682,764.2145
3211,875,684,191,1748,0,0,1748,684,765.7428
3212,875,685,190,1750,0,0,1750,685,766.6252
3213,875,685,190,1750,0,0,1750,685,766.6252
3214,875,686,189,1753,0,0,1753,686,767.2682
3215,875,687,188,1754,0,0,1754,687,768.1493
3216,875,687,188,1754,0,0,1754,687,768.1493
3217,875,687,188,1754,0,0,1754,687,768.1493
3218,875,688,187,1755,0,0,1755,688,768.5519
3219,875,689,186,1757,0,0,1757,689,769.4315
3220,875,689,186,1757,0,0,1757,689,769.4315
3221,875,689,186,1757,0,0,1757,689,769.4315
3222,875,690,185,1759,0,0,1759,690,769.8324
3223,875,690,185,1759,0,0,1759,690,769.8324
3224,875,690,185,1759,0,0,1759,690,769.8324
3225,875,691,184,1763,0,0,1763,691,770.2326
3226,876,692,184,1764,0,0,1764,692,771.1097
3227,876,693,183,1765,0,0,1765,693,771.9864
3228,876,693,183,1765,0,0,1765,693,771.9864
3229,876,694,182,1767,0,0,1767,694,772.6231
3230,876,694,182,1767,0,0,1767,694,772.6231
3231,876,694,182,1767,0,0,1767,694,772.6231
3232,876,694,182,1767,0,0,1767,694,772.6231
3233,876,694,182,1767,0,0,1767,694,772.6231
3234,876,694,182,1767,0,0,1767,694,772.6231
3235,876,694,182,1767,0,0,1767,694,772.6231
3236,876,694,182,1767,0,0,1767,694,772.6231
3237,876,694,182,1767,0,0,1767,694,772.6231
3238,876,694,182,1767,0,0,1767,694,772.6231
3239,876,694,182,1767,0,0,1767,694,772.6231
3240,876,694,182,1767,0,0,1767,694,772.6231
3241,876,694,182,1767,0,0,1767,694,772.6231
3242,876,694,182,1767,0,0,1767,694,772.6231
3243,876,694,182,1767,0,0,1767,694,772.6231
3244,876,694,182,1767,0,0,1767,694,772.6231
3245,876,694,182,1767,0,0,1767,694,772.6231
3246,876,694,182,1767,0,0,1767,694,772.6231
3247,876,694,182,1767,0,0,1767,694,772.6231
3248,876,694,182,1767,0,0,1767,694,772.6231
3249,876,694,182,1767,0,0,1767,694,772.6231
3250,876,694,182,1767,0,0,1767,694,772.6231
3251,876,694,182,1767,0,0,1767,694,772.6231
3252,876,694,182,1767,0,0,1767,694,772.6231
3253,876,694,182,1767,0,0,1767,694,772.6231
3254,876,694,182,1767,0,0,1767,694,772.6231
3255,876,694,182,1767,0,0,1767,694,772.6231
3256,876,694,182,1767,0,0,1767,694,772.6231
3257,876,694,182,1767,0,0,1767,694,772.6231
3258,876,694,182,1767,0,0,1767,694,772.6231
3259,876,694,182,1767,0,0,1767,694,772.6231
3260,876,694,182,1767,0,0,1767,694,772.6231
3261,876,694,182,1767,0,0,1767,694,772.6231
3262,876,695,181,1768,0,0,1768,695,765.9105
3263,876,696,180,1770,0,0,1770,696,766.7791
3264,876,696,180,1770,0,0,1770,696,766.7791
3265,876,696,180,1770,0,0,1770,696,766.7791
3266,876,697,179,1771,0,0,1771,697,767.1769
3267,876,697,179,1771,0,0,1771,697,767.1769
3268,876,697,179,1771,0,0,1771,697,767.1769
3269,876,697,179,1771,0,0,1771,697,767.1769
3270,876,698,178,1772,0,0,1772,698,767.3394
3271,876,698,178,1772,0,0,1772,698,767.3394
3272,876,700,176,1778,0,0,1778,700,769.0709
3273,876,702,174,1786,0,0,1786,702,771.0358
3274,876,702,174,1786,0,0,1786,702,771.0358
3275,876,705,171,1794,0,0,1794,705,773.8625
3276,876,706,170,1796,0,0,1796,706,774.7253
3277,876,707,169,1798,0,0,1798,707,775.5875
3278,876,708,168,1800,0,0,1800,708,776.449
3279,876,708,168,1800,0,0,1800,708,776.449
3280,876,709,167,1805,0,0,1805,709,777.0732
3281,876,709,167,1805,0,0,1805,709,777.0732
3282,876,710,166,1808,0,0,1808,710,777.6965
3283,876,711,165,1809,0,0,1809,711,778.5562
3284,876,712,164,1811,0,0,1811,712,779.4153
3285,876,713,163,1815,0,0,1815,713,780.274
3286,876,714,162,1817,0,0,1817,714,781.1321
3287,876,715,161,1819,0,0,1819,715,781.9897
3288,876,716,160,1822,0,0,1822,716,782.8467
3289,876,716,160,1822,0,0,1822,716,782.8467
3290,876,717,159,1824,0,0,1824,717,783.465
3291,876,717,159,1824,0,0,1824,717,783.465
3292,876,717,159,1824,0,0,1824,717,783.465
3293,876,717,159,1824,0,0,1824,717,783.465
3294,876,717,159,1824,0,0,1824,717,783.465
3295,876,717,159,1824,0,0,1824,717,783.465
3296,876,717,159,1824,0,0,1824,717,783.465
3297,876,717,159,1824,0,0,1824,717,783.465
3298,876,717,159,1824,0,0,1824,717,783.465
3299,876,718,158,1828,0,0,1828,718,782.4189
3300,876,718,158,1828,0,0,1828,718,782.4189
3301,876,718,158,1828,0,0,1828,718,782.4189
3302,876,718,158,1828,0,0,1828,718,782.4189
3303,876,718,158,1828,0,0,1828,718,782.4189
3304,876,718,158,1828,0,0,1828,718,782.4189
3305,876,718,158,1828,0,0,1828,718,782.4189
3306,876,718,158,1828,0,0,1828,718,782.4189
3307,876,718,158,1828,0,0,1828,718,782.4189
3308,876,718,158,1828,0,0,1828,718,782.4189
3309,876,718,158,1828,0,0,1828,718,782.4189
3310,876,718,158,1828,0,0,1828,718,782.4189
3311,876,718,158,1828,0,0,1828,718,782.4189
3312,876,718,158,1828,0,0,1828,718,782.4189
3313,876,718,158,1828,0,0,1828,718,782.4189
3314,876,718,158,1828,0,0,1828,718,782.4189
3315,876,718,158,1828,0,0,1828,718,782.4189
3316,876,718,158,1828,0,0,1828,718,782.4189
3317,876,718,158,1828,0,0,1828,718,782.4189
3318,876,718,158,1828,0,0,1828,718,782.4189
3319,876,718,158,1828,0,0,1828,718,782.4189
3320,876,718,158,1828,0,0,1828,718,782.4189
3321,876,718,158,1828,0,0,1828,718,782.4189
3322,876,718,158,1828,0,0,1828,718,782.4189
3323,876,718,158,1828,0,0,1828,718,782.4189
3324,876,718,158,1828,0,0,1828,718,782.4189
3325,876,718,158,1828,0,0,1828,718,782.4189
3326,876,718,158,1828,0,0,1828,718,782.4189
3327,876,718,158,1828,0,0,1828,718,782.4189
3328,876,718,158,1828,0,0,1828,718,782.4189
3329,876,718,158,1828,0,0,1828,718,782.4189
3330,876,718,158,1828,0,0,1828,718,782.4189
3331,876,719,157,1832,0,0,1832,719,775.9832
3332,876,719,157,1832,0,0,1832,719,775.9832
3333,876,721,155,1837,0,0,1837,721,777.6777
3334,876,721,155,1837,0,0,1837,721,777.6777
3335,876,722,154,1839,0,0,1839,722,778.2908
3336,876,722,154,1839,0,0,1839,722,778.2908
3337,876,722,154,1839,0,0,1839,722,778.2908
3338,876,722,154,1839,0,0,1839,722,778.2908
3339,876,722,154,1839,0,0,1839,722,778.2908
3340,876,722,154,1839,0,0,1839,722,778.2908
3341,876,722,154,1839,0,0,1839,722,778.2908
3342,876,722,154,1839,0,0,1839,722,778.2908
3343,876,722,154,1839,0,0,1839,722,778.2908
3344,876,722,154,1839,0,0,1839,722,778.2908
3345,876,722,154,1839,0,0,1839,722,778.2908
3346,876,722,154,1839,0,0,1839,722,778.2908
3347,876,722,154,1839,0,0,1839,722,778.2908
3348,876,722,154,1839,0,0,1839,722,778.2908
3349,876,722,154,1839,0,0,1839,722,778.2908
3350,876,722,154,1839,0,0,1839,722,778.2908
3351,876,722,154,1839,0,0,1839,722,778.2908
3352,876,722,154,1839,0,0,1839,722,778.2908
3353,876,722,154,1839,0,0,1839,722,778.2908
3354,876,722,154,1839,0,0,1839,722,778.2908
3355,876,722,154,1839,0,0,1839,722,778.2908
3356,876,722,154,1839,0,0,1839,722,778.2908
3357,876,722,154,1839,0,0,1839,722,778.2908
3358,876,722,154,1839,0,0,1839,722,778.2908
3359,876,722,154,1839,0,0,1839,722,778.2908
3360,876,722,154,1839,0,0,1839,722,778.2908
3361,876,722,154,1839,0,0,1839,722,778.2908
3362,876,722,154,1839,0,0,1839,722,778.2908
3363,876,722,154,1839,0,0,1839,722,778.2908
3364,876,722,154,1839,0,0,1839,722,778.2908
3365,876,722,154,1839,0,0,1839,722,778.2908
3366,876,723,153,1841,0,0,1841,723,772.1925
3367,876,724,152,1842,0,0,1842,724,773.0323
3368,876,724,152,1842,0,0,1842,724,773.0323
3369,876,725,151,1844,0,0,1844,725,773.642
3370,876,726,150,1845,0,0,1845,726,774.4807
3371,876,727,149,1846,0,0,1846,727,775.3189
3372,876,727,149,1846,0,0,1846,727,775.3189
3373,876,727,149,1846,0,0,1846,727,775.3189
3374,876,728,148,1847,0,0,1847,728,775.6965
3375,876,730,146,1856,0,0,1856,730,777.6
3376,876,730,146,1856,0,0,1856,730,777.6
3377,876,733,143,1862,0,0,1862,733,780.3376
3378,876,733,143,1862,0,0,1862,733,780.3376
3379,876,735,141,1866,0,0,1866,735,782.0065
3380,876,735,141,1866,0,0,1866,735,782.0065
3381,877,737,140,1874,0,0,1874,737,783.6735
3382,877,739,138,1882,0,0,1882,739,785.5707
3383,877,739,138,1882,0,0,1882,739,785.5707
3384,877,741,136,1889,0,0,1889,741,787.234
3385,877,742,135,1890,0,0,1890,742,788.065
3386,877,743,134,1893,0,0,1893,743,788.8954
3387,877,744,133,1897,0,0,1897,744,789.7254
3388,877,744,133,1897,0,0,1897,744,789.7254
3389,877,744,133,1897,0,0,1897,744,789.7254
3390,877,746,131,1899,0,0,1899,746,791.1505
3391,877,746,131,1899,0,0,1899,746,791.1505
3392,877,746,131,1899,0,0,1899,746,791.1505
3393,877,747,130,1900,0,0,1900,747,791.512
3394,877,748,129,1903,0,0,1903,748,792.3394
3395,877,749,128,1908,0,0,1908,749,793.1664
3396,877,749,128,1908,0,0,1908,749,793.1664
3397,877,749,128,1908,0,0,1908,749,793.1664
3398,877,750,127,1909,0,0,1909,750,793.5256
3399,877,750,127,1909,0,0,1909,750,793.5256
3400,877,750,127,1909,0,0,1909,750,793.5256
3401,877,750,127,1909,0,0,1909,750,793.5256
3402,877,750,127,1909,0,0,1909,750,793.5256
3403,877,751,126,1913,0,0,1913,751,793.4176
3404,877,751,126,1913,0,0,1913,751,793.4176
3405,877,751,126,1913,0,0,1913,751,793.4176
3406,877,751,126,1913,0,0,1913,751,793.4176
3407,877,751,126,1913,0,0,1913,751,793.4176
3408,877,751,126,1913,0,0,1913,751,793.4176
3409,877,751,126,1913,0,0,1913,751,793.4176
3410,877,751,126,1913,0,0,1913,751,793.4176
3411,877,751,126,1913,0,0,1913,751,793.4176
3412,877,751,126,1913,0,0,1913,751,793.4176
3413,877,751,126,1913,0,0,1913,751,793.4176
3414,877,751,126,1913,0,0,1913,751,793.4176
3415,877,751,126,1913,0,0,1913,751,793.4176
3416,877,751,126,1913,0,0,1913,751,793.4176
3417,877,751,126,1913,0,0,1913,751,793.4176
3418,879,751,128,1913,0,0,1913,751,793.4176
3419,879,751,128,1913,0,0,1913,751,793.4176
3420,879,751,128,1913,0,0,1913,751,793.4176
3421,879,751,128,1913,0,0,1913,751,793.4176
3422,879,751,128,1913,0,0,1913,751,793.4176
3423,879,751,128,1913,0,0,1913,751,793.4176
3424,879,751,128,1913,0,0,1913,751,793.4176
3425,879,751,128,1913,0,0,1913,751,793.4176
3426,879,751,128,1913,0,0,1913,751,793.4176
3427,879,751,128,1913,0,0,1913,751,793.4176
3428,880,751,129,1913,0,0,1913,751,793.4176
3429,880,751,129,1913,0,0,1913,751,793.4176
3430,880,751,129,1913,0,0,1913,751,793.4176
3431,880,751,129,1913,0,0,1913,751,793.4176
3432,880,751,129,1913,0,0,1913,751,793.4176
3433,880,752,128,1915,0,0,1915,752,787.5328
3434,880,754,126,1920,0,0,1920,754,789.4001
3435,880,754,126,1920,0,0,1920,754,789.4001
3436,880,755,125,1924,0,0,1924,755,789.9883
3437,880,755,125,1924,0,0,1924,755,789.9883
3438,880,757,123,1930,0,0,1930,757,791.623
3439,880,757,123,1930,0,0,1930,757,791.623
3440,880,758,122,1931,0,0,1931,758,792.2093
3441,880,758,122,1931,0,0,1931,758,792.2093
3442,880,759,121,1936,0,0,1936,759,792.7949
3443,880,759,121,1936,0,0,1936,759,792.7949
3444,880,759,121,1936,0,0,1936,759,792.7949
3445,880,759,121,1936,0,0,1936,759,792.7949
3446,880,759,121,1936,0,0,1936,759,792.7949
3447,880,759,121,1936,0,0,1936,759,792.7949
3448,881,759,122,1936,0,0,1936,759,792.7949
3449,881,759,122,1936,0,0,1936,759,792.7949
3450,881,759,122,1936,0,0,1936,759,792.7949
3451,881,759,122,1936,0,0,1936,759,792.7949
3452,881,759,122,1936,0,0,1936,759,792.7949
3453,881,759,122,1936,0,0,1936,759,792.7949
3454,881,759,122,1936,0,0,1936,759,792.7949
3455,881,759,122,1936,0,0,1936,759,792.7949
3456,881,759,122,1936,0,0,1936,759,792.7949
3457,881,759,122,1936,0,0,1936,759,792.7949
3458,882,759,123,1936,0,0,1936,759,792.7949
3459,882,759,123,1936,0,0,1936,759,792.7949
3460,882,759,123,1936,0,0,1936,759,792.7949
3461,882,759,123,1936,0,0,1936,759,792.7949
3462,882,759,123,1936,0,0,1936,759,792.7949
3463,882,759,123,1936,0,0,1936,759,792.7949
3464,882,759,123,1936,0,0,1936,759,792.7949
3465,883,759,124,1936,0,0,1936,759,792.7949
3466,883,759,124,1936,0,0,1936,759,792.7949
3467,883,759,124,1936,0,0,1936,759,792.7949
3468,883,759,124,1936,0,0,1936,759,792.7949
3469,885,759,126,1936,0,0,1936,759,792.7949
3470,885,759,126,1936,0,0,1936,759,792.7949
3471,885,759,126,1936,0,0,1936,759,792.7949
3472,885,760,125,1939,0,0,1939,760,786.9816
3473,885,760,125,1939,0,0,1939,760,786.9816
3474,885,760,125,1939,0,0,1939,760,786.9816
3475,885,760,125,1939,0,0,1939,760,786.9816
3476,885,761,124,1940,0,0,1940,761,787.1116
3477,885,761,124,1940,0,0,1940,761,787.1116
3478,885,763,122,1947,0,0,1947,763,788.7291
3479,885,763,122,1947,0,0,1947,763,788.7291
3480,885,764,121,1952,0,0,1952,764,789.3103
3481,885,764,121,1952,0,0,1952,764,789.3103
3482,885,765,120,1956,0,0,1956,765,789.8909
3483,885,765,120,1956,0,0,1956,765,789.8909
3484,885,765,120,1956,0,0,1956,765,789.8909
3485,885,766,119,1957,0,0,1957,766,790.2439
3486,885,767,118,1959,0,0,1959,767,791.0499
3487,885,769,116,1965,0,0,1965,769,792.8879
3488,885,771,114,1972,0,0,1972,771,794.7247
3489,885,772,113,1976,0,0,1976,772,795.5288
3490,885,772,113,1976,0,0,1976,772,795.5288
3491,885,773,112,1978,0,0,1978,773,796.1042
3492,885,773,112,1978,0,0,1978,773,796.1042
3493,885,774,111,1982,0,0,1982,774,796.6791
3494,885,777,108,1994,0,0,1994,777,799.5421
3495,885,778,107,1996,0,0,1996,778,800.3433
3496,885,779,106,2000,0,0,2000,779,801.1442
3497,885,779,106,2000,0,0,2000,779,801.1442
3498,885,780,105,2004,0,0,2004,780,801.7153
3499,885,780,105,2004,0,0,2004,780,801.7153
3500,885,780,105,2004,0,0,2004,780,801.7153
3501,885,780,105,2004,0,0,2004,780,801.7153
3502,885,780,105,2004,0,0,2004,780,801.7153
3503,885,780,105,2004,0,0,2004,780,801.7153
3504,886,780,106,2004,0,0,2004,780,801.7153
3505,886,780,106,2004,0,0,2004,780,801.7153
3506,886,780,106,2004,0,0,2004,780,801.7153
3507,886,780,106,2004,0,0,2004,780,801.7153
3508,886,780,106,2004,0,0,2004,780,801.7153
3509,886,780,106,2004,0,0,2004,780,801.7153
3510,886,780,106,2004,0,0,2004,780,801.7153
3511,886,780,106,2004,0,0,2004,780,801.7153
3512,886,780,106,2004,0,0,2004,780,801.7153
3513,886,780,106,2004,0,0,2004,780,801.7153
3514,886,780,106,2004,0,0,2004,780,801.7153
3515,886,780,106,2004,0,0,2004,780,801.7153
3516,886,780,106,2004,0,0,2004,780,801.7153
3517,886,780,106,2004,0,0,2004,780,801.7153
3518,886,780,106,2004,0,0,2004,780,801.7153
3519,886,780,106,2004,0,0,2004,780,801.7153
3520,886,780,106,2004,0,0,2004,780,801.7153
3521,886,780,106,2004,0,0,2004,780,801.7153
3522,886,780,106,2004,0,0,2004,780,801.7153
3523,886,780,106,2004,0,0,2004,780,801.7153
3524,886,780,106,2004,0,0,2004,780,801.7153
3525,887,780,107,2004,0,0,2004,780,801.7153
3526,887,781,106,2005,0,0,2005,781,796.3699
3527,887,782,105,2007,0,0,2007,782,797.1647
3528,887,782,105,2007,0,0,2007,782,797.1647
3529,887,782,105,2007,0,0,2007,782,797.1647
3530,887,782,105,2007,0,0,2007,782,797.1647
3531,887,783,104,2009,0,0,2009,783,797.2812
3532,887,785,102,2013,0,0,2013,785,799.094
3533,887,785,102,2013,0,0,2013,785,799.094
3534,887,787,100,2020,0,0,2020,787,800.6791
3535,887,788,99,2024,0,0,2024,788,801.471
3536,887,789,98,2029,0,0,2029,789,802.2625
3537,887,790,97,2031,0,0,2031,790,803.0534
3538,887,791,96,2032,0,0,2032,791,803.844
3539,887,791,96,2032,0,0,2032,791,803.844
3540,888,791,97,2032,0,0,2032,791,803.844
3541,888,791,97,2032,0,0,2032,791,803.844
3542,888,791,97,2032,0,0,2032,791,803.844
3543,888,791,97,2032,0,0,2032,791,803.844
3544,888,791,97,2032,0,0,2032,791,803.844
3545,888,791,97,2032,0,0,2032,791,803.844
3546,889,791,98,2032,0,0,2032,791,803.844
3547,890,791,99,2032,0,0,2032,791,803.844
3548,890,791,99,2032,0,0,2032,791,803.844
3549,890,791,99,2032,0,0,2032,791,803.844
3550,890,791,99,2032,0,0,2032,791,803.844
3551,890,791,99,2032,0,0,2032,791,803.844
3552,890,791,99,2032,0,0,2032,791,803.844
3553,890,791,99,2032,0,0,2032,791,803.844
3554,890,791,99,2032,0,0,2032,791,803.844
3555,890,791,99,2032,0,0,2032,791,803.844
3556,890,791,99,2032,0,0,2032,791,803.844
3557,890,791,99,2032,0,0,2032,791,803.844
3558,890,791,99,2032,0,0,2032,791,803.844
3559,890,791,99,2032,0,0,2032,791,803.844
3560,890,791,99,2032,0,0,2032,791,803.844
3561,890,791,99,2032,0,0,2032,791,803.844
3562,890,791,99,2032,0,0,2032,791,803.844
3563,890,791,99,2032,0,0,2032,791,803.844
3564,890,791,99,2032,0,0,2032,791,803.844
3565,890,791,99,2032,0,0,2032,791,803.844
3566,890,791,99,2032,0,0,2032,791,803.844
3567,890,791,99,2032,0,0,2032,791,803.844
3568,890,791,99,2032,0,0,2032,791,803.844
3569,890,791,99,2032,0,0,2032,791,803.844
3570,890,791,99,2032,0,0,2032,791,803.844
3571,890,791,99,2032,0,0,2032,791,803.844
3572,890,791,99,2032,0,0,2032,791,803.844
3573,890,793,97,2040,0,0,2040,793,797.9849
3574,890,793,97,2040,0,0,2040,793,797.9849
3575,890,793,97,2040,0,0,2040,793,797.9849
3576,890,793,97,2040,0,0,2040,793,797.9849
3577,890,793,97,2040,0,0,2040,793,797.9849
3578,890,795,95,2044,0,0,2044,795,798.8821
3579,890,795,95,2044,0,0,2044,795,798.8821
3580,890,795,95,2044,0,0,2044,795,798.8821
3581,890,795,95,2044,0,0,2044,795,798.8821
3582,890,795,95,2044,0,0,2044,795,798.8821
3583,890,795,95,2044,0,0,2044,795,798.8821
3584,890,795,95,2044,0,0,2044,795,798.8821
3585,890,795,95,2044,0,0,2044,795,798.8821
3586,890,795,95,2044,0,0,2044,795,798.8821
3587,890,795,95,2044,0,0,2044,795,798.8821
3588,891,795,96,2044,0,0,2044,795,798.8821
3589,891,795,96,2044,0,0,2044,795,798.8821
3590,891,795,96,2044,0,0,2044,795,798.8821
3591,891,795,96,2044,0,0,2044,795,798.8821
3592,891,795,96,2044,0,0,2044,795,798.8821
3593,891,795,96,2044,0,0,2044,795,798.8821
3594,891,795,96,2044,0,0,2044,795,798.8821
3595,891,795,96,2044,0,0,2044,795,798.8821
3596,891,795,96,2044,0,0,2044,795,798.8821
3597,891,795,96,2044,0,0,2044,795,798.8821
3598,891,795,96,2044,0,0,2044,795,798.8821
3599,891,795,96,2044,0,0,2044,795,798.8821
3600,891,795,96,2044,0,0,2044,795,798.8821
3601,892,795,97,2044,0,0,2044,795,798.8821
3602,892,795,97,2044,0,0,2044,795,798.8821
3603,892,795,97,2044,0,0,2044,795,798.8821
3604,892,795,97,2044,0,0,2044,795,798.8821
3605,892,795,97,2044,0,0,2044,795,798.8821
3606,892,796,96,2045,0,0,2045,796,793.6772
3607,892,796,96,2045,0,0,2045,796,793.6772
3608,892,797,95,2046,0,0,2046,797,794.235
3609,892,798,94,2051,0,0,2051,798,795.0125
3610,892,799,93,2053,0,0,2053,799,795.7895
3611,892,799,93,2053,0,0,2053,799,795.7895
3612,893,800,93,2055,0,0,2055,800,796.3455
3613,893,800,93,2055,0,0,2055,800,796.3455
3614,893,800,93,2055,0,0,2055,800,796.3455
3615,894,800,94,2055,0,0,2055,800,796.3455
3616,894,800,94,2055,0,0,2055,800,796.3455
3617,894,800,94,2055,0,0,2055,800,796.3455
3618,894,800,94,2055,0,0,2055,800,796.3455
3619,894,800,94,2055,0,0,2055,800,796.3455
3620,894,800,94,2055,0,0,2055,800,796.3455
3621,894,800,94,2055,0,0,2055,800,796.3455
3622,894,800,94,2055,0,0,2055,800,796.3455
3623,894,800,94,2055,0,0,2055,800,796.3455
3624,894,800,94,2055,0,0,2055,800,796.3455
3625,895,800,95,2055,0,0,2055,800,796.3455
3626,895,800,95,2055,0,0,2055,800,796.3455
3627,895,800,95,2055,0,0,2055,800,796.3455
3628,895,800,95,2055,0,0,2055,800,796.3455
3629,895,800,95,2055,0,0,2055,800,796.3455
3630,895,800,95,2055,0,0,2055,800,796.3455
3631,895,800,95,2055,0,0,2055,800,796.3455
3632,895,800,95,2055,0,0,2055,800,796.3455
3633,895,800,95,2055,0,0,2055,800,796.3455
3634,895,800,95,2055,0,0,2055,800,796.3455
3635,895,800,95,2055,0,0,2055,800,796.3455
3636,895,800,95,2055,0,0,2055,800,796.3455
3637,895,800,95,2055,0,0,2055,800,796.3455
3638,895,800,95,2055,0,0,2055,800,796.3455
3639,895,800,95,2055,0,0,2055,800,796.3455
3640,895,800,95,2055,0,0,2055,800,796.3455
3641,895,800,95,2055,0,0,2055,800,796.3455
3642,895,800,95,2055,0,0,2055,800,796.3455
3643,895,800,95,2055,0,0,2055,800,796.3455
3644,895,800,95,2055,0,0,2055,800,796.3455
3645,895,800,95,2055,0,0,2055,800,796.3455
3646,895,800,95,2055,0,0,2055,800,796.3455
3647,895,800,95,2055,0,0,2055,800,796.3455
3648,895,800,95,2055,0,0,2055,800,796.3455
3649,895,800,95,2055,0,0,2055,800,796.3455
3650,895,800,95,2055,0,0,2055,800,796.3455
3651,895,802,93,2060,0,0,2060,802,789.811
3652,895,802,93,2060,0,0,2060,802,789.811
3653,895,804,91,2063,0,0,2063,804,791.3495
3654,895,804,91,2063,0,0,2063,804,791.3495
3655,895,805,90,2067,0,0,2067,805,791.9015
3656,895,807,88,2074,0,0,2074,807,793.6543
3657,895,807,88,2074,0,0,2074,807,793.6543
3658,895,809,86,2079,0,0,2079,809,795.1886
3659,895,809,86,2079,0,0,2079,809,795.1886
3660,895,810,85,2081,0,0,2081,810,795.7377
3661,895,810,85,2081,0,0,2081,810,795.7377
3662,895,810,85,2081,0,0,2081,810,795.7377
3663,895,810,85,2081,0,0,2081,810,795.7377
3664,895,810,85,2081,0,0,2081,810,795.7377
3665,895,810,85,2081,0,0,2081,810,795.7377
3666,895,810,85,2081,0,0,2081,810,795.7377
3667,895,810,85,2081,0,0,2081,810,795.7377
3668,895,810,85,2081,0,0,2081,810,795.7377
3669,895,810,85,2081,0,0,2081,810,795.7377
3670,895,810,85,2081,0,0,2081,810,795.7377
3671,895,810,85,2081,0,0,2081,810,795.7377
3672,895,810,85,2081,0,0,2081,810,795.7377
3673,895,810,85,2081,0,0,2081,810,795.7377
3674,895,810,85,2081,0,0,2081,810,795.7377
3675,895,810,85,2081,0,0,2081,810,795.7377
3676,895,810,85,2081,0,0,2081,810,795.7377
3677,895,810,85,2081,0,0,2081,810,795.7377
3678,895,810,85,2081,0,0,2081,810,795.7377
3679,895,810,85,2081,0,0,2081,810,795.7377
3680,895,810,85,2081,0,0,2081,810,795.7377
3681,895,810,85,2081,0,0,2081,810,795.7377
3682,895,810,85,2081,0,0,2081,810,795.7377
3683,895,810,85,2081,0,0,2081,810,795.7377
3684,895,810,85,2081,0,0,2081,810,795.7377
3685,895,810,85,2081,0,0,2081,810,795.7377
3686,895,810,85,2081,0,0,2081,810,795.7377
3687,895,811,84,2083,0,0,2083,811,790.8869
3688,895,812,83,2084,0,0,2084,812,791.6486
3689,895,812,83,2084,0,0,2084,812,791.6486
3690,895,812,83,2084,0,0,2084,812,791.6486
3691,895,813,82,2087,0,0,2087,813,791.9805
3692,895,815,80,2093,0,0,2093,815,793.7161
3693,896,815,81,2093,0,0,2093,815,793.7161
3694,896,817,79,2100,0,0,2100,817,795.2355
3695,896,817,79,2100,0,0,2100,817,795.2355
3696,896,818,78,2101,0,0,2101,818,795.7792
3697,896,819,77,2102,0,0,2102,819,796.5378
3698,896,819,77,2102,0,0,2102,819,796.5378
3699,896,820,76,2103,0,0,2103,820,797.0803
3700,896,820,76,2103,0,0,2103,820,797.0803
3701,896,820,76,2103,0,0,2103,820,797.0803
3702,896,820,76,2103,0,0,2103,820,797.0803
3703,896,821,75,2108,0,0,2108,821,797.1915
3704,896,822,74,2112,0,0,2112,822,797.9482
3705,896,823,73,2113,0,0,2113,823,798.7045
3706,896,826,70,2124,0,0,2124,826,801.4031
3707,896,826,70,2124,0,0,2124,826,801.4031
3708,896,826,70,2124,0,0,2124,826,801.4031
3709,896,826,70,2124,0,0,2124,826,801.4031
3710,896,826,70,2124,0,0,2124,826,801.4031
3711,896,826,70,2124,0,0,2124,826,801.4031
3712,896,827,69,2126,0,0,2126,827,801.0776
3713,896,827,69,2126,0,0,2126,827,801.0776
3714,896,829,67,2130,0,0,2130,829,802.5848
3715,896,830,66,2131,0,0,2131,830,803.3378
3716,896,831,65,2132,0,0,2132,831,804.0905
3717,896,832,64,2133,0,0,2133,832,804.8427
3718,896,833,63,2135,0,0,2135,833,805.5944
3719,897,833,64,2135,0,0,2135,833,805.5944
3720,897,833,64,2135,0,0,2135,833,805.5944
3721,897,833,64,2135,0,0,2135,833,805.5944
3722,897,833,64,2135,0,0,2135,833,805.5944
3723,897,833,64,2135,0,0,2135,833,805.5944
3724,897,833,64,2135,0,0,2135,833,805.5944
3725,897,833,64,2135,0,0,2135,833,805.5944
3726,897,833,64,2135,0,0,2135,833,805.5944
3727,897,833,64,2135,0,0,2135,833,805.5944
3728,897,833,64,2135,0,0,2135,833,805.5944
3729,897,833,64,2135,0,0,2135,833,805.5944
3730,897,833,64,2135,0,0,2135,833,805.5944
3731,897,833,64,2135,0,0,2135,833,805.5944
3732,897,833,64,2135,0,0,2135,833,805.5944
3733,897,833,64,2135,0,0,2135,833,805.5944
3734,897,833,64,2135,0,0,2135,833,805.5944
3735,897,833,64,2135,0,0,2135,833,805.5944
3736,897,833,64,2135,0,0,2135,833,805.5944
3737,897,833,64,2135,0,0,2135,833,805.5944
3738,897,833,64,2135,0,0,2135,833,805.5944
3739,897,833,64,2135,0,0,2135,833,805.5944
3740,897,833,64,2135,0,0,2135,833,805.5944
3741,897,833,64,2135,0,0,2135,833,805.5944
3742,897,833,64,2135,0,0,2135,833,805.5944
3743,897,833,64,2135,0,0,2135,833,805.5944
3744,897,833,64,2135,0,0,2135,833,805.5944
3745,897,833,64,2135,0,0,2135,833,805.5944
3746,897,833,64,2135,0,0,2135,833,805.5944
3747,897,833,64,2135,0,0,2135,833,805.5944
3748,897,833,64,2135,0,0,2135,833,805.5944
3749,897,833,64,2135,0,0,2135,833,805.5944
3750,898,833,65,2135,0,0,2135,833,805.5944
3751,898,833,65,2135,0,0,2135,833,805.5944
3752,898,834,64,2137,0,0,2137,834,799.2537
3753,898,834,64,2137,0,0,2137,834,799.2537
3754,898,834,64,2137,0,0,2137,834,799.2537
3755,898,835,63,2140,0,0,2140,835,799.5739
3756,898,836,62,2141,0,0,2141,836,800.3195
3757,898,836,62,2141,0,0,2141,836,800.3195
3758,898,836,62,2141,0,0,2141,836,800.3195
3759,898,836,62,2141,0,0,2141,836,800.3195
3760,898,836,62,2141,0,0,2141,836,800.3195
3761,898,836,62,2141,0,0,2141,836,800.3195
3762,898,836,62,2141,0,0,2141,836,800.3195
3763,898,836,62,2141,0,0,2141,836,800.3195
3764,898,836,62,2141,0,0,2141,836,800.3195
3765,898,837,61,2142,0,0,2142,837,799.3625
3766,898,837,61,2142,0,0,2142,837,799.3625
3767,898,837,61,2142,0,0,2142,837,799.3625
3768,898,837,61,2142,0,0,2142,837,799.3625
3769,898,837,61,2142,0,0,2142,837,799.3625
3770,898,837,61,2142,0,0,2142,837,799.3625
3771,898,837,61,2142,0,0,2142,837,799.3625
3772,898,837,61,2142,0,0,2142,837,799.3625
3773,898,837,61,2142,0,0,2142,837,799.3625
3774,898,837,61,2142,0,0,2142,837,799.3625
3775,898,837,61,2142,0,0,2142,837,799.3625
3776,898,837,61,2142,0,0,2142,837,799.3625
3777,898,837,61,2142,0,0,2142,837,799.3625
3778,898,837,61,2142,0,0,2142,837,799.3625
3779,898,837,61,2142,0,0,2142,837,799.3625
3780,898,837,61,2142,0,0,2142,837,799.3625
3781,899,837,62,2142,0,0,2142,837,799.3625
3782,899,837,62,2142,0,0,2142,837,799.3625
3783,900,837,63,2142,0,0,2142,837,799.3625
3784,900,837,63,2142,0,0,2142,837,799.3625
3785,900,838,62,2146,0,0,2146,838,796.0898
3786,900,838,62,2146,0,0,2146,838,796.0898
3787,900,838,62,2146,0,0,2146,838,796.0898
3788,900,839,61,2150,0,0,2150,839,796.4097
3789,900,839,61,2150,0,0,2150,839,796.4097
3790,900,841,59,2156,0,0,2156,841,797.8892
3791,900,842,58,2160,0,0,2160,842,798.6283
3792,901,842,59,2160,0,0,2160,842,798.6283
3793,901,844,57,2168,0,0,2168,844,800.1055
3794,901,844,57,2168,0,0,2168,844,800.1055
3795,901,845,56,2170,0,0,2170,845,800.6324
3796,901,845,56,2170,0,0,2170,845,800.6324
3797,901,846,55,2172,0,0,2172,846,801.1588
3798,901,847,54,2173,0,0,2173,847,801.8958
3799,901,848,53,2176,0,0,2176,848,802.6323
3800,901,851,50,2183,0,0,2183,851,805.2631
3801,901,852,49,2184,0,0,2184,852,805.9985
3802,901,852,49,2184,0,0,2184,852,805.9985
3803,901,853,48,2188,0,0,2188,853,806.5212
3804,901,854,47,2193,0,0,2193,854,807.2556
3805,901,855,46,2197,0,0,2197,855,807.9895
3806,901,855,46,2197,0,0,2197,855,807.9895
3807,901,857,44,2205,0,0,2205,857,809.4562
3808,901,857,44,2205,0,0,2205,857,809.4562
3809,901,858,43,2206,0,0,2206,858,809.9764
3810,901,858,43,2206,0,0,2206,858,809.9764
3811,901,860,41,2208,0,0,2208,860,811.4406
3812,901,860,41,2208,0,0,2208,860,811.4406
3813,901,860,41,2208,0,0,2208,860,811.4406
3814,901,860,41,2208,0,0,2208,860,811.4406
3815,901,861,40,2209,0,0,2209,861,811.5334
3816,901,862,39,2210,0,0,2210,862,812.2642
3817,901,862,39,2210,0,0,2210,862,812.2642
3818,901,863,38,2213,0,0,2213,863,812.7816
3819,901,864,37,2218,0,0,2218,864,813.5114
3820,901,865,36,2219,0,0,2219,865,814.2408
3821,901,865,36,2219,0,0,2219,865,814.2408
3822,902,865,37,2219,0,0,2219,865,814.2408
3823,902,865,37,2219,0,0,2219,865,814.2408
3824,902,865,37,2219,0,0,2219,865,814.2408
3825,903,865,38,2219,0,0,2219,865,814.2408
3826,903,865,38,2219,0,0,2219,865,814.2408
3827,903,865,38,2219,0,0,2219,865,814.2408
3828,903,865,38,2219,0,0,2219,865,814.2408
3829,904,865,39,2219,0,0,2219,865,814.2408
3830,905,865,40,2219,0,0,2219,865,814.2408
3831,905,865,40,2219,0,0,2219,865,814.2408
3832,905,865,40,2219,0,0,2219,865,814.2408
3833,905,865,40,2219,0,0,2219,865,814.2408
3834,905,865,40,2219,0,0,2219,865,814.2408
3835,905,865,40,2219,0,0,2219,865,814.2408
3836,905,865,40,2219,0,0,2219,865,814.2408
3837,905,865,40,2219,0,0,2219,865,814.2408
3838,905,865,40,2219,0,0,2219,865,814.2408
3839,905,865,40,2219,0,0,2219,865,814.2408
3840,905,865,40,2219,0,0,2219,865,814.2408
3841,905,865,40,2219,0,0,2219,865,814.2408
3842,905,865,40,2219,0,0,2219,865,814.2408
3843,905,865,40,2219,0,0,2219,865,814.2408
3844,905,865,40,2219,0,0,2219,865,814.2408
3845,905,865,40,2219,0,0,2219,865,814.2408
3846,905,865,40,2219,0,0,2219,865,814.2408
3847,905,865,40,2219,0,0,2219,865,814.2408
3848,905,865,40,2219,0,0,2219,865,814.2408
3849,905,865,40,2219,0,0,2219,865,814.2408
3850,905,865,40,2219,0,0,2219,865,814.2408
3851,905,866,39,2223,0,0,2223,866,808.6212
3852,905,867,38,2225,0,0,2225,867,809.3458
3853,905,867,38,2225,0,0,2225,867,809.3458
3854,905,867,38,2225,0,0,2225,867,809.3458
3855,905,867,38,2225,0,0,2225,867,809.3458
3856,905,868,37,2227,0,0,2227,868,809.4398
3857,905,868,37,2227,0,0,2227,868,809.4398
3858,905,868,37,2227,0,0,2227,868,809.4398
3859,905,868,37,2227,0,0,2227,868,809.4398
3860,906,868,38,2227,0,0,2227,868,809.4398
3861,906,868,38,2227,0,0,2227,868,809.4398
3862,906,868,38,2227,0,0,2227,868,809.4398
3863,906,868,38,2227,0,0,2227,868,809.4398
3864,906,868,38,2227,0,0,2227,868,809.4398
3865,906,868,38,2227,0,0,2227,868,809.4398
3866,906,868,38,2227,0,0,2227,868,809.4398
3867,906,868,38,2227,0,0,2227,868,809.4398
3868,906,868,38,2227,0,0,2227,868,809.4398
3869,906,868,38,2227,0,0,2227,868,809.4398
3870,906,868,38,2227,0,0,2227,868,809.4398
3871,906,868,38,2227,0,0,2227,868,809.4398
3872,906,868,38,2227,0,0,2227,868,809.4398
3873,906,868,38,2227,0,0,2227,868,809.4398
3874,906,868,38,2227,0,0,2227,868,809.4398
3875,906,868,38,2227,0,0,2227,868,809.4398
3876,906,868,38,2227,0,0,2227,868,809.4398
3877,906,868,38,2227,0,0,2227,868,809.4398
3878,906,868,38,2227,0,0,2227,868,809.4398
3879,906,868,38,2227,0,0,2227,868,809.4398
3880,906,868,38,2227,0,0,2227,868,809.4398
3881,906,868,38,2227,0,0,2227,868,809.4398
3882,906,868,38,2227,0,0,2227,868,809.4398
3883,906,868,38,2227,0,0,2227,868,809.4398
3884,906,868,38,2227,0,0,2227,868,809.4398
3885,906,868,38,2227,0,0,2227,868,809.4398
3886,906,868,38,2227,0,0,2227,868,809.4398
3887,906,868,38,2227,0,0,2227,868,809.4398
3888,906,869,37,2229,0,0,2229,869,803.7037
3889,906,869,37,2229,0,0,2229,869,803.7037
3890,906,869,37,2229,0,0,2229,869,803.7037
3891,906,869,37,2229,0,0,2229,869,803.7037
3892,906,869,37,2229,0,0,2229,869,803.7037
3893,906,870,36,2231,0,0,2231,870,803.5962
3894,906,870,36,2231,0,0,2231,870,803.5962
3895,906,871,35,2235,0,0,2235,871,804.1078
3896,906,871,35,2235,0,0,2235,871,804.1078
3897,906,871,35,2235,0,0,2235,871,804.1078
3898,906,872,34,2239,0,0,2239,872,804.4125
3899,906,872,34,2239,0,0,2239,872,804.4125
3900,906,872,34,2239,0,0,2239,872,804.4125
3901,906,872,34,2239,0,0,2239,872,804.4125
3902,906,872,34,2239,0,0,2239,872,804.4125
3903,906,872,34,2239,0,0,2239,872,804.4125
3904,906,872,34,2239,0,0,2239,872,804.4125
3905,906,872,34,2239,0,0,2239,872,804.4125
3906,906,872,34,2239,0,0,2239,872,804.4125
3907,906,872,34,2239,0,0,2239,872,804.4125
3908,906,872,34,2239,0,0,2239,872,804.4125
3909,906,872,34,2239,0,0,2239,872,804.4125
3910,906,872,34,2239,0,0,2239,872,804.4125
3911,906,872,34,2239,0,0,2239,872,804.4125
3912,906,872,34,2239,0,0,2239,872,804.4125
3913,907,872,35,2239,0,0,2239,872,804.4125
3914,907,872,35,2239,0,0,2239,872,804.4125
3915,907,872,35,2239,0,0,2239,872,804.4125
3916,907,872,35,2239,0,0,2239,872,804.4125
3917,907,872,35,2239,0,0,2239,872,804.4125
3918,907,872,35,2239,0,0,2239,872,804.4125
3919,907,872,35,2239,0,0,2239,872,804.4125
3920,907,872,35,2239,0,0,2239,872,804.4125
3921,907,872,35,2239,0,0,2239,872,804.4125
3922,907,872,35,2239,0,0,2239,872,804.4125
3923,907,872,35,2239,0,0,2239,872,804.4125
3924,907,872,35,2239,0,0,2239,872,804.4125
3925,907,872,35,2239,0,0,2239,872,804.4125
3926,907,872,35,2239,0,0,2239,872,804.4125
3927,907,872,35,2239,0,0,2239,872,804.4125
3928,907,872,35,2239,0,0,2239,872,804.4125
3929,907,872,35,2239,0,0,2239,872,804.4125
3930,907,872,35,2239,0,0,2239,872,804.4125
3931,907,872,35,2239,0,0,2239,872,804.4125
3932,907,872,35,2239,0,0,2239,872,804.4125
3933,907,872,35,2239,0,0,2239,872,804.4125
3934,907,872,35,2239,0,0,2239,872,804.4125
3935,907,872,35,2239,0,0,2239,872,804.4125
3936,907,872,35,2239,0,0,2239,872,804.4125
3937,907,872,35,2239,0,0,2239,872,804.4125
3938,907,872,35,2239,0,0,2239,872,804.4125
3939,907,872,35,2239,0,0,2239,872,804.4125
3940,907,872,35,2239,0,0,2239,872,804.4125
3941,907,872,35,2239,0,0,2239,872,804.4125
3942,907,872,35,2239,0,0,2239,872,804.4125
3943,907,872,35,2239,0,0,2239,872,804.4125
3944,907,872,35,2239,0,0,2239,872,804.4125
3945,907,872,35,2239,0,0,2239,872,804.4125
3946,907,872,35,2239,0,0,2239,872,804.4125
3947,907,872,35,2239,0,0,2239,872,804.4125
3948,908,872,36,2239,0,0,2239,872,804.4125
3949,908,872,36,2239,0,0,2239,872,804.4125
3950,908,872,36,2239,0,0,2239,872,804.4125
3951,908,872,36,2239,0,0,2239,872,804.4125
3952,908,872,36,2239,0,0,2239,872,804.4125
3953,908,872,36,2239,0,0,2239,872,804.4125
3954,908,872,36,2239,0,0,2239,872,804.4125
3955,908,872,36,2239,0,0,2239,872,804.4125
3956,908,872,36,2239,0,0,2239,872,804.4125
3957,908,872,36,2239,0,0,2239,872,804.4125
3958,908,872,36,2239,0,0,2239,872,804.4125
3959,908,872,36,2239,0,0,2239,872,804.4125
3960,908,873,35,2242,0,0,2242,873,792.7272
3961,908,874,34,2243,0,0,2243,874,793.436
3962,908,874,34,2243,0,0,2243,874,793.436
3963,909,874,35,2243,0,0,2243,874,793.436
3964,909,874,35,2243,0,0,2243,874,793.436
3965,909,874,35,2243,0,0,2243,874,793.436
3966,909,874,35,2243,0,0,2243,874,793.436
3967,909,874,35,2243,0,0,2243,874,793.436
3968,909,874,35,2243,0,0,2243,874,793.436
3969,909,874,35,2243,0,0,2243,874,793.436
3970,909,875,34,2245,0,0,2245,875,792.5441
3971,909,875,34,2245,0,0,2245,875,792.5441
3972,909,875,34,2245,0,0,2245,875,792.5441
3973,909,875,34,2245,0,0,2245,875,792.5441
3974,909,875,34,2245,0,0,2245,875,792.5441
3975,909,875,34,2245,0,0,2245,875,792.5441
3976,909,875,34,2245,0,0,2245,875,792.5441
3977,909,875,34,2245,0,0,2245,875,792.5441
3978,909,875,34,2245,0,0,2245,875,792.5441
3979,909,875,34,2245,0,0,2245,875,792.5441
3980,909,875,34,2245,0,0,2245,875,792.5441
3981,909,875,34,2245,0,0,2245,875,792.5441
3982,909,875,34,2245,0,0,2245,875,792.5441
3983,909,875,34,2245,0,0,2245,875,792.5441
3984,909,875,34,2245,0,0,2245,875,792.5441
3985,909,875,34,2245,0,0,2245,875,792.5441
3986,909,875,34,2245,0,0,2245,875,792.5441
3987,909,875,34,2245,0,0,2245,875,792.5441
3988,909,875,34,2245,0,0,2245,875,792.5441
3989,909,875,34,2245,0,0,2245,875,792.5441
3990,909,875,34,2245,0,0,2245,875,792.5441
3991,909,875,34,2245,0,0,2245,875,792.5441
3992,909,875,34,2245,0,0,2245,875,792.5441
3993,909,875,34,2245,0,0,2245,875,792.5441
3994,909,875,34,2245,0,0,2245,875,792.5441
3995,909,875,34,2245,0,0,2245,875,792.5441
3996,909,875,34,2245,0,0,2245,875,792.5441
3997,909,875,34,2245,0,0,2245,875,792.5441
3998,909,875,34,2245,0,0,2245,875,792.5441
3999,909,875,34,2245,0,0,2245,875,792.5441
4000,909,875,34,2245,0,0,2245,875,792.5441
4001,909,875,34,2245,0,0,2245,875,792.5441
4002,909,875,34,2245,0,0,2245,875,792.5441
4003,909,875,34,2245,0,0,2245,875,792.5441
4004,909,875,34,2245,0,0,2245,875,792.5441
4005,909,875,34,2245,0,0,2245,875,792.5441
4006,909,875,34,2245,0,0,2245,875,792.5441
4007,909,875,34,2245,0,0,2245,875,792.5441
4008,909,875,34,2245,0,0,2245,875,792.5441
4009,909,875,34,2245,0,0,2245,875,792.5441
4010,909,876,33,2250,0,0,2250,876,785.5361
4011,909,876,33,2250,0,0,2250,876,785.5361
4012,909,876,33,2250,0,0,2250,876,785.5361
4013,909,876,33,2250,0,0,2250,876,785.5361
4014,909,876,33,2250,0,0,2250,876,785.5361
4015,909,876,33,2250,0,0,2250,876,785.5361
4016,909,876,33,2250,0,0,2250,876,785.5361
4017,909,876,33,2250,0,0,2250,876,785.5361
4018,909,876,33,2250,0,0,2250,876,785.5361
4019,909,876,33,2250,0,0,2250,876,785.5361
4020,909,876,33,2250,0,0,2250,876,785.5361
4021,910,876,34,2250,0,0,2250,876,785.5361
4022,910,876,34,2250,0,0,2250,876,785.5361
4023,910,876,34,2250,0,0,2250,876,785.5361
4024,910,876,34,2250,0,0,2250,876,785.5361
4025,910,876,34,2250,0,0,2250,876,785.5361
4026,910,876,34,2250,0,0,2250,876,785.5361
4027,910,876,34,2250,0,0,2250,876,785.5361
4028,910,876,34,2250,0,0,2250,876,785.5361
4029,910,876,34,2250,0,0,2250,876,785.5361
4030,910,876,34,2250,0,0,2250,876,785.5361
4031,910,876,34,2250,0,0,2250,876,785.5361
4032,910,876,34,2250,0,0,2250,876,785.5361
4033,910,876,34,2250,0,0,2250,876,785.5361
4034,910,877,33,2251,0,0,2251,877,781.7551
4035,910,877,33,2251,0,0,2251,877,781.7551
4036,910,877,33,2251,0,0,2251,877,781.7551
4037,910,877,33,2251,0,0,2251,877,781.7551
4038,910,877,33,2251,0,0,2251,877,781.7551
4039,910,877,33,2251,0,0,2251,877,781.7551
4040,910,877,33,2251,0,0,2251,877,781.7551
4041,910,877,33,2251,0,0,2251,877,781.7551
4042,910,877,33,2251,0,0,2251,877,781.7551
4043,910,877,33,2251,0,0,2251,877,781.7551
4044,910,877,33,2251,0,0,2251,877,781.7551
4045,910,877,33,2251,0,0,2251,877,781.7551
4046,910,877,33,2251,0,0,2251,877,781.7551
4047,910,877,33,2251,0,0,2251,877,781.7551
4048,911,877,34,2251,0,0,2251,877,781.7551
4049,911,877,34,2251,0,0,2251,877,781.7551
4050,911,877,34,2251,0,0,2251,877,781.7551
4051,911,877,34,2251,0,0,2251,877,781.7551
4052,911,877,34,2251,0,0,2251,877,781.7551
4053,911,877,34,2251,0,0,2251,877,781.7551
4054,911,877,34,2251,0,0,2251,877,781.7551
4055,911,877,34,2251,0,0,2251,877,781.7551
4056,911,877,34,2251,0,0,2251,877,781.7551
4057,911,877,34,2251,0,0,2251,877,781.7551
4058,911,877,34,2251,0,0,2251,877,781.7551
4059,911,877,34,2251,0,0,2251,877,781.7551
4060,911,877,34,2251,0,0,2251,877,781.7551
4061,911,877,34,2251,0,0,2251,877,781.7551
4062,911,877,34,2251,0,0,2251,877,781.7551
4063,911,877,34,2251,0,0,2251,877,781.7551
4064,911,877,34,2251,0,0,2251,877,781.7551
4065,911,877,34,2251,0,0,2251,877,781.7551
4066,911,877,34,2251,0,0,2251,877,781.7551
4067,911,877,34,2251,0,0,2251,877,781.7551
4068,911,877,34,2251,0,0,2251,877,781.7551
4069,911,877,34,2251,0,0,2251,877,781.7551
4070,911,877,34,2251,0,0,2251,877,781.7551
4071,911,878,33,2253,0,0,2253,878,775.5343
4072,911,878,33,2253,0,0,2253,878,775.5343
4073,911,878,33,2253,0,0,2253,878,775.5343
4074,911,878,33,2253,0,0,2253,878,775.5343
4075,911,879,32,2254,0,0,2254,879,775.6564
4076,911,879,32,2254,0,0,2254,879,775.6564
4077,911,879,32,2254,0,0,2254,879,775.6564
4078,912,879,33,2254,0,0,2254,879,775.6564
4079,912,879,33,2254,0,0,2254,879,775.6564
4080,912,879,33,2254,0,0,2254,879,775.6564
4081,912,879,33,2254,0,0,2254,879,775.6564
4082,912,879,33,2254,0,0,2254,879,775.6564
4083,912,879,33,2254,0,0,2254,879,775.6564
4084,912,879,33,2254,0,0,2254,879,775.6564
4085,912,879,33,2254,0,0,2254,879,775.6564
4086,913,879,34,2254,0,0,2254,879,775.6564
4087,913,879,34,2254,0,0,2254,879,775.6564
4088,913,879,34,2254,0,0,2254,879,775.6564
4089,913,879,34,2254,0,0,2254,879,775.6564
4090,913,879,34,2254,0,0,2254,879,775.6564
4091,913,879,34,2254,0,0,2254,879,775.6564
4092,913,879,34,2254,0,0,2254,879,775.6564
4093,913,879,34,2254,0,0,2254,879,775.6564
4094,913,879,34,2254,0,0,2254,879,775.6564
4095,913,879,34,2254,0,0,2254,879,775.6564
4096,913,879,34,2254,0,0,2254,879,775.6564
4097,913,879,34,2254,0,0,2254,879,775.6564
4098,913,879,34,2254,0,0,2254,879,775.6564
4099,913,879,34,2254,0,0,2254,879,775.6564
4100,913,879,34,2254,0,0,2254,879,775.6564
4101,913,879,34,2254,0,0,2254,879,775.6564
4102,913,879,34,2254,0,0,2254,879,775.6564
4103,913,879,34,2254,0,0,2254,879,775.6564
4104,913,879,34,2254,0,0,2254,879,775.6564
4105,913,879,34,2254,0,0,2254,879,775.6564
4106,913,879,34,2254,0,0,2254,879,775.6564
4107,913,879,34,2254,0,0,2254,879,775.6564
4108,913,879,34,2254,0,0,2254,879,775.6564
4109,913,879,34,2254,0,0,2254,879,775.6564
4110,913,879,34,2254,0,0,2254,879,775.6564
4111,913,880,33,2256,0,0,2256,880,769.7397
4112,913,880,33,2256,0,0,2256,880,769.7397
4113,913,880,33,2256,0,0,2256,880,769.7397
4114,913,880,33,2256,0,0,2256,880,769.7397
4115,913,880,33,2256,0,0,2256,880,769.7397
4116,913,880,33,2256,0,0,2256,880,769.7397
4117,913,880,33,2256,0,0,2256,880,769.7397
4118,913,880,33,2256,0,0,2256,880,769.7397
4119,913,880,33,2256,0,0,2256,880,769.7397
4120,913,880,33,2256,0,0,2256,880,769.7397
4121,913,880,33,2256,0,0,2256,880,769.7397
4122,913,880,33,2256,0,0,2256,880,769.7397
4123,913,880,33,2256,0,0,2256,880,769.7397
4124,913,880,33,2256,0,0,2256,880,769.7397
4125,913,880,33,2256,0,0,2256,880,769.7397
4126,913,880,33,2256,0,0,2256,880,769.7397
4127,913,880,33,2256,0,0,2256,880,769.7397
4128,913,880,33,2256,0,0,2256,880,769.7397
4129,913,880,33,2256,0,0,2256,880,769.7397
4130,913,880,33,2256,0,0,2256,880,769.7397
4131,913,880,33,2256,0,0,2256,880,769.7397
4132,913,880,33,2256,0,0,2256,880,769.7397
4133,913,880,33,2256,0,0,2256,880,769.7397
4134,913,880,33,2256,0,0,2256,880,769.7397
4135,913,880,33,2256,0,0,2256,880,769.7397
4136,913,880,33,2256,0,0,2256,880,769.7397
4137,913,880,33,2256,0,0,2256,880,769.7397
4138,913,880,33,2256,0,0,2256,880,769.7397
4139,913,880,33,2256,0,0,2256,880,769.7397
4140,913,880,33,2256,0,0,2256,880,769.7397
4141,914,880,34,2256,0,0,2256,880,769.7397
4142,914,880,34,2256,0,0,2256,880,769.7397
4143,914,880,34,2256,0,0,2256,880,769.7397
4144,914,880,34,2256,0,0,2256,880,769.7397
4145,914,880,34,2256,0,0,2256,880,769.7397
4146,914,880,34,2256,0,0,2256,880,769.7397
4147,914,882,32,2263,0,0,2263,882,764.7938
4148,914,882,32,2263,0,0,2263,882,764.7938
4149,914,882,32,2263,0,0,2263,882,764.7938
4150,914,882,32,2263,0,0,2263,882,764.7938
4151,914,883,31,2267,0,0,2267,883,764.9241
4152,914,885,29,2269,0,0,2269,885,766.474
4153,914,885,29,2269,0,0,2269,885,766.474
4154,914,885,29,2269,0,0,2269,885,766.474
4155,914,885,29,2269,0,0,2269,885,766.474
4156,914,885,29,2269,0,0,2269,885,766.474
4157,914,885,29,2269,0,0,2269,885,766.474
4158,914,885,29,2269,0,0,2269,885,766.474
4159,914,885,29,2269,0,0,2269,885,766.474
4160,914,885,29,2269,0,0,2269,885,766.474
4161,914,885,29,2269,0,0,2269,885,766.474
4162,914,885,29,2269,0,0,2269,885,766.474
4163,914,885,29,2269,0,0,2269,885,766.474
4164,914,885,29,2269,0,0,2269,885,766.474
4165,914,885,29,2269,0,0,2269,885,766.474
4166,914,885,29,2269,0,0,2269,885,766.474
4167,914,885,29,2269,0,0,2269,885,766.474
4168,914,885,29,2269,0,0,2269,885,766.474
4169,914,885,29,2269,0,0,2269,885,766.474
4170,914,885,29,2269,0,0,2269,885,766.474
4171,914,885,29,2269,0,0,2269,885,766.474
4172,914,885,29,2269,0,0,2269,885,766.474
4173,914,885,29,2269,0,0,2269,885,766.474
4174,914,885,29,2269,0,0,2269,885,766.474
4175,915,885,30,2269,0,0,2269,885,766.474
4176,915,885,30,2269,0,0,2269,885,766.474
4177,915,885,30,2269,0,0,2269,885,766.474
4178,915,886,29,2270,0,0,2270,886,762.5658
4179,915,886,29,2270,0,0,2270,886,762.5658
4180,918,886,31,2270,0,0,2270,886,762.5658
4181,918,886,31,2270,0,0,2270,886,762.5658
4182,919,886,32,2270,0,0,2270,886,762.5658
4183,919,886,32,2270,0,0,2270,886,762.5658
4184,919,886,32,2270,0,0,2270,886,762.5658
4185,919,886,32,2270,0,0,2270,886,762.5658
4186,919,886,33,2270,0,0,2270,886,762.5658
4187,919,886,33,2270,0,0,2270,886,762.5658
4188,919,886,33,2270,0,0,2270,886,762.5658
4189,919,886,33,2270,0,0,2270,886,762.5658
4190,919,886,33,2270,0,0,2270,886,762.5658
4191,919,886,33,2270,0,0,2270,886,762.5658
4192,919,886,33,2270,0,0,2270,886,762.5658
4193,919,886,33,2270,0,0,2270,886,762.5658
4194,919,886,33,2270,0,0,2270,886,762.5658
4195,919,886,33,2270,0,0,2270,886,762.5658
4196,919,886,33,2270,0,0,2270,886,762.5658
4197,919,886,33,2270,0,0,2270,886,762.5658
4198,919,886,33,2270,0,0,2270,886,762.5658
4199,919,886,33,2270,0,0,2270,886,762.5658
4200,919,886,33,2270,0,0,2270,886,762.5658
4201,919,886,33,2270,0,0,2270,886,762.5658
4202,919,886,33,2270,0,0,2270,886,762.5658
4203,919,886,33,2270,0,0,2270,886,762.5658
4204,919,886,33,2270,0,0,2270,886,762.5658
4205,919,886,33,2270,0,0,2270,886,762.5658
4206,919,886,33,2270,0,0,2270,886,762.5658
4207,919,886,33,2270,0,0,2270,886,762.5658
4208,919,886,33,2270,0,0,2270,886,762.5658
4209,919,886,33,2270,0,0,2270,886,762.5658
4210,919,886,33,2270,0,0,2270,886,762.5658
4211,921,886,35,2270,0,0,2270,886,762.5658
4212,921,886,35,2270,0,0,2270,886,762.5658
4213,921,886,35,2270,0,0,2270,886,762.5658
4214,921,886,35,2270,0,0,2270,886,762.5658
4215,921,886,35,2270,0,0,2270,886,762.5658
4216,921,886,35,2270,0,0,2270,886,762.5658
4217,921,886,35,2270,0,0,2270,886,762.5658
4218,922,886,36,2270,0,0,2270,886,762.5658
4219,923,886,37,2270,0,0,2270,886,762.5658
4220,923,886,37,2270,0,0,2270,886,762.5658
4221,923,886,37,2270,0,0,2270,886,762.5658
4222,923,886,37,2270,0,0,2270,886,762.5658
4223,923,886,37,2270,0,0,2270,886,762.5658
4224,923,886,37,2270,0,0,2270,886,762.5658
4225,923,886,37,2270,0,0,2270,886,762.5658
4226,923,886,37,2270,0,0,2270,886,762.5658
4227,923,886,37,2270,0,0,2270,886,762.5658
4228,923,886,37,2270,0,0,2270,886,762.5658
4229,923,886,37,2270,0,0,2270,886,762.5658
4230,923,886,37,2270,0,0,2270,886,762.5658
4231,923,886,37,2270,0,0,2270,886,762.5658
4232,923,886,37,2270,0,0,2270,886,762.5658
4233,923,886,37,2270,0,0,2270,886,762.5658
4234,923,886,37,2270,0,0,2270,886,762.5658
4235,924,886,38,2270,0,0,2270,886,762.5658
4236,924,886,38,2270,0,0,2270,886,762.5658
4237,924,886,38,2270,0,0,2270,886,762.5658
4238,924,886,38,2270,0,0,2270,886,762.5658
4239,924,886,38,2270,0,0,2270,886,762.5658
4240,924,886,38,2270,0,0,2270,886,762.5658
4241,924,886,38,2270,0,0,2270,886,762.5658
4242,924,886,38,2270,0,0,2270,886,762.5658
4243,924,886,38,2270,0,0,2270,886,762.5658
4244,924,886,38,2270,0,0,2270,886,762.5658
4245,924,886,38,2270,0,0,2270,886,762.5658
4246,924,886,38,2270,0,0,2270,886,762.5658
4247,924,886,38,2270,0,0,2270,886,762.5658
4248,924,886,38,2270,0,0,2270,886,762.5658
4249,924,886,38,2270,0,0,2270,886,762.5658
4250,924,886,38,2270,0,0,2270,886,762.5658
4251,924,886,38,2270,0,0,2270,886,762.5658
4252,924,886,38,2270,0,0,2270,886,762.5658
4253,924,886,38,2270,0,0,2270,886,762.5658
4254,924,886,38,2270,0,0,2270,886,762.5658
4255,924,886,38,2270,0,0,2270,886,762.5658
4256,924,887,37,2271,0,0,2271,887,749.4361
4257,924,887,37,2271,0,0,2271,887,749.4361
4258,924,887,37,2271,0,0,2271,887,749.4361
4259,924,887,37,2271,0,0,2271,887,749.4361
4260,924,887,37,2271,0,0,2271,887,749.4361
4261,924,887,37,2271,0,0,2271,887,749.4361
4262,924,887,37,2271,0,0,2271,887,749.4361
4263,924,887,37,2271,0,0,2271,887,749.4361
4264,924,887,37,2271,0,0,2271,887,749.4361
4265,924,887,37,2271,0,0,2271,887,749.4361
4266,924,887,37,2271,0,0,2271,887,749.4361
4267,924,887,37,2271,0,0,2271,887,749.4361
4268,924,887,37,2271,0,0,2271,887,749.4361
4269,924,887,37,2271,0,0,2271,887,749.4361
4270,925,887,38,2271,0,0,2271,887,749.4361
4271,925,887,38,2271,0,0,2271,887,749.4361
4272,925,887,38,2271,0,0,2271,887,749.4361
4273,925,887,38,2271,0,0,2271,887,749.4361
4274,925,887,38,2271,0,0,2271,887,749.4361
4275,925,887,38,2271,0,0,2271,887,749.4361
4276,925,887,38,2271,0,0,2271,887,749.4361
4277,925,887,38,2271,0,0,2271,887,749.4361
4278,925,887,38,2271,0,0,2271,887,749.4361
4279,925,887,38,2271,0,0,2271,887,749.4361
4280,925,887,38,2271,0,0,2271,887,749.4361
4281,925,887,38,2271,0,0,2271,887,749.4361
4282,925,887,38,2271,0,0,2271,887,749.4361
4283,925,887,38,2271,0,0,2271,887,749.4361
4284,925,887,38,2271,0,0,2271,887,749.4361
4285,925,887,38,2271,0,0,2271,887,749.4361
4286,925,887,38,2271,0,0,2271,887,749.4361
4287,925,887,38,2271,0,0,2271,887,749.4361
4288,925,887,38,2271,0,0,2271,887,749.4361
4289,925,887,38,2271,0,0,2271,887,749.4361
4290,925,887,38,2271,0,0,2271,887,749.4361
4291,925,887,38,2271,0,0,2271,887,749.4361
4292,925,887,38,2271,0,0,2271,887,749.4361
4293,925,887,38,2271,0,0,2271,887,749.4361
4294,925,887,38,2271,0,0,2271,887,749.4361
4295,925,887,38,2271,0,0,2271,887,749.4361
4296,925,887,38,2271,0,0,2271,887,749.4361
4297,925,887,38,2271,0,0,2271,887,749.4361
4298,925,887,38,2271,0,0,2271,887,749.4361
4299,925,887,38,2271,0,0,2271,887,749.4361
4300,925,887,38,2271,0,0,2271,887,749.4361
4301,925,887,38,2271,0,0,2271,887,749.4361
4302,925,887,38,2271,0,0,2271,887,749.4361
4303,925,887,38,2271,0,0,2271,887,749.4361
4304,925,887,38,2271,0,0,2271,887,749.4361
4305,925,887,38,2271,0,0,2271,887,749.4361
4306,925,887,38,2271,0,0,2271,887,749.4361
4307,925,887,38,2271,0,0,2271,887,749.4361
4308,925,887,38,2271,0,0,2271,887,749.4361
4309,925,887,38,2271,0,0,2271,887,749.4361
4310,925,887,38,2271,0,0,2271,887,749.4361
4311,925,887,38,2271,0,0,2271,887,749.4361
4312,925,887,38,2271,0,0,2271,887,749.4361
4313,925,887,38,2271,0,0,2271,887,749.4361
4314,925,887,38,2271,0,0,2271,887,749.4361
4315,925,887,38,2271,0,0,2271,887,749.4361
4316,925,887,38,2271,0,0,2271,887,749.4361
4317,925,887,38,2271,0,0,2271,887,749.4361
4318,925,887,38,2271,0,0,2271,887,749.4361
4319,925,887,38,2271,0,0,2271,887,749.4361
4320,925,887,38,2271,0,0,2271,887,749.4361
4321,925,887,38,2271,0,0,2271,887,749.4361
4322,925,887,38,2271,0,0,2271,887,749.4361
4323,925,887,38,2271,0,0,2271,887,749.4361
4324,925,887,38,2271,0,0,2271,887,749.4361
4325,925,887,38,2271,0,0,2271,887,749.4361
4326,925,888,37,2273,0,0,2273,888,738.1415
4327,925,888,37,2273,0,0,2273,888,738.1415
4328,926,888,38,2273,0,0,2273,888,738.1415
4329,926,888,38,2273,0,0,2273,888,738.1415
4330,927,888,39,2273,0,0,2273,888,738.1415
4331,927,888,39,2273,0,0,2273,888,738.1415
4332,927,888,39,2273,0,0,2273,888,738.1415
4333,927,888,39,2273,0,0,2273,888,738.1415
4334,927,888,39,2273,0,0,2273,888,738.1415
4335,927,888,39,2273,0,0,2273,888,738.1415
4336,927,888,39,2273,0,0,2273,888,738.1415
4337,927,889,38,2275,0,0,2275,889,737.0994
4338,927,889,38,2275,0,0,2275,889,737.0994
4339,927,889,38,2275,0,0,2275,889,737.0994
4340,927,889,38,2275,0,0,2275,889,737.0994
4341,927,889,38,2275,0,0,2275,889,737.0994
4342,928,889,39,2275,0,0,2275,889,737.0994
4343,928,889,39,2275,0,0,2275,889,737.0994
4344,928,889,39,2275,0,0,2275,889,737.0994
4345,928,889,39,2275,0,0,2275,889,737.0994
4346,928,889,39,2275,0,0,2275,889,737.0994
4347,928,889,39,2275,0,0,2275,889,737.0994
4348,928,889,39,2275,0,0,2275,889,737.0994
4349,928,889,39,2275,0,0,2275,889,737.0994
4350,928,889,39,2275,0,0,2275,889,737.0994
4351,928,889,39,2275,0,0,2275,889,737.0994
4352,928,889,39,2275,0,0,2275,889,737.0994
4353,929,889,40,2275,0,0,2275,889,737.0994
4354,929,889,40,2275,0,0,2275,889,737.0994
4355,929,889,40,2275,0,0,2275,889,737.0994
4356,929,889,40,2275,0,0,2275,889,737.0994
4357,929,889,40,2275,0,0,2275,889,737.0994
4358,929,889,40,2275,0,0,2275,889,737.0994
4359,929,889,40,2275,0,0,2275,889,737.0994
4360,929,889,40,2275,0,0,2275,889,737.0994
4361,929,889,40,2275,0,0,2275,889,737.0994
4362,929,890,39,2276,0,0,2276,890,733.7001
4363,929,891,38,2278,0,0,2278,891,734.3571
4364,929,891,38,2278,0,0,2278,891,734.3571
4365,929,891,38,2278,0,0,2278,891,734.3571
4366,929,892,37,2280,0,0,2280,892,734.6771
4367,929,893,36,2285,0,0,2285,893,735.3332
4368,929,893,36,2285,0,0,2285,893,735.3332
4369,930,893,37,2285,0,0,2285,893,735.3332
4370,930,893,37,2285,0,0,2285,893,735.3332
4371,930,893,37,2285,0,0,2285,893,735.3332
4372,930,893,37,2285,0,0,2285,893,735.3332
4373,930,893,37,2285,0,0,2285,893,735.3332
4374,930,893,37,2285,0,0,2285,893,735.3332
4375,930,893,37,2285,0,0,2285,893,735.3332
4376,930,893,37,2285,0,0,2285,893,735.3332
4377,930,893,37,2285,0,0,2285,893,735.3332
4378,930,893,37,2285,0,0,2285,893,735.3332
4379,930,893,37,2285,0,0,2285,893,735.3332
4380,930,893,37,2285,0,0,2285,893,735.3332
4381,930,893,37,2285,0,0,2285,893,735.3332
4382,930,893,37,2285,0,0,2285,893,735.3332
4383,930,893,37,2285,0,0,2285,893,735.3332
4384,930,893,37,2285,0,0,2285,893,735.3332
4385,930,893,37,2285,0,0,2285,893,735.3332
4386,930,893,37,2285,0,0,2285,893,735.3332
4387,930,893,37,2285,0,0,2285,893,735.3332
4388,930,893,37,2285,0,0,2285,893,735.3332
4389,930,893,37,2285,0,0,2285,893,735.3332
4390,930,893,37,2285,0,0,2285,893,735.3332
4391,930,893,37,2285,0,0,2285,893,735.3332
4392,931,893,38,2285,0,0,2285,893,735.3332
4393,931,893,38,2285,0,0,2285,893,735.3332
4394,931,893,38,2285,0,0,2285,893,735.3332
4395,931,893,38,2285,0,0,2285,893,735.3332
4396,931,893,38,2285,0,0,2285,893,735.3332
4397,932,893,39,2285,0,0,2285,893,735.3332
4398,932,893,39,2285,0,0,2285,893,735.3332
4399,932,893,39,2285,0,0,2285,893,735.3332
4400,932,893,39,2285,0,0,2285,893,735.3332
4401,932,893,39,2285,0,0,2285,893,735.3332
4402,932,894,38,2287,0,0,2287,894,730.3044
4403,932,895,37,2290,0,0,2290,895,730.9562
4404,932,895,37,2290,0,0,2290,895,730.9562
4405,932,895,37,2290,0,0,2290,895,730.9562
4406,932,895,37,2290,0,0,2290,895,730.9562
4407,932,896,36,2292,0,0,2292,896,731.1096
4408,932,896,36,2292,0,0,2292,896,731.1096
4409,932,896,36,2292,0,0,2292,896,731.1096
4410,932,896,36,2292,0,0,2292,896,731.1096
4411,932,896,36,2292,0,0,2292,896,731.1096
4412,932,896,36,2292,0,0,2292,896,731.1096
4413,932,896,36,2292,0,0,2292,896,731.1096
4414,932,896,36,2292,0,0,2292,896,731.1096
4415,932,896,36,2292,0,0,2292,896,731.1096
4416,932,896,36,2292,0,0,2292,896,731.1096
4417,932,896,36,2292,0,0,2292,896,731.1096
4418,932,896,36,2292,0,0,2292,896,731.1096
4419,932,896,36,2292,0,0,2292,896,731.1096
4420,932,896,36,2292,0,0,2292,896,731.1096
4421,932,896,36,2292,0,0,2292,896,731.1096
4422,932,896,36,2292,0,0,2292,896,731.1096
4423,932,896,36,2292,0,0,2292,896,731.1096
4424,932,896,36,2292,0,0,2292,896,731.1096
4425,932,896,36,2292,0,0,2292,896,731.1096
4426,932,896,36,2292,0,0,2292,896,731.1096
4427,932,896,36,2292,0,0,2292,896,731.1096
4428,932,896,36,2292,0,0,2292,896,731.1096
4429,932,896,36,2292,0,0,2292,896,731.1096
4430,932,896,36,2292,0,0,2292,896,731.1096
4431,932,896,36,2292,0,0,2292,896,731.1096
4432,932,896,36,2292,0,0,2292,896,731.1096
4433,932,896,36,2292,0,0,2292,896,731.1096
4434,932,896,36,2292,0,0,2292,896,731.1096
4435,932,896,36,2292,0,0,2292,896,731.1096
4436,932,896,36,2292,0,0,2292,896,731.1096
4437,932,896,36,2292,0,0,2292,896,731.1096
4438,932,896,36,2292,0,0,2292,896,731.1096
4439,932,896,36,2292,0,0,2292,896,731.1096
4440,933,896,37,2292,0,0,2292,896,731.1096
4441,933,897,36,2295,0,0,2295,897,726.3229
4442,933,897,36,2295,0,0,2295,897,726.3229
4443,933,897,36,2295,0,0,2295,897,726.3229
4444,933,897,36,2295,0,0,2295,897,726.3229
4445,933,897,36,2295,0,0,2295,897,726.3229
4446,933,897,36,2295,0,0,2295,897,726.3229
4447,933,897,36,2295,0,0,2295,897,726.3229
4448,933,898,35,2296,0,0,2296,898,725.9892
4449,933,898,35,2296,0,0,2296,898,725.9892
4450,933,898,35,2296,0,0,2296,898,725.9892
4451,933,898,35,2296,0,0,2296,898,725.9892
4452,933,898,35,2296,0,0,2296,898,725.9892
4453,933,898,35,2296,0,0,2296,898,725.9892
4454,933,898,35,2296,0,0,2296,898,725.9892
4455,933,898,35,2296,0,0,2296,898,725.9892
4456,933,898,35,2296,0,0,2296,898,725.9892
4457,933,898,35,2296,0,0,2296,898,725.9892
4458,933,898,35,2296,0,0,2296,898,725.9892
4459,933,898,35,2296,0,0,2296,898,725.9892
4460,933,898,35,2296,0,0,2296,898,725.9892
4461,933,898,35,2296,0,0,2296,898,725.9892
4462,933,898,35,2296,0,0,2296,898,725.9892
4463,933,898,35,2296,0,0,2296,898,725.9892
4464,933,898,35,2296,0,0,2296,898,725.9892
4465,933,898,35,2296,0,0,2296,898,725.9892
4466,933,898,35,2296,0,0,2296,898,725.9892
4467,933,898,35,2296,0,0,2296,898,725.9892
4468,933,898,35,2296,0,0,2296,898,725.9892
4469,933,898,35,2296,0,0,2296,898,725.9892
4470,934,898,36,2296,0,0,2296,898,725.9892
4471,934,898,36,2296,0,0,2296,898,725.9892
4472,934,898,36,2296,0,0,2296,898,725.9892
4473,934,898,36,2296,0,0,2296,898,725.9892
4474,934,898,36,2296,0,0,2296,898,725.9892
4475,934,898,36,2296,0,0,2296,898,725.9892
4476,934,898,36,2296,0,0,2296,898,725.9892
4477,934,898,36,2296,0,0,2296,898,725.9892
4478,934,898,36,2296,0,0,2296,898,725.9892
4479,935,898,36,2296,0,0,2296,898,725.9892
4480,935,898,37,2296,0,0,2296,898,725.9892
4481,935,898,37,2296,0,0,2296,898,725.9892
4482,935,898,37,2296,0,0,2296,898,725.9892
4483,935,898,37,2296,0,0,2296,898,725.9892
4484,935,898,37,2296,0,0,2296,898,725.9892
4485,935,898,37,2296,0,0,2296,898,725.9892
4486,935,898,37,2296,0,0,2296,898,725.9892
4487,935,898,37,2296,0,0,2296,898,725.9892
4488,935,898,37,2296,0,0,2296,898,725.9892
4489,935,898,37,2296,0,0,2296,898,725.9892
4490,935,898,37,2296,0,0,2296,898,725.9892
4491,935,898,37,2296,0,0,2296,898,725.9892
4492,935,898,37,2296,0,0,2296,898,725.9892
4493,935,898,37,2296,0,0,2296,898,725.9892
4494,936,898,38,2296,0,0,2296,898,725.9892
4495,936,898,38,2296,0,0,2296,898,725.9892
4496,936,898,38,2296,0,0,2296,898,725.9892
4497,936,898,38,2296,0,0,2296,898,725.9892
4498,936,898,38,2296,0,0,2296,898,725.9892
4499,936,898,38,2296,0,0,2296,898,725.9892
4500,936,898,38,2296,0,0,2296,898,725.9892
4501,936,898,38,2296,0,0,2296,898,725.9892
4502,936,898,38,2296,0,0,2296,898,725.9892
4503,936,898,38,2296,0,0,2296,898,725.9892
4504,936,898,38,2296,0,0,2296,898,725.9892
4505,936,898,38,2296,0,0,2296,898,725.9892
4506,936,898,38,2296,0,0,2296,898,725.9892
4507,936,898,38,2296,0,0,2296,898,725.9892
4508,936,898,38,2296,0,0,2296,898,725.9892
4509,936,898,38,2296,0,0,2296,898,725.9892
4510,936,898,38,2296,0,0,2296,898,725.9892
4511,936,898,38,2296,0,0,2296,898,725.9892
4512,936,898,38,2296,0,0,2296,898,725.9892
4513,936,898,38,2296,0,0,2296,898,725.9892
4514,936,898,38,2296,0,0,2296,898,725.9892
4515,936,898,38,2296,0,0,2296,898,725.9892
4516,936,898,38,2296,0,0,2296,898,725.9892
4517,936,898,38,2296,0,0,2296,898,725.9892
4518,936,898,38,2296,0,0,2296,898,725.9892
4519,936,898,38,2296,0,0,2296,898,725.9892
4520,936,898,38,2296,0,0,2296,898,725.9892
4521,936,898,38,2296,0,0,2296,898,725.9892
4522,936,898,38,2296,0,0,2296,898,725.9892
4523,936,898,38,2296,0,0,2296,898,725.9892
4524,937,898,39,2296,0,0,2296,898,725.9892
4525,937,898,39,2296,0,0,2296,898,725.9892
4526,937,898,39,2296,0,0,2296,898,725.9892
4527,937,898,39,2296,0,0,2296,898,725.9892
4528,937,898,39,2296,0,0,2296,898,725.9892
4529,937,898,39,2296,0,0,2296,898,725.9892
4530,937,898,39,2296,0,0,2296,898,725.9892
4531,937,898,39,2296,0,0,2296,898,725.9892
4532,937,898,39,2296,0,0,2296,898,725.9892
4533,937,898,39,2296,0,0,2296,898,725.9892
4534,937,898,39,2296,0,0,2296,898,725.9892
4535,937,898,39,2296,0,0,2296,898,725.9892
4536,937,898,39,2296,0,0,2296,898,725.9892
4537,937,898,39,2296,0,0,2296,898,725.9892
4538,937,898,39,2296,0,0,2296,898,725.9892
4539,937,898,39,2296,0,0,2296,898,725.9892
4540,937,898,39,2296,0,0,2296,898,725.9892
4541,937,898,39,2296,0,0,2296,898,725.9892
4542,937,898,39,2296,0,0,2296,898,725.9892
4543,937,898,39,2296,0,0,2296,898,725.9892
4544,937,898,39,2296,0,0,2296,898,725.9892
4545,938,898,40,2296,0,0,2296,898,725.9892
4546,938,898,40,2296,0,0,2296,898,725.9892
4547,938,898,40,2296,0,0,2296,898,725.9892
4548,938,898,40,2296,0,0,2296,898,725.9892
4549,938,898,40,2296,0,0,2296,898,725.9892
4550,938,898,40,2296,0,0,2296,898,725.9892
4551,938,898,40,2296,0,0,2296,898,725.9892
4552,938,898,40,2296,0,0,2296,898,725.9892
4553,938,898,40,2296,0,0,2296,898,725.9892
4554,938,898,40,2296,0,0,2296,898,725.9892
4555,938,898,40,2296,0,0,2296,898,725.9892
4556,938,898,40,2296,0,0,2296,898,725.9892
4557,938,898,40,2296,0,0,2296,898,725.9892
4558,938,898,40,2296,0,0,2296,898,725.9892
4559,938,898,40,2296,0,0,2296,898,725.9892
4560,938,898,40,2296,0,0,2296,898,725.9892
4561,938,898,40,2296,0,0,2296,898,725.9892
4562,938,898,40,2296,0,0,2296,898,725.9892
4563,938,898,40,2296,0,0,2296,898,725.9892
4564,938,898,40,2296,0,0,2296,898,725.9892
4565,938,898,40,2296,0,0,2296,898,725.9892
4566,938,898,40,2296,0,0,2296,898,725.9892
4567,938,898,40,2296,0,0,2296,898,725.9892
4568,938,898,40,2296,0,0,2296,898,725.9892
4569,938,898,40,2296,0,0,2296,898,725.9892
4570,938,898,40,2296,0,0,2296,898,725.9892
4571,938,898,40,2296,0,0,2296,898,725.9892
4572,938,898,40,2296,0,0,2296,898,725.9892
4573,938,898,40,2296,0,0,2296,898,725.9892
4574,938,898,40,2296,0,0,2296,898,725.9892
4575,938,898,40,2296,0,0,2296,898,725.9892
4576,938,898,40,2296,0,0,2296,898,725.9892
4577,938,898,40,2296,0,0,2296,898,725.9892
4578,938,898,40,2296,0,0,2296,898,725.9892
4579,938,898,40,2296,0,0,2296,898,725.9892
4580,938,898,40,2296,0,0,2296,898,725.9892
4581,938,898,40,2296,0,0,2296,898,725.9892
4582,938,898,40,2296,0,0,2296,898,725.9892
4583,938,898,40,2296,0,0,2296,898,725.9892
4584,938,898,40,2296,0,0,2296,898,725.9892
4585,938,898,40,2296,0,0,2296,898,725.9892
4586,938,899,39,2297,0,0,2297,899,704.928
4587,938,899,39,2297,0,0,2297,899,704.928
4588,938,899,39,2297,0,0,2297,899,704.928
4589,938,900,38,2298,0,0,2298,900,705.2516
4590,938,900,38,2298,0,0,2298,900,705.2516
4591,938,900,38,2298,0,0,2298,900,705.2516
4592,939,900,39,2298,0,0,2298,900,705.2516
4593,939,901,38,2302,0,0,2302,901,705.4213
4594,939,901,38,2302,0,0,2302,901,705.4213
4595,939,901,38,2302,0,0,2302,901,705.4213
4596,939,901,38,2302,0,0,2302,901,705.4213
4597,939,901,38,2302,0,0,2302,901,705.4213
4598,939,901,38,2302,0,0,2302,901,705.4213
4599,939,901,38,2302,0,0,2302,901,705.4213
4600,939,901,38,2302,0,0,2302,901,705.4213
4601,939,901,38,2302,0,0,2302,901,705.4213
4602,939,901,38,2302,0,0,2302,901,705.4213
4603,939,901,38,2302,0,0,2302,901,705.4213
4604,939,901,38,2302,0,0,2302,901,705.4213
4605,940,901,39,2302,0,0,2302,901,705.4213
4606,940,901,39,2302,0,0,2302,901,705.4213
4607,940,901,39,2302,0,0,2302,901,705.4213
4608,940,901,39,2302,0,0,2302,901,705.4213
4609,940,901,39,2302,0,0,2302,901,705.4213
4610,940,901,39,2302,0,0,2302,901,705.4213
4611,940,901,39,2302,0,0,2302,901,705.4213
4612,940,901,39,2302,0,0,2302,901,705.4213
4613,940,901,39,2302,0,0,2302,901,705.4213
4614,940,901,39,2302,0,0,2302,901,705.4213
4615,940,901,39,2302,0,0,2302,901,705.4213
4616,940,901,39,2302,0,0,2302,901,705.4213
4617,940,901,39,2302,0,0,2302,901,705.4213
4618,940,901,39,2302,0,0,2302,901,705.4213
4619,940,901,39,2302,0,0,2302,901,705.4213
4620,940,901,39,2302,0,0,2302,901,705.4213
4621,940,901,39,2302,0,0,2302,901,705.4213
4622,940,901,39,2302,0,0,2302,901,705.4213
4623,940,901,39,2302,0,0,2302,901,705.4213
4624,940,903,37,2308,0,0,2308,903,702.2491
4625,940,903,37,2308,0,0,2308,903,702.2491
4626,940,903,37,2308,0,0,2308,903,702.2491
4627,940,903,37,2308,0,0,2308,903,702.2491
4628,941,903,38,2308,0,0,2308,903,702.2491
4629,941,903,38,2308,0,0,2308,903,702.2491
4630,941,903,38,2308,0,0,2308,903,702.2491
4631,941,903,38,2308,0,0,2308,903,702.2491
4632,941,903,38,2308,0,0,2308,903,702.2491
4633,941,903,38,2308,0,0,2308,903,702.2491
4634,941,903,38,2308,0,0,2308,903,702.2491
4635,941,903,38,2308,0,0,2308,903,702.2491
4636,941,903,38,2308,0,0,2308,903,702.2491
4637,941,903,38,2308,0,0,2308,903,702.2491
4638,941,903,38,2308,0,0,2308,903,702.2491
4639,941,903,38,2308,0,0,2308,903,702.2491
4640,941,903,38,2308,0,0,2308,903,702.2491
4641,941,903,38,2308,0,0,2308,903,702.2491
4642,941,903,38,2308,0,0,2308,903,702.2491
4643,941,903,38,2308,0,0,2308,903,702.2491
4644,941,903,38,2308,0,0,2308,903,702.2491
4645,941,903,38,2308,0,0,2308,903,702.2491
4646,941,903,38,2308,0,0,2308,903,702.2491
4647,941,903,38,2308,0,0,2308,903,702.2491
4648,941,903,38,2308,0,0,2308,903,702.2491
4649,941,903,38,2308,0,0,2308,903,702.2491
4650,941,903,38,2308,0,0,2308,903,702.2491
4651,941,903,38,2308,0,0,2308,903,702.2491
4652,941,903,38,2308,0,0,2308,903,702.2491
4653,941,903,38,2308,0,0,2308,903,702.2491
4654,941,903,38,2308,0,0,2308,903,702.2491
4655,941,903,38,2308,0,0,2308,903,702.2491
4656,941,903,38,2308,0,0,2308,903,702.2491
4657,941,904,37,2312,0,0,2312,904,698.046
4658,941,904,37,2312,0,0,2312,904,698.046
4659,941,904,37,2312,0,0,2312,904,698.046
4660,941,904,37,2312,0,0,2312,904,698.046
4661,941,904,37,2312,0,0,2312,904,698.046
4662,941,904,37,2312,0,0,2312,904,698.046
4663,941,904,37,2312,0,0,2312,904,698.046
4664,941,904,37,2312,0,0,2312,904,698.046
4665,941,904,37,2312,0,0,2312,904,698.046
4666,941,904,37,2312,0,0,2312,904,698.046
4667,941,904,37,2312,0,0,2312,904,698.046
4668,941,904,37,2312,0,0,2312,904,698.046
4669,941,904,37,2312,0,0,2312,904,698.046
4670,941,904,37,2312,0,0,2312,904,698.046
4671,941,904,37,2312,0,0,2312,904,698.046
4672,941,904,37,2312,0,0,2312,904,698.046
4673,941,904,37,2312,0,0,2312,904,698.046
4674,941,904,37,2312,0,0,2312,904,698.046
4675,941,904,37,2312,0,0,2312,904,698.046
4676,941,904,37,2312,0,0,2312,904,698.046
4677,941,904,37,2312,0,0,2312,904,698.046
4678,941,904,37,2312,0,0,2312,904,698.046
4679,942,904,38,2312,0,0,2312,904,698.046
4680,942,904,38,2312,0,0,2312,904,698.046
4681,942,904,38,2312,0,0,2312,904,698.046
4682,942,904,38,2312,0,0,2312,904,698.046
4683,942,904,38,2312,0,0,2312,904,698.046
4684,942,904,38,2312,0,0,2312,904,698.046
4685,942,904,38,2312,0,0,2312,904,698.046
4686,942,904,38,2312,0,0,2312,904,698.046
4687,942,904,38,2312,0,0,2312,904,698.046
4688,942,904,38,2312,0,0,2312,904,698.046
4689,942,904,38,2312,0,0,2312,904,698.046
4690,942,905,37,2316,0,0,2316,905,693.9019
4691,942,905,37,2316,0,0,2316,905,693.9019
4692,942,905,37,2316,0,0,2316,905,693.9019
4693,942,905,37,2316,0,0,2316,905,693.9019
4694,942,905,37,2316,0,0,2316,905,693.9019
4695,942,905,37,2316,0,0,2316,905,693.9019
4696,942,905,37,2316,0,0,2316,905,693.9019
4697,942,905,37,2316,0,0,2316,905,693.9019
4698,942,905,37,2316,0,0,2316,905,693.9019
4699,943,905,38,2316,0,0,2316,905,693.9019
4700,943,905,38,2316,0,0,2316,905,693.9019
4701,943,905,38,2316,0,0,2316,905,693.9019
4702,943,905,38,2316,0,0,2316,905,693.9019
4703,943,905,38,2316,0,0,2316,905,693.9019
4704,943,905,38,2316,0,0,2316,905,693.9019
4705,943,905,38,2316,0,0,2316,905,693.9019
4706,943,905,38,2316,0,0,2316,905,693.9019
4707,943,905,38,2316,0,0,2316,905,693.9019
4708,943,905,38,2316,0,0,2316,905,693.9019
4709,943,905,38,2316,0,0,2316,905,693.9019
4710,943,905,38,2316,0,0,2316,905,693.9019
4711,943,905,38,2316,0,0,2316,905,693.9019
4712,943,905,38,2316,0,0,2316,905,693.9019
4713,943,905,38,2316,0,0,2316,905,693.9019
4714,943,905,38,2316,0,0,2316,905,693.9019
4715,943,905,38,2316,0,0,2316,905,693.9019
4716,943,905,38,2316,0,0,2316,905,693.9019
4717,943,905,38,2316,0,0,2316,905,693.9019
4718,943,905,38,2316,0,0,2316,905,693.9019
4719,943,905,38,2316,0,0,2316,905,693.9019
4720,943,905,38,2316,0,0,2316,905,693.9019
4721,943,905,38,2316,0,0,2316,905,693.9019
4722,943,905,38,2316,0,0,2316,905,693.9019
4723,943,905,38,2316,0,0,2316,905,693.9019
4724,943,905,38,2316,0,0,2316,905,693.9019
4725,943,905,38,2316,0,0,2316,905,693.9019
4726,943,906,37,2319,0,0,2319,906,689.3779
4727,943,906,37,2319,0,0,2319,906,689.3779
4728,943,906,37,2319,0,0,2319,906,689.3779
4729,943,906,37,2319,0,0,2319,906,689.3779
4730,943,906,37,2319,0,0,2319,906,689.3779
4731,943,906,37,2319,0,0,2319,906,689.3779
4732,943,906,37,2319,0,0,2319,906,689.3779
4733,943,906,37,2319,0,0,2319,906,689.3779
4734,943,907,36,2323,0,0,2323,907,688.9734
4735,943,907,36,2323,0,0,2323,907,688.9734
4736,943,907,36,2323,0,0,2323,907,688.9734
4737,943,907,36,2323,0,0,2323,907,688.9734
4738,943,907,36,2323,0,0,2323,907,688.9734
4739,943,907,36,2323,0,0,2323,907,688.9734
4740,943,907,36,2323,0,0,2323,907,688.9734
4741,943,907,36,2323,0,0,2323,907,688.9734
4742,943,907,36,2323,0,0,2323,907,688.9734
4743,944,907,37,2323,0,0,2323,907,688.9734
4744,945,907,38,2323,0,0,2323,907,688.9734
4745,945,908,37,2326,0,0,2326,908,688.1349
4746,945,908,37,2326,0,0,2326,908,688.1349
4747,945,908,37,2326,0,0,2326,908,688.1349
4748,946,908,38,2326,0,0,2326,908,688.1349
4749,946,908,38,2326,0,0,2326,908,688.1349
4750,946,908,38,2326,0,0,2326,908,688.1349
4751,946,908,38,2326,0,0,2326,908,688.1349
4752,946,908,38,2326,0,0,2326,908,688.1349
4753,946,908,38,2326,0,0,2326,908,688.1349
4754,946,908,38,2326,0,0,2326,908,688.1349
4755,946,908,38,2326,0,0,2326,908,688.1349
4756,946,908,38,2326,0,0,2326,908,688.1349
4757,946,908,38,2326,0,0,2326,908,688.1349
4758,946,908,38,2326,0,0,2326,908,688.1349
4759,946,908,38,2326,0,0,2326,908,688.1349
4760,946,908,38,2326,0,0,2326,908,688.1349
4761,947,908,39,2326,0,0,2326,908,688.1349
4762,947,908,39,2326,0,0,2326,908,688.1349
4763,947,908,39,2326,0,0,2326,908,688.1349
4764,947,909,38,2330,0,0,2330,909,686.1461
4765,947,909,38,2330,0,0,2330,909,686.1461
4766,947,909,38,2330,0,0,2330,909,686.1461
4767,947,910,37,2332,0,0,2332,910,686.4695
4768,947,910,37,2332,0,0,2332,910,686.4695
4769,947,910,37,2332,0,0,2332,910,686.4695
4770,947,910,37,2332,0,0,2332,910,686.4695
4771,947,910,37,2332,0,0,2332,910,686.4695
4772,947,910,37,2332,0,0,2332,910,686.4695
4773,947,910,37,2332,0,0,2332,910,686.4695
4774,947,910,37,2332,0,0,2332,910,686.4695
4775,947,910,37,2332,0,0,2332,910,686.4695
4776,947,910,37,2332,0,0,2332,910,686.4695
4777,947,910,37,2332,0,0,2332,910,686.4695
4778,947,910,37,2332,0,0,2332,910,686.4695
4779,947,910,37,2332,0,0,2332,910,686.4695
4780,947,910,37,2332,0,0,2332,910,686.4695
4781,947,910,37,2332,0,0,2332,910,686.4695
4782,947,910,37,2332,0,0,2332,910,686.4695
4783,947,910,37,2332,0,0,2332,910,686.4695
4784,947,910,37,2332,0,0,2332,910,686.4695
4785,947,910,37,2332,0,0,2332,910,686.4695
4786,947,910,37,2332,0,0,2332,910,686.4695
4787,947,910,37,2332,0,0,2332,910,686.4695
4788,947,910,37,2332,0,0,2332,910,686.4695
4789,947,910,37,2332,0,0,2332,910,686.4695
4790,947,910,37,2332,0,0,2332,910,686.4695
4791,947,910,37,2332,0,0,2332,910,686.4695
4792,947,910,37,2332,0,0,2332,910,686.4695
4793,947,910,37,2332,0,0,2332,910,686.4695
4794,947,910,37,2332,0,0,2332,910,686.4695
4795,947,910,37,2332,0,0,2332,910,686.4695
4796,947,910,37,2332,0,0,2332,910,686.4695
4797,947,910,37,2332,0,0,2332,910,686.4695
4798,947,910,37,2332,0,0,2332,910,686.4695
4799,947,910,37,2332,0,0,2332,910,686.4695
4800,947,910,37,2332,0,0,2332,910,686.4695
4801,947,910,37,2332,0,0,2332,910,686.4695
4802,947,910,37,2332,0,0,2332,910,686.4695
4803,947,910,37,2332,0,0,2332,910,686.4695
4804,947,910,37,2332,0,0,2332,910,686.4695
4805,947,910,37,2332,0,0,2332,910,686.4695
4806,947,910,37,2332,0,0,2332,910,686.4695
4807,947,910,37,2332,0,0,2332,910,686.4695
4808,947,910,37,2332,0,0,2332,910,686.4695
4809,947,911,36,2333,0,0,2333,911,681.2227
4810,947,911,36,2333,0,0,2333,911,681.2227
4811,947,912,35,2334,0,0,2334,912,681.6878
4812,947,912,35,2334,0,0,2334,912,681.6878
4813,947,912,35,2334,0,0,2334,912,681.6878
4814,948,912,36,2334,0,0,2334,912,681.6878
4815,948,912,36,2334,0,0,2334,912,681.6878
4816,948,912,36,2334,0,0,2334,912,681.6878
4817,948,912,36,2334,0,0,2334,912,681.6878
4818,948,912,36,2334,0,0,2334,912,681.6878
4819,948,912,36,2334,0,0,2334,912,681.6878
4820,948,912,36,2334,0,0,2334,912,681.6878
4821,948,912,36,2334,0,0,2334,912,681.6878
4822,948,912,36,2334,0,0,2334,912,681.6878
4823,948,912,36,2334,0,0,2334,912,681.6878
4824,948,912,36,2334,0,0,2334,912,681.6878
4825,948,912,36,2334,0,0,2334,912,681.6878
4826,948,912,36,2334,0,0,2334,912,681.6878
4827,948,912,36,2334,0,0,2334,912,681.6878
4828,948,912,36,2334,0,0,2334,912,681.6878
4829,948,912,36,2334,0,0,2334,912,681.6878
4830,948,912,36,2334,0,0,2334,912,681.6878
4831,948,912,36,2334,0,0,2334,912,681.6878
4832,949,912,37,2334,0,0,2334,912,681.6878
4833,949,912,37,2334,0,0,2334,912,681.6878
4834,949,912,37,2334,0,0,2334,912,681.6878
4835,949,912,37,2334,0,0,2334,912,681.6878
4836,949,912,37,2334,0,0,2334,912,681.6878
4837,949,912,37,2334,0,0,2334,912,681.6878
4838,949,912,37,2334,0,0,2334,912,681.6878
4839,949,912,37,2334,0,0,2334,912,681.6878
4840,949,912,37,2334,0,0,2334,912,681.6878
4841,949,912,37,2334,0,0,2334,912,681.6878
4842,949,912,37,2334,0,0,2334,912,681.6878
4843,949,912,37,2334,0,0,2334,912,681.6878
4844,950,914,36,2339,0,0,2339,914,678.5302
4845,950,914,36,2339,0,0,2339,914,678.5302
4846,950,914,36,2339,0,0,2339,914,678.5302
4847,950,914,36,2339,0,0,2339,914,678.5302
4848,950,914,36,2339,0,0,2339,914,678.5302
4849,950,914,36,2339,0,0,2339,914,678.5302
4850,950,914,36,2339,0,0,2339,914,678.5302
4851,950,914,36,2339,0,0,2339,914,678.5302
4852,950,914,36,2339,0,0,2339,914,678.5302
4853,950,914,36,2339,0,0,2339,914,678.5302
4854,950,914,36,2339,0,0,2339,914,678.5302
4855,950,914,36,2339,0,0,2339,914,678.5302
4856,950,914,36,2339,0,0,2339,914,678.5302
4857,950,914,36,2339,0,0,2339,914,678.5302
4858,950,914,36,2339,0,0,2339,914,678.5302
4859,950,914,36,2339,0,0,2339,914,678.5302
4860,950,914,36,2339,0,0,2339,914,678.5302
4861,950,914,36,2339,0,0,2339,914,678.5302
4862,950,914,36,2339,0,0,2339,914,678.5302
4863,950,914,36,2339,0,0,2339,914,678.5302
4864,950,914,36,2339,0,0,2339,914,678.5302
4865,950,914,36,2339,0,0,2339,914,678.5302
4866,950,914,36,2339,0,0,2339,914,678.5302
4867,950,914,36,2339,0,0,2339,914,678.5302
4868,950,914,36,2339,0,0,2339,914,678.5302
4869,950,914,36,2339,0,0,2339,914,678.5302
4870,950,914,36,2339,0,0,2339,914,678.5302
4871,950,914,36,2339,0,0,2339,914,678.5302
4872,950,914,36,2339,0,0,2339,914,678.5302
4873,950,914,36,2339,0,0,2339,914,678.5302
4874,950,914,36,2339,0,0,2339,914,678.5302
4875,950,914,36,2339,0,0,2339,914,678.5302
4876,950,914,36,2339,0,0,2339,914,678.5302
4877,950,914,36,2339,0,0,2339,914,678.5302
4878,950,914,36,2339,0,0,2339,914,678.5302
4879,950,914,36,2339,0,0,2339,914,678.5302
4880,950,914,36,2339,0,0,2339,914,678.5302
4881,950,914,36,2339,0,0,2339,914,678.5302
4882,950,914,36,2339,0,0,2339,914,678.5302
4883,950,915,35,2340,0,0,2340,915,673.848
4884,950,915,35,2340,0,0,2340,915,673.848
4885,950,916,34,2343,0,0,2343,916,674.3091
4886,950,916,34,2343,0,0,2343,916,674.3091
4887,950,916,34,2343,0,0,2343,916,674.3091
4888,950,916,34,2343,0,0,2343,916,674.3091
4889,950,916,34,2343,0,0,2343,916,674.3091
4890,950,916,34,2343,0,0,2343,916,674.3091
4891,950,916,34,2343,0,0,2343,916,674.3091
4892,950,916,34,2343,0,0,2343,916,674.3091
4893,950,916,34,2343,0,0,2343,916,674.3091
4894,950,916,34,2343,0,0,2343,916,674.3091
4895,950,916,34,2343,0,0,2343,916,674.3091
4896,950,916,34,2343,0,0,2343,916,674.3091
4897,950,916,34,2343,0,0,2343,916,674.3091
4898,950,916,34,2343,0,0,2343,916,674.3091
4899,950,916,34,2343,0,0,2343,916,674.3091
4900,950,916,34,2343,0,0,2343,916,674.3091
4901,950,916,34,2343,0,0,2343,916,674.3091
4902,950,916,34,2343,0,0,2343,916,674.3091
4903,950,916,34,2343,0,0,2343,916,674.3091
4904,950,916,34,2343,0,0,2343,916,674.3091
4905,950,916,34,2343,0,0,2343,916,674.3091
4906,950,916,34,2343,0,0,2343,916,674.3091
4907,950,916,34,2343,0,0,2343,916,674.3091
4908,950,916,34,2343,0,0,2343,916,674.3091
4909,950,916,34,2343,0,0,2343,916,674.3091
4910,950,916,34,2343,0,0,2343,916,674.3091
4911,950,916,34,2343,0,0,2343,916,674.3091
4912,950,916,34,2343,0,0,2343,916,674.3091
4913,950,916,34,2343,0,0,2343,916,674.3091
4914,950,916,34,2343,0,0,2343,916,674.3091
4915,950,916,34,2343,0,0,2343,916,674.3091
4916,950,916,34,2343,0,0,2343,916,674.3091
4917,950,916,34,2343,0,0,2343,916,674.3091
4918,950,916,34,2343,0,0,2343,916,674.3091
4919,950,916,34,2343,0,0,2343,916,674.3091
4920,950,916,34,2343,0,0,2343,916,674.3091
4921,950,917,33,2345,0,0,2345,917,670.1077
4922,950,917,33,2345,0,0,2345,917,670.1077
4923,950,917,33,2345,0,0,2345,917,670.1077
4924,950,917,33,2345,0,0,2345,917,670.1077
4925,950,917,33,2345,0,0,2345,917,670.1077
4926,950,917,33,2345,0,0,2345,917,670.1077
4927,950,917,33,2345,0,0,2345,917,670.1077
4928,950,917,33,2345,0,0,2345,917,670.1077
4929,950,917,33,2345,0,0,2345,917,670.1077
4930,950,917,33,2345,0,0,2345,917,670.1077
4931,950,917,33,2345,0,0,2345,917,670.1077
4932,950,917,33,2345,0,0,2345,917,670.1077
4933,950,917,33,2345,0,0,2345,917,670.1077
4934,950,917,33,2345,0,0,2345,917,670.1077
4935,950,917,33,2345,0,0,2345,917,670.1077
4936,950,917,33,2345,0,0,2345,917,670.1077
4937,950,917,33,2345,0,0,2345,917,670.1077
4938,950,917,33,2345,0,0,2345,917,670.1077
4939,950,917,33,2345,0,0,2345,917,670.1077
4940,950,917,33,2345,0,0,2345,917,670.1077
4941,950,917,33,2345,0,0,2345,917,670.1077
4942,951,917,34,2345,0,0,2345,917,670.1077
4943,951,917,34,2345,0,0,2345,917,670.1077
4944,951,917,34,2345,0,0,2345,917,670.1077
4945,951,917,34,2345,0,0,2345,917,670.1077
4946,951,917,34,2345,0,0,2345,917,670.1077
4947,951,917,34,2345,0,0,2345,917,670.1077
4948,951,917,34,2345,0,0,2345,917,670.1077
4949,951,917,34,2345,0,0,2345,917,670.1077
4950,951,917,34,2345,0,0,2345,917,670.1077
4951,951,917,34,2345,0,0,2345,917,670.1077
4952,951,918,33,2349,0,0,2349,918,666.6397
4953,951,918,33,2349,0,0,2349,918,666.6397
4954,951,918,33,2349,0,0,2349,918,666.6397
4955,951,918,33,2349,0,0,2349,918,666.6397
4956,951,918,33,2349,0,0,2349,918,666.6397
4957,951,918,33,2349,0,0,2349,918,666.6397
4958,951,918,33,2349,0,0,2349,918,666.6397
4959,951,918,33,2349,0,0,2349,918,666.6397
4960,951,918,33,2349,0,0,2349,918,666.6397
4961,951,918,33,2349,0,0,2349,918,666.6397
4962,951,918,33,2349,0,0,2349,918,666.6397
4963,951,918,33,2349,0,0,2349,918,666.6397
4964,951,918,33,2349,0,0,2349,918,666.6397
4965,951,918,33,2349,0,0,2349,918,666.6397
4966,951,918,33,2349,0,0,2349,918,666.6397
4967,951,918,33,2349,0,0,2349,918,666.6397
4968,951,918,33,2349,0,0,2349,918,666.6397
4969,951,918,33,2349,0,0,2349,918,666.6397
4970,951,918,33,2349,0,0,2349,918,666.6397
4971,951,918,33,2349,0,0,2349,918,666.6397
4972,951,918,33,2349,0,0,2349,918,666.6397
4973,951,918,33,2349,0,0,2349,918,666.6397
4974,951,918,33,2349,0,0,2349,918,666.6397
4975,951,918,33,2349,0,0,2349,918,666.6397
4976,951,918,33,2349,0,0,2349,918,666.6397
4977,951,918,33,2349,0,0,2349,918,666.6397
4978,951,918,33,2349,0,0,2349,918,666.6397
4979,951,918,33,2349,0,0,2349,918,666.6397
4980,951,918,33,2349,0,0,2349,918,666.6397
4981,951,918,33,2349,0,0,2349,918,666.6397
4982,951,918,33,2349,0,0,2349,918,666.6397
4983,951,918,33,2349,0,0,2349,918,666.6397
4984,951,918,33,2349,0,0,2349,918,666.6397
4985,951,918,33,2349,0,0,2349,918,666.6397
4986,951,918,33,2349,0,0,2349,918,666.6397
4987,951,918,33,2349,0,0,2349,918,666.6397
4988,951,918,33,2349,0,0,2349,918,666.6397
4989,951,918,33,2349,0,0,2349,918,666.6397
4990,951,918,33,2349,0,0,2349,918,666.6397
4991,951,918,33,2349,0,0,2349,918,666.6397
4992,951,918,33,2349,0,0,2349,918,666.6397
4993,951,918,33,2349,0,0,2349,918,666.6397
4994,951,918,33,2349,0,0,2349,918,666.6397
4995,952,918,34,2349,0,0,2349,918,666.6397
4996,952,918,34,2349,0,0,2349,918,666.6397
4997,952,918,34,2349,0,0,2349,918,666.6397
4998,952,918,34,2349,0,0,2349,918,666.6397
4999,952,918,34,2349,0,0,2349,918,666.6397
5000,952,918,34,2349,0,0,2349,918,666.6397
5001,952,918,34,2349,0,0,2349,918,666.6397
5002,952,918,34,2349,0,0,2349,918,666.6397
5003,952,918,34,2349,0,0,2349,918,666.6397
5004,953,918,35,2349,0,0,2349,918,666.6397
5005,953,918,35,2349,0,0,2349,918,666.6397
5006,953,918,35,2349,0,0,2349,918,666.6397
5007,953,918,35,2349,0,0,2349,918,666.6397
5008,953,918,35,2349,0,0,2349,918,666.6397
5009,953,918,35,2349,0,0,2349,918,666.6397
5010,953,918,35,2349,0,0,2349,918,666.6397
5011,953,918,35,2349,0,0,2349,918,666.6397
5012,953,918,35,2349,0,0,2349,918,666.6397
5013,953,918,35,2349,0,0,2349,918,666.6397
5014,953,918,35,2349,0,0,2349,918,666.6397
5015,953,918,35,2349,0,0,2349,918,666.6397
5016,953,918,35,2349,0,0,2349,918,666.6397
5017,953,918,35,2349,0,0,2349,918,666.6397
5018,953,918,35,2349,0,0,2349,918,666.6397
5019,953,918,35,2349,0,0,2349,918,666.6397
5020,953,918,35,2349,0,0,2349,918,666.6397
5021,953,918,35,2349,0,0,2349,918,666.6397
5022,953,918,35,2349,0,0,2349,918,666.6397
5023,953,918,35,2349,0,0,2349,918,666.6397
5024,953,918,35,2349,0,0,2349,918,666.6397
5025,953,919,34,2351,0,0,2351,919,657.6716
5026,953,919,34,2351,0,0,2351,919,657.6716
5027,953,920,33,2353,0,0,2353,920,658.1261
5028,953,920,33,2353,0,0,2353,920,658.1261
5029,953,920,33,2353,0,0,2353,920,658.1261
5030,953,920,33,2353,0,0,2353,920,658.1261
5031,953,921,32,2354,0,0,2354,921,658.3184
5032,953,921,32,2354,0,0,2354,921,658.3184
5033,953,921,32,2354,0,0,2354,921,658.3184
5034,953,921,32,2354,0,0,2354,921,658.3184
5035,953,921,32,2354,0,0,2354,921,658.3184
5036,953,921,32,2354,0,0,2354,921,658.3184
5037,953,921,32,2354,0,0,2354,921,658.3184
5038,953,921,32,2354,0,0,2354,921,658.3184
5039,953,921,32,2354,0,0,2354,921,658.3184
5040,953,921,32,2354,0,0,2354,921,658.3184
5041,953,921,32,2354,0,0,2354,921,658.3184
5042,953,921,32,2354,0,0,2354,921,658.3184
5043,953,921,32,2354,0,0,2354,921,658.3184
5044,953,921,32,2354,0,0,2354,921,658.3184
5045,953,921,32,2354,0,0,2354,921,658.3184
5046,953,921,32,2354,0,0,2354,921,658.3184
5047,953,921,32,2354,0,0,2354,921,658.3184
5048,953,921,32,2354,0,0,2354,921,658.3184
5049,954,921,33,2354,0,0,2354,921,658.3184
5050,954,921,33,2354,0,0,2354,921,658.3184
5051,954,921,33,2354,0,0,2354,921,658.3184
5052,954,921,33,2354,0,0,2354,921,658.3184
5053,954,921,33,2354,0,0,2354,921,658.3184
5054,954,921,33,2354,0,0,2354,921,658.3184
5055,954,921,33,2354,0,0,2354,921,658.3184
5056,954,921,33,2354,0,0,2354,921,658.3184
5057,955,921,34,2354,0,0,2354,921,658.3184
5058,955,921,34,2354,0,0,2354,921,658.3184
5059,955,921,34,2354,0,0,2354,921,658.3184
5060,955,921,34,2354,0,0,2354,921,658.3184
5061,955,921,34,2354,0,0,2354,921,658.3184
5062,955,922,33,2356,0,0,2356,922,654.998
5063,955,922,33,2356,0,0,2356,922,654.998
5064,955,922,33,2356,0,0,2356,922,654.998
5065,955,924,31,2363,0,0,2363,924,656.0316
5066,956,924,32,2363,0,0,2363,924,656.0316
5067,956,925,31,2366,0,0,2366,925,656.4831
5068,957,926,31,2367,0,0,2367,926,657.0639
5069,957,926,31,2367,0,0,2367,926,657.0639
5070,957,926,31,2367,0,0,2367,926,657.0639
5071,957,926,31,2367,0,0,2367,926,657.0639
5072,957,926,31,2367,0,0,2367,926,657.0639
5073,957,926,31,2367,0,0,2367,926,657.0639
5074,957,926,31,2367,0,0,2367,926,657.0639
5075,957,926,31,2367,0,0,2367,926,657.0639
5076,957,926,31,2367,0,0,2367,926,657.0639
5077,957,926,31,2367,0,0,2367,926,657.0639
5078,958,926,32,2367,0,0,2367,926,657.0639
5079,958,926,32,2367,0,0,2367,926,657.0639
5080,958,926,32,2367,0,0,2367,926,657.0639
5081,958,926,32,2367,0,0,2367,926,657.0639
5082,958,926,32,2367,0,0,2367,926,657.0639
5083,958,926,32,2367,0,0,2367,926,657.0639
5084,958,926,32,2367,0,0,2367,926,657.0639
5085,958,926,32,2367,0,0,2367,926,657.0639
5086,958,926,32,2367,0,0,2367,926,657.0639
5087,958,926,32,2367,0,0,2367,926,657.0639
5088,958,926,32,2367,0,0,2367,926,657.0639
5089,958,926,32,2367,0,0,2367,926,657.0639
5090,958,926,32,2367,0,0,2367,926,657.0639
5091,958,926,32,2367,0,0,2367,926,657.0639
5092,958,926,32,2367,0,0,2367,926,657.0639
5093,958,926,32,2367,0,0,2367,926,657.0639
5094,958,926,32,2367,0,0,2367,926,657.0639
5095,958,926,32,2367,0,0,2367,926,657.0639
5096,958,926,32,2367,0,0,2367,926,657.0639
5097,958,927,31,2371,0,0,2371,927,654.0318
5098,958,927,31,2371,0,0,2371,927,654.0318
5099,958,927,31,2371,0,0,2371,927,654.0318
5100,958,927,31,2371,0,0,2371,927,654.0318
5101,958,928,30,2376,0,0,2376,928,654.2247
5102,958,928,30,2376,0,0,2376,928,654.2247
5103,958,928,30,2376,0,0,2376,928,654.2247
5104,958,928,30,2376,0,0,2376,928,654.2247
5105,958,928,30,2376,0,0,2376,928,654.2247
5106,958,928,30,2376,0,0,2376,928,654.2247
5107,959,928,31,2376,0,0,2376,928,654.2247
5108,959,928,31,2376,0,0,2376,928,654.2247
5109,959,928,31,2376,0,0,2376,928,654.2247
5110,959,928,31,2376,0,0,2376,928,654.2247
5111,959,928,31,2376,0,0,2376,928,654.2247
5112,959,928,31,2376,0,0,2376,928,654.2247
5113,960,928,32,2376,0,0,2376,928,654.2247
5114,960,928,32,2376,0,0,2376,928,654.2247
5115,960,928,32,2376,0,0,2376,928,654.2247
5116,960,928,32,2376,0,0,2376,928,654.2247
5117,960,928,32,2376,0,0,2376,928,654.2247
5118,960,928,32,2376,0,0,2376,928,654.2247
5119,961,928,33,2376,0,0,2376,928,654.2247
5120,961,928,33,2376,0,0,2376,928,654.2247
5121,961,928,33,2376,0,0,2376,928,654.2247
5122,961,928,33,2376,0,0,2376,928,654.2247
5123,961,928,33,2376,0,0,2376,928,654.2247
5124,961,928,33,2376,0,0,2376,928,654.2247
5125,961,928,33,2376,0,0,2376,928,654.2247
5126,961,928,33,2376,0,0,2376,928,654.2247
5127,961,928,33,2376,0,0,2376,928,654.2247
5128,961,928,33,2376,0,0,2376,928,654.2247
5129,961,928,33,2376,0,0,2376,928,654.2247
5130,961,928,33,2376,0,0,2376,928,654.2247
5131,961,928,33,2376,0,0,2376,928,654.2247
5132,961,928,33,2376,0,0,2376,928,654.2247
5133,961,928,33,2376,0,0,2376,928,654.2247
5134,961,928,33,2376,0,0,2376,928,654.2247
5135,961,928,33,2376,0,0,2376,928,654.2247
5136,961,928,33,2376,0,0,2376,928,654.2247
5137,961,928,33,2376,0,0,2376,928,654.2247
5138,962,928,34,2376,0,0,2376,928,654.2247
5139,962,928,34,2376,0,0,2376,928,654.2247
5140,962,928,34,2376,0,0,2376,928,654.2247
5141,962,928,34,2376,0,0,2376,928,654.2247
5142,962,928,34,2376,0,0,2376,928,654.2247
5143,962,928,34,2376,0,0,2376,928,654.2247
5144,962,928,34,2376,0,0,2376,928,654.2247
5145,962,928,34,2376,0,0,2376,928,654.2247
5146,962,928,34,2376,0,0,2376,928,654.2247
5147,962,928,34,2376,0,0,2376,928,654.2247
5148,962,928,34,2376,0,0,2376,928,654.2247
5149,962,928,34,2376,0,0,2376,928,654.2247
5150,962,928,34,2376,0,0,2376,928,654.2247
5151,962,928,34,2376,0,0,2376,928,654.2247
5152,962,928,34,2376,0,0,2376,928,654.2247
5153,962,928,34,2376,0,0,2376,928,654.2247
5154,963,928,35,2376,0,0,2376,928,654.2247
5155,963,928,35,2376,0,0,2376,928,654.2247
5156,963,928,35,2376,0,0,2376,928,654.2247
5157,963,928,35,2376,0,0,2376,928,654.2247
5158,963,928,35,2376,0,0,2376,928,654.2247
5159,963,928,35,2376,0,0,2376,928,654.2247
5160,963,928,35,2376,0,0,2376,928,654.2247
5161,963,928,35,2376,0,0,2376,928,654.2247
5162,963,928,35,2376,0,0,2376,928,654.2247
5163,963,928,35,2376,0,0,2376,928,654.2247
5164,963,928,35,2376,0,0,2376,928,654.2247
5165,963,928,35,2376,0,0,2376,928,654.2247
5166,963,928,35,2376,0,0,2376,928,654.2247
5167,963,928,35,2376,0,0,2376,928,654.2247
5168,963,928,35,2376,0,0,2376,928,654.2247
5169,963,928,35,2376,0,0,2376,928,654.2247
5170,964,929,35,2378,0,0,2378,929,646.1895
5171,964,929,35,2378,0,0,2378,929,646.1895
5172,964,929,35,2378,0,0,2378,929,646.1895
5173,964,929,35,2378,0,0,2378,929,646.1895
5174,964,929,35,2378,0,0,2378,929,646.1895
5175,964,929,35,2378,0,0,2378,929,646.1895
5176,964,930,34,2380,0,0,2380,930,646.136
5177,964,930,34,2380,0,0,2380,930,646.136
5178,964,930,34,2380,0,0,2380,930,646.136
5179,964,930,34,2380,0,0,2380,930,646.136
5180,964,930,34,2380,0,0,2380,930,646.136
5181,964,930,34,2380,0,0,2380,930,646.136
5182,964,930,34,2380,0,0,2380,930,646.136
5183,964,930,34,2380,0,0,2380,930,646.136
5184,964,930,34,2380,0,0,2380,930,646.136
5185,964,930,34,2380,0,0,2380,930,646.136
5186,964,930,34,2380,0,0,2380,930,646.136
5187,964,930,34,2380,0,0,2380,930,646.136
5188,964,930,34,2380,0,0,2380,930,646.136
5189,964,930,34,2380,0,0,2380,930,646.136
5190,964,930,34,2380,0,0,2380,930,646.136
5191,964,930,34,2380,0,0,2380,930,646.136
5192,964,930,34,2380,0,0,2380,930,646.136
5193,964,930,34,2380,0,0,2380,930,646.136
5194,964,930,34,2380,0,0,2380,930,646.136
5195,964,930,34,2380,0,0,2380,930,646.136
5196,964,930,34,2380,0,0,2380,930,646.136
5197,964,930,34,2380,0,0,2380,930,646.136
5198,964,930,34,2380,0,0,2380,930,646.136
5199,964,930,34,2380,0,0,2380,930,646.136
5200,964,930,34,2380,0,0,2380,930,646.136
5201,964,930,34,2380,0,0,2380,930,646.136
5202,964,930,34,2380,0,0,2380,930,646.136
5203,964,930,34,2380,0,0,2380,930,646.136
5204,964,930,34,2380,0,0,2380,930,646.136
5205,964,930,34,2380,0,0,2380,930,646.136
5206,964,931,33,2381,0,0,2381,931,643.1041
5207,964,931,33,2381,0,0,2381,931,643.1041
5208,964,931,33,2381,0,0,2381,931,643.1041
5209,964,931,33,2381,0,0,2381,931,643.1041
5210,964,931,33,2381,0,0,2381,931,643.1041
5211,964,931,33,2381,0,0,2381,931,643.1041
5212,964,931,33,2381,0,0,2381,931,643.1041
5213,964,931,33,2381,0,0,2381,931,643.1041
5214,964,931,33,2381,0,0,2381,931,643.1041
5215,964,931,33,2381,0,0,2381,931,643.1041
5216,964,931,33,2381,0,0,2381,931,643.1041
5217,964,931,33,2381,0,0,2381,931,643.1041
5218,964,931,33,2381,0,0,2381,931,643.1041
5219,964,931,33,2381,0,0,2381,931,643.1041
5220,964,931,33,2381,0,0,2381,931,643.1041
5221,964,931,33,2381,0,0,2381,931,643.1041
5222,964,931,33,2381,0,0,2381,931,643.1041
5223,964,931,33,2381,0,0,2381,931,643.1041
5224,964,931,33,2381,0,0,2381,931,643.1041
5225,964,931,33,2381,0,0,2381,931,643.1041
5226,964,931,33,2381,0,0,2381,931,643.1041
5227,964,931,33,2381,0,0,2381,931,643.1041
5228,964,931,33,2381,0,0,2381,931,643.1041
5229,964,931,33,2381,0,0,2381,931,643.1041
5230,964,931,33,2381,0,0,2381,931,643.1041
5231,964,931,33,2381,0,0,2381,931,643.1041
5232,964,931,33,2381,0,0,2381,931,643.1041
5233,964,931,33,2381,0,0,2381,931,643.1041
5234,964,931,33,2381,0,0,2381,931,643.1041
5235,964,931,33,2381,0,0,2381,931,643.1041
5236,964,931,33,2381,0,0,2381,931,643.1041
5237,964,931,33,2381,0,0,2381,931,643.1041
5238,964,931,33,2381,0,0,2381,931,643.1041
5239,964,931,33,2381,0,0,2381,931,643.1041
5240,964,931,33,2381,0,0,2381,931,643.1041
5241,964,931,33,2381,0,0,2381,931,643.1041
5242,964,931,33,2381,0,0,2381,931,643.1041
5243,964,931,33,2381,0,0,2381,931,643.1041
5244,964,931,33,2381,0,0,2381,931,643.1041
5245,964,931,33,2381,0,0,2381,931,643.1041
5246,964,931,33,2381,0,0,2381,931,643.1041
5247,964,931,33,2381,0,0,2381,931,643.1041
5248,964,931,33,2381,0,0,2381,931,643.1041
5249,964,931,33,2381,0,0,2381,931,643.1041
5250,964,931,33,2381,0,0,2381,931,643.1041
5251,964,931,33,2381,0,0,2381,931,643.1041
5252,964,931,33,2381,0,0,2381,931,643.1041
5253,964,931,33,2381,0,0,2381,931,643.1041
5254,964,931,33,2381,0,0,2381,931,643.1041
5255,964,931,33,2381,0,0,2381,931,643.1041
5256,964,932,32,2383,0,0,2383,932,637.6712
5257,964,932,32,2383,0,0,2383,932,637.6712
5258,964,932,32,2383,0,0,2383,932,637.6712
5259,964,932,32,2383,0,0,2383,932,637.6712
5260,964,932,32,2383,0,0,2383,932,637.6712
5261,964,932,32,2383,0,0,2383,932,637.6712
5262,964,932,32,2383,0,0,2383,932,637.6712
5263,964,932,32,2383,0,0,2383,932,637.6712
5264,964,932,32,2383,0,0,2383,932,637.6712
5265,964,932,32,2383,0,0,2383,932,637.6712
5266,964,932,32,2383,0,0,2383,932,637.6712
5267,964,932,32,2383,0,0,2383,932,637.6712
5268,964,932,32,2383,0,0,2383,932,637.6712
5269,964,932,32,2383,0,0,2383,932,637.6712
5270,964,932,32,2383,0,0,2383,932,637.6712
5271,964,932,32,2383,0,0,2383,932,637.6712
5272,964,932,32,2383,0,0,2383,932,637.6712
5273,964,932,32,2383,0,0,2383,932,637.6712
5274,964,932,32,2383,0,0,2383,932,637.6712
5275,964,932,32,2383,0,0,2383,932,637.6712
5276,964,932,32,2383,0,0,2383,932,637.6712
5277,964,932,32,2383,0,0,2383,932,637.6712
5278,964,932,32,2383,0,0,2383,932,637.6712
5279,964,932,32,2383,0,0,2383,932,637.6712
5280,964,932,32,2383,0,0,2383,932,637.6712
5281,964,934,30,2390,0,0,2390,934,636.0159
5282,964,934,30,2390,0,0,2390,934,636.0159
5283,964,934,30,2390,0,0,2390,934,636.0159
5284,964,934,30,2390,0,0,2390,934,636.0159
5285,964,934,30,2390,0,0,2390,934,636.0159
5286,964,934,30,2390,0,0,2390,934,636.0159
5287,964,934,30,2390,0,0,2390,934,636.0159
5288,964,934,30,2390,0,0,2390,934,636.0159
5289,964,934,30,2390,0,0,2390,934,636.0159
5290,964,934,30,2390,0,0,2390,934,636.0159
5291,964,934,30,2390,0,0,2390,934,636.0159
5292,964,934,30,2390,0,0,2390,934,636.0159
5293,964,934,30,2390,0,0,2390,934,636.0159
5294,964,934,30,2390,0,0,2390,934,636.0159
5295,964,934,30,2390,0,0,2390,934,636.0159
5296,964,934,30,2390,0,0,2390,934,636.0159
5297,964,934,30,2390,0,0,2390,934,636.0159
5298,964,934,30,2390,0,0,2390,934,636.0159
5299,964,934,30,2390,0,0,2390,934,636.0159
5300,964,934,30,2390,0,0,2390,934,636.0159
5301,964,934,30,2390,0,0,2390,934,636.0159
5302,964,934,30,2390,0,0,2390,934,636.0159
5303,964,934,30,2390,0,0,2390,934,636.0159
5304,964,934,30,2390,0,0,2390,934,636.0159
5305,964,934,30,2390,0,0,2390,934,636.0159
5306,964,934,30,2390,0,0,2390,934,636.0159
5307,964,934,30,2390,0,0,2390,934,636.0159
5308,964,934,30,2390,0,0,2390,934,636.0159
5309,964,934,30,2390,0,0,2390,934,636.0159
5310,965,934,31,2390,0,0,2390,934,636.0159
5311,965,934,31,2390,0,0,2390,934,636.0159
5312,965,935,30,2393,0,0,2393,935,632.9819
5313,965,935,30,2393,0,0,2393,935,632.9819
5314,965,935,30,2393,0,0,2393,935,632.9819
5315,965,936,29,2398,0,0,2398,936,633.3019
5316,965,936,29,2398,0,0,2398,936,633.3019
5317,965,936,29,2398,0,0,2398,936,633.3019
5318,965,936,29,2398,0,0,2398,936,633.3019
5319,965,937,28,2399,0,0,2399,937,633.5025
5320,966,937,29,2399,0,0,2399,937,633.5025
5321,966,938,28,2402,0,0,2402,938,633.941
5322,966,938,28,2402,0,0,2402,938,633.941
5323,966,938,28,2402,0,0,2402,938,633.941
5324,966,938,28,2402,0,0,2402,938,633.941
5325,966,938,28,2402,0,0,2402,938,633.941
5326,966,938,28,2402,0,0,2402,938,633.941
5327,966,938,28,2402,0,0,2402,938,633.941
5328,966,938,28,2402,0,0,2402,938,633.941
5329,966,938,28,2402,0,0,2402,938,633.941
5330,966,938,28,2402,0,0,2402,938,633.941
5331,966,938,28,2402,0,0,2402,938,633.941
5332,966,938,28,2402,0,0,2402,938,633.941
5333,966,938,28,2402,0,0,2402,938,633.941
5334,966,938,28,2402,0,0,2402,938,633.941
5335,966,938,28,2402,0,0,2402,938,633.941
5336,966,938,28,2402,0,0,2402,938,633.941
5337,966,938,28,2402,0,0,2402,938,633.941
5338,966,938,28,2402,0,0,2402,938,633.941
5339,966,938,28,2402,0,0,2402,938,633.941
5340,966,938,28,2402,0,0,2402,938,633.941
5341,966,938,28,2402,0,0,2402,938,633.941
5342,966,938,28,2402,0,0,2402,938,633.941
5343,966,938,28,2402,0,0,2402,938,633.941
5344,966,938,28,2402,0,0,2402,938,633.941
5345,966,938,28,2402,0,0,2402,938,633.941
5346,966,938,28,2402,0,0,2402,938,633.941
5347,966,938,28,2402,0,0,2402,938,633.941
5348,966,939,27,2405,0,0,2405,939,631.4136
5349,966,939,27,2405,0,0,2405,939,631.4136
5350,966,939,27,2405,0,0,2405,939,631.4136
5351,966,939,27,2405,0,0,2405,939,631.4136
5352,966,941,25,2412,0,0,2412,941,632.287
5353,966,941,25,2412,0,0,2412,941,632.287
5354,966,941,25,2412,0,0,2412,941,632.287
5355,966,941,25,2412,0,0,2412,941,632.287
5356,966,941,25,2412,0,0,2412,941,632.287
5357,966,941,25,2412,0,0,2412,941,632.287
5358,967,941,26,2412,0,0,2412,941,632.287
5359,967,941,26,2412,0,0,2412,941,632.287
5360,967,941,26,2412,0,0,2412,941,632.287
5361,967,941,26,2412,0,0,2412,941,632.287
5362,967,941,26,2412,0,0,2412,941,632.287
5363,967,941,26,2412,0,0,2412,941,632.287
5364,967,941,26,2412,0,0,2412,941,632.287
5365,967,941,26,2412,0,0,2412,941,632.287
5366,967,941,26,2412,0,0,2412,941,632.287
5367,967,941,26,2412,0,0,2412,941,632.287
5368,967,941,26,2412,0,0,2412,941,632.287
5369,967,941,26,2412,0,0,2412,941,632.287
5370,967,941,26,2412,0,0,2412,941,632.287
5371,967,941,26,2412,0,0,2412,941,632.287
5372,967,941,26,2412,0,0,2412,941,632.287
5373,967,941,26,2412,0,0,2412,941,632.287
5374,967,941,26,2412,0,0,2412,941,632.287
5375,967,941,26,2412,0,0,2412,941,632.287
5376,967,941,26,2412,0,0,2412,941,632.287
5377,967,941,26,2412,0,0,2412,941,632.287
5378,967,941,26,2412,0,0,2412,941,632.287
5379,967,941,26,2412,0,0,2412,941,632.287
5380,967,941,26,2412,0,0,2412,941,632.287
5381,967,941,26,2412,0,0,2412,941,632.287
5382,967,941,26,2412,0,0,2412,941,632.287
5383,967,941,26,2412,0,0,2412,941,632.287
5384,967,941,26,2412,0,0,2412,941,632.287
5385,967,941,26,2412,0,0,2412,941,632.287
5386,967,941,26,2412,0,0,2412,941,632.287
5387,967,941,26,2412,0,0,2412,941,632.287
5388,967,941,26,2412,0,0,2412,941,632.287
5389,967,941,26,2412,0,0,2412,941,632.287
5390,967,941,26,2412,0,0,2412,941,632.287
5391,967,941,26,2412,0,0,2412,941,632.287
5392,967,941,26,2412,0,0,2412,941,632.287
5393,967,941,26,2412,0,0,2412,941,632.287
5394,967,941,26,2412,0,0,2412,941,632.287
5395,967,941,26,2412,0,0,2412,941,632.287
5396,967,941,26,2412,0,0,2412,941,632.287
5397,968,941,27,2412,0,0,2412,941,632.287
5398,968,941,27,2412,0,0,2412,941,632.287
5399,968,941,27,2412,0,0,2412,941,632.287
5400,968,941,27,2412,0,0,2412,941,632.287
5401,968,941,27,2412,0,0,2412,941,632.287
5402,968,941,27,2412,0,0,2412,941,632.287
5403,968,941,27,2412,0,0,2412,941,632.287
5404,968,941,27,2412,0,0,2412,941,632.287
5405,969,941,28,2412,0,0,2412,941,632.287
5406,969,941,28,2412,0,0,2412,941,632.287
5407,969,941,28,2412,0,0,2412,941,632.287
5408,969,941,28,2412,0,0,2412,941,632.287
5409,969,941,28,2412,0,0,2412,941,632.287
5410,969,941,28,2412,0,0,2412,941,632.287
5411,969,941,28,2412,0,0,2412,941,632.287
5412,969,941,28,2412,0,0,2412,941,632.287
5413,969,941,28,2412,0,0,2412,941,632.287
5414,969,941,28,2412,0,0,2412,941,632.287
5415,969,941,28,2412,0,0,2412,941,632.287
5416,969,941,28,2412,0,0,2412,941,632.287
5417,969,941,28,2412,0,0,2412,941,632.287
5418,969,941,28,2412,0,0,2412,941,632.287
5419,969,941,28,2412,0,0,2412,941,632.287
5420,969,943,26,2414,0,0,2414,943,625.6827
5421,969,943,26,2414,0,0,2414,943,625.6827
5422,969,943,26,2414,0,0,2414,943,625.6827
5423,969,943,26,2414,0,0,2414,943,625.6827
5424,969,943,26,2414,0,0,2414,943,625.6827
5425,969,943,26,2414,0,0,2414,943,625.6827
5426,969,943,26,2414,0,0,2414,943,625.6827
5427,969,944,25,2417,0,0,2417,944,625.539
5428,969,944,25,2417,0,0,2417,944,625.539
5429,969,944,25,2417,0,0,2417,944,625.539
5430,969,944,25,2417,0,0,2417,944,625.539
5431,969,944,25,2417,0,0,2417,944,625.539
5432,970,944,26,2417,0,0,2417,944,625.539
5433,970,944,26,2417,0,0,2417,944,625.539
5434,970,944,26,2417,0,0,2417,944,625.539
5435,970,944,26,2417,0,0,2417,944,625.539
5436,970,944,26,2417,0,0,2417,944,625.539
5437,970,944,26,2417,0,0,2417,944,625.539
5438,970,944,26,2417,0,0,2417,944,625.539
5439,970,944,26,2417,0,0,2417,944,625.539
5440,970,944,26,2417,0,0,2417,944,625.539
5441,971,944,27,2417,0,0,2417,944,625.539
5442,971,944,27,2417,0,0,2417,944,625.539
5443,971,944,27,2417,0,0,2417,944,625.539
5444,971,944,27,2417,0,0,2417,944,625.539
5445,971,944,27,2417,0,0,2417,944,625.539
5446,971,944,27,2417,0,0,2417,944,625.539
5447,971,944,27,2417,0,0,2417,944,625.539
5448,971,944,27,2417,0,0,2417,944,625.539
5449,971,944,27,2417,0,0,2417,944,625.539
5450,971,944,27,2417,0,0,2417,944,625.539
5451,971,944,27,2417,0,0,2417,944,625.539
5452,971,944,27,2417,0,0,2417,944,625.539
5453,971,944,27,2417,0,0,2417,944,625.539
5454,971,944,27,2417,0,0,2417,944,625.539
5455,971,944,27,2417,0,0,2417,944,625.539
5456,971,944,27,2417,0,0,2417,944,625.539
5457,971,944,27,2417,0,0,2417,944,625.539
5458,971,944,27,2417,0,0,2417,944,625.539
5459,971,944,27,2417,0,0,2417,944,625.539
5460,971,945,26,2422,0,0,2422,945,622.4176
5461,971,945,26,2422,0,0,2422,945,622.4176
5462,971,945,26,2422,0,0,2422,945,622.4176
5463,971,945,26,2422,0,0,2422,945,622.4176
5464,971,945,26,2422,0,0,2422,945,622.4176
5465,971,945,26,2422,0,0,2422,945,622.4176
5466,971,945,26,2422,0,0,2422,945,622.4176
5467,971,945,26,2422,0,0,2422,945,622.4176
5468,971,945,26,2422,0,0,2422,945,622.4176
5469,971,945,26,2422,0,0,2422,945,622.4176
5470,971,945,26,2422,0,0,2422,945,622.4176
5471,971,945,26,2422,0,0,2422,945,622.4176
5472,971,945,26,2422,0,0,2422,945,622.4176
5473,971,945,26,2422,0,0,2422,945,622.4176
5474,971,945,26,2422,0,0,2422,945,622.4176
5475,971,945,26,2422,0,0,2422,945,622.4176
5476,971,945,26,2422,0,0,2422,945,622.4176
5477,971,945,26,2422,0,0,2422,945,622.4176
5478,971,945,26,2422,0,0,2422,945,622.4176
5479,971,945,26,2422,0,0,2422,945,622.4176
5480,971,945,26,2422,0,0,2422,945,622.4176
5481,971,945,26,2422,0,0,2422,945,622.4176
5482,971,945,26,2422,0,0,2422,945,622.4176
5483,971,945,26,2422,0,0,2422,945,622.4176
5484,971,945,26,2422,0,0,2422,945,622.4176
5485,971,945,26,2422,0,0,2422,945,622.4176
5486,971,945,26,2422,0,0,2422,945,622.4176
5487,972,945,27,2422,0,0,2422,945,622.4176
5488,972,945,27,2422,0,0,2422,945,622.4176
5489,972,945,27,2422,0,0,2422,945,622.4176
5490,972,945,27,2422,0,0,2422,945,622.4176
5491,972,945,27,2422,0,0,2422,945,622.4176
5492,972,945,27,2422,0,0,2422,945,622.4176
5493,972,945,27,2422,0,0,2422,945,622.4176
5494,972,945,27,2422,0,0,2422,945,622.4176
5495,972,945,27,2422,0,0,2422,945,622.4176
5496,972,945,27,2422,0,0,2422,945,622.4176
5497,972,945,27,2422,0,0,2422,945,622.4176
5498,972,945,27,2422,0,0,2422,945,622.4176
5499,972,945,27,2422,0,0,2422,945,622.4176
5500,972,945,27,2422,0,0,2422,945,622.4176
5501,972,945,27,2422,0,0,2422,945,622.4176
5502,972,945,27,2422,0,0,2422,945,622.4176
5503,972,945,27,2422,0,0,2422,945,622.4176
5504,972,945,27,2422,0,0,2422,945,622.4176
5505,972,945,27,2422,0,0,2422,945,622.4176
5506,972,945,27,2422,0,0,2422,945,622.4176
5507,972,945,27,2422,0,0,2422,945,622.4176
5508,972,945,27,2422,0,0,2422,945,622.4176
5509,973,945,28,2422,0,0,2422,945,622.4176
5510,973,945,28,2422,0,0,2422,945,622.4176
5511,973,945,28,2422,0,0,2422,945,622.4176
5512,973,945,28,2422,0,0,2422,945,622.4176
5513,973,945,28,2422,0,0,2422,945,622.4176
5514,973,945,28,2422,0,0,2422,945,622.4176
5515,973,945,28,2422,0,0,2422,945,622.4176
5516,973,945,28,2422,0,0,2422,945,622.4176
5517,973,945,28,2422,0,0,2422,945,622.4176
5518,973,945,28,2422,0,0,2422,945,622.4176
5519,973,945,28,2422,0,0,2422,945,622.4176
5520,973,945,28,2422,0,0,2422,945,622.4176
5521,973,945,28,2422,0,0,2422,945,622.4176
5522,973,945,28,2422,0,0,2422,945,622.4176
5523,973,945,28,2422,0,0,2422,945,622.4176
5524,973,945,28,2422,0,0,2422,945,622.4176
5525,973,945,28,2422,0,0,2422,945,622.4176
5526,973,945,28,2422,0,0,2422,945,622.4176
5527,973,945,28,2422,0,0,2422,945,622.4176
5528,973,946,27,2423,0,0,2423,946,615.4124
5529,973,946,27,2423,0,0,2423,946,615.4124
5530,973,946,27,2423,0,0,2423,946,615.4124
5531,973,946,27,2423,0,0,2423,946,615.4124
5532,973,946,27,2423,0,0,2423,946,615.4124
5533,973,946,27,2423,0,0,2423,946,615.4124
5534,973,946,27,2423,0,0,2423,946,615.4124
5535,973,947,26,2425,0,0,2425,947,615.2845
5536,973,947,26,2425,0,0,2425,947,615.2845
5537,973,947,26,2425,0,0,2425,947,615.2845
5538,973,947,26,2425,0,0,2425,947,615.2845
5539,973,947,26,2425,0,0,2425,947,615.2845
5540,973,947,26,2425,0,0,2425,947,615.2845
5541,973,947,26,2425,0,0,2425,947,615.2845
5542,973,947,26,2425,0,0,2425,947,615.2845
5543,973,947,26,2425,0,0,2425,947,615.2845
5544,973,947,26,2425,0,0,2425,947,615.2845
5545,973,947,26,2425,0,0,2425,947,615.2845
5546,974,947,27,2425,0,0,2425,947,615.2845
5547,974,947,27,2425,0,0,2425,947,615.2845
5548,974,947,27,2425,0,0,2425,947,615.2845
5549,974,947,27,2425,0,0,2425,947,615.2845
5550,974,947,27,2425,0,0,2425,947,615.2845
5551,974,947,27,2425,0,0,2425,947,615.2845
5552,974,947,27,2425,0,0,2425,947,615.2845
5553,974,947,27,2425,0,0,2425,947,615.2845
5554,975,947,28,2425,0,0,2425,947,615.2845
5555,975,947,28,2425,0,0,2425,947,615.2845
5556,975,947,28,2425,0,0,2425,947,615.2845
5557,975,947,28,2425,0,0,2425,947,615.2845
5558,975,947,28,2425,0,0,2425,947,615.2845
5559,975,947,28,2425,0,0,2425,947,615.2845
5560,975,947,28,2425,0,0,2425,947,615.2845
5561,975,947,28,2425,0,0,2425,947,615.2845
5562,975,947,28,2425,0,0,2425,947,615.2845
5563,975,947,28,2425,0,0,2425,947,615.2845
5564,975,947,28,2425,0,0,2425,947,615.2845
5565,975,948,27,2430,0,0,2430,948,612.6146
5566,975,948,27,2430,0,0,2430,948,612.6146
5567,975,948,27,2430,0,0,2430,948,612.6146
5568,975,948,27,2430,0,0,2430,948,612.6146
5569,975,948,27,2430,0,0,2430,948,612.6146
5570,975,948,27,2430,0,0,2430,948,612.6146
5571,975,948,27,2430,0,0,2430,948,612.6146
5572,976,948,28,2430,0,0,2430,948,612.6146
5573,976,948,28,2430,0,0,2430,948,612.6146
5574,976,949,27,2432,0,0,2432,949,612.2713
5575,976,949,27,2432,0,0,2432,949,612.2713
5576,976,949,27,2432,0,0,2432,949,612.2713
5577,976,949,27,2432,0,0,2432,949,612.2713
5578,976,949,27,2432,0,0,2432,949,612.2713
5579,976,949,27,2432,0,0,2432,949,612.2713
5580,976,949,27,2432,0,0,2432,949,612.2713
5581,976,949,27,2432,0,0,2432,949,612.2713
5582,976,949,27,2432,0,0,2432,949,612.2713
5583,976,949,27,2432,0,0,2432,949,612.2713
5584,976,949,27,2432,0,0,2432,949,612.2713
5585,976,949,27,2432,0,0,2432,949,612.2713
5586,976,949,27,2432,0,0,2432,949,612.2713
5587,976,949,27,2432,0,0,2432,949,612.2713
5588,976,949,27,2432,0,0,2432,949,612.2713
5589,976,949,27,2432,0,0,2432,949,612.2713
5590,976,949,27,2432,0,0,2432,949,612.2713
5591,976,949,27,2432,0,0,2432,949,612.2713
5592,976,949,27,2432,0,0,2432,949,612.2713
5593,976,949,27,2432,0,0,2432,949,612.2713
5594,976,949,27,2432,0,0,2432,949,612.2713
5595,976,949,27,2432,0,0,2432,949,612.2713
5596,976,949,27,2432,0,0,2432,949,612.2713
5597,976,949,27,2432,0,0,2432,949,612.2713
5598,976,949,27,2432,0,0,2432,949,612.2713
5599,976,949,27,2432,0,0,2432,949,612.2713
5600,976,949,27,2432,0,0,2432,949,612.2713
5601,976,949,27,2432,0,0,2432,949,612.2713
5602,976,950,26,2433,0,0,2433,950,609.8536
5603,976,950,26,2433,0,0,2433,950,609.8536
5604,976,950,26,2433,0,0,2433,950,609.8536
5605,976,950,26,2433,0,0,2433,950,609.8536
5606,977,950,27,2433,0,0,2433,950,609.8536
5607,977,950,27,2433,0,0,2433,950,609.8536
5608,977,950,27,2433,0,0,2433,950,609.8536
5609,977,950,27,2433,0,0,2433,950,609.8536
5610,977,950,27,2433,0,0,2433,950,609.8536
5611,977,950,27,2433,0,0,2433,950,609.8536
5612,977,950,27,2433,0,0,2433,950,609.8536
5613,977,950,27,2433,0,0,2433,950,609.8536
5614,977,950,27,2433,0,0,2433,950,609.8536
5615,977,950,27,2433,0,0,2433,950,609.8536
5616,977,950,27,2433,0,0,2433,950,609.8536
5617,977,950,27,2433,0,0,2433,950,609.8536
5618,977,950,27,2433,0,0,2433,950,609.8536
5619,977,950,27,2433,0,0,2433,950,609.8536
5620,977,950,27,2433,0,0,2433,950,609.8536
5621,977,950,27,2433,0,0,2433,950,609.8536
5622,977,950,27,2433,0,0,2433,950,609.8536
5623,977,950,27,2433,0,0,2433,950,609.8536
5624,977,950,27,2433,0,0,2433,950,609.8536
5625,977,950,27,2433,0,0,2433,950,609.8536
5626,977,950,27,2433,0,0,2433,950,609.8536
5627,977,950,27,2433,0,0,2433,950,609.8536
5628,977,950,27,2433,0,0,2433,950,609.8536
5629,977,950,27,2433,0,0,2433,950,609.8536
5630,977,950,27,2433,0,0,2433,950,609.8536
5631,977,950,27,2433,0,0,2433,950,609.8536
5632,977,950,27,2433,0,0,2433,950,609.8536
5633,977,950,27,2433,0,0,2433,950,609.8536
5634,977,950,27,2433,0,0,2433,950,609.8536
5635,977,950,27,2433,0,0,2433,950,609.8536
5636,978,950,28,2433,0,0,2433,950,609.8536
5637,978,951,27,2434,0,0,2434,951,606.7057
5638,978,952,26,2439,0,0,2439,952,607.2366
5639,978,952,26,2439,0,0,2439,952,607.2366
5640,978,952,26,2439,0,0,2439,952,607.2366
5641,978,952,26,2439,0,0,2439,952,607.2366
5642,979,952,27,2439,0,0,2439,952,607.2366
5643,979,952,27,2439,0,0,2439,952,607.2366
5644,979,952,27,2439,0,0,2439,952,607.2366
5645,980,952,28,2439,0,0,2439,952,607.2366
5646,980,952,28,2439,0,0,2439,952,607.2366
5647,980,952,28,2439,0,0,2439,952,607.2366
5648,980,952,28,2439,0,0,2439,952,607.2366
5649,980,952,28,2439,0,0,2439,952,607.2366
5650,980,952,28,2439,0,0,2439,952,607.2366
5651,980,952,28,2439,0,0,2439,952,607.2366
5652,980,952,28,2439,0,0,2439,952,607.2366
5653,980,952,28,2439,0,0,2439,952,607.2366
5654,980,952,28,2439,0,0,2439,952,607.2366
5655,980,952,28,2439,0,0,2439,952,607.2366
5656,980,952,28,2439,0,0,2439,952,607.2366
5657,980,952,28,2439,0,0,2439,952,607.2366
5658,981,952,29,2439,0,0,2439,952,607.2366
5659,982,952,30,2439,0,0,2439,952,607.2366
5660,982,952,30,2439,0,0,2439,952,607.2366
5661,982,952,30,2439,0,0,2439,952,607.2366
5662,982,952,30,2439,0,0,2439,952,607.2366
5663,982,952,30,2439,0,0,2439,952,607.2366
5664,982,952,30,2439,0,0,2439,952,607.2366
5665,982,952,30,2439,0,0,2439,952,607.2366
5666,982,952,30,2439,0,0,2439,952,607.2366
5667,982,952,30,2439,0,0,2439,952,607.2366
5668,982,952,30,2439,0,0,2439,952,607.2366
5669,982,952,30,2439,0,0,2439,952,607.2366
5670,982,952,30,2439,0,0,2439,952,607.2366
5671,982,952,30,2439,0,0,2439,952,607.2366
5672,982,952,30,2439,0,0,2439,952,607.2366
5673,982,952,30,2439,0,0,2439,952,607.2366
5674,982,952,30,2439,0,0,2439,952,607.2366
5675,982,952,30,2439,0,0,2439,952,607.2366
5676,982,952,30,2439,0,0,2439,952,607.2366
5677,982,952,30,2439,0,0,2439,952,607.2366
5678,982,952,30,2439,0,0,2439,952,607.2366
5679,983,952,31,2439,0,0,2439,952,607.2366
5680,983,952,31,2439,0,0,2439,952,607.2366
5681,983,952,31,2439,0,0,2439,952,607.2366
5682,983,952,31,2439,0,0,2439,952,607.2366
5683,983,952,31,2439,0,0,2439,952,607.2366
5684,983,952,31,2439,0,0,2439,952,607.2366
5685,983,952,31,2439,0,0,2439,952,607.2366
5686,983,952,31,2439,0,0,2439,952,607.2366
5687,984,952,32,2439,0,0,2439,952,607.2366
5688,984,952,32,2439,0,0,2439,952,607.2366
5689,984,952,32,2439,0,0,2439,952,607.2366
5690,984,952,32,2439,0,0,2439,952,607.2366
5691,984,952,32,2439,0,0,2439,952,607.2366
5692,984,952,32,2439,0,0,2439,952,607.2366
5693,984,952,32,2439,0,0,2439,952,607.2366
5694,984,952,32,2439,0,0,2439,952,607.2366
5695,984,952,32,2439,0,0,2439,952,607.2366
5696,984,952,32,2439,0,0,2439,952,607.2366
5697,984,952,32,2439,0,0,2439,952,607.2366
5698,984,952,32,2439,0,0,2439,952,607.2366
5699,985,952,33,2439,0,0,2439,952,607.2366
5700,985,952,33,2439,0,0,2439,952,607.2366
5701,985,952,33,2439,0,0,2439,952,607.2366
5702,985,952,33,2439,0,0,2439,952,607.2366
5703,985,952,33,2439,0,0,2439,952,607.2366
5704,985,952,33,2439,0,0,2439,952,607.2366
5705,985,952,33,2439,0,0,2439,952,607.2366
5706,985,952,33,2439,0,0,2439,952,607.2366
5707,985,952,33,2439,0,0,2439,952,607.2366
5708,985,952,33,2439,0,0,2439,952,607.2366
5709,985,952,33,2439,0,0,2439,952,607.2366
5710,985,952,33,2439,0,0,2439,952,607.2366
5711,985,952,33,2439,0,0,2439,952,607.2366
5712,985,953,32,2440,0,0,2440,953,600
5713,985,954,31,2442,0,0,2442,954,600.5251
5714,985,954,31,2442,0,0,2442,954,600.5251
5715,985,954,31,2442,0,0,2442,954,600.5251
5716,985,954,31,2442,0,0,2442,954,600.5251
5717,985,954,31,2442,0,0,2442,954,600.5251
5718,985,954,31,2442,0,0,2442,954,600.5251
5719,985,954,31,2442,0,0,2442,954,600.5251
5720,985,954,31,2442,0,0,2442,954,600.5251
5721,985,954,31,2442,0,0,2442,954,600.5251
5722,985,954,31,2442,0,0,2442,954,600.5251
5723,985,954,31,2442,0,0,2442,954,600.5251
5724,985,954,31,2442,0,0,2442,954,600.5251
5725,985,954,31,2442,0,0,2442,954,600.5251
5726,985,954,31,2442,0,0,2442,954,600.5251
5727,985,954,31,2442,0,0,2442,954,600.5251
5728,985,954,31,2442,0,0,2442,954,600.5251
5729,985,954,31,2442,0,0,2442,954,600.5251
5730,985,954,31,2442,0,0,2442,954,600.5251
5731,985,954,31,2442,0,0,2442,954,600.5251
5732,985,954,31,2442,0,0,2442,954,600.5251
5733,985,954,31,2442,0,0,2442,954,600.5251
5734,985,954,31,2442,0,0,2442,954,600.5251
5735,985,954,31,2442,0,0,2442,954,600.5251
5736,985,954,31,2442,0,0,2442,954,600.5251
5737,985,954,31,2442,0,0,2442,954,600.5251
5738,985,954,31,2442,0,0,2442,954,600.5251
5739,985,954,31,2442,0,0,2442,954,600.5251
5740,985,954,31,2442,0,0,2442,954,600.5251
5741,985,954,31,2442,0,0,2442,954,600.5251
5742,985,954,31,2442,0,0,2442,954,600.5251
5743,985,954,31,2442,0,0,2442,954,600.5251
5744,985,954,31,2442,0,0,2442,954,600.5251
5745,985,954,31,2442,0,0,2442,954,600.5251
5746,985,954,31,2442,0,0,2442,954,600.5251
5747,985,954,31,2442,0,0,2442,954,600.5251
5748,985,954,31,2442,0,0,2442,954,600.5251
5749,985,954,31,2442,0,0,2442,954,600.5251
5750,985,954,31,2442,0,0,2442,954,600.5251
5751,985,954,31,2442,0,0,2442,954,600.5251
5752,985,954,31,2442,0,0,2442,954,600.5251
5753,985,954,31,2442,0,0,2442,954,600.5251
5754,985,954,31,2442,0,0,2442,954,600.5251
5755,985,954,31,2442,0,0,2442,954,600.5251
5756,985,954,31,2442,0,0,2442,954,600.5251
5757,985,954,31,2442,0,0,2442,954,600.5251
5758,985,954,31,2442,0,0,2442,954,600.5251
5759,985,954,31,2442,0,0,2442,954,600.5251
5760,985,954,31,2442,0,0,2442,954,600.5251
5761,985,954,31,2442,0,0,2442,954,600.5251
5762,985,954,31,2442,0,0,2442,954,600.5251
5763,985,954,31,2442,0,0,2442,954,600.5251
5764,985,954,31,2442,0,0,2442,954,600.5251
5765,985,954,31,2442,0,0,2442,954,600.5251
5766,985,954,31,2442,0,0,2442,954,600.5251
5767,985,954,31,2442,0,0,2442,954,600.5251
5768,985,954,31,2442,0,0,2442,954,600.5251
5769,985,954,31,2442,0,0,2442,954,600.5251
5770,985,954,31,2442,0,0,2442,954,600.5251
5771,985,954,31,2442,0,0,2442,954,600.5251
5772,985,954,31,2442,0,0,2442,954,600.5251
5773,985,954,31,2442,0,0,2442,954,600.5251
5774,985,954,31,2442,0,0,2442,954,600.5251
5775,985,954,31,2442,0,0,2442,954,600.5251
5776,985,954,31,2442,0,0,2442,954,600.5251
5777,985,954,31,2442,0,0,2442,954,600.5251
5778,985,954,31,2442,0,0,2442,954,600.5251
5779,985,954,31,2442,0,0,2442,954,600.5251
5780,985,954,31,2442,0,0,2442,954,600.5251
5781,985,954,31,2442,0,0,2442,954,600.5251
5782,985,954,31,2442,0,0,2442,954,600.5251
5783,985,954,31,2442,0,0,2442,954,600.5251
5784,985,954,31,2442,0,0,2442,954,600.5251
5785,985,954,31,2442,0,0,2442,954,600.5251
5786,985,954,31,2442,0,0,2442,954,600.5251
5787,985,954,31,2442,0,0,2442,954,600.5251
5788,985,954,31,2442,0,0,2442,954,600.5251
5789,985,954,31,2442,0,0,2442,954,600.5251
5790,985,954,31,2442,0,0,2442,954,600.5251
5791,985,954,31,2442,0,0,2442,954,600.5251
5792,986,954,32,2442,0,0,2442,954,600.5251
5793,986,954,32,2442,0,0,2442,954,600.5251
5794,986,954,32,2442,0,0,2442,954,600.5251
5795,986,954,32,2442,0,0,2442,954,600.5251
5796,986,954,32,2442,0,0,2442,954,600.5251
5797,986,954,32,2442,0,0,2442,954,600.5251
5798,986,954,32,2442,0,0,2442,954,600.5251
5799,986,954,32,2442,0,0,2442,954,600.5251
5800,986,954,32,2442,0,0,2442,954,600.5251
5801,986,954,32,2442,0,0,2442,954,600.5251
5802,986,954,32,2442,0,0,2442,954,600.5251
5803,986,954,32,2442,0,0,2442,954,600.5251
5804,986,954,32,2442,0,0,2442,954,600.5251
5805,986,954,32,2442,0,0,2442,954,600.5251
5806,986,954,32,2442,0,0,2442,954,600.5251
5807,986,954,32,2442,0,0,2442,954,600.5251
5808,986,954,32,2442,0,0,2442,954,600.5251
5809,986,954,32,2442,0,0,2442,954,600.5251
5810,986,954,32,2442,0,0,2442,954,600.5251
5811,986,954,32,2442,0,0,2442,954,600.5251
5812,986,954,32,2442,0,0,2442,954,600.5251
5813,986,954,32,2442,0,0,2442,954,600.5251
5814,986,954,32,2442,0,0,2442,954,600.5251
5815,986,954,32,2442,0,0,2442,954,600.5251
5816,986,954,32,2442,0,0,2442,954,600.5251
5817,987,954,33,2442,0,0,2442,954,600.5251
5818,987,954,33,2442,0,0,2442,954,600.5251
5819,987,955,32,2446,0,0,2446,955,590.2045
5820,987,955,32,2446,0,0,2446,955,590.2045
5821,987,955,32,2446,0,0,2446,955,590.2045
5822,987,955,32,2446,0,0,2446,955,590.2045
5823,987,955,32,2446,0,0,2446,955,590.2045
5824,987,955,32,2446,0,0,2446,955,590.2045
5825,987,956,31,2447,0,0,2447,956,590.2145
5826,987,956,31,2447,0,0,2447,956,590.2145
5827,987,956,31,2447,0,0,2447,956,590.2145
5828,987,956,31,2447,0,0,2447,956,590.2145
5829,987,956,31,2447,0,0,2447,956,590.2145
5830,987,956,31,2447,0,0,2447,956,590.2145
5831,987,956,31,2447,0,0,2447,956,590.2145
5832,987,956,31,2447,0,0,2447,956,590.2145
5833,987,956,31,2447,0,0,2447,956,590.2145
5834,987,956,31,2447,0,0,2447,956,590.2145
5835,987,956,31,2447,0,0,2447,956,590.2145
5836,987,956,31,2447,0,0,2447,956,590.2145
5837,987,956,31,2447,0,0,2447,956,590.2145
5838,987,956,31,2447,0,0,2447,956,590.2145
5839,987,956,31,2447,0,0,2447,956,590.2145
5840,987,956,31,2447,0,0,2447,956,590.2145
5841,987,956,31,2447,0,0,2447,956,590.2145
5842,987,956,31,2447,0,0,2447,956,590.2145
5843,987,956,31,2447,0,0,2447,956,590.2145
5844,987,956,31,2447,0,0,2447,956,590.2145
5845,987,956,31,2447,0,0,2447,956,590.2145
5846,987,956,31,2447,0,0,2447,956,590.2145
5847,987,956,31,2447,0,0,2447,956,590.2145
5848,987,956,31,2447,0,0,2447,956,590.2145
5849,987,956,31,2447,0,0,2447,956,590.2145
5850,987,956,31,2447,0,0,2447,956,590.2145
5851,987,956,31,2447,0,0,2447,956,590.2145
5852,987,956,31,2447,0,0,2447,956,590.2145
5853,987,956,31,2447,0,0,2447,956,590.2145
5854,987,956,31,2447,0,0,2447,956,590.2145
5855,988,957,31,2448,0,0,2448,957,587.8053
5856,988,958,30,2449,0,0,2449,958,588.3197
5857,988,958,30,2449,0,0,2449,958,588.3197
5858,988,959,29,2452,0,0,2452,959,588.7333
5859,988,959,29,2452,0,0,2452,959,588.7333
5860,988,959,29,2452,0,0,2452,959,588.7333
5861,988,959,29,2452,0,0,2452,959,588.7333
5862,988,959,29,2452,0,0,2452,959,588.7333
5863,988,960,28,2457,0,0,2457,960,588.8453
5864,989,960,29,2457,0,0,2457,960,588.8453
5865,989,960,29,2457,0,0,2457,960,588.8453
5866,989,960,29,2457,0,0,2457,960,588.8453
5867,989,960,29,2457,0,0,2457,960,588.8453
5868,989,960,29,2457,0,0,2457,960,588.8453
5869,989,960,29,2457,0,0,2457,960,588.8453
5870,989,960,29,2457,0,0,2457,960,588.8453
5871,989,960,29,2457,0,0,2457,960,588.8453
5872,989,960,29,2457,0,0,2457,960,588.8453
5873,989,960,29,2457,0,0,2457,960,588.8453
5874,989,960,29,2457,0,0,2457,960,588.8453
5875,989,960,29,2457,0,0,2457,960,588.8453
5876,989,960,29,2457,0,0,2457,960,588.8453
5877,989,960,29,2457,0,0,2457,960,588.8453
5878,989,960,29,2457,0,0,2457,960,588.8453
5879,989,960,29,2457,0,0,2457,960,588.8453
5880,989,960,29,2457,0,0,2457,960,588.8453
5881,989,960,29,2457,0,0,2457,960,588.8453
5882,989,960,29,2457,0,0,2457,960,588.8453
5883,989,960,29,2457,0,0,2457,960,588.8453
5884,989,960,29,2457,0,0,2457,960,588.8453
5885,989,960,29,2457,0,0,2457,960,588.8453
5886,989,960,29,2457,0,0,2457,960,588.8453
5887,989,960,29,2457,0,0,2457,960,588.8453
5888,989,960,29,2457,0,0,2457,960,588.8453
5889,989,960,29,2457,0,0,2457,960,588.8453
5890,989,960,29,2457,0,0,2457,960,588.8453
5891,989,960,29,2457,0,0,2457,960,588.8453
5892,989,960,29,2457,0,0,2457,960,588.8453
5893,989,960,29,2457,0,0,2457,960,588.8453
5894,989,960,29,2457,0,0,2457,960,588.8453
5895,989,960,29,2457,0,0,2457,960,588.8453
5896,989,960,29,2457,0,0,2457,960,588.8453
5897,989,960,29,2457,0,0,2457,960,588.8453
5898,989,960,29,2457,0,0,2457,960,588.8453
5899,989,961,28,2458,0,0,2458,961,585.862
5900,989,961,28,2458,0,0,2458,961,585.862
5901,989,961,28,2458,0,0,2458,961,585.862
5902,989,961,28,2458,0,0,2458,961,585.862
5903,989,961,28,2458,0,0,2458,961,585.862
5904,989,961,28,2458,0,0,2458,961,585.862
5905,989,961,28,2458,0,0,2458,961,585.862
5906,989,961,28,2458,0,0,2458,961,585.862
5907,989,961,28,2458,0,0,2458,961,585.862
5908,989,961,28,2458,0,0,2458,961,585.862
5909,989,961,28,2458,0,0,2458,961,585.862
5910,989,961,28,2458,0,0,2458,961,585.862
5911,989,961,28,2458,0,0,2458,961,585.862
5912,989,961,28,2458,0,0,2458,961,585.862
5913,989,961,28,2458,0,0,2458,961,585.862
5914,989,961,28,2458,0,0,2458,961,585.862
5915,989,961,28,2458,0,0,2458,961,585.862
5916,989,961,28,2458,0,0,2458,961,585.862
5917,989,961,28,2458,0,0,2458,961,585.862
5918,989,961,28,2458,0,0,2458,961,585.862
5919,989,961,28,2458,0,0,2458,961,585.862
5920,989,961,28,2458,0,0,2458,961,585.862
5921,989,961,28,2458,0,0,2458,961,585.862
5922,989,961,28,2458,0,0,2458,961,585.862
5923,989,961,28,2458,0,0,2458,961,585.862
5924,989,961,28,2458,0,0,2458,961,585.862
5925,989,961,28,2458,0,0,2458,961,585.862
5926,989,961,28,2458,0,0,2458,961,585.862
5927,989,961,28,2458,0,0,2458,961,585.862
5928,989,961,28,2458,0,0,2458,961,585.862
5929,989,961,28,2458,0,0,2458,961,585.862
5930,990,961,29,2458,0,0,2458,961,585.862
5931,990,961,29,2458,0,0,2458,961,585.862
5932,990,961,29,2458,0,0,2458,961,585.862
5933,990,961,29,2458,0,0,2458,961,585.862
5934,990,961,29,2458,0,0,2458,961,585.862
5935,990,961,29,2458,0,0,2458,961,585.862
5936,990,961,29,2458,0,0,2458,961,585.862
5937,990,961,29,2458,0,0,2458,961,585.862
5938,990,961,29,2458,0,0,2458,961,585.862
5939,990,961,29,2458,0,0,2458,961,585.862
5940,990,961,29,2458,0,0,2458,961,585.862
5941,990,961,29,2458,0,0,2458,961,585.862
5942,990,961,29,2458,0,0,2458,961,585.862
5943,990,961,29,2458,0,0,2458,961,585.862
5944,990,961,29,2458,0,0,2458,961,585.862
5945,990,961,29,2458,0,0,2458,961,585.862
5946,990,961,29,2458,0,0,2458,961,585.862
5947,990,961,29,2458,0,0,2458,961,585.862
5948,990,961,29,2458,0,0,2458,961,585.862
5949,990,961,29,2458,0,0,2458,961,585.862
5950,990,961,29,2458,0,0,2458,961,585.862
5951,990,961,29,2458,0,0,2458,961,585.862
5952,990,961,29,2458,0,0,2458,961,585.862
5953,990,961,29,2458,0,0,2458,961,585.862
5954,990,961,29,2458,0,0,2458,961,585.862
5955,990,961,29,2458,0,0,2458,961,585.862
5956,990,961,29,2458,0,0,2458,961,585.862
5957,990,961,29,2458,0,0,2458,961,585.862
5958,990,961,29,2458,0,0,2458,961,585.862
5959,990,961,29,2458,0,0,2458,961,585.862
5960,990,961,29,2458,0,0,2458,961,585.862
5961,990,961,29,2458,0,0,2458,961,585.862
5962,990,961,29,2458,0,0,2458,961,585.862
5963,990,961,29,2458,0,0,2458,961,585.862
5964,990,961,29,2458,0,0,2458,961,585.862
5965,990,961,29,2458,0,0,2458,961,585.862
5966,990,962,28,2459,0,0,2459,962,579.886
5967,990,963,27,2460,0,0,2460,963,580.3922
5968,990,963,27,2460,0,0,2460,963,580.3922
5969,990,963,27,2460,0,0,2460,963,580.3922
5970,990,963,27,2460,0,0,2460,963,580.3922
5971,990,963,27,2460,0,0,2460,963,580.3922
5972,990,963,27,2460,0,0,2460,963,580.3922
5973,990,963,27,2460,0,0,2460,963,580.3922
5974,990,963,27,2460,0,0,2460,963,580.3922
5975,990,963,27,2460,0,0,2460,963,580.3922
5976,990,963,27,2460,0,0,2460,963,580.3922
5977,990,963,27,2460,0,0,2460,963,580.3922
5978,990,963,27,2460,0,0,2460,963,580.3922
5979,990,963,27,2460,0,0,2460,963,580.3922
5980,990,963,27,2460,0,0,2460,963,580.3922
5981,990,963,27,2460,0,0,2460,963,580.3922
5982,990,963,27,2460,0,0,2460,963,580.3922
5983,990,963,27,2460,0,0,2460,963,580.3922
5984,990,963,27,2460,0,0,2460,963,580.3922
5985,990,963,27,2460,0,0,2460,963,580.3922
5986,990,963,27,2460,0,0,2460,963,580.3922
5987,990,963,27,2460,0,0,2460,963,580.3922
5988,990,963,27,2460,0,0,2460,963,580.3922
5989,990,963,27,2460,0,0,2460,963,580.3922
5990,990,963,27,2460,0,0,2460,963,580.3922
5991,990,963,27,2460,0,0,2460,963,580.3922
5992,990,963,27,2460,0,0,2460,963,580.3922
5993,990,964,26,2461,0,0,2461,964,578.4749
5994,990,964,26,2461,0,0,2461,964,578.4749
5995,990,964,26,2461,0,0,2461,964,578.4749
5996,990,964,26,2461,0,0,2461,964,578.4749
5997,990,964,26,2461,0,0,2461,964,578.4749
5998,990,964,26,2461,0,0,2461,964,578.4749
5999,990,965,25,2463,0,0,2463,965,578.4964
6000,990,965,25,2463,0,0,2463,965,578.4964
6001,990,966,24,2468,0,0,2468,966,578.9035
6002,991,966,25,2468,0,0,2468,966,578.9035
6003,991,966,25,2468,0,0,2468,966,578.9035
6004,991,966,25,2468,0,0,2468,966,578.9035
6005,991,966,25,2468,0,0,2468,966,578.9035
6006,991,966,25,2468,0,0,2468,966,578.9035
6007,991,966,25,2468,0,0,2468,966,578.9035
6008,991,966,25,2468,0,0,2468,966,578.9035
6009,991,966,25,2468,0,0,2468,966,578.9035
6010,991,966,25,2468,0,0,2468,966,578.9035
6011,991,966,25,2468,0,0,2468,966,578.9035
6012,991,966,25,2468,0,0,2468,966,578.9035
6013,991,966,25,2468,0,0,2468,966,578.9035
6014,991,966,25,2468,0,0,2468,966,578.9035
6015,991,966,25,2468,0,0,2468,966,578.9035
6016,991,966,25,2468,0,0,2468,966,578.9035
6017,991,966,25,2468,0,0,2468,966,578.9035
6018,991,966,25,2468,0,0,2468,966,578.9035
6019,991,966,25,2468,0,0,2468,966,578.9035
6020,991,966,25,2468,0,0,2468,966,578.9035
6021,991,966,25,2468,0,0,2468,966,578.9035
6022,991,966,25,2468,0,0,2468,966,578.9035
6023,991,966,25,2468,0,0,2468,966,578.9035
6024,991,966,25,2468,0,0,2468,966,578.9035
6025,991,966,25,2468,0,0,2468,966,578.9035
6026,991,966,25,2468,0,0,2468,966,578.9035
6027,991,966,25,2468,0,0,2468,966,578.9035
6028,991,966,25,2468,0,0,2468,966,578.9035
6029,991,966,25,2468,0,0,2468,966,578.9035
6030,991,966,25,2468,0,0,2468,966,578.9035
6031,991,966,25,2468,0,0,2468,966,578.9035
6032,991,966,25,2468,0,0,2468,966,578.9035
6033,991,966,25,2468,0,0,2468,966,578.9035
6034,991,966,25,2468,0,0,2468,966,578.9035
6035,991,966,25,2468,0,0,2468,966,578.9035
6036,991,966,25,2468,0,0,2468,966,578.9035
6037,991,967,24,2469,0,0,2469,967,576.0477
6038,991,967,24,2469,0,0,2469,967,576.0477
6039,991,967,24,2469,0,0,2469,967,576.0477
6040,991,967,24,2469,0,0,2469,967,576.0477
6041,991,967,24,2469,0,0,2469,967,576.0477
6042,991,967,24,2469,0,0,2469,967,576.0477
6043,991,967,24,2469,0,0,2469,967,576.0477
6044,991,967,24,2469,0,0,2469,967,576.0477
6045,991,967,24,2469,0,0,2469,967,576.0477
6046,991,967,24,2469,0,0,2469,967,576.0477
6047,991,967,24,2469,0,0,2469,967,576.0477
6048,991,967,24,2469,0,0,2469,967,576.0477
6049,991,967,24,2469,0,0,2469,967,576.0477
6050,991,967,24,2469,0,0,2469,967,576.0477
6051,991,967,24,2469,0,0,2469,967,576.0477
6052,991,967,24,2469,0,0,2469,967,576.0477
6053,991,967,24,2469,0,0,2469,967,576.0477
6054,991,967,24,2469,0,0,2469,967,576.0477
6055,991,967,24,2469,0,0,2469,967,576.0477
6056,991,967,24,2469,0,0,2469,967,576.0477
6057,991,967,24,2469,0,0,2469,967,576.0477
6058,991,967,24,2469,0,0,2469,967,576.0477
6059,991,967,24,2469,0,0,2469,967,576.0477
6060,991,967,24,2469,0,0,2469,967,576.0477
6061,991,967,24,2469,0,0,2469,967,576.0477
6062,991,967,24,2469,0,0,2469,967,576.0477
6063,991,967,24,2469,0,0,2469,967,576.0477
6064,991,967,24,2469,0,0,2469,967,576.0477
6065,991,967,24,2469,0,0,2469,967,576.0477
6066,991,967,24,2469,0,0,2469,967,576.0477
6067,991,967,24,2469,0,0,2469,967,576.0477
6068,991,967,24,2469,0,0,2469,967,576.0477
6069,991,967,24,2469,0,0,2469,967,576.0477
6070,991,967,24,2469,0,0,2469,967,576.0477
6071,991,967,24,2469,0,0,2469,967,576.0477
6072,991,967,24,2469,0,0,2469,967,576.0477
6073,991,967,24,2469,0,0,2469,967,576.0477
6074,991,967,24,2469,0,0,2469,967,576.0477
6075,991,967,24,2469,0,0,2469,967,576.0477
6076,991,967,24,2469,0,0,2469,967,576.0477
6077,991,967,24,2469,0,0,2469,967,576.0477
6078,991,967,24,2469,0,0,2469,967,576.0477
6079,991,967,24,2469,0,0,2469,967,576.0477
6080,991,967,24,2469,0,0,2469,967,576.0477
6081,991,967,24,2469,0,0,2469,967,576.0477
6082,991,967,24,2469,0,0,2469,967,576.0477
6083,991,967,24,2469,0,0,2469,967,576.0477
6084,991,967,24,2469,0,0,2469,967,576.0477
6085,991,967,24,2469,0,0,2469,967,576.0477
6086,991,967,24,2469,0,0,2469,967,576.0477
6087,991,967,24,2469,0,0,2469,967,576.0477
6088,991,967,24,2469,0,0,2469,967,576.0477
6089,991,967,24,2469,0,0,2469,967,576.0477
6090,991,967,24,2469,0,0,2469,967,576.0477
6091,991,967,24,2469,0,0,2469,967,576.0477
6092,991,967,24,2469,0,0,2469,967,576.0477
6093,992,967,25,2469,0,0,2469,967,576.0477
6094,992,967,25,2469,0,0,2469,967,576.0477
6095,992,967,25,2469,0,0,2469,967,576.0477
6096,992,967,25,2469,0,0,2469,967,576.0477
6097,992,967,25,2469,0,0,2469,967,576.0477
6098,992,967,25,2469,0,0,2469,967,576.0477
6099,992,967,25,2469,0,0,2469,967,576.0477
6100,992,967,25,2469,0,0,2469,967,576.0477
6101,992,967,25,2469,0,0,2469,967,576.0477
6102,992,967,25,2469,0,0,2469,967,576.0477
6103,992,967,25,2469,0,0,2469,967,576.0477
6104,992,967,25,2469,0,0,2469,967,576.0477
6105,992,967,25,2469,0,0,2469,967,576.0477
6106,992,967,25,2469,0,0,2469,967,576.0477
6107,992,967,25,2469,0,0,2469,967,576.0477
6108,992,967,25,2469,0,0,2469,967,576.0477
6109,992,967,25,2469,0,0,2469,967,576.0477
6110,992,968,24,2474,0,0,2474,968,569.7545
6111,993,968,25,2474,0,0,2474,968,569.7545
6112,993,968,25,2474,0,0,2474,968,569.7545
6113,993,968,25,2474,0,0,2474,968,569.7545
6114,993,968,25,2474,0,0,2474,968,569.7545
6115,993,968,25,2474,0,0,2474,968,569.7545
6116,993,968,25,2474,0,0,2474,968,569.7545
6117,993,968,25,2474,0,0,2474,968,569.7545
6118,993,968,25,2474,0,0,2474,968,569.7545
6119,993,968,25,2474,0,0,2474,968,569.7545
6120,993,968,25,2474,0,0,2474,968,569.7545
6121,993,968,25,2474,0,0,2474,968,569.7545
6122,993,968,25,2474,0,0,2474,968,569.7545
6123,993,968,25,2474,0,0,2474,968,569.7545
6124,993,968,25,2474,0,0,2474,968,569.7545
6125,993,968,25,2474,0,0,2474,968,569.7545
6126,993,968,25,2474,0,0,2474,968,569.7545
6127,993,968,25,2474,0,0,2474,968,569.7545
6128,993,968,25,2474,0,0,2474,968,569.7545
6129,993,968,25,2474,0,0,2474,968,569.7545
6130,993,968,25,2474,0,0,2474,968,569.7545
6131,993,968,25,2474,0,0,2474,968,569.7545
6132,993,968,25,2474,0,0,2474,968,569.7545
6133,993,968,25,2474,0,0,2474,968,569.7545
6134,993,968,25,2474,0,0,2474,968,569.7545
6135,993,968,25,2474,0,0,2474,968,569.7545
6136,993,968,25,2474,0,0,2474,968,569.7545
6137,993,968,25,2474,0,0,2474,968,569.7545
6138,993,968,25,2474,0,0,2474,968,569.7545
6139,993,968,25,2474,0,0,2474,968,569.7545
6140,993,968,25,2474,0,0,2474,968,569.7545
6141,993,968,25,2474,0,0,2474,968,569.7545
6142,993,968,25,2474,0,0,2474,968,569.7545
6143,993,968,25,2474,0,0,2474,968,569.7545
6144,993,968,25,2474,0,0,2474,968,569.7545
6145,993,968,25,2474,0,0,2474,968,569.7545
6146,993,968,25,2474,0,0,2474,968,569.7545
6147,993,968,25,2474,0,0,2474,968,569.7545
6148,993,968,25,2474,0,0,2474,968,569.7545
6149,993,968,25,2474,0,0,2474,968,569.7545
6150,993,968,25,2474,0,0,2474,968,569.7545
6151,993,968,25,2474,0,0,2474,968,569.7545
6152,993,968,25,2474,0,0,2474,968,569.7545
6153,993,968,25,2474,0,0,2474,968,569.7545
6154,993,968,25,2474,0,0,2474,968,569.7545
6155,993,968,25,2474,0,0,2474,968,569.7545
6156,993,968,25,2474,0,0,2474,968,569.7545
6157,993,968,25,2474,0,0,2474,968,569.7545
6158,993,968,25,2474,0,0,2474,968,569.7545
6159,993,968,25,2474,0,0,2474,968,569.7545
6160,993,968,25,2474,0,0,2474,968,569.7545
6161,993,968,25,2474,0,0,2474,968,569.7545
6162,993,968,25,2474,0,0,2474,968,569.7545
6163,993,968,25,2474,0,0,2474,968,569.7545
6164,993,968,25,2474,0,0,2474,968,569.7545
6165,993,968,25,2474,0,0,2474,968,569.7545
6166,993,968,25,2474,0,0,2474,968,569.7545
6167,993,968,25,2474,0,0,2474,968,569.7545
6168,993,968,25,2474,0,0,2474,968,569.7545
6169,993,968,25,2474,0,0,2474,968,569.7545
6170,993,968,25,2474,0,0,2474,968,569.7545
6171,993,968,25,2474,0,0,2474,968,569.7545
6172,993,968,25,2474,0,0,2474,968,569.7545
6173,993,968,25,2474,0,0,2474,968,569.7545
6174,993,968,25,2474,0,0,2474,968,569.7545
6175,993,968,25,2474,0,0,2474,968,569.7545
6176,993,968,25,2474,0,0,2474,968,569.7545
6177,993,968,25,2474,0,0,2474,968,569.7545
6178,993,968,25,2474,0,0,2474,968,569.7545
6179,993,968,25,2474,0,0,2474,968,569.7545
6180,993,968,25,2474,0,0,2474,968,569.7545
6181,993,968,25,2474,0,0,2474,968,569.7545
6182,993,968,25,2474,0,0,2474,968,569.7545
6183,993,968,25,2474,0,0,2474,968,569.7545
6184,993,968,25,2474,0,0,2474,968,569.7545
6185,993,968,25,2474,0,0,2474,968,569.7545
6186,993,968,25,2474,0,0,2474,968,569.7545
6187,993,968,25,2474,0,0,2474,968,569.7545
6188,993,968,25,2474,0,0,2474,968,569.7545
6189,993,968,25,2474,0,0,2474,968,569.7545
6190,993,968,25,2474,0,0,2474,968,569.7545
6191,993,968,25,2474,0,0,2474,968,569.7545
6192,994,968,26,2474,0,0,2474,968,569.7545
6193,994,968,26,2474,0,0,2474,968,569.7545
6194,994,968,26,2474,0,0,2474,968,569.7545
6195,995,968,27,2474,0,0,2474,968,569.7545
6196,995,968,27,2474,0,0,2474,968,569.7545
6197,995,968,27,2474,0,0,2474,968,569.7545
6198,995,968,27,2474,0,0,2474,968,569.7545
6199,995,968,27,2474,0,0,2474,968,569.7545
6200,995,968,27,2474,0,0,2474,968,569.7545
6201,995,968,27,2474,0,0,2474,968,569.7545
6202,995,968,27,2474,0,0,2474,968,569.7545
6203,995,968,27,2474,0,0,2474,968,569.7545
6204,995,968,27,2474,0,0,2474,968,569.7545
6205,995,968,27,2474,0,0,2474,968,569.7545
6206,995,968,27,2474,0,0,2474,968,569.7545
6207,995,968,27,2474,0,0,2474,968,569.7545
6208,995,968,27,2474,0,0,2474,968,569.7545
6209,995,968,27,2474,0,0,2474,968,569.7545
6210,995,968,27,2474,0,0,2474,968,569.7545
6211,995,968,27,2474,0,0,2474,968,569.7545
6212,995,968,27,2474,0,0,2474,968,569.7545
6213,995,968,27,2474,0,0,2474,968,569.7545
6214,995,968,27,2474,0,0,2474,968,569.7545
6215,995,969,26,2477,0,0,2477,969,560.7079
6216,995,969,26,2477,0,0,2477,969,560.7079
6217,995,970,25,2478,0,0,2478,970,561.1066
6218,995,971,24,2482,0,0,2482,971,561.5953
6219,995,972,23,2483,0,0,2483,972,562.0839
6220,996,972,24,2483,0,0,2483,972,562.0839
6221,996,973,23,2484,0,0,2484,973,562.4819
6222,996,973,23,2484,0,0,2484,973,562.4819
6223,996,973,23,2484,0,0,2484,973,562.4819
6224,996,973,23,2484,0,0,2484,973,562.4819
6225,996,973,23,2484,0,0,2484,973,562.4819
6226,996,973,23,2484,0,0,2484,973,562.4819
6227,996,973,23,2484,0,0,2484,973,562.4819
6228,996,973,23,2484,0,0,2484,973,562.4819
6229,996,973,23,2484,0,0,2484,973,562.4819
6230,997,973,24,2484,0,0,2484,973,562.4819
6231,997,973,24,2484,0,0,2484,973,562.4819
6232,997,973,24,2484,0,0,2484,973,562.4819
6233,997,973,24,2484,0,0,2484,973,562.4819
6234,997,973,24,2484,0,0,2484,973,562.4819
6235,997,973,24,2484,0,0,2484,973,562.4819
6236,997,973,24,2484,0,0,2484,973,562.4819
6237,997,973,24,2484,0,0,2484,973,562.4819
6238,999,973,26,2484,0,0,2484,973,562.4819
6239,999,973,26,2484,0,0,2484,973,562.4819
6240,999,973,26,2484,0,0,2484,973,562.4819
6241,999,973,26,2484,0,0,2484,973,562.4819
6242,999,973,26,2484,0,0,2484,973,562.4819
6243,1000,973,27,2484,0,0,2484,973,562.4819
6244,1000,973,27,2484,0,0,2484,973,562.4819
6245,1000,973,27,2484,0,0,2484,973,562.4819
6246,1000,973,27,2484,0,0,2484,973,562.4819
6247,1000,973,27,2484,0,0,2484,973,562.4819
6248,1000,973,27,2484,0,0,2484,973,562.4819
6249,1000,973,27,2484,0,0,2484,973,562.4819
6250,1000,973,27,2484,0,0,2484,973,562.4819
6251,1000,973,27,2484,0,0,2484,973,562.4819
6252,1000,973,27,2484,0,0,2484,973,562.4819
6253,1000,973,27,2484,0,0,2484,973,562.4819
6254,1000,973,27,2484,0,0,2484,973,562.4819
6255,1000,973,27,2484,0,0,2484,973,562.4819
6256,1000,973,27,2484,0,0,2484,973,562.4819
6257,1000,973,27,2484,0,0,2484,973,562.4819
6258,1000,973,27,2484,0,0,2484,973,562.4819
6259,1000,973,27,2484,0,0,2484,973,562.4819
6260,1000,973,27,2484,0,0,2484,973,562.4819
6261,1000,973,27,2484,0,0,2484,973,562.4819
6262,1000,973,27,2484,0,0,2484,973,562.4819
6263,1000,973,27,2484,0,0,2484,973,562.4819
6264,1000,973,27,2484,0,0,2484,973,562.4819
6265,1000,973,27,2484,0,0,2484,973,562.4819
6266,1000,973,27,2484,0,0,2484,973,562.4819
6267,1000,973,27,2484,0,0,2484,973,562.4819
6268,1000,973,27,2484,0,0,2484,973,562.4819
6269,1000,973,27,2484,0,0,2484,973,562.4819
6270,1000,973,27,2484,0,0,2484,973,562.4819
6271,1000,973,27,2484,0,0,2484,973,562.4819
6272,1000,973,27,2484,0,0,2484,973,562.4819
6273,1000,974,26,2486,0,0,2486,974,558.3931
6274,1000,974,26,2486,0,0,2486,974,558.3931
6275,1000,974,26,2486,0,0,2486,974,558.3931
6276,1000,974,26,2486,0,0,2486,974,558.3931
6277,1000,974,26,2486,0,0,2486,974,558.3931
6278,1000,974,26,2486,0,0,2486,974,558.3931
6279,1000,974,26,2486,0,0,2486,974,558.3931
6280,1000,974,26,2486,0,0,2486,974,558.3931
6281,1000,974,26,2486,0,0,2486,974,558.3931
6282,1000,974,26,2486,0,0,2486,974,558.3931
6283,1000,974,26,2486,0,0,2486,974,558.3931
6284,1000,974,26,2486,0,0,2486,974,558.3931
6285,1000,974,26,2486,0,0,2486,974,558.3931
6286,1000,974,26,2486,0,0,2486,974,558.3931
6287,1000,974,26,2486,0,0,2486,974,558.3931
6288,1000,974,26,2486,0,0,2486,974,558.3931
6289,1000,974,26,2486,0,0,2486,974,558.3931
6290,1000,974,26,2486,0,0,2486,974,558.3931
6291,1000,974,26,2486,0,0,2486,974,558.3931
6292,1000,974,26,2486,0,0,2486,974,558.3931
6293,1000,974,26,2486,0,0,2486,974,558.3931
6294,1000,974,26,2486,0,0,2486,974,558.3931
6295,1000,974,26,2486,0,0,2486,974,558.3931
6296,1000,974,26,2486,0,0,2486,974,558.3931
6297,1000,974,26,2486,0,0,2486,974,558.3931
6298,1000,974,26,2486,0,0,2486,974,558.3931
6299,1000,974,26,2486,0,0,2486,974,558.3931
6300,1000,974,26,2486,0,0,2486,974,558.3931
6301,1000,974,26,2486,0,0,2486,974,558.3931
6302,1000,974,26,2486,0,0,2486,974,558.3931
6303,1000,974,26,2486,0,0,2486,974,558.3931
6304,1000,974,26,2486,0,0,2486,974,558.3931
6305,1000,974,26,2486,0,0,2486,974,558.3931
6306,1000,974,26,2486,0,0,2486,974,558.3931
6307,1000,974,26,2486,0,0,2486,974,558.3931
6308,1000,974,26,2486,0,0,2486,974,558.3931
6309,1000,974,26,2486,0,0,2486,974,558.3931
6310,1000,974,26,2486,0,0,2486,974,558.3931
6311,1000,974,26,2486,0,0,2486,974,558.3931
6312,1000,974,26,2486,0,0,2486,974,558.3931
6313,1000,974,26,2486,0,0,2486,974,558.3931
6314,1000,974,26,2486,0,0,2486,974,558.3931
6315,1000,974,26,2486,0,0,2486,974,558.3931
6316,1000,974,26,2486,0,0,2486,974,558.3931
6317,1000,974,26,2486,0,0,2486,974,558.3931
6318,1000,974,26,2486,0,0,2486,974,558.3931
6319,1000,974,26,2486,0,0,2486,974,558.3931
6320,1000,974,26,2486,0,0,2486,974,558.3931
6321,1000,974,26,2486,0,0,2486,974,558.3931
6322,1000,974,26,2486,0,0,2486,974,558.3931
6323,1000,974,26,2486,0,0,2486,974,558.3931
6324,1000,975,25,2490,0,0,2490,975,554.4592
6325,1000,975,25,2490,0,0,2490,975,554.4592
6326,1000,975,25,2490,0,0,2490,975,554.4592
6327,1000,975,25,2490,0,0,2490,975,554.4592
6328,1000,975,25,2490,0,0,2490,975,554.4592
6329,1000,975,25,2490,0,0,2490,975,554.4592
6330,1000,975,25,2490,0,0,2490,975,554.4592
6331,1000,976,24,2494,0,0,2494,976,554.4148
6332,1000,976,24,2494,0,0,2494,976,554.4148
6333,1000,976,24,2494,0,0,2494,976,554.4148
6334,1000,976,24,2494,0,0,2494,976,554.4148
6335,1000,976,24,2494,0,0,2494,976,554.4148
6336,1000,976,24,2494,0,0,2494,976,554.4148
6337,1000,976,24,2494,0,0,2494,976,554.4148
6338,1000,976,24,2494,0,0,2494,976,554.4148
6339,1000,976,24,2494,0,0,2494,976,554.4148
6340,1000,976,24,2494,0,0,2494,976,554.4148
6341,1000,976,24,2494,0,0,2494,976,554.4148
6342,1000,976,24,2494,0,0,2494,976,554.4148
6343,1000,976,24,2494,0,0,2494,976,554.4148
6344,1000,976,24,2494,0,0,2494,976,554.4148
6345,1000,976,24,2494,0,0,2494,976,554.4148
6346,1000,976,24,2494,0,0,2494,976,554.4148
6347,1000,976,24,2494,0,0,2494,976,554.4148
6348,1000,976,24,2494,0,0,2494,976,554.4148
6349,1000,976,24,2494,0,0,2494,976,554.4148
6350,1000,976,24,2494,0,0,2494,976,554.4148
6351,1000,976,24,2494,0,0,2494,976,554.4148
6352,1000,976,24,2494,0,0,2494,976,554.4148
6353,1000,976,24,2494,0,0,2494,976,554.4148
6354,1000,976,24,2494,0,0,2494,976,554.4148
6355,1000,976,24,2494,0,0,2494,976,554.4148
6356,1000,976,24,2494,0,0,2494,976,554.4148
6357,1000,976,24,2494,0,0,2494,976,554.4148
6358,1000,976,24,2494,0,0,2494,976,554.4148
6359,1000,976,24,2494,0,0,2494,976,554.4148
6360,1000,977,23,2495,0,0,2495,977,552.4528
6361,1000,977,23,2495,0,0,2495,977,552.4528
6362,1000,977,23,2495,0,0,2495,977,552.4528
6363,1000,977,23,2495,0,0,2495,977,552.4528
6364,1000,978,22,2497,0,0,2497,978,552.6713
6365,1000,978,22,2497,0,0,2497,978,552.6713
6366,1000,978,22,2497,0,0,2497,978,552.6713
6367,1000,978,22,2497,0,0,2497,978,552.6713
6368,1000,979,21,2499,0,0,2499,979,552.8894
6369,1000,979,21,2499,0,0,2499,979,552.8894
6370,1000,979,21,2499,0,0,2499,979,552.8894
6371,1000,979,21,2499,0,0,2499,979,552.8894
6372,1000,979,21,2499,0,0,2499,979,552.8894
6373,1000,979,21,2499,0,0,2499,979,552.8894
6374,1000,979,21,2499,0,0,2499,979,552.8894
6375,1000,979,21,2499,0,0,2499,979,552.8894
6376,1000,979,21,2499,0,0,2499,979,552.8894
6377,1000,979,21,2499,0,0,2499,979,552.8894
6378,1000,979,21,2499,0,0,2499,979,552.8894
6379,1000,979,21,2499,0,0,2499,979,552.8894
6380,1000,979,21,2499,0,0,2499,979,552.8894
6381,1000,979,21,2499,0,0,2499,979,552.8894
6382,1000,979,21,2499,0,0,2499,979,552.8894
6383,1000,979,21,2499,0,0,2499,979,552.8894
6384,1000,979,21,2499,0,0,2499,979,552.8894
6385,1000,979,21,2499,0,0,2499,979,552.8894
6386,1000,979,21,2499,0,0,2499,979,552.8894
6387,1000,979,21,2499,0,0,2499,979,552.8894
6388,1000,979,21,2499,0,0,2499,979,552.8894
6389,1000,979,21,2499,0,0,2499,979,552.8894
6390,1000,979,21,2499,0,0,2499,979,552.8894
6391,1000,979,21,2499,0,0,2499,979,552.8894
6392,1000,979,21,2499,0,0,2499,979,552.8894
6393,1000,979,21,2499,0,0,2499,979,552.8894
6394,1000,979,21,2499,0,0,2499,979,552.8894
6395,1000,979,21,2499,0,0,2499,979,552.8894
6396,1000,979,21,2499,0,0,2499,979,552.8894
6397,1000,979,21,2499,0,0,2499,979,552.8894
6398,1000,979,21,2499,0,0,2499,979,552.8894
6399,1000,979,21,2499,0,0,2499,979,552.8894
6400,1000,979,21,2499,0,0,2499,979,552.8894
6401,1000,979,21,2499,0,0,2499,979,552.8894
6402,1000,979,21,2499,0,0,2499,979,552.8894
6403,1000,979,21,2499,0,0,2499,979,552.8894
6404,1000,979,21,2499,0,0,2499,979,552.8894
6405,1000,979,21,2499,0,0,2499,979,552.8894
6406,1000,979,21,2499,0,0,2499,979,552.8894
6407,1000,979,21,2499,0,0,2499,979,552.8894
6408,1000,979,21,2499,0,0,2499,979,552.8894
6409,1000,979,21,2499,0,0,2499,979,552.8894
6410,1000,979,21,2499,0,0,2499,979,552.8894
6411,1000,979,21,2499,0,0,2499,979,552.8894
6412,1000,979,21,2499,0,0,2499,979,552.8894
6413,1000,979,21,2499,0,0,2499,979,552.8894
6414,1000,979,21,2499,0,0,2499,979,552.8894
6415,1000,979,21,2499,0,0,2499,979,552.8894
6416,1000,979,21,2499,0,0,2499,979,552.8894
6417,1000,979,21,2499,0,0,2499,979,552.8894
6418,1000,979,21,2499,0,0,2499,979,552.8894
6419,1000,979,21,2499,0,0,2499,979,552.8894
6420,1000,979,21,2499,0,0,2499,979,552.8894
6421,1000,979,21,2499,0,0,2499,979,552.8894
6422,1000,979,21,2499,0,0,2499,979,552.8894
6423,1000,979,21,2499,0,0,2499,979,552.8894
6424,1000,979,21,2499,0,0,2499,979,552.8894
6425,1000,979,21,2499,0,0,2499,979,552.8894
6426,1000,979,21,2499,0,0,2499,979,552.8894
6427,1000,979,21,2499,0,0,2499,979,552.8894
6428,1000,979,21,2499,0,0,2499,979,552.8894
6429,1000,979,21,2499,0,0,2499,979,552.8894
6430,1000,979,21,2499,0,0,2499,979,552.8894
6431,1000,979,21,2499,0,0,2499,979,552.8894
6432,1000,979,21,2499,0,0,2499,979,552.8894
6433,1000,979,21,2499,0,0,2499,979,552.8894
6434,1000,979,21,2499,0,0,2499,979,552.8894
6435,1000,979,21,2499,0,0,2499,979,552.8894
6436,1000,979,21,2499,0,0,2499,979,552.8894
6437,1000,979,21,2499,0,0,2499,979,552.8894
6438,1000,979,21,2499,0,0,2499,979,552.8894
6439,1000,979,21,2499,0,0,2499,979,552.8894
6440,1000,979,21,2499,0,0,2499,979,552.8894
6441,1000,979,21,2499,0,0,2499,979,552.8894
6442,1000,979,21,2499,0,0,2499,979,552.8894
6443,1000,979,21,2499,0,0,2499,979,552.8894
6444,1000,979,21,2499,0,0,2499,979,552.8894
6445,1000,979,21,2499,0,0,2499,979,552.8894
6446,1000,979,21,2499,0,0,2499,979,552.8894
6447,1000,979,21,2499,0,0,2499,979,552.8894
6448,1000,979,21,2499,0,0,2499,979,552.8894
6449,1000,979,21,2499,0,0,2499,979,552.8894
6450,1000,979,21,2499,0,0,2499,979,552.8894
6451,1000,979,21,2499,0,0,2499,979,552.8894
6452,1000,979,21,2499,0,0,2499,979,552.8894
6453,1000,979,21,2499,0,0,2499,979,552.8894
6454,1000,979,21,2499,0,0,2499,979,552.8894
6455,1000,979,21,2499,0,0,2499,979,552.8894
6456,1000,979,21,2499,0,0,2499,979,552.8894
6457,1000,979,21,2499,0,0,2499,979,552.8894
6458,1000,979,21,2499,0,0,2499,979,552.8894
6459,1000,979,21,2499,0,0,2499,979,552.8894
6460,1000,979,21,2499,0,0,2499,979,552.8894
6461,1000,979,21,2499,0,0,2499,979,552.8894
6462,1000,979,21,2499,0,0,2499,979,552.8894
6463,1000,979,21,2499,0,0,2499,979,552.8894
6464,1000,979,21,2499,0,0,2499,979,552.8894
6465,1000,979,21,2499,0,0,2499,979,552.8894
6466,1000,979,21,2499,0,0,2499,979,552.8894
6467,1000,979,21,2499,0,0,2499,979,552.8894
6468,1000,979,21,2499,0,0,2499,979,552.8894
6469,1000,979,21,2499,0,0,2499,979,552.8894
6470,1000,980,20,2500,0,0,2500,980,544.7295
6471,1000,981,19,2502,0,0,2502,981,545.2017
6472,1000,981,19,2502,0,0,2502,981,545.2017
6473,1000,981,19,2502,0,0,2502,981,545.2017
6474,1000,982,18,2505,0,0,2505,982,545.5051
6475,1000,982,18,2505,0,0,2505,982,545.5051
6476,1000,982,18,2505,0,0,2505,982,545.5051
6477,1000,982,18,2505,0,0,2505,982,545.5051
6478,1000,982,18,2505,0,0,2505,982,545.5051
6479,1000,982,18,2505,0,0,2505,982,545.5051
6480,1000,982,18,2505,0,0,2505,982,545.5051
6481,1000,982,18,2505,0,0,2505,982,545.5051
6482,1000,982,18,2505,0,0,2505,982,545.5051
6483,1000,982,18,2505,0,0,2505,982,545.5051
6484,1000,982,18,2505,0,0,2505,982,545.5051
6485,1000,982,18,2505,0,0,2505,982,545.5051
6486,1000,982,18,2505,0,0,2505,982,545.5051
6487,1000,982,18,2505,0,0,2505,982,545.5051
6488,1000,982,18,2505,0,0,2505,982,545.5051
6489,1000,982,18,2505,0,0,2505,982,545.5051
6490,1000,982,18,2505,0,0,2505,982,545.5051
6491,1000,982,18,2505,0,0,2505,982,545.5051
6492,1000,982,18,2505,0,0,2505,982,545.5051
6493,1000,982,18,2505,0,0,2505,982,545.5051
6494,1000,982,18,2505,0,0,2505,982,545.5051
6495,1000,982,18,2505,0,0,2505,982,545.5051
6496,1000,982,18,2505,0,0,2505,982,545.5051
6497,1000,982,18,2505,0,0,2505,982,545.5051
6498,1000,982,18,2505,0,0,2505,982,545.5051
6499,1000,982,18,2505,0,0,2505,982,545.5051
6500,1000,982,18,2505,0,0,2505,982,545.5051
6501,1000,982,18,2505,0,0,2505,982,545.5051
6502,1000,982,18,2505,0,0,2505,982,545.5051
6503,1000,983,17,2508,0,0,2508,983,543.626
6504,1000,983,17,2508,0,0,2508,983,543.626
6505,1000,984,16,2509,0,0,2509,984,544.0123
6506,1000,984,16,2509,0,0,2509,984,544.0123
6507,1000,984,16,2509,0,0,2509,984,544.0123
6508,1000,984,16,2509,0,0,2509,984,544.0123
6509,1000,985,15,2512,0,0,2512,985,544.231
6510,1000,985,15,2512,0,0,2512,985,544.231
6511,1000,985,15,2512,0,0,2512,985,544.231
6512,1000,985,15,2512,0,0,2512,985,544.231
6513,1000,985,15,2512,0,0,2512,985,544.231
6514,1000,985,15,2512,0,0,2512,985,544.231
6515,1000,985,15,2512,0,0,2512,985,544.231
6516,1000,985,15,2512,0,0,2512,985,544.231
6517,1000,985,15,2512,0,0,2512,985,544.231
6518,1000,985,15,2512,0,0,2512,985,544.231
6519,1000,985,15,2512,0,0,2512,985,544.231
6520,1000,985,15,2512,0,0,2512,985,544.231
6521,1000,985,15,2512,0,0,2512,985,544.231
6522,1000,985,15,2512,0,0,2512,985,544.231
6523,1000,985,15,2512,0,0,2512,985,544.231
6524,1000,985,15,2512,0,0,2512,985,544.231
6525,1000,985,15,2512,0,0,2512,985,544.231
6526,1000,985,15,2512,0,0,2512,985,544.231
6527,1000,985,15,2512,0,0,2512,985,544.231
6528,1000,985,15,2512,0,0,2512,985,544.231
6529,1000,985,15,2512,0,0,2512,985,544.231
6530,1000,985,15,2512,0,0,2512,985,544.231
6531,1000,985,15,2512,0,0,2512,985,544.231
6532,1000,985,15,2512,0,0,2512,985,544.231
6533,1000,985,15,2512,0,0,2512,985,544.231
6534,1000,985,15,2512,0,0,2512,985,544.231
6535,1000,985,15,2512,0,0,2512,985,544.231
6536,1000,985,15,2512,0,0,2512,985,544.231
6537,1000,985,15,2512,0,0,2512,985,544.231
6538,1000,985,15,2512,0,0,2512,985,544.231
6539,1000,985,15,2512,0,0,2512,985,544.231
6540,1000,985,15,2512,0,0,2512,985,544.231
6541,1000,985,15,2512,0,0,2512,985,544.231
6542,1000,985,15,2512,0,0,2512,985,544.231
6543,1000,985,15,2512,0,0,2512,985,544.231
6544,1000,985,15,2512,0,0,2512,985,544.231
6545,1000,985,15,2512,0,0,2512,985,544.231
6546,1000,985,15,2512,0,0,2512,985,544.231
6547,1000,985,15,2512,0,0,2512,985,544.231
6548,1000,985,15,2512,0,0,2512,985,544.231
6549,1000,985,15,2512,0,0,2512,985,544.231
6550,1000,985,15,2512,0,0,2512,985,544.231
6551,1000,985,15,2512,0,0,2512,985,544.231
6552,1000,985,15,2512,0,0,2512,985,544.231
6553,1000,985,15,2512,0,0,2512,985,544.231
6554,1000,985,15,2512,0,0,2512,985,544.231
6555,1000,985,15,2512,0,0,2512,985,544.231
6556,1000,985,15,2512,0,0,2512,985,544.231
6557,1000,985,15,2512,0,0,2512,985,544.231
6558,1000,985,15,2512,0,0,2512,985,544.231
6559,1000,985,15,2512,0,0,2512,985,544.231
6560,1000,985,15,2512,0,0,2512,985,544.231
6561,1000,985,15,2512,0,0,2512,985,544.231
6562,1000,985,15,2512,0,0,2512,985,544.231
6563,1000,985,15,2512,0,0,2512,985,544.231
6564,1000,985,15,2512,0,0,2512,985,544.231
6565,1000,985,15,2512,0,0,2512,985,544.231
6566,1000,985,15,2512,0,0,2512,985,544.231
6567,1000,985,15,2512,0,0,2512,985,544.231
6568,1000,985,15,2512,0,0,2512,985,544.231
6569,1000,985,15,2512,0,0,2512,985,544.231
6570,1000,985,15,2512,0,0,2512,985,544.231
6571,1000,985,15,2512,0,0,2512,985,544.231
6572,1000,985,15,2512,0,0,2512,985,544.231
6573,1000,985,15,2512,0,0,2512,985,544.231
6574,1000,985,15,2512,0,0,2512,985,544.231
6575,1000,985,15,2512,0,0,2512,985,544.231
6576,1000,985,15,2512,0,0,2512,985,544.231
6577,1000,985,15,2512,0,0,2512,985,544.231
6578,1000,985,15,2512,0,0,2512,985,544.231
6579,1000,985,15,2512,0,0,2512,985,544.231
6580,1000,986,14,2515,0,0,2515,986,538.9058
6581,1000,986,14,2515,0,0,2515,986,538.9058
6582,1000,986,14,2515,0,0,2515,986,538.9058
6583,1000,986,14,2515,0,0,2515,986,538.9058
6584,1000,986,14,2515,0,0,2515,986,538.9058
6585,1000,986,14,2515,0,0,2515,986,538.9058
6586,1000,986,14,2515,0,0,2515,986,538.9058
6587,1000,986,14,2515,0,0,2515,986,538.9058
6588,1000,986,14,2515,0,0,2515,986,538.9058
6589,1000,986,14,2515,0,0,2515,986,538.9058
6590,1000,986,14,2515,0,0,2515,986,538.9058
6591,1000,986,14,2515,0,0,2515,986,538.9058
6592,1000,986,14,2515,0,0,2515,986,538.9058
6593,1000,986,14,2515,0,0,2515,986,538.9058
6594,1000,986,14,2515,0,0,2515,986,538.9058
6595,1000,986,14,2515,0,0,2515,986,538.9058
6596,1000,986,14,2515,0,0,2515,986,538.9058
6597,1000,986,14,2515,0,0,2515,986,538.9058
6598,1000,986,14,2515,0,0,2515,986,538.9058
6599,1000,986,14,2515,0,0,2515,986,538.9058
6600,1000,986,14,2515,0,0,2515,986,538.9058
6601,1000,986,14,2515,0,0,2515,986,538.9058
6602,1000,986,14,2515,0,0,2515,986,538.9058
6603,1000,986,14,2515,0,0,2515,986,538.9058
6604,1000,986,14,2515,0,0,2515,986,538.9058
6605,1000,986,14,2515,0,0,2515,986,538.9058
6606,1000,986,14,2515,0,0,2515,986,538.9058
6607,1000,986,14,2515,0,0,2515,986,538.9058
6608,1000,986,14,2515,0,0,2515,986,538.9058
6609,1000,986,14,2515,0,0,2515,986,538.9058
6610,1000,986,14,2515,0,0,2515,986,538.9058
6611,1000,986,14,2515,0,0,2515,986,538.9058
6612,1000,987,13,2516,0,0,2516,987,536.8421
6613,1000,988,12,2517,0,0,2517,988,537.3053
6614,1000,988,12,2517,0,0,2517,988,537.3053
6615,1000,988,12,2517,0,0,2517,988,537.3053
6616,1000,989,11,2521,0,0,2521,989,537.6058
6617,1000,989,11,2521,0,0,2521,989,537.6058
6618,1000,989,11,2521,0,0,2521,989,537.6058
6619,1000,989,11,2521,0,0,2521,989,537.6058
6620,1000,989,11,2521,0,0,2521,989,537.6058
6621,1000,989,11,2521,0,0,2521,989,537.6058
6622,1000,989,11,2521,0,0,2521,989,537.6058
6623,1000,989,11,2521,0,0,2521,989,537.6058
6624,1000,989,11,2521,0,0,2521,989,537.6058
6625,1000,989,11,2521,0,0,2521,989,537.6058
6626,1000,989,11,2521,0,0,2521,989,537.6058
6627,1000,989,11,2521,0,0,2521,989,537.6058
6628,1000,989,11,2521,0,0,2521,989,537.6058
6629,1000,989,11,2521,0,0,2521,989,537.6058
6630,1000,989,11,2521,0,0,2521,989,537.6058
6631,1000,989,11,2521,0,0,2521,989,537.6058
6632,1000,989,11,2521,0,0,2521,989,537.6058
6633,1000,989,11,2521,0,0,2521,989,537.6058
6634,1000,989,11,2521,0,0,2521,989,537.6058
6635,1000,989,11,2521,0,0,2521,989,537.6058
6636,1000,989,11,2521,0,0,2521,989,537.6058
6637,1000,989,11,2521,0,0,2521,989,537.6058
6638,1000,989,11,2521,0,0,2521,989,537.6058
6639,1000,989,11,2521,0,0,2521,989,537.6058
6640,1000,989,11,2521,0,0,2521,989,537.6058
6641,1000,989,11,2521,0,0,2521,989,537.6058
6642,1000,989,11,2521,0,0,2521,989,537.6058
6643,1000,989,11,2521,0,0,2521,989,537.6058
6644,1000,989,11,2521,0,0,2521,989,537.6058
6645,1000,989,11,2521,0,0,2521,989,537.6058
6646,1000,989,11,2521,0,0,2521,989,537.6058
6647,1000,989,11,2521,0,0,2521,989,537.6058
6648,1000,989,11,2521,0,0,2521,989,537.6058
6649,1000,989,11,2521,0,0,2521,989,537.6058
6650,1000,989,11,2521,0,0,2521,989,537.6058
6651,1000,989,11,2521,0,0,2521,989,537.6058
6652,1000,989,11,2521,0,0,2521,989,537.6058
6653,1000,989,11,2521,0,0,2521,989,537.6058
6654,1000,989,11,2521,0,0,2521,989,537.6058
6655,1000,989,11,2521,0,0,2521,989,537.6058
6656,1000,989,11,2521,0,0,2521,989,537.6058
6657,1000,989,11,2521,0,0,2521,989,537.6058
6658,1000,989,11,2521,0,0,2521,989,537.6058
6659,1000,989,11,2521,0,0,2521,989,537.6058
6660,1000,989,11,2521,0,0,2521,989,537.6058
6661,1000,989,11,2521,0,0,2521,989,537.6058
6662,1000,989,11,2521,0,0,2521,989,537.6058
6663,1000,989,11,2521,0,0,2521,989,537.6058
6664,1000,989,11,2521,0,0,2521,989,537.6058
6665,1000,989,11,2521,0,0,2521,989,537.6058
6666,1000,989,11,2521,0,0,2521,989,537.6058
6667,1000,989,11,2521,0,0,2521,989,537.6058
6668,1000,989,11,2521,0,0,2521,989,537.6058
6669,1000,989,11,2521,0,0,2521,989,537.6058
6670,1000,989,11,2521,0,0,2521,989,537.6058
6671,1000,989,11,2521,0,0,2521,989,537.6058
6672,1000,989,11,2521,0,0,2521,989,537.6058
6673,1000,989,11,2521,0,0,2521,989,537.6058
6674,1000,989,11,2521,0,0,2521,989,537.6058
6675,1000,989,11,2521,0,0,2521,989,537.6058
6676,1000,989,11,2521,0,0,2521,989,537.6058
6677,1000,989,11,2521,0,0,2521,989,537.6058
6678,1000,989,11,2521,0,0,2521,989,537.6058
6679,1000,989,11,2521,0,0,2521,989,537.6058
6680,1000,989,11,2521,0,0,2521,989,537.6058
6681,1000,989,11,2521,0,0,2521,989,537.6058
6682,1000,989,11,2521,0,0,2521,989,537.6058
6683,1000,989,11,2521,0,0,2521,989,537.6058
6684,1000,989,11,2521,0,0,2521,989,537.6058
6685,1000,989,11,2521,0,0,2521,989,537.6058
6686,1000,989,11,2521,0,0,2521,989,537.6058
6687,1000,989,11,2521,0,0,2521,989,537.6058
6688,1000,989,11,2521,0,0,2521,989,537.6058
6689,1000,989,11,2521,0,0,2521,989,537.6058
6690,1000,989,11,2521,0,0,2521,989,537.6058
6691,1000,989,11,2521,0,0,2521,989,537.6058
6692,1000,989,11,2521,0,0,2521,989,537.6058
6693,1000,989,11,2521,0,0,2521,989,537.6058
6694,1000,989,11,2521,0,0,2521,989,537.6058
6695,1000,989,11,2521,0,0,2521,989,537.6058
6696,1000,989,11,2521,0,0,2521,989,537.6058
6697,1000,989,11,2521,0,0,2521,989,537.6058
6698,1000,989,11,2521,0,0,2521,989,537.6058
6699,1000,989,11,2521,0,0,2521,989,537.6058
6700,1000,989,11,2521,0,0,2521,989,537.6058
6701,1000,989,11,2521,0,0,2521,989,537.6058
6702,1000,989,11,2521,0,0,2521,989,537.6058
6703,1000,989,11,2521,0,0,2521,989,537.6058
6704,1000,989,11,2521,0,0,2521,989,537.6058
6705,1000,989,11,2521,0,0,2521,989,537.6058
6706,1000,989,11,2521,0,0,2521,989,537.6058
6707,1000,989,11,2521,0,0,2521,989,537.6058
6708,1000,989,11,2521,0,0,2521,989,537.6058
6709,1000,989,11,2521,0,0,2521,989,537.6058
6710,1000,989,11,2521,0,0,2521,989,537.6058
6711,1000,989,11,2521,0,0,2521,989,537.6058
6712,1000,989,11,2521,0,0,2521,989,537.6058
6713,1000,989,11,2521,0,0,2521,989,537.6058
6714,1000,989,11,2521,0,0,2521,989,537.6058
6715,1000,989,11,2521,0,0,2521,989,537.6058
6716,1000,989,11,2521,0,0,2521,989,537.6058
6717,1000,989,11,2521,0,0,2521,989,537.6058
6718,1000,989,11,2521,0,0,2521,989,537.6058
6719,1000,989,11,2521,0,0,2521,989,537.6058
6720,1000,989,11,2521,0,0,2521,989,537.6058
6721,1000,989,11,2521,0,0,2521,989,537.6058
6722,1000,989,11,2521,0,0,2521,989,537.6058
6723,1000,989,11,2521,0,0,2521,989,537.6058
6724,1000,989,11,2521,0,0,2521,989,537.6058
6725,1000,989,11,2521,0,0,2521,989,537.6058
6726,1000,989,11,2521,0,0,2521,989,537.6058
6727,1000,989,11,2521,0,0,2521,989,537.6058
6728,1000,989,11,2521,0,0,2521,989,537.6058
6729,1000,989,11,2521,0,0,2521,989,537.6058
6730,1000,989,11,2521,0,0,2521,989,537.6058
6731,1000,989,11,2521,0,0,2521,989,537.6058
6732,1000,989,11,2521,0,0,2521,989,537.6058
6733,1000,989,11,2521,0,0,2521,989,537.6058
6734,1000,989,11,2521,0,0,2521,989,537.6058
6735,1000,989,11,2521,0,0,2521,989,537.6058
6736,1000,989,11,2521,0,0,2521,989,537.6058
6737,1000,989,11,2521,0,0,2521,989,537.6058
6738,1000,990,10,2524,0,0,2524,990,528.4061
6739,1000,990,10,2524,0,0,2524,990,528.4061
6740,1000,990,10,2524,0,0,2524,990,528.4061
6741,1000,990,10,2524,0,0,2524,990,528.4061
6742,1000,990,10,2524,0,0,2524,990,528.4061
6743,1000,990,10,2524,0,0,2524,990,528.4061
6744,1000,990,10,2524,0,0,2524,990,528.4061
6745,1000,990,10,2524,0,0,2524,990,528.4061
6746,1000,990,10,2524,0,0,2524,990,528.4061
6747,1000,990,10,2524,0,0,2524,990,528.4061
6748,1000,990,10,2524,0,0,2524,990,528.4061
6749,1000,990,10,2524,0,0,2524,990,528.4061
6750,1000,990,10,2524,0,0,2524,990,528.4061
6751,1000,990,10,2524,0,0,2524,990,528.4061
6752,1000,990,10,2524,0,0,2524,990,528.4061
6753,1000,990,10,2524,0,0,2524,990,528.4061
6754,1000,990,10,2524,0,0,2524,990,528.4061
6755,1000,990,10,2524,0,0,2524,990,528.4061
6756,1000,990,10,2524,0,0,2524,990,528.4061
6757,1000,990,10,2524,0,0,2524,990,528.4061
6758,1000,990,10,2524,0,0,2524,990,528.4061
6759,1000,990,10,2524,0,0,2524,990,528.4061
6760,1000,990,10,2524,0,0,2524,990,528.4061
6761,1000,990,10,2524,0,0,2524,990,528.4061
6762,1000,990,10,2524,0,0,2524,990,528.4061
6763,1000,990,10,2524,0,0,2524,990,528.4061
6764,1000,990,10,2524,0,0,2524,990,528.4061
6765,1000,990,10,2524,0,0,2524,990,528.4061
6766,1000,990,10,2524,0,0,2524,990,528.4061
6767,1000,990,10,2524,0,0,2524,990,528.4061
6768,1000,990,10,2524,0,0,2524,990,528.4061
6769,1000,990,10,2524,0,0,2524,990,528.4061
6770,1000,990,10,2524,0,0,2524,990,528.4061
6771,1000,990,10,2524,0,0,2524,990,528.4061
6772,1000,990,10,2524,0,0,2524,990,528.4061
6773,1000,990,10,2524,0,0,2524,990,528.4061
6774,1000,990,10,2524,0,0,2524,990,528.4061
6775,1000,990,10,2524,0,0,2524,990,528.4061
6776,1000,990,10,2524,0,0,2524,990,528.4061
6777,1000,990,10,2524,0,0,2524,990,528.4061
6778,1000,990,10,2524,0,0,2524,990,528.4061
6779,1000,990,10,2524,0,0,2524,990,528.4061
6780,1000,990,10,2524,0,0,2524,990,528.4061
6781,1000,990,10,2524,0,0,2524,990,528.4061
6782,1000,990,10,2524,0,0,2524,990,528.4061
6783,1000,990,10,2524,0,0,2524,990,528.4061
6784,1000,990,10,2524,0,0,2524,990,528.4061
6785,1000,990,10,2524,0,0,2524,990,528.4061
6786,1000,990,10,2524,0,0,2524,990,528.4061
6787,1000,990,10,2524,0,0,2524,990,528.4061
6788,1000,990,10,2524,0,0,2524,990,528.4061
6789,1000,990,10,2524,0,0,2524,990,528.4061
6790,1000,990,10,2524,0,0,2524,990,528.4061
6791,1000,990,10,2524,0,0,2524,990,528.4061
6792,1000,991,9,2528,0,0,2528,991,524.735
6793,1000,992,8,2533,0,0,2533,992,525.1877
6794,1000,992,8,2533,0,0,2533,992,525.1877
6795,1000,992,8,2533,0,0,2533,992,525.1877
6796,1000,992,8,2533,0,0,2533,992,525.1877
6797,1000,992,8,2533,0,0,2533,992,525.1877
6798,1000,992,8,2533,0,0,2533,992,525.1877
6799,1000,992,8,2533,0,0,2533,992,525.1877
6800,1000,992,8,2533,0,0,2533,992,525.1877
6801,1000,992,8,2533,0,0,2533,992,525.1877
6802,1000,992,8,2533,0,0,2533,992,525.1877
6803,1000,992,8,2533,0,0,2533,992,525.1877
6804,1000,992,8,2533,0,0,2533,992,525.1877
6805,1000,992,8,2533,0,0,2533,992,525.1877
6806,1000,992,8,2533,0,0,2533,992,525.1877
6807,1000,992,8,2533,0,0,2533,992,525.1877
6808,1000,992,8,2533,0,0,2533,992,525.1877
6809,1000,992,8,2533,0,0,2533,992,525.1877
6810,1000,992,8,2533,0,0,2533,992,525.1877
6811,1000,992,8,2533,0,0,2533,992,525.1877
6812,1000,992,8,2533,0,0,2533,992,525.1877
6813,1000,992,8,2533,0,0,2533,992,525.1877
6814,1000,992,8,2533,0,0,2533,992,525.1877
6815,1000,992,8,2533,0,0,2533,992,525.1877
6816,1000,992,8,2533,0,0,2533,992,525.1877
6817,1000,992,8,2533,0,0,2533,992,525.1877
6818,1000,992,8,2533,0,0,2533,992,525.1877
6819,1000,992,8,2533,0,0,2533,992,525.1877
6820,1000,992,8,2533,0,0,2533,992,525.1877
6821,1000,992,8,2533,0,0,2533,992,525.1877
6822,1000,992,8,2533,0,0,2533,992,525.1877
6823,1000,992,8,2533,0,0,2533,992,525.1877
6824,1000,992,8,2533,0,0,2533,992,525.1877
6825,1000,992,8,2533,0,0,2533,992,525.1877
6826,1000,992,8,2533,0,0,2533,992,525.1877
6827,1000,992,8,2533,0,0,2533,992,525.1877
6828,1000,992,8,2533,0,0,2533,992,525.1877
6829,1000,992,8,2533,0,0,2533,992,525.1877
6830,1000,992,8,2533,0,0,2533,992,525.1877
6831,1000,992,8,2533,0,0,2533,992,525.1877
6832,1000,992,8,2533,0,0,2533,992,525.1877
6833,1000,992,8,2533,0,0,2533,992,525.1877
6834,1000,992,8,2533,0,0,2533,992,525.1877
6835,1000,992,8,2533,0,0,2533,992,525.1877
6836,1000,992,8,2533,0,0,2533,992,525.1877
6837,1000,992,8,2533,0,0,2533,992,525.1877
6838,1000,992,8,2533,0,0,2533,992,525.1877
6839,1000,992,8,2533,0,0,2533,992,525.1877
6840,1000,992,8,2533,0,0,2533,992,525.1877
6841,1000,992,8,2533,0,0,2533,992,525.1877
6842,1000,992,8,2533,0,0,2533,992,525.1877
6843,1000,992,8,2533,0,0,2533,992,525.1877
6844,1000,992,8,2533,0,0,2533,992,525.1877
6845,1000,992,8,2533,0,0,2533,992,525.1877
6846,1000,992,8,2533,0,0,2533,992,525.1877
6847,1000,992,8,2533,0,0,2533,992,525.1877
6848,1000,992,8,2533,0,0,2533,992,525.1877
6849,1000,992,8,2533,0,0,2533,992,525.1877
6850,1000,992,8,2533,0,0,2533,992,525.1877
6851,1000,992,8,2533,0,0,2533,992,525.1877
6852,1000,992,8,2533,0,0,2533,992,525.1877
6853,1000,992,8,2533,0,0,2533,992,525.1877
6854,1000,992,8,2533,0,0,2533,992,525.1877
6855,1000,992,8,2533,0,0,2533,992,525.1877
6856,1000,992,8,2533,0,0,2533,992,525.1877
6857,1000,992,8,2533,0,0,2533,992,525.1877
6858,1000,992,8,2533,0,0,2533,992,525.1877
6859,1000,992,8,2533,0,0,2533,992,525.1877
6860,1000,992,8,2533,0,0,2533,992,525.1877
6861,1000,992,8,2533,0,0,2533,992,525.1877
6862,1000,992,8,2533,0,0,2533,992,525.1877
6863,1000,992,8,2533,0,0,2533,992,525.1877
6864,1000,992,8,2533,0,0,2533,992,525.1877
6865,1000,992,8,2533,0,0,2533,992,525.1877
6866,1000,992,8,2533,0,0,2533,992,525.1877
6867,1000,992,8,2533,0,0,2533,992,525.1877
6868,1000,992,8,2533,0,0,2533,992,525.1877
6869,1000,992,8,2533,0,0,2533,992,525.1877
6870,1000,992,8,2533,0,0,2533,992,525.1877
6871,1000,992,8,2533,0,0,2533,992,525.1877
6872,1000,992,8,2533,0,0,2533,992,525.1877
6873,1000,992,8,2533,0,0,2533,992,525.1877
6874,1000,992,8,2533,0,0,2533,992,525.1877
6875,1000,992,8,2533,0,0,2533,992,525.1877
6876,1000,992,8,2533,0,0,2533,992,525.1877
6877,1000,992,8,2533,0,0,2533,992,525.1877
6878,1000,992,8,2533,0,0,2533,992,525.1877
6879,1000,992,8,2533,0,0,2533,992,525.1877
6880,1000,992,8,2533,0,0,2533,992,525.1877
6881,1000,992,8,2533,0,0,2533,992,525.1877
6882,1000,992,8,2533,0,0,2533,992,525.1877
6883,1000,992,8,2533,0,0,2533,992,525.1877
6884,1000,992,8,2533,0,0,2533,992,525.1877
6885,1000,992,8,2533,0,0,2533,992,525.1877
6886,1000,992,8,2533,0,0,2533,992,525.1877
6887,1000,992,8,2533,0,0,2533,992,525.1877
6888,1000,992,8,2533,0,0,2533,992,525.1877
6889,1000,992,8,2533,0,0,2533,992,525.1877
6890,1000,992,8,2533,0,0,2533,992,525.1877
6891,1000,992,8,2533,0,0,2533,992,525.1877
6892,1000,992,8,2533,0,0,2533,992,525.1877
6893,1000,992,8,2533,0,0,2533,992,525.1877
6894,1000,992,8,2533,0,0,2533,992,525.1877
6895,1000,992,8,2533,0,0,2533,992,525.1877
6896,1000,992,8,2533,0,0,2533,992,525.1877
6897,1000,992,8,2533,0,0,2533,992,525.1877
6898,1000,992,8,2533,0,0,2533,992,525.1877
6899,1000,992,8,2533,0,0,2533,992,525.1877
6900,1000,992,8,2533,0,0,2533,992,525.1877
6901,1000,992,8,2533,0,0,2533,992,525.1877
6902,1000,992,8,2533,0,0,2533,992,525.1877
6903,1000,992,8,2533,0,0,2533,992,525.1877
6904,1000,992,8,2533,0,0,2533,992,525.1877
6905,1000,992,8,2533,0,0,2533,992,525.1877
6906,1000,992,8,2533,0,0,2533,992,525.1877
6907,1000,992,8,2533,0,0,2533,992,525.1877
6908,1000,992,8,2533,0,0,2533,992,525.1877
6909,1000,992,8,2533,0,0,2533,992,525.1877
6910,1000,992,8,2533,0,0,2533,992,525.1877
6911,1000,992,8,2533,0,0,2533,992,525.1877
6912,1000,992,8,2533,0,0,2533,992,525.1877
6913,1000,992,8,2533,0,0,2533,992,525.1877
6914,1000,992,8,2533,0,0,2533,992,525.1877
6915,1000,992,8,2533,0,0,2533,992,525.1877
6916,1000,992,8,2533,0,0,2533,992,525.1877
6917,1000,992,8,2533,0,0,2533,992,525.1877
6918,1000,992,8,2533,0,0,2533,992,525.1877
6919,1000,992,8,2533,0,0,2533,992,525.1877
6920,1000,992,8,2533,0,0,2533,992,525.1877
6921,1000,992,8,2533,0,0,2533,992,525.1877
6922,1000,992,8,2533,0,0,2533,992,525.1877
6923,1000,992,8,2533,0,0,2533,992,525.1877
6924,1000,992,8,2533,0,0,2533,992,525.1877
6925,1000,992,8,2533,0,0,2533,992,525.1877
6926,1000,992,8,2533,0,0,2533,992,525.1877
6927,1000,992,8,2533,0,0,2533,992,525.1877
6928,1000,992,8,2533,0,0,2533,992,525.1877
6929,1000,992,8,2533,0,0,2533,992,525.1877
6930,1000,992,8,2533,0,0,2533,992,525.1877
6931,1000,992,8,2533,0,0,2533,992,525.1877
6932,1000,992,8,2533,0,0,2533,992,525.1877
6933,1000,992,8,2533,0,0,2533,992,525.1877
6934,1000,993,7,2534,0,0,2534,993,515.0274
6935,1000,993,7,2534,0,0,2534,993,515.0274
6936,1000,993,7,2534,0,0,2534,993,515.0274
6937,1000,993,7,2534,0,0,2534,993,515.0274
6938,1000,993,7,2534,0,0,2534,993,515.0274
6939,1000,993,7,2534,0,0,2534,993,515.0274
6940,1000,993,7,2534,0,0,2534,993,515.0274
6941,1000,993,7,2534,0,0,2534,993,515.0274
6942,1000,995,5,2542,0,0,2542,995,515.4711
6943,1000,995,5,2542,0,0,2542,995,515.4711
6944,1000,995,5,2542,0,0,2542,995,515.4711
6945,1000,995,5,2542,0,0,2542,995,515.4711
6946,1000,995,5,2542,0,0,2542,995,515.4711
6947,1000,995,5,2542,0,0,2542,995,515.4711
6948,1000,996,4,2545,0,0,2545,996,515.544
6949,1000,996,4,2545,0,0,2545,996,515.544
6950,1000,996,4,2545,0,0,2545,996,515.544
6951,1000,996,4,2545,0,0,2545,996,515.544
6952,1000,996,4,2545,0,0,2545,996,515.544
6953,1000,996,4,2545,0,0,2545,996,515.544
6954,1000,996,4,2545,0,0,2545,996,515.544
6955,1000,996,4,2545,0,0,2545,996,515.544
6956,1000,996,4,2545,0,0,2545,996,515.544
6957,1000,996,4,2545,0,0,2545,996,515.544
6958,1000,996,4,2545,0,0,2545,996,515.544
6959,1000,996,4,2545,0,0,2545,996,515.544
6960,1000,996,4,2545,0,0,2545,996,515.544
6961,1000,996,4,2545,0,0,2545,996,515.544
6962,1000,996,4,2545,0,0,2545,996,515.544
6963,1000,996,4,2545,0,0,2545,996,515.544
6964,1000,996,4,2545,0,0,2545,996,515.544
6965,1000,996,4,2545,0,0,2545,996,515.544
6966,1000,996,4,2545,0,0,2545,996,515.544
6967,1000,996,4,2545,0,0,2545,996,515.544
6968,1000,996,4,2545,0,0,2545,996,515.544
6969,1000,996,4,2545,0,0,2545,996,515.544
6970,1000,996,4,2545,0,0,2545,996,515.544
6971,1000,996,4,2545,0,0,2545,996,515.544
6972,1000,996,4,2545,0,0,2545,996,515.544
6973,1000,996,4,2545,0,0,2545,996,515.544
6974,1000,996,4,2545,0,0,2545,996,515.544
6975,1000,996,4,2545,0,0,2545,996,515.544
6976,1000,996,4,2545,0,0,2545,996,515.544
6977,1000,996,4,2545,0,0,2545,996,515.544
6978,1000,996,4,2545,0,0,2545,996,515.544
6979,1000,996,4,2545,0,0,2545,996,515.544
6980,1000,996,4,2545,0,0,2545,996,515.544
6981,1000,996,4,2545,0,0,2545,996,515.544
6982,1000,996,4,2545,0,0,2545,996,515.544
6983,1000,996,4,2545,0,0,2545,996,515.544
6984,1000,996,4,2545,0,0,2545,996,515.544
6985,1000,996,4,2545,0,0,2545,996,515.544
6986,1000,996,4,2545,0,0,2545,996,515.544
6987,1000,996,4,2545,0,0,2545,996,515.544
6988,1000,996,4,2545,0,0,2545,996,515.544
6989,1000,996,4,2545,0,0,2545,996,515.544
6990,1000,996,4,2545,0,0,2545,996,515.544
6991,1000,996,4,2545,0,0,2545,996,515.544
6992,1000,996,4,2545,0,0,2545,996,515.544
6993,1000,996,4,2545,0,0,2545,996,515.544
6994,1000,996,4,2545,0,0,2545,996,515.544
6995,1000,996,4,2545,0,0,2545,996,515.544
6996,1000,996,4,2545,0,0,2545,996,515.544
6997,1000,996,4,2545,0,0,2545,996,515.544
6998,1000,996,4,2545,0,0,2545,996,515.544
6999,1000,996,4,2545,0,0,2545,996,515.544
7000,1000,996,4,2545,0,0,2545,996,515.544
7001,1000,996,4,2545,0,0,2545,996,515.544
7002,1000,996,4,2545,0,0,2545,996,515.544
7003,1000,996,4,2545,0,0,2545,996,515.544
7004,1000,996,4,2545,0,0,2545,996,515.544
7005,1000,996,4,2545,0,0,2545,996,515.544
7006,1000,996,4,2545,0,0,2545,996,515.544
7007,1000,996,4,2545,0,0,2545,996,515.544
7008,1000,996,4,2545,0,0,2545,996,515.544
7009,1000,996,4,2545,0,0,2545,996,515.544
7010,1000,996,4,2545,0,0,2545,996,515.544
7011,1000,996,4,2545,0,0,2545,996,515.544
7012,1000,996,4,2545,0,0,2545,996,515.544
7013,1000,997,3,2547,0,0,2547,997,511.279
7014,1000,997,3,2547,0,0,2547,997,511.279
7015,1000,997,3,2547,0,0,2547,997,511.279
7016,1000,997,3,2547,0,0,2547,997,511.279
7017,1000,997,3,2547,0,0,2547,997,511.279
7018,1000,997,3,2547,0,0,2547,997,511.279
7019,1000,997,3,2547,0,0,2547,997,511.279
7020,1000,997,3,2547,0,0,2547,997,511.279
7021,1000,997,3,2547,0,0,2547,997,511.279
7022,1000,997,3,2547,0,0,2547,997,511.279
7023,1000,997,3,2547,0,0,2547,997,511.279
7024,1000,997,3,2547,0,0,2547,997,511.279
7025,1000,997,3,2547,0,0,2547,997,511.279
7026,1000,997,3,2547,0,0,2547,997,511.279
7027,1000,997,3,2547,0,0,2547,997,511.279
7028,1000,997,3,2547,0,0,2547,997,511.279
7029,1000,997,3,2547,0,0,2547,997,511.279
7030,1000,997,3,2547,0,0,2547,997,511.279
7031,1000,997,3,2547,0,0,2547,997,511.279
7032,1000,997,3,2547,0,0,2547,997,511.279
7033,1000,997,3,2547,0,0,2547,997,511.279
7034,1000,997,3,2547,0,0,2547,997,511.279
7035,1000,997,3,2547,0,0,2547,997,511.279
7036,1000,997,3,2547,0,0,2547,997,511.279
7037,1000,997,3,2547,0,0,2547,997,511.279
7038,1000,997,3,2547,0,0,2547,997,511.279
7039,1000,997,3,2547,0,0,2547,997,511.279
7040,1000,997,3,2547,0,0,2547,997,511.279
7041,1000,997,3,2547,0,0,2547,997,511.279
7042,1000,997,3,2547,0,0,2547,997,511.279
7043,1000,997,3,2547,0,0,2547,997,511.279
7044,1000,997,3,2547,0,0,2547,997,511.279
7045,1000,997,3,2547,0,0,2547,997,511.279
7046,1000,997,3,2547,0,0,2547,997,511.279
7047,1000,997,3,2547,0,0,2547,997,511.279
7048,1000,997,3,2547,0,0,2547,997,511.279
7049,1000,997,3,2547,0,0,2547,997,511.279
7050,1000,997,3,2547,0,0,2547,997,511.279
7051,1000,997,3,2547,0,0,2547,997,511.279
7052,1000,997,3,2547,0,0,2547,997,511.279
7053,1000,997,3,2547,0,0,2547,997,511.279
7054,1000,997,3,2547,0,0,2547,997,511.279
7055,1000,997,3,2547,0,0,2547,997,511.279
7056,1000,997,3,2547,0,0,2547,997,511.279
7057,1000,997,3,2547,0,0,2547,997,511.279
7058,1000,997,3,2547,0,0,2547,997,511.279
7059,1000,997,3,2547,0,0,2547,997,511.279
7060,1000,997,3,2547,0,0,2547,997,511.279
7061,1000,997,3,2547,0,0,2547,997,511.279
7062,1000,997,3,2547,0,0,2547,997,511.279
7063,1000,997,3,2547,0,0,2547,997,511.279
7064,1000,997,3,2547,0,0,2547,997,511.279
7065,1000,997,3,2547,0,0,2547,997,511.279
7066,1000,997,3,2547,0,0,2547,997,511.279
7067,1000,997,3,2547,0,0,2547,997,511.279
7068,1000,997,3,2547,0,0,2547,997,511.279
7069,1000,997,3,2547,0,0,2547,997,511.279
7070,1000,997,3,2547,0,0,2547,997,511.279
7071,1000,997,3,2547,0,0,2547,997,511.279
7072,1000,997,3,2547,0,0,2547,997,511.279
7073,1000,997,3,2547,0,0,2547,997,511.279
7074,1000,997,3,2547,0,0,2547,997,511.279
7075,1000,997,3,2547,0,0,2547,997,511.279
7076,1000,997,3,2547,0,0,2547,997,511.279
7077,1000,997,3,2547,0,0,2547,997,511.279
7078,1000,997,3,2547,0,0,2547,997,511.279
7079,1000,997,3,2547,0,0,2547,997,511.279
7080,1000,997,3,2547,0,0,2547,997,511.279
7081,1000,997,3,2547,0,0,2547,997,511.279
7082,1000,997,3,2547,0,0,2547,997,511.279
7083,1000,997,3,2547,0,0,2547,997,511.279
7084,1000,997,3,2547,0,0,2547,997,511.279
7085,1000,997,3,2547,0,0,2547,997,511.279
7086,1000,997,3,2547,0,0,2547,997,511.279
7087,1000,997,3,2547,0,0,2547,997,511.279
7088,1000,997,3,2547,0,0,2547,997,511.279
7089,1000,997,3,2547,0,0,2547,997,511.279
7090,1000,997,3,2547,0,0,2547,997,511.279
7091,1000,997,3,2547,0,0,2547,997,511.279
7092,1000,997,3,2547,0,0,2547,997,511.279
7093,1000,997,3,2547,0,0,2547,997,511.279
7094,1000,997,3,2547,0,0,2547,997,511.279
7095,1000,997,3,2547,0,0,2547,997,511.279
7096,1000,997,3,2547,0,0,2547,997,511.279
7097,1000,997,3,2547,0,0,2547,997,511.279
7098,1000,997,3,2547,0,0,2547,997,511.279
7099,1000,997,3,2547,0,0,2547,997,511.279
7100,1000,997,3,2547,0,0,2547,997,511.279
7101,1000,997,3,2547,0,0,2547,997,511.279
7102,1000,997,3,2547,0,0,2547,997,511.279
7103,1000,997,3,2547,0,0,2547,997,511.279
7104,1000,997,3,2547,0,0,2547,997,511.279
7105,1000,997,3,2547,0,0,2547,997,511.279
7106,1000,997,3,2547,0,0,2547,997,511.279
7107,1000,997,3,2547,0,0,2547,997,511.279
7108,1000,997,3,2547,0,0,2547,997,511.279
7109,1000,997,3,2547,0,0,2547,997,511.279
7110,1000,997,3,2547,0,0,2547,997,511.279
7111,1000,997,3,2547,0,0,2547,997,511.279
7112,1000,997,3,2547,0,0,2547,997,511.279
7113,1000,997,3,2547,0,0,2547,997,511.279
7114,1000,997,3,2547,0,0,2547,997,511.279
7115,1000,997,3,2547,0,0,2547,997,511.279
7116,1000,997,3,2547,0,0,2547,997,511.279
7117,1000,997,3,2547,0,0,2547,997,511.279
7118,1000,997,3,2547,0,0,2547,997,511.279
7119,1000,997,3,2547,0,0,2547,997,511.279
7120,1000,997,3,2547,0,0,2547,997,511.279
7121,1000,997,3,2547,0,0,2547,997,511.279
7122,1000,997,3,2547,0,0,2547,997,511.279
7123,1000,997,3,2547,0,0,2547,997,511.279
7124,1000,997,3,2547,0,0,2547,997,511.279
7125,1000,997,3,2547,0,0,2547,997,511.279
7126,1000,997,3,2547,0,0,2547,997,511.279
7127,1000,997,3,2547,0,0,2547,997,511.279
7128,1000,997,3,2547,0,0,2547,997,511.279
7129,1000,997,3,2547,0,0,2547,997,511.279
7130,1000,997,3,2547,0,0,2547,997,511.279
7131,1000,997,3,2547,0,0,2547,997,511.279
7132,1000,997,3,2547,0,0,2547,997,511.279
7133,1000,997,3,2547,0,0,2547,997,511.279
7134,1000,997,3,2547,0,0,2547,997,511.279
7135,1000,997,3,2547,0,0,2547,997,511.279
7136,1000,997,3,2547,0,0,2547,997,511.279
7137,1000,997,3,2547,0,0,2547,997,511.279
7138,1000,997,3,2547,0,0,2547,997,511.279
7139,1000,997,3,2547,0,0,2547,997,511.279
7140,1000,997,3,2547,0,0,2547,997,511.279
7141,1000,997,3,2547,0,0,2547,997,511.279
7142,1000,997,3,2547,0,0,2547,997,511.279
7143,1000,997,3,2547,0,0,2547,997,511.279
7144,1000,997,3,2547,0,0,2547,997,511.279
7145,1000,997,3,2547,0,0,2547,997,511.279
7146,1000,997,3,2547,0,0,2547,997,511.279
7147,1000,997,3,2547,0,0,2547,997,511.279
7148,1000,997,3,2547,0,0,2547,997,511.279
7149,1000,997,3,2547,0,0,2547,997,511.279
7150,1000,997,3,2547,0,0,2547,997,511.279
7151,1000,997,3,2547,0,0,2547,997,511.279
7152,1000,997,3,2547,0,0,2547,997,511.279
7153,1000,997,3,2547,0,0,2547,997,511.279
7154,1000,997,3,2547,0,0,2547,997,511.279
7155,1000,997,3,2547,0,0,2547,997,511.279
7156,1000,997,3,2547,0,0,2547,997,511.279
7157,1000,997,3,2547,0,0,2547,997,511.279
7158,1000,997,3,2547,0,0,2547,997,511.279
7159,1000,997,3,2547,0,0,2547,997,511.279
7160,1000,997,3,2547,0,0,2547,997,511.279
7161,1000,997,3,2547,0,0,2547,997,511.279
7162,1000,997,3,2547,0,0,2547,997,511.279
7163,1000,997,3,2547,0,0,2547,997,511.279
7164,1000,997,3,2547,0,0,2547,997,511.279
7165,1000,997,3,2547,0,0,2547,997,511.279
7166,1000,997,3,2547,0,0,2547,997,511.279
7167,1000,997,3,2547,0,0,2547,997,511.279
7168,1000,997,3,2547,0,0,2547,997,511.279
7169,1000,997,3,2547,0,0,2547,997,511.279
7170,1000,997,3,2547,0,0,2547,997,511.279
7171,1000,997,3,2547,0,0,2547,997,511.279
7172,1000,997,3,2547,0,0,2547,997,511.279
7173,1000,997,3,2547,0,0,2547,997,511.279
7174,1000,997,3,2547,0,0,2547,997,511.279
7175,1000,997,3,2547,0,0,2547,997,511.279
7176,1000,997,3,2547,0,0,2547,997,511.279
7177,1000,997,3,2547,0,0,2547,997,511.279
7178,1000,997,3,2547,0,0,2547,997,511.279
7179,1000,997,3,2547,0,0,2547,997,511.279
7180,1000,997,3,2547,0,0,2547,997,511.279
7181,1000,997,3,2547,0,0,2547,997,511.279
7182,1000,997,3,2547,0,0,2547,997,511.279
7183,1000,997,3,2547,0,0,2547,997,511.279
7184,1000,997,3,2547,0,0,2547,997,511.279
7185,1000,997,3,2547,0,0,2547,997,511.279
7186,1000,997,3,2547,0,0,2547,997,511.279
7187,1000,997,3,2547,0,0,2547,997,511.279
7188,1000,997,3,2547,0,0,2547,997,511.279
7189,1000,998,2,2548,0,0,2548,998,499.2627
7190,1000,998,2,2548,0,0,2548,998,499.2627
7191,1000,998,2,2548,0,0,2548,998,499.2627
7192,1000,998,2,2548,0,0,2548,998,499.2627
7193,1000,998,2,2548,0,0,2548,998,499.2627
7194,1000,999,1,2549,0,0,2549,999,499.4162
7195,1000,999,1,2549,0,0,2549,999,499.4162
7196,1000,999,1,2549,0,0,2549,999,499.4162
7197,1000,999,1,2549,0,0,2549,999,499.4162
7198,1000,999,1,2549,0,0,2549,999,499.4162
7199,1000,999,1,2549,0,0,2549,999,499.4162
7200,1000,999,1,2549,0,0,2549,999,499.4162
7201,1000,999,1,2549,0,0,2549,999,499.4162
7202,1000,999,1,2549,0,0,2549,999,499.4162
7203,1000,999,1,2549,0,0,2549,999,499.4162
7204,1000,999,1,2549,0,0,2549,999,499.4162
7205,1000,999,1,2549,0,0,2549,999,499.4162
7206,1000,999,1,2549,0,0,2549,999,499.4162
7207,1000,999,1,2549,0,0,2549,999,499.4162
7208,1000,999,1,2549,0,0,2549,999,499.4162
7209,1000,999,1,2549,0,0,2549,999,499.4162
7210,1000,999,1,2549,0,0,2549,999,499.4162
7211,1000,999,1,2549,0,0,2549,999,499.4162
7212,1000,999,1,2549,0,0,2549,999,499.4162
7213,1000,999,1,2549,0,0,2549,999,499.4162
7214,1000,999,1,2549,0,0,2549,999,499.4162
7215,1000,999,1,2549,0,0,2549,999,499.4162
7216,1000,999,1,2549,0,0,2549,999,499.4162
7217,1000,999,1,2549,0,0,2549,999,499.4162
7218,1000,999,1,2549,0,0,2549,999,499.4162
7219,1000,999,1,2549,0,0,2549,999,499.4162
7220,1000,999,1,2549,0,0,2549,999,499.4162
7221,1000,999,1,2549,0,0,2549,999,499.4162
7222,1000,999,1,2549,0,0,2549,999,499.4162
7223,1000,999,1,2549,0,0,2549,999,499.4162
7224,1000,999,1,2549,0,0,2549,999,499.4162
7225,1000,999,1,2549,0,0,2549,999,499.4162
7226,1000,999,1,2549,0,0,2549,999,499.4162
7227,1000,999,1,2549,0,0,2549,999,499.4162
7228,1000,999,1,2549,0,0,2549,999,499.4162
7229,1000,999,1,2549,0,0,2549,999,499.4162
7230,1000,999,1,2549,0,0,2549,999,499.4162
7231,1000,999,1,2549,0,0,2549,999,499.4162
7232,1000,999,1,2549,0,0,2549,999,499.4162
7233,1000,999,1,2549,0,0,2549,999,499.4162
7234,1000,999,1,2549,0,0,2549,999,499.4162
7235,1000,999,1,2549,0,0,2549,999,499.4162
7236,1000,999,1,2549,0,0,2549,999,499.4162
7237,1000,999,1,2549,0,0,2549,999,499.4162
7238,1000,1000,0,2551,0,0,2551,1000,496.8776
