Time(s),Total cars injected, Total cars arrived,Current cars in system, Exiting people,Total Sumo cars injected,Total Sumo cars arrived
0,0,0,0,0,0,0
1,0,0,0,0,0,0
2,0,0,0,0,0,0
3,0,0,0,0,0,0
4,0,0,0,0,0,0
5,0,0,0,0,0,0
6,0,0,0,0,0,0
7,0,0,0,0,0,0
8,0,0,0,0,0,0
9,0,0,0,0,0,0
10,0,0,0,0,0,0
11,0,0,0,0,0,0
12,0,0,0,0,0,0
13,0,0,0,0,0,0
14,0,0,0,0,0,0
15,0,0,0,0,0,0
16,0,0,0,0,0,0
17,0,0,0,0,0,0
18,0,0,0,0,0,0
19,0,0,0,0,0,0
20,0,0,0,0,0,0
21,0,0,0,0,0,0
22,0,0,0,0,0,0
23,0,0,0,0,0,0
24,0,0,0,0,0,0
25,0,0,0,0,0,0
26,0,0,0,0,0,0
27,0,0,0,0,0,0
28,0,0,0,0,0,0
29,0,0,0,0,0,0
30,0,0,0,0,0,0
31,0,0,0,0,0,0
32,0,0,0,0,0,0
33,0,0,0,0,0,0
34,0,0,0,0,0,0
35,0,0,0,0,0,0
36,0,0,0,0,0,0
37,0,0,0,0,0,0
38,0,0,0,0,0,0
39,0,0,0,0,0,0
40,0,0,0,0,0,0
41,0,0,0,0,0,0
42,0,0,0,0,0,0
43,0,0,0,0,0,0
44,0,0,0,0,0,0
45,0,0,0,0,0,0
46,0,0,0,0,0,0
47,0,0,0,0,0,0
48,1,0,1,0,0,0
49,1,0,1,0,0,0
50,1,0,1,0,0,0
51,1,0,1,0,0,0
52,1,0,1,0,0,0
53,1,0,1,0,0,0
54,1,0,1,0,0,0
55,1,0,1,0,0,0
56,1,0,1,0,0,0
57,1,0,1,0,0,0
58,1,0,1,0,0,0
59,1,0,1,0,0,0
60,1,0,1,0,0,0
61,1,0,1,0,0,0
62,1,0,1,0,0,0
63,1,0,1,0,0,0
64,1,0,1,0,0,0
65,1,0,1,0,0,0
66,1,0,1,0,0,0
67,1,0,1,0,0,0
68,1,0,1,0,0,0
69,1,0,1,0,0,0
70,1,0,1,0,0,0
71,1,0,1,0,0,0
72,1,0,1,0,0,0
73,1,0,1,0,0,0
74,1,0,1,0,0,0
75,1,0,1,0,0,0
76,1,0,1,0,0,0
77,1,0,1,0,0,0
78,1,0,1,0,0,0
79,1,0,1,0,0,0
80,1,0,1,0,0,0
81,1,0,1,0,0,0
82,1,0,1,0,0,0
83,1,0,1,0,0,0
84,1,0,1,0,0,0
85,2,0,2,0,0,0
86,2,0,2,0,0,0
87,2,0,2,0,0,0
88,2,0,2,0,0,0
89,3,0,3,0,0,0
90,3,0,3,0,0,0
91,3,0,3,0,0,0
92,3,0,3,0,0,0
93,3,0,3,0,0,0
94,3,0,3,0,0,0
95,4,0,4,0,0,0
96,4,0,4,0,0,0
97,4,0,4,0,0,0
98,4,0,4,0,0,0
99,4,0,4,0,0,0
100,4,0,4,0,0,0
101,4,0,4,0,0,0
102,4,0,4,0,0,0
103,4,0,4,0,0,0
104,4,0,4,0,0,0
105,4,0,4,0,0,0
106,4,0,4,0,0,0
107,4,0,4,0,0,0
108,4,0,4,0,0,0
109,4,0,4,0,0,0
110,4,0,4,0,0,0
111,4,0,4,0,0,0
112,4,0,4,0,0,0
113,4,0,4,0,0,0
114,4,0,4,0,0,0
115,4,0,4,0,0,0
116,4,0,4,0,0,0
117,4,0,4,0,0,0
118,4,0,4,0,0,0
119,4,0,4,0,0,0
120,4,0,4,0,0,0
121,4,0,4,0,0,0
122,4,0,4,0,0,0
123,4,0,4,0,0,0
124,4,0,4,0,0,0
125,4,0,4,0,0,0
126,6,0,6,0,0,0
127,6,0,6,0,0,0
128,6,0,6,0,0,0
129,7,0,7,0,0,0
130,7,0,7,0,0,0
131,8,0,8,0,0,0
132,8,0,8,0,0,0
133,8,0,8,0,0,0
134,8,0,8,0,0,0
135,8,0,8,0,0,0
136,8,0,8,0,0,0
137,9,0,9,0,0,0
138,9,0,9,0,0,0
139,9,0,9,0,0,0
140,9,0,9,0,0,0
141,9,0,9,0,0,0
142,10,0,10,0,0,0
143,10,0,10,0,0,0
144,10,0,10,0,0,0
145,10,0,10,0,0,0
146,10,0,10,0,0,0
147,10,0,10,0,0,0
148,10,0,10,0,0,0
149,10,0,10,0,0,0
150,10,0,10,0,0,0
151,10,0,10,0,0,0
152,10,0,10,0,0,0
153,10,0,10,0,0,0
154,10,0,10,0,0,0
155,10,0,10,0,0,0
156,10,0,10,0,0,0
157,10,0,10,0,0,0
158,10,0,10,0,0,0
159,10,0,10,0,0,0
160,10,0,10,0,0,0
161,10,0,10,0,0,0
162,10,0,10,0,0,0
163,11,0,11,0,0,0
164,12,0,12,0,0,0
165,12,0,12,0,0,0
166,13,0,13,0,0,0
167,13,0,13,0,0,0
168,13,0,13,0,0,0
169,13,0,13,0,0,0
170,13,0,13,0,0,0
171,13,0,13,0,0,0
172,13,0,13,0,0,0
173,13,0,13,0,0,0
174,13,0,13,0,0,0
175,13,0,13,0,0,0
176,13,0,13,0,0,0
177,13,0,13,0,0,0
178,13,0,13,0,0,0
179,13,0,13,0,0,0
180,14,0,14,0,0,0
181,14,0,14,0,0,0
182,14,0,14,0,0,0
183,14,0,14,0,0,0
184,14,0,14,0,0,0
185,14,0,14,0,0,0
186,14,0,14,0,0,0
187,14,0,14,0,0,0
188,14,0,14,0,0,0
189,14,0,14,0,0,0
190,14,0,14,0,0,0
191,14,0,14,0,0,0
192,15,0,15,0,0,0
193,15,0,15,0,0,0
194,15,0,15,0,0,0
195,15,0,15,0,0,0
196,15,0,15,0,0,0
197,15,0,15,0,0,0
198,17,0,17,0,0,0
199,17,0,17,0,0,0
200,17,0,17,0,0,0
201,17,0,17,0,0,0
202,17,0,17,0,0,0
203,17,0,17,0,0,0
204,17,0,17,0,0,0
205,17,0,17,0,0,0
206,17,0,17,0,0,0
207,19,0,19,0,0,0
208,19,0,19,0,0,0
209,20,0,20,0,0,0
210,20,0,20,0,0,0
211,20,0,20,0,0,0
212,20,0,20,0,0,0
213,20,0,20,0,0,0
214,21,0,21,0,0,0
215,21,0,21,0,0,0
216,21,0,21,0,0,0
217,21,0,21,0,0,0
218,21,0,21,0,0,0
219,21,0,21,0,0,0
220,21,0,21,0,0,0
221,21,0,21,0,0,0
222,21,0,21,0,0,0
223,21,0,21,0,0,0
224,21,0,21,0,0,0
225,21,0,21,0,0,0
226,21,0,21,0,0,0
227,21,0,21,0,0,0
228,21,0,21,0,0,0
229,21,0,21,0,0,0
230,21,0,21,0,0,0
231,21,0,21,0,0,0
232,21,0,21,0,0,0
233,21,0,21,0,0,0
234,21,0,21,0,0,0
235,21,0,21,0,0,0
236,21,0,21,0,0,0
237,21,0,21,0,0,0
238,22,0,22,0,0,0
239,22,0,22,0,0,0
240,22,0,22,0,0,0
241,22,0,22,0,0,0
242,23,0,23,0,0,0
243,23,0,23,0,0,0
244,23,0,23,0,0,0
245,23,0,23,0,0,0
246,23,0,23,0,0,0
247,23,0,23,0,0,0
248,23,0,23,0,0,0
249,23,0,23,0,0,0
250,23,0,23,0,0,0
251,23,0,23,0,0,0
252,23,0,23,0,0,0
253,23,0,23,0,0,0
254,23,0,23,0,0,0
255,23,0,23,0,0,0
256,23,0,23,0,0,0
257,23,0,23,0,0,0
258,23,0,23,0,0,0
259,23,0,23,0,0,0
260,23,0,23,0,0,0
261,23,0,23,0,0,0
262,24,0,24,0,0,0
263,24,0,24,0,0,0
264,24,0,24,0,0,0
265,24,0,24,0,0,0
266,24,0,24,0,0,0
267,24,0,24,0,0,0
268,25,0,25,0,0,0
269,25,0,25,0,0,0
270,26,0,26,0,0,0
271,26,0,26,0,0,0
272,27,0,27,0,0,0
273,27,0,27,0,0,0
274,27,0,27,0,0,0
275,27,0,27,0,0,0
276,27,0,27,0,0,0
277,27,0,27,0,0,0
278,27,0,27,0,0,0
279,27,0,27,0,0,0
280,28,0,28,0,0,0
281,28,0,28,0,0,0
282,28,0,28,0,0,0
283,28,0,28,0,0,0
284,28,0,28,0,0,0
285,29,0,29,0,0,0
286,29,0,29,0,0,0
287,29,0,29,0,0,0
288,29,0,29,0,0,0
289,29,0,29,0,0,0
290,29,0,29,0,0,0
291,29,0,29,0,0,0
292,29,0,29,0,0,0
293,29,0,29,0,0,0
294,30,0,30,0,0,0
295,30,0,30,0,0,0
296,30,0,30,0,0,0
297,30,0,30,0,0,0
298,30,0,30,0,0,0
299,30,0,30,0,0,0
300,30,0,30,0,0,0
301,30,0,30,0,0,0
302,30,0,30,0,0,0
303,30,0,30,0,0,0
304,30,0,30,0,0,0
305,30,0,30,0,0,0
306,30,0,30,0,0,0
307,30,0,30,0,0,0
308,30,0,30,0,0,0
309,30,0,30,0,0,0
310,30,0,30,0,0,0
311,30,0,30,0,0,0
312,30,0,30,0,0,0
313,30,0,30,0,0,0
314,30,0,30,0,0,0
315,31,0,31,0,0,0
316,32,0,32,0,0,0
317,32,0,32,0,0,0
318,33,0,33,0,0,0
319,33,0,33,0,0,0
320,33,0,33,0,0,0
321,33,0,33,0,0,0
322,33,0,33,0,0,0
323,33,0,33,0,0,0
324,33,0,33,0,0,0
325,34,0,33,0,0,0
326,34,0,33,0,0,0
327,34,0,34,0,0,0
328,35,0,35,0,0,0
329,35,0,35,0,0,0
330,36,0,36,0,0,0
331,38,0,38,0,0,0
332,38,0,38,0,0,0
333,38,0,38,0,0,0
334,39,0,39,0,0,0
335,40,0,39,0,0,0
336,40,0,40,0,0,0
337,40,0,40,0,0,0
338,40,0,40,0,0,0
339,40,0,40,0,0,0
340,40,0,40,0,0,0
341,41,0,41,0,0,0
342,42,0,42,0,0,0
343,42,0,42,0,0,0
344,42,0,42,0,0,0
345,43,0,43,0,0,0
346,44,0,44,0,0,0
347,44,0,44,0,0,0
348,44,0,44,0,0,0
349,44,0,44,0,0,0
350,45,0,45,0,0,0
351,46,0,46,0,0,0
352,47,0,47,0,0,0
353,47,0,47,0,0,0
354,48,0,48,0,0,0
355,48,0,48,0,0,0
356,50,0,50,0,0,0
357,50,0,50,0,0,0
358,50,0,50,0,0,0
359,50,0,50,0,0,0
360,50,0,50,0,0,0
361,50,0,50,0,0,0
362,50,0,50,0,0,0
363,51,0,51,0,0,0
364,52,0,52,0,0,0
365,52,0,52,0,0,0
366,53,0,53,0,0,0
367,53,0,53,0,0,0
368,53,0,53,0,0,0
369,53,0,53,0,0,0
370,53,0,53,0,0,0
371,54,0,54,0,0,0
372,56,0,56,0,0,0
373,56,0,56,0,0,0
374,56,0,56,0,0,0
375,57,0,57,0,0,0
376,58,0,58,0,0,0
377,58,0,58,0,0,0
378,59,0,59,0,0,0
379,60,0,60,0,0,0
380,60,0,60,0,0,0
381,62,0,61,0,0,0
382,63,0,62,0,0,0
383,65,0,64,0,0,0
384,66,0,66,0,0,0
385,66,0,66,0,0,0
386,67,0,67,0,0,0
387,67,0,67,0,0,0
388,67,0,67,0,0,0
389,68,0,68,0,0,0
390,68,0,68,0,0,0
391,68,0,68,0,0,0
392,69,0,69,0,0,0
393,70,0,70,0,0,0
394,71,0,71,0,0,0
395,73,0,73,0,0,0
396,73,0,73,0,0,0
397,74,0,74,0,0,0
398,76,0,76,0,0,0
399,76,0,76,0,0,0
400,77,0,77,0,0,0
401,77,0,77,0,0,0
402,77,0,77,0,0,0
403,78,0,77,0,0,0
404,81,0,80,0,0,0
405,81,0,80,0,0,0
406,81,0,81,0,0,0
407,82,0,82,0,0,0
408,82,0,82,0,0,0
409,83,0,83,0,0,0
410,85,0,85,0,0,0
411,87,0,87,0,0,0
412,87,0,87,0,0,0
413,88,0,88,0,0,0
414,89,0,89,0,0,0
415,89,0,89,0,0,0
416,90,0,90,0,0,0
417,90,0,90,0,0,0
418,91,0,91,0,0,0
419,93,0,93,0,0,0
420,94,0,94,0,0,0
421,94,0,94,0,0,0
422,95,0,94,0,0,0
423,96,0,96,0,0,0
424,96,0,96,0,0,0
425,99,0,98,0,0,0
426,99,0,98,0,0,0
427,100,0,99,0,0,0
428,100,0,99,0,0,0
429,100,0,99,0,0,0
430,100,0,99,0,0,0
431,100,0,99,0,0,0
432,100,0,99,0,0,0
433,100,0,100,0,0,0
434,100,0,100,0,0,0
435,101,0,101,0,0,0
436,101,0,101,0,0,0
437,102,0,102,0,0,0
438,104,0,103,0,0,0
439,104,0,103,0,0,0
440,107,0,105,0,0,0
441,107,0,107,0,0,0
442,107,0,107,0,0,0
443,107,0,107,0,0,0
444,108,0,108,0,0,0
445,108,0,108,0,0,0
446,109,0,109,0,0,0
447,109,0,109,0,0,0
448,110,0,110,0,0,0
449,111,0,111,0,0,0
450,111,0,111,0,0,0
451,111,0,111,0,0,0
452,112,0,112,0,0,0
453,113,0,113,0,0,0
454,113,0,113,0,0,0
455,114,0,114,0,0,0
456,114,0,114,0,0,0
457,115,0,115,0,0,0
458,117,0,116,0,0,0
459,118,0,117,0,0,0
460,119,0,119,0,0,0
461,120,0,119,0,0,0
462,120,0,119,0,0,0
463,121,0,120,0,0,0
464,122,0,120,0,0,0
465,124,0,122,0,0,0
466,126,0,125,0,0,0
467,129,0,128,0,0,0
468,130,0,129,0,0,0
469,130,0,129,0,0,0
470,130,0,129,0,0,0
471,131,0,130,0,0,0
472,132,0,132,0,0,0
473,133,0,133,0,0,0
474,133,0,133,0,0,0
475,133,0,133,0,0,0
476,133,0,133,0,0,0
477,133,0,133,0,0,0
478,133,0,133,0,0,0
479,135,0,134,0,0,0
480,135,0,134,0,0,0
481,137,0,134,0,0,0
482,137,0,135,0,0,0
483,138,0,136,0,0,0
484,141,0,140,0,0,0
485,141,0,141,0,0,0
486,142,0,142,0,0,0
487,142,0,142,0,0,0
488,142,0,142,0,0,0
489,143,0,143,0,0,0
490,143,0,143,0,0,0
491,143,0,143,0,0,0
492,144,0,144,0,0,0
493,146,0,146,0,0,0
494,146,0,146,0,0,0
495,147,0,147,0,0,0
496,147,0,147,0,0,0
497,147,0,147,0,0,0
498,148,0,148,0,0,0
499,148,0,148,0,0,0
500,149,0,148,0,0,0
501,150,0,150,0,0,0
502,150,0,150,0,0,0
503,150,0,150,0,0,0
504,153,0,152,0,0,0
505,153,0,153,0,0,0
506,153,0,153,0,0,0
507,153,0,153,0,0,0
508,154,0,154,0,0,0
509,154,0,154,0,0,0
510,155,0,155,0,0,0
511,155,0,155,0,0,0
512,157,0,157,0,0,0
513,158,0,157,0,0,0
514,159,0,158,0,0,0
515,159,0,159,0,0,0
516,160,0,160,0,0,0
517,160,0,160,0,0,0
518,160,0,160,0,0,0
519,160,0,160,0,0,0
520,162,0,162,0,0,0
521,162,0,162,0,0,0
522,166,0,165,0,0,0
523,168,0,167,0,0,0
524,168,0,168,0,0,0
525,168,0,168,0,0,0
526,170,0,170,0,0,0
527,171,0,171,0,0,0
528,172,0,172,0,0,0
529,174,0,174,0,0,0
530,175,0,175,0,0,0
531,176,0,175,0,0,0
532,176,0,175,0,0,0
533,176,0,176,0,0,0
534,177,0,176,0,0,0
535,179,0,178,0,0,0
536,181,0,181,0,0,0
537,182,0,182,0,0,0
538,183,0,183,0,0,0
539,183,0,183,0,0,0
540,184,0,184,0,0,0
541,185,0,185,0,0,0
542,185,0,185,0,0,0
543,186,0,186,0,0,0
544,186,0,186,0,0,0
545,189,0,188,0,0,0
546,190,0,190,0,0,0
547,191,0,191,0,0,0
548,192,0,191,0,0,0
549,194,0,193,0,0,0
550,196,0,193,0,0,0
551,196,0,195,0,0,0
552,197,0,196,0,0,0
553,197,0,196,0,0,0
554,197,0,197,0,0,0
555,197,0,197,0,0,0
556,197,0,197,0,0,0
557,199,0,199,0,0,0
558,200,0,200,0,0,0
559,201,0,201,0,0,0
560,201,0,201,0,0,0
561,202,0,202,0,0,0
562,203,0,203,0,0,0
563,203,0,203,0,0,0
564,204,0,204,0,0,0
565,207,0,207,0,0,0
566,207,0,207,0,0,0
567,207,0,207,0,0,0
568,207,0,207,0,0,0
569,209,1,208,3,0,0
570,210,1,209,3,0,0
571,211,1,210,3,0,0
572,211,1,210,3,0,0
573,211,1,210,3,0,0
574,211,1,210,3,0,0
575,211,1,210,3,0,0
576,212,1,211,3,0,0
577,212,1,211,3,0,0
578,212,1,211,3,0,0
579,212,1,211,3,0,0
580,213,1,212,3,0,0
581,213,1,212,3,0,0
582,213,1,212,3,0,0
583,213,1,212,3,0,0
584,213,1,212,3,0,0
585,214,1,213,3,0,0
586,214,1,213,3,0,0
587,214,1,213,3,0,0
588,214,1,213,3,0,0
589,215,1,213,3,0,0
590,216,1,214,3,0,0
591,217,1,214,3,0,0
592,218,1,215,3,0,0
593,220,1,217,3,0,0
594,220,1,217,3,0,0
595,222,1,219,3,0,0
596,222,1,219,3,0,0
597,222,1,219,3,0,0
598,223,1,221,3,0,0
599,223,1,221,3,0,0
600,223,1,221,3,0,0
601,224,1,223,3,0,0
602,225,1,223,3,0,0
603,227,1,225,3,0,0
604,227,1,225,3,0,0
605,229,1,226,3,0,0
606,231,1,229,3,0,0
607,231,1,229,3,0,0
608,233,1,231,3,0,0
609,233,1,231,3,0,0
610,233,1,232,3,0,0
611,236,1,235,3,0,0
612,237,1,236,3,0,0
613,237,1,236,3,0,0
614,239,1,238,3,0,0
615,239,1,238,3,0,0
616,240,1,239,3,0,0
617,241,1,240,3,0,0
618,241,1,240,3,0,0
619,241,1,240,3,0,0
620,242,1,241,3,0,0
621,242,1,241,3,0,0
622,243,1,242,3,0,0
623,243,1,242,3,0,0
624,243,1,242,3,0,0
625,243,1,242,3,0,0
626,244,1,243,3,0,0
627,244,1,243,3,0,0
628,245,1,244,3,0,0
629,245,1,244,3,0,0
630,245,1,244,3,0,0
631,245,1,244,3,0,0
632,247,1,246,3,0,0
633,248,1,247,3,0,0
634,250,1,249,3,0,0
635,250,1,249,3,0,0
636,251,1,250,3,0,0
637,252,1,250,3,0,0
638,252,1,251,3,0,0
639,253,1,252,3,0,0
640,253,1,252,3,0,0
641,254,1,253,3,0,0
642,254,2,252,7,0,0
643,256,2,254,7,0,0
644,257,2,255,7,0,0
645,258,2,256,7,0,0
646,261,2,259,7,0,0
647,262,2,260,7,0,0
648,262,2,260,7,0,0
649,262,2,260,7,0,0
650,263,2,261,7,0,0
651,264,2,262,7,0,0
652,264,2,262,7,0,0
653,265,2,263,7,0,0
654,265,2,263,7,0,0
655,265,2,263,7,0,0
656,266,2,263,7,0,0
657,266,2,263,7,0,0
658,268,2,265,7,0,0
659,268,2,265,7,0,0
660,270,2,267,7,0,0
661,270,2,267,7,0,0
662,270,2,268,7,0,0
663,270,2,268,7,0,0
664,271,2,269,7,0,0
665,271,2,269,7,0,0
666,271,2,269,7,0,0
667,271,2,269,7,0,0
668,272,2,270,7,0,0
669,273,2,271,7,0,0
670,275,2,273,7,0,0
671,278,2,276,7,0,0
672,278,2,276,7,0,0
673,280,2,277,7,0,0
674,280,2,277,7,0,0
675,281,2,278,7,0,0
676,281,2,279,7,0,0
677,284,2,281,7,0,0
678,284,2,281,7,0,0
679,285,2,282,7,0,0
680,285,2,282,7,0,0
681,286,2,283,7,0,0
682,287,2,283,7,0,0
683,288,2,283,7,0,0
684,288,2,284,7,0,0
685,289,2,285,7,0,0
686,289,2,285,7,0,0
687,290,2,285,7,0,0
688,291,2,287,7,0,0
689,291,2,287,7,0,0
690,295,2,289,7,0,0
691,295,2,289,7,0,0
692,297,2,292,7,0,0
693,298,2,293,7,0,0
694,300,2,295,7,0,0
695,300,2,295,7,0,0
696,300,2,295,7,0,0
697,301,2,296,7,0,0
698,301,2,296,7,0,0
699,301,2,296,7,0,0
700,301,2,296,7,0,0
701,303,2,298,7,0,0
702,303,2,299,7,0,0
703,303,2,299,7,0,0
704,304,2,300,7,0,0
705,305,2,301,7,0,0
706,306,2,302,7,0,0
707,307,2,303,7,0,0
708,309,2,305,7,0,0
709,309,2,305,7,0,0
710,309,2,306,7,0,0
711,309,2,306,7,0,0
712,309,2,306,7,0,0
713,309,2,306,7,0,0
714,309,2,306,7,0,0
715,309,2,306,7,0,0
716,309,2,306,7,0,0
717,309,2,306,7,0,0
718,310,2,307,7,0,0
719,311,2,308,7,0,0
720,313,2,310,7,0,0
721,314,2,311,7,0,0
722,317,2,314,7,0,0
723,317,2,314,7,0,0
724,317,2,314,7,0,0
725,318,2,315,7,0,0
726,319,2,316,7,0,0
727,320,2,316,7,0,0
728,320,2,316,7,0,0
729,320,2,316,7,0,0
730,320,2,317,7,0,0
731,321,2,318,7,0,0
732,324,2,321,7,0,0
733,326,2,324,7,0,0
734,326,2,324,7,0,0
735,326,2,324,7,0,0
736,329,2,326,7,0,0
737,330,2,327,7,0,0
738,330,2,327,7,0,0
739,331,2,327,7,0,0
740,331,2,327,7,0,0
741,331,2,327,7,0,0
742,332,2,328,7,0,0
743,332,2,328,7,0,0
744,332,2,329,7,0,0
745,333,2,330,7,0,0
746,335,2,332,7,0,0
747,336,2,333,7,0,0
748,339,2,335,7,0,0
749,339,2,335,7,0,0
750,339,2,335,7,0,0
751,340,2,336,7,0,0
752,341,2,337,7,0,0
753,341,3,336,9,0,0
754,343,3,338,9,0,0
755,343,3,339,9,0,0
756,345,3,341,9,0,0
757,347,3,343,9,0,0
758,347,3,343,9,0,0
759,350,3,346,9,0,0
760,350,3,346,9,0,0
761,352,3,348,9,0,0
762,354,3,350,9,0,0
763,354,3,350,9,0,0
764,355,3,350,9,0,0
765,356,3,351,9,0,0
766,358,3,354,9,0,0
767,358,3,354,9,0,0
768,360,3,355,9,0,0
769,360,3,356,9,0,0
770,360,3,357,9,0,0
771,360,3,357,9,0,0
772,361,3,358,9,0,0
773,363,4,358,10,0,0
774,365,4,360,10,0,0
775,368,4,362,10,0,0
776,368,4,362,10,0,0
777,368,4,363,10,0,0
778,368,4,363,10,0,0
779,369,4,364,10,0,0
780,371,4,365,10,0,0
781,371,4,366,10,0,0
782,371,4,367,10,0,0
783,371,4,367,10,0,0
784,373,4,368,10,0,0
785,373,4,369,10,0,0
786,374,4,369,10,0,0
787,374,5,369,11,0,0
788,376,5,371,11,0,0
789,378,5,372,11,0,0
790,379,5,373,11,0,0
791,379,5,373,11,0,0
792,380,5,374,11,0,0
793,381,5,375,11,0,0
794,381,5,375,11,0,0
795,381,5,375,11,0,0
796,381,5,375,11,0,0
797,382,5,376,11,0,0
798,382,5,376,11,0,0
799,382,5,377,11,0,0
800,382,5,377,11,0,0
801,383,5,377,11,0,0
802,384,5,378,11,0,0
803,386,5,380,11,0,0
804,387,5,381,11,0,0
805,389,5,382,11,0,0
806,389,5,382,11,0,0
807,389,5,383,11,0,0
808,389,5,383,11,0,0
809,389,5,383,11,0,0
810,389,5,383,11,0,0
811,389,5,384,11,0,0
812,390,5,384,11,0,0
813,391,5,385,11,0,0
814,394,5,388,11,0,0
815,394,5,389,11,0,0
816,397,5,391,11,0,0
817,399,5,391,11,0,0
818,399,5,391,11,0,0
819,399,5,391,11,0,0
820,399,5,393,11,0,0
821,399,5,393,11,0,0
822,400,5,393,11,0,0
823,401,5,394,11,0,0
824,402,5,395,11,0,0
825,402,5,395,11,0,0
826,402,5,395,11,0,0
827,403,5,396,11,0,0
828,403,5,396,11,0,0
829,403,5,396,11,0,0
830,403,5,397,11,0,0
831,405,5,399,11,0,0
832,406,5,401,11,0,0
833,407,5,402,11,0,0
834,409,5,404,11,0,0
835,410,5,405,11,0,0
836,411,5,406,11,0,0
837,413,5,407,11,0,0
838,414,5,408,11,0,0
839,417,5,410,11,0,0
840,417,5,410,11,0,0
841,418,5,413,11,0,0
842,418,5,413,11,0,0
843,420,5,414,11,0,0
844,423,5,414,11,0,0
845,423,5,415,11,0,0
846,423,5,415,11,0,0
847,424,5,418,11,0,0
848,424,5,418,11,0,0
849,424,5,418,11,0,0
850,425,5,418,11,0,0
851,425,5,418,11,0,0
852,426,5,419,11,0,0
853,426,5,421,11,0,0
854,427,5,422,11,0,0
855,428,5,423,11,0,0
856,429,5,424,11,0,0
857,429,5,424,11,0,0
858,429,5,424,11,0,0
859,429,6,423,13,0,0
860,430,7,423,14,0,0
861,430,8,422,16,0,0
862,432,8,423,16,0,0
863,432,8,423,16,0,0
864,432,8,424,16,0,0
865,433,8,425,16,0,0
866,434,9,425,18,0,0
867,434,9,425,18,0,0
868,434,9,425,18,0,0
869,436,9,426,18,0,0
870,436,9,426,18,0,0
871,437,9,427,18,0,0
872,438,9,428,18,0,0
873,439,9,429,18,0,0
874,440,9,430,18,0,0
875,442,9,432,18,0,0
876,444,9,434,18,0,0
877,445,9,434,18,0,0
878,445,9,434,18,0,0
879,445,9,434,18,0,0
880,445,9,435,18,0,0
881,445,9,435,18,0,0
882,445,9,435,18,0,0
883,448,9,436,18,0,0
884,449,9,437,18,0,0
885,450,9,439,18,0,0
886,451,9,440,18,0,0
887,451,9,440,18,0,0
888,453,9,443,18,0,0
889,453,9,443,18,0,0
890,455,9,445,18,0,0
891,456,10,445,20,0,0
892,456,10,445,20,0,0
893,456,11,444,22,0,0
894,457,11,445,22,0,0
895,458,11,445,22,0,0
896,458,12,446,25,0,0
897,458,12,446,25,0,0
898,460,12,448,25,0,0
899,460,12,448,25,0,0
900,460,12,448,25,0,0
901,460,12,448,25,0,0
902,461,12,448,25,0,0
903,461,12,449,25,0,0
904,461,13,448,27,0,0
905,462,13,449,27,0,0
906,463,13,450,27,0,0
907,464,13,450,27,0,0
908,466,13,452,27,0,0
909,466,13,452,27,0,0
910,467,13,453,27,0,0
911,467,13,453,27,0,0
912,467,13,453,27,0,0
913,467,13,453,27,0,0
914,467,13,453,27,0,0
915,467,13,453,27,0,0
916,468,13,455,27,0,0
917,468,13,455,27,0,0
918,468,13,455,27,0,0
919,468,13,455,27,0,0
920,469,13,456,27,0,0
921,471,13,457,27,0,0
922,473,13,459,27,0,0
923,474,13,460,27,0,0
924,475,13,462,27,0,0
925,475,13,462,27,0,0
926,476,13,463,27,0,0
927,476,13,463,27,0,0
928,478,13,465,27,0,0
929,480,14,465,31,0,0
930,480,15,464,33,0,0
931,481,15,465,33,0,0
932,481,15,465,33,0,0
933,482,15,467,33,0,0
934,482,15,467,33,0,0
935,482,15,467,33,0,0
936,482,15,467,33,0,0
937,484,15,469,33,0,0
938,484,15,469,33,0,0
939,484,15,469,33,0,0
940,484,15,469,33,0,0
941,484,15,469,33,0,0
942,484,15,469,33,0,0
943,485,15,470,33,0,0
944,487,15,471,33,0,0
945,488,15,472,33,0,0
946,488,15,472,33,0,0
947,488,15,472,33,0,0
948,488,15,472,33,0,0
949,488,15,472,33,0,0
950,489,15,473,33,0,0
951,489,15,473,33,0,0
952,489,15,473,33,0,0
953,489,15,473,33,0,0
954,489,15,473,33,0,0
955,489,15,473,33,0,0
956,492,15,476,33,0,0
957,492,15,476,33,0,0
958,493,15,477,33,0,0
959,494,15,478,33,0,0
960,494,15,478,33,0,0
961,495,15,480,33,0,0
962,496,15,480,33,0,0
963,496,15,480,33,0,0
964,496,15,480,33,0,0
965,497,15,481,33,0,0
966,497,15,481,33,0,0
967,498,15,482,33,0,0
968,498,15,482,33,0,0
969,499,15,483,33,0,0
970,501,15,486,33,0,0
971,501,15,486,33,0,0
972,502,16,485,35,0,0
973,503,17,485,38,0,0
974,504,18,485,39,0,0
975,505,20,483,43,0,0
976,507,20,485,43,0,0
977,508,20,485,43,0,0
978,508,20,485,43,0,0
979,508,20,485,43,0,0
980,509,20,486,43,0,0
981,510,20,487,43,0,0
982,510,20,487,43,0,0
983,510,20,487,43,0,0
984,511,20,487,43,0,0
985,513,20,490,43,0,0
986,513,20,491,43,0,0
987,514,20,492,43,0,0
988,516,20,495,43,0,0
989,516,20,495,43,0,0
990,516,20,495,43,0,0
991,516,20,495,43,0,0
992,516,20,495,43,0,0
993,517,20,496,43,0,0
994,520,20,499,43,0,0
995,522,20,500,43,0,0
996,522,20,500,43,0,0
997,524,20,501,43,0,0
998,525,20,502,43,0,0
999,526,20,503,43,0,0
1000,526,20,503,43,0,0
1001,528,20,506,43,0,0
1002,529,20,507,43,0,0
1003,529,20,507,43,0,0
1004,530,20,508,43,0,0
1005,530,21,507,47,0,0
1006,531,21,508,47,0,0
1007,531,21,509,47,0,0
1008,532,21,510,47,0,0
1009,533,21,511,47,0,0
1010,535,22,511,49,0,0
1011,537,22,512,49,0,0
1012,538,22,513,49,0,0
1013,539,22,514,49,0,0
1014,539,22,514,49,0,0
1015,539,22,514,49,0,0
1016,540,22,515,49,0,0
1017,541,22,516,49,0,0
1018,542,22,517,49,0,0
1019,542,22,517,49,0,0
1020,544,22,520,49,0,0
1021,544,22,520,49,0,0
1022,544,22,520,49,0,0
1023,544,22,520,49,0,0
1024,545,22,520,49,0,0
1025,546,22,522,49,0,0
1026,547,22,523,49,0,0
1027,547,22,523,49,0,0
1028,549,22,524,49,0,0
1029,551,22,525,49,0,0
1030,552,22,528,49,0,0
1031,553,22,528,49,0,0
1032,555,22,530,49,0,0
1033,556,22,532,49,0,0
1034,556,22,533,49,0,0
1035,557,22,534,49,0,0
1036,558,23,533,51,0,0
1037,559,24,533,54,0,0
1038,560,24,534,54,0,0
1039,560,24,534,54,0,0
1040,561,24,535,54,0,0
1041,563,24,537,54,0,0
1042,564,24,538,54,0,0
1043,564,24,539,54,0,0
1044,567,24,542,54,0,0
1045,569,24,543,54,0,0
1046,569,24,543,54,0,0
1047,571,24,546,54,0,0
1048,571,24,546,54,0,0
1049,572,24,546,54,0,0
1050,574,24,548,54,0,0
1051,574,24,548,54,0,0
1052,577,24,550,54,0,0
1053,578,24,551,54,0,0
1054,578,24,551,54,0,0
1055,578,24,551,54,0,0
1056,579,24,552,54,0,0
1057,580,24,552,54,0,0
1058,581,24,553,54,0,0
1059,584,24,557,54,0,0
1060,586,24,559,54,0,0
1061,588,24,561,54,0,0
1062,589,24,563,54,0,0
1063,590,24,564,54,0,0
1064,590,24,564,54,0,0
1065,590,24,564,54,0,0
1066,591,24,565,54,0,0
1067,592,24,565,54,0,0
1068,594,24,566,54,0,0
1069,594,24,566,54,0,0
1070,594,24,566,54,0,0
1071,596,24,567,54,0,0
1072,597,24,568,54,0,0
1073,599,24,569,54,0,0
1074,599,24,569,54,0,0
1075,599,24,570,54,0,0
1076,601,25,571,56,0,0
1077,602,25,573,56,0,0
1078,603,26,573,61,0,0
1079,604,26,575,61,0,0
1080,606,26,577,61,0,0
1081,607,27,577,63,0,0
1082,607,28,576,64,0,0
1083,607,29,575,65,0,0
1084,607,30,574,69,0,0
1085,607,31,574,71,0,0
1086,608,33,572,75,0,0
1087,610,33,573,75,0,0
1088,611,35,572,85,0,0
1089,611,36,571,89,0,0
1090,611,37,572,92,0,0
1091,612,38,571,95,0,0
1092,614,39,572,99,0,0
1093,614,39,573,99,0,0
1094,616,40,574,101,0,0
1095,616,41,573,102,0,0
1096,616,43,571,108,0,0
1097,618,44,571,109,0,0
1098,620,46,571,114,0,0
1099,620,47,570,115,0,0
1100,621,48,572,120,0,0
1101,621,50,570,125,0,0
1102,624,50,572,125,0,0
1103,627,51,573,128,0,0
1104,631,52,575,132,0,0
1105,632,52,576,132,0,0
1106,633,52,577,132,0,0
1107,633,52,578,132,0,0
1108,634,52,578,132,0,0
1109,635,52,581,132,0,0
1110,635,52,582,132,0,0
1111,637,52,583,132,0,0
1112,639,52,584,132,0,0
1113,640,52,584,132,0,0
1114,640,52,586,132,0,0
1115,640,52,586,132,0,0
1116,641,52,587,132,0,0
1117,641,52,587,132,0,0
1118,642,52,588,132,0,0
1119,644,52,589,132,0,0
1120,644,52,589,132,0,0
1121,646,52,591,132,0,0
1122,647,52,593,132,0,0
1123,648,52,594,132,0,0
1124,649,52,594,132,0,0
1125,649,52,594,132,0,0
1126,650,52,595,132,0,0
1127,650,52,596,132,0,0
1128,650,52,597,132,0,0
1129,650,52,597,132,0,0
1130,652,52,599,132,0,0
1131,653,52,600,132,0,0
1132,654,52,601,132,0,0
1133,654,52,601,132,0,0
1134,655,53,602,136,0,0
1135,655,53,602,136,0,0
1136,655,54,601,137,0,0
1137,655,54,601,137,0,0
1138,656,54,601,137,0,0
1139,656,55,600,139,0,0
1140,656,55,600,139,0,0
1141,656,55,600,139,0,0
1142,656,55,600,139,0,0
1143,657,55,601,139,0,0
1144,657,55,601,139,0,0
1145,657,55,601,139,0,0
1146,657,55,601,139,0,0
1147,657,55,601,139,0,0
1148,657,55,602,139,0,0
1149,657,55,602,139,0,0
1150,658,55,603,139,0,0
1151,658,55,603,139,0,0
1152,658,55,603,139,0,0
1153,658,55,603,139,0,0
1154,659,55,603,139,0,0
1155,660,55,605,139,0,0
1156,660,55,605,139,0,0
1157,660,55,605,139,0,0
1158,661,55,606,139,0,0
1159,661,55,606,139,0,0
1160,661,55,606,139,0,0
1161,662,55,607,139,0,0
1162,663,55,608,139,0,0
1163,663,55,608,139,0,0
1164,663,55,608,139,0,0
1165,663,55,608,139,0,0
1166,663,55,608,139,0,0
1167,663,55,608,139,0,0
1168,663,55,608,139,0,0
1169,663,55,608,139,0,0
1170,663,55,608,139,0,0
1171,663,56,607,140,0,0
1172,663,56,607,140,0,0
1173,663,56,607,140,0,0
1174,663,56,607,140,0,0
1175,663,56,607,140,0,0
1176,663,56,607,140,0,0
1177,663,56,607,140,0,0
1178,663,56,607,140,0,0
1179,663,56,607,140,0,0
1180,663,56,607,140,0,0
1181,663,56,607,140,0,0
1182,663,56,607,140,0,0
1183,663,56,607,140,0,0
1184,664,56,608,140,0,0
1185,664,56,608,140,0,0
1186,665,56,608,140,0,0
1187,666,56,609,140,0,0
1188,666,56,609,140,0,0
1189,666,56,609,140,0,0
1190,666,56,609,140,0,0
1191,667,56,610,140,0,0
1192,667,56,610,140,0,0
1193,667,56,610,140,0,0
1194,667,57,610,141,0,0
1195,667,57,610,141,0,0
1196,667,57,610,141,0,0
1197,667,57,610,141,0,0
1198,667,57,610,141,0,0
1199,667,57,610,141,0,0
1200,667,57,610,141,0,0
1201,667,57,610,141,0,0
1202,668,57,610,141,0,0
1203,668,57,610,141,0,0
1204,668,57,610,141,0,0
1205,668,57,610,141,0,0
1206,668,57,610,141,0,0
1207,668,57,610,141,0,0
1208,668,58,609,144,0,0
1209,669,58,610,144,0,0
1210,669,59,609,148,0,0
1211,669,60,609,150,0,0
1212,669,60,609,150,0,0
1213,669,61,608,154,0,0
1214,669,61,608,154,0,0
1215,669,62,607,157,0,0
1216,669,64,605,160,0,0
1217,669,64,605,160,0,0
1218,669,66,603,169,0,0
1219,669,67,602,171,0,0
1220,669,68,601,174,0,0
1221,669,69,600,178,0,0
1222,670,71,599,183,0,0
1223,670,72,598,184,0,0
1224,670,72,598,184,0,0
1225,671,74,597,191,0,0
1226,671,75,596,194,0,0
1227,671,75,596,194,0,0
1228,671,76,595,195,0,0
1229,671,76,595,195,0,0
1230,671,78,593,200,0,0
1231,671,78,593,200,0,0
1232,671,80,591,203,0,0
1233,671,81,590,204,0,0
1234,671,82,589,209,0,0
1235,671,82,589,209,0,0
1236,671,83,588,211,0,0
1237,671,83,588,211,0,0
1238,671,83,588,211,0,0
1239,671,83,588,211,0,0
1240,672,83,589,211,0,0
1241,672,83,589,211,0,0
1242,672,84,588,213,0,0
1243,672,84,588,213,0,0
1244,672,84,588,213,0,0
1245,672,84,588,213,0,0
1246,672,84,588,213,0,0
1247,672,84,588,213,0,0
1248,672,84,588,213,0,0
1249,672,84,588,213,0,0
1250,673,84,589,213,0,0
1251,673,84,589,213,0,0
1252,673,84,589,213,0,0
1253,673,84,589,213,0,0
1254,673,84,589,213,0,0
1255,674,84,590,213,0,0
1256,674,84,590,213,0,0
1257,675,84,591,213,0,0
1258,675,84,591,213,0,0
1259,675,84,591,213,0,0
1260,675,84,591,213,0,0
1261,675,84,591,213,0,0
1262,675,84,591,213,0,0
1263,675,84,591,213,0,0
1264,675,84,591,213,0,0
1265,676,84,592,213,0,0
1266,677,84,593,213,0,0
1267,677,85,592,217,0,0
1268,677,85,592,217,0,0
1269,677,86,591,218,0,0
1270,677,86,591,218,0,0
1271,677,88,589,223,0,0
1272,677,90,587,226,0,0
1273,677,90,587,226,0,0
1274,677,91,586,230,0,0
1275,677,93,584,234,0,0
1276,677,94,583,235,0,0
1277,677,94,583,235,0,0
1278,677,94,583,235,0,0
1279,677,94,583,235,0,0
1280,677,94,583,235,0,0
1281,677,94,583,235,0,0
1282,677,94,583,235,0,0
1283,677,94,583,235,0,0
1284,677,94,583,235,0,0
1285,677,94,583,235,0,0
1286,677,94,583,235,0,0
1287,677,94,583,235,0,0
1288,677,94,583,235,0,0
1289,677,94,583,235,0,0
1290,677,94,583,235,0,0
1291,677,94,583,235,0,0
1292,677,94,583,235,0,0
1293,677,94,583,235,0,0
1294,677,94,583,235,0,0
1295,677,94,583,235,0,0
1296,679,94,585,235,0,0
1297,679,94,585,235,0,0
1298,679,94,585,235,0,0
1299,679,94,585,235,0,0
1300,679,94,585,235,0,0
1301,679,94,585,235,0,0
1302,679,94,585,235,0,0
1303,679,94,585,235,0,0
1304,679,94,585,235,0,0
1305,679,94,585,235,0,0
1306,679,94,585,235,0,0
1307,679,94,585,235,0,0
1308,679,94,585,235,0,0
1309,680,94,586,235,0,0
1310,680,94,586,235,0,0
1311,680,95,585,236,0,0
1312,680,95,585,236,0,0
1313,680,96,584,238,0,0
1314,680,98,582,245,0,0
1315,681,98,582,245,0,0
1316,681,99,581,249,0,0
1317,681,100,580,253,0,0
1318,681,101,579,255,0,0
1319,681,101,579,255,0,0
1320,681,102,579,256,0,0
1321,681,103,578,258,0,0
1322,681,103,578,258,0,0
1323,682,104,578,259,0,0
1324,682,105,577,262,0,0
1325,682,105,577,262,0,0
1326,684,107,577,266,0,0
1327,684,109,575,271,0,0
1328,684,109,575,271,0,0
1329,684,111,573,278,0,0
1330,684,111,573,278,0,0
1331,684,113,571,284,0,0
1332,684,113,571,284,0,0
1333,684,113,571,284,0,0
1334,684,113,571,284,0,0
1335,684,113,571,284,0,0
1336,684,113,571,284,0,0
1337,684,113,571,284,0,0
1338,684,114,570,289,0,0
1339,684,114,570,289,0,0
1340,684,114,570,289,0,0
1341,684,114,570,289,0,0
1342,684,114,570,289,0,0
1343,684,114,570,289,0,0
1344,684,114,570,289,0,0
1345,684,114,570,289,0,0
1346,684,114,570,289,0,0
1347,685,114,571,289,0,0
1348,685,114,571,289,0,0
1349,685,114,571,289,0,0
1350,686,114,571,289,0,0
1351,686,114,571,289,0,0
1352,686,114,571,289,0,0
1353,686,114,571,289,0,0
1354,686,114,571,289,0,0
1355,686,114,572,289,0,0
1356,686,114,572,289,0,0
1357,687,114,573,289,0,0
1358,687,114,573,289,0,0
1359,687,114,573,289,0,0
1360,687,114,573,289,0,0
1361,687,114,573,289,0,0
1362,687,115,572,291,0,0
1363,687,115,572,291,0,0
1364,687,115,572,291,0,0
1365,687,116,571,293,0,0
1366,687,116,571,293,0,0
1367,687,117,570,297,0,0
1368,687,118,569,298,0,0
1369,687,118,569,298,0,0
1370,687,118,569,298,0,0
1371,687,118,569,298,0,0
1372,687,118,569,298,0,0
1373,687,118,569,298,0,0
1374,687,119,568,300,0,0
1375,688,119,569,300,0,0
1376,688,119,569,300,0,0
1377,690,119,570,300,0,0
1378,690,119,570,300,0,0
1379,690,119,570,300,0,0
1380,690,119,570,300,0,0
1381,691,119,571,300,0,0
1382,691,119,571,300,0,0
1383,691,119,571,300,0,0
1384,691,119,572,300,0,0
1385,691,119,572,300,0,0
1386,691,119,572,300,0,0
1387,692,119,572,300,0,0
1388,692,119,572,300,0,0
1389,692,119,572,300,0,0
1390,692,119,572,300,0,0
1391,692,119,572,300,0,0
1392,692,119,573,300,0,0
1393,692,119,573,300,0,0
1394,692,119,573,300,0,0
1395,692,119,573,300,0,0
1396,692,119,573,300,0,0
1397,692,119,573,300,0,0
1398,692,119,573,300,0,0
1399,692,119,573,300,0,0
1400,693,119,574,300,0,0
1401,693,120,573,302,0,0
1402,693,120,573,302,0,0
1403,693,122,571,307,0,0
1404,693,122,571,307,0,0
1405,693,123,570,308,0,0
1406,693,123,570,308,0,0
1407,693,124,569,310,0,0
1408,693,124,569,310,0,0
1409,693,126,567,314,0,0
1410,693,127,566,316,0,0
1411,693,128,565,321,0,0
1412,694,129,565,325,0,0
1413,695,129,565,325,0,0
1414,695,131,562,330,0,0
1415,695,132,563,332,0,0
1416,695,133,562,335,0,0
1417,695,135,560,339,0,0
1418,695,136,559,340,0,0
1419,695,137,558,342,0,0
1420,695,138,557,344,0,0
1421,695,140,555,349,0,0
1422,695,141,554,350,0,0
1423,696,141,555,350,0,0
1424,696,143,553,358,0,0
1425,696,143,553,358,0,0
1426,696,143,553,358,0,0
1427,696,143,553,358,0,0
1428,696,143,553,358,0,0
1429,696,143,553,358,0,0
1430,697,143,554,358,0,0
1431,697,143,554,358,0,0
1432,697,143,554,358,0,0
1433,697,144,553,360,0,0
1434,698,144,554,360,0,0
1435,699,144,555,360,0,0
1436,699,144,555,360,0,0
1437,699,144,555,360,0,0
1438,699,145,554,361,0,0
1439,699,145,554,361,0,0
1440,699,146,553,364,0,0
1441,699,146,553,364,0,0
1442,699,146,553,364,0,0
1443,699,146,553,364,0,0
1444,700,146,554,364,0,0
1445,700,146,554,364,0,0
1446,700,146,554,364,0,0
1447,700,146,554,364,0,0
1448,700,146,554,364,0,0
1449,700,146,554,364,0,0
1450,700,146,554,364,0,0
1451,700,146,554,364,0,0
1452,700,146,554,364,0,0
1453,701,146,555,364,0,0
1454,701,146,555,364,0,0
1455,701,147,554,366,0,0
1456,701,148,553,368,0,0
1457,701,149,552,370,0,0
1458,701,151,550,372,0,0
1459,701,151,550,372,0,0
1460,701,152,549,373,0,0
1461,702,152,550,373,0,0
1462,703,153,550,374,0,0
1463,703,154,549,376,0,0
1464,703,154,549,376,0,0
1465,703,155,548,377,0,0
1466,703,155,548,377,0,0
1467,703,157,546,381,0,0
1468,703,157,546,381,0,0
1469,703,157,546,381,0,0
1470,704,157,547,381,0,0
1471,704,157,547,381,0,0
1472,705,157,548,381,0,0
1473,705,157,548,381,0,0
1474,705,157,548,381,0,0
1475,705,157,548,381,0,0
1476,705,157,548,381,0,0
1477,706,157,549,381,0,0
1478,706,157,549,381,0,0
1479,706,157,549,381,0,0
1480,706,157,549,381,0,0
1481,706,157,549,381,0,0
1482,706,157,549,381,0,0
1483,707,157,550,381,0,0
1484,707,157,550,381,0,0
1485,707,157,550,381,0,0
1486,708,157,551,381,0,0
1487,709,157,552,381,0,0
1488,709,157,552,381,0,0
1489,710,157,553,381,0,0
1490,710,157,553,381,0,0
1491,710,157,553,381,0,0
1492,710,157,553,381,0,0
1493,710,157,553,381,0,0
1494,710,157,553,381,0,0
1495,711,157,554,381,0,0
1496,711,157,554,381,0,0
1497,711,157,554,381,0,0
1498,711,157,554,381,0,0
1499,711,157,554,381,0,0
1500,711,157,554,381,0,0
1501,711,159,552,390,0,0
1502,712,160,552,391,0,0
1503,712,160,552,391,0,0
1504,712,161,551,393,0,0
1505,712,162,550,395,0,0
1506,712,163,549,397,0,0
1507,713,165,548,403,0,0
1508,713,165,548,403,0,0
1509,713,167,546,410,0,0
1510,713,168,545,411,0,0
1511,713,168,545,411,0,0
1512,713,170,543,417,0,0
1513,713,171,542,421,0,0
1514,713,171,542,421,0,0
1515,713,171,542,421,0,0
1516,713,171,542,421,0,0
1517,714,171,543,421,0,0
1518,714,171,543,421,0,0
1519,714,171,543,421,0,0
1520,714,171,543,421,0,0
1521,714,171,543,421,0,0
1522,714,171,543,421,0,0
1523,714,171,543,421,0,0
1524,715,171,544,421,0,0
1525,715,171,544,421,0,0
1526,716,171,545,421,0,0
1527,716,171,545,421,0,0
1528,716,171,545,421,0,0
1529,716,171,545,421,0,0
1530,717,171,546,421,0,0
1531,717,171,546,421,0,0
1532,717,171,546,421,0,0
1533,717,171,546,421,0,0
1534,717,171,546,421,0,0
1535,718,171,547,421,0,0
1536,719,171,548,421,0,0
1537,719,171,548,421,0,0
1538,719,171,548,421,0,0
1539,719,171,548,421,0,0
1540,720,171,548,421,0,0
1541,720,171,548,421,0,0
1542,720,171,549,421,0,0
1543,721,171,549,421,0,0
1544,721,171,549,421,0,0
1545,722,171,550,421,0,0
1546,723,171,551,421,0,0
1547,723,171,551,421,0,0
1548,723,171,551,421,0,0
1549,723,171,552,421,0,0
1550,723,171,552,421,0,0
1551,723,171,552,421,0,0
1552,723,171,552,421,0,0
1553,723,171,552,421,0,0
1554,723,171,552,421,0,0
1555,723,171,552,421,0,0
1556,723,171,552,421,0,0
1557,723,171,552,421,0,0
1558,723,171,552,421,0,0
1559,723,171,552,421,0,0
1560,723,171,552,421,0,0
1561,723,171,552,421,0,0
1562,724,171,553,421,0,0
1563,725,171,554,421,0,0
1564,725,171,554,421,0,0
1565,725,171,554,421,0,0
1566,727,171,555,421,0,0
1567,728,171,556,421,0,0
1568,728,171,556,421,0,0
1569,728,171,556,421,0,0
1570,728,171,556,421,0,0
1571,728,171,556,421,0,0
1572,728,171,556,421,0,0
1573,728,171,557,421,0,0
1574,728,171,557,421,0,0
1575,728,171,557,421,0,0
1576,728,171,557,421,0,0
1577,728,171,557,421,0,0
1578,728,171,557,421,0,0
1579,728,171,557,421,0,0
1580,728,171,557,421,0,0
1581,729,172,557,423,0,0
1582,729,172,557,423,0,0
1583,729,174,555,425,0,0
1584,730,175,555,426,0,0
1585,730,175,555,426,0,0
1586,730,177,553,433,0,0
1587,730,178,552,436,0,0
1588,730,178,552,436,0,0
1589,730,179,551,437,0,0
1590,730,180,550,439,0,0
1591,730,181,549,440,0,0
1592,730,181,549,440,0,0
1593,730,182,548,441,0,0
1594,730,183,547,445,0,0
1595,730,183,547,445,0,0
1596,730,184,546,449,0,0
1597,730,185,545,452,0,0
1598,730,186,544,453,0,0
1599,730,188,542,459,0,0
1600,730,189,541,460,0,0
1601,730,191,539,465,0,0
1602,730,194,536,473,0,0
1603,731,194,537,473,0,0
1604,731,196,535,476,0,0
1605,731,198,533,484,0,0
1606,731,198,533,484,0,0
1607,731,200,531,489,0,0
1608,732,200,532,489,0,0
1609,732,201,531,490,0,0
1610,732,203,529,495,0,0
1611,732,203,529,495,0,0
1612,732,203,529,495,0,0
1613,732,203,529,495,0,0
1614,732,203,529,495,0,0
1615,733,204,529,497,0,0
1616,733,204,529,497,0,0
1617,733,206,527,502,0,0
1618,735,206,529,502,0,0
1619,736,206,530,502,0,0
1620,736,206,530,502,0,0
1621,736,206,530,502,0,0
1622,736,206,530,502,0,0
1623,736,208,528,510,0,0
1624,736,208,528,510,0,0
1625,736,208,528,510,0,0
1626,736,208,528,510,0,0
1627,736,208,528,510,0,0
1628,736,208,528,510,0,0
1629,736,208,528,510,0,0
1630,736,208,528,510,0,0
1631,736,208,528,510,0,0
1632,736,208,528,510,0,0
1633,736,208,528,510,0,0
1634,736,208,528,510,0,0
1635,736,208,528,510,0,0
1636,737,208,529,510,0,0
1637,737,208,529,510,0,0
1638,737,208,529,510,0,0
1639,739,208,531,510,0,0
1640,739,208,531,510,0,0
1641,739,208,531,510,0,0
1642,739,208,531,510,0,0
1643,740,208,532,510,0,0
1644,740,208,532,510,0,0
1645,740,208,532,510,0,0
1646,740,208,532,510,0,0
1647,741,208,533,510,0,0
1648,741,208,533,510,0,0
1649,742,208,534,510,0,0
1650,742,208,534,510,0,0
1651,742,208,534,510,0,0
1652,742,208,534,510,0,0
1653,742,208,534,510,0,0
1654,742,208,534,510,0,0
1655,743,208,535,510,0,0
1656,743,209,534,511,0,0
1657,743,209,534,511,0,0
1658,743,210,533,516,0,0
1659,743,212,531,526,0,0
1660,744,212,532,526,0,0
1661,744,213,531,529,0,0
1662,744,213,531,529,0,0
1663,745,214,531,531,0,0
1664,745,215,530,534,0,0
1665,745,216,529,537,0,0
1666,745,217,528,541,0,0
1667,745,218,527,544,0,0
1668,745,220,525,546,0,0
1669,745,220,525,546,0,0
1670,745,221,524,547,0,0
1671,745,223,522,551,0,0
1672,745,224,521,552,0,0
1673,745,225,520,557,0,0
1674,747,227,520,559,0,0
1675,747,228,519,563,0,0
1676,747,228,519,563,0,0
1677,747,229,518,568,0,0
1678,747,229,518,568,0,0
1679,747,230,517,569,0,0
1680,748,231,517,571,0,0
1681,748,231,517,571,0,0
1682,748,231,517,571,0,0
1683,748,231,517,571,0,0
1684,748,231,517,571,0,0
1685,748,231,517,571,0,0
1686,748,231,517,571,0,0
1687,748,231,517,571,0,0
1688,748,231,517,571,0,0
1689,748,231,517,571,0,0
1690,748,231,517,571,0,0
1691,748,231,517,571,0,0
1692,748,231,517,571,0,0
1693,748,231,517,571,0,0
1694,749,231,518,571,0,0
1695,749,231,518,571,0,0
1696,749,231,518,571,0,0
1697,749,231,518,571,0,0
1698,749,231,518,571,0,0
1699,749,231,518,571,0,0
1700,749,231,518,571,0,0
1701,749,231,518,571,0,0
1702,749,231,518,571,0,0
1703,749,231,518,571,0,0
1704,749,231,518,571,0,0
1705,749,231,518,571,0,0
1706,749,231,518,571,0,0
1707,749,231,518,571,0,0
1708,749,231,518,571,0,0
1709,749,231,518,571,0,0
1710,749,231,518,571,0,0
1711,749,232,517,572,0,0
1712,749,233,516,576,0,0
1713,749,234,515,580,0,0
1714,749,235,514,584,0,0
1715,750,235,515,584,0,0
1716,750,236,514,586,0,0
1717,750,236,514,586,0,0
1718,750,238,512,592,0,0
1719,750,240,510,594,0,0
1720,750,240,510,594,0,0
1721,750,241,509,598,0,0
1722,750,242,508,599,0,0
1723,752,242,509,599,0,0
1724,752,242,509,599,0,0
1725,752,242,510,599,0,0
1726,752,242,510,599,0,0
1727,752,242,510,599,0,0
1728,752,242,510,599,0,0
1729,752,242,510,599,0,0
1730,752,242,510,599,0,0
1731,752,242,510,599,0,0
1732,752,242,510,599,0,0
1733,752,242,510,599,0,0
1734,752,242,510,599,0,0
1735,752,242,510,599,0,0
1736,752,242,510,599,0,0
1737,752,242,510,599,0,0
1738,752,242,510,599,0,0
1739,752,242,510,599,0,0
1740,752,242,510,599,0,0
1741,752,242,510,599,0,0
1742,752,242,510,599,0,0
1743,752,242,510,599,0,0
1744,752,242,510,599,0,0
1745,752,242,510,599,0,0
1746,752,242,510,599,0,0
1747,752,242,510,599,0,0
1748,753,242,510,599,0,0
1749,753,242,510,599,0,0
1750,753,242,510,599,0,0
1751,753,242,511,599,0,0
1752,753,242,511,599,0,0
1753,753,242,511,599,0,0
1754,753,242,511,599,0,0
1755,753,242,511,599,0,0
1756,753,242,511,599,0,0
1757,753,243,510,600,0,0
1758,754,244,510,601,0,0
1759,754,246,508,606,0,0
1760,754,246,508,606,0,0
1761,754,248,506,609,0,0
1762,754,250,504,615,0,0
1763,754,250,504,615,0,0
1764,754,253,501,626,0,0
1765,754,253,501,626,0,0
1766,755,254,500,630,0,0
1767,755,254,500,630,0,0
1768,755,254,500,630,0,0
1769,755,254,501,630,0,0
1770,755,254,501,630,0,0
1771,755,254,501,630,0,0
1772,755,255,500,632,0,0
1773,755,255,500,632,0,0
1774,755,255,500,632,0,0
1775,756,255,500,632,0,0
1776,756,255,500,632,0,0
1777,756,255,500,632,0,0
1778,756,255,500,632,0,0
1779,757,255,502,632,0,0
1780,757,255,502,632,0,0
1781,757,255,502,632,0,0
1782,757,255,502,632,0,0
1783,757,255,502,632,0,0
1784,757,255,502,632,0,0
1785,757,255,502,632,0,0
1786,757,255,502,632,0,0
1787,758,255,503,632,0,0
1788,758,255,503,632,0,0
1789,758,255,503,632,0,0
1790,759,256,503,637,0,0
1791,759,257,502,641,0,0
1792,759,257,502,641,0,0
1793,759,257,502,641,0,0
1794,759,257,502,641,0,0
1795,760,257,503,641,0,0
1796,760,258,502,642,0,0
1797,760,258,502,642,0,0
1798,760,259,501,647,0,0
1799,760,261,499,654,0,0
1800,760,261,499,654,0,0
1801,760,261,499,654,0,0
1802,761,261,500,654,0,0
1803,761,262,499,655,0,0
1804,761,262,499,655,0,0
1805,762,262,500,655,0,0
1806,762,262,500,655,0,0
1807,762,262,500,655,0,0
1808,762,262,500,655,0,0
1809,762,263,499,657,0,0
1810,762,264,498,658,0,0
1811,762,264,498,658,0,0
1812,762,264,498,658,0,0
1813,762,264,498,658,0,0
1814,762,264,498,658,0,0
1815,762,264,498,658,0,0
1816,763,264,499,658,0,0
1817,763,264,499,658,0,0
1818,763,264,499,658,0,0
1819,763,264,499,658,0,0
1820,763,264,499,658,0,0
1821,763,264,499,658,0,0
1822,763,264,499,658,0,0
1823,763,264,499,658,0,0
1824,763,264,499,658,0,0
1825,763,264,499,658,0,0
1826,763,264,499,658,0,0
1827,763,264,499,658,0,0
1828,763,264,499,658,0,0
1829,763,264,499,658,0,0
1830,763,264,499,658,0,0
1831,763,264,499,658,0,0
1832,764,264,500,658,0,0
1833,764,264,500,658,0,0
1834,764,264,500,658,0,0
1835,764,264,500,658,0,0
1836,764,264,500,658,0,0
1837,764,264,500,658,0,0
1838,764,264,500,658,0,0
1839,765,264,501,658,0,0
1840,765,264,501,658,0,0
1841,765,266,499,661,0,0
1842,765,266,499,661,0,0
1843,765,266,499,661,0,0
1844,765,267,498,664,0,0
1845,765,267,498,664,0,0
1846,765,268,497,665,0,0
1847,765,269,496,666,0,0
1848,765,270,495,668,0,0
1849,765,270,495,668,0,0
1850,765,270,495,668,0,0
1851,765,270,495,668,0,0
1852,765,271,494,670,0,0
1853,766,272,494,674,0,0
1854,766,272,494,674,0,0
1855,766,272,494,674,0,0
1856,766,272,494,674,0,0
1857,767,272,495,674,0,0
1858,767,272,495,674,0,0
1859,767,273,494,675,0,0
1860,768,273,495,675,0,0
1861,768,273,495,675,0,0
1862,768,273,495,675,0,0
1863,768,273,495,675,0,0
1864,768,273,495,675,0,0
1865,768,273,495,675,0,0
1866,769,273,496,675,0,0
1867,769,273,496,675,0,0
1868,769,273,496,675,0,0
1869,769,273,496,675,0,0
1870,769,273,496,675,0,0
1871,769,273,496,675,0,0
1872,769,273,496,675,0,0
1873,769,273,496,675,0,0
1874,769,273,496,675,0,0
1875,769,273,496,675,0,0
1876,769,273,496,675,0,0
1877,769,273,496,675,0,0
1878,769,273,496,675,0,0
1879,769,273,496,675,0,0
1880,769,273,496,675,0,0
1881,769,273,496,675,0,0
1882,769,273,496,675,0,0
1883,769,273,496,675,0,0
1884,769,274,495,676,0,0
1885,769,275,494,677,0,0
1886,771,275,496,677,0,0
1887,771,276,495,681,0,0
1888,771,277,494,683,0,0
1889,772,277,495,683,0,0
1890,773,279,494,692,0,0
1891,773,281,492,697,0,0
1892,773,281,492,697,0,0
1893,773,283,490,701,0,0
1894,775,284,490,705,0,0
1895,775,285,490,706,0,0
1896,775,287,488,710,0,0
1897,775,287,488,710,0,0
1898,776,289,487,715,0,0
1899,777,290,487,719,0,0
1900,777,291,486,723,0,0
1901,777,292,485,725,0,0
1902,778,293,484,726,0,0
1903,778,294,483,731,0,0
1904,778,296,482,736,0,0
1905,778,296,482,736,0,0
1906,778,297,481,737,0,0
1907,778,298,480,740,0,0
1908,778,298,480,740,0,0
1909,778,299,479,742,0,0
1910,779,299,480,742,0,0
1911,779,299,480,742,0,0
1912,781,299,482,742,0,0
1913,782,299,483,742,0,0
1914,782,300,482,744,0,0
1915,782,301,481,745,0,0
1916,782,301,481,745,0,0
1917,782,302,480,747,0,0
1918,782,302,480,747,0,0
1919,782,302,480,747,0,0
1920,782,302,480,747,0,0
1921,782,302,480,747,0,0
1922,782,302,480,747,0,0
1923,782,302,480,747,0,0
1924,782,302,480,747,0,0
1925,784,302,482,747,0,0
1926,785,302,483,747,0,0
1927,786,302,484,747,0,0
1928,786,302,484,747,0,0
1929,786,302,484,747,0,0
1930,787,302,485,747,0,0
1931,787,302,485,747,0,0
1932,789,302,487,747,0,0
1933,789,302,487,747,0,0
1934,789,302,487,747,0,0
1935,789,302,487,747,0,0
1936,789,302,487,747,0,0
1937,789,302,487,747,0,0
1938,790,302,488,747,0,0
1939,790,302,488,747,0,0
1940,790,302,488,747,0,0
1941,792,302,490,747,0,0
1942,792,302,490,747,0,0
1943,793,302,491,747,0,0
1944,793,302,491,747,0,0
1945,793,302,491,747,0,0
1946,793,302,491,747,0,0
1947,794,302,492,747,0,0
1948,794,302,492,747,0,0
1949,794,302,492,747,0,0
1950,794,302,492,747,0,0
1951,794,302,492,747,0,0
1952,794,303,491,751,0,0
1953,794,303,491,751,0,0
1954,795,303,492,751,0,0
1955,795,303,492,751,0,0
1956,796,303,493,751,0,0
1957,796,303,493,751,0,0
1958,796,303,493,751,0,0
1959,796,303,493,751,0,0
1960,796,303,493,751,0,0
1961,796,303,493,751,0,0
1962,798,303,495,751,0,0
1963,798,303,495,751,0,0
1964,798,303,495,751,0,0
1965,798,303,495,751,0,0
1966,799,303,496,751,0,0
1967,799,303,496,751,0,0
1968,799,303,496,751,0,0
1969,801,303,498,751,0,0
1970,803,303,500,751,0,0
1971,804,303,501,751,0,0
1972,804,303,501,751,0,0
1973,804,303,501,751,0,0
1974,804,303,501,751,0,0
1975,804,303,501,751,0,0
1976,804,303,501,751,0,0
1977,804,303,501,751,0,0
1978,804,303,501,751,0,0
1979,804,303,501,751,0,0
1980,806,303,503,751,0,0
1981,806,303,503,751,0,0
1982,807,303,504,751,0,0
1983,807,303,504,751,0,0
1984,808,303,505,751,0,0
1985,809,303,506,751,0,0
1986,809,303,506,751,0,0
1987,810,303,507,751,0,0
1988,811,304,507,753,0,0
1989,811,305,506,754,0,0
1990,812,306,506,757,0,0
1991,814,306,508,757,0,0
1992,815,308,507,767,0,0
1993,815,309,506,771,0,0
1994,816,310,505,776,0,0
1995,816,310,506,776,0,0
1996,816,311,505,779,0,0
1997,816,313,503,787,0,0
1998,816,314,502,789,0,0
1999,819,315,503,790,0,0
2000,819,317,502,796,0,0
2001,820,317,503,796,0,0
2002,821,319,502,800,0,0
2003,822,321,501,805,0,0
2004,822,321,501,805,0,0
2005,823,322,501,810,0,0
2006,823,323,500,813,0,0
2007,824,324,500,814,0,0
2008,824,326,498,820,0,0
2009,825,326,498,820,0,0
2010,826,328,497,824,0,0
2011,829,328,501,824,0,0
2012,830,328,502,824,0,0
2013,832,328,504,824,0,0
2014,832,328,504,824,0,0
2015,834,328,506,824,0,0
2016,835,328,507,824,0,0
2017,837,328,509,824,0,0
2018,837,328,509,824,0,0
2019,838,328,510,824,0,0
2020,838,328,510,824,0,0
2021,840,328,512,824,0,0
2022,841,328,513,824,0,0
2023,841,328,513,824,0,0
2024,842,328,514,824,0,0
2025,843,328,515,824,0,0
2026,844,328,516,824,0,0
2027,844,328,516,824,0,0
2028,845,328,517,824,0,0
2029,845,328,517,824,0,0
2030,845,328,517,824,0,0
2031,845,328,517,824,0,0
2032,847,328,519,824,0,0
2033,847,328,519,824,0,0
2034,848,328,520,824,0,0
2035,848,328,520,824,0,0
2036,848,328,520,824,0,0
2037,848,328,520,824,0,0
2038,848,328,520,824,0,0
2039,848,328,520,824,0,0
2040,848,328,520,824,0,0
2041,848,328,520,824,0,0
2042,848,328,520,824,0,0
2043,848,328,520,824,0,0
2044,848,328,520,824,0,0
2045,848,328,520,824,0,0
2046,848,328,520,824,0,0
2047,848,328,520,824,0,0
2048,848,328,520,824,0,0
2049,848,328,520,824,0,0
2050,848,328,520,824,0,0
2051,848,328,520,824,0,0
2052,848,328,520,824,0,0
2053,848,328,520,824,0,0
2054,848,328,520,824,0,0
2055,848,328,520,824,0,0
2056,848,328,520,824,0,0
2057,848,328,520,824,0,0
2058,848,328,520,824,0,0
2059,848,328,520,824,0,0
2060,848,328,520,824,0,0
2061,848,328,520,824,0,0
2062,848,328,520,824,0,0
2063,848,328,520,824,0,0
2064,848,328,520,824,0,0
2065,848,328,520,824,0,0
2066,848,328,520,824,0,0
2067,848,328,520,824,0,0
2068,848,328,520,824,0,0
2069,848,328,520,824,0,0
2070,848,328,520,824,0,0
2071,848,328,520,824,0,0
2072,849,328,521,824,0,0
2073,849,328,521,824,0,0
2074,849,328,521,824,0,0
2075,849,328,521,824,0,0
2076,849,328,521,824,0,0
2077,849,328,521,824,0,0
2078,849,328,521,824,0,0
2079,849,328,521,824,0,0
2080,849,329,520,825,0,0
2081,849,330,519,826,0,0
2082,849,331,518,828,0,0
2083,849,333,516,834,0,0
2084,849,333,516,834,0,0
2085,849,334,515,835,0,0
2086,849,335,514,837,0,0
2087,849,335,514,837,0,0
2088,850,335,515,837,0,0
2089,850,336,514,842,0,0
2090,850,337,513,846,0,0
2091,850,338,512,851,0,0
2092,850,339,511,852,0,0
2093,851,340,511,855,0,0
2094,851,341,510,857,0,0
2095,851,342,509,860,0,0
2096,851,344,507,863,0,0
2097,851,345,506,864,0,0
2098,851,346,505,865,0,0
2099,851,348,503,871,0,0
2100,851,349,502,873,0,0
2101,851,350,501,874,0,0
2102,851,351,500,875,0,0
2103,851,351,500,875,0,0
2104,851,352,499,878,0,0
2105,851,353,498,882,0,0
2106,851,354,497,886,0,0
2107,851,354,497,886,0,0
2108,851,355,496,888,0,0
2109,851,356,495,891,0,0
2110,851,356,495,891,0,0
2111,851,356,495,891,0,0
2112,851,356,495,891,0,0
2113,851,356,495,891,0,0
2114,851,356,495,891,0,0
2115,851,356,495,891,0,0
2116,851,357,494,893,0,0
2117,851,357,494,893,0,0
2118,851,357,494,893,0,0
2119,851,357,494,893,0,0
2120,851,357,494,893,0,0
2121,851,357,494,893,0,0
2122,851,357,494,893,0,0
2123,851,357,494,893,0,0
2124,851,357,494,893,0,0
2125,851,357,494,893,0,0
2126,852,357,495,893,0,0
2127,852,357,495,893,0,0
2128,852,357,495,893,0,0
2129,852,357,495,893,0,0
2130,852,357,495,893,0,0
2131,852,357,495,893,0,0
2132,852,357,495,893,0,0
2133,852,357,495,893,0,0
2134,852,357,495,893,0,0
2135,852,357,495,893,0,0
2136,852,357,495,893,0,0
2137,852,358,494,896,0,0
2138,852,359,493,899,0,0
2139,852,360,492,900,0,0
2140,852,360,492,900,0,0
2141,852,360,492,900,0,0
2142,852,361,491,901,0,0
2143,852,361,491,901,0,0
2144,852,363,489,910,0,0
2145,852,364,488,913,0,0
2146,852,365,487,914,0,0
2147,852,365,487,914,0,0
2148,852,365,487,914,0,0
2149,852,366,486,916,0,0
2150,852,366,486,916,0,0
2151,852,366,486,916,0,0
2152,852,366,486,916,0,0
2153,852,366,486,916,0,0
2154,852,366,486,916,0,0
2155,852,366,486,916,0,0
2156,852,366,486,916,0,0
2157,852,366,486,916,0,0
2158,852,366,486,916,0,0
2159,852,366,486,916,0,0
2160,852,366,486,916,0,0
2161,852,366,486,916,0,0
2162,852,366,486,916,0,0
2163,852,366,486,916,0,0
2164,852,366,486,916,0,0
2165,853,366,487,916,0,0
2166,853,366,487,916,0,0
2167,853,366,487,916,0,0
2168,853,366,487,916,0,0
2169,853,366,487,916,0,0
2170,853,366,487,916,0,0
2171,853,366,487,916,0,0
2172,853,366,487,916,0,0
2173,853,366,487,916,0,0
2174,853,366,487,916,0,0
2175,853,366,487,916,0,0
2176,853,366,487,916,0,0
2177,853,366,487,916,0,0
2178,853,366,487,916,0,0
2179,853,367,486,918,0,0
2180,853,368,485,921,0,0
2181,853,368,485,921,0,0
2182,853,369,484,923,0,0
2183,853,370,483,928,0,0
2184,853,371,482,929,0,0
2185,853,372,481,931,0,0
2186,853,373,480,932,0,0
2187,853,373,480,932,0,0
2188,853,374,479,934,0,0
2189,853,374,479,934,0,0
2190,853,376,477,939,0,0
2191,853,377,476,940,0,0
2192,853,379,474,948,0,0
2193,854,380,474,951,0,0
2194,854,381,473,952,0,0
2195,854,383,471,957,0,0
2196,854,384,470,959,0,0
2197,854,385,469,963,0,0
2198,854,386,468,967,0,0
2199,854,388,466,972,0,0
2200,854,388,466,972,0,0
2201,854,389,465,974,0,0
2202,854,390,464,978,0,0
2203,854,390,464,978,0,0
2204,854,390,464,978,0,0
2205,854,390,464,978,0,0
2206,854,390,464,978,0,0
2207,854,390,464,978,0,0
2208,854,390,464,978,0,0
2209,854,390,464,978,0,0
2210,854,390,464,978,0,0
2211,854,390,464,978,0,0
2212,854,390,464,978,0,0
2213,854,390,464,978,0,0
2214,854,390,464,978,0,0
2215,854,390,464,978,0,0
2216,854,390,464,978,0,0
2217,854,390,464,978,0,0
2218,854,390,464,978,0,0
2219,854,390,464,978,0,0
2220,854,390,464,978,0,0
2221,854,390,464,978,0,0
2222,854,390,464,978,0,0
2223,854,390,464,978,0,0
2224,854,390,464,978,0,0
2225,854,390,464,978,0,0
2226,854,390,464,978,0,0
2227,854,390,464,978,0,0
2228,854,390,464,978,0,0
2229,854,390,464,978,0,0
2230,854,390,464,978,0,0
2231,854,390,464,978,0,0
2232,854,391,463,983,0,0
2233,854,392,462,986,0,0
2234,854,392,462,986,0,0
2235,854,392,462,986,0,0
2236,854,392,462,986,0,0
2237,854,393,461,991,0,0
2238,854,394,460,993,0,0
2239,854,395,459,995,0,0
2240,855,395,460,995,0,0
2241,855,396,459,999,0,0
2242,855,397,458,1000,0,0
2243,855,397,458,1000,0,0
2244,855,397,458,1000,0,0
2245,855,397,458,1000,0,0
2246,855,397,458,1000,0,0
2247,855,397,458,1000,0,0
2248,855,397,458,1000,0,0
2249,855,397,458,1000,0,0
2250,855,397,458,1000,0,0
2251,857,397,460,1000,0,0
2252,857,397,460,1000,0,0
2253,857,397,460,1000,0,0
2254,857,397,460,1000,0,0
2255,857,397,460,1000,0,0
2256,857,397,460,1000,0,0
2257,857,397,460,1000,0,0
2258,857,397,460,1000,0,0
2259,857,397,460,1000,0,0
2260,857,397,460,1000,0,0
2261,857,397,460,1000,0,0
2262,858,397,461,1000,0,0
2263,858,397,461,1000,0,0
2264,858,397,461,1000,0,0
2265,858,397,461,1000,0,0
2266,858,397,461,1000,0,0
2267,858,397,461,1000,0,0
2268,858,397,461,1000,0,0
2269,858,397,461,1000,0,0
2270,858,397,461,1000,0,0
2271,858,397,461,1000,0,0
2272,858,397,461,1000,0,0
2273,858,397,461,1000,0,0
2274,858,397,461,1000,0,0
2275,858,397,461,1000,0,0
2276,858,398,460,1004,0,0
2277,858,398,460,1004,0,0
2278,858,399,459,1008,0,0
2279,858,400,458,1011,0,0
2280,858,401,457,1016,0,0
2281,858,403,455,1019,0,0
2282,858,404,454,1024,0,0
2283,858,405,453,1025,0,0
2284,858,407,451,1031,0,0
2285,858,408,450,1033,0,0
2286,858,409,449,1037,0,0
2287,858,410,448,1039,0,0
2288,858,411,447,1040,0,0
2289,858,412,446,1041,0,0
2290,858,413,445,1046,0,0
2291,858,413,445,1046,0,0
2292,858,414,444,1049,0,0
2293,858,414,444,1049,0,0
2294,858,414,444,1049,0,0
2295,858,414,444,1049,0,0
2296,858,414,444,1049,0,0
2297,858,414,444,1049,0,0
2298,858,414,444,1049,0,0
2299,858,414,444,1049,0,0
2300,858,414,444,1049,0,0
2301,858,414,444,1049,0,0
2302,858,414,444,1049,0,0
2303,858,414,444,1049,0,0
2304,858,414,444,1049,0,0
2305,858,414,444,1049,0,0
2306,858,414,444,1049,0,0
2307,858,414,444,1049,0,0
2308,858,414,444,1049,0,0
2309,858,414,444,1049,0,0
2310,858,414,444,1049,0,0
2311,858,414,444,1049,0,0
2312,858,414,444,1049,0,0
2313,858,414,444,1049,0,0
2314,858,414,444,1049,0,0
2315,858,414,444,1049,0,0
2316,858,414,444,1049,0,0
2317,858,414,444,1049,0,0
2318,858,414,444,1049,0,0
2319,859,414,445,1049,0,0
2320,859,415,444,1050,0,0
2321,859,415,444,1050,0,0
2322,859,415,444,1050,0,0
2323,859,416,443,1054,0,0
2324,859,416,443,1054,0,0
2325,859,417,442,1057,0,0
2326,859,417,442,1057,0,0
2327,859,418,441,1059,0,0
2328,859,418,441,1059,0,0
2329,859,419,440,1061,0,0
2330,859,419,440,1061,0,0
2331,859,419,440,1061,0,0
2332,860,419,441,1061,0,0
2333,860,419,441,1061,0,0
2334,860,419,441,1061,0,0
2335,860,419,441,1061,0,0
2336,860,419,441,1061,0,0
2337,860,419,441,1061,0,0
2338,860,419,441,1061,0,0
2339,860,419,441,1061,0,0
2340,860,419,441,1061,0,0
2341,860,419,441,1061,0,0
2342,860,419,441,1061,0,0
2343,860,419,441,1061,0,0
2344,860,419,441,1061,0,0
2345,860,419,441,1061,0,0
2346,860,419,441,1061,0,0
2347,860,419,441,1061,0,0
2348,861,419,442,1061,0,0
2349,861,419,442,1061,0,0
2350,861,419,442,1061,0,0
2351,861,419,442,1061,0,0
2352,861,419,442,1061,0,0
2353,862,419,443,1061,0,0
2354,862,419,443,1061,0,0
2355,862,419,443,1061,0,0
2356,862,419,443,1061,0,0
2357,862,419,443,1061,0,0
2358,862,419,443,1061,0,0
2359,862,419,443,1061,0,0
2360,862,419,443,1061,0,0
2361,862,419,443,1061,0,0
2362,862,419,443,1061,0,0
2363,862,420,442,1062,0,0
2364,862,421,441,1067,0,0
2365,862,421,441,1067,0,0
2366,862,421,441,1067,0,0
2367,862,421,441,1067,0,0
2368,862,421,441,1067,0,0
2369,862,422,440,1071,0,0
2370,862,423,439,1074,0,0
2371,862,423,439,1074,0,0
2372,862,423,439,1074,0,0
2373,862,423,439,1074,0,0
2374,862,424,438,1079,0,0
2375,862,425,437,1083,0,0
2376,862,427,435,1089,0,0
2377,862,428,434,1094,0,0
2378,862,430,432,1098,0,0
2379,862,430,432,1098,0,0
2380,862,431,431,1102,0,0
2381,862,434,428,1107,0,0
2382,862,434,428,1107,0,0
2383,862,436,426,1113,0,0
2384,862,437,425,1117,0,0
2385,863,438,425,1121,0,0
2386,863,440,423,1128,0,0
2387,863,440,423,1128,0,0
2388,863,441,422,1131,0,0
2389,863,443,420,1136,0,0
2390,863,443,420,1136,0,0
2391,863,443,420,1136,0,0
2392,863,443,420,1136,0,0
2393,863,443,420,1136,0,0
2394,863,443,420,1136,0,0
2395,863,443,420,1136,0,0
2396,863,443,420,1136,0,0
2397,863,443,420,1136,0,0
2398,864,443,421,1136,0,0
2399,864,443,421,1136,0,0
2400,864,443,421,1136,0,0
2401,864,443,421,1136,0,0
2402,864,443,421,1136,0,0
2403,865,443,422,1136,0,0
2404,865,443,422,1136,0,0
2405,865,443,422,1136,0,0
2406,865,443,422,1136,0,0
2407,865,443,422,1136,0,0
2408,865,443,422,1136,0,0
2409,865,443,422,1136,0,0
2410,865,443,422,1136,0,0
2411,865,443,422,1136,0,0
2412,865,443,422,1136,0,0
2413,865,443,422,1136,0,0
2414,865,443,422,1136,0,0
2415,865,443,422,1136,0,0
2416,865,443,422,1136,0,0
2417,865,443,422,1136,0,0
2418,865,443,422,1136,0,0
2419,865,443,422,1136,0,0
2420,865,443,422,1136,0,0
2421,865,444,421,1139,0,0
2422,865,445,420,1142,0,0
2423,865,445,420,1142,0,0
2424,865,446,419,1144,0,0
2425,865,447,418,1146,0,0
2426,865,447,418,1146,0,0
2427,865,447,418,1146,0,0
2428,865,449,416,1150,0,0
2429,865,450,415,1151,0,0
2430,865,450,415,1151,0,0
2431,865,452,413,1157,0,0
2432,865,453,412,1158,0,0
2433,865,454,411,1159,0,0
2434,865,455,410,1163,0,0
2435,865,457,408,1169,0,0
2436,865,458,407,1170,0,0
2437,865,460,405,1176,0,0
2438,865,460,405,1176,0,0
2439,865,462,403,1183,0,0
2440,865,464,401,1187,0,0
2441,865,464,401,1187,0,0
2442,866,465,401,1189,0,0
2443,866,466,400,1191,0,0
2444,866,467,399,1196,0,0
2445,866,468,398,1197,0,0
2446,866,468,398,1197,0,0
2447,866,468,398,1197,0,0
2448,866,469,397,1199,0,0
2449,866,469,397,1199,0,0
2450,866,469,397,1199,0,0
2451,866,469,397,1199,0,0
2452,866,469,397,1199,0,0
2453,866,469,397,1199,0,0
2454,866,469,397,1199,0,0
2455,866,470,396,1200,0,0
2456,866,470,396,1200,0,0
2457,866,470,396,1200,0,0
2458,866,470,396,1200,0,0
2459,866,470,396,1200,0,0
2460,866,470,396,1200,0,0
2461,866,470,396,1200,0,0
2462,866,470,396,1200,0,0
2463,866,470,396,1200,0,0
2464,866,470,396,1200,0,0
2465,866,470,396,1200,0,0
2466,866,470,396,1200,0,0
2467,866,470,396,1200,0,0
2468,866,471,395,1202,0,0
2469,866,471,395,1202,0,0
2470,866,471,395,1202,0,0
2471,866,471,395,1202,0,0
2472,866,471,395,1202,0,0
2473,866,471,395,1202,0,0
2474,866,471,395,1202,0,0
2475,867,471,395,1202,0,0
2476,867,471,395,1202,0,0
2477,867,471,395,1202,0,0
2478,867,472,394,1203,0,0
2479,867,472,395,1203,0,0
2480,867,472,395,1203,0,0
2481,867,472,395,1203,0,0
2482,867,472,395,1203,0,0
2483,867,472,395,1203,0,0
2484,867,472,395,1203,0,0
2485,867,472,395,1203,0,0
2486,868,473,395,1205,0,0
2487,868,473,395,1205,0,0
2488,868,474,394,1208,0,0
2489,868,475,393,1213,0,0
2490,868,476,392,1217,0,0
2491,868,477,391,1219,0,0
2492,868,478,390,1222,0,0
2493,868,478,390,1222,0,0
2494,868,478,390,1222,0,0
2495,868,478,390,1222,0,0
2496,868,478,390,1222,0,0
2497,869,478,391,1222,0,0
2498,869,478,391,1222,0,0
2499,869,478,391,1222,0,0
2500,869,478,391,1222,0,0
2501,869,478,391,1222,0,0
2502,869,478,391,1222,0,0
2503,869,478,391,1222,0,0
2504,869,478,391,1222,0,0
2505,869,478,391,1222,0,0
2506,869,478,391,1222,0,0
2507,869,478,391,1222,0,0
2508,869,478,391,1222,0,0
2509,869,478,391,1222,0,0
2510,869,478,391,1222,0,0
2511,869,478,391,1222,0,0
2512,869,478,391,1222,0,0
2513,869,478,391,1222,0,0
2514,869,478,391,1222,0,0
2515,869,478,391,1222,0,0
2516,869,478,391,1222,0,0
2517,869,478,391,1222,0,0
2518,869,478,391,1222,0,0
2519,869,478,391,1222,0,0
2520,869,478,391,1222,0,0
2521,869,478,391,1222,0,0
2522,869,480,389,1227,0,0
2523,869,480,389,1227,0,0
2524,869,481,388,1232,0,0
2525,869,482,387,1237,0,0
2526,869,483,386,1238,0,0
2527,869,485,384,1242,0,0
2528,869,486,383,1246,0,0
2529,869,488,381,1253,0,0
2530,869,488,381,1253,0,0
2531,869,490,379,1262,0,0
2532,869,490,379,1262,0,0
2533,869,492,377,1267,0,0
2534,869,492,377,1267,0,0
2535,869,493,376,1270,0,0
2536,869,494,375,1271,0,0
2537,869,494,375,1271,0,0
2538,869,494,375,1271,0,0
2539,869,494,375,1271,0,0
2540,869,494,375,1271,0,0
2541,869,494,375,1271,0,0
2542,869,494,375,1271,0,0
2543,869,494,375,1271,0,0
2544,869,494,375,1271,0,0
2545,869,494,375,1271,0,0
2546,869,494,375,1271,0,0
2547,869,494,375,1271,0,0
2548,869,494,375,1271,0,0
2549,869,494,375,1271,0,0
2550,869,494,375,1271,0,0
2551,869,494,375,1271,0,0
2552,869,494,375,1271,0,0
2553,869,494,375,1271,0,0
2554,869,494,375,1271,0,0
2555,870,494,376,1271,0,0
2556,870,494,376,1271,0,0
2557,870,494,376,1271,0,0
2558,870,494,376,1271,0,0
2559,870,494,376,1271,0,0
2560,870,494,376,1271,0,0
2561,870,494,376,1271,0,0
2562,870,494,376,1271,0,0
2563,870,494,376,1271,0,0
2564,870,494,376,1271,0,0
2565,870,494,376,1271,0,0
2566,870,494,376,1271,0,0
2567,870,494,376,1271,0,0
2568,870,494,376,1271,0,0
2569,870,494,376,1271,0,0
2570,870,494,376,1271,0,0
2571,870,494,376,1271,0,0
2572,870,494,376,1271,0,0
2573,870,494,376,1271,0,0
2574,870,494,376,1271,0,0
2575,870,494,376,1271,0,0
2576,870,494,376,1271,0,0
2577,870,494,376,1271,0,0
2578,870,494,376,1271,0,0
2579,870,494,376,1271,0,0
2580,870,494,376,1271,0,0
2581,870,494,376,1271,0,0
2582,870,494,376,1271,0,0
2583,870,494,376,1271,0,0
2584,870,494,376,1271,0,0
2585,870,494,376,1271,0,0
2586,870,494,376,1271,0,0
2587,870,494,376,1271,0,0
2588,870,494,376,1271,0,0
2589,870,494,376,1271,0,0
2590,870,494,376,1271,0,0
2591,870,494,376,1271,0,0
2592,870,494,376,1271,0,0
2593,870,494,376,1271,0,0
2594,870,494,376,1271,0,0
2595,870,494,376,1271,0,0
2596,870,494,376,1271,0,0
2597,870,494,376,1271,0,0
2598,870,494,376,1271,0,0
2599,870,494,376,1271,0,0
2600,870,494,376,1271,0,0
2601,870,494,376,1271,0,0
2602,870,494,376,1271,0,0
2603,870,494,376,1271,0,0
2604,870,494,376,1271,0,0
2605,870,494,376,1271,0,0
2606,870,495,375,1275,0,0
2607,870,496,374,1277,0,0
2608,870,496,374,1277,0,0
2609,870,496,374,1277,0,0
2610,870,497,373,1281,0,0
2611,870,499,371,1289,0,0
2612,870,499,371,1289,0,0
2613,870,501,369,1296,0,0
2614,870,502,368,1300,0,0
2615,870,503,367,1305,0,0
2616,870,503,367,1305,0,0
2617,870,504,366,1306,0,0
2618,870,504,366,1306,0,0
2619,870,505,365,1310,0,0
2620,870,506,364,1311,0,0
2621,870,506,364,1311,0,0
2622,870,508,362,1316,0,0
2623,870,508,362,1316,0,0
2624,870,508,362,1316,0,0
2625,870,508,362,1316,0,0
2626,870,509,361,1317,0,0
2627,870,510,360,1318,0,0
2628,870,510,360,1318,0,0
2629,870,511,359,1319,0,0
2630,870,513,357,1327,0,0
2631,870,513,357,1327,0,0
2632,870,513,357,1327,0,0
2633,870,513,357,1327,0,0
2634,870,513,357,1327,0,0
2635,870,514,356,1328,0,0
2636,870,514,356,1328,0,0
2637,870,514,356,1328,0,0
2638,870,514,356,1328,0,0
2639,870,514,356,1328,0,0
2640,870,514,356,1328,0,0
2641,870,514,356,1328,0,0
2642,870,514,356,1328,0,0
2643,870,514,356,1328,0,0
2644,870,514,356,1328,0,0
2645,870,514,356,1328,0,0
2646,870,514,356,1328,0,0
2647,871,514,357,1328,0,0
2648,871,514,357,1328,0,0
2649,872,514,358,1328,0,0
2650,872,514,358,1328,0,0
2651,872,514,358,1328,0,0
2652,872,514,358,1328,0,0
2653,872,514,358,1328,0,0
2654,872,514,358,1328,0,0
2655,872,514,358,1328,0,0
2656,872,514,358,1328,0,0
2657,872,514,358,1328,0,0
2658,872,514,358,1328,0,0
2659,872,514,358,1328,0,0
2660,872,514,358,1328,0,0
2661,872,514,358,1328,0,0
2662,872,515,357,1332,0,0
2663,872,516,356,1334,0,0
2664,872,517,355,1337,0,0
2665,872,518,354,1339,0,0
2666,872,520,352,1345,0,0
2667,872,520,352,1345,0,0
2668,872,521,351,1348,0,0
2669,872,521,351,1348,0,0
2670,872,524,348,1354,0,0
2671,872,524,348,1354,0,0
2672,872,524,348,1354,0,0
2673,872,526,346,1357,0,0
2674,872,528,344,1363,0,0
2675,872,528,344,1363,0,0
2676,872,530,342,1368,0,0
2677,872,531,341,1369,0,0
2678,872,532,340,1372,0,0
2679,872,534,338,1379,0,0
2680,872,535,337,1383,0,0
2681,872,536,336,1384,0,0
2682,872,536,336,1384,0,0
2683,872,536,336,1384,0,0
2684,872,538,334,1390,0,0
2685,872,539,333,1391,0,0
2686,872,539,333,1391,0,0
2687,872,541,331,1398,0,0
2688,872,541,331,1398,0,0
2689,872,542,330,1400,0,0
2690,872,542,330,1400,0,0
2691,872,542,330,1400,0,0
2692,872,542,330,1400,0,0
2693,872,543,329,1401,0,0
2694,872,543,329,1401,0,0
2695,872,545,327,1411,0,0
2696,872,545,327,1411,0,0
2697,872,545,327,1411,0,0
2698,872,546,326,1413,0,0
2699,872,547,325,1418,0,0
2700,872,547,325,1418,0,0
2701,872,547,325,1418,0,0
2702,872,547,325,1418,0,0
2703,872,547,325,1418,0,0
2704,872,547,325,1418,0,0
2705,872,547,325,1418,0,0
2706,872,547,325,1418,0,0
2707,872,547,325,1418,0,0
2708,872,547,325,1418,0,0
2709,872,547,325,1418,0,0
2710,873,547,326,1418,0,0
2711,873,547,326,1418,0,0
2712,873,547,326,1418,0,0
2713,873,547,326,1418,0,0
2714,873,547,326,1418,0,0
2715,873,547,326,1418,0,0
2716,874,547,327,1418,0,0
2717,874,547,327,1418,0,0
2718,874,547,327,1418,0,0
2719,874,547,327,1418,0,0
2720,874,547,327,1418,0,0
2721,874,547,327,1418,0,0
2722,874,547,327,1418,0,0
2723,874,547,327,1418,0,0
2724,874,547,327,1418,0,0
2725,874,547,327,1418,0,0
2726,874,547,327,1418,0,0
2727,874,547,327,1418,0,0
2728,875,548,327,1421,0,0
2729,875,548,327,1421,0,0
2730,875,548,327,1421,0,0
2731,875,548,327,1421,0,0
2732,875,549,326,1424,0,0
2733,875,549,326,1424,0,0
2734,875,549,326,1424,0,0
2735,875,549,326,1424,0,0
2736,875,550,325,1425,0,0
2737,876,550,326,1425,0,0
2738,876,551,325,1427,0,0
2739,876,552,324,1429,0,0
2740,876,552,324,1429,0,0
2741,876,552,324,1429,0,0
2742,876,552,324,1429,0,0
2743,876,552,324,1429,0,0
2744,876,552,324,1429,0,0
2745,876,552,324,1429,0,0
2746,876,552,324,1429,0,0
2747,876,552,324,1429,0,0
2748,876,552,324,1429,0,0
2749,876,552,324,1429,0,0
2750,876,552,324,1429,0,0
2751,876,552,324,1429,0,0
2752,876,552,324,1429,0,0
2753,876,552,324,1429,0,0
2754,876,552,324,1429,0,0
2755,876,552,324,1429,0,0
2756,876,552,324,1429,0,0
2757,876,552,324,1429,0,0
2758,876,552,324,1429,0,0
2759,876,552,324,1429,0,0
2760,876,552,324,1429,0,0
2761,876,552,324,1429,0,0
2762,876,552,324,1429,0,0
2763,876,552,324,1429,0,0
2764,876,552,324,1429,0,0
2765,876,552,324,1429,0,0
2766,876,552,324,1429,0,0
2767,876,552,324,1429,0,0
2768,876,552,324,1429,0,0
2769,876,553,323,1430,0,0
2770,876,553,323,1430,0,0
2771,876,554,322,1431,0,0
2772,876,555,321,1432,0,0
2773,876,557,319,1440,0,0
2774,876,558,318,1442,0,0
2775,876,559,317,1447,0,0
2776,876,559,317,1447,0,0
2777,876,561,315,1455,0,0
2778,876,562,314,1457,0,0
2779,876,562,314,1457,0,0
2780,876,563,313,1461,0,0
2781,876,565,311,1468,0,0
2782,876,566,310,1469,0,0
2783,876,567,309,1472,0,0
2784,876,568,308,1473,0,0
2785,876,569,307,1477,0,0
2786,876,571,305,1480,0,0
2787,876,572,304,1482,0,0
2788,876,573,303,1485,0,0
2789,876,573,303,1485,0,0
2790,876,573,303,1485,0,0
2791,876,573,303,1485,0,0
2792,876,573,303,1485,0,0
2793,876,573,303,1485,0,0
2794,876,573,303,1485,0,0
2795,876,573,303,1485,0,0
2796,876,573,303,1485,0,0
2797,876,573,303,1485,0,0
2798,876,573,303,1485,0,0
2799,876,573,303,1485,0,0
2800,876,573,303,1485,0,0
2801,876,573,303,1485,0,0
2802,876,573,303,1485,0,0
2803,876,573,303,1485,0,0
2804,876,573,303,1485,0,0
2805,876,573,303,1485,0,0
2806,876,573,303,1485,0,0
2807,876,573,303,1485,0,0
2808,876,573,303,1485,0,0
2809,876,573,303,1485,0,0
2810,876,573,303,1485,0,0
2811,876,573,303,1485,0,0
2812,876,573,303,1485,0,0
2813,876,573,303,1485,0,0
2814,876,573,303,1485,0,0
2815,876,573,303,1485,0,0
2816,876,573,303,1485,0,0
2817,876,573,303,1485,0,0
2818,876,573,303,1485,0,0
2819,876,573,303,1485,0,0
2820,876,573,303,1485,0,0
2821,876,573,303,1485,0,0
2822,876,573,303,1485,0,0
2823,876,573,303,1485,0,0
2824,877,573,304,1485,0,0
2825,877,573,304,1485,0,0
2826,877,573,304,1485,0,0
2827,877,573,304,1485,0,0
2828,877,573,304,1485,0,0
2829,877,573,304,1485,0,0
2830,878,573,305,1485,0,0
2831,878,573,305,1485,0,0
2832,878,573,305,1485,0,0
2833,878,573,305,1485,0,0
2834,878,573,305,1485,0,0
2835,878,573,305,1485,0,0
2836,878,573,305,1485,0,0
2837,878,573,305,1485,0,0
2838,878,573,305,1485,0,0
2839,878,573,305,1485,0,0
2840,878,573,305,1485,0,0
2841,878,573,305,1485,0,0
2842,878,573,305,1485,0,0
2843,878,573,305,1485,0,0
2844,878,573,305,1485,0,0
2845,878,573,305,1485,0,0
2846,878,573,305,1485,0,0
2847,878,573,305,1485,0,0
2848,878,573,305,1485,0,0
2849,878,573,305,1485,0,0
2850,878,573,305,1485,0,0
2851,878,573,305,1485,0,0
2852,878,574,304,1489,0,0
2853,878,574,304,1489,0,0
2854,878,574,304,1489,0,0
2855,878,574,304,1489,0,0
2856,878,574,304,1489,0,0
2857,878,574,304,1489,0,0
2858,878,574,304,1489,0,0
2859,878,575,303,1490,0,0
2860,878,575,303,1490,0,0
2861,878,576,302,1491,0,0
2862,878,577,301,1492,0,0
2863,878,577,301,1492,0,0
2864,878,580,298,1498,0,0
2865,878,580,298,1498,0,0
2866,878,582,296,1506,0,0
2867,878,584,294,1510,0,0
2868,878,584,294,1510,0,0
2869,878,585,293,1515,0,0
2870,878,586,292,1517,0,0
2871,878,587,291,1518,0,0
2872,878,588,290,1523,0,0
2873,878,590,288,1528,0,0
2874,878,590,288,1528,0,0
2875,878,592,286,1531,0,0
2876,878,592,286,1531,0,0
2877,878,592,286,1531,0,0
2878,878,592,286,1531,0,0
2879,878,592,286,1531,0,0
2880,878,592,286,1531,0,0
2881,878,592,286,1531,0,0
2882,878,592,286,1531,0,0
2883,878,592,286,1531,0,0
2884,878,592,286,1531,0,0
2885,879,592,287,1531,0,0
2886,879,592,287,1531,0,0
2887,879,592,287,1531,0,0
2888,879,592,287,1531,0,0
2889,879,592,287,1531,0,0
2890,879,592,287,1531,0,0
2891,879,592,287,1531,0,0
2892,879,592,287,1531,0,0
2893,879,592,287,1531,0,0
2894,879,592,287,1531,0,0
2895,879,592,287,1531,0,0
2896,879,592,287,1531,0,0
2897,879,592,287,1531,0,0
2898,879,592,287,1531,0,0
2899,879,592,287,1531,0,0
2900,879,592,287,1531,0,0
2901,879,592,287,1531,0,0
2902,879,592,287,1531,0,0
2903,879,592,287,1531,0,0
2904,879,592,287,1531,0,0
2905,879,592,287,1531,0,0
2906,879,592,287,1531,0,0
2907,879,592,287,1531,0,0
2908,879,594,285,1534,0,0
2909,879,594,285,1534,0,0
2910,879,595,284,1536,0,0
2911,879,596,283,1538,0,0
2912,879,597,282,1543,0,0
2913,879,598,281,1544,0,0
2914,879,599,280,1547,0,0
2915,879,600,279,1551,0,0
2916,879,601,278,1553,0,0
2917,879,603,276,1556,0,0
2918,879,603,276,1556,0,0
2919,880,605,275,1563,0,0
2920,880,606,274,1568,0,0
2921,880,606,274,1568,0,0
2922,880,606,274,1568,0,0
2923,880,606,274,1568,0,0
2924,881,606,275,1568,0,0
2925,881,606,275,1568,0,0
2926,881,606,275,1568,0,0
2927,881,606,275,1568,0,0
2928,881,606,275,1568,0,0
2929,881,606,275,1568,0,0
2930,881,606,275,1568,0,0
2931,881,606,275,1568,0,0
2932,881,606,275,1568,0,0
2933,881,606,275,1568,0,0
2934,881,606,275,1568,0,0
2935,881,606,275,1568,0,0
2936,881,606,275,1568,0,0
2937,881,606,275,1568,0,0
2938,881,606,275,1568,0,0
2939,881,606,275,1568,0,0
2940,881,606,275,1568,0,0
2941,881,606,275,1568,0,0
2942,881,606,275,1568,0,0
2943,881,606,275,1568,0,0
2944,881,606,275,1568,0,0
2945,881,606,275,1568,0,0
2946,881,606,275,1568,0,0
2947,882,606,276,1568,0,0
2948,882,606,276,1568,0,0
2949,882,606,276,1568,0,0
2950,882,606,276,1568,0,0
2951,882,606,276,1568,0,0
2952,882,606,276,1568,0,0
2953,882,606,276,1568,0,0
2954,882,606,276,1568,0,0
2955,883,606,277,1568,0,0
2956,883,608,275,1572,0,0
2957,883,609,274,1573,0,0
2958,883,609,274,1573,0,0
2959,883,611,272,1579,0,0
2960,883,611,272,1579,0,0
2961,883,612,271,1584,0,0
2962,883,612,271,1584,0,0
2963,883,612,271,1584,0,0
2964,883,612,271,1584,0,0
2965,883,614,269,1589,0,0
2966,883,615,268,1593,0,0
2967,883,617,266,1596,0,0
2968,883,618,265,1599,0,0
2969,883,620,263,1604,0,0
2970,883,620,263,1604,0,0
2971,883,622,261,1609,0,0
2972,883,622,261,1609,0,0
2973,883,624,259,1613,0,0
2974,883,625,258,1616,0,0
2975,883,626,257,1621,0,0
2976,883,627,256,1623,0,0
2977,883,627,256,1623,0,0
2978,883,629,254,1628,0,0
2979,883,629,254,1628,0,0
2980,883,631,252,1633,0,0
2981,883,631,252,1633,0,0
2982,883,631,252,1633,0,0
2983,883,631,252,1633,0,0
2984,883,631,252,1633,0,0
2985,883,631,252,1633,0,0
2986,883,631,252,1633,0,0
2987,883,631,252,1633,0,0
2988,883,631,252,1633,0,0
2989,883,631,252,1633,0,0
2990,884,631,252,1633,0,0
2991,884,631,252,1633,0,0
2992,884,631,253,1633,0,0
2993,884,631,253,1633,0,0
2994,884,631,253,1633,0,0
2995,884,631,253,1633,0,0
2996,884,631,253,1633,0,0
2997,884,631,253,1633,0,0
2998,884,631,253,1633,0,0
2999,884,631,253,1633,0,0
3000,884,631,253,1633,0,0
3001,884,631,253,1633,0,0
3002,884,631,253,1633,0,0
3003,884,631,253,1633,0,0
3004,884,631,253,1633,0,0
3005,884,631,253,1633,0,0
3006,884,631,253,1633,0,0
3007,884,631,253,1633,0,0
3008,884,631,253,1633,0,0
3009,884,631,253,1633,0,0
3010,884,631,253,1633,0,0
3011,884,631,253,1633,0,0
3012,884,631,253,1633,0,0
3013,884,631,253,1633,0,0
3014,884,633,251,1639,0,0
3015,884,634,250,1641,0,0
3016,884,635,249,1642,0,0
3017,884,636,248,1643,0,0
3018,884,637,247,1647,0,0
3019,884,638,246,1648,0,0
3020,884,638,246,1648,0,0
3021,884,638,246,1648,0,0
3022,884,638,246,1648,0,0
3023,884,638,246,1648,0,0
3024,884,638,246,1648,0,0
3025,884,638,246,1648,0,0
3026,884,638,246,1648,0,0
3027,884,638,246,1648,0,0
3028,884,638,246,1648,0,0
3029,884,638,246,1648,0,0
3030,884,638,246,1648,0,0
3031,884,638,246,1648,0,0
3032,884,638,246,1648,0,0
3033,884,638,246,1648,0,0
3034,884,638,246,1648,0,0
3035,884,638,246,1648,0,0
3036,884,638,246,1648,0,0
3037,884,638,246,1648,0,0
3038,884,638,246,1648,0,0
3039,884,638,246,1648,0,0
3040,884,638,246,1648,0,0
3041,884,638,246,1648,0,0
3042,884,638,246,1648,0,0
3043,884,638,246,1648,0,0
3044,884,638,246,1648,0,0
3045,884,638,246,1648,0,0
3046,884,638,246,1648,0,0
3047,884,638,246,1648,0,0
3048,884,638,246,1648,0,0
3049,884,638,246,1648,0,0
3050,884,638,246,1648,0,0
3051,884,638,246,1648,0,0
3052,884,638,246,1648,0,0
3053,884,638,246,1648,0,0
3054,884,638,246,1648,0,0
3055,884,639,245,1652,0,0
3056,884,639,245,1652,0,0
3057,884,641,243,1658,0,0
3058,884,642,242,1659,0,0
3059,884,643,241,1662,0,0
3060,884,644,240,1664,0,0
3061,884,645,239,1668,0,0
3062,884,647,237,1673,0,0
3063,884,647,237,1673,0,0
3064,884,649,235,1680,0,0
3065,884,651,233,1685,0,0
3066,884,651,233,1685,0,0
3067,884,652,232,1687,0,0
3068,884,652,232,1687,0,0
3069,884,652,232,1687,0,0
3070,884,652,232,1687,0,0
3071,884,652,232,1687,0,0
3072,884,652,232,1687,0,0
3073,884,652,232,1687,0,0
3074,884,652,232,1687,0,0
3075,884,652,232,1687,0,0
3076,884,652,232,1687,0,0
3077,884,652,232,1687,0,0
3078,885,652,233,1687,0,0
3079,885,652,233,1687,0,0
3080,885,652,233,1687,0,0
3081,885,652,233,1687,0,0
3082,885,652,233,1687,0,0
3083,885,652,233,1687,0,0
3084,885,652,233,1687,0,0
3085,885,652,233,1687,0,0
3086,885,652,233,1687,0,0
3087,885,652,233,1687,0,0
3088,885,652,233,1687,0,0
3089,885,652,233,1687,0,0
3090,885,652,233,1687,0,0
3091,885,652,233,1687,0,0
3092,885,652,233,1687,0,0
3093,885,652,233,1687,0,0
3094,885,652,233,1687,0,0
3095,885,652,233,1687,0,0
3096,885,653,232,1689,0,0
3097,885,654,231,1690,0,0
3098,885,655,230,1695,0,0
3099,885,656,229,1696,0,0
3100,885,656,229,1696,0,0
3101,885,656,229,1696,0,0
3102,885,656,229,1696,0,0
3103,885,657,228,1697,0,0
3104,885,657,228,1697,0,0
3105,885,658,227,1701,0,0
3106,885,658,227,1701,0,0
3107,885,660,225,1707,0,0
3108,885,661,224,1709,0,0
3109,885,663,222,1714,0,0
3110,885,664,221,1719,0,0
3111,885,665,220,1721,0,0
3112,885,666,219,1722,0,0
3113,885,668,217,1728,0,0
3114,885,668,217,1728,0,0
3115,885,669,216,1729,0,0
3116,885,669,216,1729,0,0
3117,885,669,216,1729,0,0
3118,885,669,216,1729,0,0
3119,885,669,216,1729,0,0
3120,885,669,216,1729,0,0
3121,885,669,216,1729,0,0
3122,885,669,216,1729,0,0
3123,885,669,216,1729,0,0
3124,885,669,216,1729,0,0
3125,885,669,216,1729,0,0
3126,885,669,216,1729,0,0
3127,885,669,216,1729,0,0
3128,886,669,217,1729,0,0
3129,886,669,217,1729,0,0
3130,886,669,217,1729,0,0
3131,886,669,217,1729,0,0
3132,886,669,217,1729,0,0
3133,886,669,217,1729,0,0
3134,886,669,217,1729,0,0
3135,886,669,217,1729,0,0
3136,886,669,217,1729,0,0
3137,886,669,217,1729,0,0
3138,886,669,217,1729,0,0
3139,886,669,217,1729,0,0
3140,886,669,217,1729,0,0
3141,886,669,217,1729,0,0
3142,886,669,217,1729,0,0
3143,886,669,217,1729,0,0
3144,886,669,217,1729,0,0
3145,886,669,217,1729,0,0
3146,886,669,217,1729,0,0
3147,886,669,217,1729,0,0
3148,886,669,217,1729,0,0
3149,886,669,217,1729,0,0
3150,886,671,215,1731,0,0
3151,886,671,215,1731,0,0
3152,886,672,214,1736,0,0
3153,886,672,214,1736,0,0
3154,886,672,214,1736,0,0
3155,887,673,214,1740,0,0
3156,887,673,214,1740,0,0
3157,887,674,213,1742,0,0
3158,887,675,212,1744,0,0
3159,887,675,212,1744,0,0
3160,887,675,212,1744,0,0
3161,887,676,211,1747,0,0
3162,887,677,210,1750,0,0
3163,887,677,210,1750,0,0
3164,887,678,209,1751,0,0
3165,887,679,208,1753,0,0
3166,887,679,208,1753,0,0
3167,887,679,208,1753,0,0
3168,887,679,208,1753,0,0
3169,887,679,208,1753,0,0
3170,887,679,208,1753,0,0
3171,887,679,208,1753,0,0
3172,887,679,208,1753,0,0
3173,887,679,208,1753,0,0
3174,887,679,208,1753,0,0
3175,888,679,209,1753,0,0
3176,888,679,209,1753,0,0
3177,888,679,209,1753,0,0
3178,888,679,209,1753,0,0
3179,888,679,209,1753,0,0
3180,888,679,209,1753,0,0
3181,888,679,209,1753,0,0
3182,888,679,209,1753,0,0
3183,888,679,209,1753,0,0
3184,888,679,209,1753,0,0
3185,888,679,209,1753,0,0
3186,888,679,209,1753,0,0
3187,888,679,209,1753,0,0
3188,888,679,209,1753,0,0
3189,888,679,209,1753,0,0
3190,888,679,209,1753,0,0
3191,888,679,209,1753,0,0
3192,888,681,207,1755,0,0
3193,888,682,206,1756,0,0
3194,888,682,206,1756,0,0
3195,888,682,206,1756,0,0
3196,888,682,206,1756,0,0
3197,888,684,204,1759,0,0
3198,888,685,203,1764,0,0
3199,888,685,203,1764,0,0
3200,888,685,203,1764,0,0
3201,888,685,203,1764,0,0
3202,888,685,203,1764,0,0
3203,888,685,203,1764,0,0
3204,888,687,201,1772,0,0
3205,888,687,201,1772,0,0
3206,888,687,201,1772,0,0
3207,889,688,201,1773,0,0
3208,889,688,201,1773,0,0
3209,889,688,201,1773,0,0
3210,889,688,201,1773,0,0
3211,889,688,201,1773,0,0
3212,889,689,200,1776,0,0
3213,889,689,200,1776,0,0
3214,889,689,200,1776,0,0
3215,889,690,199,1777,0,0
3216,889,690,199,1777,0,0
3217,889,690,199,1777,0,0
3218,889,690,199,1777,0,0
3219,889,690,199,1777,0,0
3220,890,690,200,1777,0,0
3221,890,690,200,1777,0,0
3222,890,690,200,1777,0,0
3223,890,690,200,1777,0,0
3224,890,690,200,1777,0,0
3225,890,690,200,1777,0,0
3226,890,690,200,1777,0,0
3227,890,690,200,1777,0,0
3228,890,690,200,1777,0,0
3229,890,690,200,1777,0,0
3230,890,690,200,1777,0,0
3231,890,690,200,1777,0,0
3232,890,690,200,1777,0,0
3233,891,690,201,1777,0,0
3234,891,690,201,1777,0,0
3235,891,690,201,1777,0,0
3236,891,690,201,1777,0,0
3237,891,690,201,1777,0,0
3238,891,690,201,1777,0,0
3239,891,690,201,1777,0,0
3240,892,690,202,1777,0,0
3241,892,690,202,1777,0,0
3242,892,690,202,1777,0,0
3243,892,690,202,1777,0,0
3244,892,692,200,1780,0,0
3245,892,692,200,1780,0,0
3246,892,694,198,1785,0,0
3247,892,695,197,1786,0,0
3248,892,695,197,1786,0,0
3249,892,696,196,1787,0,0
3250,892,697,195,1788,0,0
3251,892,698,194,1793,0,0
3252,892,699,193,1795,0,0
3253,892,700,192,1797,0,0
3254,892,701,191,1802,0,0
3255,892,701,191,1802,0,0
3256,892,702,190,1804,0,0
3257,892,703,189,1807,0,0
3258,892,704,188,1809,0,0
3259,892,706,186,1815,0,0
3260,892,707,185,1816,0,0
3261,892,708,184,1818,0,0
3262,892,708,184,1818,0,0
3263,892,708,184,1818,0,0
3264,893,708,185,1818,0,0
3265,893,708,185,1818,0,0
3266,893,708,185,1818,0,0
3267,893,708,185,1818,0,0
3268,894,708,186,1818,0,0
3269,894,708,186,1818,0,0
3270,894,708,186,1818,0,0
3271,894,708,186,1818,0,0
3272,894,708,186,1818,0,0
3273,894,708,186,1818,0,0
3274,894,708,186,1818,0,0
3275,894,708,186,1818,0,0
3276,894,708,186,1818,0,0
3277,894,708,186,1818,0,0
3278,894,708,186,1818,0,0
3279,894,708,186,1818,0,0
3280,894,708,186,1818,0,0
3281,894,708,186,1818,0,0
3282,894,708,186,1818,0,0
3283,894,708,186,1818,0,0
3284,895,708,187,1818,0,0
3285,895,708,187,1818,0,0
3286,895,708,187,1818,0,0
3287,895,708,187,1818,0,0
3288,895,708,187,1818,0,0
3289,895,708,187,1818,0,0
3290,896,708,188,1818,0,0
3291,896,709,187,1820,0,0
3292,896,710,186,1821,0,0
3293,896,710,186,1821,0,0
3294,896,710,186,1821,0,0
3295,896,711,185,1822,0,0
3296,896,712,184,1825,0,0
3297,896,713,183,1830,0,0
3298,896,713,183,1830,0,0
3299,896,716,180,1835,0,0
3300,896,717,179,1838,0,0
3301,896,717,179,1838,0,0
3302,897,718,179,1840,0,0
3303,897,720,177,1844,0,0
3304,897,721,176,1847,0,0
3305,897,722,175,1852,0,0
3306,897,723,174,1853,0,0
3307,897,724,173,1854,0,0
3308,897,725,172,1855,0,0
3309,897,726,171,1859,0,0
3310,897,727,170,1860,0,0
3311,897,728,169,1861,0,0
3312,897,729,168,1864,0,0
3313,897,729,168,1864,0,0
3314,897,730,167,1867,0,0
3315,897,732,165,1874,0,0
3316,897,732,165,1874,0,0
3317,897,733,164,1876,0,0
3318,897,733,164,1876,0,0
3319,897,733,164,1876,0,0
3320,897,733,164,1876,0,0
3321,897,734,163,1881,0,0
3322,897,734,163,1881,0,0
3323,897,734,163,1881,0,0
3324,897,735,162,1886,0,0
3325,897,735,162,1886,0,0
3326,897,735,162,1886,0,0
3327,897,735,162,1886,0,0
3328,897,735,162,1886,0,0
3329,897,735,162,1886,0,0
3330,897,735,162,1886,0,0
3331,897,735,162,1886,0,0
3332,897,735,162,1886,0,0
3333,897,735,162,1886,0,0
3334,897,735,162,1886,0,0
3335,897,735,162,1886,0,0
3336,897,735,162,1886,0,0
3337,897,735,162,1886,0,0
3338,897,735,162,1886,0,0
3339,897,735,162,1886,0,0
3340,897,735,162,1886,0,0
3341,897,735,162,1886,0,0
3342,897,735,162,1886,0,0
3343,897,735,162,1886,0,0
3344,897,735,162,1886,0,0
3345,897,735,162,1886,0,0
3346,897,735,162,1886,0,0
3347,897,735,162,1886,0,0
3348,897,735,162,1886,0,0
3349,897,735,162,1886,0,0
3350,897,735,162,1886,0,0
3351,897,736,161,1887,0,0
3352,897,736,161,1887,0,0
3353,897,736,161,1887,0,0
3354,897,736,161,1887,0,0
3355,897,736,161,1887,0,0
3356,897,736,161,1887,0,0
3357,897,737,160,1890,0,0
3358,897,738,159,1892,0,0
3359,898,739,159,1894,0,0
3360,898,740,158,1895,0,0
3361,898,740,158,1895,0,0
3362,898,741,157,1897,0,0
3363,898,741,157,1897,0,0
3364,898,741,157,1897,0,0
3365,898,741,157,1897,0,0
3366,898,741,157,1897,0,0
3367,898,741,157,1897,0,0
3368,898,741,157,1897,0,0
3369,898,741,157,1897,0,0
3370,898,741,157,1897,0,0
3371,898,741,157,1897,0,0
3372,898,741,157,1897,0,0
3373,898,741,157,1897,0,0
3374,898,741,157,1897,0,0
3375,898,741,157,1897,0,0
3376,898,741,157,1897,0,0
3377,898,741,157,1897,0,0
3378,898,741,157,1897,0,0
3379,898,741,157,1897,0,0
3380,898,741,157,1897,0,0
3381,898,741,157,1897,0,0
3382,898,741,157,1897,0,0
3383,898,741,157,1897,0,0
3384,898,741,157,1897,0,0
3385,898,741,157,1897,0,0
3386,898,741,157,1897,0,0
3387,898,741,157,1897,0,0
3388,898,741,157,1897,0,0
3389,898,741,157,1897,0,0
3390,898,741,157,1897,0,0
3391,898,741,157,1897,0,0
3392,898,741,157,1897,0,0
3393,898,742,156,1901,0,0
3394,898,742,156,1901,0,0
3395,898,743,155,1904,0,0
3396,899,743,156,1904,0,0
3397,899,744,155,1905,0,0
3398,899,745,154,1907,0,0
3399,899,745,154,1907,0,0
3400,899,745,154,1907,0,0
3401,899,746,153,1909,0,0
3402,899,746,153,1909,0,0
3403,899,747,152,1910,0,0
3404,899,747,152,1910,0,0
3405,899,748,151,1912,0,0
3406,899,749,150,1917,0,0
3407,899,750,149,1919,0,0
3408,899,751,148,1921,0,0
3409,899,751,148,1921,0,0
3410,899,752,147,1925,0,0
3411,899,753,146,1926,0,0
3412,899,754,145,1927,0,0
3413,899,755,144,1929,0,0
3414,899,755,144,1929,0,0
3415,899,756,143,1933,0,0
3416,899,757,142,1935,0,0
3417,899,757,142,1935,0,0
3418,899,757,142,1935,0,0
3419,899,757,142,1935,0,0
3420,899,757,142,1935,0,0
3421,899,757,142,1935,0,0
3422,899,757,142,1935,0,0
3423,899,758,141,1936,0,0
3424,899,758,141,1936,0,0
3425,899,758,141,1936,0,0
3426,899,758,141,1936,0,0
3427,900,758,142,1936,0,0
3428,900,758,142,1936,0,0
3429,900,758,142,1936,0,0
3430,900,758,142,1936,0,0
3431,900,758,142,1936,0,0
3432,900,758,142,1936,0,0
3433,900,758,142,1936,0,0
3434,900,758,142,1936,0,0
3435,900,758,142,1936,0,0
3436,900,758,142,1936,0,0
3437,900,758,142,1936,0,0
3438,900,758,142,1936,0,0
3439,900,758,142,1936,0,0
3440,900,758,142,1936,0,0
3441,900,758,142,1936,0,0
3442,900,758,142,1936,0,0
3443,900,758,142,1936,0,0
3444,900,758,142,1936,0,0
3445,901,758,143,1936,0,0
3446,901,758,143,1936,0,0
3447,902,758,144,1936,0,0
3448,902,758,144,1936,0,0
3449,902,758,144,1936,0,0
3450,902,760,142,1939,0,0
3451,902,760,142,1939,0,0
3452,902,760,142,1939,0,0
3453,902,760,142,1939,0,0
3454,902,760,142,1939,0,0
3455,902,762,140,1943,0,0
3456,902,762,140,1943,0,0
3457,902,764,138,1951,0,0
3458,902,766,136,1957,0,0
3459,902,766,136,1957,0,0
3460,902,768,134,1962,0,0
3461,902,770,132,1966,0,0
3462,902,770,132,1966,0,0
3463,902,771,131,1969,0,0
3464,902,773,129,1978,0,0
3465,902,773,129,1978,0,0
3466,902,774,128,1982,0,0
3467,902,774,128,1982,0,0
3468,903,774,129,1982,0,0
3469,904,774,130,1982,0,0
3470,904,774,130,1982,0,0
3471,904,774,130,1982,0,0
3472,904,774,130,1982,0,0
3473,904,774,130,1982,0,0
3474,904,774,130,1982,0,0
3475,904,774,130,1982,0,0
3476,905,774,131,1982,0,0
3477,905,774,131,1982,0,0
3478,905,774,131,1982,0,0
3479,905,774,131,1982,0,0
3480,905,774,131,1982,0,0
3481,905,774,131,1982,0,0
3482,905,774,131,1982,0,0
3483,905,774,131,1982,0,0
3484,905,774,131,1982,0,0
3485,905,774,131,1982,0,0
3486,905,774,131,1982,0,0
3487,905,774,131,1982,0,0
3488,905,774,131,1982,0,0
3489,905,774,131,1982,0,0
3490,905,774,131,1982,0,0
3491,905,774,131,1982,0,0
3492,905,774,131,1982,0,0
3493,905,774,131,1982,0,0
3494,905,775,130,1985,0,0
3495,905,775,130,1985,0,0
3496,905,775,130,1985,0,0
3497,905,776,129,1987,0,0
3498,905,776,129,1987,0,0
3499,905,776,129,1987,0,0
3500,906,778,128,1989,0,0
3501,906,778,128,1989,0,0
3502,906,779,127,1991,0,0
3503,906,780,126,1995,0,0
3504,906,780,126,1995,0,0
3505,906,780,126,1995,0,0
3506,906,781,125,1997,0,0
3507,906,781,125,1997,0,0
3508,906,782,124,2001,0,0
3509,906,785,121,2006,0,0
3510,906,785,121,2006,0,0
3511,906,786,120,2010,0,0
3512,906,786,120,2010,0,0
3513,906,787,119,2012,0,0
3514,906,787,119,2012,0,0
3515,906,787,119,2012,0,0
3516,906,790,116,2017,0,0
3517,906,790,116,2017,0,0
3518,906,790,116,2017,0,0
3519,906,790,116,2017,0,0
3520,906,790,116,2017,0,0
3521,906,791,115,2019,0,0
3522,906,791,115,2019,0,0
3523,906,791,115,2019,0,0
3524,906,791,115,2019,0,0
3525,906,791,115,2019,0,0
3526,906,791,115,2019,0,0
3527,906,791,115,2019,0,0
3528,906,791,115,2019,0,0
3529,906,791,115,2019,0,0
3530,906,791,115,2019,0,0
3531,906,791,115,2019,0,0
3532,906,791,115,2019,0,0
3533,906,791,115,2019,0,0
3534,906,791,115,2019,0,0
3535,906,791,115,2019,0,0
3536,906,791,115,2019,0,0
3537,906,791,115,2019,0,0
3538,906,791,115,2019,0,0
3539,906,791,115,2019,0,0
3540,906,791,115,2019,0,0
3541,906,791,115,2019,0,0
3542,906,791,115,2019,0,0
3543,906,792,114,2020,0,0
3544,906,793,113,2023,0,0
3545,906,793,113,2023,0,0
3546,906,794,112,2026,0,0
3547,906,794,112,2026,0,0
3548,906,795,111,2028,0,0
3549,906,795,111,2028,0,0
3550,906,795,111,2028,0,0
3551,906,795,111,2028,0,0
3552,906,795,111,2028,0,0
3553,906,795,111,2028,0,0
3554,906,795,111,2028,0,0
3555,906,795,111,2028,0,0
3556,906,795,111,2028,0,0
3557,906,795,111,2028,0,0
3558,906,795,111,2028,0,0
3559,906,795,111,2028,0,0
3560,906,795,111,2028,0,0
3561,906,795,111,2028,0,0
3562,906,795,111,2028,0,0
3563,906,795,111,2028,0,0
3564,906,795,111,2028,0,0
3565,906,795,111,2028,0,0
3566,906,795,111,2028,0,0
3567,906,795,111,2028,0,0
3568,906,795,111,2028,0,0
3569,906,795,111,2028,0,0
3570,906,795,111,2028,0,0
3571,906,795,111,2028,0,0
3572,906,795,111,2028,0,0
3573,906,795,111,2028,0,0
3574,906,795,111,2028,0,0
3575,906,795,111,2028,0,0
3576,906,795,111,2028,0,0
3577,906,795,111,2028,0,0
3578,906,795,111,2028,0,0
3579,907,795,112,2028,0,0
3580,907,795,112,2028,0,0
3581,907,795,112,2028,0,0
3582,907,795,112,2028,0,0
3583,907,795,112,2028,0,0
3584,907,795,112,2028,0,0
3585,907,795,112,2028,0,0
3586,907,795,112,2028,0,0
3587,908,796,112,2031,0,0
3588,908,796,112,2031,0,0
3589,908,797,111,2035,0,0
3590,908,797,111,2035,0,0
3591,908,797,111,2035,0,0
3592,908,797,111,2035,0,0
3593,908,797,111,2035,0,0
3594,908,798,110,2037,0,0
3595,908,798,110,2037,0,0
3596,908,798,110,2037,0,0
3597,908,800,108,2044,0,0
3598,908,802,106,2050,0,0
3599,908,802,106,2050,0,0
3600,908,803,105,2053,0,0
3601,909,803,106,2053,0,0
3602,909,806,103,2057,0,0
3603,909,808,101,2059,0,0
3604,909,808,101,2059,0,0
3605,909,810,99,2066,0,0
3606,909,811,98,2068,0,0
3607,909,812,97,2069,0,0
3608,909,814,95,2071,0,0
3609,909,814,95,2071,0,0
3610,909,815,94,2073,0,0
3611,909,816,93,2075,0,0
3612,909,818,91,2080,0,0
3613,909,819,90,2082,0,0
3614,909,820,89,2084,0,0
3615,909,821,88,2086,0,0
3616,910,821,89,2086,0,0
3617,910,821,89,2086,0,0
3618,910,821,89,2086,0,0
3619,910,821,89,2086,0,0
3620,910,821,89,2086,0,0
3621,910,821,89,2086,0,0
3622,910,821,89,2086,0,0
3623,910,821,89,2086,0,0
3624,910,821,89,2086,0,0
3625,910,821,89,2086,0,0
3626,910,821,89,2086,0,0
3627,910,821,89,2086,0,0
3628,910,821,89,2086,0,0
3629,910,821,89,2086,0,0
3630,910,821,89,2086,0,0
3631,910,821,89,2086,0,0
3632,910,821,89,2086,0,0
3633,910,821,89,2086,0,0
3634,910,821,89,2086,0,0
3635,910,821,89,2086,0,0
3636,910,821,89,2086,0,0
3637,910,821,89,2086,0,0
3638,910,821,89,2086,0,0
3639,910,821,89,2086,0,0
3640,910,822,88,2087,0,0
3641,910,822,88,2087,0,0
3642,910,822,88,2087,0,0
3643,910,822,88,2087,0,0
3644,910,822,88,2087,0,0
3645,910,823,87,2088,0,0
3646,910,823,87,2088,0,0
3647,910,823,87,2088,0,0
3648,910,823,87,2088,0,0
3649,910,824,86,2092,0,0
3650,910,824,86,2092,0,0
3651,910,824,86,2092,0,0
3652,910,824,86,2092,0,0
3653,910,824,86,2092,0,0
3654,910,824,86,2092,0,0
3655,910,824,86,2092,0,0
3656,910,824,86,2092,0,0
3657,910,824,86,2092,0,0
3658,910,824,86,2092,0,0
3659,910,824,86,2092,0,0
3660,910,824,86,2092,0,0
3661,910,824,86,2092,0,0
3662,910,824,86,2092,0,0
3663,910,824,86,2092,0,0
3664,910,824,86,2092,0,0
3665,910,824,86,2092,0,0
3666,911,824,87,2092,0,0
3667,911,824,87,2092,0,0
3668,911,824,87,2092,0,0
3669,912,824,88,2092,0,0
3670,912,824,88,2092,0,0
3671,912,824,88,2092,0,0
3672,912,824,88,2092,0,0
3673,912,824,88,2092,0,0
3674,912,824,88,2092,0,0
3675,912,824,88,2092,0,0
3676,912,824,88,2092,0,0
3677,912,824,88,2092,0,0
3678,912,824,88,2092,0,0
3679,912,824,88,2092,0,0
3680,912,824,88,2092,0,0
3681,912,825,87,2097,0,0
3682,912,825,87,2097,0,0
3683,912,825,87,2097,0,0
3684,912,825,87,2097,0,0
3685,912,825,87,2097,0,0
3686,912,825,87,2097,0,0
3687,912,825,87,2097,0,0
3688,912,825,87,2097,0,0
3689,912,825,87,2097,0,0
3690,912,825,87,2097,0,0
3691,912,825,87,2097,0,0
3692,912,825,87,2097,0,0
3693,912,825,87,2097,0,0
3694,912,825,87,2097,0,0
3695,912,825,87,2097,0,0
3696,912,825,87,2097,0,0
3697,912,825,87,2097,0,0
3698,912,825,87,2097,0,0
3699,912,825,87,2097,0,0
3700,912,825,87,2097,0,0
3701,912,825,87,2097,0,0
3702,912,825,87,2097,0,0
3703,912,825,87,2097,0,0
3704,912,825,87,2097,0,0
3705,912,825,87,2097,0,0
3706,912,825,87,2097,0,0
3707,912,825,87,2097,0,0
3708,913,825,88,2097,0,0
3709,913,825,88,2097,0,0
3710,913,825,88,2097,0,0
3711,913,825,88,2097,0,0
3712,913,825,88,2097,0,0
3713,913,826,87,2100,0,0
3714,913,827,86,2101,0,0
3715,913,827,86,2101,0,0
3716,913,827,86,2101,0,0
3717,913,827,86,2101,0,0
3718,913,827,86,2101,0,0
3719,913,829,84,2104,0,0
3720,913,829,84,2104,0,0
3721,913,830,83,2107,0,0
3722,913,830,83,2107,0,0
3723,913,830,83,2107,0,0
3724,913,830,83,2107,0,0
3725,914,831,83,2108,0,0
3726,914,833,81,2113,0,0
3727,914,833,81,2113,0,0
3728,914,834,80,2114,0,0
3729,914,837,77,2123,0,0
3730,914,837,77,2123,0,0
3731,914,840,74,2129,0,0
3732,914,841,73,2131,0,0
3733,914,842,72,2132,0,0
3734,914,843,71,2136,0,0
3735,914,843,71,2136,0,0
3736,914,845,69,2141,0,0
3737,914,845,69,2141,0,0
3738,914,845,69,2141,0,0
3739,914,845,69,2141,0,0
3740,914,845,69,2141,0,0
3741,914,845,69,2141,0,0
3742,914,845,69,2141,0,0
3743,914,845,69,2141,0,0
3744,914,845,69,2141,0,0
3745,914,845,69,2141,0,0
3746,914,845,69,2141,0,0
3747,914,845,69,2141,0,0
3748,914,845,69,2141,0,0
3749,914,845,69,2141,0,0
3750,914,845,69,2141,0,0
3751,914,845,69,2141,0,0
3752,914,845,69,2141,0,0
3753,914,845,69,2141,0,0
3754,914,845,69,2141,0,0
3755,914,845,69,2141,0,0
3756,914,845,69,2141,0,0
3757,914,845,69,2141,0,0
3758,914,845,69,2141,0,0
3759,914,845,69,2141,0,0
3760,914,845,69,2141,0,0
3761,914,845,69,2141,0,0
3762,914,845,69,2141,0,0
3763,914,845,69,2141,0,0
3764,914,845,69,2141,0,0
3765,914,846,68,2142,0,0
3766,914,846,68,2142,0,0
3767,914,846,68,2142,0,0
3768,914,847,67,2146,0,0
3769,914,848,66,2148,0,0
3770,914,848,66,2148,0,0
3771,914,848,66,2148,0,0
3772,914,848,66,2148,0,0
3773,914,849,65,2150,0,0
3774,914,849,65,2150,0,0
3775,914,849,65,2150,0,0
3776,914,850,64,2152,0,0
3777,914,851,63,2154,0,0
3778,914,853,61,2159,0,0
3779,914,854,60,2163,0,0
3780,914,856,58,2171,0,0
3781,914,856,58,2171,0,0
3782,914,859,55,2179,0,0
3783,914,859,55,2179,0,0
3784,914,860,54,2183,0,0
3785,914,861,53,2187,0,0
3786,914,861,53,2187,0,0
3787,914,861,53,2187,0,0
3788,914,861,53,2187,0,0
3789,914,861,53,2187,0,0
3790,914,861,53,2187,0,0
3791,914,861,53,2187,0,0
3792,914,861,53,2187,0,0
3793,914,861,53,2187,0,0
3794,914,861,53,2187,0,0
3795,914,861,53,2187,0,0
3796,914,861,53,2187,0,0
3797,914,861,53,2187,0,0
3798,914,861,53,2187,0,0
3799,914,861,53,2187,0,0
3800,914,861,53,2187,0,0
3801,914,861,53,2187,0,0
3802,914,861,53,2187,0,0
3803,915,861,54,2187,0,0
3804,915,861,54,2187,0,0
3805,915,861,54,2187,0,0
3806,915,861,54,2187,0,0
3807,915,861,54,2187,0,0
3808,915,861,54,2187,0,0
3809,916,861,55,2187,0,0
3810,916,861,55,2187,0,0
3811,916,861,55,2187,0,0
3812,916,861,55,2187,0,0
3813,916,861,55,2187,0,0
3814,916,861,55,2187,0,0
3815,916,861,55,2187,0,0
3816,916,861,55,2187,0,0
3817,916,861,55,2187,0,0
3818,916,861,55,2187,0,0
3819,916,861,55,2187,0,0
3820,916,861,55,2187,0,0
3821,916,862,54,2191,0,0
3822,916,863,53,2192,0,0
3823,916,863,53,2192,0,0
3824,916,865,51,2197,0,0
3825,916,866,50,2199,0,0
3826,916,867,49,2200,0,0
3827,916,869,47,2206,0,0
3828,916,870,46,2208,0,0
3829,916,870,46,2208,0,0
3830,916,871,45,2209,0,0
3831,916,872,44,2211,0,0
3832,916,873,43,2216,0,0
3833,916,875,41,2223,0,0
3834,916,876,40,2225,0,0
3835,916,877,39,2226,0,0
3836,916,877,39,2226,0,0
3837,916,878,38,2230,0,0
3838,916,880,36,2232,0,0
3839,917,881,36,2234,0,0
3840,917,881,36,2234,0,0
3841,917,881,36,2234,0,0
3842,917,881,36,2234,0,0
3843,917,881,36,2234,0,0
3844,917,881,36,2234,0,0
3845,917,881,36,2234,0,0
3846,917,881,36,2234,0,0
3847,917,881,36,2234,0,0
3848,917,881,36,2234,0,0
3849,917,881,36,2234,0,0
3850,917,881,36,2234,0,0
3851,917,881,36,2234,0,0
3852,917,881,36,2234,0,0
3853,917,881,36,2234,0,0
3854,917,881,36,2234,0,0
3855,917,881,36,2234,0,0
3856,917,881,36,2234,0,0
3857,917,881,36,2234,0,0
3858,917,881,36,2234,0,0
3859,917,881,36,2234,0,0
3860,917,881,36,2234,0,0
3861,917,881,36,2234,0,0
3862,918,881,37,2234,0,0
3863,918,881,37,2234,0,0
3864,918,881,37,2234,0,0
3865,918,881,37,2234,0,0
3866,918,881,37,2234,0,0
3867,918,881,37,2234,0,0
3868,918,882,36,2237,0,0
3869,918,882,36,2237,0,0
3870,918,882,36,2237,0,0
3871,918,882,36,2237,0,0
3872,918,883,35,2242,0,0
3873,918,884,34,2244,0,0
3874,918,885,33,2246,0,0
3875,918,885,33,2246,0,0
3876,918,885,33,2246,0,0
3877,918,885,33,2246,0,0
3878,918,885,33,2246,0,0
3879,918,885,33,2246,0,0
3880,918,885,33,2246,0,0
3881,918,885,33,2246,0,0
3882,918,885,33,2246,0,0
3883,918,885,33,2246,0,0
3884,918,885,33,2246,0,0
3885,918,885,33,2246,0,0
3886,918,885,33,2246,0,0
3887,918,885,33,2246,0,0
3888,918,885,33,2246,0,0
3889,918,885,33,2246,0,0
3890,918,885,33,2246,0,0
3891,918,885,33,2246,0,0
3892,918,885,33,2246,0,0
3893,918,885,33,2246,0,0
3894,918,885,33,2246,0,0
3895,918,885,33,2246,0,0
3896,918,885,33,2246,0,0
3897,918,885,33,2246,0,0
3898,918,885,33,2246,0,0
3899,918,885,33,2246,0,0
3900,918,885,33,2246,0,0
3901,918,885,33,2246,0,0
3902,918,885,33,2246,0,0
3903,918,885,33,2246,0,0
3904,919,885,34,2246,0,0
3905,919,885,34,2246,0,0
3906,920,886,34,2250,0,0
3907,920,887,33,2255,0,0
3908,920,887,33,2255,0,0
3909,920,887,33,2255,0,0
3910,920,888,32,2258,0,0
3911,920,888,32,2258,0,0
3912,920,888,32,2258,0,0
3913,920,888,32,2258,0,0
3914,920,888,32,2258,0,0
3915,920,888,32,2258,0,0
3916,920,888,32,2258,0,0
3917,920,888,32,2258,0,0
3918,920,888,32,2258,0,0
3919,920,888,32,2258,0,0
3920,920,888,32,2258,0,0
3921,920,888,32,2258,0,0
3922,920,888,32,2258,0,0
3923,920,888,32,2258,0,0
3924,920,888,32,2258,0,0
3925,920,888,32,2258,0,0
3926,920,888,32,2258,0,0
3927,920,888,32,2258,0,0
3928,920,888,32,2258,0,0
3929,920,888,32,2258,0,0
3930,920,888,32,2258,0,0
3931,920,888,32,2258,0,0
3932,920,888,32,2258,0,0
3933,920,888,32,2258,0,0
3934,920,888,32,2258,0,0
3935,920,888,32,2258,0,0
3936,920,888,32,2258,0,0
3937,920,888,32,2258,0,0
3938,920,888,32,2258,0,0
3939,920,888,32,2258,0,0
3940,920,888,32,2258,0,0
3941,920,888,32,2258,0,0
3942,920,889,31,2261,0,0
3943,920,889,31,2261,0,0
3944,920,889,31,2261,0,0
3945,920,889,31,2261,0,0
3946,920,889,31,2261,0,0
3947,920,889,31,2261,0,0
3948,920,889,31,2261,0,0
3949,920,889,31,2261,0,0
3950,920,889,31,2261,0,0
3951,920,889,31,2261,0,0
3952,920,889,31,2261,0,0
3953,920,889,31,2261,0,0
3954,920,889,31,2261,0,0
3955,920,889,31,2261,0,0
3956,920,889,31,2261,0,0
3957,920,889,31,2261,0,0
3958,920,889,31,2261,0,0
3959,920,889,31,2261,0,0
3960,920,889,31,2261,0,0
3961,920,889,31,2261,0,0
3962,920,889,31,2261,0,0
3963,920,889,31,2261,0,0
3964,920,889,31,2261,0,0
3965,920,889,31,2261,0,0
3966,920,889,31,2261,0,0
3967,920,889,31,2261,0,0
3968,920,889,31,2261,0,0
3969,920,889,31,2261,0,0
3970,920,889,31,2261,0,0
3971,920,889,31,2261,0,0
3972,920,889,31,2261,0,0
3973,921,889,32,2261,0,0
3974,921,889,32,2261,0,0
3975,921,889,32,2261,0,0
3976,921,889,32,2261,0,0
3977,921,889,32,2261,0,0
3978,921,889,32,2261,0,0
3979,921,889,32,2261,0,0
3980,921,889,32,2261,0,0
3981,921,889,32,2261,0,0
3982,921,889,32,2261,0,0
3983,921,889,32,2261,0,0
3984,921,889,32,2261,0,0
3985,921,889,32,2261,0,0
3986,921,889,32,2261,0,0
3987,921,889,32,2261,0,0
3988,921,889,32,2261,0,0
3989,921,889,32,2261,0,0
3990,921,889,32,2261,0,0
3991,921,889,32,2261,0,0
3992,921,889,32,2261,0,0
3993,921,889,32,2261,0,0
3994,921,889,32,2261,0,0
3995,921,889,32,2261,0,0
3996,921,889,32,2261,0,0
3997,921,889,32,2261,0,0
3998,921,889,32,2261,0,0
3999,921,889,32,2261,0,0
4000,921,889,32,2261,0,0
4001,921,889,32,2261,0,0
4002,921,889,32,2261,0,0
4003,921,889,32,2261,0,0
4004,921,889,32,2261,0,0
4005,921,889,32,2261,0,0
4006,921,889,32,2261,0,0
4007,921,889,32,2261,0,0
4008,921,889,32,2261,0,0
4009,921,889,32,2261,0,0
4010,921,889,32,2261,0,0
4011,921,889,32,2261,0,0
4012,921,889,32,2261,0,0
4013,921,889,32,2261,0,0
4014,921,889,32,2261,0,0
4015,921,889,32,2261,0,0
4016,921,889,32,2261,0,0
4017,921,891,30,2267,0,0
4018,921,891,30,2267,0,0
4019,921,891,30,2267,0,0
4020,921,891,30,2267,0,0
4021,921,891,30,2267,0,0
4022,921,891,30,2267,0,0
4023,921,891,30,2267,0,0
4024,921,891,30,2267,0,0
4025,921,891,30,2267,0,0
4026,921,891,30,2267,0,0
4027,921,891,30,2267,0,0
4028,921,891,30,2267,0,0
4029,921,891,30,2267,0,0
4030,921,891,30,2267,0,0
4031,921,891,30,2267,0,0
4032,921,891,30,2267,0,0
4033,921,891,30,2267,0,0
4034,921,891,30,2267,0,0
4035,921,891,30,2267,0,0
4036,921,891,30,2267,0,0
4037,921,891,30,2267,0,0
4038,921,891,30,2267,0,0
4039,921,891,30,2267,0,0
4040,921,891,30,2267,0,0
4041,921,891,30,2267,0,0
4042,921,891,30,2267,0,0
4043,921,891,30,2267,0,0
4044,921,891,30,2267,0,0
4045,921,891,30,2267,0,0
4046,921,891,30,2267,0,0
4047,921,891,30,2267,0,0
4048,921,892,29,2269,0,0
4049,921,892,29,2269,0,0
4050,921,892,29,2269,0,0
4051,921,893,28,2274,0,0
4052,921,893,28,2274,0,0
4053,921,893,28,2274,0,0
4054,921,893,28,2274,0,0
4055,921,893,28,2274,0,0
4056,921,894,27,2277,0,0
4057,921,894,27,2277,0,0
4058,921,894,27,2277,0,0
4059,921,894,27,2277,0,0
4060,921,894,27,2277,0,0
4061,921,894,27,2277,0,0
4062,921,894,27,2277,0,0
4063,921,894,27,2277,0,0
4064,921,894,27,2277,0,0
4065,921,894,27,2277,0,0
4066,921,894,27,2277,0,0
4067,921,894,27,2277,0,0
4068,921,894,27,2277,0,0
4069,921,894,27,2277,0,0
4070,921,894,27,2277,0,0
4071,921,894,27,2277,0,0
4072,921,894,27,2277,0,0
4073,921,894,27,2277,0,0
4074,921,894,27,2277,0,0
4075,921,894,27,2277,0,0
4076,921,894,27,2277,0,0
4077,921,894,27,2277,0,0
4078,921,894,27,2277,0,0
4079,921,894,27,2277,0,0
4080,921,894,27,2277,0,0
4081,921,894,27,2277,0,0
4082,921,894,27,2277,0,0
4083,921,894,27,2277,0,0
4084,921,894,27,2277,0,0
4085,921,894,27,2277,0,0
4086,921,894,27,2277,0,0
4087,921,895,26,2281,0,0
4088,921,895,26,2281,0,0
4089,921,895,26,2281,0,0
4090,921,895,26,2281,0,0
4091,921,895,26,2281,0,0
4092,921,896,25,2282,0,0
4093,921,896,25,2282,0,0
4094,921,896,25,2282,0,0
4095,921,896,25,2282,0,0
4096,921,896,25,2282,0,0
4097,921,896,25,2282,0,0
4098,921,896,25,2282,0,0
4099,921,896,25,2282,0,0
4100,921,896,25,2282,0,0
4101,921,896,25,2282,0,0
4102,921,896,25,2282,0,0
4103,921,896,25,2282,0,0
4104,921,896,25,2282,0,0
4105,921,896,25,2282,0,0
4106,921,896,25,2282,0,0
4107,921,896,25,2282,0,0
4108,921,896,25,2282,0,0
4109,921,896,25,2282,0,0
4110,921,896,25,2282,0,0
4111,922,896,26,2282,0,0
4112,922,896,26,2282,0,0
4113,922,896,26,2282,0,0
4114,922,896,26,2282,0,0
4115,922,896,26,2282,0,0
4116,922,896,26,2282,0,0
4117,922,896,26,2282,0,0
4118,922,896,26,2282,0,0
4119,922,896,26,2282,0,0
4120,922,896,26,2282,0,0
4121,922,896,26,2282,0,0
4122,922,896,26,2282,0,0
4123,922,896,26,2282,0,0
4124,922,896,26,2282,0,0
4125,922,896,26,2282,0,0
4126,922,896,26,2282,0,0
4127,922,896,26,2282,0,0
4128,923,896,27,2282,0,0
4129,923,896,27,2282,0,0
4130,923,896,27,2282,0,0
4131,923,896,27,2282,0,0
4132,923,896,27,2282,0,0
4133,923,896,27,2282,0,0
4134,923,896,27,2282,0,0
4135,923,896,27,2282,0,0
4136,923,896,27,2282,0,0
4137,923,896,27,2282,0,0
4138,923,897,26,2283,0,0
4139,923,897,26,2283,0,0
4140,923,897,26,2283,0,0
4141,924,897,27,2283,0,0
4142,924,897,27,2283,0,0
4143,924,897,27,2283,0,0
4144,924,897,27,2283,0,0
4145,924,897,27,2283,0,0
4146,924,897,27,2283,0,0
4147,924,897,27,2283,0,0
4148,924,897,27,2283,0,0
4149,924,897,27,2283,0,0
4150,924,897,27,2283,0,0
4151,924,897,27,2283,0,0
4152,924,897,27,2283,0,0
4153,924,897,27,2283,0,0
4154,924,897,27,2283,0,0
4155,924,897,27,2283,0,0
4156,924,897,27,2283,0,0
4157,924,897,27,2283,0,0
4158,924,897,27,2283,0,0
4159,924,897,27,2283,0,0
4160,924,898,26,2284,0,0
4161,924,898,26,2284,0,0
4162,924,898,26,2284,0,0
4163,924,898,26,2284,0,0
4164,924,898,26,2284,0,0
4165,924,898,26,2284,0,0
4166,924,898,26,2284,0,0
4167,924,899,25,2287,0,0
4168,924,899,25,2287,0,0
4169,924,899,25,2287,0,0
4170,924,899,25,2287,0,0
4171,924,899,25,2287,0,0
4172,924,899,25,2287,0,0
4173,924,899,25,2287,0,0
4174,924,899,25,2287,0,0
4175,924,899,25,2287,0,0
4176,924,899,25,2287,0,0
4177,924,899,25,2287,0,0
4178,924,899,25,2287,0,0
4179,924,899,25,2287,0,0
4180,924,899,25,2287,0,0
4181,924,899,25,2287,0,0
4182,924,899,25,2287,0,0
4183,924,899,25,2287,0,0
4184,924,899,25,2287,0,0
4185,924,899,25,2287,0,0
4186,925,899,26,2287,0,0
4187,926,899,27,2287,0,0
4188,926,899,27,2287,0,0
4189,926,899,27,2287,0,0
4190,926,899,27,2287,0,0
4191,927,899,28,2287,0,0
4192,927,899,28,2287,0,0
4193,928,899,29,2287,0,0
4194,928,899,29,2287,0,0
4195,928,899,29,2287,0,0
4196,928,899,29,2287,0,0
4197,928,899,29,2287,0,0
4198,928,899,29,2287,0,0
4199,928,899,29,2287,0,0
4200,928,899,29,2287,0,0
4201,928,899,29,2287,0,0
4202,928,899,29,2287,0,0
4203,928,899,29,2287,0,0
4204,928,899,29,2287,0,0
4205,928,899,29,2287,0,0
4206,928,899,29,2287,0,0
4207,928,899,29,2287,0,0
4208,928,899,29,2287,0,0
4209,928,900,28,2291,0,0
4210,928,900,28,2291,0,0
4211,928,900,28,2291,0,0
4212,928,900,28,2291,0,0
4213,928,900,28,2291,0,0
4214,928,900,28,2291,0,0
4215,928,900,28,2291,0,0
4216,928,900,28,2291,0,0
4217,928,900,28,2291,0,0
4218,928,900,28,2291,0,0
4219,928,900,28,2291,0,0
4220,928,900,28,2291,0,0
4221,928,900,28,2291,0,0
4222,928,900,28,2291,0,0
4223,928,900,28,2291,0,0
4224,928,900,28,2291,0,0
4225,928,900,28,2291,0,0
4226,928,900,28,2291,0,0
4227,928,900,28,2291,0,0
4228,928,900,28,2291,0,0
4229,928,900,28,2291,0,0
4230,929,900,29,2291,0,0
4231,929,900,29,2291,0,0
4232,929,900,29,2291,0,0
4233,929,900,29,2291,0,0
4234,929,900,29,2291,0,0
4235,929,900,29,2291,0,0
4236,929,900,29,2291,0,0
4237,929,900,29,2291,0,0
4238,929,901,28,2293,0,0
4239,929,901,28,2293,0,0
4240,929,901,28,2293,0,0
4241,930,902,28,2295,0,0
4242,930,902,28,2295,0,0
4243,930,902,28,2295,0,0
4244,930,902,28,2295,0,0
4245,930,903,27,2299,0,0
4246,930,903,27,2299,0,0
4247,930,903,27,2299,0,0
4248,930,903,27,2299,0,0
4249,930,903,27,2299,0,0
4250,931,903,28,2299,0,0
4251,931,903,28,2299,0,0
4252,931,903,28,2299,0,0
4253,931,903,28,2299,0,0
4254,931,903,28,2299,0,0
4255,931,903,28,2299,0,0
4256,931,903,28,2299,0,0
4257,931,903,28,2299,0,0
4258,931,903,28,2299,0,0
4259,931,903,28,2299,0,0
4260,931,903,28,2299,0,0
4261,932,903,29,2299,0,0
4262,932,903,29,2299,0,0
4263,932,903,29,2299,0,0
4264,932,903,29,2299,0,0
4265,933,903,30,2299,0,0
4266,933,903,30,2299,0,0
4267,933,903,30,2299,0,0
4268,933,903,30,2299,0,0
4269,933,903,30,2299,0,0
4270,933,903,30,2299,0,0
4271,933,903,30,2299,0,0
4272,933,903,30,2299,0,0
4273,933,903,30,2299,0,0
4274,933,903,30,2299,0,0
4275,933,903,30,2299,0,0
4276,934,904,30,2300,0,0
4277,934,905,29,2301,0,0
4278,934,905,29,2301,0,0
4279,934,905,29,2301,0,0
4280,934,905,29,2301,0,0
4281,934,905,29,2301,0,0
4282,934,905,29,2301,0,0
4283,934,905,29,2301,0,0
4284,934,905,29,2301,0,0
4285,934,905,29,2301,0,0
4286,934,905,29,2301,0,0
4287,934,905,29,2301,0,0
4288,934,905,29,2301,0,0
4289,934,905,29,2301,0,0
4290,934,905,29,2301,0,0
4291,934,905,29,2301,0,0
4292,934,905,29,2301,0,0
4293,934,905,29,2301,0,0
4294,934,905,29,2301,0,0
4295,934,905,29,2301,0,0
4296,934,905,29,2301,0,0
4297,934,905,29,2301,0,0
4298,934,905,29,2301,0,0
4299,934,905,29,2301,0,0
4300,934,905,29,2301,0,0
4301,934,905,29,2301,0,0
4302,934,905,29,2301,0,0
4303,934,905,29,2301,0,0
4304,934,905,29,2301,0,0
4305,934,905,29,2301,0,0
4306,934,905,29,2301,0,0
4307,934,905,29,2301,0,0
4308,934,905,29,2301,0,0
4309,934,905,29,2301,0,0
4310,935,906,29,2304,0,0
4311,935,906,29,2304,0,0
4312,935,906,29,2304,0,0
4313,935,906,29,2304,0,0
4314,935,906,29,2304,0,0
4315,935,906,29,2304,0,0
4316,935,906,29,2304,0,0
4317,935,906,29,2304,0,0
4318,935,906,29,2304,0,0
4319,935,906,29,2304,0,0
4320,935,906,29,2304,0,0
4321,935,906,29,2304,0,0
4322,935,906,29,2304,0,0
4323,935,906,29,2304,0,0
4324,935,906,29,2304,0,0
4325,935,906,29,2304,0,0
4326,935,906,29,2304,0,0
4327,935,906,29,2304,0,0
4328,935,906,29,2304,0,0
4329,935,906,29,2304,0,0
4330,935,906,29,2304,0,0
4331,935,906,29,2304,0,0
4332,935,906,29,2304,0,0
4333,935,906,29,2304,0,0
4334,935,906,29,2304,0,0
4335,935,906,29,2304,0,0
4336,935,906,29,2304,0,0
4337,935,906,29,2304,0,0
4338,935,906,29,2304,0,0
4339,935,906,29,2304,0,0
4340,935,906,29,2304,0,0
4341,935,906,29,2304,0,0
4342,935,906,29,2304,0,0
4343,935,906,29,2304,0,0
4344,935,906,29,2304,0,0
4345,935,906,29,2304,0,0
4346,935,906,29,2304,0,0
4347,936,906,30,2304,0,0
4348,936,906,30,2304,0,0
4349,937,906,31,2304,0,0
4350,937,906,31,2304,0,0
4351,937,906,31,2304,0,0
4352,938,906,32,2304,0,0
4353,938,906,32,2304,0,0
4354,938,906,32,2304,0,0
4355,938,906,32,2304,0,0
4356,938,906,32,2304,0,0
4357,938,906,32,2304,0,0
4358,938,906,32,2304,0,0
4359,938,906,32,2304,0,0
4360,938,906,32,2304,0,0
4361,938,906,32,2304,0,0
4362,938,906,32,2304,0,0
4363,938,906,32,2304,0,0
4364,938,906,32,2304,0,0
4365,938,906,32,2304,0,0
4366,938,906,32,2304,0,0
4367,938,906,32,2304,0,0
4368,938,906,32,2304,0,0
4369,938,906,32,2304,0,0
4370,938,906,32,2304,0,0
4371,938,906,32,2304,0,0
4372,938,906,32,2304,0,0
4373,938,906,32,2304,0,0
4374,938,906,32,2304,0,0
4375,938,906,32,2304,0,0
4376,938,906,32,2304,0,0
4377,938,906,32,2304,0,0
4378,938,906,32,2304,0,0
4379,938,906,32,2304,0,0
4380,938,906,32,2304,0,0
4381,938,906,32,2304,0,0
4382,938,906,32,2304,0,0
4383,938,906,32,2304,0,0
4384,938,906,32,2304,0,0
4385,938,907,31,2305,0,0
4386,938,908,30,2309,0,0
4387,938,908,30,2309,0,0
4388,938,908,30,2309,0,0
4389,938,908,30,2309,0,0
4390,938,908,30,2309,0,0
4391,938,908,30,2309,0,0
4392,938,908,30,2309,0,0
4393,938,908,30,2309,0,0
4394,938,908,30,2309,0,0
4395,938,908,30,2309,0,0
4396,938,908,30,2309,0,0
4397,938,908,30,2309,0,0
4398,938,908,30,2309,0,0
4399,938,908,30,2309,0,0
4400,938,908,30,2309,0,0
4401,938,908,30,2309,0,0
4402,938,908,30,2309,0,0
4403,938,908,30,2309,0,0
4404,938,908,30,2309,0,0
4405,938,908,30,2309,0,0
4406,938,908,30,2309,0,0
4407,938,908,30,2309,0,0
4408,938,908,30,2309,0,0
4409,938,908,30,2309,0,0
4410,938,908,30,2309,0,0
4411,938,908,30,2309,0,0
4412,938,908,30,2309,0,0
4413,938,908,30,2309,0,0
4414,938,908,30,2309,0,0
4415,938,908,30,2309,0,0
4416,938,908,30,2309,0,0
4417,938,908,30,2309,0,0
4418,938,908,30,2309,0,0
4419,938,908,30,2309,0,0
4420,938,908,30,2309,0,0
4421,938,908,30,2309,0,0
4422,938,908,30,2309,0,0
4423,938,909,29,2310,0,0
4424,938,909,29,2310,0,0
4425,938,909,29,2310,0,0
4426,938,909,29,2310,0,0
4427,938,909,29,2310,0,0
4428,938,909,29,2310,0,0
4429,938,909,29,2310,0,0
4430,938,909,29,2310,0,0
4431,938,909,29,2310,0,0
4432,938,909,29,2310,0,0
4433,938,909,29,2310,0,0
4434,938,909,29,2310,0,0
4435,938,909,29,2310,0,0
4436,938,909,29,2310,0,0
4437,938,909,29,2310,0,0
4438,938,909,29,2310,0,0
4439,938,909,29,2310,0,0
4440,938,909,29,2310,0,0
4441,938,909,29,2310,0,0
4442,938,909,29,2310,0,0
4443,938,909,29,2310,0,0
4444,938,909,29,2310,0,0
4445,938,909,29,2310,0,0
4446,938,909,29,2310,0,0
4447,938,909,29,2310,0,0
4448,938,909,29,2310,0,0
4449,938,909,29,2310,0,0
4450,938,909,29,2310,0,0
4451,938,909,29,2310,0,0
4452,938,909,29,2310,0,0
4453,938,909,29,2310,0,0
4454,938,909,29,2310,0,0
4455,939,909,30,2310,0,0
4456,939,909,30,2310,0,0
4457,939,909,30,2310,0,0
4458,939,909,30,2310,0,0
4459,939,909,30,2310,0,0
4460,939,909,30,2310,0,0
4461,939,910,29,2312,0,0
4462,939,910,29,2312,0,0
4463,939,910,29,2312,0,0
4464,939,911,28,2317,0,0
4465,939,911,28,2317,0,0
4466,939,912,27,2321,0,0
4467,939,912,27,2321,0,0
4468,939,912,27,2321,0,0
4469,939,912,27,2321,0,0
4470,939,912,27,2321,0,0
4471,939,912,27,2321,0,0
4472,939,912,27,2321,0,0
4473,939,912,27,2321,0,0
4474,939,912,27,2321,0,0
4475,939,912,27,2321,0,0
4476,939,912,27,2321,0,0
4477,939,912,27,2321,0,0
4478,939,912,27,2321,0,0
4479,939,912,27,2321,0,0
4480,939,912,27,2321,0,0
4481,939,912,27,2321,0,0
4482,939,912,27,2321,0,0
4483,939,912,27,2321,0,0
4484,939,912,27,2321,0,0
4485,939,912,27,2321,0,0
4486,939,912,27,2321,0,0
4487,939,912,27,2321,0,0
4488,939,912,27,2321,0,0
4489,939,912,27,2321,0,0
4490,939,912,27,2321,0,0
4491,939,912,27,2321,0,0
4492,939,912,27,2321,0,0
4493,939,912,27,2321,0,0
4494,939,912,27,2321,0,0
4495,939,912,27,2321,0,0
4496,939,912,27,2321,0,0
4497,939,912,27,2321,0,0
4498,939,912,27,2321,0,0
4499,939,912,27,2321,0,0
4500,939,912,27,2321,0,0
4501,939,912,27,2321,0,0
4502,939,912,27,2321,0,0
4503,939,912,27,2321,0,0
4504,939,912,27,2321,0,0
4505,939,912,27,2321,0,0
4506,939,912,27,2321,0,0
4507,939,912,27,2321,0,0
4508,939,912,27,2321,0,0
4509,939,912,27,2321,0,0
4510,939,912,27,2321,0,0
4511,939,912,27,2321,0,0
4512,939,912,27,2321,0,0
4513,939,912,27,2321,0,0
4514,939,912,27,2321,0,0
4515,939,912,27,2321,0,0
4516,939,912,27,2321,0,0
4517,939,912,27,2321,0,0
4518,939,912,27,2321,0,0
4519,939,912,27,2321,0,0
4520,939,912,27,2321,0,0
4521,939,912,27,2321,0,0
4522,939,912,27,2321,0,0
4523,939,912,27,2321,0,0
4524,939,912,27,2321,0,0
4525,939,912,27,2321,0,0
4526,939,912,27,2321,0,0
4527,939,912,27,2321,0,0
4528,940,912,28,2321,0,0
4529,940,912,28,2321,0,0
4530,940,913,27,2325,0,0
4531,940,913,27,2325,0,0
4532,940,913,27,2325,0,0
4533,941,913,28,2325,0,0
4534,941,913,28,2325,0,0
4535,941,913,28,2325,0,0
4536,941,913,28,2325,0,0
4537,941,913,28,2325,0,0
4538,941,914,27,2326,0,0
4539,941,914,27,2326,0,0
4540,941,914,27,2326,0,0
4541,941,914,27,2326,0,0
4542,941,914,27,2326,0,0
4543,941,914,27,2326,0,0
4544,941,914,27,2326,0,0
4545,941,914,27,2326,0,0
4546,941,914,27,2326,0,0
4547,941,914,27,2326,0,0
4548,941,914,27,2326,0,0
4549,941,914,27,2326,0,0
4550,941,914,27,2326,0,0
4551,941,914,27,2326,0,0
4552,941,914,27,2326,0,0
4553,941,914,27,2326,0,0
4554,941,914,27,2326,0,0
4555,941,914,27,2326,0,0
4556,941,914,27,2326,0,0
4557,941,914,27,2326,0,0
4558,941,914,27,2326,0,0
4559,941,914,27,2326,0,0
4560,941,914,27,2326,0,0
4561,941,914,27,2326,0,0
4562,941,914,27,2326,0,0
4563,941,914,27,2326,0,0
4564,941,914,27,2326,0,0
4565,941,914,27,2326,0,0
4566,941,914,27,2326,0,0
4567,941,914,27,2326,0,0
4568,941,914,27,2326,0,0
4569,941,914,27,2326,0,0
4570,941,916,25,2333,0,0
4571,941,916,25,2333,0,0
4572,941,916,25,2333,0,0
4573,941,916,25,2333,0,0
4574,941,916,25,2333,0,0
4575,941,916,25,2333,0,0
4576,941,916,25,2333,0,0
4577,941,916,25,2333,0,0
4578,941,916,25,2333,0,0
4579,941,916,25,2333,0,0
4580,941,916,25,2333,0,0
4581,941,916,25,2333,0,0
4582,941,916,25,2333,0,0
4583,941,916,25,2333,0,0
4584,941,916,25,2333,0,0
4585,941,916,25,2333,0,0
4586,941,916,25,2333,0,0
4587,941,916,25,2333,0,0
4588,941,916,25,2333,0,0
4589,941,916,25,2333,0,0
4590,941,916,25,2333,0,0
4591,941,916,25,2333,0,0
4592,941,916,25,2333,0,0
4593,941,916,25,2333,0,0
4594,941,916,25,2333,0,0
4595,941,916,25,2333,0,0
4596,941,916,25,2333,0,0
4597,941,916,25,2333,0,0
4598,941,916,25,2333,0,0
4599,941,916,25,2333,0,0
4600,941,916,25,2333,0,0
4601,941,916,25,2333,0,0
4602,941,917,24,2334,0,0
4603,941,917,24,2334,0,0
4604,941,917,24,2334,0,0
4605,941,917,24,2334,0,0
4606,941,917,24,2334,0,0
4607,941,917,24,2334,0,0
4608,941,917,24,2334,0,0
4609,941,917,24,2334,0,0
4610,941,917,24,2334,0,0
4611,941,917,24,2334,0,0
4612,941,917,24,2334,0,0
4613,941,917,24,2334,0,0
4614,941,917,24,2334,0,0
4615,941,917,24,2334,0,0
4616,941,917,24,2334,0,0
4617,941,917,24,2334,0,0
4618,941,917,24,2334,0,0
4619,941,917,24,2334,0,0
4620,941,917,24,2334,0,0
4621,941,917,24,2334,0,0
4622,941,917,24,2334,0,0
4623,941,917,24,2334,0,0
4624,941,917,24,2334,0,0
4625,941,917,24,2334,0,0
4626,941,917,24,2334,0,0
4627,941,917,24,2334,0,0
4628,941,917,24,2334,0,0
4629,941,917,24,2334,0,0
4630,941,917,24,2334,0,0
4631,941,917,24,2334,0,0
4632,941,917,24,2334,0,0
4633,941,917,24,2334,0,0
4634,941,917,24,2334,0,0
4635,941,917,24,2334,0,0
4636,941,917,24,2334,0,0
4637,941,917,24,2334,0,0
4638,941,917,24,2334,0,0
4639,941,917,24,2334,0,0
4640,941,917,24,2334,0,0
4641,941,917,24,2334,0,0
4642,941,917,24,2334,0,0
4643,941,918,23,2337,0,0
4644,941,918,23,2337,0,0
4645,941,918,23,2337,0,0
4646,942,918,24,2337,0,0
4647,943,918,25,2337,0,0
4648,943,918,25,2337,0,0
4649,943,918,25,2337,0,0
4650,943,918,25,2337,0,0
4651,943,918,25,2337,0,0
4652,943,918,25,2337,0,0
4653,944,918,26,2337,0,0
4654,944,918,26,2337,0,0
4655,944,918,26,2337,0,0
4656,944,918,26,2337,0,0
4657,944,918,26,2337,0,0
4658,944,918,26,2337,0,0
4659,944,918,26,2337,0,0
4660,944,918,26,2337,0,0
4661,944,918,26,2337,0,0
4662,944,918,26,2337,0,0
4663,944,918,26,2337,0,0
4664,944,918,26,2337,0,0
4665,944,918,26,2337,0,0
4666,944,918,26,2337,0,0
4667,944,918,26,2337,0,0
4668,944,918,26,2337,0,0
4669,944,918,26,2337,0,0
4670,944,918,26,2337,0,0
4671,944,918,26,2337,0,0
4672,944,918,26,2337,0,0
4673,944,918,26,2337,0,0
4674,944,918,26,2337,0,0
4675,944,919,25,2339,0,0
4676,944,919,25,2339,0,0
4677,944,920,24,2340,0,0
4678,944,920,24,2340,0,0
4679,944,920,24,2340,0,0
4680,944,920,24,2340,0,0
4681,944,920,24,2340,0,0
4682,944,920,24,2340,0,0
4683,944,920,24,2340,0,0
4684,944,920,24,2340,0,0
4685,944,920,24,2340,0,0
4686,944,920,24,2340,0,0
4687,944,920,24,2340,0,0
4688,944,920,24,2340,0,0
4689,944,920,24,2340,0,0
4690,944,920,24,2340,0,0
4691,944,920,24,2340,0,0
4692,944,920,24,2340,0,0
4693,946,920,26,2340,0,0
4694,946,920,26,2340,0,0
4695,946,920,26,2340,0,0
4696,946,920,26,2340,0,0
4697,946,920,26,2340,0,0
4698,946,920,26,2340,0,0
4699,946,920,26,2340,0,0
4700,946,920,26,2340,0,0
4701,946,920,26,2340,0,0
4702,946,920,26,2340,0,0
4703,946,920,26,2340,0,0
4704,946,920,26,2340,0,0
4705,946,920,26,2340,0,0
4706,946,920,26,2340,0,0
4707,946,920,26,2340,0,0
4708,946,920,26,2340,0,0
4709,946,920,26,2340,0,0
4710,946,920,26,2340,0,0
4711,946,920,26,2340,0,0
4712,946,920,26,2340,0,0
4713,946,920,26,2340,0,0
4714,946,920,26,2340,0,0
4715,946,920,26,2340,0,0
4716,946,920,26,2340,0,0
4717,946,920,26,2340,0,0
4718,946,920,26,2340,0,0
4719,946,920,26,2340,0,0
4720,946,920,26,2340,0,0
4721,946,920,26,2340,0,0
4722,946,920,26,2340,0,0
4723,946,920,26,2340,0,0
4724,946,920,26,2340,0,0
4725,946,920,26,2340,0,0
4726,946,920,26,2340,0,0
4727,946,920,26,2340,0,0
4728,946,920,26,2340,0,0
4729,946,920,26,2340,0,0
4730,946,920,26,2340,0,0
4731,946,920,26,2340,0,0
4732,946,920,26,2340,0,0
4733,946,920,26,2340,0,0
4734,946,920,26,2340,0,0
4735,946,920,26,2340,0,0
4736,946,920,26,2340,0,0
4737,946,920,26,2340,0,0
4738,946,920,26,2340,0,0
4739,946,920,26,2340,0,0
4740,946,920,26,2340,0,0
4741,946,920,26,2340,0,0
4742,946,920,26,2340,0,0
4743,946,920,26,2340,0,0
4744,946,920,26,2340,0,0
4745,946,920,26,2340,0,0
4746,946,920,26,2340,0,0
4747,946,921,25,2341,0,0
4748,946,921,25,2341,0,0
4749,946,921,25,2341,0,0
4750,946,921,25,2341,0,0
4751,946,921,25,2341,0,0
4752,946,921,25,2341,0,0
4753,946,921,25,2341,0,0
4754,946,921,25,2341,0,0
4755,946,921,25,2341,0,0
4756,946,921,25,2341,0,0
4757,946,921,25,2341,0,0
4758,946,921,25,2341,0,0
4759,946,921,25,2341,0,0
4760,946,921,25,2341,0,0
4761,946,921,25,2341,0,0
4762,946,921,25,2341,0,0
4763,946,921,25,2341,0,0
4764,946,921,25,2341,0,0
4765,946,921,25,2341,0,0
4766,946,921,25,2341,0,0
4767,946,921,25,2341,0,0
4768,946,921,25,2341,0,0
4769,946,921,25,2341,0,0
4770,946,921,25,2341,0,0
4771,946,921,25,2341,0,0
4772,946,921,25,2341,0,0
4773,946,921,25,2341,0,0
4774,946,921,25,2341,0,0
4775,946,921,25,2341,0,0
4776,946,921,25,2341,0,0
4777,946,921,25,2341,0,0
4778,946,921,25,2341,0,0
4779,946,921,25,2341,0,0
4780,946,921,25,2341,0,0
4781,946,921,25,2341,0,0
4782,946,921,25,2341,0,0
4783,946,921,25,2341,0,0
4784,946,921,25,2341,0,0
4785,946,921,25,2341,0,0
4786,946,921,25,2341,0,0
4787,946,922,24,2342,0,0
4788,946,922,24,2342,0,0
4789,946,923,23,2347,0,0
4790,946,923,23,2347,0,0
4791,946,923,23,2347,0,0
4792,946,923,23,2347,0,0
4793,946,923,23,2347,0,0
4794,946,923,23,2347,0,0
4795,946,923,23,2347,0,0
4796,946,923,23,2347,0,0
4797,946,923,23,2347,0,0
4798,946,923,23,2347,0,0
4799,946,923,23,2347,0,0
4800,946,923,23,2347,0,0
4801,946,923,23,2347,0,0
4802,946,923,23,2347,0,0
4803,946,923,23,2347,0,0
4804,946,923,23,2347,0,0
4805,946,923,23,2347,0,0
4806,946,923,23,2347,0,0
4807,946,923,23,2347,0,0
4808,946,923,23,2347,0,0
4809,946,923,23,2347,0,0
4810,946,923,23,2347,0,0
4811,946,923,23,2347,0,0
4812,946,923,23,2347,0,0
4813,946,923,23,2347,0,0
4814,946,923,23,2347,0,0
4815,946,923,23,2347,0,0
4816,946,923,23,2347,0,0
4817,946,923,23,2347,0,0
4818,946,923,23,2347,0,0
4819,946,923,23,2347,0,0
4820,946,923,23,2347,0,0
4821,946,923,23,2347,0,0
4822,946,923,23,2347,0,0
4823,946,923,23,2347,0,0
4824,946,923,23,2347,0,0
4825,946,924,22,2348,0,0
4826,946,924,22,2348,0,0
4827,947,924,23,2348,0,0
4828,947,924,23,2348,0,0
4829,947,924,23,2348,0,0
4830,947,924,23,2348,0,0
4831,947,924,23,2348,0,0
4832,947,924,23,2348,0,0
4833,947,924,23,2348,0,0
4834,947,924,23,2348,0,0
4835,947,924,23,2348,0,0
4836,947,924,23,2348,0,0
4837,948,924,24,2348,0,0
4838,948,924,24,2348,0,0
4839,948,924,24,2348,0,0
4840,948,924,24,2348,0,0
4841,948,924,24,2348,0,0
4842,948,924,24,2348,0,0
4843,948,924,24,2348,0,0
4844,948,924,24,2348,0,0
4845,948,924,24,2348,0,0
4846,948,924,24,2348,0,0
4847,948,924,24,2348,0,0
4848,948,924,24,2348,0,0
4849,948,924,24,2348,0,0
4850,948,924,24,2348,0,0
4851,948,924,24,2348,0,0
4852,948,924,24,2348,0,0
4853,948,924,24,2348,0,0
4854,948,924,24,2348,0,0
4855,948,924,24,2348,0,0
4856,948,924,24,2348,0,0
4857,948,924,24,2348,0,0
4858,949,924,25,2348,0,0
4859,949,924,25,2348,0,0
4860,949,924,25,2348,0,0
4861,949,924,25,2348,0,0
4862,949,924,25,2348,0,0
4863,949,924,25,2348,0,0
4864,949,924,25,2348,0,0
4865,949,924,25,2348,0,0
4866,949,924,25,2348,0,0
4867,949,924,25,2348,0,0
4868,949,925,24,2350,0,0
4869,949,925,24,2350,0,0
4870,949,925,24,2350,0,0
4871,949,925,24,2350,0,0
4872,949,925,24,2350,0,0
4873,949,925,24,2350,0,0
4874,949,925,24,2350,0,0
4875,949,925,24,2350,0,0
4876,949,925,24,2350,0,0
4877,949,925,24,2350,0,0
4878,949,925,24,2350,0,0
4879,949,925,24,2350,0,0
4880,949,925,24,2350,0,0
4881,949,925,24,2350,0,0
4882,949,925,24,2350,0,0
4883,949,925,24,2350,0,0
4884,949,925,24,2350,0,0
4885,949,925,24,2350,0,0
4886,949,925,24,2350,0,0
4887,949,925,24,2350,0,0
4888,949,925,24,2350,0,0
4889,949,925,24,2350,0,0
4890,949,925,24,2350,0,0
4891,949,925,24,2350,0,0
4892,949,925,24,2350,0,0
4893,950,925,25,2350,0,0
4894,950,925,25,2350,0,0
4895,950,925,25,2350,0,0
4896,950,925,25,2350,0,0
4897,950,925,25,2350,0,0
4898,950,925,25,2350,0,0
4899,950,925,25,2350,0,0
4900,951,925,26,2350,0,0
4901,951,925,26,2350,0,0
4902,951,925,26,2350,0,0
4903,952,925,27,2350,0,0
4904,952,925,27,2350,0,0
4905,952,925,27,2350,0,0
4906,952,925,27,2350,0,0
4907,952,925,27,2350,0,0
4908,952,925,27,2350,0,0
4909,952,925,27,2350,0,0
4910,952,925,27,2350,0,0
4911,952,925,27,2350,0,0
4912,952,925,27,2350,0,0
4913,952,925,27,2350,0,0
4914,952,925,27,2350,0,0
4915,952,925,27,2350,0,0
4916,952,925,27,2350,0,0
4917,952,925,27,2350,0,0
4918,952,925,27,2350,0,0
4919,952,925,27,2350,0,0
4920,952,925,27,2350,0,0
4921,952,925,27,2350,0,0
4922,952,925,27,2350,0,0
4923,952,925,27,2350,0,0
4924,952,925,27,2350,0,0
4925,952,925,27,2350,0,0
4926,952,925,27,2350,0,0
4927,952,925,27,2350,0,0
4928,952,925,27,2350,0,0
4929,952,925,27,2350,0,0
4930,952,925,27,2350,0,0
4931,952,926,26,2352,0,0
4932,952,926,26,2352,0,0
4933,952,926,26,2352,0,0
4934,952,926,26,2352,0,0
4935,952,926,26,2352,0,0
4936,952,926,26,2352,0,0
4937,952,926,26,2352,0,0
4938,952,926,26,2352,0,0
4939,952,926,26,2352,0,0
4940,952,926,26,2352,0,0
4941,952,926,26,2352,0,0
4942,952,926,26,2352,0,0
4943,952,926,26,2352,0,0
4944,952,926,26,2352,0,0
4945,952,926,26,2352,0,0
4946,952,926,26,2352,0,0
4947,952,926,26,2352,0,0
4948,952,926,26,2352,0,0
4949,952,926,26,2352,0,0
4950,952,926,26,2352,0,0
4951,952,926,26,2352,0,0
4952,952,926,26,2352,0,0
4953,952,926,26,2352,0,0
4954,952,926,26,2352,0,0
4955,952,926,26,2352,0,0
4956,952,926,26,2352,0,0
4957,952,926,26,2352,0,0
4958,952,926,26,2352,0,0
4959,952,926,26,2352,0,0
4960,952,926,26,2352,0,0
4961,952,926,26,2352,0,0
4962,952,926,26,2352,0,0
4963,952,926,26,2352,0,0
4964,952,926,26,2352,0,0
4965,952,926,26,2352,0,0
4966,952,926,26,2352,0,0
4967,952,927,25,2354,0,0
4968,952,928,24,2358,0,0
4969,952,928,24,2358,0,0
4970,952,928,24,2358,0,0
4971,952,928,24,2358,0,0
4972,952,928,24,2358,0,0
4973,952,928,24,2358,0,0
4974,952,928,24,2358,0,0
4975,952,928,24,2358,0,0
4976,952,928,24,2358,0,0
4977,952,928,24,2358,0,0
4978,952,928,24,2358,0,0
4979,952,928,24,2358,0,0
4980,952,928,24,2358,0,0
4981,952,928,24,2358,0,0
4982,952,928,24,2358,0,0
4983,952,928,24,2358,0,0
4984,952,928,24,2358,0,0
4985,952,928,24,2358,0,0
4986,952,928,24,2358,0,0
4987,952,928,24,2358,0,0
4988,952,928,24,2358,0,0
4989,952,928,24,2358,0,0
4990,952,928,24,2358,0,0
4991,952,928,24,2358,0,0
4992,952,928,24,2358,0,0
4993,952,928,24,2358,0,0
4994,952,928,24,2358,0,0
4995,952,928,24,2358,0,0
4996,952,928,24,2358,0,0
4997,952,928,24,2358,0,0
4998,952,928,24,2358,0,0
4999,952,928,24,2358,0,0
5000,952,928,24,2358,0,0
5001,952,928,24,2358,0,0
5002,952,928,24,2358,0,0
5003,952,928,24,2358,0,0
5004,952,929,23,2362,0,0
5005,952,929,23,2362,0,0
5006,952,929,23,2362,0,0
5007,952,929,23,2362,0,0
5008,952,929,23,2362,0,0
5009,952,929,23,2362,0,0
5010,952,929,23,2362,0,0
5011,953,929,24,2362,0,0
5012,953,929,24,2362,0,0
5013,953,929,24,2362,0,0
5014,953,929,24,2362,0,0
5015,953,929,24,2362,0,0
5016,953,929,24,2362,0,0
5017,953,929,24,2362,0,0
5018,953,929,24,2362,0,0
5019,953,929,24,2362,0,0
5020,953,929,24,2362,0,0
5021,953,929,24,2362,0,0
5022,953,929,24,2362,0,0
5023,953,929,24,2362,0,0
5024,953,929,24,2362,0,0
5025,953,929,24,2362,0,0
5026,953,929,24,2362,0,0
5027,953,929,24,2362,0,0
5028,953,929,24,2362,0,0
5029,953,929,24,2362,0,0
5030,953,929,24,2362,0,0
5031,953,929,24,2362,0,0
5032,953,929,24,2362,0,0
5033,953,929,24,2362,0,0
5034,953,929,24,2362,0,0
5035,953,929,24,2362,0,0
5036,953,929,24,2362,0,0
5037,953,929,24,2362,0,0
5038,953,929,24,2362,0,0
5039,953,929,24,2362,0,0
5040,953,929,24,2362,0,0
5041,953,929,24,2362,0,0
5042,953,929,24,2362,0,0
5043,954,930,24,2366,0,0
5044,954,930,24,2366,0,0
5045,955,930,25,2366,0,0
5046,955,930,25,2366,0,0
5047,955,930,25,2366,0,0
5048,955,930,25,2366,0,0
5049,955,930,25,2366,0,0
5050,955,930,25,2366,0,0
5051,955,930,25,2366,0,0
5052,955,930,25,2366,0,0
5053,955,930,25,2366,0,0
5054,955,930,25,2366,0,0
5055,955,930,25,2366,0,0
5056,955,930,25,2366,0,0
5057,955,930,25,2366,0,0
5058,955,930,25,2366,0,0
5059,955,930,25,2366,0,0
5060,955,930,25,2366,0,0
5061,955,930,25,2366,0,0
5062,955,930,25,2366,0,0
5063,955,930,25,2366,0,0
5064,955,930,25,2366,0,0
5065,955,930,25,2366,0,0
5066,955,930,25,2366,0,0
5067,955,930,25,2366,0,0
5068,955,930,25,2366,0,0
5069,955,930,25,2366,0,0
5070,955,930,25,2366,0,0
5071,955,930,25,2366,0,0
5072,955,930,25,2366,0,0
5073,955,930,25,2366,0,0
5074,955,930,25,2366,0,0
5075,955,930,25,2366,0,0
5076,955,930,25,2366,0,0
5077,955,930,25,2366,0,0
5078,955,930,25,2366,0,0
5079,955,930,25,2366,0,0
5080,955,931,24,2369,0,0
5081,955,931,24,2369,0,0
5082,955,931,24,2369,0,0
5083,955,931,24,2369,0,0
5084,955,931,24,2369,0,0
5085,955,931,24,2369,0,0
5086,955,931,24,2369,0,0
5087,955,932,23,2373,0,0
5088,955,932,23,2373,0,0
5089,955,932,23,2373,0,0
5090,955,932,23,2373,0,0
5091,955,932,23,2373,0,0
5092,955,932,23,2373,0,0
5093,955,932,23,2373,0,0
5094,955,932,23,2373,0,0
5095,955,932,23,2373,0,0
5096,955,932,23,2373,0,0
5097,955,932,23,2373,0,0
5098,955,932,23,2373,0,0
5099,955,932,23,2373,0,0
5100,955,932,23,2373,0,0
5101,955,932,23,2373,0,0
5102,955,932,23,2373,0,0
5103,955,932,23,2373,0,0
5104,955,932,23,2373,0,0
5105,955,932,23,2373,0,0
5106,955,932,23,2373,0,0
5107,955,932,23,2373,0,0
5108,955,933,22,2374,0,0
5109,955,933,22,2374,0,0
5110,955,934,21,2375,0,0
5111,955,934,21,2375,0,0
5112,955,935,20,2379,0,0
5113,955,935,20,2379,0,0
5114,955,936,19,2381,0,0
5115,955,936,19,2381,0,0
5116,955,937,18,2382,0,0
5117,955,937,18,2382,0,0
5118,955,937,18,2382,0,0
5119,955,937,18,2382,0,0
5120,955,937,18,2382,0,0
5121,955,937,18,2382,0,0
5122,955,937,18,2382,0,0
5123,955,937,18,2382,0,0
5124,955,937,18,2382,0,0
5125,955,937,18,2382,0,0
5126,955,937,18,2382,0,0
5127,955,937,18,2382,0,0
5128,955,937,18,2382,0,0
5129,955,937,18,2382,0,0
5130,955,937,18,2382,0,0
5131,955,937,18,2382,0,0
5132,955,937,18,2382,0,0
5133,955,937,18,2382,0,0
5134,955,937,18,2382,0,0
5135,955,937,18,2382,0,0
5136,955,937,18,2382,0,0
5137,956,937,19,2382,0,0
5138,956,937,19,2382,0,0
5139,956,937,19,2382,0,0
5140,956,937,19,2382,0,0
5141,956,937,19,2382,0,0
5142,956,937,19,2382,0,0
5143,956,937,19,2382,0,0
5144,956,937,19,2382,0,0
5145,956,937,19,2382,0,0
5146,956,937,19,2382,0,0
5147,956,937,19,2382,0,0
5148,956,937,19,2382,0,0
5149,956,937,19,2382,0,0
5150,956,937,19,2382,0,0
5151,956,938,18,2386,0,0
5152,956,938,18,2386,0,0
5153,956,938,18,2386,0,0
5154,956,938,18,2386,0,0
5155,956,938,18,2386,0,0
5156,956,938,18,2386,0,0
5157,956,938,18,2386,0,0
5158,956,938,18,2386,0,0
5159,956,938,18,2386,0,0
5160,956,938,18,2386,0,0
5161,956,938,18,2386,0,0
5162,956,938,18,2386,0,0
5163,956,938,18,2386,0,0
5164,956,938,18,2386,0,0
5165,956,938,18,2386,0,0
5166,956,938,18,2386,0,0
5167,956,938,18,2386,0,0
5168,956,938,18,2386,0,0
5169,956,938,18,2386,0,0
5170,956,938,18,2386,0,0
5171,956,938,18,2386,0,0
5172,956,938,18,2386,0,0
5173,956,938,18,2386,0,0
5174,956,938,18,2386,0,0
5175,956,938,18,2386,0,0
5176,956,938,18,2386,0,0
5177,956,938,18,2386,0,0
5178,956,938,18,2386,0,0
5179,956,938,18,2386,0,0
5180,956,938,18,2386,0,0
5181,956,938,18,2386,0,0
5182,956,938,18,2386,0,0
5183,956,938,18,2386,0,0
5184,956,938,18,2386,0,0
5185,956,938,18,2386,0,0
5186,956,938,18,2386,0,0
5187,956,938,18,2386,0,0
5188,956,938,18,2386,0,0
5189,956,938,18,2386,0,0
5190,956,938,18,2386,0,0
5191,956,938,18,2386,0,0
5192,956,938,18,2386,0,0
5193,956,938,18,2386,0,0
5194,956,938,18,2386,0,0
5195,956,938,18,2386,0,0
5196,956,938,18,2386,0,0
5197,956,938,18,2386,0,0
5198,956,938,18,2386,0,0
5199,956,938,18,2386,0,0
5200,956,938,18,2386,0,0
5201,956,938,18,2386,0,0
5202,956,938,18,2386,0,0
5203,956,938,18,2386,0,0
5204,956,938,18,2386,0,0
5205,956,938,18,2386,0,0
5206,956,938,18,2386,0,0
5207,956,938,18,2386,0,0
5208,956,938,18,2386,0,0
5209,956,938,18,2386,0,0
5210,957,938,19,2386,0,0
5211,957,938,19,2386,0,0
5212,957,938,19,2386,0,0
5213,958,938,20,2386,0,0
5214,958,938,20,2386,0,0
5215,958,938,20,2386,0,0
5216,958,938,20,2386,0,0
5217,958,938,20,2386,0,0
5218,958,938,20,2386,0,0
5219,958,938,20,2386,0,0
5220,958,938,20,2386,0,0
5221,958,938,20,2386,0,0
5222,959,938,21,2386,0,0
5223,959,938,21,2386,0,0
5224,959,938,21,2386,0,0
5225,959,938,21,2386,0,0
5226,959,938,21,2386,0,0
5227,959,938,21,2386,0,0
5228,959,938,21,2386,0,0
5229,959,938,21,2386,0,0
5230,959,938,21,2386,0,0
5231,959,938,21,2386,0,0
5232,959,938,21,2386,0,0
5233,959,938,21,2386,0,0
5234,959,938,21,2386,0,0
5235,959,938,21,2386,0,0
5236,959,938,21,2386,0,0
5237,959,938,21,2386,0,0
5238,959,938,21,2386,0,0
5239,959,938,21,2386,0,0
5240,959,938,21,2386,0,0
5241,959,938,21,2386,0,0
5242,959,938,21,2386,0,0
5243,959,938,21,2386,0,0
5244,959,938,21,2386,0,0
5245,959,938,21,2386,0,0
5246,959,938,21,2386,0,0
5247,960,938,22,2386,0,0
5248,960,938,22,2386,0,0
5249,960,938,22,2386,0,0
5250,960,938,22,2386,0,0
5251,960,938,22,2386,0,0
5252,960,938,22,2386,0,0
5253,960,938,22,2386,0,0
5254,960,938,22,2386,0,0
5255,960,938,22,2386,0,0
5256,960,938,22,2386,0,0
5257,960,938,22,2386,0,0
5258,960,938,22,2386,0,0
5259,960,938,22,2386,0,0
5260,960,938,22,2386,0,0
5261,960,938,22,2386,0,0
5262,960,938,22,2386,0,0
5263,960,938,22,2386,0,0
5264,960,938,22,2386,0,0
5265,960,939,21,2391,0,0
5266,960,939,21,2391,0,0
5267,960,939,21,2391,0,0
5268,960,939,21,2391,0,0
5269,961,939,22,2391,0,0
5270,961,939,22,2391,0,0
5271,961,939,22,2391,0,0
5272,961,939,22,2391,0,0
5273,961,939,22,2391,0,0
5274,961,939,22,2391,0,0
5275,962,939,23,2391,0,0
5276,962,939,23,2391,0,0
5277,962,939,23,2391,0,0
5278,962,939,23,2391,0,0
5279,963,939,24,2391,0,0
5280,963,939,24,2391,0,0
5281,963,939,24,2391,0,0
5282,963,939,24,2391,0,0
5283,963,939,24,2391,0,0
5284,963,939,24,2391,0,0
5285,963,939,24,2391,0,0
5286,963,939,24,2391,0,0
5287,963,939,24,2391,0,0
5288,963,939,24,2391,0,0
5289,963,939,24,2391,0,0
5290,963,939,24,2391,0,0
5291,963,939,24,2391,0,0
5292,963,939,24,2391,0,0
5293,963,939,24,2391,0,0
5294,963,939,24,2391,0,0
5295,963,939,24,2391,0,0
5296,963,939,24,2391,0,0
5297,963,939,24,2391,0,0
5298,963,939,24,2391,0,0
5299,963,939,24,2391,0,0
5300,963,939,24,2391,0,0
5301,963,939,24,2391,0,0
5302,963,939,24,2391,0,0
5303,963,939,24,2391,0,0
5304,963,939,24,2391,0,0
5305,963,939,24,2391,0,0
5306,963,939,24,2391,0,0
5307,963,939,24,2391,0,0
5308,963,939,24,2391,0,0
5309,963,939,24,2391,0,0
5310,963,939,24,2391,0,0
5311,963,939,24,2391,0,0
5312,963,939,24,2391,0,0
5313,963,939,24,2391,0,0
5314,963,939,24,2391,0,0
5315,963,939,24,2391,0,0
5316,963,939,24,2391,0,0
5317,963,939,24,2391,0,0
5318,963,939,24,2391,0,0
5319,963,939,24,2391,0,0
5320,963,939,24,2391,0,0
5321,963,939,24,2391,0,0
5322,963,939,24,2391,0,0
5323,964,939,25,2391,0,0
5324,964,939,25,2391,0,0
5325,964,939,25,2391,0,0
5326,964,939,25,2391,0,0
5327,964,939,25,2391,0,0
5328,964,939,25,2391,0,0
5329,964,939,25,2391,0,0
5330,965,939,26,2391,0,0
5331,965,940,25,2394,0,0
5332,965,940,25,2394,0,0
5333,965,941,24,2396,0,0
5334,965,941,24,2396,0,0
5335,965,941,24,2396,0,0
5336,965,941,24,2396,0,0
5337,965,941,24,2396,0,0
5338,965,941,24,2396,0,0
5339,965,941,24,2396,0,0
5340,965,942,23,2401,0,0
5341,965,942,23,2401,0,0
5342,965,942,23,2401,0,0
5343,965,942,23,2401,0,0
5344,965,942,23,2401,0,0
5345,965,942,23,2401,0,0
5346,965,942,23,2401,0,0
5347,966,942,24,2401,0,0
5348,966,942,24,2401,0,0
5349,966,942,24,2401,0,0
5350,966,942,24,2401,0,0
5351,966,942,24,2401,0,0
5352,966,942,24,2401,0,0
5353,966,942,24,2401,0,0
5354,966,942,24,2401,0,0
5355,966,942,24,2401,0,0
5356,967,942,25,2401,0,0
5357,967,942,25,2401,0,0
5358,967,942,25,2401,0,0
5359,967,942,25,2401,0,0
5360,967,942,25,2401,0,0
5361,967,942,25,2401,0,0
5362,967,942,25,2401,0,0
5363,967,942,25,2401,0,0
5364,967,942,25,2401,0,0
5365,967,942,25,2401,0,0
5366,967,942,25,2401,0,0
5367,968,942,26,2401,0,0
5368,968,942,26,2401,0,0
5369,968,942,26,2401,0,0
5370,968,942,26,2401,0,0
5371,968,942,26,2401,0,0
5372,968,942,26,2401,0,0
5373,968,942,26,2401,0,0
5374,968,942,26,2401,0,0
5375,968,942,26,2401,0,0
5376,968,942,26,2401,0,0
5377,968,942,26,2401,0,0
5378,968,942,26,2401,0,0
5379,968,942,26,2401,0,0
5380,968,942,26,2401,0,0
5381,968,942,26,2401,0,0
5382,968,942,26,2401,0,0
5383,968,942,26,2401,0,0
5384,968,942,26,2401,0,0
5385,968,942,26,2401,0,0
5386,969,942,27,2401,0,0
5387,969,942,27,2401,0,0
5388,969,942,27,2401,0,0
5389,969,942,27,2401,0,0
5390,969,942,27,2401,0,0
5391,969,942,27,2401,0,0
5392,969,942,27,2401,0,0
5393,969,942,27,2401,0,0
5394,969,942,27,2401,0,0
5395,969,942,27,2401,0,0
5396,969,942,27,2401,0,0
5397,969,942,27,2401,0,0
5398,969,942,27,2401,0,0
5399,969,942,27,2401,0,0
5400,969,942,27,2401,0,0
5401,969,942,27,2401,0,0
5402,969,942,27,2401,0,0
5403,969,943,26,2405,0,0
5404,969,944,25,2407,0,0
5405,969,944,25,2407,0,0
5406,969,944,25,2407,0,0
5407,969,944,25,2407,0,0
5408,969,944,25,2407,0,0
5409,969,944,25,2407,0,0
5410,969,944,25,2407,0,0
5411,969,944,25,2407,0,0
5412,969,944,25,2407,0,0
5413,969,944,25,2407,0,0
5414,969,944,25,2407,0,0
5415,970,944,26,2407,0,0
5416,970,944,26,2407,0,0
5417,970,944,26,2407,0,0
5418,970,944,26,2407,0,0
5419,970,944,26,2407,0,0
5420,970,944,26,2407,0,0
5421,970,944,26,2407,0,0
5422,970,944,26,2407,0,0
5423,970,944,26,2407,0,0
5424,970,944,26,2407,0,0
5425,970,944,26,2407,0,0
5426,971,944,27,2407,0,0
5427,971,944,27,2407,0,0
5428,971,944,27,2407,0,0
5429,971,944,27,2407,0,0
5430,971,944,27,2407,0,0
5431,971,944,27,2407,0,0
5432,971,944,27,2407,0,0
5433,971,944,27,2407,0,0
5434,971,944,27,2407,0,0
5435,971,944,27,2407,0,0
5436,971,944,27,2407,0,0
5437,971,944,27,2407,0,0
5438,971,944,27,2407,0,0
5439,971,944,27,2407,0,0
5440,971,944,27,2407,0,0
5441,971,944,27,2407,0,0
5442,971,944,27,2407,0,0
5443,971,944,27,2407,0,0
5444,971,944,27,2407,0,0
5445,971,944,27,2407,0,0
5446,971,945,26,2410,0,0
5447,971,945,26,2410,0,0
5448,971,945,26,2410,0,0
5449,971,945,26,2410,0,0
5450,971,945,26,2410,0,0
5451,971,945,26,2410,0,0
5452,971,945,26,2410,0,0
5453,971,945,26,2410,0,0
5454,971,945,26,2410,0,0
5455,971,945,26,2410,0,0
5456,971,945,26,2410,0,0
5457,971,945,26,2410,0,0
5458,971,945,26,2410,0,0
5459,971,945,26,2410,0,0
5460,971,945,26,2410,0,0
5461,971,945,26,2410,0,0
5462,971,945,26,2410,0,0
5463,971,945,26,2410,0,0
5464,971,945,26,2410,0,0
5465,971,945,26,2410,0,0
5466,971,945,26,2410,0,0
5467,971,945,26,2410,0,0
5468,971,945,26,2410,0,0
5469,971,945,26,2410,0,0
5470,971,945,26,2410,0,0
5471,971,945,26,2410,0,0
5472,971,945,26,2410,0,0
5473,971,945,26,2410,0,0
5474,971,945,26,2410,0,0
5475,971,945,26,2410,0,0
5476,971,945,26,2410,0,0
5477,971,945,26,2410,0,0
5478,971,945,26,2410,0,0
5479,971,945,26,2410,0,0
5480,971,945,26,2410,0,0
5481,971,945,26,2410,0,0
5482,971,945,26,2410,0,0
5483,971,945,26,2410,0,0
5484,971,945,26,2410,0,0
5485,971,945,26,2410,0,0
5486,971,945,26,2410,0,0
5487,971,945,26,2410,0,0
5488,971,945,26,2410,0,0
5489,971,945,26,2410,0,0
5490,971,945,26,2410,0,0
5491,971,945,26,2410,0,0
5492,971,945,26,2410,0,0
5493,972,945,27,2410,0,0
5494,972,945,27,2410,0,0
5495,972,945,27,2410,0,0
5496,972,945,27,2410,0,0
5497,972,945,27,2410,0,0
5498,972,945,27,2410,0,0
5499,972,945,27,2410,0,0
5500,972,945,27,2410,0,0
5501,972,945,27,2410,0,0
5502,972,945,27,2410,0,0
5503,972,945,27,2410,0,0
5504,972,945,27,2410,0,0
5505,972,945,27,2410,0,0
5506,972,945,27,2410,0,0
5507,972,945,27,2410,0,0
5508,972,945,27,2410,0,0
5509,972,945,27,2410,0,0
5510,972,945,27,2410,0,0
5511,972,946,26,2411,0,0
5512,972,947,25,2413,0,0
5513,972,947,25,2413,0,0
5514,972,947,25,2413,0,0
5515,972,947,25,2413,0,0
5516,972,947,25,2413,0,0
5517,972,947,25,2413,0,0
5518,972,948,24,2417,0,0
5519,972,948,24,2417,0,0
5520,972,948,24,2417,0,0
5521,972,948,24,2417,0,0
5522,972,948,24,2417,0,0
5523,972,948,24,2417,0,0
5524,972,948,24,2417,0,0
5525,972,948,24,2417,0,0
5526,972,948,24,2417,0,0
5527,972,948,24,2417,0,0
5528,972,948,24,2417,0,0
5529,972,948,24,2417,0,0
5530,972,948,24,2417,0,0
5531,972,948,24,2417,0,0
5532,972,948,24,2417,0,0
5533,972,948,24,2417,0,0
5534,972,948,24,2417,0,0
5535,972,948,24,2417,0,0
5536,972,948,24,2417,0,0
5537,972,948,24,2417,0,0
5538,972,948,24,2417,0,0
5539,972,948,24,2417,0,0
5540,972,948,24,2417,0,0
5541,972,948,24,2417,0,0
5542,972,948,24,2417,0,0
5543,972,948,24,2417,0,0
5544,972,948,24,2417,0,0
5545,972,948,24,2417,0,0
5546,972,948,24,2417,0,0
5547,972,948,24,2417,0,0
5548,972,949,23,2421,0,0
5549,972,949,23,2421,0,0
5550,972,949,23,2421,0,0
5551,972,949,23,2421,0,0
5552,972,949,23,2421,0,0
5553,972,949,23,2421,0,0
5554,972,949,23,2421,0,0
5555,972,949,23,2421,0,0
5556,972,949,23,2421,0,0
5557,972,949,23,2421,0,0
5558,972,949,23,2421,0,0
5559,972,949,23,2421,0,0
5560,972,949,23,2421,0,0
5561,972,949,23,2421,0,0
5562,972,949,23,2421,0,0
5563,972,949,23,2421,0,0
5564,972,949,23,2421,0,0
5565,972,949,23,2421,0,0
5566,972,949,23,2421,0,0
5567,972,949,23,2421,0,0
5568,972,949,23,2421,0,0
5569,972,949,23,2421,0,0
5570,972,949,23,2421,0,0
5571,972,949,23,2421,0,0
5572,972,949,23,2421,0,0
5573,972,949,23,2421,0,0
5574,972,949,23,2421,0,0
5575,972,949,23,2421,0,0
5576,972,949,23,2421,0,0
5577,972,949,23,2421,0,0
5578,972,949,23,2421,0,0
5579,972,949,23,2421,0,0
5580,972,949,23,2421,0,0
5581,972,949,23,2421,0,0
5582,972,949,23,2421,0,0
5583,972,949,23,2421,0,0
5584,972,949,23,2421,0,0
5585,972,949,23,2421,0,0
5586,972,949,23,2421,0,0
5587,972,949,23,2421,0,0
5588,972,949,23,2421,0,0
5589,972,949,23,2421,0,0
5590,972,949,23,2421,0,0
5591,972,949,23,2421,0,0
5592,972,949,23,2421,0,0
5593,972,949,23,2421,0,0
5594,972,949,23,2421,0,0
5595,972,949,23,2421,0,0
5596,972,949,23,2421,0,0
5597,972,949,23,2421,0,0
5598,972,949,23,2421,0,0
5599,972,949,23,2421,0,0
5600,972,949,23,2421,0,0
5601,972,949,23,2421,0,0
5602,972,949,23,2421,0,0
5603,972,949,23,2421,0,0
5604,972,949,23,2421,0,0
5605,972,949,23,2421,0,0
5606,972,949,23,2421,0,0
5607,972,949,23,2421,0,0
5608,972,949,23,2421,0,0
5609,972,949,23,2421,0,0
5610,972,949,23,2421,0,0
5611,972,949,23,2421,0,0
5612,972,949,23,2421,0,0
5613,972,949,23,2421,0,0
5614,972,949,23,2421,0,0
5615,972,949,23,2421,0,0
5616,972,949,23,2421,0,0
5617,973,949,24,2421,0,0
5618,973,949,24,2421,0,0
5619,973,949,24,2421,0,0
5620,973,949,24,2421,0,0
5621,973,949,24,2421,0,0
5622,973,949,24,2421,0,0
5623,973,950,23,2424,0,0
5624,973,950,23,2424,0,0
5625,973,950,23,2424,0,0
5626,973,950,23,2424,0,0
5627,973,950,23,2424,0,0
5628,973,950,23,2424,0,0
5629,973,950,23,2424,0,0
5630,973,950,23,2424,0,0
5631,973,950,23,2424,0,0
5632,973,950,23,2424,0,0
5633,973,950,23,2424,0,0
5634,973,951,22,2427,0,0
5635,973,951,22,2427,0,0
5636,973,951,22,2427,0,0
5637,973,951,22,2427,0,0
5638,973,951,22,2427,0,0
5639,973,951,22,2427,0,0
5640,973,951,22,2427,0,0
5641,973,951,22,2427,0,0
5642,973,951,22,2427,0,0
5643,973,951,22,2427,0,0
5644,973,951,22,2427,0,0
5645,973,951,22,2427,0,0
5646,973,951,22,2427,0,0
5647,973,951,22,2427,0,0
5648,973,951,22,2427,0,0
5649,973,951,22,2427,0,0
5650,973,951,22,2427,0,0
5651,973,951,22,2427,0,0
5652,974,951,23,2427,0,0
5653,974,951,23,2427,0,0
5654,974,951,23,2427,0,0
5655,974,951,23,2427,0,0
5656,974,951,23,2427,0,0
5657,974,951,23,2427,0,0
5658,974,952,22,2432,0,0
5659,974,952,22,2432,0,0
5660,974,952,22,2432,0,0
5661,974,952,22,2432,0,0
5662,974,952,22,2432,0,0
5663,974,952,22,2432,0,0
5664,974,952,22,2432,0,0
5665,974,952,22,2432,0,0
5666,974,952,22,2432,0,0
5667,974,952,22,2432,0,0
5668,974,952,22,2432,0,0
5669,974,952,22,2432,0,0
5670,974,952,22,2432,0,0
5671,974,952,22,2432,0,0
5672,974,952,22,2432,0,0
5673,974,952,22,2432,0,0
5674,974,952,22,2432,0,0
5675,974,952,22,2432,0,0
5676,974,952,22,2432,0,0
5677,974,952,22,2432,0,0
5678,974,952,22,2432,0,0
5679,974,952,22,2432,0,0
5680,974,952,22,2432,0,0
5681,975,952,23,2432,0,0
5682,975,952,23,2432,0,0
5683,975,952,23,2432,0,0
5684,975,952,23,2432,0,0
5685,975,952,23,2432,0,0
5686,975,952,23,2432,0,0
5687,975,952,23,2432,0,0
5688,975,952,23,2432,0,0
5689,975,952,23,2432,0,0
5690,975,952,23,2432,0,0
5691,975,952,23,2432,0,0
5692,975,952,23,2432,0,0
5693,975,952,23,2432,0,0
5694,975,952,23,2432,0,0
5695,975,952,23,2432,0,0
5696,975,952,23,2432,0,0
5697,975,952,23,2432,0,0
5698,975,952,23,2432,0,0
5699,975,952,23,2432,0,0
5700,975,952,23,2432,0,0
5701,975,952,23,2432,0,0
5702,975,952,23,2432,0,0
5703,976,952,24,2432,0,0
5704,976,952,24,2432,0,0
5705,976,952,24,2432,0,0
5706,976,952,24,2432,0,0
5707,976,952,24,2432,0,0
5708,976,952,24,2432,0,0
5709,976,952,24,2432,0,0
5710,976,952,24,2432,0,0
5711,976,952,24,2432,0,0
5712,976,952,24,2432,0,0
5713,976,952,24,2432,0,0
5714,976,952,24,2432,0,0
5715,976,952,24,2432,0,0
5716,976,952,24,2432,0,0
5717,976,952,24,2432,0,0
5718,976,952,24,2432,0,0
5719,976,952,24,2432,0,0
5720,976,952,24,2432,0,0
5721,976,952,24,2432,0,0
5722,976,952,24,2432,0,0
5723,976,952,24,2432,0,0
5724,976,952,24,2432,0,0
5725,976,952,24,2432,0,0
5726,977,952,25,2432,0,0
5727,977,952,25,2432,0,0
5728,977,952,25,2432,0,0
5729,977,952,25,2432,0,0
5730,977,952,25,2432,0,0
5731,977,952,25,2432,0,0
5732,977,953,24,2435,0,0
5733,977,953,24,2435,0,0
5734,977,953,24,2435,0,0
5735,977,953,24,2435,0,0
5736,977,953,24,2435,0,0
5737,977,953,24,2435,0,0
5738,977,953,24,2435,0,0
5739,977,953,24,2435,0,0
5740,977,953,24,2435,0,0
5741,977,953,24,2435,0,0
5742,977,953,24,2435,0,0
5743,977,953,24,2435,0,0
5744,977,953,24,2435,0,0
5745,977,953,24,2435,0,0
5746,977,953,24,2435,0,0
5747,977,953,24,2435,0,0
5748,977,953,24,2435,0,0
5749,977,953,24,2435,0,0
5750,977,953,24,2435,0,0
5751,977,953,24,2435,0,0
5752,977,953,24,2435,0,0
5753,977,953,24,2435,0,0
5754,977,953,24,2435,0,0
5755,977,953,24,2435,0,0
5756,977,953,24,2435,0,0
5757,977,953,24,2435,0,0
5758,977,953,24,2435,0,0
5759,977,953,24,2435,0,0
5760,977,953,24,2435,0,0
5761,977,953,24,2435,0,0
5762,977,953,24,2435,0,0
5763,977,953,24,2435,0,0
5764,978,953,25,2435,0,0
5765,978,953,25,2435,0,0
5766,978,953,25,2435,0,0
5767,978,953,25,2435,0,0
5768,978,953,25,2435,0,0
5769,978,953,25,2435,0,0
5770,978,953,25,2435,0,0
5771,978,953,25,2435,0,0
5772,978,953,25,2435,0,0
5773,978,953,25,2435,0,0
5774,978,953,25,2435,0,0
5775,978,953,25,2435,0,0
5776,978,953,25,2435,0,0
5777,978,953,25,2435,0,0
5778,978,953,25,2435,0,0
5779,978,953,25,2435,0,0
5780,978,953,25,2435,0,0
5781,978,953,25,2435,0,0
5782,978,953,25,2435,0,0
5783,978,953,25,2435,0,0
5784,979,953,26,2435,0,0
5785,979,953,26,2435,0,0
5786,979,953,26,2435,0,0
5787,979,953,26,2435,0,0
5788,979,953,26,2435,0,0
5789,979,953,26,2435,0,0
5790,979,953,26,2435,0,0
5791,979,953,26,2435,0,0
5792,979,953,26,2435,0,0
5793,979,953,26,2435,0,0
5794,979,953,26,2435,0,0
5795,979,953,26,2435,0,0
5796,979,953,26,2435,0,0
5797,980,953,27,2435,0,0
5798,980,953,27,2435,0,0
5799,980,953,27,2435,0,0
5800,980,953,27,2435,0,0
5801,980,953,27,2435,0,0
5802,980,953,27,2435,0,0
5803,980,953,27,2435,0,0
5804,980,953,27,2435,0,0
5805,980,953,27,2435,0,0
5806,981,953,28,2435,0,0
5807,981,953,28,2435,0,0
5808,982,953,29,2435,0,0
5809,982,953,29,2435,0,0
5810,982,953,29,2435,0,0
5811,982,953,29,2435,0,0
5812,982,953,29,2435,0,0
5813,982,953,29,2435,0,0
5814,982,953,29,2435,0,0
5815,982,953,29,2435,0,0
5816,982,953,29,2435,0,0
5817,982,953,29,2435,0,0
5818,982,953,29,2435,0,0
5819,982,953,29,2435,0,0
5820,982,953,29,2435,0,0
5821,982,953,29,2435,0,0
5822,982,953,29,2435,0,0
5823,982,953,29,2435,0,0
5824,982,953,29,2435,0,0
5825,982,953,29,2435,0,0
5826,982,953,29,2435,0,0
5827,982,953,29,2435,0,0
5828,982,953,29,2435,0,0
5829,982,953,29,2435,0,0
5830,982,953,29,2435,0,0
5831,982,953,29,2435,0,0
5832,982,953,29,2435,0,0
5833,982,953,29,2435,0,0
5834,982,953,29,2435,0,0
5835,982,953,29,2435,0,0
5836,982,953,29,2435,0,0
5837,982,953,29,2435,0,0
5838,982,953,29,2435,0,0
5839,982,953,29,2435,0,0
5840,982,953,29,2435,0,0
5841,982,953,29,2435,0,0
5842,983,953,30,2435,0,0
5843,983,953,30,2435,0,0
5844,983,953,30,2435,0,0
5845,983,953,30,2435,0,0
5846,983,953,30,2435,0,0
5847,983,953,30,2435,0,0
5848,983,953,30,2435,0,0
5849,983,953,30,2435,0,0
5850,983,953,30,2435,0,0
5851,983,953,30,2435,0,0
5852,983,953,30,2435,0,0
5853,983,953,30,2435,0,0
5854,983,953,30,2435,0,0
5855,983,953,30,2435,0,0
5856,983,953,30,2435,0,0
5857,983,953,30,2435,0,0
5858,983,953,30,2435,0,0
5859,983,953,30,2435,0,0
5860,983,953,30,2435,0,0
5861,983,953,30,2435,0,0
5862,983,953,30,2435,0,0
5863,983,953,30,2435,0,0
5864,983,953,30,2435,0,0
5865,983,953,30,2435,0,0
5866,983,953,30,2435,0,0
5867,983,953,30,2435,0,0
5868,983,953,30,2435,0,0
5869,983,953,30,2435,0,0
5870,983,953,30,2435,0,0
5871,983,953,30,2435,0,0
5872,983,953,30,2435,0,0
5873,983,953,30,2435,0,0
5874,983,953,30,2435,0,0
5875,983,953,30,2435,0,0
5876,983,953,30,2435,0,0
5877,983,953,30,2435,0,0
5878,983,953,30,2435,0,0
5879,983,953,30,2435,0,0
5880,983,953,30,2435,0,0
5881,983,953,30,2435,0,0
5882,983,953,30,2435,0,0
5883,983,953,30,2435,0,0
5884,984,953,31,2435,0,0
5885,984,953,31,2435,0,0
5886,984,953,31,2435,0,0
5887,984,953,31,2435,0,0
5888,984,953,31,2435,0,0
5889,984,953,31,2435,0,0
5890,984,953,31,2435,0,0
5891,984,953,31,2435,0,0
5892,984,953,31,2435,0,0
5893,984,953,31,2435,0,0
5894,984,953,31,2435,0,0
5895,984,953,31,2435,0,0
5896,985,953,32,2435,0,0
5897,985,953,32,2435,0,0
5898,985,953,32,2435,0,0
5899,986,953,33,2435,0,0
5900,986,953,33,2435,0,0
5901,986,953,33,2435,0,0
5902,986,953,33,2435,0,0
5903,986,953,33,2435,0,0
5904,986,953,33,2435,0,0
5905,986,953,33,2435,0,0
5906,986,953,33,2435,0,0
5907,986,954,32,2438,0,0
5908,986,954,32,2438,0,0
5909,986,954,32,2438,0,0
5910,986,955,31,2441,0,0
5911,986,956,30,2446,0,0
5912,986,956,30,2446,0,0
5913,986,956,30,2446,0,0
5914,986,957,29,2447,0,0
5915,986,957,29,2447,0,0
5916,986,958,28,2449,0,0
5917,986,958,28,2449,0,0
5918,986,958,28,2449,0,0
5919,986,958,28,2449,0,0
5920,986,958,28,2449,0,0
5921,986,958,28,2449,0,0
5922,986,959,27,2453,0,0
5923,986,959,27,2453,0,0
5924,987,959,28,2453,0,0
5925,987,959,28,2453,0,0
5926,987,959,28,2453,0,0
5927,987,959,28,2453,0,0
5928,987,959,28,2453,0,0
5929,987,959,28,2453,0,0
5930,987,959,28,2453,0,0
5931,987,959,28,2453,0,0
5932,987,959,28,2453,0,0
5933,987,959,28,2453,0,0
5934,987,959,28,2453,0,0
5935,987,959,28,2453,0,0
5936,988,959,29,2453,0,0
5937,988,959,29,2453,0,0
5938,988,959,29,2453,0,0
5939,988,959,29,2453,0,0
5940,988,959,29,2453,0,0
5941,988,959,29,2453,0,0
5942,989,959,30,2453,0,0
5943,989,959,30,2453,0,0
5944,989,959,30,2453,0,0
5945,989,959,30,2453,0,0
5946,989,961,28,2457,0,0
5947,989,962,27,2460,0,0
5948,989,962,27,2460,0,0
5949,989,962,27,2460,0,0
5950,989,962,27,2460,0,0
5951,989,962,27,2460,0,0
5952,990,962,28,2460,0,0
5953,990,962,28,2460,0,0
5954,990,963,27,2462,0,0
5955,990,964,26,2467,0,0
5956,990,964,26,2467,0,0
5957,990,964,26,2467,0,0
5958,990,964,26,2467,0,0
5959,990,964,26,2467,0,0
5960,990,964,26,2467,0,0
5961,990,964,26,2467,0,0
5962,990,964,26,2467,0,0
5963,990,964,26,2467,0,0
5964,990,964,26,2467,0,0
5965,990,964,26,2467,0,0
5966,990,964,26,2467,0,0
5967,990,964,26,2467,0,0
5968,990,964,26,2467,0,0
5969,990,964,26,2467,0,0
5970,990,964,26,2467,0,0
5971,990,964,26,2467,0,0
5972,990,964,26,2467,0,0
5973,990,964,26,2467,0,0
5974,990,964,26,2467,0,0
5975,990,964,26,2467,0,0
5976,990,964,26,2467,0,0
5977,990,964,26,2467,0,0
5978,990,964,26,2467,0,0
5979,990,964,26,2467,0,0
5980,990,964,26,2467,0,0
5981,990,964,26,2467,0,0
5982,990,964,26,2467,0,0
5983,990,964,26,2467,0,0
5984,990,964,26,2467,0,0
5985,990,965,25,2470,0,0
5986,990,965,25,2470,0,0
5987,990,965,25,2470,0,0
5988,990,965,25,2470,0,0
5989,990,965,25,2470,0,0
5990,990,965,25,2470,0,0
5991,990,965,25,2470,0,0
5992,990,965,25,2470,0,0
5993,990,965,25,2470,0,0
5994,990,965,25,2470,0,0
5995,990,965,25,2470,0,0
5996,990,965,25,2470,0,0
5997,990,965,25,2470,0,0
5998,990,965,25,2470,0,0
5999,990,965,25,2470,0,0
6000,990,965,25,2470,0,0
6001,990,965,25,2470,0,0
6002,990,965,25,2470,0,0
6003,990,965,25,2470,0,0
6004,990,965,25,2470,0,0
6005,990,965,25,2470,0,0
6006,990,965,25,2470,0,0
6007,990,965,25,2470,0,0
6008,990,965,25,2470,0,0
6009,990,965,25,2470,0,0
6010,990,965,25,2470,0,0
6011,990,965,25,2470,0,0
6012,990,965,25,2470,0,0
6013,990,965,25,2470,0,0
6014,990,965,25,2470,0,0
6015,990,965,25,2470,0,0
6016,990,965,25,2470,0,0
6017,990,965,25,2470,0,0
6018,990,965,25,2470,0,0
6019,990,965,25,2470,0,0
6020,990,965,25,2470,0,0
6021,990,965,25,2470,0,0
6022,990,965,25,2470,0,0
6023,990,965,25,2470,0,0
6024,990,965,25,2470,0,0
6025,990,965,25,2470,0,0
6026,990,965,25,2470,0,0
6027,990,965,25,2470,0,0
6028,990,965,25,2470,0,0
6029,990,965,25,2470,0,0
6030,990,965,25,2470,0,0
6031,990,965,25,2470,0,0
6032,990,965,25,2470,0,0
6033,990,965,25,2470,0,0
6034,990,965,25,2470,0,0
6035,990,965,25,2470,0,0
6036,990,965,25,2470,0,0
6037,990,965,25,2470,0,0
6038,990,965,25,2470,0,0
6039,990,965,25,2470,0,0
6040,990,965,25,2470,0,0
6041,990,965,25,2470,0,0
6042,990,965,25,2470,0,0
6043,990,965,25,2470,0,0
6044,990,965,25,2470,0,0
6045,990,965,25,2470,0,0
6046,990,965,25,2470,0,0
6047,990,965,25,2470,0,0
6048,990,965,25,2470,0,0
6049,990,965,25,2470,0,0
6050,990,965,25,2470,0,0
6051,990,965,25,2470,0,0
6052,991,965,26,2470,0,0
6053,991,965,26,2470,0,0
6054,991,965,26,2470,0,0
6055,991,965,26,2470,0,0
6056,991,965,26,2470,0,0
6057,991,965,26,2470,0,0
6058,991,965,26,2470,0,0
6059,991,965,26,2470,0,0
6060,991,966,25,2472,0,0
6061,991,967,24,2475,0,0
6062,991,967,24,2475,0,0
6063,991,967,24,2475,0,0
6064,991,967,24,2475,0,0
6065,991,967,24,2475,0,0
6066,991,968,23,2478,0,0
6067,991,968,23,2478,0,0
6068,991,968,23,2478,0,0
6069,991,968,23,2478,0,0
6070,991,968,23,2478,0,0
6071,991,968,23,2478,0,0
6072,991,968,23,2478,0,0
6073,991,968,23,2478,0,0
6074,991,968,23,2478,0,0
6075,991,968,23,2478,0,0
6076,991,968,23,2478,0,0
6077,991,968,23,2478,0,0
6078,991,968,23,2478,0,0
6079,991,968,23,2478,0,0
6080,991,968,23,2478,0,0
6081,991,968,23,2478,0,0
6082,991,968,23,2478,0,0
6083,991,968,23,2478,0,0
6084,991,968,23,2478,0,0
6085,991,968,23,2478,0,0
6086,991,968,23,2478,0,0
6087,991,968,23,2478,0,0
6088,991,968,23,2478,0,0
6089,991,968,23,2478,0,0
6090,991,968,23,2478,0,0
6091,991,968,23,2478,0,0
6092,991,968,23,2478,0,0
6093,991,968,23,2478,0,0
6094,991,968,23,2478,0,0
6095,991,968,23,2478,0,0
6096,991,968,23,2478,0,0
6097,991,968,23,2478,0,0
6098,991,968,23,2478,0,0
6099,991,968,23,2478,0,0
6100,991,968,23,2478,0,0
6101,991,968,23,2478,0,0
6102,991,968,23,2478,0,0
6103,991,968,23,2478,0,0
6104,991,968,23,2478,0,0
6105,991,968,23,2478,0,0
6106,991,968,23,2478,0,0
6107,991,968,23,2478,0,0
6108,991,968,23,2478,0,0
6109,991,968,23,2478,0,0
6110,991,968,23,2478,0,0
6111,991,968,23,2478,0,0
6112,991,968,23,2478,0,0
6113,992,968,24,2478,0,0
6114,992,968,24,2478,0,0
6115,992,968,24,2478,0,0
6116,992,968,24,2478,0,0
6117,992,968,24,2478,0,0
6118,992,968,24,2478,0,0
6119,992,968,24,2478,0,0
6120,992,968,24,2478,0,0
6121,992,968,24,2478,0,0
6122,992,968,24,2478,0,0
6123,992,968,24,2478,0,0
6124,992,968,24,2478,0,0
6125,992,968,24,2478,0,0
6126,992,968,24,2478,0,0
6127,992,968,24,2478,0,0
6128,992,968,24,2478,0,0
6129,992,968,24,2478,0,0
6130,992,968,24,2478,0,0
6131,992,968,24,2478,0,0
6132,992,968,24,2478,0,0
6133,992,968,24,2478,0,0
6134,992,968,24,2478,0,0
6135,992,968,24,2478,0,0
6136,992,968,24,2478,0,0
6137,992,968,24,2478,0,0
6138,992,968,24,2478,0,0
6139,992,968,24,2478,0,0
6140,992,968,24,2478,0,0
6141,992,968,24,2478,0,0
6142,992,968,24,2478,0,0
6143,992,968,24,2478,0,0
6144,992,968,24,2478,0,0
6145,992,968,24,2478,0,0
6146,993,968,25,2478,0,0
6147,993,968,25,2478,0,0
6148,993,968,25,2478,0,0
6149,993,968,25,2478,0,0
6150,993,968,25,2478,0,0
6151,993,968,25,2478,0,0
6152,993,968,25,2478,0,0
6153,993,968,25,2478,0,0
6154,993,968,25,2478,0,0
6155,993,968,25,2478,0,0
6156,993,968,25,2478,0,0
6157,993,968,25,2478,0,0
6158,993,968,25,2478,0,0
6159,993,968,25,2478,0,0
6160,993,968,25,2478,0,0
6161,993,968,25,2478,0,0
6162,993,968,25,2478,0,0
6163,993,968,25,2478,0,0
6164,993,968,25,2478,0,0
6165,993,968,25,2478,0,0
6166,993,968,25,2478,0,0
6167,993,968,25,2478,0,0
6168,993,968,25,2478,0,0
6169,993,968,25,2478,0,0
6170,993,968,25,2478,0,0
6171,993,969,24,2482,0,0
6172,993,969,24,2482,0,0
6173,994,969,25,2482,0,0
6174,995,970,25,2486,0,0
6175,995,970,25,2486,0,0
6176,995,970,25,2486,0,0
6177,995,970,25,2486,0,0
6178,995,970,25,2486,0,0
6179,995,970,25,2486,0,0
6180,995,970,25,2486,0,0
6181,995,970,25,2486,0,0
6182,995,970,25,2486,0,0
6183,995,970,25,2486,0,0
6184,995,970,25,2486,0,0
6185,995,970,25,2486,0,0
6186,995,970,25,2486,0,0
6187,995,970,25,2486,0,0
6188,995,970,25,2486,0,0
6189,995,970,25,2486,0,0
6190,995,970,25,2486,0,0
6191,995,970,25,2486,0,0
6192,995,970,25,2486,0,0
6193,995,970,25,2486,0,0
6194,995,970,25,2486,0,0
6195,995,970,25,2486,0,0
6196,995,970,25,2486,0,0
6197,995,970,25,2486,0,0
6198,995,970,25,2486,0,0
6199,995,970,25,2486,0,0
6200,995,970,25,2486,0,0
6201,995,970,25,2486,0,0
6202,995,970,25,2486,0,0
6203,995,970,25,2486,0,0
6204,995,970,25,2486,0,0
6205,995,970,25,2486,0,0
6206,995,970,25,2486,0,0
6207,995,970,25,2486,0,0
6208,995,971,24,2487,0,0
6209,995,971,24,2487,0,0
6210,995,971,24,2487,0,0
6211,995,971,24,2487,0,0
6212,995,971,24,2487,0,0
6213,995,971,24,2487,0,0
6214,995,971,24,2487,0,0
6215,995,971,24,2487,0,0
6216,995,971,24,2487,0,0
6217,995,971,24,2487,0,0
6218,995,971,24,2487,0,0
6219,995,971,24,2487,0,0
6220,995,971,24,2487,0,0
6221,995,971,24,2487,0,0
6222,995,971,24,2487,0,0
6223,995,971,24,2487,0,0
6224,995,971,24,2487,0,0
6225,995,971,24,2487,0,0
6226,995,971,24,2487,0,0
6227,996,971,25,2487,0,0
6228,996,971,25,2487,0,0
6229,996,971,25,2487,0,0
6230,996,971,25,2487,0,0
6231,996,971,25,2487,0,0
6232,996,971,25,2487,0,0
6233,996,971,25,2487,0,0
6234,996,971,25,2487,0,0
6235,996,971,25,2487,0,0
6236,996,971,25,2487,0,0
6237,996,971,25,2487,0,0
6238,997,971,26,2487,0,0
6239,997,971,26,2487,0,0
6240,997,971,26,2487,0,0
6241,997,971,26,2487,0,0
6242,997,971,26,2487,0,0
6243,997,971,26,2487,0,0
6244,997,972,25,2488,0,0
6245,997,972,25,2488,0,0
6246,997,972,25,2488,0,0
6247,997,972,25,2488,0,0
6248,997,972,25,2488,0,0
6249,997,972,25,2488,0,0
6250,997,972,25,2488,0,0
6251,997,972,25,2488,0,0
6252,997,972,25,2488,0,0
6253,997,972,25,2488,0,0
6254,997,972,25,2488,0,0
6255,997,972,25,2488,0,0
6256,997,972,25,2488,0,0
6257,997,972,25,2488,0,0
6258,997,972,25,2488,0,0
6259,997,972,25,2488,0,0
6260,997,972,25,2488,0,0
6261,997,972,25,2488,0,0
6262,998,972,26,2488,0,0
6263,998,972,26,2488,0,0
6264,998,972,26,2488,0,0
6265,998,972,26,2488,0,0
6266,998,972,26,2488,0,0
6267,998,972,26,2488,0,0
6268,998,972,26,2488,0,0
6269,998,972,26,2488,0,0
6270,998,972,26,2488,0,0
6271,998,972,26,2488,0,0
6272,998,972,26,2488,0,0
6273,998,972,26,2488,0,0
6274,998,972,26,2488,0,0
6275,998,972,26,2488,0,0
6276,998,972,26,2488,0,0
6277,998,972,26,2488,0,0
6278,998,972,26,2488,0,0
6279,998,972,26,2488,0,0
6280,998,972,26,2488,0,0
6281,998,972,26,2488,0,0
6282,998,972,26,2488,0,0
6283,998,972,26,2488,0,0
6284,998,972,26,2488,0,0
6285,998,972,26,2488,0,0
6286,998,972,26,2488,0,0
6287,998,972,26,2488,0,0
6288,998,972,26,2488,0,0
6289,998,972,26,2488,0,0
6290,999,972,27,2488,0,0
6291,999,972,27,2488,0,0
6292,999,972,27,2488,0,0
6293,999,972,27,2488,0,0
6294,999,972,27,2488,0,0
6295,999,972,27,2488,0,0
6296,999,972,27,2488,0,0
6297,999,972,27,2488,0,0
6298,999,972,27,2488,0,0
6299,999,972,27,2488,0,0
6300,999,972,27,2488,0,0
6301,999,972,27,2488,0,0
6302,999,972,27,2488,0,0
6303,999,972,27,2488,0,0
6304,999,972,27,2488,0,0
6305,999,972,27,2488,0,0
6306,999,972,27,2488,0,0
6307,1000,972,28,2488,0,0
6308,1000,972,28,2488,0,0
6309,1000,972,28,2488,0,0
6310,1000,972,28,2488,0,0
6311,1000,972,28,2488,0,0
6312,1000,972,28,2488,0,0
6313,1000,972,28,2488,0,0
6314,1000,972,28,2488,0,0
6315,1000,972,28,2488,0,0
6316,1000,972,28,2488,0,0
6317,1000,972,28,2488,0,0
6318,1000,972,28,2488,0,0
6319,1000,972,28,2488,0,0
6320,1000,972,28,2488,0,0
6321,1000,972,28,2488,0,0
6322,1000,972,28,2488,0,0
6323,1000,972,28,2488,0,0
6324,1000,972,28,2488,0,0
6325,1000,972,28,2488,0,0
6326,1000,972,28,2488,0,0
6327,1000,972,28,2488,0,0
6328,1000,972,28,2488,0,0
6329,1000,972,28,2488,0,0
6330,1000,972,28,2488,0,0
6331,1000,972,28,2488,0,0
6332,1000,972,28,2488,0,0
6333,1000,972,28,2488,0,0
6334,1000,972,28,2488,0,0
6335,1000,972,28,2488,0,0
6336,1000,972,28,2488,0,0
6337,1000,972,28,2488,0,0
6338,1000,972,28,2488,0,0
6339,1000,972,28,2488,0,0
6340,1000,972,28,2488,0,0
6341,1000,972,28,2488,0,0
6342,1000,972,28,2488,0,0
6343,1000,972,28,2488,0,0
6344,1000,972,28,2488,0,0
6345,1000,972,28,2488,0,0
6346,1000,972,28,2488,0,0
6347,1000,972,28,2488,0,0
6348,1000,972,28,2488,0,0
6349,1000,972,28,2488,0,0
6350,1000,972,28,2488,0,0
6351,1000,972,28,2488,0,0
6352,1000,972,28,2488,0,0
6353,1000,972,28,2488,0,0
6354,1000,972,28,2488,0,0
6355,1000,972,28,2488,0,0
6356,1000,972,28,2488,0,0
6357,1000,972,28,2488,0,0
6358,1000,972,28,2488,0,0
6359,1000,972,28,2488,0,0
6360,1000,972,28,2488,0,0
6361,1000,972,28,2488,0,0
6362,1000,972,28,2488,0,0
6363,1000,972,28,2488,0,0
6364,1000,972,28,2488,0,0
6365,1000,972,28,2488,0,0
6366,1000,972,28,2488,0,0
6367,1000,972,28,2488,0,0
6368,1000,972,28,2488,0,0
6369,1000,972,28,2488,0,0
6370,1000,972,28,2488,0,0
6371,1000,972,28,2488,0,0
6372,1000,972,28,2488,0,0
6373,1000,972,28,2488,0,0
6374,1000,972,28,2488,0,0
6375,1000,972,28,2488,0,0
6376,1000,972,28,2488,0,0
6377,1000,972,28,2488,0,0
6378,1000,972,28,2488,0,0
6379,1000,972,28,2488,0,0
6380,1000,972,28,2488,0,0
6381,1000,972,28,2488,0,0
6382,1000,972,28,2488,0,0
6383,1000,972,28,2488,0,0
6384,1000,972,28,2488,0,0
6385,1000,972,28,2488,0,0
6386,1000,972,28,2488,0,0
6387,1000,972,28,2488,0,0
6388,1000,972,28,2488,0,0
6389,1000,973,27,2489,0,0
6390,1000,973,27,2489,0,0
6391,1000,973,27,2489,0,0
6392,1000,973,27,2489,0,0
6393,1000,973,27,2489,0,0
6394,1000,973,27,2489,0,0
6395,1000,973,27,2489,0,0
6396,1000,974,26,2492,0,0
6397,1000,974,26,2492,0,0
6398,1000,974,26,2492,0,0
6399,1000,974,26,2492,0,0
6400,1000,974,26,2492,0,0
6401,1000,974,26,2492,0,0
6402,1000,974,26,2492,0,0
6403,1000,974,26,2492,0,0
6404,1000,974,26,2492,0,0
6405,1000,974,26,2492,0,0
6406,1000,974,26,2492,0,0
6407,1000,974,26,2492,0,0
6408,1000,974,26,2492,0,0
6409,1000,974,26,2492,0,0
6410,1000,974,26,2492,0,0
6411,1000,974,26,2492,0,0
6412,1000,974,26,2492,0,0
6413,1000,974,26,2492,0,0
6414,1000,974,26,2492,0,0
6415,1000,974,26,2492,0,0
6416,1000,974,26,2492,0,0
6417,1000,974,26,2492,0,0
6418,1000,974,26,2492,0,0
6419,1000,974,26,2492,0,0
6420,1000,974,26,2492,0,0
6421,1000,974,26,2492,0,0
6422,1000,974,26,2492,0,0
6423,1000,974,26,2492,0,0
6424,1000,974,26,2492,0,0
6425,1000,974,26,2492,0,0
6426,1000,974,26,2492,0,0
6427,1000,974,26,2492,0,0
6428,1000,974,26,2492,0,0
6429,1000,974,26,2492,0,0
6430,1000,974,26,2492,0,0
6431,1000,974,26,2492,0,0
6432,1000,974,26,2492,0,0
6433,1000,974,26,2492,0,0
6434,1000,974,26,2492,0,0
6435,1000,974,26,2492,0,0
6436,1000,974,26,2492,0,0
6437,1000,974,26,2492,0,0
6438,1000,974,26,2492,0,0
6439,1000,974,26,2492,0,0
6440,1000,974,26,2492,0,0
6441,1000,974,26,2492,0,0
6442,1000,974,26,2492,0,0
6443,1000,974,26,2492,0,0
6444,1000,974,26,2492,0,0
6445,1000,974,26,2492,0,0
6446,1000,974,26,2492,0,0
6447,1000,975,25,2495,0,0
6448,1000,975,25,2495,0,0
6449,1000,975,25,2495,0,0
6450,1000,975,25,2495,0,0
6451,1000,975,25,2495,0,0
6452,1000,975,25,2495,0,0
6453,1000,975,25,2495,0,0
6454,1000,975,25,2495,0,0
6455,1000,975,25,2495,0,0
6456,1000,975,25,2495,0,0
6457,1000,975,25,2495,0,0
6458,1000,975,25,2495,0,0
6459,1000,975,25,2495,0,0
6460,1000,975,25,2495,0,0
6461,1000,975,25,2495,0,0
6462,1000,975,25,2495,0,0
6463,1000,975,25,2495,0,0
6464,1000,975,25,2495,0,0
6465,1000,975,25,2495,0,0
6466,1000,975,25,2495,0,0
6467,1000,975,25,2495,0,0
6468,1000,975,25,2495,0,0
6469,1000,975,25,2495,0,0
6470,1000,975,25,2495,0,0
6471,1000,975,25,2495,0,0
6472,1000,975,25,2495,0,0
6473,1000,975,25,2495,0,0
6474,1000,975,25,2495,0,0
6475,1000,975,25,2495,0,0
6476,1000,975,25,2495,0,0
6477,1000,975,25,2495,0,0
6478,1000,975,25,2495,0,0
6479,1000,975,25,2495,0,0
6480,1000,975,25,2495,0,0
6481,1000,975,25,2495,0,0
6482,1000,975,25,2495,0,0
6483,1000,975,25,2495,0,0
6484,1000,976,24,2498,0,0
6485,1000,976,24,2498,0,0
6486,1000,976,24,2498,0,0
6487,1000,976,24,2498,0,0
6488,1000,976,24,2498,0,0
6489,1000,976,24,2498,0,0
6490,1000,976,24,2498,0,0
6491,1000,976,24,2498,0,0
6492,1000,976,24,2498,0,0
6493,1000,976,24,2498,0,0
6494,1000,976,24,2498,0,0
6495,1000,976,24,2498,0,0
6496,1000,977,23,2500,0,0
6497,1000,977,23,2500,0,0
6498,1000,978,22,2505,0,0
6499,1000,978,22,2505,0,0
6500,1000,979,21,2506,0,0
6501,1000,979,21,2506,0,0
6502,1000,979,21,2506,0,0
6503,1000,979,21,2506,0,0
6504,1000,979,21,2506,0,0
6505,1000,979,21,2506,0,0
6506,1000,980,20,2510,0,0
6507,1000,980,20,2510,0,0
6508,1000,980,20,2510,0,0
6509,1000,980,20,2510,0,0
6510,1000,980,20,2510,0,0
6511,1000,980,20,2510,0,0
6512,1000,980,20,2510,0,0
6513,1000,980,20,2510,0,0
6514,1000,980,20,2510,0,0
6515,1000,980,20,2510,0,0
6516,1000,980,20,2510,0,0
6517,1000,980,20,2510,0,0
6518,1000,980,20,2510,0,0
6519,1000,980,20,2510,0,0
6520,1000,980,20,2510,0,0
6521,1000,980,20,2510,0,0
6522,1000,980,20,2510,0,0
6523,1000,980,20,2510,0,0
6524,1000,980,20,2510,0,0
6525,1000,980,20,2510,0,0
6526,1000,980,20,2510,0,0
6527,1000,980,20,2510,0,0
6528,1000,980,20,2510,0,0
6529,1000,980,20,2510,0,0
6530,1000,980,20,2510,0,0
6531,1000,980,20,2510,0,0
6532,1000,980,20,2510,0,0
6533,1000,980,20,2510,0,0
6534,1000,980,20,2510,0,0
6535,1000,980,20,2510,0,0
6536,1000,980,20,2510,0,0
6537,1000,980,20,2510,0,0
6538,1000,980,20,2510,0,0
6539,1000,980,20,2510,0,0
6540,1000,980,20,2510,0,0
6541,1000,980,20,2510,0,0
6542,1000,980,20,2510,0,0
6543,1000,981,19,2511,0,0
6544,1000,981,19,2511,0,0
6545,1000,981,19,2511,0,0
6546,1000,981,19,2511,0,0
6547,1000,981,19,2511,0,0
6548,1000,981,19,2511,0,0
6549,1000,981,19,2511,0,0
6550,1000,981,19,2511,0,0
6551,1000,981,19,2511,0,0
6552,1000,981,19,2511,0,0
6553,1000,981,19,2511,0,0
6554,1000,981,19,2511,0,0
6555,1000,981,19,2511,0,0
6556,1000,981,19,2511,0,0
6557,1000,981,19,2511,0,0
6558,1000,981,19,2511,0,0
6559,1000,981,19,2511,0,0
6560,1000,981,19,2511,0,0
6561,1000,981,19,2511,0,0
6562,1000,981,19,2511,0,0
6563,1000,981,19,2511,0,0
6564,1000,981,19,2511,0,0
6565,1000,981,19,2511,0,0
6566,1000,981,19,2511,0,0
6567,1000,981,19,2511,0,0
6568,1000,981,19,2511,0,0
6569,1000,981,19,2511,0,0
6570,1000,981,19,2511,0,0
6571,1000,981,19,2511,0,0
6572,1000,981,19,2511,0,0
6573,1000,981,19,2511,0,0
6574,1000,981,19,2511,0,0
6575,1000,981,19,2511,0,0
6576,1000,982,18,2516,0,0
6577,1000,982,18,2516,0,0
6578,1000,982,18,2516,0,0
6579,1000,982,18,2516,0,0
6580,1000,982,18,2516,0,0
6581,1000,982,18,2516,0,0
6582,1000,982,18,2516,0,0
6583,1000,982,18,2516,0,0
6584,1000,982,18,2516,0,0
6585,1000,982,18,2516,0,0
6586,1000,982,18,2516,0,0
6587,1000,982,18,2516,0,0
6588,1000,982,18,2516,0,0
6589,1000,982,18,2516,0,0
6590,1000,982,18,2516,0,0
6591,1000,982,18,2516,0,0
6592,1000,982,18,2516,0,0
6593,1000,982,18,2516,0,0
6594,1000,982,18,2516,0,0
6595,1000,982,18,2516,0,0
6596,1000,982,18,2516,0,0
6597,1000,982,18,2516,0,0
6598,1000,982,18,2516,0,0
6599,1000,982,18,2516,0,0
6600,1000,982,18,2516,0,0
6601,1000,982,18,2516,0,0
6602,1000,982,18,2516,0,0
6603,1000,982,18,2516,0,0
6604,1000,982,18,2516,0,0
6605,1000,982,18,2516,0,0
6606,1000,982,18,2516,0,0
6607,1000,982,18,2516,0,0
6608,1000,982,18,2516,0,0
6609,1000,982,18,2516,0,0
6610,1000,982,18,2516,0,0
6611,1000,982,18,2516,0,0
6612,1000,982,18,2516,0,0
6613,1000,982,18,2516,0,0
6614,1000,982,18,2516,0,0
6615,1000,982,18,2516,0,0
6616,1000,982,18,2516,0,0
6617,1000,982,18,2516,0,0
6618,1000,982,18,2516,0,0
6619,1000,982,18,2516,0,0
6620,1000,982,18,2516,0,0
6621,1000,982,18,2516,0,0
6622,1000,982,18,2516,0,0
6623,1000,982,18,2516,0,0
6624,1000,982,18,2516,0,0
6625,1000,982,18,2516,0,0
6626,1000,982,18,2516,0,0
6627,1000,982,18,2516,0,0
6628,1000,982,18,2516,0,0
6629,1000,982,18,2516,0,0
6630,1000,982,18,2516,0,0
6631,1000,982,18,2516,0,0
6632,1000,982,18,2516,0,0
6633,1000,982,18,2516,0,0
6634,1000,982,18,2516,0,0
6635,1000,982,18,2516,0,0
6636,1000,982,18,2516,0,0
6637,1000,982,18,2516,0,0
6638,1000,982,18,2516,0,0
6639,1000,982,18,2516,0,0
6640,1000,982,18,2516,0,0
6641,1000,982,18,2516,0,0
6642,1000,982,18,2516,0,0
6643,1000,982,18,2516,0,0
6644,1000,982,18,2516,0,0
6645,1000,982,18,2516,0,0
6646,1000,982,18,2516,0,0
6647,1000,982,18,2516,0,0
6648,1000,982,18,2516,0,0
6649,1000,982,18,2516,0,0
6650,1000,982,18,2516,0,0
6651,1000,982,18,2516,0,0
6652,1000,982,18,2516,0,0
6653,1000,982,18,2516,0,0
6654,1000,982,18,2516,0,0
6655,1000,982,18,2516,0,0
6656,1000,982,18,2516,0,0
6657,1000,982,18,2516,0,0
6658,1000,982,18,2516,0,0
6659,1000,982,18,2516,0,0
6660,1000,982,18,2516,0,0
6661,1000,982,18,2516,0,0
6662,1000,982,18,2516,0,0
6663,1000,982,18,2516,0,0
6664,1000,982,18,2516,0,0
6665,1000,982,18,2516,0,0
6666,1000,982,18,2516,0,0
6667,1000,982,18,2516,0,0
6668,1000,982,18,2516,0,0
6669,1000,982,18,2516,0,0
6670,1000,982,18,2516,0,0
6671,1000,982,18,2516,0,0
6672,1000,982,18,2516,0,0
6673,1000,982,18,2516,0,0
6674,1000,982,18,2516,0,0
6675,1000,982,18,2516,0,0
6676,1000,983,17,2517,0,0
6677,1000,984,16,2518,0,0
6678,1000,984,16,2518,0,0
6679,1000,984,16,2518,0,0
6680,1000,984,16,2518,0,0
6681,1000,984,16,2518,0,0
6682,1000,984,16,2518,0,0
6683,1000,984,16,2518,0,0
6684,1000,985,15,2520,0,0
6685,1000,986,14,2522,0,0
6686,1000,986,14,2522,0,0
6687,1000,986,14,2522,0,0
6688,1000,986,14,2522,0,0
6689,1000,986,14,2522,0,0
6690,1000,986,14,2522,0,0
6691,1000,986,14,2522,0,0
6692,1000,986,14,2522,0,0
6693,1000,986,14,2522,0,0
6694,1000,986,14,2522,0,0
6695,1000,986,14,2522,0,0
6696,1000,986,14,2522,0,0
6697,1000,986,14,2522,0,0
6698,1000,986,14,2522,0,0
6699,1000,986,14,2522,0,0
6700,1000,986,14,2522,0,0
6701,1000,986,14,2522,0,0
6702,1000,986,14,2522,0,0
6703,1000,986,14,2522,0,0
6704,1000,986,14,2522,0,0
6705,1000,986,14,2522,0,0
6706,1000,986,14,2522,0,0
6707,1000,986,14,2522,0,0
6708,1000,986,14,2522,0,0
6709,1000,986,14,2522,0,0
6710,1000,986,14,2522,0,0
6711,1000,986,14,2522,0,0
6712,1000,986,14,2522,0,0
6713,1000,986,14,2522,0,0
6714,1000,987,13,2523,0,0
6715,1000,987,13,2523,0,0
6716,1000,987,13,2523,0,0
6717,1000,987,13,2523,0,0
6718,1000,987,13,2523,0,0
6719,1000,987,13,2523,0,0
6720,1000,987,13,2523,0,0
6721,1000,987,13,2523,0,0
6722,1000,987,13,2523,0,0
6723,1000,987,13,2523,0,0
6724,1000,987,13,2523,0,0
6725,1000,987,13,2523,0,0
6726,1000,987,13,2523,0,0
6727,1000,987,13,2523,0,0
6728,1000,987,13,2523,0,0
6729,1000,987,13,2523,0,0
6730,1000,987,13,2523,0,0
6731,1000,987,13,2523,0,0
6732,1000,987,13,2523,0,0
6733,1000,987,13,2523,0,0
6734,1000,987,13,2523,0,0
6735,1000,987,13,2523,0,0
6736,1000,987,13,2523,0,0
6737,1000,987,13,2523,0,0
6738,1000,987,13,2523,0,0
6739,1000,987,13,2523,0,0
6740,1000,987,13,2523,0,0
6741,1000,987,13,2523,0,0
6742,1000,987,13,2523,0,0
6743,1000,987,13,2523,0,0
6744,1000,987,13,2523,0,0
6745,1000,987,13,2523,0,0
6746,1000,987,13,2523,0,0
6747,1000,987,13,2523,0,0
6748,1000,987,13,2523,0,0
6749,1000,987,13,2523,0,0
6750,1000,987,13,2523,0,0
6751,1000,987,13,2523,0,0
6752,1000,987,13,2523,0,0
6753,1000,987,13,2523,0,0
6754,1000,988,12,2525,0,0
6755,1000,988,12,2525,0,0
6756,1000,988,12,2525,0,0
6757,1000,988,12,2525,0,0
6758,1000,988,12,2525,0,0
6759,1000,988,12,2525,0,0
6760,1000,988,12,2525,0,0
6761,1000,988,12,2525,0,0
6762,1000,988,12,2525,0,0
6763,1000,988,12,2525,0,0
6764,1000,988,12,2525,0,0
6765,1000,988,12,2525,0,0
6766,1000,988,12,2525,0,0
6767,1000,988,12,2525,0,0
6768,1000,988,12,2525,0,0
6769,1000,988,12,2525,0,0
6770,1000,988,12,2525,0,0
6771,1000,988,12,2525,0,0
6772,1000,988,12,2525,0,0
6773,1000,988,12,2525,0,0
6774,1000,988,12,2525,0,0
6775,1000,988,12,2525,0,0
6776,1000,988,12,2525,0,0
6777,1000,988,12,2525,0,0
6778,1000,988,12,2525,0,0
6779,1000,988,12,2525,0,0
6780,1000,988,12,2525,0,0
6781,1000,988,12,2525,0,0
6782,1000,988,12,2525,0,0
6783,1000,988,12,2525,0,0
6784,1000,988,12,2525,0,0
6785,1000,988,12,2525,0,0
6786,1000,988,12,2525,0,0
6787,1000,988,12,2525,0,0
6788,1000,988,12,2525,0,0
6789,1000,988,12,2525,0,0
6790,1000,988,12,2525,0,0
6791,1000,988,12,2525,0,0
6792,1000,988,12,2525,0,0
6793,1000,988,12,2525,0,0
6794,1000,988,12,2525,0,0
6795,1000,988,12,2525,0,0
6796,1000,988,12,2525,0,0
6797,1000,988,12,2525,0,0
6798,1000,988,12,2525,0,0
6799,1000,988,12,2525,0,0
6800,1000,988,12,2525,0,0
6801,1000,988,12,2525,0,0
6802,1000,988,12,2525,0,0
6803,1000,988,12,2525,0,0
6804,1000,988,12,2525,0,0
6805,1000,988,12,2525,0,0
6806,1000,988,12,2525,0,0
6807,1000,988,12,2525,0,0
6808,1000,988,12,2525,0,0
6809,1000,988,12,2525,0,0
6810,1000,988,12,2525,0,0
6811,1000,988,12,2525,0,0
6812,1000,988,12,2525,0,0
6813,1000,988,12,2525,0,0
6814,1000,988,12,2525,0,0
6815,1000,988,12,2525,0,0
6816,1000,988,12,2525,0,0
6817,1000,988,12,2525,0,0
6818,1000,988,12,2525,0,0
6819,1000,988,12,2525,0,0
6820,1000,988,12,2525,0,0
6821,1000,988,12,2525,0,0
6822,1000,988,12,2525,0,0
6823,1000,988,12,2525,0,0
6824,1000,988,12,2525,0,0
6825,1000,988,12,2525,0,0
6826,1000,988,12,2525,0,0
6827,1000,988,12,2525,0,0
6828,1000,988,12,2525,0,0
6829,1000,988,12,2525,0,0
6830,1000,988,12,2525,0,0
6831,1000,988,12,2525,0,0
6832,1000,988,12,2525,0,0
6833,1000,988,12,2525,0,0
6834,1000,988,12,2525,0,0
6835,1000,988,12,2525,0,0
6836,1000,988,12,2525,0,0
6837,1000,988,12,2525,0,0
6838,1000,988,12,2525,0,0
6839,1000,988,12,2525,0,0
6840,1000,988,12,2525,0,0
6841,1000,988,12,2525,0,0
6842,1000,988,12,2525,0,0
6843,1000,988,12,2525,0,0
6844,1000,988,12,2525,0,0
6845,1000,988,12,2525,0,0
6846,1000,988,12,2525,0,0
6847,1000,988,12,2525,0,0
6848,1000,988,12,2525,0,0
6849,1000,988,12,2525,0,0
6850,1000,988,12,2525,0,0
6851,1000,988,12,2525,0,0
6852,1000,988,12,2525,0,0
6853,1000,988,12,2525,0,0
6854,1000,988,12,2525,0,0
6855,1000,988,12,2525,0,0
6856,1000,988,12,2525,0,0
6857,1000,988,12,2525,0,0
6858,1000,988,12,2525,0,0
6859,1000,989,11,2528,0,0
6860,1000,990,10,2529,0,0
6861,1000,990,10,2529,0,0
6862,1000,990,10,2529,0,0
6863,1000,990,10,2529,0,0
6864,1000,990,10,2529,0,0
6865,1000,991,9,2530,0,0
6866,1000,991,9,2530,0,0
6867,1000,991,9,2530,0,0
6868,1000,991,9,2530,0,0
6869,1000,991,9,2530,0,0
6870,1000,991,9,2530,0,0
6871,1000,991,9,2530,0,0
6872,1000,991,9,2530,0,0
6873,1000,991,9,2530,0,0
6874,1000,991,9,2530,0,0
6875,1000,991,9,2530,0,0
6876,1000,991,9,2530,0,0
6877,1000,991,9,2530,0,0
6878,1000,991,9,2530,0,0
6879,1000,991,9,2530,0,0
6880,1000,991,9,2530,0,0
6881,1000,991,9,2530,0,0
6882,1000,991,9,2530,0,0
6883,1000,991,9,2530,0,0
6884,1000,991,9,2530,0,0
6885,1000,991,9,2530,0,0
6886,1000,991,9,2530,0,0
6887,1000,991,9,2530,0,0
6888,1000,991,9,2530,0,0
6889,1000,991,9,2530,0,0
6890,1000,991,9,2530,0,0
6891,1000,991,9,2530,0,0
6892,1000,991,9,2530,0,0
6893,1000,991,9,2530,0,0
6894,1000,991,9,2530,0,0
6895,1000,991,9,2530,0,0
6896,1000,991,9,2530,0,0
6897,1000,991,9,2530,0,0
6898,1000,991,9,2530,0,0
6899,1000,991,9,2530,0,0
6900,1000,991,9,2530,0,0
6901,1000,991,9,2530,0,0
6902,1000,991,9,2530,0,0
6903,1000,991,9,2530,0,0
6904,1000,991,9,2530,0,0
6905,1000,991,9,2530,0,0
6906,1000,991,9,2530,0,0
6907,1000,991,9,2530,0,0
6908,1000,991,9,2530,0,0
6909,1000,991,9,2530,0,0
6910,1000,991,9,2530,0,0
6911,1000,991,9,2530,0,0
6912,1000,991,9,2530,0,0
6913,1000,991,9,2530,0,0
6914,1000,991,9,2530,0,0
6915,1000,991,9,2530,0,0
6916,1000,991,9,2530,0,0
6917,1000,991,9,2530,0,0
6918,1000,991,9,2530,0,0
6919,1000,991,9,2530,0,0
6920,1000,991,9,2530,0,0
6921,1000,991,9,2530,0,0
6922,1000,991,9,2530,0,0
6923,1000,991,9,2530,0,0
6924,1000,991,9,2530,0,0
6925,1000,991,9,2530,0,0
6926,1000,991,9,2530,0,0
6927,1000,991,9,2530,0,0
6928,1000,991,9,2530,0,0
6929,1000,991,9,2530,0,0
6930,1000,991,9,2530,0,0
6931,1000,991,9,2530,0,0
6932,1000,991,9,2530,0,0
6933,1000,991,9,2530,0,0
6934,1000,991,9,2530,0,0
6935,1000,992,8,2531,0,0
6936,1000,992,8,2531,0,0
6937,1000,992,8,2531,0,0
6938,1000,992,8,2531,0,0
6939,1000,993,7,2536,0,0
6940,1000,993,7,2536,0,0
6941,1000,993,7,2536,0,0
6942,1000,993,7,2536,0,0
6943,1000,993,7,2536,0,0
6944,1000,993,7,2536,0,0
6945,1000,993,7,2536,0,0
6946,1000,993,7,2536,0,0
6947,1000,993,7,2536,0,0
6948,1000,993,7,2536,0,0
6949,1000,993,7,2536,0,0
6950,1000,993,7,2536,0,0
6951,1000,993,7,2536,0,0
6952,1000,993,7,2536,0,0
6953,1000,993,7,2536,0,0
6954,1000,993,7,2536,0,0
6955,1000,993,7,2536,0,0
6956,1000,993,7,2536,0,0
6957,1000,993,7,2536,0,0
6958,1000,993,7,2536,0,0
6959,1000,993,7,2536,0,0
6960,1000,993,7,2536,0,0
6961,1000,993,7,2536,0,0
6962,1000,993,7,2536,0,0
6963,1000,993,7,2536,0,0
6964,1000,993,7,2536,0,0
6965,1000,993,7,2536,0,0
6966,1000,993,7,2536,0,0
6967,1000,993,7,2536,0,0
6968,1000,993,7,2536,0,0
6969,1000,993,7,2536,0,0
6970,1000,993,7,2536,0,0
6971,1000,993,7,2536,0,0
6972,1000,993,7,2536,0,0
6973,1000,993,7,2536,0,0
6974,1000,993,7,2536,0,0
6975,1000,993,7,2536,0,0
6976,1000,993,7,2536,0,0
6977,1000,993,7,2536,0,0
6978,1000,993,7,2536,0,0
6979,1000,993,7,2536,0,0
6980,1000,993,7,2536,0,0
6981,1000,993,7,2536,0,0
6982,1000,993,7,2536,0,0
6983,1000,993,7,2536,0,0
6984,1000,993,7,2536,0,0
6985,1000,993,7,2536,0,0
6986,1000,993,7,2536,0,0
6987,1000,993,7,2536,0,0
6988,1000,993,7,2536,0,0
6989,1000,993,7,2536,0,0
6990,1000,993,7,2536,0,0
6991,1000,993,7,2536,0,0
6992,1000,993,7,2536,0,0
6993,1000,993,7,2536,0,0
6994,1000,993,7,2536,0,0
6995,1000,993,7,2536,0,0
6996,1000,993,7,2536,0,0
6997,1000,993,7,2536,0,0
6998,1000,993,7,2536,0,0
6999,1000,993,7,2536,0,0
7000,1000,993,7,2536,0,0
7001,1000,993,7,2536,0,0
7002,1000,993,7,2536,0,0
7003,1000,993,7,2536,0,0
7004,1000,993,7,2536,0,0
7005,1000,993,7,2536,0,0
7006,1000,993,7,2536,0,0
7007,1000,993,7,2536,0,0
7008,1000,993,7,2536,0,0
7009,1000,993,7,2536,0,0
7010,1000,993,7,2536,0,0
7011,1000,993,7,2536,0,0
7012,1000,993,7,2536,0,0
7013,1000,993,7,2536,0,0
7014,1000,993,7,2536,0,0
7015,1000,993,7,2536,0,0
7016,1000,993,7,2536,0,0
7017,1000,993,7,2536,0,0
7018,1000,993,7,2536,0,0
7019,1000,993,7,2536,0,0
7020,1000,993,7,2536,0,0
7021,1000,993,7,2536,0,0
7022,1000,993,7,2536,0,0
7023,1000,993,7,2536,0,0
7024,1000,993,7,2536,0,0
7025,1000,993,7,2536,0,0
7026,1000,993,7,2536,0,0
7027,1000,993,7,2536,0,0
7028,1000,993,7,2536,0,0
7029,1000,993,7,2536,0,0
7030,1000,993,7,2536,0,0
7031,1000,993,7,2536,0,0
7032,1000,993,7,2536,0,0
7033,1000,993,7,2536,0,0
7034,1000,993,7,2536,0,0
7035,1000,993,7,2536,0,0
7036,1000,993,7,2536,0,0
7037,1000,993,7,2536,0,0
7038,1000,993,7,2536,0,0
7039,1000,994,6,2538,0,0
7040,1000,994,6,2538,0,0
7041,1000,994,6,2538,0,0
7042,1000,994,6,2538,0,0
7043,1000,994,6,2538,0,0
7044,1000,994,6,2538,0,0
7045,1000,994,6,2538,0,0
7046,1000,994,6,2538,0,0
7047,1000,995,5,2540,0,0
7048,1000,995,5,2540,0,0
7049,1000,995,5,2540,0,0
7050,1000,995,5,2540,0,0
7051,1000,995,5,2540,0,0
7052,1000,995,5,2540,0,0
7053,1000,995,5,2540,0,0
7054,1000,995,5,2540,0,0
7055,1000,995,5,2540,0,0
7056,1000,995,5,2540,0,0
7057,1000,995,5,2540,0,0
7058,1000,995,5,2540,0,0
7059,1000,995,5,2540,0,0
7060,1000,995,5,2540,0,0
7061,1000,995,5,2540,0,0
7062,1000,995,5,2540,0,0
7063,1000,995,5,2540,0,0
7064,1000,995,5,2540,0,0
7065,1000,995,5,2540,0,0
7066,1000,995,5,2540,0,0
7067,1000,995,5,2540,0,0
7068,1000,995,5,2540,0,0
7069,1000,995,5,2540,0,0
7070,1000,995,5,2540,0,0
7071,1000,995,5,2540,0,0
7072,1000,995,5,2540,0,0
7073,1000,995,5,2540,0,0
7074,1000,995,5,2540,0,0
7075,1000,995,5,2540,0,0
7076,1000,995,5,2540,0,0
7077,1000,995,5,2540,0,0
7078,1000,995,5,2540,0,0
7079,1000,995,5,2540,0,0
7080,1000,996,4,2542,0,0
7081,1000,996,4,2542,0,0
7082,1000,996,4,2542,0,0
7083,1000,996,4,2542,0,0
7084,1000,996,4,2542,0,0
7085,1000,996,4,2542,0,0
7086,1000,996,4,2542,0,0
7087,1000,996,4,2542,0,0
7088,1000,996,4,2542,0,0
7089,1000,996,4,2542,0,0
7090,1000,996,4,2542,0,0
7091,1000,996,4,2542,0,0
7092,1000,996,4,2542,0,0
7093,1000,996,4,2542,0,0
7094,1000,996,4,2542,0,0
7095,1000,996,4,2542,0,0
7096,1000,996,4,2542,0,0
7097,1000,996,4,2542,0,0
7098,1000,996,4,2542,0,0
7099,1000,996,4,2542,0,0
7100,1000,996,4,2542,0,0
7101,1000,996,4,2542,0,0
7102,1000,996,4,2542,0,0
7103,1000,996,4,2542,0,0
7104,1000,996,4,2542,0,0
7105,1000,996,4,2542,0,0
7106,1000,996,4,2542,0,0
7107,1000,996,4,2542,0,0
7108,1000,996,4,2542,0,0
7109,1000,996,4,2542,0,0
7110,1000,996,4,2542,0,0
7111,1000,996,4,2542,0,0
7112,1000,996,4,2542,0,0
7113,1000,996,4,2542,0,0
7114,1000,996,4,2542,0,0
7115,1000,996,4,2542,0,0
7116,1000,996,4,2542,0,0
7117,1000,996,4,2542,0,0
7118,1000,996,4,2542,0,0
7119,1000,996,4,2542,0,0
7120,1000,996,4,2542,0,0
7121,1000,996,4,2542,0,0
7122,1000,996,4,2542,0,0
7123,1000,996,4,2542,0,0
7124,1000,996,4,2542,0,0
7125,1000,996,4,2542,0,0
7126,1000,996,4,2542,0,0
7127,1000,996,4,2542,0,0
7128,1000,996,4,2542,0,0
7129,1000,996,4,2542,0,0
7130,1000,996,4,2542,0,0
7131,1000,996,4,2542,0,0
7132,1000,996,4,2542,0,0
7133,1000,996,4,2542,0,0
7134,1000,996,4,2542,0,0
7135,1000,996,4,2542,0,0
7136,1000,996,4,2542,0,0
7137,1000,996,4,2542,0,0
7138,1000,996,4,2542,0,0
7139,1000,996,4,2542,0,0
7140,1000,996,4,2542,0,0
7141,1000,996,4,2542,0,0
7142,1000,996,4,2542,0,0
7143,1000,996,4,2542,0,0
7144,1000,996,4,2542,0,0
7145,1000,996,4,2542,0,0
7146,1000,996,4,2542,0,0
7147,1000,996,4,2542,0,0
7148,1000,996,4,2542,0,0
7149,1000,996,4,2542,0,0
7150,1000,996,4,2542,0,0
7151,1000,996,4,2542,0,0
7152,1000,996,4,2542,0,0
7153,1000,996,4,2542,0,0
7154,1000,996,4,2542,0,0
7155,1000,996,4,2542,0,0
7156,1000,996,4,2542,0,0
7157,1000,996,4,2542,0,0
7158,1000,996,4,2542,0,0
7159,1000,996,4,2542,0,0
7160,1000,996,4,2542,0,0
7161,1000,996,4,2542,0,0
7162,1000,996,4,2542,0,0
7163,1000,996,4,2542,0,0
7164,1000,996,4,2542,0,0
7165,1000,996,4,2542,0,0
7166,1000,996,4,2542,0,0
7167,1000,996,4,2542,0,0
7168,1000,996,4,2542,0,0
7169,1000,996,4,2542,0,0
7170,1000,996,4,2542,0,0
7171,1000,996,4,2542,0,0
7172,1000,996,4,2542,0,0
7173,1000,996,4,2542,0,0
7174,1000,996,4,2542,0,0
7175,1000,996,4,2542,0,0
7176,1000,996,4,2542,0,0
7177,1000,996,4,2542,0,0
7178,1000,996,4,2542,0,0
7179,1000,996,4,2542,0,0
7180,1000,996,4,2542,0,0
7181,1000,996,4,2542,0,0
7182,1000,996,4,2542,0,0
7183,1000,996,4,2542,0,0
7184,1000,996,4,2542,0,0
7185,1000,996,4,2542,0,0
7186,1000,996,4,2542,0,0
7187,1000,996,4,2542,0,0
7188,1000,996,4,2542,0,0
7189,1000,996,4,2542,0,0
7190,1000,996,4,2542,0,0
7191,1000,996,4,2542,0,0
7192,1000,996,4,2542,0,0
7193,1000,996,4,2542,0,0
7194,1000,996,4,2542,0,0
7195,1000,996,4,2542,0,0
7196,1000,996,4,2542,0,0
7197,1000,996,4,2542,0,0
7198,1000,996,4,2542,0,0
7199,1000,996,4,2542,0,0
7200,1000,996,4,2542,0,0
7201,1000,996,4,2542,0,0
7202,1000,996,4,2542,0,0
7203,1000,996,4,2542,0,0
7204,1000,996,4,2542,0,0
7205,1000,996,4,2542,0,0
7206,1000,996,4,2542,0,0
7207,1000,996,4,2542,0,0
7208,1000,996,4,2542,0,0
7209,1000,996,4,2542,0,0
7210,1000,996,4,2542,0,0
7211,1000,996,4,2542,0,0
7212,1000,996,4,2542,0,0
7213,1000,996,4,2542,0,0
7214,1000,996,4,2542,0,0
7215,1000,996,4,2542,0,0
7216,1000,996,4,2542,0,0
7217,1000,996,4,2542,0,0
7218,1000,996,4,2542,0,0
7219,1000,996,4,2542,0,0
7220,1000,996,4,2542,0,0
7221,1000,996,4,2542,0,0
7222,1000,996,4,2542,0,0
7223,1000,996,4,2542,0,0
7224,1000,997,3,2543,0,0
7225,1000,997,3,2543,0,0
7226,1000,997,3,2543,0,0
7227,1000,997,3,2543,0,0
7228,1000,997,3,2543,0,0
7229,1000,998,2,2545,0,0
7230,1000,998,2,2545,0,0
7231,1000,998,2,2545,0,0
7232,1000,998,2,2545,0,0
7233,1000,999,1,2548,0,0
7234,1000,999,1,2548,0,0
7235,1000,999,1,2548,0,0
7236,1000,999,1,2548,0,0
7237,1000,999,1,2548,0,0
7238,1000,999,1,2548,0,0
7239,1000,999,1,2548,0,0
7240,1000,999,1,2548,0,0
7241,1000,999,1,2548,0,0
7242,1000,999,1,2548,0,0
7243,1000,999,1,2548,0,0
7244,1000,999,1,2548,0,0
7245,1000,999,1,2548,0,0
7246,1000,999,1,2548,0,0
7247,1000,999,1,2548,0,0
7248,1000,999,1,2548,0,0
7249,1000,999,1,2548,0,0
7250,1000,999,1,2548,0,0
7251,1000,999,1,2548,0,0
7252,1000,999,1,2548,0,0
7253,1000,999,1,2548,0,0
7254,1000,999,1,2548,0,0
7255,1000,999,1,2548,0,0
7256,1000,999,1,2548,0,0
7257,1000,999,1,2548,0,0
7258,1000,999,1,2548,0,0
7259,1000,999,1,2548,0,0
7260,1000,999,1,2548,0,0
7261,1000,999,1,2548,0,0
7262,1000,999,1,2548,0,0
7263,1000,999,1,2548,0,0
7264,1000,999,1,2548,0,0
7265,1000,999,1,2548,0,0
7266,1000,999,1,2548,0,0
7267,1000,999,1,2548,0,0
7268,1000,999,1,2548,0,0
7269,1000,999,1,2548,0,0
7270,1000,999,1,2548,0,0
7271,1000,999,1,2548,0,0
7272,1000,999,1,2548,0,0
7273,1000,999,1,2548,0,0
7274,1000,999,1,2548,0,0
7275,1000,999,1,2548,0,0
7276,1000,999,1,2548,0,0
7277,1000,999,1,2548,0,0
7278,1000,999,1,2548,0,0
7279,1000,999,1,2548,0,0
7280,1000,999,1,2548,0,0
7281,1000,999,1,2548,0,0
7282,1000,999,1,2548,0,0
7283,1000,999,1,2548,0,0
7284,1000,999,1,2548,0,0
7285,1000,999,1,2548,0,0
7286,1000,999,1,2548,0,0
7287,1000,999,1,2548,0,0
7288,1000,999,1,2548,0,0
7289,1000,999,1,2548,0,0
7290,1000,999,1,2548,0,0
7291,1000,999,1,2548,0,0
7292,1000,999,1,2548,0,0
7293,1000,999,1,2548,0,0
7294,1000,999,1,2548,0,0
7295,1000,999,1,2548,0,0
7296,1000,999,1,2548,0,0
7297,1000,999,1,2548,0,0
7298,1000,999,1,2548,0,0
7299,1000,999,1,2548,0,0
7300,1000,999,1,2548,0,0
7301,1000,999,1,2548,0,0
7302,1000,999,1,2548,0,0
7303,1000,999,1,2548,0,0
7304,1000,999,1,2548,0,0
7305,1000,999,1,2548,0,0
7306,1000,999,1,2548,0,0
7307,1000,999,1,2548,0,0
7308,1000,999,1,2548,0,0
7309,1000,999,1,2548,0,0
7310,1000,999,1,2548,0,0
7311,1000,999,1,2548,0,0
7312,1000,999,1,2548,0,0
7313,1000,999,1,2548,0,0
7314,1000,999,1,2548,0,0
7315,1000,999,1,2548,0,0
7316,1000,999,1,2548,0,0
7317,1000,999,1,2548,0,0
7318,1000,999,1,2548,0,0
7319,1000,999,1,2548,0,0
7320,1000,999,1,2548,0,0
7321,1000,999,1,2548,0,0
7322,1000,999,1,2548,0,0
7323,1000,999,1,2548,0,0
7324,1000,999,1,2548,0,0
7325,1000,999,1,2548,0,0
7326,1000,999,1,2548,0,0
7327,1000,999,1,2548,0,0
7328,1000,999,1,2548,0,0
7329,1000,999,1,2548,0,0
7330,1000,999,1,2548,0,0
7331,1000,999,1,2548,0,0
7332,1000,999,1,2548,0,0
7333,1000,999,1,2548,0,0
7334,1000,999,1,2548,0,0
7335,1000,999,1,2548,0,0
7336,1000,999,1,2548,0,0
7337,1000,999,1,2548,0,0
7338,1000,999,1,2548,0,0
7339,1000,999,1,2548,0,0
7340,1000,999,1,2548,0,0
7341,1000,999,1,2548,0,0
7342,1000,999,1,2548,0,0
7343,1000,999,1,2548,0,0
7344,1000,999,1,2548,0,0
7345,1000,999,1,2548,0,0
7346,1000,999,1,2548,0,0
7347,1000,999,1,2548,0,0
7348,1000,999,1,2548,0,0
7349,1000,999,1,2548,0,0
7350,1000,999,1,2548,0,0
7351,1000,999,1,2548,0,0
7352,1000,999,1,2548,0,0
7353,1000,999,1,2548,0,0
7354,1000,999,1,2548,0,0
7355,1000,999,1,2548,0,0
7356,1000,999,1,2548,0,0
7357,1000,999,1,2548,0,0
7358,1000,999,1,2548,0,0
7359,1000,999,1,2548,0,0
7360,1000,999,1,2548,0,0
7361,1000,999,1,2548,0,0
7362,1000,999,1,2548,0,0
7363,1000,999,1,2548,0,0
7364,1000,999,1,2548,0,0
7365,1000,999,1,2548,0,0
7366,1000,999,1,2548,0,0
7367,1000,999,1,2548,0,0
7368,1000,999,1,2548,0,0
7369,1000,999,1,2548,0,0
7370,1000,999,1,2548,0,0
7371,1000,999,1,2548,0,0
7372,1000,999,1,2548,0,0
7373,1000,999,1,2548,0,0
7374,1000,999,1,2548,0,0
7375,1000,999,1,2548,0,0
7376,1000,999,1,2548,0,0
7377,1000,999,1,2548,0,0
7378,1000,999,1,2548,0,0
7379,1000,999,1,2548,0,0
7380,1000,999,1,2548,0,0
7381,1000,1000,0,2551,0,0
