Time(s),Households left,People left,Total households responded, Total people responded,Total households reached car,Total people reached car,Total cars activated,Avg. walking dist.
0,1000,2551,0,0,0,0,0,0
1,1000,2551,0,0,0,0,0,0
2,1000,2551,0,0,0,0,0,0
3,1000,2551,0,0,0,0,0,0
4,1000,2551,0,0,0,0,0,0
5,1000,2551,0,0,0,0,0,0
6,1000,2551,0,0,0,0,0,0
7,1000,2551,1,4,0,0,0,0
8,1000,2551,1,4,0,0,0,0
9,1000,2551,1,4,0,0,0,0
10,1000,2551,1,4,0,0,0,0
11,1000,2551,1,4,0,0,0,0
12,1000,2551,1,4,0,0,0,0
13,1000,2551,2,7,0,0,0,0
14,1000,2551,2,7,0,0,0,0
15,1000,2551,2,7,0,0,0,0
16,1000,2551,2,7,0,0,0,0
17,1000,2551,2,7,0,0,0,0
18,1000,2551,2,7,0,0,0,0
19,1000,2551,2,7,0,0,0,0
20,1000,2551,2,7,0,0,0,0
21,1000,2551,2,7,0,0,0,0
22,1000,2551,2,7,0,0,0,0
23,1000,2551,2,7,0,0,0,0
24,1000,2551,3,10,0,0,0,0
25,1000,2551,3,10,0,0,0,0
26,1000,2551,3,10,0,0,0,0
27,1000,2551,3,10,0,0,0,0
28,1000,2551,4,13,0,0,0,0
29,1000,2551,4,13,0,0,0,0
30,1000,2551,4,13,0,0,0,0
31,1000,2551,4,13,0,0,0,0
32,1000,2551,4,13,0,0,0,0
33,1000,2551,4,13,0,0,0,0
34,1000,2551,4,13,0,0,0,0
35,1000,2551,4,13,0,0,0,0
36,1000,2551,5,15,0,0,0,0
37,1000,2551,5,15,0,0,0,0
38,1000,2551,6,17,0,0,0,0
39,1000,2551,6,17,0,0,0,0
40,1000,2551,6,17,0,0,0,0
41,1000,2551,6,17,0,0,0,0
42,1000,2551,6,17,0,0,0,0
43,1000,2551,6,17,0,0,0,0
44,1000,2551,6,17,0,0,0,0
45,1000,2551,6,17,0,0,0,0
46,1000,2551,6,17,0,0,0,0
47,999,2548,6,17,1,3,1,0
48,999,2548,6,17,1,3,1,27.01259
49,999,2548,6,17,1,3,1,27.01259
50,999,2548,6,17,1,3,1,27.01259
51,999,2548,6,17,1,3,1,27.01259
52,999,2548,6,17,1,3,1,27.01259
53,999,2548,6,17,1,3,1,27.01259
54,999,2548,6,17,1,3,1,27.01259
55,999,2548,6,17,1,3,1,27.01259
56,999,2548,6,17,1,3,1,27.01259
57,999,2548,6,17,1,3,1,27.01259
58,999,2548,6,17,1,3,1,27.01259
59,999,2548,6,17,1,3,1,27.01259
60,999,2548,6,17,1,3,1,27.01259
61,999,2548,6,17,1,3,1,27.01259
62,999,2548,6,17,1,3,1,27.01259
63,999,2548,6,17,1,3,1,27.01259
64,999,2548,6,17,1,3,1,27.01259
65,999,2548,6,17,1,3,1,27.01259
66,999,2548,6,17,1,3,1,27.01259
67,999,2548,6,17,1,3,1,27.01259
68,999,2548,6,17,1,3,1,27.01259
69,999,2548,6,17,1,3,1,27.01259
70,999,2548,7,20,1,3,1,27.01259
71,999,2548,7,20,1,3,1,27.01259
72,999,2548,7,20,1,3,1,27.01259
73,999,2548,7,20,1,3,1,27.01259
74,999,2548,7,20,1,3,1,27.01259
75,999,2548,7,20,1,3,1,27.01259
76,999,2548,7,20,1,3,1,27.01259
77,999,2548,7,20,1,3,1,27.01259
78,999,2548,7,20,1,3,1,27.01259
79,999,2548,7,20,1,3,1,27.01259
80,999,2548,7,20,1,3,1,27.01259
81,999,2548,7,20,1,3,1,27.01259
82,999,2548,8,21,1,3,1,27.01259
83,999,2548,9,22,1,3,1,27.01259
84,998,2546,9,22,2,5,2,27.01259
85,998,2546,9,22,2,5,2,37.19424
86,998,2546,10,24,2,5,2,37.19424
87,998,2546,10,24,2,5,2,37.19424
88,997,2543,10,24,3,8,3,37.19424
89,997,2543,10,24,3,8,3,42.7156
90,997,2543,10,24,3,8,3,42.7156
91,997,2543,10,24,3,8,3,42.7156
92,997,2543,10,24,3,8,3,42.7156
93,997,2543,10,24,3,8,3,42.7156
94,996,2539,10,24,4,12,4,42.7156
95,996,2539,10,24,4,12,4,48.88411
96,996,2539,10,24,4,12,4,48.88411
97,996,2539,10,24,4,12,4,48.88411
98,996,2539,10,24,4,12,4,48.88411
99,996,2539,10,24,4,12,4,48.88411
100,996,2539,11,26,4,12,4,48.88411
101,996,2539,11,26,4,12,4,48.88411
102,996,2539,11,26,4,12,4,48.88411
103,996,2539,11,26,4,12,4,48.88411
104,996,2539,11,26,4,12,4,48.88411
105,996,2539,11,26,4,12,4,48.88411
106,996,2539,11,26,4,12,4,48.88411
107,996,2539,11,26,4,12,4,48.88411
108,996,2539,11,26,4,12,4,48.88411
109,996,2539,12,27,4,12,4,48.88411
110,996,2539,12,27,4,12,4,48.88411
111,996,2539,12,27,4,12,4,48.88411
112,996,2539,12,27,4,12,4,48.88411
113,996,2539,12,27,4,12,4,48.88411
114,996,2539,13,28,4,12,4,48.88411
115,996,2539,13,28,4,12,4,48.88411
116,996,2539,14,29,4,12,4,48.88411
117,996,2539,14,29,4,12,4,48.88411
118,996,2539,14,29,4,12,4,48.88411
119,996,2539,14,29,4,12,4,48.88411
120,996,2539,14,29,4,12,4,48.88411
121,996,2539,14,29,4,12,4,48.88411
122,996,2539,14,29,4,12,4,48.88411
123,996,2539,16,32,4,12,4,48.88411
124,996,2539,16,32,4,12,4,48.88411
125,994,2536,16,32,6,15,6,48.88411
126,994,2536,16,32,6,15,6,51.74056
127,994,2536,16,32,6,15,6,51.74056
128,993,2533,16,32,7,18,7,51.74056
129,993,2533,16,32,7,18,7,50.45015
130,992,2530,16,32,8,21,8,50.45015
131,992,2530,16,32,8,21,8,53.14682
132,992,2530,17,34,8,21,8,53.14682
133,992,2530,17,34,8,21,8,53.14682
134,992,2530,17,34,8,21,8,53.14682
135,992,2530,17,34,8,21,8,53.14682
136,991,2528,17,34,9,23,9,53.14682
137,991,2528,17,34,9,23,9,51.85456
138,991,2528,18,35,9,23,9,51.85456
139,991,2528,18,35,9,23,9,51.85456
140,991,2528,18,35,9,23,9,51.85456
141,990,2526,18,35,10,25,10,51.85456
142,990,2526,18,35,10,25,10,50.63618
143,990,2526,18,35,10,25,10,50.63618
144,990,2526,18,35,10,25,10,50.63618
145,990,2526,18,35,10,25,10,50.63618
146,990,2526,18,35,10,25,10,50.63618
147,990,2526,18,35,10,25,10,50.63618
148,990,2526,18,35,10,25,10,50.63618
149,990,2526,18,35,10,25,10,50.63618
150,990,2526,18,35,10,25,10,50.63618
151,990,2526,18,35,10,25,10,50.63618
152,990,2526,18,35,10,25,10,50.63618
153,990,2526,18,35,10,25,10,50.63618
154,990,2526,18,35,10,25,10,50.63618
155,990,2526,19,39,10,25,10,50.63618
156,990,2526,19,39,10,25,10,50.63618
157,990,2526,19,39,10,25,10,50.63618
158,990,2526,19,39,10,25,10,50.63618
159,990,2526,19,39,10,25,10,50.63618
160,990,2526,19,39,10,25,10,50.63618
161,990,2526,19,39,10,25,10,50.63618
162,989,2525,19,39,11,26,11,50.63618
163,988,2524,19,39,12,27,12,50.1424
164,988,2524,19,39,12,27,12,47.87592
165,987,2523,19,39,13,28,13,47.87592
166,987,2523,19,39,13,28,13,47.67599
167,987,2523,20,44,13,28,13,47.67599
168,987,2523,20,44,13,28,13,47.67599
169,987,2523,20,44,13,28,13,47.67599
170,987,2523,20,44,13,28,13,47.67599
171,987,2523,20,44,13,28,13,47.67599
172,987,2523,21,45,13,28,13,47.67599
173,987,2523,21,45,13,28,13,47.67599
174,987,2523,21,45,13,28,13,47.67599
175,987,2523,21,45,13,28,13,47.67599
176,987,2523,21,45,13,28,13,47.67599
177,987,2523,21,45,13,28,13,47.67599
178,987,2523,21,45,13,28,13,47.67599
179,986,2521,21,45,14,30,14,47.67599
180,986,2521,21,45,14,30,14,47.29613
181,986,2521,21,45,14,30,14,47.29613
182,986,2521,21,45,14,30,14,47.29613
183,986,2521,22,49,14,30,14,47.29613
184,986,2521,22,49,14,30,14,47.29613
185,986,2521,23,50,14,30,14,47.29613
186,986,2521,23,50,14,30,14,47.29613
187,986,2521,23,50,14,30,14,47.29613
188,986,2521,23,50,14,30,14,47.29613
189,986,2521,23,50,14,30,14,47.29613
190,986,2521,23,50,14,30,14,47.29613
191,985,2519,23,50,15,32,15,47.29613
192,985,2519,23,50,15,32,15,48.00887
193,985,2519,23,50,15,32,15,48.00887
194,985,2519,23,50,15,32,15,48.00887
195,985,2519,23,50,15,32,15,48.00887
196,985,2519,23,50,15,32,15,48.00887
197,983,2513,23,50,17,38,17,48.00887
198,983,2513,23,50,17,38,17,47.70973
199,983,2513,24,52,17,38,17,47.70973
200,983,2513,25,55,17,38,17,47.70973
201,983,2513,25,55,17,38,17,47.70973
202,983,2513,25,55,17,38,17,47.70973
203,983,2513,26,57,17,38,17,47.70973
204,983,2513,26,57,17,38,17,47.70973
205,983,2513,27,58,17,38,17,47.70973
206,981,2508,27,58,19,43,19,47.70973
207,981,2508,27,58,19,43,19,50.36952
208,980,2507,27,58,20,44,20,50.36952
209,980,2507,27,58,20,44,20,49.23389
210,980,2507,27,58,20,44,20,49.23389
211,980,2507,28,60,20,44,20,49.23389
212,980,2507,28,60,20,44,20,49.23389
213,979,2505,28,60,21,46,21,49.23389
214,979,2505,28,60,21,46,21,47.26485
215,979,2505,28,60,21,46,21,47.26485
216,979,2505,28,60,21,46,21,47.26485
217,979,2505,28,60,21,46,21,47.26485
218,979,2505,28,60,21,46,21,47.26485
219,979,2505,28,60,21,46,21,47.26485
220,979,2505,28,60,21,46,21,47.26485
221,979,2505,28,60,21,46,21,47.26485
222,979,2505,28,60,21,46,21,47.26485
223,979,2505,28,60,21,46,21,47.26485
224,979,2505,28,60,21,46,21,47.26485
225,979,2505,28,60,21,46,21,47.26485
226,979,2505,28,60,21,46,21,47.26485
227,979,2505,28,60,21,46,21,47.26485
228,979,2505,28,60,21,46,21,47.26485
229,979,2505,29,62,21,46,21,47.26485
230,979,2505,30,66,21,46,21,47.26485
231,979,2505,30,66,21,46,21,47.26485
232,979,2505,30,66,21,46,21,47.26485
233,979,2505,30,66,21,46,21,47.26485
234,979,2505,30,66,21,46,21,47.26485
235,979,2505,30,66,21,46,21,47.26485
236,979,2505,30,66,21,46,21,47.26485
237,978,2503,30,66,22,48,22,47.26485
238,978,2503,30,66,22,48,22,46.77608
239,978,2503,30,66,22,48,22,46.77608
240,978,2503,30,66,22,48,22,46.77608
241,977,2499,31,67,23,52,23,46.77608
242,977,2499,31,67,23,52,23,46.93969
243,977,2499,31,67,23,52,23,46.93969
244,977,2499,32,68,23,52,23,46.93969
245,977,2499,32,68,23,52,23,46.93969
246,977,2499,32,68,23,52,23,46.93969
247,977,2499,32,68,23,52,23,46.93969
248,977,2499,33,70,23,52,23,46.93969
249,977,2499,33,70,23,52,23,46.93969
250,977,2499,33,70,23,52,23,46.93969
251,977,2499,33,70,23,52,23,46.93969
252,977,2499,33,70,23,52,23,46.93969
253,977,2499,33,70,23,52,23,46.93969
254,977,2499,33,70,23,52,23,46.93969
255,977,2499,33,70,23,52,23,46.93969
256,977,2499,33,70,23,52,23,46.93969
257,977,2499,33,70,23,52,23,46.93969
258,977,2499,33,70,23,52,23,46.93969
259,977,2499,33,70,23,52,23,46.93969
260,977,2499,33,70,23,52,23,46.93969
261,976,2497,33,70,24,54,24,46.93969
262,976,2497,33,70,24,54,24,46.07911
263,976,2497,33,70,24,54,24,46.07911
264,976,2497,33,70,24,54,24,46.07911
265,976,2497,33,70,24,54,24,46.07911
266,976,2497,33,70,24,54,24,46.07911
267,975,2496,33,70,25,55,25,46.07911
268,975,2496,33,70,25,55,25,46.4193
269,974,2495,33,70,26,56,26,46.4193
270,974,2495,33,70,26,56,26,48.93188
271,973,2494,33,70,27,57,27,48.93188
272,973,2494,33,70,27,57,27,48.12047
273,973,2494,33,70,27,57,27,48.12047
274,973,2494,33,70,27,57,27,48.12047
275,973,2494,33,70,27,57,27,48.12047
276,973,2494,33,70,27,57,27,48.12047
277,973,2494,33,70,27,57,27,48.12047
278,973,2494,35,75,27,57,27,48.12047
279,972,2491,35,75,28,60,28,48.12047
280,972,2491,35,75,28,60,28,48.61142
281,972,2491,35,75,28,60,28,48.61142
282,972,2491,35,75,28,60,28,48.61142
283,972,2491,35,75,28,60,28,48.61142
284,971,2487,35,75,29,64,29,48.61142
285,971,2487,35,75,29,64,29,48.41042
286,971,2487,35,75,29,64,29,48.41042
287,971,2487,35,75,29,64,29,48.41042
288,971,2487,35,75,29,64,29,48.41042
289,971,2487,35,75,29,64,29,48.41042
290,971,2487,35,75,29,64,29,48.41042
291,971,2487,35,75,29,64,29,48.41042
292,971,2487,35,75,29,64,29,48.41042
293,970,2486,35,75,30,65,30,48.41042
294,970,2486,35,75,30,65,30,49.39614
295,970,2486,35,75,30,65,30,49.39614
296,970,2486,35,75,30,65,30,49.39614
297,970,2486,35,75,30,65,30,49.39614
298,970,2486,35,75,30,65,30,49.39614
299,970,2486,35,75,30,65,30,49.39614
300,970,2486,35,75,30,65,30,49.39614
301,970,2486,37,81,30,65,30,49.39614
302,970,2486,39,87,30,65,30,49.39614
303,970,2486,40,91,30,65,30,49.39614
304,970,2486,40,91,30,65,30,49.39614
305,970,2486,41,93,30,65,30,49.39614
306,970,2486,41,93,30,65,30,49.39614
307,970,2486,43,97,30,65,30,49.39614
308,970,2486,45,102,30,65,30,49.39614
309,970,2486,48,108,30,65,30,49.39614
310,970,2486,49,111,30,65,30,49.39614
311,970,2486,50,116,30,65,30,49.39614
312,970,2486,50,116,30,65,30,49.39614
313,970,2486,51,119,30,65,30,49.39614
314,969,2484,54,125,31,67,31,49.39614
315,968,2482,54,125,32,69,32,49.62276
316,968,2482,55,128,32,69,32,51.02908
317,967,2480,56,132,33,71,33,51.02908
318,967,2480,56,132,33,71,33,49.76363
319,967,2480,57,133,33,71,33,49.76363
320,967,2480,57,133,33,71,33,49.76363
321,967,2480,57,133,33,71,33,49.76363
322,967,2480,57,133,33,71,33,49.76363
323,967,2480,58,137,33,71,33,49.76363
324,966,2476,59,141,34,75,34,49.76363
325,966,2476,60,143,34,75,34,48.85883
326,966,2476,61,145,34,75,34,48.85883
327,965,2475,64,157,35,76,35,48.85883
328,965,2475,65,162,35,76,35,48.77737
329,964,2471,65,162,36,80,36,48.77737
330,962,2466,66,163,38,85,38,48.8265
331,962,2466,67,164,38,85,38,47.20378
332,962,2466,68,166,38,85,38,47.20378
333,961,2463,70,170,39,88,39,47.20378
334,960,2461,72,175,40,90,40,46.58294
335,960,2461,72,175,40,90,40,45.90305
336,960,2461,73,179,40,90,40,45.90305
337,960,2461,73,179,40,90,40,45.90305
338,960,2461,73,179,40,90,40,45.90305
339,960,2461,75,184,40,90,40,45.90305
340,959,2460,75,184,41,91,41,45.90305
341,958,2458,75,184,42,93,42,46.85255
342,958,2458,77,187,42,93,42,46.46071
343,958,2458,80,198,42,93,42,46.46071
344,957,2453,81,203,43,98,43,46.46071
345,956,2451,81,203,44,100,44,45.39264
346,956,2451,82,204,44,100,44,45.15152
347,956,2451,83,206,44,100,44,45.15152
348,956,2451,83,206,44,100,44,45.15152
349,955,2447,85,209,45,104,45,45.15152
350,954,2443,86,210,46,108,46,44.68375
351,953,2441,86,210,47,110,47,44.59756
352,953,2441,87,212,47,110,47,44.41181
353,952,2438,88,216,48,113,48,44.41181
354,952,2438,88,216,48,113,48,44.02082
355,950,2431,89,218,50,120,50,44.02082
356,950,2431,89,218,50,120,50,43.17322
357,950,2431,89,218,50,120,50,43.17322
358,950,2431,89,218,50,120,50,43.17322
359,950,2431,94,235,50,120,50,43.17322
360,950,2431,94,235,50,120,50,43.17322
361,950,2431,95,240,50,120,50,43.17322
362,949,2429,95,240,51,122,51,43.17322
363,948,2427,96,241,52,124,52,42.9761
364,948,2427,96,241,52,124,52,42.54147
365,947,2422,97,243,53,129,53,42.54147
366,947,2422,97,243,53,129,53,42.43574
367,947,2422,97,243,53,129,53,42.43574
368,947,2422,97,243,53,129,53,42.43574
369,947,2422,98,246,53,129,53,42.43574
370,946,2421,99,248,54,130,54,42.43574
371,944,2418,99,248,56,133,56,42.18608
372,944,2418,100,250,56,133,56,42.16634
373,944,2418,100,250,56,133,56,42.16634
374,943,2416,100,250,57,135,57,42.16634
375,942,2413,100,250,58,138,58,42.0367
376,942,2413,100,250,58,138,58,42.13579
377,941,2409,102,254,59,142,59,42.13579
378,940,2406,102,254,60,145,60,42.05088
379,940,2406,103,255,60,145,60,41.65949
380,938,2401,103,255,62,150,62,41.65949
381,937,2400,104,258,63,151,63,41.24064
382,935,2394,105,259,65,157,65,40.9801
383,934,2393,105,259,66,158,66,40.40214
384,934,2393,105,259,66,158,66,40.58966
385,933,2390,105,259,67,161,67,40.58966
386,933,2390,106,263,67,161,67,40.95703
387,933,2390,106,263,67,161,67,40.95703
388,932,2389,107,267,68,162,68,40.95703
389,932,2389,108,269,68,162,68,41.39729
390,932,2389,108,269,68,162,68,41.39729
391,931,2384,109,271,69,167,69,41.39729
392,930,2383,109,271,70,168,70,41.68595
393,929,2379,112,278,71,172,71,41.74318
394,927,2374,112,278,73,177,73,41.88137
395,927,2374,112,278,73,177,73,41.89267
396,926,2372,112,278,74,179,74,41.89267
397,924,2368,115,287,76,183,76,41.97396
398,924,2368,115,287,76,183,76,41.80689
399,923,2364,116,291,77,187,77,41.80689
400,923,2364,116,291,77,187,77,42.15015
401,923,2364,118,298,77,187,77,42.15015
402,922,2363,119,303,78,188,78,42.15015
403,919,2355,120,304,81,196,81,42.30732
404,919,2355,121,305,81,196,81,42.32243
405,919,2355,121,305,81,196,81,42.32243
406,918,2354,123,311,82,197,82,42.32243
407,918,2354,125,315,82,197,82,42.87094
408,917,2353,125,315,83,198,83,42.87094
409,915,2349,125,315,85,202,85,43.05704
410,913,2345,125,315,87,206,87,43.0926
411,913,2345,127,318,87,206,87,43.57595
412,912,2344,128,320,88,207,88,43.57595
413,911,2342,129,321,89,209,89,43.39243
414,911,2342,130,324,89,209,89,43.3212
415,910,2341,130,324,90,210,90,43.3212
416,910,2341,132,329,90,210,90,43.6218
417,909,2336,133,330,91,215,91,43.6218
418,907,2327,134,334,93,224,93,43.3146
419,906,2325,134,334,94,226,94,44.16838
420,906,2325,134,334,94,226,94,44.09872
421,905,2324,134,334,95,227,95,44.09872
422,904,2322,134,334,96,229,96,44.47978
423,904,2322,135,335,96,229,96,44.47151
424,901,2311,140,346,99,240,99,44.47151
425,901,2311,140,346,99,240,99,45.54327
426,900,2308,140,346,100,243,100,45.54327
427,900,2308,142,349,100,243,100,45.29293
428,900,2308,143,352,100,243,100,45.29293
429,900,2308,143,352,100,243,100,45.29293
430,900,2308,143,352,100,243,100,45.29293
431,900,2308,144,356,100,243,100,45.29293
432,900,2308,145,360,100,243,100,45.29293
433,900,2308,145,360,100,243,100,45.29293
434,899,2305,145,360,101,246,101,45.29293
435,899,2305,146,364,101,246,101,45.21095
436,898,2300,148,367,102,251,102,45.21095
437,896,2295,150,371,104,256,104,45.46141
438,896,2295,151,372,104,256,104,45.13141
439,893,2289,152,373,107,262,107,45.13141
440,893,2289,153,374,107,262,107,44.68885
441,893,2289,154,378,107,262,107,44.68885
442,893,2289,156,386,107,262,107,44.68885
443,892,2285,156,386,108,266,108,44.68885
444,892,2285,158,390,108,266,108,44.75249
445,891,2280,158,390,109,271,109,44.75249
446,891,2280,159,394,109,271,109,45.02108
447,890,2276,159,394,110,275,110,45.02108
448,889,2274,159,394,111,277,111,44.71449
449,889,2274,159,394,111,277,111,44.78145
450,889,2274,159,394,111,277,111,44.78145
451,888,2271,159,394,112,280,112,44.78145
452,887,2269,159,394,113,282,113,44.58479
453,887,2269,159,394,113,282,113,44.53294
454,886,2265,160,395,114,286,114,44.53294
455,886,2265,161,399,114,286,114,44.45579
456,885,2261,161,399,115,290,115,44.45579
457,883,2255,162,400,117,296,117,44.42788
458,882,2251,162,400,118,300,118,44.8238
459,881,2246,164,406,119,305,119,45.47027
460,880,2242,165,410,120,309,120,45.42198
461,880,2242,165,410,120,309,120,45.30394
462,879,2238,165,410,121,313,121,45.30394
463,878,2236,165,410,122,315,122,45.3959
464,876,2234,166,412,124,317,124,45.39043
465,874,2227,166,412,126,324,126,45.6279
466,871,2221,166,412,129,330,129,45.54444
467,870,2220,166,412,130,331,130,45.34135
468,870,2220,166,412,130,331,130,45.23668
469,870,2220,168,418,130,331,130,45.23668
470,869,2218,170,423,131,333,131,45.23668
471,868,2217,170,423,132,334,132,45.11795
472,867,2213,171,428,133,338,133,45.12721
473,867,2213,173,435,133,338,133,45.63343
474,867,2213,173,435,133,338,133,45.63343
475,867,2213,173,435,133,338,133,45.63343
476,867,2213,173,435,133,338,133,45.63343
477,867,2213,173,435,133,338,133,45.63343
478,865,2209,175,438,135,342,135,45.63343
479,865,2209,176,442,135,342,135,45.73145
480,863,2206,178,447,137,345,137,45.73145
481,863,2206,179,448,137,345,137,45.96665
482,862,2205,179,448,138,346,138,45.96665
483,859,2197,179,448,141,354,141,45.76491
484,859,2197,182,456,141,354,141,45.61235
485,858,2196,182,456,142,355,142,45.61235
486,858,2196,182,456,142,355,142,45.7466
487,858,2196,182,456,142,355,142,45.7466
488,857,2195,184,459,143,356,143,45.7466
489,857,2195,185,461,143,356,143,45.70174
490,857,2195,188,468,143,356,143,45.70174
491,856,2191,190,473,144,360,144,45.70174
492,854,2189,190,473,146,362,146,45.86745
493,854,2189,191,476,146,362,146,45.86925
494,853,2187,192,478,147,364,147,45.86925
495,853,2187,193,481,147,364,147,45.68811
496,853,2187,195,487,147,364,147,45.68811
497,852,2183,196,489,148,368,148,45.68811
498,852,2183,198,494,148,368,148,45.69448
499,851,2181,199,495,149,370,149,45.69448
500,850,2178,201,500,150,373,150,45.49029
501,850,2178,201,500,150,373,150,45.52577
502,850,2178,203,504,150,373,150,45.52577
503,847,2173,204,509,153,378,153,45.52577
504,847,2173,204,509,153,378,153,45.78734
505,847,2173,206,515,153,378,153,45.78734
506,847,2173,206,515,153,378,153,45.78734
507,846,2170,206,515,154,381,154,45.78734
508,846,2170,206,515,154,381,154,45.69127
509,845,2169,207,516,155,382,155,45.69127
510,845,2169,208,518,155,382,155,45.73795
511,843,2164,209,519,157,387,157,45.73795
512,842,2160,210,523,158,391,158,45.90611
513,841,2156,210,523,159,395,159,45.68159
514,841,2156,210,523,159,395,159,45.61718
515,840,2152,210,523,160,399,160,45.61718
516,840,2152,211,524,160,399,160,45.69542
517,840,2152,212,526,160,399,160,45.69542
518,840,2152,212,526,160,399,160,45.69542
519,838,2149,212,526,162,402,162,45.69542
520,838,2149,212,526,162,402,162,45.43571
521,834,2140,213,530,166,411,166,45.43571
522,832,2136,213,530,168,415,168,45.74379
523,832,2136,213,530,168,415,168,46.15754
524,832,2136,214,532,168,415,168,46.15754
525,830,2134,214,532,170,417,170,46.15754
526,829,2129,214,532,171,422,171,46.3969
527,828,2126,214,532,172,425,172,46.41582
528,826,2118,215,533,174,433,174,46.28286
529,825,2115,215,533,175,436,175,46.45285
530,824,2111,216,535,176,440,176,46.35835
531,824,2111,218,539,176,440,176,46.27634
532,824,2111,218,539,176,440,176,46.27634
533,823,2110,218,539,177,441,177,46.27634
534,821,2105,218,539,179,446,179,46.59466
535,819,2099,218,539,181,452,181,46.46035
536,818,2095,219,542,182,456,182,46.27676
537,817,2093,220,544,183,458,183,46.48798
538,817,2093,221,545,183,458,183,46.33849
539,816,2091,222,547,184,460,184,46.33849
540,815,2090,222,547,185,461,185,46.33683
541,815,2090,222,547,185,461,185,46.29163
542,814,2086,222,547,186,465,186,46.29163
543,814,2086,223,551,186,465,186,46.31262
544,811,2081,224,555,189,470,189,46.31262
545,810,2079,224,555,190,472,190,46.27316
546,809,2077,224,555,191,474,191,46.34467
547,808,2074,227,560,192,477,192,46.29469
548,806,2069,227,560,194,482,194,46.31456
549,804,2064,228,561,196,487,196,46.40953
550,804,2064,229,566,196,487,196,46.27571
551,803,2063,229,566,197,488,197,46.27571
552,803,2063,231,574,197,488,197,46.23352
553,803,2063,232,575,197,488,197,46.23352
554,803,2063,232,575,197,488,197,46.23352
555,803,2063,232,575,197,488,197,46.23352
556,801,2058,232,575,199,493,199,46.23352
557,800,2054,233,576,200,497,200,46.36388
558,799,2053,234,577,201,498,201,46.34108
559,799,2053,237,580,201,498,201,46.37162
560,798,2051,238,585,202,500,202,46.37162
561,797,2049,239,586,203,502,203,46.47596
562,797,2049,239,586,203,502,203,46.52379
563,796,2047,241,589,204,504,204,46.52379
564,793,2038,241,589,207,513,207,46.59433
565,793,2038,241,589,207,513,207,46.7957
566,793,2038,244,600,207,513,207,46.7957
567,793,2038,245,601,207,513,207,46.7957
568,791,2036,245,601,209,515,209,46.7957
569,790,2034,248,607,210,517,210,46.86226
570,789,2030,248,607,211,521,211,46.84885
571,789,2030,248,607,211,521,211,46.99272
572,789,2030,249,609,211,521,211,46.99272
573,789,2030,251,612,211,521,211,46.99272
574,789,2030,253,615,211,521,211,46.99272
575,788,2025,253,615,212,526,212,46.99272
576,788,2025,253,615,212,526,212,47.01695
577,788,2025,254,616,212,526,212,47.01695
578,788,2025,255,617,212,526,212,47.01695
579,787,2020,256,620,213,531,213,47.01695
580,787,2020,257,624,213,531,213,46.88163
581,787,2020,258,625,213,531,213,46.88163
582,787,2020,258,625,213,531,213,46.88163
583,787,2020,260,629,213,531,213,46.88163
584,786,2018,261,632,214,533,214,46.88163
585,786,2018,262,634,214,533,214,47.11647
586,786,2018,263,635,214,533,214,47.11647
587,786,2018,264,637,214,533,214,47.11647
588,785,2017,265,640,215,534,215,47.11647
589,784,2014,266,642,216,537,216,47.19415
590,783,2012,266,642,217,539,217,47.18481
591,782,2010,268,645,218,541,218,47.04586
592,780,2002,270,650,220,549,220,47.0479
593,780,2002,270,650,220,549,220,46.86823
594,778,1996,270,650,222,555,222,46.86823
595,778,1996,272,655,222,555,222,47.02003
596,778,1996,272,655,222,555,222,47.02003
597,777,1995,273,660,223,556,223,47.02003
598,777,1995,273,660,223,556,223,47.06608
599,777,1995,273,660,223,556,223,47.06608
600,776,1993,273,660,224,558,224,47.06608
601,775,1990,273,660,225,561,225,46.95899
602,773,1986,274,661,227,565,227,47.2028
603,773,1986,274,661,227,565,227,47.30343
604,771,1980,274,661,229,571,229,47.30343
605,769,1977,275,664,231,574,231,47.102
606,769,1977,275,664,231,574,231,46.94826
607,767,1975,276,668,233,576,233,46.94826
608,767,1975,278,677,233,576,233,46.8617
609,767,1975,279,678,233,576,233,46.8617
610,764,1965,281,680,236,586,236,46.8617
611,763,1964,283,684,237,587,237,46.80478
612,763,1964,283,684,237,587,237,46.79305
613,761,1959,283,684,239,592,239,46.79305
614,761,1959,285,688,239,592,239,46.7038
615,760,1958,285,688,240,593,240,46.7038
616,759,1957,286,689,241,594,241,46.73189
617,759,1957,287,693,241,594,241,46.60787
618,759,1957,287,693,241,594,241,46.60787
619,758,1956,287,693,242,595,242,46.60787
620,758,1956,290,702,242,595,242,46.56813
621,757,1952,291,704,243,599,243,46.56813
622,757,1952,291,704,243,599,243,46.5221
623,757,1952,291,704,243,599,243,46.5221
624,757,1952,291,704,243,599,243,46.5221
625,756,1950,291,704,244,601,244,46.5221
626,756,1950,292,709,244,601,244,46.53957
627,755,1947,292,709,245,604,245,46.53957
628,755,1947,292,709,245,604,245,46.45889
629,755,1947,294,714,245,604,245,46.45889
630,755,1947,294,714,245,604,245,46.45889
631,753,1943,295,715,247,608,247,46.45889
632,752,1942,295,715,248,609,248,46.431
633,750,1940,296,717,250,611,250,46.46207
634,750,1940,296,717,250,611,250,46.61312
635,749,1936,298,723,251,615,251,46.61312
636,748,1935,299,728,252,616,252,46.76282
637,748,1935,300,731,252,616,252,46.67203
638,747,1934,300,731,253,617,253,46.67203
639,747,1934,300,731,253,617,253,46.71584
640,746,1930,302,740,254,621,254,46.71584
641,746,1930,302,740,254,621,254,46.65839
642,744,1927,304,749,256,624,256,46.65839
643,743,1926,306,753,257,625,257,46.90903
644,742,1923,306,753,258,628,258,46.8181
645,739,1915,306,753,261,636,261,46.75606
646,738,1914,307,758,262,637,262,46.84813
647,738,1914,308,761,262,637,262,46.8792
648,738,1914,309,762,262,637,262,46.8792
649,737,1911,313,772,263,640,263,46.8792
650,736,1910,313,772,264,641,264,46.88506
651,736,1910,313,772,264,641,264,46.98426
652,735,1908,314,776,265,643,265,46.98426
653,735,1908,315,777,265,643,265,47.04884
654,735,1908,315,777,265,643,265,47.04884
655,734,1906,315,777,266,645,266,47.04884
656,734,1906,318,782,266,645,266,47.17795
657,732,1900,318,782,268,651,268,47.17795
658,732,1900,319,787,268,651,268,47.1706
659,730,1895,321,789,270,656,270,47.1706
660,730,1895,321,789,270,656,270,47.05708
661,730,1895,321,789,270,656,270,47.05708
662,730,1895,323,795,270,656,270,47.05708
663,729,1890,323,795,271,661,271,47.05708
664,729,1890,323,795,271,661,271,46.96211
665,729,1890,324,797,271,661,271,46.96211
666,729,1890,325,800,271,661,271,46.96211
667,728,1889,325,800,272,662,272,46.96211
668,727,1884,327,806,273,667,273,46.85741
669,725,1877,328,807,275,674,275,47.02154
670,722,1870,328,807,278,681,278,46.82845
671,722,1870,330,815,278,681,278,47.03115
672,720,1866,331,816,280,685,280,47.03115
673,720,1866,332,817,280,685,280,47.19009
674,719,1865,334,822,281,686,281,47.19009
675,719,1865,334,822,281,686,281,47.16824
676,716,1857,335,827,284,694,284,47.16824
677,716,1857,336,828,284,694,284,47.50698
678,715,1856,337,831,285,695,285,47.50698
679,715,1856,337,831,285,695,285,47.50692
680,714,1854,338,835,286,697,286,47.50692
681,713,1852,338,835,287,699,287,47.50213
682,712,1847,339,839,288,704,288,47.39861
683,712,1847,341,845,288,704,288,47.30968
684,711,1846,342,846,289,705,289,47.30968
685,711,1846,342,846,289,705,289,47.21496
686,710,1845,342,846,290,706,290,47.21496
687,709,1844,342,846,291,707,291,47.30921
688,709,1844,344,851,291,707,291,47.40872
689,705,1834,345,855,295,717,295,47.40872
690,705,1834,348,862,295,717,295,47.0057
691,703,1830,348,862,297,721,297,47.0057
692,702,1829,348,862,298,722,298,46.96968
693,700,1826,348,862,300,725,300,47.08356
694,700,1826,349,863,300,725,300,46.97737
695,700,1826,352,873,300,725,300,46.97737
696,699,1823,354,881,301,728,301,46.97737
697,699,1823,354,881,301,728,301,46.94102
698,699,1823,355,885,301,728,301,46.94102
699,699,1823,355,885,301,728,301,46.94102
700,697,1817,356,887,303,734,303,46.94102
701,697,1817,356,887,303,734,303,47.09398
702,697,1817,357,888,303,734,303,47.09398
703,696,1813,358,891,304,738,304,47.09398
704,695,1811,358,891,305,740,305,47.04978
705,694,1809,359,894,306,742,306,47.00049
706,693,1805,359,894,307,746,307,47.20591
707,691,1799,359,894,309,752,309,47.28682
708,691,1799,360,898,309,752,309,47.4956
709,691,1799,360,898,309,752,309,47.4956
710,691,1799,362,901,309,752,309,47.4956
711,691,1799,363,903,309,752,309,47.4956
712,691,1799,363,903,309,752,309,47.4956
713,691,1799,363,903,309,752,309,47.4956
714,691,1799,365,912,309,752,309,47.4956
715,691,1799,366,917,309,752,309,47.4956
716,691,1799,367,919,309,752,309,47.4956
717,690,1795,367,919,310,756,310,47.4956
718,689,1794,368,921,311,757,311,47.60858
719,687,1788,368,921,313,763,313,47.65321
720,686,1787,371,930,314,764,314,47.65364
721,683,1780,372,932,317,771,317,47.71935
722,683,1780,372,932,317,771,317,47.96096
723,683,1780,372,932,317,771,317,47.96096
724,682,1776,372,932,318,775,318,47.96096
725,681,1775,373,933,319,776,319,47.96903
726,680,1770,374,935,320,781,320,47.98773
727,680,1770,378,948,320,781,320,48.08828
728,680,1770,378,948,320,781,320,48.08828
729,680,1770,379,949,320,781,320,48.08828
730,679,1766,381,952,321,785,321,48.08828
731,676,1757,383,955,324,794,324,48.08726
732,674,1749,384,957,326,802,326,48.01762
733,674,1749,385,962,326,802,326,47.95317
734,674,1749,385,962,326,802,326,47.95317
735,671,1737,386,967,329,814,329,47.95317
736,670,1732,386,967,330,819,330,48.19535
737,670,1732,386,967,330,819,330,48.09372
738,669,1730,387,970,331,821,331,48.09372
739,669,1730,388,971,331,821,331,48.00665
740,669,1730,389,976,331,821,331,48.00665
741,668,1729,390,981,332,822,332,48.00665
742,668,1729,390,981,332,822,332,48.04863
743,668,1729,391,984,332,822,332,48.04863
744,667,1725,391,984,333,826,333,48.04863
745,665,1719,392,985,335,832,335,48.1087
746,664,1717,393,988,336,834,336,48.14257
747,661,1709,393,988,339,842,339,48.12645
748,661,1709,396,994,339,842,339,48.16241
749,661,1709,397,995,339,842,339,48.16241
750,660,1705,398,996,340,846,340,48.16241
751,659,1703,398,996,341,848,341,48.12189
752,659,1703,398,996,341,848,341,48.12731
753,657,1701,399,1001,343,850,343,48.12731
754,657,1701,400,1003,343,850,343,48.41431
755,655,1692,401,1006,345,859,345,48.41431
756,653,1687,401,1006,347,864,347,48.42907
757,653,1687,402,1011,347,864,347,48.56599
758,650,1680,403,1013,350,871,350,48.56599
759,650,1680,403,1013,350,871,350,48.64347
760,648,1671,403,1013,352,880,352,48.64347
761,646,1665,405,1019,354,886,354,48.62067
762,646,1665,406,1020,354,886,354,48.56182
763,645,1660,406,1020,355,891,355,48.56182
764,644,1657,406,1020,356,894,356,48.47374
765,642,1653,407,1025,358,898,358,48.46215
766,642,1653,407,1025,358,898,358,48.50113
767,640,1648,408,1026,360,903,360,48.50113
768,640,1648,409,1028,360,903,360,48.51752
769,640,1648,410,1029,360,903,360,48.51752
770,640,1648,410,1029,360,903,360,48.51752
771,639,1646,410,1029,361,905,361,48.51752
772,637,1636,410,1029,363,915,363,48.52017
773,635,1631,412,1039,365,920,365,48.57951
774,632,1621,413,1043,368,930,368,48.68773
775,632,1621,415,1046,368,930,368,48.99538
776,632,1621,415,1046,368,930,368,48.99538
777,632,1621,415,1046,368,930,368,48.99538
778,631,1619,417,1051,369,932,369,48.99538
779,629,1613,417,1051,371,938,371,48.91429
780,629,1613,418,1056,371,938,371,48.83682
781,629,1613,418,1056,371,938,371,48.83682
782,629,1613,418,1056,371,938,371,48.83682
783,627,1606,418,1056,373,945,373,48.83682
784,627,1606,420,1063,373,945,373,48.80927
785,626,1605,422,1068,374,946,374,48.80927
786,626,1605,424,1070,374,946,374,48.8821
787,624,1600,424,1070,376,951,376,48.8821
788,622,1598,424,1070,378,953,378,49.05914
789,621,1593,425,1075,379,958,379,49.109
790,621,1593,425,1075,379,958,379,49.08761
791,620,1590,426,1077,380,961,380,49.08761
792,619,1588,426,1077,381,963,381,49.08287
793,619,1588,427,1080,381,963,381,49.10999
794,619,1588,427,1080,381,963,381,49.10999
795,619,1588,427,1080,381,963,381,49.10999
796,618,1586,427,1080,382,965,382,49.10999
797,618,1586,428,1081,382,965,382,49.10358
798,618,1586,428,1081,382,965,382,49.10358
799,618,1586,430,1088,382,965,382,49.10358
800,617,1585,430,1088,383,966,383,49.10358
801,616,1584,431,1090,384,967,384,49.07166
802,614,1577,432,1091,386,974,386,49.00404
803,613,1574,434,1097,387,977,387,49.0931
804,611,1564,435,1102,389,987,389,49.17049
805,611,1564,436,1104,389,987,389,49.10542
806,611,1564,440,1112,389,987,389,49.10542
807,611,1564,441,1114,389,987,389,49.10542
808,611,1564,443,1118,389,987,389,49.10542
809,611,1564,443,1118,389,987,389,49.10542
810,611,1564,443,1118,389,987,389,49.10542
811,610,1563,443,1118,390,988,390,49.10542
812,609,1562,445,1124,391,989,391,49.11757
813,606,1558,445,1124,394,993,394,49.2268
814,606,1558,446,1127,394,993,394,49.28465
815,603,1548,447,1130,397,1003,397,49.28465
816,601,1546,448,1132,399,1005,399,49.4055
817,601,1546,449,1136,399,1005,399,49.41863
818,601,1546,451,1141,399,1005,399,49.41863
819,601,1546,452,1143,399,1005,399,49.41863
820,601,1546,452,1143,399,1005,399,49.41863
821,600,1543,453,1148,400,1008,400,49.41863
822,599,1538,453,1148,401,1013,401,49.33534
823,598,1533,454,1151,402,1018,402,49.3519
824,598,1533,454,1151,402,1018,402,49.35071
825,598,1533,455,1154,402,1018,402,49.35071
826,597,1531,455,1154,403,1020,403,49.35071
827,597,1531,456,1157,403,1020,403,49.30546
828,597,1531,456,1157,403,1020,403,49.30546
829,597,1531,456,1157,403,1020,403,49.30546
830,595,1529,456,1157,405,1022,405,49.30546
831,594,1527,457,1158,406,1024,406,49.48653
832,593,1525,457,1158,407,1026,407,49.48665
833,591,1518,459,1163,409,1033,409,49.42773
834,590,1514,460,1167,410,1037,410,49.46642
835,589,1511,460,1167,411,1040,411,49.3777
836,587,1506,460,1167,413,1045,413,49.27924
837,586,1504,460,1167,414,1047,414,49.51665
838,583,1493,460,1167,417,1058,417,49.46076
839,583,1493,460,1167,417,1058,417,49.41991
840,582,1491,460,1167,418,1060,418,49.41991
841,582,1491,460,1167,418,1060,418,49.36819
842,580,1485,461,1171,420,1066,420,49.36819
843,577,1475,461,1171,423,1076,423,49.32493
844,577,1475,461,1171,423,1076,423,49.2371
845,577,1475,461,1171,423,1076,423,49.2371
846,576,1471,463,1177,424,1080,424,49.2371
847,576,1471,463,1177,424,1080,424,49.2868
848,576,1471,464,1178,424,1080,424,49.2868
849,575,1469,464,1178,425,1082,425,49.2868
850,575,1469,465,1181,425,1082,425,49.30803
851,574,1468,465,1181,426,1083,426,49.30803
852,574,1468,465,1181,426,1083,426,49.40944
853,573,1466,466,1182,427,1085,427,49.40944
854,572,1464,467,1184,428,1087,428,49.40816
855,571,1460,467,1184,429,1091,429,49.3822
856,571,1460,468,1185,429,1091,429,49.31495
857,571,1460,468,1185,429,1091,429,49.31495
858,571,1460,468,1185,429,1091,429,49.31495
859,570,1457,468,1185,430,1094,430,49.31495
860,570,1457,468,1185,430,1094,430,49.27544
861,568,1454,469,1190,432,1097,432,49.27544
862,568,1454,470,1192,432,1097,432,49.46953
863,568,1454,470,1192,432,1097,432,49.46953
864,567,1449,471,1193,433,1102,433,49.46953
865,566,1446,472,1196,434,1105,434,49.44943
866,566,1446,472,1196,434,1105,434,49.48745
867,566,1446,474,1202,434,1105,434,49.48745
868,564,1440,474,1202,436,1111,436,49.48745
869,564,1440,474,1202,436,1111,436,49.42038
870,563,1437,475,1206,437,1114,437,49.42038
871,562,1435,477,1212,438,1116,438,49.39799
872,561,1433,478,1213,439,1118,439,49.39856
873,560,1432,478,1213,440,1119,440,49.30776
874,558,1428,479,1216,442,1123,442,49.32565
875,556,1424,480,1217,444,1127,444,49.40338
876,555,1421,480,1217,445,1130,445,49.45483
877,555,1421,480,1217,445,1130,445,49.47659
878,555,1421,480,1217,445,1130,445,49.47659
879,555,1421,481,1220,445,1130,445,49.47659
880,555,1421,481,1220,445,1130,445,49.47659
881,555,1421,482,1222,445,1130,445,49.47659
882,552,1410,483,1224,448,1141,448,49.47659
883,551,1407,484,1228,449,1144,449,49.52927
884,550,1406,484,1228,450,1145,450,49.70071
885,549,1401,484,1228,451,1150,451,49.65093
886,549,1401,484,1228,451,1150,451,49.74877
887,547,1397,486,1233,453,1154,453,49.74877
888,547,1397,486,1233,453,1154,453,49.66898
889,545,1393,488,1239,455,1158,455,49.66898
890,544,1388,488,1239,456,1163,456,49.85711
891,544,1388,490,1246,456,1163,456,49.91372
892,544,1388,491,1250,456,1163,456,49.91372
893,543,1387,491,1250,457,1164,457,49.91372
894,542,1386,491,1250,458,1165,458,49.98818
895,542,1386,491,1250,458,1165,458,49.95647
896,542,1386,491,1250,458,1165,458,49.95647
897,540,1384,491,1250,460,1167,460,49.95647
898,540,1384,493,1256,460,1167,460,50.13768
899,540,1384,494,1259,460,1167,460,50.13768
900,540,1384,496,1266,460,1167,460,50.13768
901,539,1382,496,1266,461,1169,461,50.13768
902,539,1382,496,1266,461,1169,461,50.12606
903,539,1382,498,1273,461,1169,461,50.12606
904,538,1381,498,1273,462,1170,462,50.12606
905,537,1378,498,1273,463,1173,463,50.14829
906,536,1375,498,1273,464,1176,464,50.1034
907,534,1368,499,1276,466,1183,466,50.04576
908,534,1368,501,1281,466,1183,466,50.05505
909,533,1367,501,1281,467,1184,467,50.05505
910,533,1367,501,1281,467,1184,467,50.05729
911,533,1367,502,1282,467,1184,467,50.05729
912,533,1367,502,1282,467,1184,467,50.05729
913,533,1367,504,1284,467,1184,467,50.05729
914,533,1367,504,1284,467,1184,467,50.05729
915,532,1363,505,1285,468,1188,468,50.05729
916,532,1363,505,1285,468,1188,468,50.08683
917,532,1363,505,1285,468,1188,468,50.08683
918,532,1363,506,1286,468,1188,468,50.08683
919,531,1359,507,1290,469,1192,469,50.08683
920,529,1355,507,1290,471,1196,471,50.03333
921,527,1350,508,1294,473,1201,473,50.02969
922,526,1349,508,1294,474,1202,474,50.0711
923,525,1348,508,1294,475,1203,475,50.144
924,525,1348,508,1294,475,1203,475,50.10847
925,524,1345,508,1294,476,1206,476,50.10847
926,524,1345,509,1295,476,1206,476,50.05772
927,522,1342,510,1296,478,1209,478,50.05772
928,520,1337,511,1299,480,1214,480,50.09953
929,520,1337,512,1302,480,1214,480,50.10061
930,519,1333,513,1304,481,1218,481,50.10061
931,519,1333,513,1304,481,1218,481,50.06189
932,518,1331,516,1312,482,1220,482,50.06189
933,518,1331,519,1320,482,1220,482,50.05896
934,518,1331,519,1320,482,1220,482,50.05896
935,518,1331,520,1321,482,1220,482,50.05896
936,516,1327,524,1332,484,1224,484,50.05896
937,516,1327,524,1332,484,1224,484,50.01279
938,516,1327,524,1332,484,1224,484,50.01279
939,516,1327,526,1337,484,1224,484,50.01279
940,516,1327,526,1337,484,1224,484,50.01279
941,516,1327,529,1346,484,1224,484,50.01279
942,515,1322,531,1352,485,1229,485,50.01279
943,513,1313,532,1356,487,1238,487,50.04206
944,512,1309,532,1356,488,1242,488,50.05115
945,512,1309,533,1361,488,1242,488,50.031
946,512,1309,535,1365,488,1242,488,50.031
947,512,1309,536,1366,488,1242,488,50.031
948,512,1309,537,1367,488,1242,488,50.031
949,511,1306,537,1367,489,1245,489,50.031
950,511,1306,538,1368,489,1245,489,50.05975
951,511,1306,538,1368,489,1245,489,50.05975
952,511,1306,538,1368,489,1245,489,50.05975
953,511,1306,538,1368,489,1245,489,50.05975
954,511,1306,539,1370,489,1245,489,50.05975
955,508,1298,539,1370,492,1253,492,50.05975
956,508,1298,540,1372,492,1253,492,50.16227
957,507,1294,543,1381,493,1257,493,50.16227
958,506,1289,544,1383,494,1262,494,50.08408
959,506,1289,544,1383,494,1262,494,50.01463
960,505,1285,546,1386,495,1266,495,50.01463
961,504,1281,546,1386,496,1270,496,49.98176
962,504,1281,546,1386,496,1270,496,49.9914
963,504,1281,546,1386,496,1270,496,49.9914
964,503,1277,547,1387,497,1274,497,49.9914
965,503,1277,547,1387,497,1274,497,49.93797
966,502,1276,547,1387,498,1275,498,49.93797
967,502,1276,547,1387,498,1275,498,49.93311
968,501,1275,548,1390,499,1276,499,49.93311
969,499,1270,549,1393,501,1281,501,49.92862
970,499,1270,549,1393,501,1281,501,49.98768
971,498,1269,549,1393,502,1282,502,49.98768
972,497,1266,551,1398,503,1285,503,49.95941
973,496,1262,553,1403,504,1289,504,49.8898
974,495,1261,553,1403,505,1290,505,49.84752
975,493,1254,554,1405,507,1297,507,49.80023
976,492,1250,557,1414,508,1301,508,49.74937
977,492,1250,557,1414,508,1301,508,49.78284
978,492,1250,559,1419,508,1301,508,49.78284
979,491,1245,561,1422,509,1306,509,49.78284
980,490,1242,561,1422,510,1309,510,49.74392
981,490,1242,561,1422,510,1309,510,49.77909
982,490,1242,563,1425,510,1309,510,49.77909
983,489,1241,564,1427,511,1310,511,49.77909
984,487,1237,566,1435,513,1314,513,49.78866
985,487,1237,567,1436,513,1314,513,49.82669
986,486,1234,567,1436,514,1317,514,49.82669
987,484,1230,569,1445,516,1321,516,49.81643
988,484,1230,569,1445,516,1321,516,49.78285
989,484,1230,569,1445,516,1321,516,49.78285
990,484,1230,571,1454,516,1321,516,49.78285
991,484,1230,572,1457,516,1321,516,49.78285
992,483,1229,572,1457,517,1322,517,49.78285
993,480,1224,572,1457,520,1327,520,49.82346
994,478,1220,572,1457,522,1331,522,49.84331
995,478,1220,573,1461,522,1331,522,49.83163
996,476,1214,574,1463,524,1337,524,49.83163
997,475,1212,576,1470,525,1339,525,49.74931
998,474,1207,577,1471,526,1344,526,49.76098
999,474,1207,578,1472,526,1344,526,49.83127
1000,472,1203,580,1478,528,1348,528,49.83127
1001,471,1201,581,1482,529,1350,529,49.76565
1002,471,1201,581,1482,529,1350,529,49.76473
1003,470,1199,583,1490,530,1352,530,49.76473
1004,470,1199,587,1499,530,1352,530,49.70611
1005,469,1196,587,1499,531,1355,531,49.70611
1006,469,1196,587,1499,531,1355,531,49.71342
1007,468,1194,587,1499,532,1357,532,49.71342
1008,467,1191,589,1503,533,1360,533,49.71659
1009,465,1185,589,1503,535,1366,535,49.67191
1010,463,1182,589,1503,537,1369,537,49.62361
1011,462,1181,590,1505,538,1370,538,49.60006
1012,461,1179,591,1507,539,1372,539,49.54992
1013,461,1179,592,1511,539,1372,539,49.55494
1014,461,1179,593,1515,539,1372,539,49.55494
1015,460,1176,593,1515,540,1375,540,49.55494
1016,459,1174,593,1515,541,1377,541,49.58441
1017,458,1172,594,1518,542,1379,542,49.66
1018,458,1172,597,1524,542,1379,542,49.64761
1019,456,1168,600,1528,544,1383,544,49.64761
1020,456,1168,601,1530,544,1383,544,49.7259
1021,456,1168,603,1532,544,1383,544,49.7259
1022,456,1168,604,1534,544,1383,544,49.7259
1023,455,1164,606,1540,545,1387,545,49.7259
1024,454,1161,606,1540,546,1390,546,49.75533
1025,453,1160,608,1548,547,1391,547,49.83286
1026,453,1160,610,1554,547,1391,547,49.85938
1027,451,1153,611,1558,549,1398,549,49.85938
1028,449,1148,611,1558,551,1403,551,49.9212
1029,448,1145,612,1560,552,1406,552,49.82068
1030,447,1144,612,1560,553,1407,553,49.81262
1031,445,1138,614,1564,555,1413,555,49.79852
1032,444,1134,614,1564,556,1417,556,49.75262
1033,444,1134,615,1566,556,1417,556,49.71745
1034,443,1130,615,1566,557,1421,557,49.71745
1035,442,1129,619,1576,558,1422,558,49.67083
1036,441,1125,622,1581,559,1426,559,49.67584
1037,440,1123,623,1583,560,1428,560,49.65855
1038,440,1123,624,1587,560,1428,560,49.63759
1039,439,1118,626,1596,561,1433,561,49.63759
1040,437,1115,626,1596,563,1436,563,49.613
1041,436,1111,627,1598,564,1440,564,49.56359
1042,436,1111,628,1600,564,1440,564,49.57265
1043,433,1106,629,1602,567,1445,567,49.57265
1044,431,1100,629,1602,569,1451,569,49.43222
1045,431,1100,629,1602,569,1451,569,49.42728
1046,429,1094,630,1604,571,1457,571,49.42728
1047,429,1094,632,1612,571,1457,571,49.39554
1048,428,1090,634,1621,572,1461,572,49.39554
1049,426,1085,635,1626,574,1466,574,49.40916
1050,426,1085,635,1626,574,1466,574,49.50903
1051,423,1080,638,1635,577,1471,577,49.50903
1052,422,1078,639,1636,578,1473,578,49.41825
1053,422,1078,639,1636,578,1473,578,49.37967
1054,422,1078,640,1640,578,1473,578,49.37967
1055,421,1077,640,1640,579,1474,579,49.37967
1056,420,1075,640,1640,580,1476,580,49.48807
1057,419,1074,640,1640,581,1477,581,49.48491
1058,416,1065,641,1643,584,1486,584,49.5872
1059,414,1058,644,1652,586,1493,586,49.54192
1060,412,1055,647,1656,588,1496,588,49.54182
1061,411,1053,647,1656,589,1498,589,49.44397
1062,410,1052,649,1662,590,1499,590,49.44707
1063,410,1052,650,1664,590,1499,590,49.42366
1064,410,1052,652,1672,590,1499,590,49.42366
1065,409,1050,653,1675,591,1501,591,49.42366
1066,408,1046,655,1677,592,1505,592,49.36924
1067,406,1044,656,1681,594,1507,594,49.32907
1068,406,1044,656,1681,594,1507,594,49.39126
1069,406,1044,657,1682,594,1507,594,49.39126
1070,404,1038,657,1682,596,1513,596,49.39126
1071,403,1036,657,1682,597,1515,597,49.37349
1072,401,1029,658,1686,599,1522,599,49.30507
1073,401,1029,659,1690,599,1522,599,49.31096
1074,401,1029,659,1690,599,1522,599,49.31096
1075,399,1022,659,1690,601,1529,601,49.31096
1076,398,1021,659,1690,602,1530,602,49.24719
1077,397,1017,660,1691,603,1534,603,49.19108
1078,396,1016,661,1693,604,1535,604,49.13343
1079,394,1012,662,1694,606,1539,606,49.11787
1080,393,1010,663,1696,607,1541,607,49.13169
1081,393,1010,663,1696,607,1541,607,49.09443
1082,393,1010,663,1696,607,1541,607,49.09443
1083,393,1010,663,1696,607,1541,607,49.09443
1084,393,1010,663,1696,607,1541,607,49.09443
1085,392,1009,663,1696,608,1542,608,49.09443
1086,390,1006,663,1696,610,1545,610,49.12368
1087,389,1002,663,1696,611,1549,611,49.12862
1088,389,1002,663,1696,611,1549,611,49.07706
1089,389,1002,663,1696,611,1549,611,49.07706
1090,388,1001,663,1696,612,1550,612,49.07706
1091,386,994,663,1696,614,1557,614,49.11127
1092,386,994,663,1696,614,1557,614,49.18699
1093,384,987,663,1696,616,1564,616,49.18699
1094,384,987,663,1696,616,1564,616,49.19838
1095,384,987,663,1696,616,1564,616,49.19838
1096,382,982,663,1696,618,1569,618,49.19838
1097,380,974,663,1696,620,1577,620,49.1912
1098,380,974,663,1696,620,1577,620,49.24444
1099,379,969,663,1696,621,1582,621,49.24444
1100,379,969,663,1696,621,1582,621,49.22403
1101,376,962,663,1696,624,1589,624,49.22403
1102,373,950,663,1696,627,1601,627,49.21813
1103,369,940,663,1696,631,1611,631,49.16934
1104,368,936,664,1700,632,1615,632,49.10122
1105,367,935,664,1700,633,1616,633,49.10769
1106,367,935,664,1700,633,1616,633,49.07035
1107,366,931,664,1700,634,1620,634,49.07035
1108,365,927,664,1700,635,1624,635,49.04017
1109,365,927,664,1700,635,1624,635,49.05675
1110,363,924,665,1704,637,1627,637,49.05675
1111,361,917,665,1704,639,1634,639,49.02309
1112,360,914,665,1704,640,1637,640,49.08116
1113,360,914,665,1704,640,1637,640,49.11266
1114,360,914,665,1704,640,1637,640,49.11266
1115,359,913,665,1704,641,1638,641,49.11266
1116,359,913,665,1704,641,1638,641,49.2009
1117,358,909,665,1704,642,1642,642,49.2009
1118,356,902,665,1704,644,1649,644,49.1993
1119,356,902,665,1704,644,1649,644,49.21638
1120,354,893,665,1704,646,1658,646,49.21638
1121,353,892,666,1706,647,1659,647,49.27887
1122,352,890,666,1706,648,1661,648,49.26376
1123,351,889,666,1706,649,1662,649,49.35421
1124,351,889,666,1706,649,1662,649,49.39412
1125,350,887,666,1706,650,1664,650,49.39412
1126,350,887,666,1706,650,1664,650,49.38595
1127,350,887,666,1706,650,1664,650,49.38595
1128,350,887,666,1706,650,1664,650,49.38595
1129,348,884,666,1706,652,1667,652,49.38595
1130,347,879,666,1706,653,1672,653,49.41673
1131,346,878,666,1706,654,1673,654,49.48606
1132,346,878,666,1706,654,1673,654,49.61431
1133,345,875,666,1706,655,1676,655,49.61431
1134,345,875,666,1706,655,1676,655,49.66715
1135,345,875,666,1706,655,1676,655,49.66715
1136,345,875,666,1706,655,1676,655,49.66715
1137,344,871,666,1706,656,1680,656,49.66715
1138,344,871,666,1706,656,1680,656,49.6374
1139,344,871,666,1706,656,1680,656,49.6374
1140,344,871,667,1707,656,1680,656,49.6374
1141,344,871,667,1707,656,1680,656,49.6374
1142,343,866,667,1707,657,1685,657,49.6374
1143,343,866,667,1707,657,1685,657,49.65816
1144,343,866,667,1707,657,1685,657,49.65816
1145,343,866,667,1707,657,1685,657,49.65816
1146,343,866,668,1708,657,1685,657,49.65816
1147,343,866,668,1708,657,1685,657,49.65816
1148,343,866,668,1708,657,1685,657,49.65816
1149,342,863,668,1708,658,1688,658,49.65816
1150,342,863,668,1708,658,1688,658,49.72657
1151,342,863,668,1708,658,1688,658,49.72657
1152,342,863,668,1708,658,1688,658,49.72657
1153,341,859,668,1708,659,1692,659,49.72657
1154,340,857,668,1708,660,1694,660,49.78373
1155,340,857,668,1708,660,1694,660,49.85936
1156,340,857,668,1708,660,1694,660,49.85936
1157,339,856,668,1708,661,1695,661,49.85936
1158,339,856,668,1708,661,1695,661,49.88982
1159,339,856,669,1712,661,1695,661,49.88982
1160,338,854,669,1712,662,1697,662,49.88982
1161,337,853,669,1712,663,1698,663,49.94791
1162,337,853,669,1712,663,1698,663,49.89011
1163,337,853,670,1716,663,1698,663,49.89011
1164,337,853,670,1716,663,1698,663,49.89011
1165,337,853,670,1716,663,1698,663,49.89011
1166,337,853,670,1716,663,1698,663,49.89011
1167,337,853,670,1716,663,1698,663,49.89011
1168,337,853,670,1716,663,1698,663,49.89011
1169,337,853,670,1716,663,1698,663,49.89011
1170,337,853,670,1716,663,1698,663,49.89011
1171,337,853,670,1716,663,1698,663,49.89011
1172,337,853,670,1716,663,1698,663,49.89011
1173,337,853,671,1718,663,1698,663,49.89011
1174,337,853,671,1718,663,1698,663,49.89011
1175,337,853,671,1718,663,1698,663,49.89011
1176,337,853,671,1718,663,1698,663,49.89011
1177,337,853,671,1718,663,1698,663,49.89011
1178,337,853,671,1718,663,1698,663,49.89011
1179,337,853,671,1718,663,1698,663,49.89011
1180,337,853,672,1720,663,1698,663,49.89011
1181,337,853,672,1720,663,1698,663,49.89011
1182,337,853,672,1720,663,1698,663,49.89011
1183,336,849,672,1720,664,1702,664,49.89011
1184,336,849,672,1720,664,1702,664,49.89287
1185,335,845,673,1721,665,1706,665,49.89287
1186,334,843,674,1726,666,1708,666,49.84742
1187,334,843,674,1726,666,1708,666,49.88452
1188,334,843,674,1726,666,1708,666,49.88452
1189,334,843,674,1726,666,1708,666,49.88452
1190,333,841,674,1726,667,1710,667,49.88452
1191,333,841,674,1726,667,1710,667,49.82076
1192,333,841,674,1726,667,1710,667,49.82076
1193,333,841,674,1726,667,1710,667,49.82076
1194,333,841,674,1726,667,1710,667,49.82076
1195,333,841,674,1726,667,1710,667,49.82076
1196,333,841,674,1726,667,1710,667,49.82076
1197,333,841,674,1726,667,1710,667,49.82076
1198,333,841,674,1726,667,1710,667,49.82076
1199,333,841,674,1726,667,1710,667,49.82076
1200,333,841,675,1729,667,1710,667,49.82076
1201,332,837,675,1729,668,1714,668,49.82076
1202,332,837,675,1729,668,1714,668,49.79331
1203,332,837,675,1729,668,1714,668,49.79331
1204,332,837,675,1729,668,1714,668,49.79331
1205,332,837,675,1729,668,1714,668,49.79331
1206,332,837,675,1729,668,1714,668,49.79331
1207,332,837,675,1729,668,1714,668,49.79331
1208,331,836,675,1729,669,1715,669,49.79331
1209,331,836,675,1729,669,1715,669,49.89057
1210,331,836,675,1729,669,1715,669,49.89057
1211,331,836,676,1730,669,1715,669,49.89057
1212,331,836,676,1730,669,1715,669,49.89057
1213,331,836,676,1730,669,1715,669,49.89057
1214,331,836,676,1730,669,1715,669,49.89057
1215,331,836,676,1730,669,1715,669,49.89057
1216,331,836,676,1730,669,1715,669,49.89057
1217,331,836,676,1730,669,1715,669,49.89057
1218,331,836,676,1730,669,1715,669,49.89057
1219,331,836,676,1730,669,1715,669,49.89057
1220,331,836,676,1730,669,1715,669,49.89057
1221,330,834,676,1730,670,1717,670,49.89057
1222,330,834,676,1730,670,1717,670,49.92707
1223,330,834,676,1730,670,1717,670,49.92707
1224,329,833,676,1730,671,1718,671,49.92707
1225,329,833,676,1730,671,1718,671,49.89473
1226,329,833,676,1730,671,1718,671,49.89473
1227,329,833,676,1730,671,1718,671,49.89473
1228,329,833,676,1730,671,1718,671,49.89473
1229,329,833,676,1730,671,1718,671,49.89473
1230,329,833,677,1731,671,1718,671,49.89473
1231,329,833,677,1731,671,1718,671,49.89473
1232,329,833,677,1731,671,1718,671,49.89473
1233,329,833,677,1731,671,1718,671,49.89473
1234,329,833,677,1731,671,1718,671,49.89473
1235,329,833,677,1731,671,1718,671,49.89473
1236,329,833,677,1731,671,1718,671,49.89473
1237,329,833,677,1731,671,1718,671,49.89473
1238,329,833,677,1731,671,1718,671,49.89473
1239,328,831,677,1731,672,1720,672,49.89473
1240,328,831,677,1731,672,1720,672,49.91039
1241,328,831,677,1731,672,1720,672,49.91039
1242,328,831,677,1731,672,1720,672,49.91039
1243,328,831,677,1731,672,1720,672,49.91039
1244,328,831,677,1731,672,1720,672,49.91039
1245,328,831,677,1731,672,1720,672,49.91039
1246,328,831,677,1731,672,1720,672,49.91039
1247,328,831,677,1731,672,1720,672,49.91039
1248,328,831,677,1731,672,1720,672,49.91039
1249,327,828,677,1731,673,1723,673,49.91039
1250,327,828,677,1731,673,1723,673,49.90236
1251,327,828,677,1731,673,1723,673,49.90236
1252,327,828,677,1731,673,1723,673,49.90236
1253,327,828,677,1731,673,1723,673,49.90236
1254,326,827,677,1731,674,1724,674,49.90236
1255,326,827,679,1738,674,1724,674,49.97981
1256,325,826,679,1738,675,1725,675,49.97981
1257,325,826,679,1738,675,1725,675,49.95338
1258,325,826,679,1738,675,1725,675,49.95338
1259,325,826,681,1741,675,1725,675,49.95338
1260,325,826,681,1741,675,1725,675,49.95338
1261,325,826,681,1741,675,1725,675,49.95338
1262,325,826,681,1741,675,1725,675,49.95338
1263,325,826,681,1741,675,1725,675,49.95338
1264,324,823,681,1741,676,1728,676,49.95338
1265,323,822,681,1741,677,1729,677,49.8893
1266,323,822,684,1748,677,1729,677,49.85751
1267,323,822,685,1749,677,1729,677,49.85751
1268,323,822,685,1749,677,1729,677,49.85751
1269,323,822,685,1749,677,1729,677,49.85751
1270,323,822,685,1749,677,1729,677,49.85751
1271,323,822,685,1749,677,1729,677,49.85751
1272,323,822,685,1749,677,1729,677,49.85751
1273,323,822,685,1749,677,1729,677,49.85751
1274,323,822,685,1749,677,1729,677,49.85751
1275,323,822,685,1749,677,1729,677,49.85751
1276,323,822,685,1749,677,1729,677,49.85751
1277,323,822,685,1749,677,1729,677,49.85751
1278,323,822,685,1749,677,1729,677,49.85751
1279,323,822,685,1749,677,1729,677,49.85751
1280,323,822,686,1752,677,1729,677,49.85751
1281,323,822,686,1752,677,1729,677,49.85751
1282,323,822,687,1753,677,1729,677,49.85751
1283,323,822,687,1753,677,1729,677,49.85751
1284,323,822,687,1753,677,1729,677,49.85751
1285,323,822,687,1753,677,1729,677,49.85751
1286,323,822,687,1753,677,1729,677,49.85751
1287,323,822,687,1753,677,1729,677,49.85751
1288,323,822,687,1753,677,1729,677,49.85751
1289,323,822,688,1755,677,1729,677,49.85751
1290,323,822,688,1755,677,1729,677,49.85751
1291,323,822,688,1755,677,1729,677,49.85751
1292,323,822,688,1755,677,1729,677,49.85751
1293,323,822,688,1755,677,1729,677,49.85751
1294,323,822,689,1757,677,1729,677,49.85751
1295,321,819,689,1757,679,1732,679,49.85751
1296,321,819,689,1757,679,1732,679,49.74755
1297,321,819,689,1757,679,1732,679,49.74755
1298,321,819,689,1757,679,1732,679,49.74755
1299,321,819,690,1759,679,1732,679,49.74755
1300,321,819,690,1759,679,1732,679,49.74755
1301,321,819,690,1759,679,1732,679,49.74755
1302,321,819,690,1759,679,1732,679,49.74755
1303,321,819,690,1759,679,1732,679,49.74755
1304,321,819,690,1759,679,1732,679,49.74755
1305,321,819,690,1759,679,1732,679,49.74755
1306,321,819,690,1759,679,1732,679,49.74755
1307,321,819,690,1759,679,1732,679,49.74755
1308,320,815,690,1759,680,1736,680,49.74755
1309,320,815,690,1759,680,1736,680,49.74576
1310,320,815,690,1759,680,1736,680,49.74576
1311,320,815,690,1759,680,1736,680,49.74576
1312,320,815,690,1759,680,1736,680,49.74576
1313,320,815,690,1759,680,1736,680,49.74576
1314,319,810,690,1759,681,1741,681,49.74576
1315,319,810,691,1762,681,1741,681,49.83669
1316,319,810,691,1762,681,1741,681,49.83669
1317,319,810,691,1762,681,1741,681,49.83669
1318,319,810,691,1762,681,1741,681,49.83669
1319,319,810,691,1762,681,1741,681,49.83669
1320,319,810,691,1762,681,1741,681,49.83669
1321,319,810,691,1762,681,1741,681,49.83669
1322,318,809,691,1762,682,1742,682,49.83669
1323,318,809,691,1762,682,1742,682,49.83521
1324,318,809,691,1762,682,1742,682,49.83521
1325,316,807,692,1766,684,1744,684,49.83521
1326,316,807,692,1766,684,1744,684,49.822
1327,316,807,692,1766,684,1744,684,49.822
1328,316,807,692,1766,684,1744,684,49.822
1329,316,807,692,1766,684,1744,684,49.822
1330,316,807,692,1766,684,1744,684,49.822
1331,316,807,693,1770,684,1744,684,49.822
1332,316,807,693,1770,684,1744,684,49.822
1333,316,807,693,1770,684,1744,684,49.822
1334,316,807,693,1770,684,1744,684,49.822
1335,316,807,693,1770,684,1744,684,49.822
1336,316,807,693,1770,684,1744,684,49.822
1337,316,807,693,1770,684,1744,684,49.822
1338,316,807,694,1771,684,1744,684,49.822
1339,316,807,694,1771,684,1744,684,49.822
1340,316,807,694,1771,684,1744,684,49.822
1341,316,807,694,1771,684,1744,684,49.822
1342,316,807,694,1771,684,1744,684,49.822
1343,316,807,694,1771,684,1744,684,49.822
1344,316,807,694,1771,684,1744,684,49.822
1345,316,807,694,1771,684,1744,684,49.822
1346,315,805,694,1771,685,1746,685,49.822
1347,315,805,694,1771,685,1746,685,49.80402
1348,315,805,694,1771,685,1746,685,49.80402
1349,314,804,694,1771,686,1747,686,49.80402
1350,314,804,694,1771,686,1747,686,49.82567
1351,314,804,694,1771,686,1747,686,49.82567
1352,314,804,694,1771,686,1747,686,49.82567
1353,314,804,694,1771,686,1747,686,49.82567
1354,314,804,694,1771,686,1747,686,49.82567
1355,314,804,694,1771,686,1747,686,49.82567
1356,313,802,695,1772,687,1749,687,49.82567
1357,313,802,696,1776,687,1749,687,49.85551
1358,313,802,696,1776,687,1749,687,49.85551
1359,313,802,696,1776,687,1749,687,49.85551
1360,313,802,696,1776,687,1749,687,49.85551
1361,313,802,696,1776,687,1749,687,49.85551
1362,313,802,696,1776,687,1749,687,49.85551
1363,313,802,697,1777,687,1749,687,49.85551
1364,313,802,697,1777,687,1749,687,49.85551
1365,313,802,698,1778,687,1749,687,49.85551
1366,313,802,698,1778,687,1749,687,49.85551
1367,313,802,698,1778,687,1749,687,49.85551
1368,313,802,699,1782,687,1749,687,49.85551
1369,313,802,699,1782,687,1749,687,49.85551
1370,313,802,699,1782,687,1749,687,49.85551
1371,313,802,699,1782,687,1749,687,49.85551
1372,313,802,699,1782,687,1749,687,49.85551
1373,313,802,699,1782,687,1749,687,49.85551
1374,312,800,699,1782,688,1751,688,49.85551
1375,312,800,699,1782,688,1751,688,49.871
1376,310,793,700,1783,690,1758,690,49.871
1377,310,793,700,1783,690,1758,690,49.86463
1378,310,793,701,1786,690,1758,690,49.86463
1379,310,793,701,1786,690,1758,690,49.86463
1380,309,790,701,1786,691,1761,691,49.86463
1381,309,790,701,1786,691,1761,691,49.92143
1382,309,790,701,1786,691,1761,691,49.92143
1383,309,790,701,1786,691,1761,691,49.92143
1384,309,790,701,1786,691,1761,691,49.92143
1385,309,790,701,1786,691,1761,691,49.92143
1386,308,786,701,1786,692,1765,692,49.92143
1387,308,786,701,1786,692,1765,692,49.90926
1388,308,786,701,1786,692,1765,692,49.90926
1389,308,786,701,1786,692,1765,692,49.90926
1390,308,786,702,1788,692,1765,692,49.90926
1391,308,786,702,1788,692,1765,692,49.90926
1392,308,786,702,1788,692,1765,692,49.90926
1393,308,786,702,1788,692,1765,692,49.90926
1394,308,786,702,1788,692,1765,692,49.90926
1395,308,786,702,1788,692,1765,692,49.90926
1396,308,786,702,1788,692,1765,692,49.90926
1397,308,786,702,1788,692,1765,692,49.90926
1398,308,786,702,1788,692,1765,692,49.90926
1399,307,785,702,1788,693,1766,693,49.90926
1400,307,785,703,1791,693,1766,693,49.89259
1401,307,785,703,1791,693,1766,693,49.89259
1402,307,785,703,1791,693,1766,693,49.89259
1403,307,785,703,1791,693,1766,693,49.89259
1404,307,785,703,1791,693,1766,693,49.89259
1405,307,785,704,1793,693,1766,693,49.89259
1406,307,785,704,1793,693,1766,693,49.89259
1407,307,785,704,1793,693,1766,693,49.89259
1408,307,785,704,1793,693,1766,693,49.89259
1409,307,785,704,1793,693,1766,693,49.89259
1410,307,785,704,1793,693,1766,693,49.89259
1411,306,782,704,1793,694,1769,694,49.89259
1412,305,781,704,1793,695,1770,695,49.86354
1413,305,781,704,1793,695,1770,695,49.85363
1414,305,781,704,1793,695,1770,695,49.85363
1415,305,781,704,1793,695,1770,695,49.85363
1416,305,781,704,1793,695,1770,695,49.85363
1417,305,781,705,1795,695,1770,695,49.85363
1418,305,781,706,1797,695,1770,695,49.85363
1419,305,781,706,1797,695,1770,695,49.85363
1420,305,781,707,1799,695,1770,695,49.85363
1421,305,781,707,1799,695,1770,695,49.85363
1422,304,780,707,1799,696,1771,696,49.85363
1423,304,780,707,1799,696,1771,696,49.85489
1424,304,780,707,1799,696,1771,696,49.85489
1425,304,780,708,1804,696,1771,696,49.85489
1426,304,780,708,1804,696,1771,696,49.85489
1427,304,780,708,1804,696,1771,696,49.85489
1428,304,780,708,1804,696,1771,696,49.85489
1429,303,775,708,1804,697,1776,697,49.85489
1430,303,775,709,1805,697,1776,697,49.96154
1431,303,775,709,1805,697,1776,697,49.96154
1432,303,775,710,1809,697,1776,697,49.96154
1433,302,774,710,1809,698,1777,698,49.96154
1434,301,770,710,1809,699,1781,699,49.99546
1435,301,770,711,1811,699,1781,699,50.01958
1436,301,770,711,1811,699,1781,699,50.01958
1437,301,770,712,1813,699,1781,699,50.01958
1438,301,770,712,1813,699,1781,699,50.01958
1439,301,770,712,1813,699,1781,699,50.01958
1440,301,770,712,1813,699,1781,699,50.01958
1441,301,770,712,1813,699,1781,699,50.01958
1442,301,770,712,1813,699,1781,699,50.01958
1443,300,766,713,1814,700,1785,700,50.01958
1444,300,766,713,1814,700,1785,700,50.0532
1445,300,766,713,1814,700,1785,700,50.0532
1446,300,766,713,1814,700,1785,700,50.0532
1447,300,766,713,1814,700,1785,700,50.0532
1448,300,766,714,1816,700,1785,700,50.0532
1449,300,766,715,1817,700,1785,700,50.0532
1450,300,766,715,1817,700,1785,700,50.0532
1451,300,766,717,1824,700,1785,700,50.0532
1452,299,764,717,1824,701,1787,701,50.0532
1453,299,764,717,1824,701,1787,701,50.00134
1454,299,764,717,1824,701,1787,701,50.00134
1455,299,764,717,1824,701,1787,701,50.00134
1456,299,764,718,1825,701,1787,701,50.00134
1457,299,764,718,1825,701,1787,701,50.00134
1458,299,764,718,1825,701,1787,701,50.00134
1459,299,764,718,1825,701,1787,701,50.00134
1460,298,762,718,1825,702,1789,702,50.00134
1461,297,761,718,1825,703,1790,703,49.98539
1462,297,761,718,1825,703,1790,703,50.01183
1463,297,761,718,1825,703,1790,703,50.01183
1464,297,761,718,1825,703,1790,703,50.01183
1465,297,761,718,1825,703,1790,703,50.01183
1466,297,761,718,1825,703,1790,703,50.01183
1467,297,761,718,1825,703,1790,703,50.01183
1468,297,761,718,1825,703,1790,703,50.01183
1469,296,760,720,1828,704,1791,704,50.01183
1470,296,760,720,1828,704,1791,704,49.97633
1471,295,756,720,1828,705,1795,705,49.97633
1472,295,756,720,1828,705,1795,705,49.95506
1473,295,756,720,1828,705,1795,705,49.95506
1474,295,756,720,1828,705,1795,705,49.95506
1475,295,756,720,1828,705,1795,705,49.95506
1476,294,754,721,1829,706,1797,706,49.95506
1477,294,754,722,1831,706,1797,706,49.94915
1478,294,754,722,1831,706,1797,706,49.94915
1479,294,754,722,1831,706,1797,706,49.94915
1480,294,754,722,1831,706,1797,706,49.94915
1481,294,754,722,1831,706,1797,706,49.94915
1482,293,753,722,1831,707,1798,707,49.94915
1483,293,753,722,1831,707,1798,707,49.9501
1484,293,753,722,1831,707,1798,707,49.9501
1485,292,749,723,1835,708,1802,708,49.9501
1486,291,746,723,1835,709,1805,709,49.92132
1487,291,746,723,1835,709,1805,709,49.89559
1488,290,744,723,1835,710,1807,710,49.89559
1489,290,744,723,1835,710,1807,710,49.95508
1490,290,744,723,1835,710,1807,710,49.95508
1491,290,744,723,1835,710,1807,710,49.95508
1492,290,744,723,1835,710,1807,710,49.95508
1493,290,744,723,1835,710,1807,710,49.95508
1494,289,742,723,1835,711,1809,711,49.95508
1495,289,742,723,1835,711,1809,711,49.97665
1496,289,742,723,1835,711,1809,711,49.97665
1497,289,742,723,1835,711,1809,711,49.97665
1498,289,742,723,1835,711,1809,711,49.97665
1499,289,742,723,1835,711,1809,711,49.97665
1500,289,742,723,1835,711,1809,711,49.97665
1501,288,737,723,1835,712,1814,712,49.97665
1502,288,737,724,1837,712,1814,712,49.98212
1503,288,737,724,1837,712,1814,712,49.98212
1504,288,737,725,1840,712,1814,712,49.98212
1505,288,737,725,1840,712,1814,712,49.98212
1506,287,736,725,1840,713,1815,713,49.98212
1507,287,736,725,1840,713,1815,713,49.97733
1508,287,736,725,1840,713,1815,713,49.97733
1509,287,736,725,1840,713,1815,713,49.97733
1510,287,736,726,1841,713,1815,713,49.97733
1511,287,736,726,1841,713,1815,713,49.97733
1512,287,736,726,1841,713,1815,713,49.97733
1513,287,736,726,1841,713,1815,713,49.97733
1514,287,736,726,1841,713,1815,713,49.97733
1515,287,736,726,1841,713,1815,713,49.97733
1516,286,733,726,1841,714,1818,714,49.97733
1517,286,733,726,1841,714,1818,714,50.02562
1518,286,733,726,1841,714,1818,714,50.02562
1519,286,733,726,1841,714,1818,714,50.02562
1520,286,733,727,1842,714,1818,714,50.02562
1521,286,733,729,1849,714,1818,714,50.02562
1522,286,733,729,1849,714,1818,714,50.02562
1523,285,731,729,1849,715,1820,715,50.02562
1524,285,731,729,1849,715,1820,715,50.06386
1525,284,729,729,1849,716,1822,716,50.06386
1526,284,729,731,1853,716,1822,716,50.09318
1527,284,729,731,1853,716,1822,716,50.09318
1528,284,729,731,1853,716,1822,716,50.09318
1529,283,728,731,1853,717,1823,717,50.09318
1530,283,728,731,1853,717,1823,717,50.03566
1531,283,728,731,1853,717,1823,717,50.03566
1532,283,728,731,1853,717,1823,717,50.03566
1533,283,728,731,1853,717,1823,717,50.03566
1534,282,726,731,1853,718,1825,718,50.03566
1535,281,724,731,1853,719,1827,719,49.97443
1536,281,724,732,1856,719,1827,719,50.00424
1537,281,724,732,1856,719,1827,719,50.00424
1538,281,724,732,1856,719,1827,719,50.00424
1539,280,720,732,1856,720,1831,720,50.00424
1540,280,720,732,1856,720,1831,720,49.9889
1541,280,720,732,1856,720,1831,720,49.9889
1542,279,719,732,1856,721,1832,721,49.9889
1543,279,719,733,1860,721,1832,721,49.99606
1544,278,717,733,1860,722,1834,722,49.99606
1545,277,716,734,1865,723,1835,723,50.01757
1546,277,716,734,1865,723,1835,723,50.0312
1547,277,716,734,1865,723,1835,723,50.0312
1548,277,716,735,1867,723,1835,723,50.0312
1549,277,716,735,1867,723,1835,723,50.0312
1550,277,716,736,1872,723,1835,723,50.0312
1551,277,716,736,1872,723,1835,723,50.0312
1552,277,716,736,1872,723,1835,723,50.0312
1553,277,716,736,1872,723,1835,723,50.0312
1554,277,716,736,1872,723,1835,723,50.0312
1555,277,716,736,1872,723,1835,723,50.0312
1556,277,716,736,1872,723,1835,723,50.0312
1557,277,716,736,1872,723,1835,723,50.0312
1558,277,716,736,1872,723,1835,723,50.0312
1559,277,716,736,1872,723,1835,723,50.0312
1560,277,716,736,1872,723,1835,723,50.0312
1561,276,714,736,1872,724,1837,724,50.0312
1562,275,713,736,1872,725,1838,725,50.02306
1563,275,713,736,1872,725,1838,725,50.01717
1564,275,713,736,1872,725,1838,725,50.01717
1565,273,710,736,1872,727,1841,727,50.01717
1566,272,708,737,1874,728,1843,728,50.07655
1567,272,708,737,1874,728,1843,728,50.10786
1568,272,708,737,1874,728,1843,728,50.10786
1569,272,708,737,1874,728,1843,728,50.10786
1570,272,708,737,1874,728,1843,728,50.10786
1571,272,708,737,1874,728,1843,728,50.10786
1572,272,708,737,1874,728,1843,728,50.10786
1573,272,708,737,1874,728,1843,728,50.10786
1574,272,708,737,1874,728,1843,728,50.10786
1575,272,708,737,1874,728,1843,728,50.10786
1576,272,708,737,1874,728,1843,728,50.10786
1577,272,708,738,1876,728,1843,728,50.10786
1578,272,708,738,1876,728,1843,728,50.10786
1579,272,708,738,1876,728,1843,728,50.10786
1580,271,703,738,1876,729,1848,729,50.10786
1581,271,703,738,1876,729,1848,729,50.12051
1582,271,703,738,1876,729,1848,729,50.12051
1583,270,701,739,1881,730,1850,730,50.12051
1584,270,701,739,1881,730,1850,730,50.11343
1585,270,701,741,1889,730,1850,730,50.11343
1586,270,701,741,1889,730,1850,730,50.11343
1587,270,701,741,1889,730,1850,730,50.11343
1588,270,701,741,1889,730,1850,730,50.11343
1589,270,701,741,1889,730,1850,730,50.11343
1590,270,701,742,1890,730,1850,730,50.11343
1591,270,701,742,1890,730,1850,730,50.11343
1592,270,701,742,1890,730,1850,730,50.11343
1593,270,701,742,1890,730,1850,730,50.11343
1594,270,701,742,1890,730,1850,730,50.11343
1595,270,701,742,1890,730,1850,730,50.11343
1596,270,701,742,1890,730,1850,730,50.11343
1597,270,701,742,1890,730,1850,730,50.11343
1598,270,701,742,1890,730,1850,730,50.11343
1599,270,701,743,1892,730,1850,730,50.11343
1600,270,701,743,1892,730,1850,730,50.11343
1601,270,701,743,1892,730,1850,730,50.11343
1602,269,699,743,1892,731,1852,731,50.11343
1603,269,699,743,1892,731,1852,731,50.08242
1604,269,699,743,1892,731,1852,731,50.08242
1605,269,699,743,1892,731,1852,731,50.08242
1606,269,699,743,1892,731,1852,731,50.08242
1607,268,696,743,1892,732,1855,732,50.08242
1608,268,696,743,1892,732,1855,732,50.08382
1609,268,696,743,1892,732,1855,732,50.08382
1610,268,696,743,1892,732,1855,732,50.08382
1611,268,696,743,1892,732,1855,732,50.08382
1612,268,696,743,1892,732,1855,732,50.08382
1613,268,696,743,1892,732,1855,732,50.08382
1614,267,694,743,1892,733,1857,733,50.08382
1615,267,694,743,1892,733,1857,733,50.09208
1616,267,694,743,1892,733,1857,733,50.09208
1617,265,688,743,1892,735,1863,735,50.09208
1618,264,686,743,1892,736,1865,736,50.04911
1619,264,686,743,1892,736,1865,736,50.00348
1620,264,686,743,1892,736,1865,736,50.00348
1621,264,686,743,1892,736,1865,736,50.00348
1622,264,686,743,1892,736,1865,736,50.00348
1623,264,686,743,1892,736,1865,736,50.00348
1624,264,686,743,1892,736,1865,736,50.00348
1625,264,686,743,1892,736,1865,736,50.00348
1626,264,686,743,1892,736,1865,736,50.00348
1627,264,686,745,1900,736,1865,736,50.00348
1628,264,686,745,1900,736,1865,736,50.00348
1629,264,686,745,1900,736,1865,736,50.00348
1630,264,686,745,1900,736,1865,736,50.00348
1631,264,686,746,1902,736,1865,736,50.00348
1632,264,686,746,1902,736,1865,736,50.00348
1633,264,686,746,1902,736,1865,736,50.00348
1634,264,686,746,1902,736,1865,736,50.00348
1635,263,682,747,1904,737,1869,737,50.00348
1636,263,682,748,1907,737,1869,737,50.00068
1637,263,682,749,1908,737,1869,737,50.00068
1638,261,674,749,1908,739,1877,739,50.00068
1639,261,674,749,1908,739,1877,739,50.08059
1640,261,674,749,1908,739,1877,739,50.08059
1641,261,674,749,1908,739,1877,739,50.08059
1642,260,672,749,1908,740,1879,740,50.08059
1643,260,672,749,1908,740,1879,740,50.078
1644,260,672,750,1912,740,1879,740,50.078
1645,260,672,751,1915,740,1879,740,50.078
1646,259,668,751,1915,741,1883,741,50.078
1647,259,668,751,1915,741,1883,741,50.11839
1648,258,663,751,1915,742,1888,742,50.11839
1649,258,663,751,1915,742,1888,742,50.174
1650,258,663,751,1915,742,1888,742,50.174
1651,258,663,751,1915,742,1888,742,50.174
1652,258,663,751,1915,742,1888,742,50.174
1653,258,663,751,1915,742,1888,742,50.174
1654,257,660,751,1915,743,1891,743,50.174
1655,257,660,751,1915,743,1891,743,50.1164
1656,257,660,751,1915,743,1891,743,50.1164
1657,257,660,751,1915,743,1891,743,50.1164
1658,257,660,751,1915,743,1891,743,50.1164
1659,256,659,751,1915,744,1892,744,50.1164
1660,256,659,751,1915,744,1892,744,50.07415
1661,256,659,751,1915,744,1892,744,50.07415
1662,255,655,751,1915,745,1896,745,50.07415
1663,255,655,751,1915,745,1896,745,50.09643
1664,255,655,751,1915,745,1896,745,50.09643
1665,255,655,751,1915,745,1896,745,50.09643
1666,255,655,751,1915,745,1896,745,50.09643
1667,255,655,751,1915,745,1896,745,50.09643
1668,255,655,751,1915,745,1896,745,50.09643
1669,255,655,751,1915,745,1896,745,50.09643
1670,255,655,751,1915,745,1896,745,50.09643
1671,255,655,751,1915,745,1896,745,50.09643
1672,255,655,752,1917,745,1896,745,50.09643
1673,253,650,752,1917,747,1901,747,50.09643
1674,253,650,752,1917,747,1901,747,50.06264
1675,253,650,752,1917,747,1901,747,50.06264
1676,253,650,752,1917,747,1901,747,50.06264
1677,253,650,752,1917,747,1901,747,50.06264
1678,253,650,752,1917,747,1901,747,50.06264
1679,252,648,752,1917,748,1903,748,50.06264
1680,252,648,752,1917,748,1903,748,50.04979
1681,252,648,752,1917,748,1903,748,50.04979
1682,252,648,752,1917,748,1903,748,50.04979
1683,252,648,752,1917,748,1903,748,50.04979
1684,252,648,752,1917,748,1903,748,50.04979
1685,252,648,752,1917,748,1903,748,50.04979
1686,252,648,752,1917,748,1903,748,50.04979
1687,252,648,753,1920,748,1903,748,50.04979
1688,252,648,753,1920,748,1903,748,50.04979
1689,252,648,754,1922,748,1903,748,50.04979
1690,252,648,754,1922,748,1903,748,50.04979
1691,252,648,754,1922,748,1903,748,50.04979
1692,252,648,754,1922,748,1903,748,50.04979
1693,251,645,754,1922,749,1906,749,50.04979
1694,251,645,754,1922,749,1906,749,50.04458
1695,251,645,754,1922,749,1906,749,50.04458
1696,251,645,754,1922,749,1906,749,50.04458
1697,251,645,754,1922,749,1906,749,50.04458
1698,251,645,754,1922,749,1906,749,50.04458
1699,251,645,754,1922,749,1906,749,50.04458
1700,251,645,754,1922,749,1906,749,50.04458
1701,251,645,754,1922,749,1906,749,50.04458
1702,251,645,754,1922,749,1906,749,50.04458
1703,251,645,754,1922,749,1906,749,50.04458
1704,251,645,754,1922,749,1906,749,50.04458
1705,251,645,754,1922,749,1906,749,50.04458
1706,251,645,755,1924,749,1906,749,50.04458
1707,251,645,755,1924,749,1906,749,50.04458
1708,251,645,756,1929,749,1906,749,50.04458
1709,251,645,756,1929,749,1906,749,50.04458
1710,251,645,756,1929,749,1906,749,50.04458
1711,251,645,756,1929,749,1906,749,50.04458
1712,251,645,756,1929,749,1906,749,50.04458
1713,251,645,756,1929,749,1906,749,50.04458
1714,250,641,757,1930,750,1910,750,50.04458
1715,250,641,757,1930,750,1910,750,50.05201
1716,250,641,757,1930,750,1910,750,50.05201
1717,250,641,757,1930,750,1910,750,50.05201
1718,250,641,757,1930,750,1910,750,50.05201
1719,250,641,757,1930,750,1910,750,50.05201
1720,250,641,757,1930,750,1910,750,50.05201
1721,250,641,757,1930,750,1910,750,50.05201
1722,248,634,757,1930,752,1917,752,50.05201
1723,248,634,757,1930,752,1917,752,50.07324
1724,248,634,757,1930,752,1917,752,50.07324
1725,248,634,757,1930,752,1917,752,50.07324
1726,248,634,757,1930,752,1917,752,50.07324
1727,248,634,758,1933,752,1917,752,50.07324
1728,248,634,758,1933,752,1917,752,50.07324
1729,248,634,758,1933,752,1917,752,50.07324
1730,248,634,758,1933,752,1917,752,50.07324
1731,248,634,758,1933,752,1917,752,50.07324
1732,248,634,758,1933,752,1917,752,50.07324
1733,248,634,758,1933,752,1917,752,50.07324
1734,248,634,758,1933,752,1917,752,50.07324
1735,248,634,758,1933,752,1917,752,50.07324
1736,248,634,758,1933,752,1917,752,50.07324
1737,248,634,758,1933,752,1917,752,50.07324
1738,248,634,759,1937,752,1917,752,50.07324
1739,248,634,759,1937,752,1917,752,50.07324
1740,248,634,760,1938,752,1917,752,50.07324
1741,248,634,760,1938,752,1917,752,50.07324
1742,248,634,760,1938,752,1917,752,50.07324
1743,248,634,761,1943,752,1917,752,50.07324
1744,248,634,761,1943,752,1917,752,50.07324
1745,248,634,761,1943,752,1917,752,50.07324
1746,248,634,761,1943,752,1917,752,50.07324
1747,247,632,761,1943,753,1919,753,50.07324
1748,247,632,761,1943,753,1919,753,50.07643
1749,247,632,762,1945,753,1919,753,50.07643
1750,247,632,762,1945,753,1919,753,50.07643
1751,247,632,762,1945,753,1919,753,50.07643
1752,247,632,762,1945,753,1919,753,50.07643
1753,247,632,763,1947,753,1919,753,50.07643
1754,247,632,763,1947,753,1919,753,50.07643
1755,247,632,763,1947,753,1919,753,50.07643
1756,247,632,763,1947,753,1919,753,50.07643
1757,246,631,763,1947,754,1920,754,50.07643
1758,246,631,763,1947,754,1920,754,50.05865
1759,246,631,763,1947,754,1920,754,50.05865
1760,246,631,763,1947,754,1920,754,50.05865
1761,246,631,763,1947,754,1920,754,50.05865
1762,246,631,763,1947,754,1920,754,50.05865
1763,246,631,763,1947,754,1920,754,50.05865
1764,246,631,764,1948,754,1920,754,50.05865
1765,245,626,764,1948,755,1925,755,50.05865
1766,245,626,765,1949,755,1925,755,50.04886
1767,245,626,765,1949,755,1925,755,50.04886
1768,245,626,765,1949,755,1925,755,50.04886
1769,245,626,765,1949,755,1925,755,50.04886
1770,245,626,765,1949,755,1925,755,50.04886
1771,245,626,765,1949,755,1925,755,50.04886
1772,245,626,765,1949,755,1925,755,50.04886
1773,245,626,765,1949,755,1925,755,50.04886
1774,244,621,765,1949,756,1930,756,50.04886
1775,244,621,765,1949,756,1930,756,50.02041
1776,244,621,765,1949,756,1930,756,50.02041
1777,244,621,765,1949,756,1930,756,50.02041
1778,243,619,765,1949,757,1932,757,50.02041
1779,243,619,765,1949,757,1932,757,49.99149
1780,243,619,767,1958,757,1932,757,49.99149
1781,243,619,767,1958,757,1932,757,49.99149
1782,243,619,767,1958,757,1932,757,49.99149
1783,243,619,767,1958,757,1932,757,49.99149
1784,243,619,767,1958,757,1932,757,49.99149
1785,243,619,767,1958,757,1932,757,49.99149
1786,242,617,767,1958,758,1934,758,49.99149
1787,242,617,768,1959,758,1934,758,50.00591
1788,242,617,769,1963,758,1934,758,50.00591
1789,241,612,769,1963,759,1939,759,50.00591
1790,241,612,769,1963,759,1939,759,49.95121
1791,241,612,771,1965,759,1939,759,49.95121
1792,241,612,771,1965,759,1939,759,49.95121
1793,241,612,771,1965,759,1939,759,49.95121
1794,240,611,771,1965,760,1940,760,49.95121
1795,240,611,771,1965,760,1940,760,49.92088
1796,240,611,771,1965,760,1940,760,49.92088
1797,240,611,771,1965,760,1940,760,49.92088
1798,240,611,771,1965,760,1940,760,49.92088
1799,240,611,772,1970,760,1940,760,49.92088
1800,240,611,772,1970,760,1940,760,49.92088
1801,239,608,772,1970,761,1943,761,49.92088
1802,239,608,772,1970,761,1943,761,49.97169
1803,239,608,772,1970,761,1943,761,49.97169
1804,238,605,773,1971,762,1946,762,49.97169
1805,238,605,773,1971,762,1946,762,49.99527
1806,238,605,773,1971,762,1946,762,49.99527
1807,238,605,773,1971,762,1946,762,49.99527
1808,238,605,773,1971,762,1946,762,49.99527
1809,238,605,773,1971,762,1946,762,49.99527
1810,238,605,773,1971,762,1946,762,49.99527
1811,238,605,773,1971,762,1946,762,49.99527
1812,238,605,773,1971,762,1946,762,49.99527
1813,238,605,773,1971,762,1946,762,49.99527
1814,238,605,773,1971,762,1946,762,49.99527
1815,237,604,773,1971,763,1947,763,49.99527
1816,237,604,773,1971,763,1947,763,50.01694
1817,237,604,773,1971,763,1947,763,50.01694
1818,237,604,773,1971,763,1947,763,50.01694
1819,237,604,773,1971,763,1947,763,50.01694
1820,237,604,773,1971,763,1947,763,50.01694
1821,237,604,773,1971,763,1947,763,50.01694
1822,237,604,773,1971,763,1947,763,50.01694
1823,237,604,773,1971,763,1947,763,50.01694
1824,237,604,773,1971,763,1947,763,50.01694
1825,237,604,773,1971,763,1947,763,50.01694
1826,237,604,773,1971,763,1947,763,50.01694
1827,237,604,773,1971,763,1947,763,50.01694
1828,237,604,773,1971,763,1947,763,50.01694
1829,237,604,773,1971,763,1947,763,50.01694
1830,237,604,773,1971,763,1947,763,50.01694
1831,236,602,773,1971,764,1949,764,50.01694
1832,236,602,773,1971,764,1949,764,50.04297
1833,236,602,773,1971,764,1949,764,50.04297
1834,236,602,773,1971,764,1949,764,50.04297
1835,236,602,774,1974,764,1949,764,50.04297
1836,236,602,774,1974,764,1949,764,50.04297
1837,236,602,774,1974,764,1949,764,50.04297
1838,235,598,775,1975,765,1953,765,50.04297
1839,235,598,775,1975,765,1953,765,50.09021
1840,235,598,775,1975,765,1953,765,50.09021
1841,235,598,775,1975,765,1953,765,50.09021
1842,235,598,775,1975,765,1953,765,50.09021
1843,235,598,775,1975,765,1953,765,50.09021
1844,235,598,775,1975,765,1953,765,50.09021
1845,235,598,775,1975,765,1953,765,50.09021
1846,235,598,775,1975,765,1953,765,50.09021
1847,235,598,775,1975,765,1953,765,50.09021
1848,235,598,775,1975,765,1953,765,50.09021
1849,235,598,775,1975,765,1953,765,50.09021
1850,235,598,775,1975,765,1953,765,50.09021
1851,235,598,775,1975,765,1953,765,50.09021
1852,234,597,776,1977,766,1954,766,50.09021
1853,234,597,776,1977,766,1954,766,50.08545
1854,234,597,776,1977,766,1954,766,50.08545
1855,234,597,776,1977,766,1954,766,50.08545
1856,233,593,776,1977,767,1958,767,50.08545
1857,233,593,776,1977,767,1958,767,50.09402
1858,233,593,776,1977,767,1958,767,50.09402
1859,232,590,776,1977,768,1961,768,50.09402
1860,232,590,776,1977,768,1961,768,50.05671
1861,232,590,776,1977,768,1961,768,50.05671
1862,232,590,776,1977,768,1961,768,50.05671
1863,232,590,777,1978,768,1961,768,50.05671
1864,232,590,777,1978,768,1961,768,50.05671
1865,231,589,777,1978,769,1962,769,50.05671
1866,231,589,777,1978,769,1962,769,50.0849
1867,231,589,777,1978,769,1962,769,50.0849
1868,231,589,778,1980,769,1962,769,50.0849
1869,231,589,779,1982,769,1962,769,50.0849
1870,231,589,779,1982,769,1962,769,50.0849
1871,231,589,780,1987,769,1962,769,50.0849
1872,231,589,780,1987,769,1962,769,50.0849
1873,231,589,780,1987,769,1962,769,50.0849
1874,231,589,781,1988,769,1962,769,50.0849
1875,231,589,781,1988,769,1962,769,50.0849
1876,231,589,781,1988,769,1962,769,50.0849
1877,231,589,783,1993,769,1962,769,50.0849
1878,231,589,783,1993,769,1962,769,50.0849
1879,231,589,783,1993,769,1962,769,50.0849
1880,231,589,784,1995,769,1962,769,50.0849
1881,231,589,784,1995,769,1962,769,50.0849
1882,231,589,787,2003,769,1962,769,50.0849
1883,231,589,788,2006,769,1962,769,50.0849
1884,231,589,788,2006,769,1962,769,50.0849
1885,229,586,790,2013,771,1965,771,50.0849
1886,229,586,791,2016,771,1965,771,50.07907
1887,229,586,792,2020,771,1965,771,50.07907
1888,228,585,792,2020,772,1966,772,50.07907
1889,227,584,793,2024,773,1967,773,50.03923
1890,227,584,793,2024,773,1967,773,50.11263
1891,227,584,795,2030,773,1967,773,50.11263
1892,227,584,796,2034,773,1967,773,50.11263
1893,225,579,797,2035,775,1972,775,50.11263
1894,225,579,798,2040,775,1972,775,50.0939
1895,225,579,798,2040,775,1972,775,50.0939
1896,225,579,798,2040,775,1972,775,50.0939
1897,224,574,799,2043,776,1977,776,50.0939
1898,223,569,799,2043,777,1982,777,50.1507
1899,223,569,800,2047,777,1982,777,50.12027
1900,223,569,800,2047,777,1982,777,50.12027
1901,222,568,801,2049,778,1983,778,50.12027
1902,222,568,801,2049,778,1983,778,50.12778
1903,222,568,801,2049,778,1983,778,50.12778
1904,222,568,801,2049,778,1983,778,50.12778
1905,222,568,801,2049,778,1983,778,50.12778
1906,222,568,801,2049,778,1983,778,50.12778
1907,222,568,801,2049,778,1983,778,50.12778
1908,222,568,801,2049,778,1983,778,50.12778
1909,221,566,801,2049,779,1985,779,50.12778
1910,221,566,801,2049,779,1985,779,50.10932
1911,219,558,801,2049,781,1993,781,50.10932
1912,218,556,801,2049,782,1995,782,50.15844
1913,218,556,803,2055,782,1995,782,50.12374
1914,218,556,804,2058,782,1995,782,50.12374
1915,218,556,804,2058,782,1995,782,50.12374
1916,218,556,804,2058,782,1995,782,50.12374
1917,218,556,807,2064,782,1995,782,50.12374
1918,218,556,807,2064,782,1995,782,50.12374
1919,218,556,807,2064,782,1995,782,50.12374
1920,218,556,807,2064,782,1995,782,50.12374
1921,218,556,809,2068,782,1995,782,50.12374
1922,218,556,810,2070,782,1995,782,50.12374
1923,218,556,810,2070,782,1995,782,50.12374
1924,216,550,810,2070,784,2001,784,50.12374
1925,215,547,811,2072,785,2004,785,50.08964
1926,214,543,812,2074,786,2008,786,50.07249
1927,214,543,812,2074,786,2008,786,50.04269
1928,214,543,812,2074,786,2008,786,50.04269
1929,213,540,812,2074,787,2011,787,50.04269
1930,213,540,813,2077,787,2011,787,50.01817
1931,211,535,814,2078,789,2016,789,50.01817
1932,211,535,815,2081,789,2016,789,50.00111
1933,211,535,817,2087,789,2016,789,50.00111
1934,211,535,819,2090,789,2016,789,50.00111
1935,211,535,819,2090,789,2016,789,50.00111
1936,211,535,819,2090,789,2016,789,50.00111
1937,210,533,820,2091,790,2018,790,50.00111
1938,210,533,820,2091,790,2018,790,49.97843
1939,210,533,820,2091,790,2018,790,49.97843
1940,208,527,820,2091,792,2024,792,49.97843
1941,208,527,820,2091,792,2024,792,49.9614
1942,207,523,820,2091,793,2028,793,49.9614
1943,207,523,821,2095,793,2028,793,49.95514
1944,207,523,821,2095,793,2028,793,49.95514
1945,207,523,823,2098,793,2028,793,49.95514
1946,206,520,823,2098,794,2031,794,49.95514
1947,206,520,823,2098,794,2031,794,49.93101
1948,206,520,825,2100,794,2031,794,49.93101
1949,206,520,826,2102,794,2031,794,49.93101
1950,206,520,827,2103,794,2031,794,49.93101
1951,206,520,829,2109,794,2031,794,49.93101
1952,206,520,830,2113,794,2031,794,49.93101
1953,205,515,830,2113,795,2036,795,49.93101
1954,205,515,830,2113,795,2036,795,49.94353
1955,204,513,830,2113,796,2038,796,49.94353
1956,204,513,831,2115,796,2038,796,49.91968
1957,204,513,832,2116,796,2038,796,49.91968
1958,204,513,834,2123,796,2038,796,49.91968
1959,204,513,834,2123,796,2038,796,49.91968
1960,204,513,834,2123,796,2038,796,49.91968
1961,202,509,834,2123,798,2042,798,49.91968
1962,202,509,834,2123,798,2042,798,49.90435
1963,202,509,835,2126,798,2042,798,49.90435
1964,202,509,835,2126,798,2042,798,49.90435
1965,201,507,837,2131,799,2044,799,49.90435
1966,201,507,838,2133,799,2044,799,49.89164
1967,201,507,838,2133,799,2044,799,49.89164
1968,199,502,839,2135,801,2049,801,49.89164
1969,197,493,839,2135,803,2058,803,49.92162
1970,196,492,839,2135,804,2059,804,49.89277
1971,196,492,839,2135,804,2059,804,49.86477
1972,196,492,840,2137,804,2059,804,49.86477
1973,196,492,843,2144,804,2059,804,49.86477
1974,196,492,844,2146,804,2059,804,49.86477
1975,196,492,845,2147,804,2059,804,49.86477
1976,196,492,846,2150,804,2059,804,49.86477
1977,196,492,846,2150,804,2059,804,49.86477
1978,196,492,846,2150,804,2059,804,49.86477
1979,194,489,847,2153,806,2062,806,49.86477
1980,194,489,847,2153,806,2062,806,49.7848
1981,193,486,847,2153,807,2065,807,49.7848
1982,193,486,847,2153,807,2065,807,49.81503
1983,192,485,847,2153,808,2066,808,49.81503
1984,191,482,847,2153,809,2069,809,49.76294
1985,191,482,847,2153,809,2069,809,49.80046
1986,190,479,847,2153,810,2072,810,49.80046
1987,189,478,847,2153,811,2073,811,49.81604
1988,189,478,847,2153,811,2073,811,49.83416
1989,188,473,847,2153,812,2078,812,49.83416
1990,186,469,847,2153,814,2082,814,49.8038
1991,185,467,847,2153,815,2084,815,49.8318
1992,185,467,847,2153,815,2084,815,49.83532
1993,184,465,847,2153,816,2086,816,49.83532
1994,184,465,848,2154,816,2086,816,49.81791
1995,184,465,848,2154,816,2086,816,49.81791
1996,184,465,848,2154,816,2086,816,49.81791
1997,184,465,848,2154,816,2086,816,49.81791
1998,181,456,848,2154,819,2095,819,49.81791
1999,181,456,849,2155,819,2095,819,49.79407
2000,180,452,849,2155,820,2099,820,49.79407
2001,179,451,849,2155,821,2100,821,49.78974
2002,178,449,849,2155,822,2102,822,49.82701
2003,178,449,849,2155,822,2102,822,49.80727
2004,177,446,849,2155,823,2105,823,49.80727
2005,177,446,849,2155,823,2105,823,49.77532
2006,176,443,849,2155,824,2108,824,49.77532
2007,176,443,849,2155,824,2108,824,49.75785
2008,175,441,849,2155,825,2110,825,49.75785
2009,174,439,849,2155,826,2112,826,49.76869
2010,171,431,849,2155,829,2120,829,49.74327
2011,170,430,849,2155,830,2121,830,49.8232
2012,168,427,849,2155,832,2124,832,49.83288
2013,168,427,849,2155,832,2124,832,49.85616
2014,166,425,849,2155,834,2126,834,49.85616
2015,165,422,849,2155,835,2129,835,49.92455
2016,163,418,849,2155,837,2133,837,49.90972
2017,163,418,849,2155,837,2133,837,49.86757
2018,162,417,849,2155,838,2134,838,49.86757
2019,162,417,849,2155,838,2134,838,49.90566
2020,160,415,849,2155,840,2136,840,49.90566
2021,159,411,849,2155,841,2140,841,49.9358
2022,159,411,849,2155,841,2140,841,49.97613
2023,158,408,849,2155,842,2143,842,49.97613
2024,157,407,849,2155,843,2144,843,49.98088
2025,156,404,849,2155,844,2147,844,50.00934
2026,156,404,849,2155,844,2147,844,50.00191
2027,155,402,849,2155,845,2149,845,50.00191
2028,155,402,849,2155,845,2149,845,50.01453
2029,155,402,849,2155,845,2149,845,50.01453
2030,155,402,849,2155,845,2149,845,50.01453
2031,153,398,850,2158,847,2153,847,50.01453
2032,153,398,850,2158,847,2153,847,50.04583
2033,152,397,850,2158,848,2154,848,50.04583
2034,152,397,850,2158,848,2154,848,50.02698
2035,152,397,850,2158,848,2154,848,50.02698
2036,152,397,850,2158,848,2154,848,50.02698
2037,152,397,850,2158,848,2154,848,50.02698
2038,152,397,850,2158,848,2154,848,50.02698
2039,152,397,850,2158,848,2154,848,50.02698
2040,152,397,850,2158,848,2154,848,50.02698
2041,152,397,850,2158,848,2154,848,50.02698
2042,152,397,850,2158,848,2154,848,50.02698
2043,152,397,850,2158,848,2154,848,50.02698
2044,152,397,850,2158,848,2154,848,50.02698
2045,152,397,850,2158,848,2154,848,50.02698
2046,152,397,850,2158,848,2154,848,50.02698
2047,152,397,850,2158,848,2154,848,50.02698
2048,152,397,850,2158,848,2154,848,50.02698
2049,152,397,850,2158,848,2154,848,50.02698
2050,152,397,850,2158,848,2154,848,50.02698
2051,152,397,850,2158,848,2154,848,50.02698
2052,152,397,850,2158,848,2154,848,50.02698
2053,152,397,850,2158,848,2154,848,50.02698
2054,152,397,850,2158,848,2154,848,50.02698
2055,152,397,852,2162,848,2154,848,50.02698
2056,152,397,852,2162,848,2154,848,50.02698
2057,152,397,852,2162,848,2154,848,50.02698
2058,152,397,852,2162,848,2154,848,50.02698
2059,152,397,852,2162,848,2154,848,50.02698
2060,152,397,852,2162,848,2154,848,50.02698
2061,152,397,852,2162,848,2154,848,50.02698
2062,152,397,852,2162,848,2154,848,50.02698
2063,152,397,852,2162,848,2154,848,50.02698
2064,152,397,852,2162,848,2154,848,50.02698
2065,152,397,852,2162,848,2154,848,50.02698
2066,152,397,852,2162,848,2154,848,50.02698
2067,152,397,852,2162,848,2154,848,50.02698
2068,152,397,852,2162,848,2154,848,50.02698
2069,152,397,852,2162,848,2154,848,50.02698
2070,152,397,852,2162,848,2154,848,50.02698
2071,151,394,852,2162,849,2157,849,50.02698
2072,151,394,852,2162,849,2157,849,50.01249
2073,151,394,852,2162,849,2157,849,50.01249
2074,151,394,852,2162,849,2157,849,50.01249
2075,151,394,852,2162,849,2157,849,50.01249
2076,151,394,852,2162,849,2157,849,50.01249
2077,151,394,852,2162,849,2157,849,50.01249
2078,151,394,852,2162,849,2157,849,50.01249
2079,151,394,852,2162,849,2157,849,50.01249
2080,151,394,852,2162,849,2157,849,50.01249
2081,151,394,852,2162,849,2157,849,50.01249
2082,151,394,852,2162,849,2157,849,50.01249
2083,151,394,852,2162,849,2157,849,50.01249
2084,151,394,852,2162,849,2157,849,50.01249
2085,151,394,852,2162,849,2157,849,50.01249
2086,151,394,852,2162,849,2157,849,50.01249
2087,150,393,852,2162,850,2158,850,50.01249
2088,150,393,852,2162,850,2158,850,50.04958
2089,150,393,852,2162,850,2158,850,50.04958
2090,150,393,852,2162,850,2158,850,50.04958
2091,150,393,852,2162,850,2158,850,50.04958
2092,149,391,852,2162,851,2160,851,50.04958
2093,149,391,852,2162,851,2160,851,50.02687
2094,149,391,852,2162,851,2160,851,50.02687
2095,149,391,852,2162,851,2160,851,50.02687
2096,149,391,852,2162,851,2160,851,50.02687
2097,149,391,852,2162,851,2160,851,50.02687
2098,149,391,852,2162,851,2160,851,50.02687
2099,149,391,852,2162,851,2160,851,50.02687
2100,149,391,852,2162,851,2160,851,50.02687
2101,149,391,852,2162,851,2160,851,50.02687
2102,149,391,852,2162,851,2160,851,50.02687
2103,149,391,852,2162,851,2160,851,50.02687
2104,149,391,852,2162,851,2160,851,50.02687
2105,149,391,852,2162,851,2160,851,50.02687
2106,149,391,852,2162,851,2160,851,50.02687
2107,149,391,852,2162,851,2160,851,50.02687
2108,149,391,852,2162,851,2160,851,50.02687
2109,149,391,852,2162,851,2160,851,50.02687
2110,149,391,852,2162,851,2160,851,50.02687
2111,149,391,852,2162,851,2160,851,50.02687
2112,149,391,852,2162,851,2160,851,50.02687
2113,149,391,852,2162,851,2160,851,50.02687
2114,149,391,852,2162,851,2160,851,50.02687
2115,149,391,852,2162,851,2160,851,50.02687
2116,149,391,852,2162,851,2160,851,50.02687
2117,149,391,852,2162,851,2160,851,50.02687
2118,149,391,852,2162,851,2160,851,50.02687
2119,149,391,852,2162,851,2160,851,50.02687
2120,149,391,852,2162,851,2160,851,50.02687
2121,149,391,852,2162,851,2160,851,50.02687
2122,149,391,852,2162,851,2160,851,50.02687
2123,149,391,852,2162,851,2160,851,50.02687
2124,149,391,852,2162,851,2160,851,50.02687
2125,148,389,852,2162,852,2162,852,50.02687
2126,148,389,852,2162,852,2162,852,50.04767
2127,148,389,852,2162,852,2162,852,50.04767
2128,148,389,852,2162,852,2162,852,50.04767
2129,148,389,852,2162,852,2162,852,50.04767
2130,148,389,852,2162,852,2162,852,50.04767
2131,148,389,852,2162,852,2162,852,50.04767
2132,148,389,853,2166,852,2162,852,50.04767
2133,148,389,853,2166,852,2162,852,50.04767
2134,148,389,853,2166,852,2162,852,50.04767
2135,148,389,853,2166,852,2162,852,50.04767
2136,148,389,853,2166,852,2162,852,50.04767
2137,148,389,853,2166,852,2162,852,50.04767
2138,148,389,853,2166,852,2162,852,50.04767
2139,148,389,853,2166,852,2162,852,50.04767
2140,148,389,853,2166,852,2162,852,50.04767
2141,148,389,853,2166,852,2162,852,50.04767
2142,148,389,853,2166,852,2162,852,50.04767
2143,148,389,853,2166,852,2162,852,50.04767
2144,148,389,853,2166,852,2162,852,50.04767
2145,148,389,853,2166,852,2162,852,50.04767
2146,148,389,853,2166,852,2162,852,50.04767
2147,148,389,853,2166,852,2162,852,50.04767
2148,148,389,853,2166,852,2162,852,50.04767
2149,148,389,853,2166,852,2162,852,50.04767
2150,148,389,853,2166,852,2162,852,50.04767
2151,148,389,853,2166,852,2162,852,50.04767
2152,148,389,853,2166,852,2162,852,50.04767
2153,148,389,853,2166,852,2162,852,50.04767
2154,148,389,853,2166,852,2162,852,50.04767
2155,148,389,853,2166,852,2162,852,50.04767
2156,148,389,853,2166,852,2162,852,50.04767
2157,148,389,853,2166,852,2162,852,50.04767
2158,148,389,853,2166,852,2162,852,50.04767
2159,148,389,853,2166,852,2162,852,50.04767
2160,148,389,853,2166,852,2162,852,50.04767
2161,148,389,853,2166,852,2162,852,50.04767
2162,148,389,853,2166,852,2162,852,50.04767
2163,148,389,853,2166,852,2162,852,50.04767
2164,147,385,853,2166,853,2166,853,50.04767
2165,147,385,853,2166,853,2166,853,50.01932
2166,147,385,853,2166,853,2166,853,50.01932
2167,147,385,853,2166,853,2166,853,50.01932
2168,147,385,853,2166,853,2166,853,50.01932
2169,147,385,853,2166,853,2166,853,50.01932
2170,147,385,853,2166,853,2166,853,50.01932
2171,147,385,853,2166,853,2166,853,50.01932
2172,147,385,853,2166,853,2166,853,50.01932
2173,147,385,853,2166,853,2166,853,50.01932
2174,147,385,853,2166,853,2166,853,50.01932
2175,147,385,854,2167,853,2166,853,50.01932
2176,147,385,855,2170,853,2166,853,50.01932
2177,147,385,855,2170,853,2166,853,50.01932
2178,147,385,855,2170,853,2166,853,50.01932
2179,147,385,855,2170,853,2166,853,50.01932
2180,147,385,855,2170,853,2166,853,50.01932
2181,147,385,855,2170,853,2166,853,50.01932
2182,147,385,855,2170,853,2166,853,50.01932
2183,147,385,855,2170,853,2166,853,50.01932
2184,147,385,855,2170,853,2166,853,50.01932
2185,147,385,855,2170,853,2166,853,50.01932
2186,147,385,855,2170,853,2166,853,50.01932
2187,147,385,855,2170,853,2166,853,50.01932
2188,147,385,855,2170,853,2166,853,50.01932
2189,147,385,855,2170,853,2166,853,50.01932
2190,147,385,855,2170,853,2166,853,50.01932
2191,147,385,855,2170,853,2166,853,50.01932
2192,146,382,855,2170,854,2169,854,50.01932
2193,146,382,855,2170,854,2169,854,49.97821
2194,146,382,855,2170,854,2169,854,49.97821
2195,146,382,855,2170,854,2169,854,49.97821
2196,146,382,855,2170,854,2169,854,49.97821
2197,146,382,855,2170,854,2169,854,49.97821
2198,146,382,855,2170,854,2169,854,49.97821
2199,146,382,855,2170,854,2169,854,49.97821
2200,146,382,855,2170,854,2169,854,49.97821
2201,146,382,855,2170,854,2169,854,49.97821
2202,146,382,855,2170,854,2169,854,49.97821
2203,146,382,855,2170,854,2169,854,49.97821
2204,146,382,855,2170,854,2169,854,49.97821
2205,146,382,855,2170,854,2169,854,49.97821
2206,146,382,855,2170,854,2169,854,49.97821
2207,146,382,855,2170,854,2169,854,49.97821
2208,146,382,855,2170,854,2169,854,49.97821
2209,146,382,855,2170,854,2169,854,49.97821
2210,146,382,855,2170,854,2169,854,49.97821
2211,146,382,855,2170,854,2169,854,49.97821
2212,146,382,855,2170,854,2169,854,49.97821
2213,146,382,855,2170,854,2169,854,49.97821
2214,146,382,855,2170,854,2169,854,49.97821
2215,146,382,856,2173,854,2169,854,49.97821
2216,146,382,856,2173,854,2169,854,49.97821
2217,146,382,856,2173,854,2169,854,49.97821
2218,146,382,856,2173,854,2169,854,49.97821
2219,146,382,856,2173,854,2169,854,49.97821
2220,146,382,857,2177,854,2169,854,49.97821
2221,146,382,857,2177,854,2169,854,49.97821
2222,146,382,857,2177,854,2169,854,49.97821
2223,146,382,857,2177,854,2169,854,49.97821
2224,146,382,857,2177,854,2169,854,49.97821
2225,146,382,858,2178,854,2169,854,49.97821
2226,146,382,858,2178,854,2169,854,49.97821
2227,146,382,858,2178,854,2169,854,49.97821
2228,146,382,858,2178,854,2169,854,49.97821
2229,146,382,858,2178,854,2169,854,49.97821
2230,146,382,858,2178,854,2169,854,49.97821
2231,146,382,858,2178,854,2169,854,49.97821
2232,146,382,858,2178,854,2169,854,49.97821
2233,146,382,858,2178,854,2169,854,49.97821
2234,146,382,858,2178,854,2169,854,49.97821
2235,146,382,858,2178,854,2169,854,49.97821
2236,146,382,858,2178,854,2169,854,49.97821
2237,146,382,858,2178,854,2169,854,49.97821
2238,146,382,858,2178,854,2169,854,49.97821
2239,145,378,858,2178,855,2173,855,49.97821
2240,145,378,858,2178,855,2173,855,49.93792
2241,145,378,858,2178,855,2173,855,49.93792
2242,145,378,858,2178,855,2173,855,49.93792
2243,145,378,859,2179,855,2173,855,49.93792
2244,145,378,860,2180,855,2173,855,49.93792
2245,145,378,860,2180,855,2173,855,49.93792
2246,145,378,860,2180,855,2173,855,49.93792
2247,145,378,860,2180,855,2173,855,49.93792
2248,145,378,860,2180,855,2173,855,49.93792
2249,145,378,860,2180,855,2173,855,49.93792
2250,143,376,860,2180,857,2175,857,49.93792
2251,143,376,860,2180,857,2175,857,49.89116
2252,143,376,860,2180,857,2175,857,49.89116
2253,143,376,860,2180,857,2175,857,49.89116
2254,143,376,860,2180,857,2175,857,49.89116
2255,143,376,860,2180,857,2175,857,49.89116
2256,143,376,860,2180,857,2175,857,49.89116
2257,143,376,860,2180,857,2175,857,49.89116
2258,143,376,860,2180,857,2175,857,49.89116
2259,143,376,861,2184,857,2175,857,49.89116
2260,143,376,861,2184,857,2175,857,49.89116
2261,142,373,861,2184,858,2178,858,49.89116
2262,142,373,861,2184,858,2178,858,49.87839
2263,142,373,861,2184,858,2178,858,49.87839
2264,142,373,861,2184,858,2178,858,49.87839
2265,142,373,861,2184,858,2178,858,49.87839
2266,142,373,861,2184,858,2178,858,49.87839
2267,142,373,861,2184,858,2178,858,49.87839
2268,142,373,861,2184,858,2178,858,49.87839
2269,142,373,861,2184,858,2178,858,49.87839
2270,142,373,861,2184,858,2178,858,49.87839
2271,142,373,861,2184,858,2178,858,49.87839
2272,142,373,861,2184,858,2178,858,49.87839
2273,142,373,861,2184,858,2178,858,49.87839
2274,142,373,861,2184,858,2178,858,49.87839
2275,142,373,861,2184,858,2178,858,49.87839
2276,142,373,861,2184,858,2178,858,49.87839
2277,142,373,861,2184,858,2178,858,49.87839
2278,142,373,861,2184,858,2178,858,49.87839
2279,142,373,861,2184,858,2178,858,49.87839
2280,142,373,861,2184,858,2178,858,49.87839
2281,142,373,861,2184,858,2178,858,49.87839
2282,142,373,861,2184,858,2178,858,49.87839
2283,142,373,861,2184,858,2178,858,49.87839
2284,142,373,861,2184,858,2178,858,49.87839
2285,142,373,861,2184,858,2178,858,49.87839
2286,142,373,861,2184,858,2178,858,49.87839
2287,142,373,861,2184,858,2178,858,49.87839
2288,142,373,861,2184,858,2178,858,49.87839
2289,142,373,861,2184,858,2178,858,49.87839
2290,142,373,861,2184,858,2178,858,49.87839
2291,142,373,861,2184,858,2178,858,49.87839
2292,142,373,861,2184,858,2178,858,49.87839
2293,142,373,861,2184,858,2178,858,49.87839
2294,142,373,861,2184,858,2178,858,49.87839
2295,142,373,861,2184,858,2178,858,49.87839
2296,142,373,861,2184,858,2178,858,49.87839
2297,142,373,861,2184,858,2178,858,49.87839
2298,142,373,861,2184,858,2178,858,49.87839
2299,142,373,861,2184,858,2178,858,49.87839
2300,142,373,861,2184,858,2178,858,49.87839
2301,142,373,861,2184,858,2178,858,49.87839
2302,142,373,861,2184,858,2178,858,49.87839
2303,142,373,861,2184,858,2178,858,49.87839
2304,142,373,861,2184,858,2178,858,49.87839
2305,142,373,861,2184,858,2178,858,49.87839
2306,142,373,861,2184,858,2178,858,49.87839
2307,142,373,861,2184,858,2178,858,49.87839
2308,142,373,861,2184,858,2178,858,49.87839
2309,142,373,861,2184,858,2178,858,49.87839
2310,142,373,861,2184,858,2178,858,49.87839
2311,142,373,861,2184,858,2178,858,49.87839
2312,142,373,861,2184,858,2178,858,49.87839
2313,142,373,861,2184,858,2178,858,49.87839
2314,142,373,861,2184,858,2178,858,49.87839
2315,142,373,861,2184,858,2178,858,49.87839
2316,142,373,861,2184,858,2178,858,49.87839
2317,142,373,861,2184,858,2178,858,49.87839
2318,141,372,861,2184,859,2179,859,49.87839
2319,141,372,862,2186,859,2179,859,49.89978
2320,141,372,862,2186,859,2179,859,49.89978
2321,141,372,862,2186,859,2179,859,49.89978
2322,141,372,862,2186,859,2179,859,49.89978
2323,141,372,862,2186,859,2179,859,49.89978
2324,141,372,863,2189,859,2179,859,49.89978
2325,141,372,863,2189,859,2179,859,49.89978
2326,141,372,863,2189,859,2179,859,49.89978
2327,141,372,863,2189,859,2179,859,49.89978
2328,141,372,863,2189,859,2179,859,49.89978
2329,141,372,863,2189,859,2179,859,49.89978
2330,141,372,863,2189,859,2179,859,49.89978
2331,140,370,863,2189,860,2181,860,49.89978
2332,140,370,863,2189,860,2181,860,49.8537
2333,140,370,863,2189,860,2181,860,49.8537
2334,140,370,863,2189,860,2181,860,49.8537
2335,140,370,863,2189,860,2181,860,49.8537
2336,140,370,864,2191,860,2181,860,49.8537
2337,140,370,864,2191,860,2181,860,49.8537
2338,140,370,864,2191,860,2181,860,49.8537
2339,140,370,864,2191,860,2181,860,49.8537
2340,140,370,864,2191,860,2181,860,49.8537
2341,140,370,864,2191,860,2181,860,49.8537
2342,140,370,864,2191,860,2181,860,49.8537
2343,140,370,864,2191,860,2181,860,49.8537
2344,140,370,864,2191,860,2181,860,49.8537
2345,140,370,864,2191,860,2181,860,49.8537
2346,140,370,864,2191,860,2181,860,49.8537
2347,139,366,864,2191,861,2185,861,49.8537
2348,139,366,864,2191,861,2185,861,49.88005
2349,139,366,864,2191,861,2185,861,49.88005
2350,139,366,864,2191,861,2185,861,49.88005
2351,139,366,864,2191,861,2185,861,49.88005
2352,138,363,864,2191,862,2188,862,49.88005
2353,138,363,864,2191,862,2188,862,49.85311
2354,138,363,864,2191,862,2188,862,49.85311
2355,138,363,864,2191,862,2188,862,49.85311
2356,138,363,864,2191,862,2188,862,49.85311
2357,138,363,864,2191,862,2188,862,49.85311
2358,138,363,864,2191,862,2188,862,49.85311
2359,138,363,864,2191,862,2188,862,49.85311
2360,138,363,864,2191,862,2188,862,49.85311
2361,138,363,864,2191,862,2188,862,49.85311
2362,138,363,864,2191,862,2188,862,49.85311
2363,138,363,864,2191,862,2188,862,49.85311
2364,138,363,864,2191,862,2188,862,49.85311
2365,138,363,864,2191,862,2188,862,49.85311
2366,138,363,864,2191,862,2188,862,49.85311
2367,138,363,864,2191,862,2188,862,49.85311
2368,138,363,865,2193,862,2188,862,49.85311
2369,138,363,866,2196,862,2188,862,49.85311
2370,138,363,866,2196,862,2188,862,49.85311
2371,138,363,866,2196,862,2188,862,49.85311
2372,138,363,866,2196,862,2188,862,49.85311
2373,138,363,866,2196,862,2188,862,49.85311
2374,138,363,866,2196,862,2188,862,49.85311
2375,138,363,866,2196,862,2188,862,49.85311
2376,138,363,866,2196,862,2188,862,49.85311
2377,138,363,866,2196,862,2188,862,49.85311
2378,138,363,866,2196,862,2188,862,49.85311
2379,138,363,866,2196,862,2188,862,49.85311
2380,138,363,866,2196,862,2188,862,49.85311
2381,138,363,866,2196,862,2188,862,49.85311
2382,138,363,866,2196,862,2188,862,49.85311
2383,138,363,866,2196,862,2188,862,49.85311
2384,137,362,866,2196,863,2189,863,49.85311
2385,137,362,866,2196,863,2189,863,49.93594
2386,137,362,866,2196,863,2189,863,49.93594
2387,137,362,867,2197,863,2189,863,49.93594
2388,137,362,867,2197,863,2189,863,49.93594
2389,137,362,867,2197,863,2189,863,49.93594
2390,137,362,867,2197,863,2189,863,49.93594
2391,137,362,867,2197,863,2189,863,49.93594
2392,137,362,867,2197,863,2189,863,49.93594
2393,137,362,867,2197,863,2189,863,49.93594
2394,137,362,867,2197,863,2189,863,49.93594
2395,137,362,868,2202,863,2189,863,49.93594
2396,137,362,868,2202,863,2189,863,49.93594
2397,136,360,868,2202,864,2191,864,49.93594
2398,136,360,868,2202,864,2191,864,49.94363
2399,136,360,868,2202,864,2191,864,49.94363
2400,136,360,868,2202,864,2191,864,49.94363
2401,136,360,868,2202,864,2191,864,49.94363
2402,135,357,868,2202,865,2194,865,49.94363
2403,135,357,868,2202,865,2194,865,49.91777
2404,135,357,868,2202,865,2194,865,49.91777
2405,135,357,868,2202,865,2194,865,49.91777
2406,135,357,868,2202,865,2194,865,49.91777
2407,135,357,868,2202,865,2194,865,49.91777
2408,135,357,868,2202,865,2194,865,49.91777
2409,135,357,868,2202,865,2194,865,49.91777
2410,135,357,868,2202,865,2194,865,49.91777
2411,135,357,868,2202,865,2194,865,49.91777
2412,135,357,868,2202,865,2194,865,49.91777
2413,135,357,868,2202,865,2194,865,49.91777
2414,135,357,868,2202,865,2194,865,49.91777
2415,135,357,868,2202,865,2194,865,49.91777
2416,135,357,868,2202,865,2194,865,49.91777
2417,135,357,868,2202,865,2194,865,49.91777
2418,135,357,868,2202,865,2194,865,49.91777
2419,135,357,868,2202,865,2194,865,49.91777
2420,135,357,868,2202,865,2194,865,49.91777
2421,135,357,868,2202,865,2194,865,49.91777
2422,135,357,868,2202,865,2194,865,49.91777
2423,135,357,868,2202,865,2194,865,49.91777
2424,135,357,868,2202,865,2194,865,49.91777
2425,135,357,868,2202,865,2194,865,49.91777
2426,135,357,868,2202,865,2194,865,49.91777
2427,135,357,868,2202,865,2194,865,49.91777
2428,135,357,868,2202,865,2194,865,49.91777
2429,135,357,868,2202,865,2194,865,49.91777
2430,135,357,868,2202,865,2194,865,49.91777
2431,135,357,868,2202,865,2194,865,49.91777
2432,135,357,868,2202,865,2194,865,49.91777
2433,135,357,868,2202,865,2194,865,49.91777
2434,135,357,868,2202,865,2194,865,49.91777
2435,135,357,868,2202,865,2194,865,49.91777
2436,135,357,868,2202,865,2194,865,49.91777
2437,135,357,868,2202,865,2194,865,49.91777
2438,135,357,868,2202,865,2194,865,49.91777
2439,135,357,868,2202,865,2194,865,49.91777
2440,135,357,868,2202,865,2194,865,49.91777
2441,134,356,868,2202,866,2195,866,49.91777
2442,134,356,868,2202,866,2195,866,49.91327
2443,134,356,868,2202,866,2195,866,49.91327
2444,134,356,868,2202,866,2195,866,49.91327
2445,134,356,868,2202,866,2195,866,49.91327
2446,134,356,868,2202,866,2195,866,49.91327
2447,134,356,868,2202,866,2195,866,49.91327
2448,134,356,868,2202,866,2195,866,49.91327
2449,134,356,868,2202,866,2195,866,49.91327
2450,134,356,868,2202,866,2195,866,49.91327
2451,134,356,868,2202,866,2195,866,49.91327
2452,134,356,869,2204,866,2195,866,49.91327
2453,134,356,869,2204,866,2195,866,49.91327
2454,134,356,869,2204,866,2195,866,49.91327
2455,134,356,869,2204,866,2195,866,49.91327
2456,134,356,869,2204,866,2195,866,49.91327
2457,134,356,869,2204,866,2195,866,49.91327
2458,134,356,869,2204,866,2195,866,49.91327
2459,134,356,869,2204,866,2195,866,49.91327
2460,134,356,869,2204,866,2195,866,49.91327
2461,134,356,869,2204,866,2195,866,49.91327
2462,134,356,869,2204,866,2195,866,49.91327
2463,134,356,869,2204,866,2195,866,49.91327
2464,134,356,869,2204,866,2195,866,49.91327
2465,134,356,869,2204,866,2195,866,49.91327
2466,134,356,869,2204,866,2195,866,49.91327
2467,134,356,869,2204,866,2195,866,49.91327
2468,134,356,869,2204,866,2195,866,49.91327
2469,134,356,869,2204,866,2195,866,49.91327
2470,134,356,869,2204,866,2195,866,49.91327
2471,134,356,869,2204,866,2195,866,49.91327
2472,134,356,869,2204,866,2195,866,49.91327
2473,134,356,869,2204,866,2195,866,49.91327
2474,133,351,869,2204,867,2200,867,49.91327
2475,133,351,869,2204,867,2200,867,49.93325
2476,133,351,869,2204,867,2200,867,49.93325
2477,133,351,869,2204,867,2200,867,49.93325
2478,133,351,869,2204,867,2200,867,49.93325
2479,133,351,869,2204,867,2200,867,49.93325
2480,133,351,869,2204,867,2200,867,49.93325
2481,133,351,869,2204,867,2200,867,49.93325
2482,133,351,869,2204,867,2200,867,49.93325
2483,133,351,869,2204,867,2200,867,49.93325
2484,133,351,869,2204,867,2200,867,49.93325
2485,132,349,869,2204,868,2202,868,49.93325
2486,132,349,869,2204,868,2202,868,49.9128
2487,132,349,869,2204,868,2202,868,49.9128
2488,132,349,869,2204,868,2202,868,49.9128
2489,132,349,869,2204,868,2202,868,49.9128
2490,132,349,869,2204,868,2202,868,49.9128
2491,132,349,869,2204,868,2202,868,49.9128
2492,132,349,869,2204,868,2202,868,49.9128
2493,132,349,869,2204,868,2202,868,49.9128
2494,132,349,869,2204,868,2202,868,49.9128
2495,132,349,869,2204,868,2202,868,49.9128
2496,131,347,869,2204,869,2204,869,49.9128
2497,131,347,869,2204,869,2204,869,49.95981
2498,131,347,869,2204,869,2204,869,49.95981
2499,131,347,869,2204,869,2204,869,49.95981
2500,131,347,869,2204,869,2204,869,49.95981
2501,131,347,869,2204,869,2204,869,49.95981
2502,131,347,869,2204,869,2204,869,49.95981
2503,131,347,869,2204,869,2204,869,49.95981
2504,131,347,869,2204,869,2204,869,49.95981
2505,131,347,869,2204,869,2204,869,49.95981
2506,131,347,869,2204,869,2204,869,49.95981
2507,131,347,869,2204,869,2204,869,49.95981
2508,131,347,869,2204,869,2204,869,49.95981
2509,131,347,869,2204,869,2204,869,49.95981
2510,131,347,869,2204,869,2204,869,49.95981
2511,131,347,869,2204,869,2204,869,49.95981
2512,131,347,869,2204,869,2204,869,49.95981
2513,131,347,869,2204,869,2204,869,49.95981
2514,131,347,869,2204,869,2204,869,49.95981
2515,131,347,869,2204,869,2204,869,49.95981
2516,131,347,869,2204,869,2204,869,49.95981
2517,131,347,869,2204,869,2204,869,49.95981
2518,131,347,869,2204,869,2204,869,49.95981
2519,131,347,869,2204,869,2204,869,49.95981
2520,131,347,869,2204,869,2204,869,49.95981
2521,131,347,869,2204,869,2204,869,49.95981
2522,131,347,869,2204,869,2204,869,49.95981
2523,131,347,869,2204,869,2204,869,49.95981
2524,131,347,869,2204,869,2204,869,49.95981
2525,131,347,869,2204,869,2204,869,49.95981
2526,131,347,869,2204,869,2204,869,49.95981
2527,131,347,869,2204,869,2204,869,49.95981
2528,131,347,869,2204,869,2204,869,49.95981
2529,131,347,869,2204,869,2204,869,49.95981
2530,131,347,869,2204,869,2204,869,49.95981
2531,131,347,869,2204,869,2204,869,49.95981
2532,131,347,869,2204,869,2204,869,49.95981
2533,131,347,869,2204,869,2204,869,49.95981
2534,131,347,869,2204,869,2204,869,49.95981
2535,131,347,869,2204,869,2204,869,49.95981
2536,131,347,869,2204,869,2204,869,49.95981
2537,131,347,869,2204,869,2204,869,49.95981
2538,131,347,869,2204,869,2204,869,49.95981
2539,131,347,869,2204,869,2204,869,49.95981
2540,131,347,870,2205,869,2204,869,49.95981
2541,131,347,870,2205,869,2204,869,49.95981
2542,131,347,870,2205,869,2204,869,49.95981
2543,131,347,870,2205,869,2204,869,49.95981
2544,131,347,870,2205,869,2204,869,49.95981
2545,131,347,870,2205,869,2204,869,49.95981
2546,131,347,870,2205,869,2204,869,49.95981
2547,131,347,870,2205,869,2204,869,49.95981
2548,131,347,870,2205,869,2204,869,49.95981
2549,131,347,870,2205,869,2204,869,49.95981
2550,131,347,870,2205,869,2204,869,49.95981
2551,131,347,870,2205,869,2204,869,49.95981
2552,131,347,870,2205,869,2204,869,49.95981
2553,131,347,870,2205,869,2204,869,49.95981
2554,130,346,870,2205,870,2205,870,49.95981
2555,130,346,870,2205,870,2205,870,49.91841
2556,130,346,870,2205,870,2205,870,49.91841
2557,130,346,870,2205,870,2205,870,49.91841
2558,130,346,870,2205,870,2205,870,49.91841
2559,130,346,870,2205,870,2205,870,49.91841
2560,130,346,870,2205,870,2205,870,49.91841
2561,130,346,870,2205,870,2205,870,49.91841
2562,130,346,870,2205,870,2205,870,49.91841
2563,130,346,870,2205,870,2205,870,49.91841
2564,130,346,870,2205,870,2205,870,49.91841
2565,130,346,870,2205,870,2205,870,49.91841
2566,130,346,870,2205,870,2205,870,49.91841
2567,130,346,870,2205,870,2205,870,49.91841
2568,130,346,870,2205,870,2205,870,49.91841
2569,130,346,870,2205,870,2205,870,49.91841
2570,130,346,870,2205,870,2205,870,49.91841
2571,130,346,870,2205,870,2205,870,49.91841
2572,130,346,870,2205,870,2205,870,49.91841
2573,130,346,870,2205,870,2205,870,49.91841
2574,130,346,870,2205,870,2205,870,49.91841
2575,130,346,870,2205,870,2205,870,49.91841
2576,130,346,870,2205,870,2205,870,49.91841
2577,130,346,870,2205,870,2205,870,49.91841
2578,130,346,870,2205,870,2205,870,49.91841
2579,130,346,870,2205,870,2205,870,49.91841
2580,130,346,870,2205,870,2205,870,49.91841
2581,130,346,870,2205,870,2205,870,49.91841
2582,130,346,870,2205,870,2205,870,49.91841
2583,130,346,870,2205,870,2205,870,49.91841
2584,130,346,870,2205,870,2205,870,49.91841
2585,130,346,870,2205,870,2205,870,49.91841
2586,130,346,870,2205,870,2205,870,49.91841
2587,130,346,870,2205,870,2205,870,49.91841
2588,130,346,870,2205,870,2205,870,49.91841
2589,130,346,870,2205,870,2205,870,49.91841
2590,130,346,870,2205,870,2205,870,49.91841
2591,130,346,870,2205,870,2205,870,49.91841
2592,130,346,870,2205,870,2205,870,49.91841
2593,130,346,870,2205,870,2205,870,49.91841
2594,130,346,870,2205,870,2205,870,49.91841
2595,130,346,870,2205,870,2205,870,49.91841
2596,130,346,870,2205,870,2205,870,49.91841
2597,130,346,870,2205,870,2205,870,49.91841
2598,130,346,870,2205,870,2205,870,49.91841
2599,130,346,870,2205,870,2205,870,49.91841
2600,130,346,870,2205,870,2205,870,49.91841
2601,130,346,870,2205,870,2205,870,49.91841
2602,130,346,870,2205,870,2205,870,49.91841
2603,130,346,870,2205,870,2205,870,49.91841
2604,130,346,870,2205,870,2205,870,49.91841
2605,130,346,870,2205,870,2205,870,49.91841
2606,130,346,870,2205,870,2205,870,49.91841
2607,130,346,870,2205,870,2205,870,49.91841
2608,130,346,870,2205,870,2205,870,49.91841
2609,130,346,870,2205,870,2205,870,49.91841
2610,130,346,870,2205,870,2205,870,49.91841
2611,130,346,870,2205,870,2205,870,49.91841
2612,130,346,870,2205,870,2205,870,49.91841
2613,130,346,870,2205,870,2205,870,49.91841
2614,130,346,870,2205,870,2205,870,49.91841
2615,130,346,871,2209,870,2205,870,49.91841
2616,130,346,871,2209,870,2205,870,49.91841
2617,130,346,871,2209,870,2205,870,49.91841
2618,130,346,871,2209,870,2205,870,49.91841
2619,130,346,871,2209,870,2205,870,49.91841
2620,130,346,871,2209,870,2205,870,49.91841
2621,130,346,871,2209,870,2205,870,49.91841
2622,130,346,871,2209,870,2205,870,49.91841
2623,130,346,871,2209,870,2205,870,49.91841
2624,130,346,871,2209,870,2205,870,49.91841
2625,130,346,872,2210,870,2205,870,49.91841
2626,130,346,872,2210,870,2205,870,49.91841
2627,130,346,872,2210,870,2205,870,49.91841
2628,130,346,872,2210,870,2205,870,49.91841
2629,130,346,872,2210,870,2205,870,49.91841
2630,130,346,872,2210,870,2205,870,49.91841
2631,130,346,872,2210,870,2205,870,49.91841
2632,130,346,872,2210,870,2205,870,49.91841
2633,130,346,872,2210,870,2205,870,49.91841
2634,130,346,872,2210,870,2205,870,49.91841
2635,130,346,872,2210,870,2205,870,49.91841
2636,130,346,872,2210,870,2205,870,49.91841
2637,130,346,872,2210,870,2205,870,49.91841
2638,130,346,872,2210,870,2205,870,49.91841
2639,130,346,872,2210,870,2205,870,49.91841
2640,130,346,872,2210,870,2205,870,49.91841
2641,130,346,872,2210,870,2205,870,49.91841
2642,130,346,872,2210,870,2205,870,49.91841
2643,130,346,872,2210,870,2205,870,49.91841
2644,130,346,872,2210,870,2205,870,49.91841
2645,130,346,872,2210,870,2205,870,49.91841
2646,129,342,872,2210,871,2209,871,49.91841
2647,129,342,872,2210,871,2209,871,49.89251
2648,128,341,872,2210,872,2210,872,49.89251
2649,128,341,872,2210,872,2210,872,49.85824
2650,128,341,872,2210,872,2210,872,49.85824
2651,128,341,872,2210,872,2210,872,49.85824
2652,128,341,872,2210,872,2210,872,49.85824
2653,128,341,872,2210,872,2210,872,49.85824
2654,128,341,872,2210,872,2210,872,49.85824
2655,128,341,872,2210,872,2210,872,49.85824
2656,128,341,872,2210,872,2210,872,49.85824
2657,128,341,872,2210,872,2210,872,49.85824
2658,128,341,872,2210,872,2210,872,49.85824
2659,128,341,872,2210,872,2210,872,49.85824
2660,128,341,872,2210,872,2210,872,49.85824
2661,128,341,872,2210,872,2210,872,49.85824
2662,128,341,873,2211,872,2210,872,49.85824
2663,128,341,873,2211,872,2210,872,49.85824
2664,128,341,873,2211,872,2210,872,49.85824
2665,128,341,873,2211,872,2210,872,49.85824
2666,128,341,873,2211,872,2210,872,49.85824
2667,128,341,873,2211,872,2210,872,49.85824
2668,128,341,873,2211,872,2210,872,49.85824
2669,128,341,873,2211,872,2210,872,49.85824
2670,128,341,873,2211,872,2210,872,49.85824
2671,128,341,873,2211,872,2210,872,49.85824
2672,128,341,873,2211,872,2210,872,49.85824
2673,128,341,873,2211,872,2210,872,49.85824
2674,128,341,873,2211,872,2210,872,49.85824
2675,128,341,873,2211,872,2210,872,49.85824
2676,128,341,873,2211,872,2210,872,49.85824
2677,128,341,873,2211,872,2210,872,49.85824
2678,128,341,873,2211,872,2210,872,49.85824
2679,128,341,873,2211,872,2210,872,49.85824
2680,128,341,873,2211,872,2210,872,49.85824
2681,128,341,873,2211,872,2210,872,49.85824
2682,128,341,873,2211,872,2210,872,49.85824
2683,128,341,873,2211,872,2210,872,49.85824
2684,128,341,873,2211,872,2210,872,49.85824
2685,128,341,873,2211,872,2210,872,49.85824
2686,128,341,873,2211,872,2210,872,49.85824
2687,128,341,874,2215,872,2210,872,49.85824
2688,128,341,874,2215,872,2210,872,49.85824
2689,128,341,874,2215,872,2210,872,49.85824
2690,128,341,874,2215,872,2210,872,49.85824
2691,128,341,875,2217,872,2210,872,49.85824
2692,128,341,875,2217,872,2210,872,49.85824
2693,128,341,875,2217,872,2210,872,49.85824
2694,128,341,875,2217,872,2210,872,49.85824
2695,128,341,875,2217,872,2210,872,49.85824
2696,128,341,875,2217,872,2210,872,49.85824
2697,128,341,875,2217,872,2210,872,49.85824
2698,128,341,875,2217,872,2210,872,49.85824
2699,128,341,875,2217,872,2210,872,49.85824
2700,128,341,875,2217,872,2210,872,49.85824
2701,128,341,875,2217,872,2210,872,49.85824
2702,128,341,875,2217,872,2210,872,49.85824
2703,128,341,875,2217,872,2210,872,49.85824
2704,128,341,875,2217,872,2210,872,49.85824
2705,128,341,875,2217,872,2210,872,49.85824
2706,128,341,875,2217,872,2210,872,49.85824
2707,128,341,875,2217,872,2210,872,49.85824
2708,128,341,875,2217,872,2210,872,49.85824
2709,127,340,875,2217,873,2211,873,49.85824
2710,127,340,875,2217,873,2211,873,49.84644
2711,127,340,875,2217,873,2211,873,49.84644
2712,127,340,876,2219,873,2211,873,49.84644
2713,127,340,876,2219,873,2211,873,49.84644
2714,127,340,876,2219,873,2211,873,49.84644
2715,126,336,876,2219,874,2215,874,49.84644
2716,126,336,876,2219,874,2215,874,49.81645
2717,126,336,876,2219,874,2215,874,49.81645
2718,126,336,876,2219,874,2215,874,49.81645
2719,126,336,876,2219,874,2215,874,49.81645
2720,126,336,876,2219,874,2215,874,49.81645
2721,126,336,876,2219,874,2215,874,49.81645
2722,126,336,877,2224,874,2215,874,49.81645
2723,126,336,877,2224,874,2215,874,49.81645
2724,126,336,877,2224,874,2215,874,49.81645
2725,126,336,877,2224,874,2215,874,49.81645
2726,126,336,877,2224,874,2215,874,49.81645
2727,125,334,877,2224,875,2217,875,49.81645
2728,125,334,877,2224,875,2217,875,49.77153
2729,125,334,877,2224,875,2217,875,49.77153
2730,125,334,877,2224,875,2217,875,49.77153
2731,125,334,877,2224,875,2217,875,49.77153
2732,125,334,877,2224,875,2217,875,49.77153
2733,125,334,877,2224,875,2217,875,49.77153
2734,125,334,877,2224,875,2217,875,49.77153
2735,125,334,877,2224,875,2217,875,49.77153
2736,124,332,877,2224,876,2219,876,49.77153
2737,124,332,877,2224,876,2219,876,49.76268
2738,124,332,877,2224,876,2219,876,49.76268
2739,124,332,877,2224,876,2219,876,49.76268
2740,124,332,877,2224,876,2219,876,49.76268
2741,124,332,877,2224,876,2219,876,49.76268
2742,124,332,877,2224,876,2219,876,49.76268
2743,124,332,877,2224,876,2219,876,49.76268
2744,124,332,877,2224,876,2219,876,49.76268
2745,124,332,877,2224,876,2219,876,49.76268
2746,124,332,877,2224,876,2219,876,49.76268
2747,124,332,877,2224,876,2219,876,49.76268
2748,124,332,877,2224,876,2219,876,49.76268
2749,124,332,877,2224,876,2219,876,49.76268
2750,124,332,877,2224,876,2219,876,49.76268
2751,124,332,877,2224,876,2219,876,49.76268
2752,124,332,877,2224,876,2219,876,49.76268
2753,124,332,877,2224,876,2219,876,49.76268
2754,124,332,877,2224,876,2219,876,49.76268
2755,124,332,877,2224,876,2219,876,49.76268
2756,124,332,877,2224,876,2219,876,49.76268
2757,124,332,877,2224,876,2219,876,49.76268
2758,124,332,877,2224,876,2219,876,49.76268
2759,124,332,877,2224,876,2219,876,49.76268
2760,124,332,877,2224,876,2219,876,49.76268
2761,124,332,877,2224,876,2219,876,49.76268
2762,124,332,877,2224,876,2219,876,49.76268
2763,124,332,877,2224,876,2219,876,49.76268
2764,124,332,877,2224,876,2219,876,49.76268
2765,124,332,877,2224,876,2219,876,49.76268
2766,124,332,877,2224,876,2219,876,49.76268
2767,124,332,877,2224,876,2219,876,49.76268
2768,124,332,877,2224,876,2219,876,49.76268
2769,124,332,877,2224,876,2219,876,49.76268
2770,124,332,877,2224,876,2219,876,49.76268
2771,124,332,877,2224,876,2219,876,49.76268
2772,124,332,877,2224,876,2219,876,49.76268
2773,124,332,877,2224,876,2219,876,49.76268
2774,124,332,877,2224,876,2219,876,49.76268
2775,124,332,877,2224,876,2219,876,49.76268
2776,124,332,877,2224,876,2219,876,49.76268
2777,124,332,877,2224,876,2219,876,49.76268
2778,124,332,877,2224,876,2219,876,49.76268
2779,124,332,877,2224,876,2219,876,49.76268
2780,124,332,877,2224,876,2219,876,49.76268
2781,124,332,877,2224,876,2219,876,49.76268
2782,124,332,877,2224,876,2219,876,49.76268
2783,124,332,877,2224,876,2219,876,49.76268
2784,124,332,877,2224,876,2219,876,49.76268
2785,124,332,877,2224,876,2219,876,49.76268
2786,124,332,877,2224,876,2219,876,49.76268
2787,124,332,877,2224,876,2219,876,49.76268
2788,124,332,877,2224,876,2219,876,49.76268
2789,124,332,878,2225,876,2219,876,49.76268
2790,124,332,878,2225,876,2219,876,49.76268
2791,124,332,878,2225,876,2219,876,49.76268
2792,124,332,878,2225,876,2219,876,49.76268
2793,124,332,878,2225,876,2219,876,49.76268
2794,124,332,878,2225,876,2219,876,49.76268
2795,124,332,878,2225,876,2219,876,49.76268
2796,124,332,878,2225,876,2219,876,49.76268
2797,124,332,878,2225,876,2219,876,49.76268
2798,124,332,878,2225,876,2219,876,49.76268
2799,124,332,878,2225,876,2219,876,49.76268
2800,124,332,878,2225,876,2219,876,49.76268
2801,124,332,878,2225,876,2219,876,49.76268
2802,124,332,878,2225,876,2219,876,49.76268
2803,124,332,878,2225,876,2219,876,49.76268
2804,124,332,878,2225,876,2219,876,49.76268
2805,124,332,878,2225,876,2219,876,49.76268
2806,124,332,878,2225,876,2219,876,49.76268
2807,124,332,878,2225,876,2219,876,49.76268
2808,124,332,878,2225,876,2219,876,49.76268
2809,124,332,878,2225,876,2219,876,49.76268
2810,124,332,878,2225,876,2219,876,49.76268
2811,124,332,878,2225,876,2219,876,49.76268
2812,124,332,878,2225,876,2219,876,49.76268
2813,124,332,878,2225,876,2219,876,49.76268
2814,124,332,878,2225,876,2219,876,49.76268
2815,124,332,878,2225,876,2219,876,49.76268
2816,124,332,878,2225,876,2219,876,49.76268
2817,124,332,878,2225,876,2219,876,49.76268
2818,124,332,878,2225,876,2219,876,49.76268
2819,124,332,878,2225,876,2219,876,49.76268
2820,124,332,878,2225,876,2219,876,49.76268
2821,124,332,878,2225,876,2219,876,49.76268
2822,124,332,878,2225,876,2219,876,49.76268
2823,123,327,878,2225,877,2224,877,49.76268
2824,123,327,878,2225,877,2224,877,49.81791
2825,123,327,878,2225,877,2224,877,49.81791
2826,123,327,878,2225,877,2224,877,49.81791
2827,123,327,878,2225,877,2224,877,49.81791
2828,123,327,878,2225,877,2224,877,49.81791
2829,122,326,878,2225,878,2225,878,49.81791
2830,122,326,878,2225,878,2225,878,49.79347
2831,122,326,878,2225,878,2225,878,49.79347
2832,122,326,878,2225,878,2225,878,49.79347
2833,122,326,878,2225,878,2225,878,49.79347
2834,122,326,878,2225,878,2225,878,49.79347
2835,122,326,878,2225,878,2225,878,49.79347
2836,122,326,878,2225,878,2225,878,49.79347
2837,122,326,878,2225,878,2225,878,49.79347
2838,122,326,878,2225,878,2225,878,49.79347
2839,122,326,878,2225,878,2225,878,49.79347
2840,122,326,878,2225,878,2225,878,49.79347
2841,122,326,878,2225,878,2225,878,49.79347
2842,122,326,878,2225,878,2225,878,49.79347
2843,122,326,878,2225,878,2225,878,49.79347
2844,122,326,878,2225,878,2225,878,49.79347
2845,122,326,878,2225,878,2225,878,49.79347
2846,122,326,878,2225,878,2225,878,49.79347
2847,122,326,878,2225,878,2225,878,49.79347
2848,122,326,878,2225,878,2225,878,49.79347
2849,122,326,878,2225,878,2225,878,49.79347
2850,122,326,878,2225,878,2225,878,49.79347
2851,122,326,878,2225,878,2225,878,49.79347
2852,122,326,878,2225,878,2225,878,49.79347
2853,122,326,878,2225,878,2225,878,49.79347
2854,122,326,878,2225,878,2225,878,49.79347
2855,122,326,878,2225,878,2225,878,49.79347
2856,122,326,878,2225,878,2225,878,49.79347
2857,122,326,879,2229,878,2225,878,49.79347
2858,122,326,879,2229,878,2225,878,49.79347
2859,122,326,879,2229,878,2225,878,49.79347
2860,122,326,879,2229,878,2225,878,49.79347
2861,122,326,879,2229,878,2225,878,49.79347
2862,122,326,879,2229,878,2225,878,49.79347
2863,122,326,879,2229,878,2225,878,49.79347
2864,122,326,879,2229,878,2225,878,49.79347
2865,122,326,879,2229,878,2225,878,49.79347
2866,122,326,879,2229,878,2225,878,49.79347
2867,122,326,879,2229,878,2225,878,49.79347
2868,122,326,879,2229,878,2225,878,49.79347
2869,122,326,879,2229,878,2225,878,49.79347
2870,122,326,879,2229,878,2225,878,49.79347
2871,122,326,879,2229,878,2225,878,49.79347
2872,122,326,879,2229,878,2225,878,49.79347
2873,122,326,879,2229,878,2225,878,49.79347
2874,122,326,879,2229,878,2225,878,49.79347
2875,122,326,880,2231,878,2225,878,49.79347
2876,122,326,880,2231,878,2225,878,49.79347
2877,122,326,880,2231,878,2225,878,49.79347
2878,122,326,880,2231,878,2225,878,49.79347
2879,122,326,880,2231,878,2225,878,49.79347
2880,122,326,881,2236,878,2225,878,49.79347
2881,122,326,881,2236,878,2225,878,49.79347
2882,122,326,881,2236,878,2225,878,49.79347
2883,122,326,881,2236,878,2225,878,49.79347
2884,121,321,881,2236,879,2230,879,49.79347
2885,121,321,881,2236,879,2230,879,49.74129
2886,121,321,881,2236,879,2230,879,49.74129
2887,121,321,881,2236,879,2230,879,49.74129
2888,121,321,882,2240,879,2230,879,49.74129
2889,121,321,882,2240,879,2230,879,49.74129
2890,121,321,882,2240,879,2230,879,49.74129
2891,121,321,883,2241,879,2230,879,49.74129
2892,121,321,883,2241,879,2230,879,49.74129
2893,121,321,883,2241,879,2230,879,49.74129
2894,121,321,883,2241,879,2230,879,49.74129
2895,121,321,883,2241,879,2230,879,49.74129
2896,121,321,883,2241,879,2230,879,49.74129
2897,121,321,883,2241,879,2230,879,49.74129
2898,121,321,883,2241,879,2230,879,49.74129
2899,121,321,883,2241,879,2230,879,49.74129
2900,121,321,883,2241,879,2230,879,49.74129
2901,121,321,883,2241,879,2230,879,49.74129
2902,121,321,883,2241,879,2230,879,49.74129
2903,121,321,883,2241,879,2230,879,49.74129
2904,121,321,883,2241,879,2230,879,49.74129
2905,121,321,883,2241,879,2230,879,49.74129
2906,121,321,883,2241,879,2230,879,49.74129
2907,121,321,883,2241,879,2230,879,49.74129
2908,121,321,883,2241,879,2230,879,49.74129
2909,121,321,883,2241,879,2230,879,49.74129
2910,121,321,883,2241,879,2230,879,49.74129
2911,121,321,883,2241,879,2230,879,49.74129
2912,121,321,883,2241,879,2230,879,49.74129
2913,121,321,883,2241,879,2230,879,49.74129
2914,121,321,883,2241,879,2230,879,49.74129
2915,121,321,883,2241,879,2230,879,49.74129
2916,121,321,883,2241,879,2230,879,49.74129
2917,121,321,883,2241,879,2230,879,49.74129
2918,120,317,883,2241,880,2234,880,49.74129
2919,120,317,883,2241,880,2234,880,49.7346
2920,120,317,883,2241,880,2234,880,49.7346
2921,120,317,883,2241,880,2234,880,49.7346
2922,120,317,883,2241,880,2234,880,49.7346
2923,119,315,883,2241,881,2236,881,49.7346
2924,119,315,883,2241,881,2236,881,49.72783
2925,119,315,883,2241,881,2236,881,49.72783
2926,119,315,883,2241,881,2236,881,49.72783
2927,119,315,883,2241,881,2236,881,49.72783
2928,119,315,883,2241,881,2236,881,49.72783
2929,119,315,883,2241,881,2236,881,49.72783
2930,119,315,883,2241,881,2236,881,49.72783
2931,119,315,883,2241,881,2236,881,49.72783
2932,119,315,883,2241,881,2236,881,49.72783
2933,119,315,883,2241,881,2236,881,49.72783
2934,119,315,883,2241,881,2236,881,49.72783
2935,119,315,883,2241,881,2236,881,49.72783
2936,119,315,883,2241,881,2236,881,49.72783
2937,119,315,883,2241,881,2236,881,49.72783
2938,119,315,883,2241,881,2236,881,49.72783
2939,119,315,883,2241,881,2236,881,49.72783
2940,119,315,883,2241,881,2236,881,49.72783
2941,119,315,883,2241,881,2236,881,49.72783
2942,119,315,883,2241,881,2236,881,49.72783
2943,119,315,883,2241,881,2236,881,49.72783
2944,119,315,883,2241,881,2236,881,49.72783
2945,119,315,883,2241,881,2236,881,49.72783
2946,118,311,883,2241,882,2240,882,49.72783
2947,118,311,883,2241,882,2240,882,49.73606
2948,118,311,883,2241,882,2240,882,49.73606
2949,118,311,883,2241,882,2240,882,49.73606
2950,118,311,883,2241,882,2240,882,49.73606
2951,118,311,883,2241,882,2240,882,49.73606
2952,118,311,883,2241,882,2240,882,49.73606
2953,118,311,883,2241,882,2240,882,49.73606
2954,117,310,883,2241,883,2241,883,49.73606
2955,117,310,883,2241,883,2241,883,49.74789
2956,117,310,883,2241,883,2241,883,49.74789
2957,117,310,883,2241,883,2241,883,49.74789
2958,117,310,883,2241,883,2241,883,49.74789
2959,117,310,883,2241,883,2241,883,49.74789
2960,117,310,883,2241,883,2241,883,49.74789
2961,117,310,883,2241,883,2241,883,49.74789
2962,117,310,883,2241,883,2241,883,49.74789
2963,117,310,883,2241,883,2241,883,49.74789
2964,117,310,883,2241,883,2241,883,49.74789
2965,117,310,883,2241,883,2241,883,49.74789
2966,117,310,883,2241,883,2241,883,49.74789
2967,117,310,883,2241,883,2241,883,49.74789
2968,117,310,884,2245,883,2241,883,49.74789
2969,117,310,884,2245,883,2241,883,49.74789
2970,117,310,884,2245,883,2241,883,49.74789
2971,117,310,884,2245,883,2241,883,49.74789
2972,117,310,884,2245,883,2241,883,49.74789
2973,117,310,884,2245,883,2241,883,49.74789
2974,117,310,884,2245,883,2241,883,49.74789
2975,117,310,884,2245,883,2241,883,49.74789
2976,117,310,884,2245,883,2241,883,49.74789
2977,117,310,884,2245,883,2241,883,49.74789
2978,117,310,884,2245,883,2241,883,49.74789
2979,117,310,884,2245,883,2241,883,49.74789
2980,117,310,884,2245,883,2241,883,49.74789
2981,117,310,884,2245,883,2241,883,49.74789
2982,117,310,884,2245,883,2241,883,49.74789
2983,117,310,884,2245,883,2241,883,49.74789
2984,117,310,884,2245,883,2241,883,49.74789
2985,117,310,884,2245,883,2241,883,49.74789
2986,117,310,884,2245,883,2241,883,49.74789
2987,117,310,884,2245,883,2241,883,49.74789
2988,117,310,884,2245,883,2241,883,49.74789
2989,116,306,884,2245,884,2245,884,49.74789
2990,116,306,884,2245,884,2245,884,49.71398
2991,116,306,884,2245,884,2245,884,49.71398
2992,116,306,884,2245,884,2245,884,49.71398
2993,116,306,884,2245,884,2245,884,49.71398
2994,116,306,884,2245,884,2245,884,49.71398
2995,116,306,884,2245,884,2245,884,49.71398
2996,116,306,884,2245,884,2245,884,49.71398
2997,116,306,884,2245,884,2245,884,49.71398
2998,116,306,884,2245,884,2245,884,49.71398
2999,116,306,884,2245,884,2245,884,49.71398
3000,116,306,884,2245,884,2245,884,49.71398
3001,116,306,884,2245,884,2245,884,49.71398
3002,116,306,884,2245,884,2245,884,49.71398
3003,116,306,884,2245,884,2245,884,49.71398
3004,116,306,884,2245,884,2245,884,49.71398
3005,116,306,884,2245,884,2245,884,49.71398
3006,116,306,884,2245,884,2245,884,49.71398
3007,116,306,884,2245,884,2245,884,49.71398
3008,116,306,884,2245,884,2245,884,49.71398
3009,116,306,884,2245,884,2245,884,49.71398
3010,116,306,884,2245,884,2245,884,49.71398
3011,116,306,884,2245,884,2245,884,49.71398
3012,116,306,884,2245,884,2245,884,49.71398
3013,116,306,884,2245,884,2245,884,49.71398
3014,116,306,884,2245,884,2245,884,49.71398
3015,116,306,884,2245,884,2245,884,49.71398
3016,116,306,884,2245,884,2245,884,49.71398
3017,116,306,884,2245,884,2245,884,49.71398
3018,116,306,884,2245,884,2245,884,49.71398
3019,116,306,884,2245,884,2245,884,49.71398
3020,116,306,884,2245,884,2245,884,49.71398
3021,116,306,884,2245,884,2245,884,49.71398
3022,116,306,884,2245,884,2245,884,49.71398
3023,116,306,884,2245,884,2245,884,49.71398
3024,116,306,884,2245,884,2245,884,49.71398
3025,116,306,884,2245,884,2245,884,49.71398
3026,116,306,884,2245,884,2245,884,49.71398
3027,116,306,884,2245,884,2245,884,49.71398
3028,116,306,884,2245,884,2245,884,49.71398
3029,116,306,884,2245,884,2245,884,49.71398
3030,116,306,884,2245,884,2245,884,49.71398
3031,116,306,884,2245,884,2245,884,49.71398
3032,116,306,884,2245,884,2245,884,49.71398
3033,116,306,884,2245,884,2245,884,49.71398
3034,116,306,884,2245,884,2245,884,49.71398
3035,116,306,884,2245,884,2245,884,49.71398
3036,116,306,884,2245,884,2245,884,49.71398
3037,116,306,885,2250,884,2245,884,49.71398
3038,116,306,885,2250,884,2245,884,49.71398
3039,116,306,885,2250,884,2245,884,49.71398
3040,116,306,885,2250,884,2245,884,49.71398
3041,116,306,885,2250,884,2245,884,49.71398
3042,116,306,885,2250,884,2245,884,49.71398
3043,116,306,885,2250,884,2245,884,49.71398
3044,116,306,885,2250,884,2245,884,49.71398
3045,116,306,885,2250,884,2245,884,49.71398
3046,116,306,885,2250,884,2245,884,49.71398
3047,116,306,885,2250,884,2245,884,49.71398
3048,116,306,885,2250,884,2245,884,49.71398
3049,116,306,885,2250,884,2245,884,49.71398
3050,116,306,885,2250,884,2245,884,49.71398
3051,116,306,885,2250,884,2245,884,49.71398
3052,116,306,885,2250,884,2245,884,49.71398
3053,116,306,885,2250,884,2245,884,49.71398
3054,116,306,885,2250,884,2245,884,49.71398
3055,116,306,885,2250,884,2245,884,49.71398
3056,116,306,885,2250,884,2245,884,49.71398
3057,116,306,885,2250,884,2245,884,49.71398
3058,116,306,885,2250,884,2245,884,49.71398
3059,116,306,885,2250,884,2245,884,49.71398
3060,116,306,885,2250,884,2245,884,49.71398
3061,116,306,885,2250,884,2245,884,49.71398
3062,116,306,885,2250,884,2245,884,49.71398
3063,116,306,885,2250,884,2245,884,49.71398
3064,116,306,885,2250,884,2245,884,49.71398
3065,116,306,885,2250,884,2245,884,49.71398
3066,116,306,885,2250,884,2245,884,49.71398
3067,116,306,885,2250,884,2245,884,49.71398
3068,116,306,885,2250,884,2245,884,49.71398
3069,116,306,885,2250,884,2245,884,49.71398
3070,116,306,885,2250,884,2245,884,49.71398
3071,116,306,885,2250,884,2245,884,49.71398
3072,116,306,885,2250,884,2245,884,49.71398
3073,116,306,885,2250,884,2245,884,49.71398
3074,116,306,885,2250,884,2245,884,49.71398
3075,116,306,885,2250,884,2245,884,49.71398
3076,116,306,885,2250,884,2245,884,49.71398
3077,115,301,885,2250,885,2250,885,49.71398
3078,115,301,885,2250,885,2250,885,49.70016
3079,115,301,885,2250,885,2250,885,49.70016
3080,115,301,885,2250,885,2250,885,49.70016
3081,115,301,885,2250,885,2250,885,49.70016
3082,115,301,885,2250,885,2250,885,49.70016
3083,115,301,885,2250,885,2250,885,49.70016
3084,115,301,885,2250,885,2250,885,49.70016
3085,115,301,885,2250,885,2250,885,49.70016
3086,115,301,885,2250,885,2250,885,49.70016
3087,115,301,885,2250,885,2250,885,49.70016
3088,115,301,885,2250,885,2250,885,49.70016
3089,115,301,885,2250,885,2250,885,49.70016
3090,115,301,885,2250,885,2250,885,49.70016
3091,115,301,885,2250,885,2250,885,49.70016
3092,115,301,885,2250,885,2250,885,49.70016
3093,115,301,885,2250,885,2250,885,49.70016
3094,115,301,885,2250,885,2250,885,49.70016
3095,115,301,886,2253,885,2250,885,49.70016
3096,115,301,886,2253,885,2250,885,49.70016
3097,115,301,886,2253,885,2250,885,49.70016
3098,115,301,886,2253,885,2250,885,49.70016
3099,115,301,886,2253,885,2250,885,49.70016
3100,115,301,886,2253,885,2250,885,49.70016
3101,115,301,886,2253,885,2250,885,49.70016
3102,115,301,886,2253,885,2250,885,49.70016
3103,115,301,886,2253,885,2250,885,49.70016
3104,115,301,886,2253,885,2250,885,49.70016
3105,115,301,886,2253,885,2250,885,49.70016
3106,115,301,886,2253,885,2250,885,49.70016
3107,115,301,886,2253,885,2250,885,49.70016
3108,115,301,886,2253,885,2250,885,49.70016
3109,115,301,886,2253,885,2250,885,49.70016
3110,115,301,886,2253,885,2250,885,49.70016
3111,115,301,886,2253,885,2250,885,49.70016
3112,115,301,886,2253,885,2250,885,49.70016
3113,115,301,886,2253,885,2250,885,49.70016
3114,115,301,886,2253,885,2250,885,49.70016
3115,115,301,886,2253,885,2250,885,49.70016
3116,115,301,886,2253,885,2250,885,49.70016
3117,115,301,886,2253,885,2250,885,49.70016
3118,115,301,886,2253,885,2250,885,49.70016
3119,115,301,886,2253,885,2250,885,49.70016
3120,115,301,886,2253,885,2250,885,49.70016
3121,115,301,886,2253,885,2250,885,49.70016
3122,115,301,886,2253,885,2250,885,49.70016
3123,115,301,886,2253,885,2250,885,49.70016
3124,115,301,886,2253,885,2250,885,49.70016
3125,115,301,886,2253,885,2250,885,49.70016
3126,115,301,886,2253,885,2250,885,49.70016
3127,114,298,886,2253,886,2253,886,49.70016
3128,114,298,887,2257,886,2253,886,49.67524
3129,114,298,887,2257,886,2253,886,49.67524
3130,114,298,888,2258,886,2253,886,49.67524
3131,114,298,888,2258,886,2253,886,49.67524
3132,114,298,888,2258,886,2253,886,49.67524
3133,114,298,888,2258,886,2253,886,49.67524
3134,114,298,888,2258,886,2253,886,49.67524
3135,114,298,888,2258,886,2253,886,49.67524
3136,114,298,888,2258,886,2253,886,49.67524
3137,114,298,888,2258,886,2253,886,49.67524
3138,114,298,888,2258,886,2253,886,49.67524
3139,114,298,888,2258,886,2253,886,49.67524
3140,114,298,888,2258,886,2253,886,49.67524
3141,114,298,888,2258,886,2253,886,49.67524
3142,114,298,888,2258,886,2253,886,49.67524
3143,114,298,888,2258,886,2253,886,49.67524
3144,114,298,888,2258,886,2253,886,49.67524
3145,114,298,888,2258,886,2253,886,49.67524
3146,114,298,888,2258,886,2253,886,49.67524
3147,114,298,888,2258,886,2253,886,49.67524
3148,114,298,888,2258,886,2253,886,49.67524
3149,114,298,888,2258,886,2253,886,49.67524
3150,114,298,888,2258,886,2253,886,49.67524
3151,114,298,889,2262,886,2253,886,49.67524
3152,114,298,889,2262,886,2253,886,49.67524
3153,114,298,889,2262,886,2253,886,49.67524
3154,113,297,889,2262,887,2254,887,49.67524
3155,113,297,889,2262,887,2254,887,49.64523
3156,113,297,889,2262,887,2254,887,49.64523
3157,113,297,889,2262,887,2254,887,49.64523
3158,113,297,889,2262,887,2254,887,49.64523
3159,113,297,890,2264,887,2254,887,49.64523
3160,113,297,890,2264,887,2254,887,49.64523
3161,113,297,890,2264,887,2254,887,49.64523
3162,113,297,890,2264,887,2254,887,49.64523
3163,113,297,890,2264,887,2254,887,49.64523
3164,113,297,890,2264,887,2254,887,49.64523
3165,113,297,890,2264,887,2254,887,49.64523
3166,113,297,890,2264,887,2254,887,49.64523
3167,113,297,890,2264,887,2254,887,49.64523
3168,113,297,890,2264,887,2254,887,49.64523
3169,113,297,890,2264,887,2254,887,49.64523
3170,113,297,890,2264,887,2254,887,49.64523
3171,113,297,890,2264,887,2254,887,49.64523
3172,113,297,890,2264,887,2254,887,49.64523
3173,113,297,890,2264,887,2254,887,49.64523
3174,112,295,890,2264,888,2256,888,49.64523
3175,112,295,891,2267,888,2256,888,49.60452
3176,112,295,891,2267,888,2256,888,49.60452
3177,112,295,891,2267,888,2256,888,49.60452
3178,112,295,891,2267,888,2256,888,49.60452
3179,112,295,891,2267,888,2256,888,49.60452
3180,112,295,891,2267,888,2256,888,49.60452
3181,112,295,892,2269,888,2256,888,49.60452
3182,112,295,892,2269,888,2256,888,49.60452
3183,112,295,892,2269,888,2256,888,49.60452
3184,112,295,892,2269,888,2256,888,49.60452
3185,112,295,892,2269,888,2256,888,49.60452
3186,112,295,892,2269,888,2256,888,49.60452
3187,112,295,892,2269,888,2256,888,49.60452
3188,112,295,892,2269,888,2256,888,49.60452
3189,112,295,892,2269,888,2256,888,49.60452
3190,112,295,892,2269,888,2256,888,49.60452
3191,112,295,892,2269,888,2256,888,49.60452
3192,112,295,892,2269,888,2256,888,49.60452
3193,112,295,892,2269,888,2256,888,49.60452
3194,112,295,892,2269,888,2256,888,49.60452
3195,112,295,892,2269,888,2256,888,49.60452
3196,112,295,892,2269,888,2256,888,49.60452
3197,112,295,892,2269,888,2256,888,49.60452
3198,112,295,892,2269,888,2256,888,49.60452
3199,112,295,892,2269,888,2256,888,49.60452
3200,112,295,892,2269,888,2256,888,49.60452
3201,112,295,892,2269,888,2256,888,49.60452
3202,112,295,892,2269,888,2256,888,49.60452
3203,112,295,892,2269,888,2256,888,49.60452
3204,112,295,892,2269,888,2256,888,49.60452
3205,112,295,892,2269,888,2256,888,49.60452
3206,111,291,892,2269,889,2260,889,49.60452
3207,111,291,892,2269,889,2260,889,49.63412
3208,111,291,892,2269,889,2260,889,49.63412
3209,111,291,892,2269,889,2260,889,49.63412
3210,111,291,892,2269,889,2260,889,49.63412
3211,111,291,892,2269,889,2260,889,49.63412
3212,111,291,892,2269,889,2260,889,49.63412
3213,111,291,892,2269,889,2260,889,49.63412
3214,111,291,893,2272,889,2260,889,49.63412
3215,111,291,893,2272,889,2260,889,49.63412
3216,111,291,893,2272,889,2260,889,49.63412
3217,111,291,893,2272,889,2260,889,49.63412
3218,111,291,893,2272,889,2260,889,49.63412
3219,110,287,893,2272,890,2264,890,49.63412
3220,110,287,893,2272,890,2264,890,49.64182
3221,110,287,893,2272,890,2264,890,49.64182
3222,110,287,893,2272,890,2264,890,49.64182
3223,110,287,893,2272,890,2264,890,49.64182
3224,110,287,893,2272,890,2264,890,49.64182
3225,110,287,893,2272,890,2264,890,49.64182
3226,110,287,893,2272,890,2264,890,49.64182
3227,110,287,893,2272,890,2264,890,49.64182
3228,110,287,893,2272,890,2264,890,49.64182
3229,110,287,893,2272,890,2264,890,49.64182
3230,110,287,893,2272,890,2264,890,49.64182
3231,110,287,893,2272,890,2264,890,49.64182
3232,109,285,893,2272,891,2266,891,49.64182
3233,109,285,893,2272,891,2266,891,49.63705
3234,109,285,893,2272,891,2266,891,49.63705
3235,109,285,893,2272,891,2266,891,49.63705
3236,109,285,893,2272,891,2266,891,49.63705
3237,109,285,893,2272,891,2266,891,49.63705
3238,109,285,893,2272,891,2266,891,49.63705
3239,108,282,894,2277,892,2269,892,49.63705
3240,108,282,894,2277,892,2269,892,49.63943
3241,108,282,894,2277,892,2269,892,49.63943
3242,108,282,894,2277,892,2269,892,49.63943
3243,108,282,894,2277,892,2269,892,49.63943
3244,108,282,894,2277,892,2269,892,49.63943
3245,108,282,894,2277,892,2269,892,49.63943
3246,108,282,894,2277,892,2269,892,49.63943
3247,108,282,894,2277,892,2269,892,49.63943
3248,108,282,895,2280,892,2269,892,49.63943
3249,108,282,895,2280,892,2269,892,49.63943
3250,108,282,895,2280,892,2269,892,49.63943
3251,108,282,895,2280,892,2269,892,49.63943
3252,108,282,895,2280,892,2269,892,49.63943
3253,108,282,895,2280,892,2269,892,49.63943
3254,108,282,895,2280,892,2269,892,49.63943
3255,108,282,895,2280,892,2269,892,49.63943
3256,108,282,895,2280,892,2269,892,49.63943
3257,108,282,895,2280,892,2269,892,49.63943
3258,108,282,895,2280,892,2269,892,49.63943
3259,108,282,895,2280,892,2269,892,49.63943
3260,108,282,895,2280,892,2269,892,49.63943
3261,108,282,895,2280,892,2269,892,49.63943
3262,108,282,896,2281,892,2269,892,49.63943
3263,107,277,896,2281,893,2274,893,49.63943
3264,107,277,896,2281,893,2274,893,49.60534
3265,107,277,896,2281,893,2274,893,49.60534
3266,107,277,896,2281,893,2274,893,49.60534
3267,106,274,896,2281,894,2277,894,49.60534
3268,106,274,896,2281,894,2277,894,49.59549
3269,106,274,896,2281,894,2277,894,49.59549
3270,106,274,896,2281,894,2277,894,49.59549
3271,106,274,897,2284,894,2277,894,49.59549
3272,106,274,897,2284,894,2277,894,49.59549
3273,106,274,897,2284,894,2277,894,49.59549
3274,106,274,897,2284,894,2277,894,49.59549
3275,106,274,897,2284,894,2277,894,49.59549
3276,106,274,897,2284,894,2277,894,49.59549
3277,106,274,897,2284,894,2277,894,49.59549
3278,106,274,897,2284,894,2277,894,49.59549
3279,106,274,897,2284,894,2277,894,49.59549
3280,106,274,897,2284,894,2277,894,49.59549
3281,106,274,897,2284,894,2277,894,49.59549
3282,106,274,897,2284,894,2277,894,49.59549
3283,105,273,897,2284,895,2278,895,49.59549
3284,105,273,897,2284,895,2278,895,49.56241
3285,105,273,897,2284,895,2278,895,49.56241
3286,105,273,897,2284,895,2278,895,49.56241
3287,105,273,897,2284,895,2278,895,49.56241
3288,105,273,897,2284,895,2278,895,49.56241
3289,104,270,897,2284,896,2281,896,49.56241
3290,104,270,897,2284,896,2281,896,49.55181
3291,104,270,897,2284,896,2281,896,49.55181
3292,104,270,897,2284,896,2281,896,49.55181
3293,104,270,897,2284,896,2281,896,49.55181
3294,104,270,897,2284,896,2281,896,49.55181
3295,104,270,897,2284,896,2281,896,49.55181
3296,104,270,897,2284,896,2281,896,49.55181
3297,104,270,897,2284,896,2281,896,49.55181
3298,104,270,897,2284,896,2281,896,49.55181
3299,104,270,897,2284,896,2281,896,49.55181
3300,104,270,897,2284,896,2281,896,49.55181
3301,103,267,897,2284,897,2284,897,49.55181
3302,103,267,897,2284,897,2284,897,49.52859
3303,103,267,897,2284,897,2284,897,49.52859
3304,103,267,897,2284,897,2284,897,49.52859
3305,103,267,897,2284,897,2284,897,49.52859
3306,103,267,897,2284,897,2284,897,49.52859
3307,103,267,897,2284,897,2284,897,49.52859
3308,103,267,897,2284,897,2284,897,49.52859
3309,103,267,897,2284,897,2284,897,49.52859
3310,103,267,897,2284,897,2284,897,49.52859
3311,103,267,897,2284,897,2284,897,49.52859
3312,103,267,897,2284,897,2284,897,49.52859
3313,103,267,897,2284,897,2284,897,49.52859
3314,103,267,897,2284,897,2284,897,49.52859
3315,103,267,897,2284,897,2284,897,49.52859
3316,103,267,897,2284,897,2284,897,49.52859
3317,103,267,897,2284,897,2284,897,49.52859
3318,103,267,897,2284,897,2284,897,49.52859
3319,103,267,897,2284,897,2284,897,49.52859
3320,103,267,897,2284,897,2284,897,49.52859
3321,103,267,897,2284,897,2284,897,49.52859
3322,103,267,897,2284,897,2284,897,49.52859
3323,103,267,898,2288,897,2284,897,49.52859
3324,103,267,898,2288,897,2284,897,49.52859
3325,103,267,898,2288,897,2284,897,49.52859
3326,103,267,898,2288,897,2284,897,49.52859
3327,103,267,898,2288,897,2284,897,49.52859
3328,103,267,898,2288,897,2284,897,49.52859
3329,103,267,899,2293,897,2284,897,49.52859
3330,103,267,899,2293,897,2284,897,49.52859
3331,103,267,899,2293,897,2284,897,49.52859
3332,103,267,899,2293,897,2284,897,49.52859
3333,103,267,899,2293,897,2284,897,49.52859
3334,103,267,899,2293,897,2284,897,49.52859
3335,103,267,899,2293,897,2284,897,49.52859
3336,103,267,899,2293,897,2284,897,49.52859
3337,103,267,899,2293,897,2284,897,49.52859
3338,103,267,899,2293,897,2284,897,49.52859
3339,103,267,899,2293,897,2284,897,49.52859
3340,103,267,899,2293,897,2284,897,49.52859
3341,103,267,899,2293,897,2284,897,49.52859
3342,103,267,899,2293,897,2284,897,49.52859
3343,103,267,899,2293,897,2284,897,49.52859
3344,103,267,899,2293,897,2284,897,49.52859
3345,103,267,899,2293,897,2284,897,49.52859
3346,103,267,899,2293,897,2284,897,49.52859
3347,103,267,899,2293,897,2284,897,49.52859
3348,103,267,899,2293,897,2284,897,49.52859
3349,103,267,899,2293,897,2284,897,49.52859
3350,103,267,899,2293,897,2284,897,49.52859
3351,103,267,899,2293,897,2284,897,49.52859
3352,103,267,899,2293,897,2284,897,49.52859
3353,103,267,899,2293,897,2284,897,49.52859
3354,103,267,899,2293,897,2284,897,49.52859
3355,103,267,899,2293,897,2284,897,49.52859
3356,103,267,899,2293,897,2284,897,49.52859
3357,103,267,899,2293,897,2284,897,49.52859
3358,102,262,899,2293,898,2289,898,49.52859
3359,102,262,899,2293,898,2289,898,49.4978
3360,102,262,899,2293,898,2289,898,49.4978
3361,102,262,899,2293,898,2289,898,49.4978
3362,102,262,899,2293,898,2289,898,49.4978
3363,102,262,899,2293,898,2289,898,49.4978
3364,102,262,899,2293,898,2289,898,49.4978
3365,102,262,899,2293,898,2289,898,49.4978
3366,102,262,899,2293,898,2289,898,49.4978
3367,102,262,899,2293,898,2289,898,49.4978
3368,102,262,899,2293,898,2289,898,49.4978
3369,102,262,899,2293,898,2289,898,49.4978
3370,102,262,899,2293,898,2289,898,49.4978
3371,102,262,899,2293,898,2289,898,49.4978
3372,102,262,899,2293,898,2289,898,49.4978
3373,102,262,899,2293,898,2289,898,49.4978
3374,102,262,899,2293,898,2289,898,49.4978
3375,102,262,899,2293,898,2289,898,49.4978
3376,102,262,899,2293,898,2289,898,49.4978
3377,102,262,899,2293,898,2289,898,49.4978
3378,102,262,899,2293,898,2289,898,49.4978
3379,102,262,899,2293,898,2289,898,49.4978
3380,102,262,900,2295,898,2289,898,49.4978
3381,102,262,900,2295,898,2289,898,49.4978
3382,102,262,900,2295,898,2289,898,49.4978
3383,102,262,900,2295,898,2289,898,49.4978
3384,102,262,900,2295,898,2289,898,49.4978
3385,102,262,900,2295,898,2289,898,49.4978
3386,102,262,900,2295,898,2289,898,49.4978
3387,102,262,900,2295,898,2289,898,49.4978
3388,102,262,900,2295,898,2289,898,49.4978
3389,102,262,901,2296,898,2289,898,49.4978
3390,102,262,901,2296,898,2289,898,49.4978
3391,102,262,901,2296,898,2289,898,49.4978
3392,102,262,901,2296,898,2289,898,49.4978
3393,102,262,901,2296,898,2289,898,49.4978
3394,102,262,901,2296,898,2289,898,49.4978
3395,101,258,902,2297,899,2293,899,49.4978
3396,101,258,902,2297,899,2293,899,49.50189
3397,101,258,902,2297,899,2293,899,49.50189
3398,101,258,902,2297,899,2293,899,49.50189
3399,101,258,902,2297,899,2293,899,49.50189
3400,101,258,903,2298,899,2293,899,49.50189
3401,101,258,903,2298,899,2293,899,49.50189
3402,101,258,903,2298,899,2293,899,49.50189
3403,101,258,903,2298,899,2293,899,49.50189
3404,101,258,903,2298,899,2293,899,49.50189
3405,101,258,903,2298,899,2293,899,49.50189
3406,101,258,903,2298,899,2293,899,49.50189
3407,101,258,903,2298,899,2293,899,49.50189
3408,101,258,903,2298,899,2293,899,49.50189
3409,101,258,903,2298,899,2293,899,49.50189
3410,101,258,903,2298,899,2293,899,49.50189
3411,101,258,903,2298,899,2293,899,49.50189
3412,101,258,903,2298,899,2293,899,49.50189
3413,101,258,903,2298,899,2293,899,49.50189
3414,101,258,903,2298,899,2293,899,49.50189
3415,101,258,903,2298,899,2293,899,49.50189
3416,101,258,903,2298,899,2293,899,49.50189
3417,101,258,903,2298,899,2293,899,49.50189
3418,101,258,903,2298,899,2293,899,49.50189
3419,101,258,903,2298,899,2293,899,49.50189
3420,101,258,903,2298,899,2293,899,49.50189
3421,101,258,903,2298,899,2293,899,49.50189
3422,101,258,903,2298,899,2293,899,49.50189
3423,101,258,903,2298,899,2293,899,49.50189
3424,101,258,903,2298,899,2293,899,49.50189
3425,101,258,903,2298,899,2293,899,49.50189
3426,100,257,903,2298,900,2294,900,49.50189
3427,100,257,903,2298,900,2294,900,49.47797
3428,100,257,903,2298,900,2294,900,49.47797
3429,100,257,903,2298,900,2294,900,49.47797
3430,100,257,903,2298,900,2294,900,49.47797
3431,100,257,903,2298,900,2294,900,49.47797
3432,100,257,903,2298,900,2294,900,49.47797
3433,100,257,903,2298,900,2294,900,49.47797
3434,100,257,903,2298,900,2294,900,49.47797
3435,100,257,903,2298,900,2294,900,49.47797
3436,100,257,903,2298,900,2294,900,49.47797
3437,100,257,903,2298,900,2294,900,49.47797
3438,100,257,903,2298,900,2294,900,49.47797
3439,100,257,903,2298,900,2294,900,49.47797
3440,100,257,903,2298,900,2294,900,49.47797
3441,100,257,903,2298,900,2294,900,49.47797
3442,100,257,903,2298,900,2294,900,49.47797
3443,100,257,903,2298,900,2294,900,49.47797
3444,99,256,904,2301,901,2295,901,49.47797
3445,99,256,904,2301,901,2295,901,49.48182
3446,98,255,904,2301,902,2296,902,49.48182
3447,98,255,904,2301,902,2296,902,49.46947
3448,98,255,904,2301,902,2296,902,49.46947
3449,98,255,904,2301,902,2296,902,49.46947
3450,98,255,904,2301,902,2296,902,49.46947
3451,98,255,904,2301,902,2296,902,49.46947
3452,98,255,904,2301,902,2296,902,49.46947
3453,98,255,904,2301,902,2296,902,49.46947
3454,98,255,904,2301,902,2296,902,49.46947
3455,98,255,904,2301,902,2296,902,49.46947
3456,98,255,904,2301,902,2296,902,49.46947
3457,98,255,904,2301,902,2296,902,49.46947
3458,98,255,904,2301,902,2296,902,49.46947
3459,98,255,904,2301,902,2296,902,49.46947
3460,98,255,904,2301,902,2296,902,49.46947
3461,98,255,904,2301,902,2296,902,49.46947
3462,98,255,904,2301,902,2296,902,49.46947
3463,98,255,905,2302,902,2296,902,49.46947
3464,98,255,905,2302,902,2296,902,49.46947
3465,98,255,905,2302,902,2296,902,49.46947
3466,98,255,905,2302,902,2296,902,49.46947
3467,97,253,905,2302,903,2298,903,49.46947
3468,96,250,905,2302,904,2301,904,49.51042
3469,96,250,905,2302,904,2301,904,49.47584
3470,96,250,905,2302,904,2301,904,49.47584
3471,96,250,905,2302,904,2301,904,49.47584
3472,96,250,905,2302,904,2301,904,49.47584
3473,96,250,906,2306,904,2301,904,49.47584
3474,96,250,906,2306,904,2301,904,49.47584
3475,95,246,906,2306,905,2305,905,49.47584
3476,95,246,906,2306,905,2305,905,49.4229
3477,95,246,906,2306,905,2305,905,49.4229
3478,95,246,906,2306,905,2305,905,49.4229
3479,95,246,906,2306,905,2305,905,49.4229
3480,95,246,906,2306,905,2305,905,49.4229
3481,95,246,906,2306,905,2305,905,49.4229
3482,95,246,906,2306,905,2305,905,49.4229
3483,95,246,906,2306,905,2305,905,49.4229
3484,95,246,906,2306,905,2305,905,49.4229
3485,95,246,906,2306,905,2305,905,49.4229
3486,95,246,906,2306,905,2305,905,49.4229
3487,95,246,906,2306,905,2305,905,49.4229
3488,95,246,906,2306,905,2305,905,49.4229
3489,95,246,906,2306,905,2305,905,49.4229
3490,95,246,906,2306,905,2305,905,49.4229
3491,95,246,906,2306,905,2305,905,49.4229
3492,95,246,906,2306,905,2305,905,49.4229
3493,95,246,906,2306,905,2305,905,49.4229
3494,95,246,906,2306,905,2305,905,49.4229
3495,95,246,906,2306,905,2305,905,49.4229
3496,95,246,906,2306,905,2305,905,49.4229
3497,95,246,906,2306,905,2305,905,49.4229
3498,95,246,906,2306,905,2305,905,49.4229
3499,94,245,906,2306,906,2306,906,49.4229
3500,94,245,906,2306,906,2306,906,49.40315
3501,94,245,906,2306,906,2306,906,49.40315
3502,94,245,906,2306,906,2306,906,49.40315
3503,94,245,906,2306,906,2306,906,49.40315
3504,94,245,906,2306,906,2306,906,49.40315
3505,94,245,906,2306,906,2306,906,49.40315
3506,94,245,906,2306,906,2306,906,49.40315
3507,94,245,906,2306,906,2306,906,49.40315
3508,94,245,906,2306,906,2306,906,49.40315
3509,94,245,906,2306,906,2306,906,49.40315
3510,94,245,906,2306,906,2306,906,49.40315
3511,94,245,906,2306,906,2306,906,49.40315
3512,94,245,906,2306,906,2306,906,49.40315
3513,94,245,906,2306,906,2306,906,49.40315
3514,94,245,906,2306,906,2306,906,49.40315
3515,94,245,906,2306,906,2306,906,49.40315
3516,94,245,906,2306,906,2306,906,49.40315
3517,94,245,906,2306,906,2306,906,49.40315
3518,94,245,906,2306,906,2306,906,49.40315
3519,94,245,906,2306,906,2306,906,49.40315
3520,94,245,906,2306,906,2306,906,49.40315
3521,94,245,906,2306,906,2306,906,49.40315
3522,94,245,906,2306,906,2306,906,49.40315
3523,94,245,906,2306,906,2306,906,49.40315
3524,94,245,906,2306,906,2306,906,49.40315
3525,94,245,906,2306,906,2306,906,49.40315
3526,94,245,906,2306,906,2306,906,49.40315
3527,94,245,906,2306,906,2306,906,49.40315
3528,94,245,906,2306,906,2306,906,49.40315
3529,94,245,906,2306,906,2306,906,49.40315
3530,94,245,906,2306,906,2306,906,49.40315
3531,94,245,906,2306,906,2306,906,49.40315
3532,94,245,906,2306,906,2306,906,49.40315
3533,94,245,906,2306,906,2306,906,49.40315
3534,94,245,906,2306,906,2306,906,49.40315
3535,94,245,906,2306,906,2306,906,49.40315
3536,94,245,906,2306,906,2306,906,49.40315
3537,94,245,906,2306,906,2306,906,49.40315
3538,94,245,906,2306,906,2306,906,49.40315
3539,94,245,906,2306,906,2306,906,49.40315
3540,94,245,907,2310,906,2306,906,49.40315
3541,94,245,907,2310,906,2306,906,49.40315
3542,94,245,907,2310,906,2306,906,49.40315
3543,94,245,907,2310,906,2306,906,49.40315
3544,94,245,907,2310,906,2306,906,49.40315
3545,94,245,907,2310,906,2306,906,49.40315
3546,94,245,907,2310,906,2306,906,49.40315
3547,94,245,907,2310,906,2306,906,49.40315
3548,94,245,908,2312,906,2306,906,49.40315
3549,94,245,908,2312,906,2306,906,49.40315
3550,94,245,908,2312,906,2306,906,49.40315
3551,94,245,908,2312,906,2306,906,49.40315
3552,94,245,908,2312,906,2306,906,49.40315
3553,94,245,908,2312,906,2306,906,49.40315
3554,94,245,908,2312,906,2306,906,49.40315
3555,94,245,908,2312,906,2306,906,49.40315
3556,94,245,908,2312,906,2306,906,49.40315
3557,94,245,908,2312,906,2306,906,49.40315
3558,94,245,908,2312,906,2306,906,49.40315
3559,94,245,908,2312,906,2306,906,49.40315
3560,94,245,909,2313,906,2306,906,49.40315
3561,94,245,909,2313,906,2306,906,49.40315
3562,94,245,909,2313,906,2306,906,49.40315
3563,94,245,910,2318,906,2306,906,49.40315
3564,94,245,910,2318,906,2306,906,49.40315
3565,94,245,910,2318,906,2306,906,49.40315
3566,94,245,910,2318,906,2306,906,49.40315
3567,94,245,910,2318,906,2306,906,49.40315
3568,94,245,910,2318,906,2306,906,49.40315
3569,94,245,910,2318,906,2306,906,49.40315
3570,94,245,910,2318,906,2306,906,49.40315
3571,94,245,910,2318,906,2306,906,49.40315
3572,94,245,910,2318,906,2306,906,49.40315
3573,94,245,910,2318,906,2306,906,49.40315
3574,94,245,910,2318,906,2306,906,49.40315
3575,94,245,910,2318,906,2306,906,49.40315
3576,94,245,910,2318,906,2306,906,49.40315
3577,94,245,910,2318,906,2306,906,49.40315
3578,93,243,910,2318,907,2308,907,49.40315
3579,93,243,910,2318,907,2308,907,49.37884
3580,93,243,910,2318,907,2308,907,49.37884
3581,93,243,910,2318,907,2308,907,49.37884
3582,93,243,910,2318,907,2308,907,49.37884
3583,93,243,910,2318,907,2308,907,49.37884
3584,93,243,910,2318,907,2308,907,49.37884
3585,93,243,910,2318,907,2308,907,49.37884
3586,92,242,910,2318,908,2309,908,49.37884
3587,92,242,910,2318,908,2309,908,49.35278
3588,92,242,910,2318,908,2309,908,49.35278
3589,92,242,910,2318,908,2309,908,49.35278
3590,92,242,910,2318,908,2309,908,49.35278
3591,92,242,910,2318,908,2309,908,49.35278
3592,92,242,910,2318,908,2309,908,49.35278
3593,92,242,910,2318,908,2309,908,49.35278
3594,92,242,910,2318,908,2309,908,49.35278
3595,92,242,910,2318,908,2309,908,49.35278
3596,92,242,910,2318,908,2309,908,49.35278
3597,92,242,910,2318,908,2309,908,49.35278
3598,92,242,910,2318,908,2309,908,49.35278
3599,92,242,910,2318,908,2309,908,49.35278
3600,91,237,910,2318,909,2314,909,49.35278
3601,91,237,910,2318,909,2314,909,49.33125
3602,91,237,910,2318,909,2314,909,49.33125
3603,91,237,910,2318,909,2314,909,49.33125
3604,91,237,910,2318,909,2314,909,49.33125
3605,91,237,910,2318,909,2314,909,49.33125
3606,91,237,910,2318,909,2314,909,49.33125
3607,91,237,910,2318,909,2314,909,49.33125
3608,91,237,910,2318,909,2314,909,49.33125
3609,91,237,910,2318,909,2314,909,49.33125
3610,91,237,910,2318,909,2314,909,49.33125
3611,91,237,910,2318,909,2314,909,49.33125
3612,91,237,910,2318,909,2314,909,49.33125
3613,91,237,910,2318,909,2314,909,49.33125
3614,91,237,910,2318,909,2314,909,49.33125
3615,90,233,910,2318,910,2318,910,49.33125
3616,90,233,910,2318,910,2318,910,49.33836
3617,90,233,910,2318,910,2318,910,49.33836
3618,90,233,910,2318,910,2318,910,49.33836
3619,90,233,910,2318,910,2318,910,49.33836
3620,90,233,910,2318,910,2318,910,49.33836
3621,90,233,911,2322,910,2318,910,49.33836
3622,90,233,911,2322,910,2318,910,49.33836
3623,90,233,911,2322,910,2318,910,49.33836
3624,90,233,911,2322,910,2318,910,49.33836
3625,90,233,911,2322,910,2318,910,49.33836
3626,90,233,911,2322,910,2318,910,49.33836
3627,90,233,911,2322,910,2318,910,49.33836
3628,90,233,911,2322,910,2318,910,49.33836
3629,90,233,912,2326,910,2318,910,49.33836
3630,90,233,912,2326,910,2318,910,49.33836
3631,90,233,912,2326,910,2318,910,49.33836
3632,90,233,912,2326,910,2318,910,49.33836
3633,90,233,912,2326,910,2318,910,49.33836
3634,90,233,912,2326,910,2318,910,49.33836
3635,90,233,912,2326,910,2318,910,49.33836
3636,90,233,912,2326,910,2318,910,49.33836
3637,90,233,912,2326,910,2318,910,49.33836
3638,90,233,912,2326,910,2318,910,49.33836
3639,90,233,912,2326,910,2318,910,49.33836
3640,90,233,912,2326,910,2318,910,49.33836
3641,90,233,913,2327,910,2318,910,49.33836
3642,90,233,913,2327,910,2318,910,49.33836
3643,90,233,913,2327,910,2318,910,49.33836
3644,90,233,913,2327,910,2318,910,49.33836
3645,90,233,913,2327,910,2318,910,49.33836
3646,90,233,913,2327,910,2318,910,49.33836
3647,90,233,913,2327,910,2318,910,49.33836
3648,90,233,913,2327,910,2318,910,49.33836
3649,90,233,913,2327,910,2318,910,49.33836
3650,90,233,913,2327,910,2318,910,49.33836
3651,90,233,913,2327,910,2318,910,49.33836
3652,90,233,913,2327,910,2318,910,49.33836
3653,90,233,913,2327,910,2318,910,49.33836
3654,90,233,913,2327,910,2318,910,49.33836
3655,90,233,913,2327,910,2318,910,49.33836
3656,90,233,913,2327,910,2318,910,49.33836
3657,90,233,913,2327,910,2318,910,49.33836
3658,90,233,913,2327,910,2318,910,49.33836
3659,90,233,913,2327,910,2318,910,49.33836
3660,90,233,913,2327,910,2318,910,49.33836
3661,90,233,913,2327,910,2318,910,49.33836
3662,90,233,913,2327,910,2318,910,49.33836
3663,90,233,913,2327,910,2318,910,49.33836
3664,90,233,913,2327,910,2318,910,49.33836
3665,89,229,913,2327,911,2322,911,49.33836
3666,89,229,913,2327,911,2322,911,49.31765
3667,89,229,913,2327,911,2322,911,49.31765
3668,88,225,913,2327,912,2326,912,49.31765
3669,88,225,913,2327,912,2326,912,49.31374
3670,88,225,913,2327,912,2326,912,49.31374
3671,88,225,913,2327,912,2326,912,49.31374
3672,88,225,913,2327,912,2326,912,49.31374
3673,88,225,913,2327,912,2326,912,49.31374
3674,88,225,913,2327,912,2326,912,49.31374
3675,88,225,913,2327,912,2326,912,49.31374
3676,88,225,913,2327,912,2326,912,49.31374
3677,88,225,913,2327,912,2326,912,49.31374
3678,88,225,913,2327,912,2326,912,49.31374
3679,88,225,913,2327,912,2326,912,49.31374
3680,88,225,913,2327,912,2326,912,49.31374
3681,88,225,913,2327,912,2326,912,49.31374
3682,88,225,913,2327,912,2326,912,49.31374
3683,88,225,913,2327,912,2326,912,49.31374
3684,88,225,913,2327,912,2326,912,49.31374
3685,88,225,913,2327,912,2326,912,49.31374
3686,88,225,913,2327,912,2326,912,49.31374
3687,88,225,913,2327,912,2326,912,49.31374
3688,88,225,913,2327,912,2326,912,49.31374
3689,88,225,913,2327,912,2326,912,49.31374
3690,88,225,914,2328,912,2326,912,49.31374
3691,88,225,914,2328,912,2326,912,49.31374
3692,88,225,914,2328,912,2326,912,49.31374
3693,88,225,914,2328,912,2326,912,49.31374
3694,88,225,914,2328,912,2326,912,49.31374
3695,88,225,914,2328,912,2326,912,49.31374
3696,88,225,914,2328,912,2326,912,49.31374
3697,88,225,914,2328,912,2326,912,49.31374
3698,88,225,914,2328,912,2326,912,49.31374
3699,88,225,914,2328,912,2326,912,49.31374
3700,88,225,914,2328,912,2326,912,49.31374
3701,88,225,914,2328,912,2326,912,49.31374
3702,88,225,914,2328,912,2326,912,49.31374
3703,88,225,914,2328,912,2326,912,49.31374
3704,88,225,914,2328,912,2326,912,49.31374
3705,88,225,914,2328,912,2326,912,49.31374
3706,88,225,914,2328,912,2326,912,49.31374
3707,87,224,914,2328,913,2327,913,49.31374
3708,87,224,914,2328,913,2327,913,49.32412
3709,87,224,914,2328,913,2327,913,49.32412
3710,87,224,914,2328,913,2327,913,49.32412
3711,87,224,914,2328,913,2327,913,49.32412
3712,87,224,914,2328,913,2327,913,49.32412
3713,87,224,914,2328,913,2327,913,49.32412
3714,87,224,914,2328,913,2327,913,49.32412
3715,87,224,914,2328,913,2327,913,49.32412
3716,87,224,914,2328,913,2327,913,49.32412
3717,87,224,914,2328,913,2327,913,49.32412
3718,87,224,914,2328,913,2327,913,49.32412
3719,87,224,914,2328,913,2327,913,49.32412
3720,87,224,914,2328,913,2327,913,49.32412
3721,87,224,914,2328,913,2327,913,49.32412
3722,87,224,914,2328,913,2327,913,49.32412
3723,87,224,914,2328,913,2327,913,49.32412
3724,86,223,914,2328,914,2328,914,49.32412
3725,86,223,914,2328,914,2328,914,49.296
3726,86,223,914,2328,914,2328,914,49.296
3727,86,223,914,2328,914,2328,914,49.296
3728,86,223,914,2328,914,2328,914,49.296
3729,86,223,914,2328,914,2328,914,49.296
3730,86,223,914,2328,914,2328,914,49.296
3731,86,223,914,2328,914,2328,914,49.296
3732,86,223,914,2328,914,2328,914,49.296
3733,86,223,914,2328,914,2328,914,49.296
3734,86,223,914,2328,914,2328,914,49.296
3735,86,223,914,2328,914,2328,914,49.296
3736,86,223,914,2328,914,2328,914,49.296
3737,86,223,914,2328,914,2328,914,49.296
3738,86,223,914,2328,914,2328,914,49.296
3739,86,223,914,2328,914,2328,914,49.296
3740,86,223,914,2328,914,2328,914,49.296
3741,86,223,914,2328,914,2328,914,49.296
3742,86,223,914,2328,914,2328,914,49.296
3743,86,223,914,2328,914,2328,914,49.296
3744,86,223,914,2328,914,2328,914,49.296
3745,86,223,914,2328,914,2328,914,49.296
3746,86,223,914,2328,914,2328,914,49.296
3747,86,223,914,2328,914,2328,914,49.296
3748,86,223,915,2329,914,2328,914,49.296
3749,86,223,915,2329,914,2328,914,49.296
3750,86,223,915,2329,914,2328,914,49.296
3751,86,223,915,2329,914,2328,914,49.296
3752,86,223,915,2329,914,2328,914,49.296
3753,86,223,915,2329,914,2328,914,49.296
3754,86,223,915,2329,914,2328,914,49.296
3755,86,223,915,2329,914,2328,914,49.296
3756,86,223,915,2329,914,2328,914,49.296
3757,86,223,915,2329,914,2328,914,49.296
3758,86,223,915,2329,914,2328,914,49.296
3759,86,223,915,2329,914,2328,914,49.296
3760,86,223,915,2329,914,2328,914,49.296
3761,86,223,915,2329,914,2328,914,49.296
3762,86,223,915,2329,914,2328,914,49.296
3763,86,223,915,2329,914,2328,914,49.296
3764,86,223,915,2329,914,2328,914,49.296
3765,86,223,915,2329,914,2328,914,49.296
3766,86,223,915,2329,914,2328,914,49.296
3767,86,223,915,2329,914,2328,914,49.296
3768,86,223,916,2332,914,2328,914,49.296
3769,86,223,916,2332,914,2328,914,49.296
3770,86,223,916,2332,914,2328,914,49.296
3771,86,223,916,2332,914,2328,914,49.296
3772,86,223,916,2332,914,2328,914,49.296
3773,86,223,916,2332,914,2328,914,49.296
3774,86,223,916,2332,914,2328,914,49.296
3775,86,223,916,2332,914,2328,914,49.296
3776,86,223,916,2332,914,2328,914,49.296
3777,86,223,916,2332,914,2328,914,49.296
3778,86,223,916,2332,914,2328,914,49.296
3779,86,223,917,2335,914,2328,914,49.296
3780,86,223,917,2335,914,2328,914,49.296
3781,86,223,918,2337,914,2328,914,49.296
3782,86,223,918,2337,914,2328,914,49.296
3783,86,223,918,2337,914,2328,914,49.296
3784,86,223,918,2337,914,2328,914,49.296
3785,86,223,918,2337,914,2328,914,49.296
3786,86,223,918,2337,914,2328,914,49.296
3787,86,223,918,2337,914,2328,914,49.296
3788,86,223,918,2337,914,2328,914,49.296
3789,86,223,918,2337,914,2328,914,49.296
3790,86,223,918,2337,914,2328,914,49.296
3791,86,223,918,2337,914,2328,914,49.296
3792,86,223,918,2337,914,2328,914,49.296
3793,86,223,918,2337,914,2328,914,49.296
3794,86,223,918,2337,914,2328,914,49.296
3795,86,223,918,2337,914,2328,914,49.296
3796,86,223,918,2337,914,2328,914,49.296
3797,86,223,918,2337,914,2328,914,49.296
3798,86,223,918,2337,914,2328,914,49.296
3799,86,223,918,2337,914,2328,914,49.296
3800,86,223,918,2337,914,2328,914,49.296
3801,86,223,918,2337,914,2328,914,49.296
3802,85,220,918,2337,915,2331,915,49.296
3803,85,220,918,2337,915,2331,915,49.27495
3804,85,220,918,2337,915,2331,915,49.27495
3805,85,220,918,2337,915,2331,915,49.27495
3806,85,220,918,2337,915,2331,915,49.27495
3807,85,220,918,2337,915,2331,915,49.27495
3808,84,219,918,2337,916,2332,916,49.27495
3809,84,219,918,2337,916,2332,916,49.27752
3810,84,219,918,2337,916,2332,916,49.27752
3811,84,219,918,2337,916,2332,916,49.27752
3812,84,219,918,2337,916,2332,916,49.27752
3813,84,219,918,2337,916,2332,916,49.27752
3814,84,219,918,2337,916,2332,916,49.27752
3815,84,219,918,2337,916,2332,916,49.27752
3816,84,219,918,2337,916,2332,916,49.27752
3817,84,219,918,2337,916,2332,916,49.27752
3818,84,219,918,2337,916,2332,916,49.27752
3819,84,219,918,2337,916,2332,916,49.27752
3820,84,219,918,2337,916,2332,916,49.27752
3821,84,219,918,2337,916,2332,916,49.27752
3822,84,219,918,2337,916,2332,916,49.27752
3823,84,219,918,2337,916,2332,916,49.27752
3824,84,219,918,2337,916,2332,916,49.27752
3825,84,219,918,2337,916,2332,916,49.27752
3826,84,219,918,2337,916,2332,916,49.27752
3827,84,219,918,2337,916,2332,916,49.27752
3828,84,219,918,2337,916,2332,916,49.27752
3829,84,219,918,2337,916,2332,916,49.27752
3830,84,219,918,2337,916,2332,916,49.27752
3831,84,219,918,2337,916,2332,916,49.27752
3832,84,219,918,2337,916,2332,916,49.27752
3833,84,219,918,2337,916,2332,916,49.27752
3834,84,219,918,2337,916,2332,916,49.27752
3835,84,219,918,2337,916,2332,916,49.27752
3836,84,219,918,2337,916,2332,916,49.27752
3837,84,219,919,2338,916,2332,916,49.27752
3838,83,216,919,2338,917,2335,917,49.27752
3839,83,216,919,2338,917,2335,917,49.28643
3840,83,216,919,2338,917,2335,917,49.28643
3841,83,216,919,2338,917,2335,917,49.28643
3842,83,216,919,2338,917,2335,917,49.28643
3843,83,216,919,2338,917,2335,917,49.28643
3844,83,216,919,2338,917,2335,917,49.28643
3845,83,216,919,2338,917,2335,917,49.28643
3846,83,216,919,2338,917,2335,917,49.28643
3847,83,216,919,2338,917,2335,917,49.28643
3848,83,216,919,2338,917,2335,917,49.28643
3849,83,216,919,2338,917,2335,917,49.28643
3850,83,216,919,2338,917,2335,917,49.28643
3851,83,216,919,2338,917,2335,917,49.28643
3852,83,216,919,2338,917,2335,917,49.28643
3853,83,216,919,2338,917,2335,917,49.28643
3854,83,216,919,2338,917,2335,917,49.28643
3855,83,216,919,2338,917,2335,917,49.28643
3856,83,216,919,2338,917,2335,917,49.28643
3857,83,216,919,2338,917,2335,917,49.28643
3858,83,216,919,2338,917,2335,917,49.28643
3859,83,216,919,2338,917,2335,917,49.28643
3860,83,216,919,2338,917,2335,917,49.28643
3861,82,214,919,2338,918,2337,918,49.28643
3862,82,214,919,2338,918,2337,918,49.30201
3863,82,214,919,2338,918,2337,918,49.30201
3864,82,214,919,2338,918,2337,918,49.30201
3865,82,214,919,2338,918,2337,918,49.30201
3866,82,214,920,2340,918,2337,918,49.30201
3867,82,214,920,2340,918,2337,918,49.30201
3868,82,214,920,2340,918,2337,918,49.30201
3869,82,214,920,2340,918,2337,918,49.30201
3870,82,214,920,2340,918,2337,918,49.30201
3871,82,214,920,2340,918,2337,918,49.30201
3872,82,214,920,2340,918,2337,918,49.30201
3873,82,214,920,2340,918,2337,918,49.30201
3874,82,214,920,2340,918,2337,918,49.30201
3875,82,214,920,2340,918,2337,918,49.30201
3876,82,214,920,2340,918,2337,918,49.30201
3877,82,214,920,2340,918,2337,918,49.30201
3878,82,214,920,2340,918,2337,918,49.30201
3879,82,214,920,2340,918,2337,918,49.30201
3880,82,214,920,2340,918,2337,918,49.30201
3881,82,214,920,2340,918,2337,918,49.30201
3882,82,214,920,2340,918,2337,918,49.30201
3883,82,214,920,2340,918,2337,918,49.30201
3884,82,214,920,2340,918,2337,918,49.30201
3885,82,214,920,2340,918,2337,918,49.30201
3886,82,214,920,2340,918,2337,918,49.30201
3887,82,214,920,2340,918,2337,918,49.30201
3888,82,214,920,2340,918,2337,918,49.30201
3889,82,214,920,2340,918,2337,918,49.30201
3890,82,214,920,2340,918,2337,918,49.30201
3891,82,214,920,2340,918,2337,918,49.30201
3892,82,214,920,2340,918,2337,918,49.30201
3893,82,214,920,2340,918,2337,918,49.30201
3894,82,214,920,2340,918,2337,918,49.30201
3895,82,214,920,2340,918,2337,918,49.30201
3896,82,214,920,2340,918,2337,918,49.30201
3897,82,214,920,2340,918,2337,918,49.30201
3898,82,214,920,2340,918,2337,918,49.30201
3899,82,214,920,2340,918,2337,918,49.30201
3900,82,214,920,2340,918,2337,918,49.30201
3901,82,214,920,2340,918,2337,918,49.30201
3902,82,214,920,2340,918,2337,918,49.30201
3903,81,212,920,2340,919,2339,919,49.30201
3904,81,212,920,2340,919,2339,919,49.28429
3905,80,211,920,2340,920,2340,920,49.28429
3906,80,211,920,2340,920,2340,920,49.30463
3907,80,211,920,2340,920,2340,920,49.30463
3908,80,211,920,2340,920,2340,920,49.30463
3909,80,211,920,2340,920,2340,920,49.30463
3910,80,211,920,2340,920,2340,920,49.30463
3911,80,211,920,2340,920,2340,920,49.30463
3912,80,211,921,2341,920,2340,920,49.30463
3913,80,211,921,2341,920,2340,920,49.30463
3914,80,211,921,2341,920,2340,920,49.30463
3915,80,211,921,2341,920,2340,920,49.30463
3916,80,211,921,2341,920,2340,920,49.30463
3917,80,211,921,2341,920,2340,920,49.30463
3918,80,211,921,2341,920,2340,920,49.30463
3919,80,211,921,2341,920,2340,920,49.30463
3920,80,211,921,2341,920,2340,920,49.30463
3921,80,211,921,2341,920,2340,920,49.30463
3922,80,211,921,2341,920,2340,920,49.30463
3923,80,211,921,2341,920,2340,920,49.30463
3924,80,211,921,2341,920,2340,920,49.30463
3925,80,211,921,2341,920,2340,920,49.30463
3926,80,211,921,2341,920,2340,920,49.30463
3927,80,211,921,2341,920,2340,920,49.30463
3928,80,211,921,2341,920,2340,920,49.30463
3929,80,211,921,2341,920,2340,920,49.30463
3930,80,211,921,2341,920,2340,920,49.30463
3931,80,211,921,2341,920,2340,920,49.30463
3932,80,211,921,2341,920,2340,920,49.30463
3933,80,211,921,2341,920,2340,920,49.30463
3934,80,211,921,2341,920,2340,920,49.30463
3935,80,211,921,2341,920,2340,920,49.30463
3936,80,211,921,2341,920,2340,920,49.30463
3937,80,211,921,2341,920,2340,920,49.30463
3938,80,211,921,2341,920,2340,920,49.30463
3939,80,211,921,2341,920,2340,920,49.30463
3940,80,211,921,2341,920,2340,920,49.30463
3941,80,211,921,2341,920,2340,920,49.30463
3942,80,211,921,2341,920,2340,920,49.30463
3943,80,211,921,2341,920,2340,920,49.30463
3944,80,211,921,2341,920,2340,920,49.30463
3945,80,211,921,2341,920,2340,920,49.30463
3946,80,211,921,2341,920,2340,920,49.30463
3947,80,211,921,2341,920,2340,920,49.30463
3948,80,211,921,2341,920,2340,920,49.30463
3949,80,211,921,2341,920,2340,920,49.30463
3950,80,211,921,2341,920,2340,920,49.30463
3951,80,211,921,2341,920,2340,920,49.30463
3952,80,211,921,2341,920,2340,920,49.30463
3953,80,211,921,2341,920,2340,920,49.30463
3954,80,211,921,2341,920,2340,920,49.30463
3955,80,211,921,2341,920,2340,920,49.30463
3956,80,211,921,2341,920,2340,920,49.30463
3957,80,211,921,2341,920,2340,920,49.30463
3958,80,211,921,2341,920,2340,920,49.30463
3959,80,211,921,2341,920,2340,920,49.30463
3960,80,211,921,2341,920,2340,920,49.30463
3961,80,211,921,2341,920,2340,920,49.30463
3962,80,211,921,2341,920,2340,920,49.30463
3963,80,211,921,2341,920,2340,920,49.30463
3964,80,211,921,2341,920,2340,920,49.30463
3965,80,211,921,2341,920,2340,920,49.30463
3966,80,211,921,2341,920,2340,920,49.30463
3967,80,211,921,2341,920,2340,920,49.30463
3968,80,211,921,2341,920,2340,920,49.30463
3969,80,211,921,2341,920,2340,920,49.30463
3970,80,211,921,2341,920,2340,920,49.30463
3971,80,211,921,2341,920,2340,920,49.30463
3972,79,210,921,2341,921,2341,921,49.30463
3973,79,210,921,2341,921,2341,921,49.30147
3974,79,210,921,2341,921,2341,921,49.30147
3975,79,210,921,2341,921,2341,921,49.30147
3976,79,210,921,2341,921,2341,921,49.30147
3977,79,210,921,2341,921,2341,921,49.30147
3978,79,210,921,2341,921,2341,921,49.30147
3979,79,210,921,2341,921,2341,921,49.30147
3980,79,210,921,2341,921,2341,921,49.30147
3981,79,210,921,2341,921,2341,921,49.30147
3982,79,210,921,2341,921,2341,921,49.30147
3983,79,210,921,2341,921,2341,921,49.30147
3984,79,210,921,2341,921,2341,921,49.30147
3985,79,210,921,2341,921,2341,921,49.30147
3986,79,210,921,2341,921,2341,921,49.30147
3987,79,210,921,2341,921,2341,921,49.30147
3988,79,210,921,2341,921,2341,921,49.30147
3989,79,210,921,2341,921,2341,921,49.30147
3990,79,210,921,2341,921,2341,921,49.30147
3991,79,210,921,2341,921,2341,921,49.30147
3992,79,210,921,2341,921,2341,921,49.30147
3993,79,210,921,2341,921,2341,921,49.30147
3994,79,210,921,2341,921,2341,921,49.30147
3995,79,210,921,2341,921,2341,921,49.30147
3996,79,210,921,2341,921,2341,921,49.30147
3997,79,210,921,2341,921,2341,921,49.30147
3998,79,210,921,2341,921,2341,921,49.30147
3999,79,210,921,2341,921,2341,921,49.30147
4000,79,210,921,2341,921,2341,921,49.30147
4001,79,210,921,2341,921,2341,921,49.30147
4002,79,210,921,2341,921,2341,921,49.30147
4003,79,210,921,2341,921,2341,921,49.30147
4004,79,210,921,2341,921,2341,921,49.30147
4005,79,210,921,2341,921,2341,921,49.30147
4006,79,210,921,2341,921,2341,921,49.30147
4007,79,210,921,2341,921,2341,921,49.30147
4008,79,210,921,2341,921,2341,921,49.30147
4009,79,210,921,2341,921,2341,921,49.30147
4010,79,210,921,2341,921,2341,921,49.30147
4011,79,210,921,2341,921,2341,921,49.30147
4012,79,210,921,2341,921,2341,921,49.30147
4013,79,210,921,2341,921,2341,921,49.30147
4014,79,210,921,2341,921,2341,921,49.30147
4015,79,210,921,2341,921,2341,921,49.30147
4016,79,210,921,2341,921,2341,921,49.30147
4017,79,210,921,2341,921,2341,921,49.30147
4018,79,210,921,2341,921,2341,921,49.30147
4019,79,210,921,2341,921,2341,921,49.30147
4020,79,210,921,2341,921,2341,921,49.30147
4021,79,210,921,2341,921,2341,921,49.30147
4022,79,210,921,2341,921,2341,921,49.30147
4023,79,210,921,2341,921,2341,921,49.30147
4024,79,210,921,2341,921,2341,921,49.30147
4025,79,210,921,2341,921,2341,921,49.30147
4026,79,210,921,2341,921,2341,921,49.30147
4027,79,210,921,2341,921,2341,921,49.30147
4028,79,210,921,2341,921,2341,921,49.30147
4029,79,210,921,2341,921,2341,921,49.30147
4030,79,210,921,2341,921,2341,921,49.30147
4031,79,210,921,2341,921,2341,921,49.30147
4032,79,210,921,2341,921,2341,921,49.30147
4033,79,210,921,2341,921,2341,921,49.30147
4034,79,210,921,2341,921,2341,921,49.30147
4035,79,210,921,2341,921,2341,921,49.30147
4036,79,210,921,2341,921,2341,921,49.30147
4037,79,210,921,2341,921,2341,921,49.30147
4038,79,210,921,2341,921,2341,921,49.30147
4039,79,210,921,2341,921,2341,921,49.30147
4040,79,210,921,2341,921,2341,921,49.30147
4041,79,210,921,2341,921,2341,921,49.30147
4042,79,210,921,2341,921,2341,921,49.30147
4043,79,210,921,2341,921,2341,921,49.30147
4044,79,210,921,2341,921,2341,921,49.30147
4045,79,210,921,2341,921,2341,921,49.30147
4046,79,210,921,2341,921,2341,921,49.30147
4047,79,210,921,2341,921,2341,921,49.30147
4048,79,210,921,2341,921,2341,921,49.30147
4049,79,210,921,2341,921,2341,921,49.30147
4050,79,210,921,2341,921,2341,921,49.30147
4051,79,210,921,2341,921,2341,921,49.30147
4052,79,210,921,2341,921,2341,921,49.30147
4053,79,210,921,2341,921,2341,921,49.30147
4054,79,210,921,2341,921,2341,921,49.30147
4055,79,210,921,2341,921,2341,921,49.30147
4056,79,210,921,2341,921,2341,921,49.30147
4057,79,210,922,2342,921,2341,921,49.30147
4058,79,210,922,2342,921,2341,921,49.30147
4059,79,210,922,2342,921,2341,921,49.30147
4060,79,210,922,2342,921,2341,921,49.30147
4061,79,210,922,2342,921,2341,921,49.30147
4062,79,210,922,2342,921,2341,921,49.30147
4063,79,210,922,2342,921,2341,921,49.30147
4064,79,210,922,2342,921,2341,921,49.30147
4065,79,210,922,2342,921,2341,921,49.30147
4066,79,210,922,2342,921,2341,921,49.30147
4067,79,210,922,2342,921,2341,921,49.30147
4068,79,210,922,2342,921,2341,921,49.30147
4069,79,210,922,2342,921,2341,921,49.30147
4070,79,210,923,2343,921,2341,921,49.30147
4071,79,210,923,2343,921,2341,921,49.30147
4072,79,210,923,2343,921,2341,921,49.30147
4073,79,210,923,2343,921,2341,921,49.30147
4074,79,210,923,2343,921,2341,921,49.30147
4075,79,210,923,2343,921,2341,921,49.30147
4076,79,210,923,2343,921,2341,921,49.30147
4077,79,210,923,2343,921,2341,921,49.30147
4078,79,210,923,2343,921,2341,921,49.30147
4079,79,210,923,2343,921,2341,921,49.30147
4080,79,210,923,2343,921,2341,921,49.30147
4081,79,210,923,2343,921,2341,921,49.30147
4082,79,210,923,2343,921,2341,921,49.30147
4083,79,210,923,2343,921,2341,921,49.30147
4084,79,210,923,2343,921,2341,921,49.30147
4085,79,210,923,2343,921,2341,921,49.30147
4086,79,210,923,2343,921,2341,921,49.30147
4087,79,210,923,2343,921,2341,921,49.30147
4088,79,210,923,2343,921,2341,921,49.30147
4089,79,210,923,2343,921,2341,921,49.30147
4090,79,210,923,2343,921,2341,921,49.30147
4091,79,210,923,2343,921,2341,921,49.30147
4092,79,210,924,2344,921,2341,921,49.30147
4093,79,210,924,2344,921,2341,921,49.30147
4094,79,210,924,2344,921,2341,921,49.30147
4095,79,210,924,2344,921,2341,921,49.30147
4096,79,210,924,2344,921,2341,921,49.30147
4097,79,210,924,2344,921,2341,921,49.30147
4098,79,210,924,2344,921,2341,921,49.30147
4099,79,210,924,2344,921,2341,921,49.30147
4100,79,210,924,2344,921,2341,921,49.30147
4101,79,210,924,2344,921,2341,921,49.30147
4102,79,210,924,2344,921,2341,921,49.30147
4103,79,210,924,2344,921,2341,921,49.30147
4104,79,210,924,2344,921,2341,921,49.30147
4105,79,210,924,2344,921,2341,921,49.30147
4106,79,210,924,2344,921,2341,921,49.30147
4107,79,210,924,2344,921,2341,921,49.30147
4108,79,210,924,2344,921,2341,921,49.30147
4109,79,210,925,2347,921,2341,921,49.30147
4110,78,209,925,2347,922,2342,922,49.30147
4111,78,209,925,2347,922,2342,922,49.26485
4112,78,209,925,2347,922,2342,922,49.26485
4113,78,209,925,2347,922,2342,922,49.26485
4114,78,209,925,2347,922,2342,922,49.26485
4115,78,209,925,2347,922,2342,922,49.26485
4116,78,209,925,2347,922,2342,922,49.26485
4117,78,209,926,2352,922,2342,922,49.26485
4118,78,209,926,2352,922,2342,922,49.26485
4119,78,209,926,2352,922,2342,922,49.26485
4120,78,209,926,2352,922,2342,922,49.26485
4121,78,209,926,2352,922,2342,922,49.26485
4122,78,209,926,2352,922,2342,922,49.26485
4123,78,209,926,2352,922,2342,922,49.26485
4124,78,209,926,2352,922,2342,922,49.26485
4125,78,209,927,2356,922,2342,922,49.26485
4126,78,209,927,2356,922,2342,922,49.26485
4127,77,204,927,2356,923,2347,923,49.26485
4128,77,204,927,2356,923,2347,923,49.22098
4129,77,204,927,2356,923,2347,923,49.22098
4130,77,204,927,2356,923,2347,923,49.22098
4131,77,204,927,2356,923,2347,923,49.22098
4132,77,204,927,2356,923,2347,923,49.22098
4133,77,204,927,2356,923,2347,923,49.22098
4134,77,204,927,2356,923,2347,923,49.22098
4135,77,204,927,2356,923,2347,923,49.22098
4136,77,204,927,2356,923,2347,923,49.22098
4137,77,204,927,2356,923,2347,923,49.22098
4138,77,204,927,2356,923,2347,923,49.22098
4139,77,204,927,2356,923,2347,923,49.22098
4140,76,203,927,2356,924,2348,924,49.22098
4141,76,203,927,2356,924,2348,924,49.24505
4142,76,203,927,2356,924,2348,924,49.24505
4143,76,203,927,2356,924,2348,924,49.24505
4144,76,203,927,2356,924,2348,924,49.24505
4145,76,203,927,2356,924,2348,924,49.24505
4146,76,203,927,2356,924,2348,924,49.24505
4147,76,203,927,2356,924,2348,924,49.24505
4148,76,203,927,2356,924,2348,924,49.24505
4149,76,203,927,2356,924,2348,924,49.24505
4150,76,203,928,2358,924,2348,924,49.24505
4151,76,203,928,2358,924,2348,924,49.24505
4152,76,203,929,2360,924,2348,924,49.24505
4153,76,203,930,2364,924,2348,924,49.24505
4154,76,203,930,2364,924,2348,924,49.24505
4155,76,203,930,2364,924,2348,924,49.24505
4156,76,203,930,2364,924,2348,924,49.24505
4157,76,203,930,2364,924,2348,924,49.24505
4158,76,203,930,2364,924,2348,924,49.24505
4159,76,203,930,2364,924,2348,924,49.24505
4160,76,203,930,2364,924,2348,924,49.24505
4161,76,203,931,2368,924,2348,924,49.24505
4162,76,203,931,2368,924,2348,924,49.24505
4163,76,203,931,2368,924,2348,924,49.24505
4164,76,203,931,2368,924,2348,924,49.24505
4165,76,203,931,2368,924,2348,924,49.24505
4166,76,203,931,2368,924,2348,924,49.24505
4167,76,203,931,2368,924,2348,924,49.24505
4168,76,203,931,2368,924,2348,924,49.24505
4169,76,203,931,2368,924,2348,924,49.24505
4170,76,203,931,2368,924,2348,924,49.24505
4171,76,203,931,2368,924,2348,924,49.24505
4172,76,203,931,2368,924,2348,924,49.24505
4173,76,203,931,2368,924,2348,924,49.24505
4174,76,203,931,2368,924,2348,924,49.24505
4175,76,203,931,2368,924,2348,924,49.24505
4176,76,203,931,2368,924,2348,924,49.24505
4177,76,203,931,2368,924,2348,924,49.24505
4178,76,203,931,2368,924,2348,924,49.24505
4179,76,203,931,2368,924,2348,924,49.24505
4180,76,203,931,2368,924,2348,924,49.24505
4181,76,203,931,2368,924,2348,924,49.24505
4182,76,203,931,2368,924,2348,924,49.24505
4183,76,203,931,2368,924,2348,924,49.24505
4184,76,203,931,2368,924,2348,924,49.24505
4185,75,201,931,2368,925,2350,925,49.24505
4186,74,199,931,2368,926,2352,926,49.22815
4187,74,199,931,2368,926,2352,926,49.20536
4188,74,199,932,2373,926,2352,926,49.20536
4189,74,199,932,2373,926,2352,926,49.20536
4190,73,195,933,2375,927,2356,927,49.20536
4191,73,195,933,2375,927,2356,927,49.1801
4192,72,194,933,2375,928,2357,928,49.1801
4193,72,194,933,2375,928,2357,928,49.229
4194,72,194,933,2375,928,2357,928,49.229
4195,72,194,933,2375,928,2357,928,49.229
4196,72,194,933,2375,928,2357,928,49.229
4197,72,194,933,2375,928,2357,928,49.229
4198,72,194,933,2375,928,2357,928,49.229
4199,72,194,933,2375,928,2357,928,49.229
4200,72,194,933,2375,928,2357,928,49.229
4201,72,194,933,2375,928,2357,928,49.229
4202,72,194,933,2375,928,2357,928,49.229
4203,72,194,933,2375,928,2357,928,49.229
4204,72,194,933,2375,928,2357,928,49.229
4205,72,194,933,2375,928,2357,928,49.229
4206,72,194,933,2375,928,2357,928,49.229
4207,72,194,933,2375,928,2357,928,49.229
4208,72,194,933,2375,928,2357,928,49.229
4209,72,194,933,2375,928,2357,928,49.229
4210,72,194,933,2375,928,2357,928,49.229
4211,72,194,933,2375,928,2357,928,49.229
4212,72,194,933,2375,928,2357,928,49.229
4213,72,194,933,2375,928,2357,928,49.229
4214,72,194,933,2375,928,2357,928,49.229
4215,72,194,933,2375,928,2357,928,49.229
4216,72,194,933,2375,928,2357,928,49.229
4217,72,194,933,2375,928,2357,928,49.229
4218,72,194,933,2375,928,2357,928,49.229
4219,72,194,933,2375,928,2357,928,49.229
4220,72,194,933,2375,928,2357,928,49.229
4221,72,194,933,2375,928,2357,928,49.229
4222,72,194,933,2375,928,2357,928,49.229
4223,72,194,933,2375,928,2357,928,49.229
4224,72,194,933,2375,928,2357,928,49.229
4225,72,194,933,2375,928,2357,928,49.229
4226,72,194,933,2375,928,2357,928,49.229
4227,72,194,933,2375,928,2357,928,49.229
4228,72,194,933,2375,928,2357,928,49.229
4229,71,190,933,2375,929,2361,929,49.229
4230,71,190,933,2375,929,2361,929,49.25751
4231,71,190,933,2375,929,2361,929,49.25751
4232,71,190,933,2375,929,2361,929,49.25751
4233,71,190,933,2375,929,2361,929,49.25751
4234,71,190,933,2375,929,2361,929,49.25751
4235,71,190,934,2379,929,2361,929,49.25751
4236,71,190,934,2379,929,2361,929,49.25751
4237,71,190,934,2379,929,2361,929,49.25751
4238,71,190,934,2379,929,2361,929,49.25751
4239,71,190,934,2379,929,2361,929,49.25751
4240,70,188,934,2379,930,2363,930,49.25751
4241,70,188,934,2379,930,2363,930,49.25055
4242,70,188,934,2379,930,2363,930,49.25055
4243,70,188,934,2379,930,2363,930,49.25055
4244,70,188,934,2379,930,2363,930,49.25055
4245,70,188,934,2379,930,2363,930,49.25055
4246,70,188,934,2379,930,2363,930,49.25055
4247,70,188,934,2379,930,2363,930,49.25055
4248,70,188,934,2379,930,2363,930,49.25055
4249,69,185,934,2379,931,2366,931,49.25055
4250,69,185,934,2379,931,2366,931,49.30817
4251,69,185,934,2379,931,2366,931,49.30817
4252,69,185,934,2379,931,2366,931,49.30817
4253,69,185,934,2379,931,2366,931,49.30817
4254,69,185,934,2379,931,2366,931,49.30817
4255,69,185,934,2379,931,2366,931,49.30817
4256,69,185,934,2379,931,2366,931,49.30817
4257,69,185,934,2379,931,2366,931,49.30817
4258,69,185,934,2379,931,2366,931,49.30817
4259,69,185,935,2383,931,2366,931,49.30817
4260,68,181,935,2383,932,2370,932,49.30817
4261,68,181,935,2383,932,2370,932,49.35251
4262,68,181,935,2383,932,2370,932,49.35251
4263,68,181,935,2383,932,2370,932,49.35251
4264,67,176,935,2383,933,2375,933,49.35251
4265,67,176,935,2383,933,2375,933,49.3796
4266,67,176,935,2383,933,2375,933,49.3796
4267,67,176,935,2383,933,2375,933,49.3796
4268,67,176,935,2383,933,2375,933,49.3796
4269,67,176,935,2383,933,2375,933,49.3796
4270,67,176,935,2383,933,2375,933,49.3796
4271,67,176,935,2383,933,2375,933,49.3796
4272,67,176,935,2383,933,2375,933,49.3796
4273,67,176,935,2383,933,2375,933,49.3796
4274,67,176,935,2383,933,2375,933,49.3796
4275,66,172,935,2383,934,2379,934,49.3796
4276,66,172,935,2383,934,2379,934,49.36842
4277,66,172,935,2383,934,2379,934,49.36842
4278,66,172,935,2383,934,2379,934,49.36842
4279,66,172,935,2383,934,2379,934,49.36842
4280,66,172,935,2383,934,2379,934,49.36842
4281,66,172,935,2383,934,2379,934,49.36842
4282,66,172,935,2383,934,2379,934,49.36842
4283,66,172,935,2383,934,2379,934,49.36842
4284,66,172,935,2383,934,2379,934,49.36842
4285,66,172,935,2383,934,2379,934,49.36842
4286,66,172,935,2383,934,2379,934,49.36842
4287,66,172,935,2383,934,2379,934,49.36842
4288,66,172,935,2383,934,2379,934,49.36842
4289,66,172,935,2383,934,2379,934,49.36842
4290,66,172,935,2383,934,2379,934,49.36842
4291,66,172,935,2383,934,2379,934,49.36842
4292,66,172,935,2383,934,2379,934,49.36842
4293,66,172,937,2388,934,2379,934,49.36842
4294,66,172,937,2388,934,2379,934,49.36842
4295,66,172,937,2388,934,2379,934,49.36842
4296,66,172,937,2388,934,2379,934,49.36842
4297,66,172,937,2388,934,2379,934,49.36842
4298,66,172,937,2388,934,2379,934,49.36842
4299,66,172,937,2388,934,2379,934,49.36842
4300,66,172,937,2388,934,2379,934,49.36842
4301,66,172,937,2388,934,2379,934,49.36842
4302,66,172,937,2388,934,2379,934,49.36842
4303,66,172,937,2388,934,2379,934,49.36842
4304,66,172,937,2388,934,2379,934,49.36842
4305,66,172,937,2388,934,2379,934,49.36842
4306,66,172,937,2388,934,2379,934,49.36842
4307,66,172,937,2388,934,2379,934,49.36842
4308,66,172,937,2388,934,2379,934,49.36842
4309,65,168,937,2388,935,2383,935,49.36842
4310,65,168,937,2388,935,2383,935,49.3588
4311,65,168,937,2388,935,2383,935,49.3588
4312,65,168,937,2388,935,2383,935,49.3588
4313,65,168,937,2388,935,2383,935,49.3588
4314,65,168,937,2388,935,2383,935,49.3588
4315,65,168,937,2388,935,2383,935,49.3588
4316,65,168,937,2388,935,2383,935,49.3588
4317,65,168,937,2388,935,2383,935,49.3588
4318,65,168,937,2388,935,2383,935,49.3588
4319,65,168,937,2388,935,2383,935,49.3588
4320,65,168,937,2388,935,2383,935,49.3588
4321,65,168,937,2388,935,2383,935,49.3588
4322,65,168,937,2388,935,2383,935,49.3588
4323,65,168,937,2388,935,2383,935,49.3588
4324,65,168,937,2388,935,2383,935,49.3588
4325,65,168,937,2388,935,2383,935,49.3588
4326,65,168,937,2388,935,2383,935,49.3588
4327,65,168,938,2389,935,2383,935,49.3588
4328,65,168,938,2389,935,2383,935,49.3588
4329,65,168,938,2389,935,2383,935,49.3588
4330,65,168,938,2389,935,2383,935,49.3588
4331,65,168,938,2389,935,2383,935,49.3588
4332,65,168,938,2389,935,2383,935,49.3588
4333,65,168,938,2389,935,2383,935,49.3588
4334,65,168,938,2389,935,2383,935,49.3588
4335,65,168,938,2389,935,2383,935,49.3588
4336,65,168,938,2389,935,2383,935,49.3588
4337,65,168,938,2389,935,2383,935,49.3588
4338,65,168,938,2389,935,2383,935,49.3588
4339,65,168,938,2389,935,2383,935,49.3588
4340,65,168,938,2389,935,2383,935,49.3588
4341,65,168,938,2389,935,2383,935,49.3588
4342,65,168,938,2389,935,2383,935,49.3588
4343,65,168,938,2389,935,2383,935,49.3588
4344,65,168,938,2389,935,2383,935,49.3588
4345,65,168,938,2389,935,2383,935,49.3588
4346,64,164,938,2389,936,2387,936,49.3588
4347,64,164,938,2389,936,2387,936,49.34978
4348,63,163,938,2389,937,2388,937,49.34978
4349,63,163,938,2389,937,2388,937,49.31587
4350,63,163,938,2389,937,2388,937,49.31587
4351,62,162,938,2389,938,2389,938,49.31587
4352,62,162,938,2389,938,2389,938,49.3101
4353,62,162,938,2389,938,2389,938,49.3101
4354,62,162,938,2389,938,2389,938,49.3101
4355,62,162,938,2389,938,2389,938,49.3101
4356,62,162,938,2389,938,2389,938,49.3101
4357,62,162,938,2389,938,2389,938,49.3101
4358,62,162,938,2389,938,2389,938,49.3101
4359,62,162,938,2389,938,2389,938,49.3101
4360,62,162,938,2389,938,2389,938,49.3101
4361,62,162,938,2389,938,2389,938,49.3101
4362,62,162,938,2389,938,2389,938,49.3101
4363,62,162,938,2389,938,2389,938,49.3101
4364,62,162,938,2389,938,2389,938,49.3101
4365,62,162,938,2389,938,2389,938,49.3101
4366,62,162,938,2389,938,2389,938,49.3101
4367,62,162,938,2389,938,2389,938,49.3101
4368,62,162,938,2389,938,2389,938,49.3101
4369,62,162,938,2389,938,2389,938,49.3101
4370,62,162,938,2389,938,2389,938,49.3101
4371,62,162,938,2389,938,2389,938,49.3101
4372,62,162,938,2389,938,2389,938,49.3101
4373,62,162,938,2389,938,2389,938,49.3101
4374,62,162,938,2389,938,2389,938,49.3101
4375,62,162,938,2389,938,2389,938,49.3101
4376,62,162,938,2389,938,2389,938,49.3101
4377,62,162,938,2389,938,2389,938,49.3101
4378,62,162,938,2389,938,2389,938,49.3101
4379,62,162,938,2389,938,2389,938,49.3101
4380,62,162,938,2389,938,2389,938,49.3101
4381,62,162,938,2389,938,2389,938,49.3101
4382,62,162,938,2389,938,2389,938,49.3101
4383,62,162,938,2389,938,2389,938,49.3101
4384,62,162,938,2389,938,2389,938,49.3101
4385,62,162,938,2389,938,2389,938,49.3101
4386,62,162,938,2389,938,2389,938,49.3101
4387,62,162,938,2389,938,2389,938,49.3101
4388,62,162,938,2389,938,2389,938,49.3101
4389,62,162,938,2389,938,2389,938,49.3101
4390,62,162,938,2389,938,2389,938,49.3101
4391,62,162,938,2389,938,2389,938,49.3101
4392,62,162,938,2389,938,2389,938,49.3101
4393,62,162,938,2389,938,2389,938,49.3101
4394,62,162,938,2389,938,2389,938,49.3101
4395,62,162,938,2389,938,2389,938,49.3101
4396,62,162,938,2389,938,2389,938,49.3101
4397,62,162,938,2389,938,2389,938,49.3101
4398,62,162,938,2389,938,2389,938,49.3101
4399,62,162,938,2389,938,2389,938,49.3101
4400,62,162,938,2389,938,2389,938,49.3101
4401,62,162,938,2389,938,2389,938,49.3101
4402,62,162,938,2389,938,2389,938,49.3101
4403,62,162,938,2389,938,2389,938,49.3101
4404,62,162,938,2389,938,2389,938,49.3101
4405,62,162,938,2389,938,2389,938,49.3101
4406,62,162,938,2389,938,2389,938,49.3101
4407,62,162,938,2389,938,2389,938,49.3101
4408,62,162,938,2389,938,2389,938,49.3101
4409,62,162,938,2389,938,2389,938,49.3101
4410,62,162,938,2389,938,2389,938,49.3101
4411,62,162,938,2389,938,2389,938,49.3101
4412,62,162,938,2389,938,2389,938,49.3101
4413,62,162,938,2389,938,2389,938,49.3101
4414,62,162,938,2389,938,2389,938,49.3101
4415,62,162,938,2389,938,2389,938,49.3101
4416,62,162,938,2389,938,2389,938,49.3101
4417,62,162,938,2389,938,2389,938,49.3101
4418,62,162,938,2389,938,2389,938,49.3101
4419,62,162,938,2389,938,2389,938,49.3101
4420,62,162,938,2389,938,2389,938,49.3101
4421,62,162,938,2389,938,2389,938,49.3101
4422,62,162,938,2389,938,2389,938,49.3101
4423,62,162,939,2392,938,2389,938,49.3101
4424,62,162,939,2392,938,2389,938,49.3101
4425,62,162,939,2392,938,2389,938,49.3101
4426,62,162,939,2392,938,2389,938,49.3101
4427,62,162,939,2392,938,2389,938,49.3101
4428,62,162,939,2392,938,2389,938,49.3101
4429,62,162,939,2392,938,2389,938,49.3101
4430,62,162,939,2392,938,2389,938,49.3101
4431,62,162,939,2392,938,2389,938,49.3101
4432,62,162,940,2394,938,2389,938,49.3101
4433,62,162,940,2394,938,2389,938,49.3101
4434,62,162,940,2394,938,2389,938,49.3101
4435,62,162,940,2394,938,2389,938,49.3101
4436,62,162,940,2394,938,2389,938,49.3101
4437,62,162,940,2394,938,2389,938,49.3101
4438,62,162,940,2394,938,2389,938,49.3101
4439,62,162,940,2394,938,2389,938,49.3101
4440,62,162,940,2394,938,2389,938,49.3101
4441,62,162,940,2394,938,2389,938,49.3101
4442,62,162,940,2394,938,2389,938,49.3101
4443,62,162,940,2394,938,2389,938,49.3101
4444,62,162,940,2394,938,2389,938,49.3101
4445,62,162,940,2394,938,2389,938,49.3101
4446,62,162,940,2394,938,2389,938,49.3101
4447,62,162,940,2394,938,2389,938,49.3101
4448,62,162,940,2394,938,2389,938,49.3101
4449,62,162,940,2394,938,2389,938,49.3101
4450,62,162,940,2394,938,2389,938,49.3101
4451,62,162,940,2394,938,2389,938,49.3101
4452,62,162,940,2394,938,2389,938,49.3101
4453,62,162,940,2394,938,2389,938,49.3101
4454,61,160,940,2394,939,2391,939,49.3101
4455,61,160,940,2394,939,2391,939,49.27742
4456,61,160,941,2397,939,2391,939,49.27742
4457,61,160,941,2397,939,2391,939,49.27742
4458,61,160,941,2397,939,2391,939,49.27742
4459,61,160,941,2397,939,2391,939,49.27742
4460,61,160,941,2397,939,2391,939,49.27742
4461,61,160,941,2397,939,2391,939,49.27742
4462,61,160,941,2397,939,2391,939,49.27742
4463,61,160,941,2397,939,2391,939,49.27742
4464,61,160,941,2397,939,2391,939,49.27742
4465,61,160,941,2397,939,2391,939,49.27742
4466,61,160,941,2397,939,2391,939,49.27742
4467,61,160,941,2397,939,2391,939,49.27742
4468,61,160,941,2397,939,2391,939,49.27742
4469,61,160,941,2397,939,2391,939,49.27742
4470,61,160,941,2397,939,2391,939,49.27742
4471,61,160,941,2397,939,2391,939,49.27742
4472,61,160,941,2397,939,2391,939,49.27742
4473,61,160,941,2397,939,2391,939,49.27742
4474,61,160,941,2397,939,2391,939,49.27742
4475,61,160,941,2397,939,2391,939,49.27742
4476,61,160,941,2397,939,2391,939,49.27742
4477,61,160,941,2397,939,2391,939,49.27742
4478,61,160,941,2397,939,2391,939,49.27742
4479,61,160,941,2397,939,2391,939,49.27742
4480,61,160,941,2397,939,2391,939,49.27742
4481,61,160,941,2397,939,2391,939,49.27742
4482,61,160,941,2397,939,2391,939,49.27742
4483,61,160,941,2397,939,2391,939,49.27742
4484,61,160,941,2397,939,2391,939,49.27742
4485,61,160,941,2397,939,2391,939,49.27742
4486,61,160,941,2397,939,2391,939,49.27742
4487,61,160,941,2397,939,2391,939,49.27742
4488,61,160,941,2397,939,2391,939,49.27742
4489,61,160,941,2397,939,2391,939,49.27742
4490,61,160,941,2397,939,2391,939,49.27742
4491,61,160,941,2397,939,2391,939,49.27742
4492,61,160,941,2397,939,2391,939,49.27742
4493,61,160,941,2397,939,2391,939,49.27742
4494,61,160,941,2397,939,2391,939,49.27742
4495,61,160,941,2397,939,2391,939,49.27742
4496,61,160,941,2397,939,2391,939,49.27742
4497,61,160,941,2397,939,2391,939,49.27742
4498,61,160,941,2397,939,2391,939,49.27742
4499,61,160,941,2397,939,2391,939,49.27742
4500,61,160,941,2397,939,2391,939,49.27742
4501,61,160,941,2397,939,2391,939,49.27742
4502,61,160,941,2397,939,2391,939,49.27742
4503,61,160,941,2397,939,2391,939,49.27742
4504,61,160,941,2397,939,2391,939,49.27742
4505,61,160,941,2397,939,2391,939,49.27742
4506,61,160,941,2397,939,2391,939,49.27742
4507,61,160,941,2397,939,2391,939,49.27742
4508,61,160,941,2397,939,2391,939,49.27742
4509,61,160,941,2397,939,2391,939,49.27742
4510,61,160,941,2397,939,2391,939,49.27742
4511,61,160,941,2397,939,2391,939,49.27742
4512,61,160,941,2397,939,2391,939,49.27742
4513,61,160,941,2397,939,2391,939,49.27742
4514,61,160,941,2397,939,2391,939,49.27742
4515,61,160,941,2397,939,2391,939,49.27742
4516,61,160,941,2397,939,2391,939,49.27742
4517,61,160,941,2397,939,2391,939,49.27742
4518,61,160,941,2397,939,2391,939,49.27742
4519,61,160,941,2397,939,2391,939,49.27742
4520,61,160,941,2397,939,2391,939,49.27742
4521,61,160,941,2397,939,2391,939,49.27742
4522,61,160,941,2397,939,2391,939,49.27742
4523,61,160,941,2397,939,2391,939,49.27742
4524,61,160,941,2397,939,2391,939,49.27742
4525,61,160,941,2397,939,2391,939,49.27742
4526,61,160,941,2397,939,2391,939,49.27742
4527,60,157,941,2397,940,2394,940,49.27742
4528,60,157,941,2397,940,2394,940,49.29763
4529,60,157,941,2397,940,2394,940,49.29763
4530,60,157,942,2399,940,2394,940,49.29763
4531,60,157,942,2399,940,2394,940,49.29763
4532,59,154,942,2399,941,2397,941,49.29763
4533,59,154,942,2399,941,2397,941,49.35198
4534,59,154,942,2399,941,2397,941,49.35198
4535,59,154,942,2399,941,2397,941,49.35198
4536,59,154,942,2399,941,2397,941,49.35198
4537,59,154,942,2399,941,2397,941,49.35198
4538,59,154,942,2399,941,2397,941,49.35198
4539,59,154,942,2399,941,2397,941,49.35198
4540,59,154,942,2399,941,2397,941,49.35198
4541,59,154,942,2399,941,2397,941,49.35198
4542,59,154,942,2399,941,2397,941,49.35198
4543,59,154,942,2399,941,2397,941,49.35198
4544,59,154,942,2399,941,2397,941,49.35198
4545,59,154,942,2399,941,2397,941,49.35198
4546,59,154,942,2399,941,2397,941,49.35198
4547,59,154,942,2399,941,2397,941,49.35198
4548,59,154,942,2399,941,2397,941,49.35198
4549,59,154,942,2399,941,2397,941,49.35198
4550,59,154,942,2399,941,2397,941,49.35198
4551,59,154,942,2399,941,2397,941,49.35198
4552,59,154,942,2399,941,2397,941,49.35198
4553,59,154,942,2399,941,2397,941,49.35198
4554,59,154,942,2399,941,2397,941,49.35198
4555,59,154,942,2399,941,2397,941,49.35198
4556,59,154,942,2399,941,2397,941,49.35198
4557,59,154,942,2399,941,2397,941,49.35198
4558,59,154,942,2399,941,2397,941,49.35198
4559,59,154,942,2399,941,2397,941,49.35198
4560,59,154,942,2399,941,2397,941,49.35198
4561,59,154,942,2399,941,2397,941,49.35198
4562,59,154,942,2399,941,2397,941,49.35198
4563,59,154,942,2399,941,2397,941,49.35198
4564,59,154,942,2399,941,2397,941,49.35198
4565,59,154,942,2399,941,2397,941,49.35198
4566,59,154,942,2399,941,2397,941,49.35198
4567,59,154,942,2399,941,2397,941,49.35198
4568,59,154,942,2399,941,2397,941,49.35198
4569,59,154,942,2399,941,2397,941,49.35198
4570,59,154,943,2404,941,2397,941,49.35198
4571,59,154,943,2404,941,2397,941,49.35198
4572,59,154,943,2404,941,2397,941,49.35198
4573,59,154,943,2404,941,2397,941,49.35198
4574,59,154,943,2404,941,2397,941,49.35198
4575,59,154,943,2404,941,2397,941,49.35198
4576,59,154,943,2404,941,2397,941,49.35198
4577,59,154,943,2404,941,2397,941,49.35198
4578,59,154,943,2404,941,2397,941,49.35198
4579,59,154,943,2404,941,2397,941,49.35198
4580,59,154,943,2404,941,2397,941,49.35198
4581,59,154,943,2404,941,2397,941,49.35198
4582,59,154,943,2404,941,2397,941,49.35198
4583,59,154,943,2404,941,2397,941,49.35198
4584,59,154,943,2404,941,2397,941,49.35198
4585,59,154,943,2404,941,2397,941,49.35198
4586,59,154,943,2404,941,2397,941,49.35198
4587,59,154,943,2404,941,2397,941,49.35198
4588,59,154,943,2404,941,2397,941,49.35198
4589,59,154,943,2404,941,2397,941,49.35198
4590,59,154,943,2404,941,2397,941,49.35198
4591,59,154,943,2404,941,2397,941,49.35198
4592,59,154,943,2404,941,2397,941,49.35198
4593,59,154,943,2404,941,2397,941,49.35198
4594,59,154,943,2404,941,2397,941,49.35198
4595,59,154,943,2404,941,2397,941,49.35198
4596,59,154,943,2404,941,2397,941,49.35198
4597,59,154,943,2404,941,2397,941,49.35198
4598,59,154,943,2404,941,2397,941,49.35198
4599,59,154,943,2404,941,2397,941,49.35198
4600,59,154,943,2404,941,2397,941,49.35198
4601,59,154,943,2404,941,2397,941,49.35198
4602,59,154,943,2404,941,2397,941,49.35198
4603,59,154,943,2404,941,2397,941,49.35198
4604,59,154,943,2404,941,2397,941,49.35198
4605,59,154,943,2404,941,2397,941,49.35198
4606,59,154,943,2404,941,2397,941,49.35198
4607,59,154,943,2404,941,2397,941,49.35198
4608,59,154,943,2404,941,2397,941,49.35198
4609,59,154,943,2404,941,2397,941,49.35198
4610,59,154,943,2404,941,2397,941,49.35198
4611,59,154,943,2404,941,2397,941,49.35198
4612,59,154,943,2404,941,2397,941,49.35198
4613,59,154,943,2404,941,2397,941,49.35198
4614,59,154,943,2404,941,2397,941,49.35198
4615,59,154,943,2404,941,2397,941,49.35198
4616,59,154,943,2404,941,2397,941,49.35198
4617,59,154,943,2404,941,2397,941,49.35198
4618,59,154,943,2404,941,2397,941,49.35198
4619,59,154,943,2404,941,2397,941,49.35198
4620,59,154,943,2404,941,2397,941,49.35198
4621,59,154,943,2404,941,2397,941,49.35198
4622,59,154,943,2404,941,2397,941,49.35198
4623,59,154,943,2404,941,2397,941,49.35198
4624,59,154,943,2404,941,2397,941,49.35198
4625,59,154,943,2404,941,2397,941,49.35198
4626,59,154,943,2404,941,2397,941,49.35198
4627,59,154,943,2404,941,2397,941,49.35198
4628,59,154,943,2404,941,2397,941,49.35198
4629,59,154,943,2404,941,2397,941,49.35198
4630,59,154,944,2408,941,2397,941,49.35198
4631,59,154,944,2408,941,2397,941,49.35198
4632,59,154,944,2408,941,2397,941,49.35198
4633,59,154,944,2408,941,2397,941,49.35198
4634,59,154,944,2408,941,2397,941,49.35198
4635,59,154,944,2408,941,2397,941,49.35198
4636,59,154,944,2408,941,2397,941,49.35198
4637,59,154,944,2408,941,2397,941,49.35198
4638,59,154,944,2408,941,2397,941,49.35198
4639,59,154,944,2408,941,2397,941,49.35198
4640,59,154,944,2408,941,2397,941,49.35198
4641,59,154,944,2408,941,2397,941,49.35198
4642,59,154,944,2408,941,2397,941,49.35198
4643,59,154,944,2408,941,2397,941,49.35198
4644,59,154,944,2408,941,2397,941,49.35198
4645,58,152,944,2408,942,2399,942,49.35198
4646,57,147,944,2408,943,2404,943,49.40947
4647,57,147,944,2408,943,2404,943,49.41534
4648,57,147,944,2408,943,2404,943,49.41534
4649,57,147,944,2408,943,2404,943,49.41534
4650,57,147,944,2408,943,2404,943,49.41534
4651,57,147,944,2408,943,2404,943,49.41534
4652,56,143,944,2408,944,2408,944,49.41534
4653,56,143,944,2408,944,2408,944,49.38094
4654,56,143,944,2408,944,2408,944,49.38094
4655,56,143,944,2408,944,2408,944,49.38094
4656,56,143,944,2408,944,2408,944,49.38094
4657,56,143,944,2408,944,2408,944,49.38094
4658,56,143,944,2408,944,2408,944,49.38094
4659,56,143,944,2408,944,2408,944,49.38094
4660,56,143,944,2408,944,2408,944,49.38094
4661,56,143,944,2408,944,2408,944,49.38094
4662,56,143,944,2408,944,2408,944,49.38094
4663,56,143,944,2408,944,2408,944,49.38094
4664,56,143,944,2408,944,2408,944,49.38094
4665,56,143,944,2408,944,2408,944,49.38094
4666,56,143,944,2408,944,2408,944,49.38094
4667,56,143,944,2408,944,2408,944,49.38094
4668,56,143,945,2410,944,2408,944,49.38094
4669,56,143,945,2410,944,2408,944,49.38094
4670,56,143,945,2410,944,2408,944,49.38094
4671,56,143,945,2410,944,2408,944,49.38094
4672,56,143,945,2410,944,2408,944,49.38094
4673,56,143,946,2414,944,2408,944,49.38094
4674,56,143,946,2414,944,2408,944,49.38094
4675,56,143,946,2414,944,2408,944,49.38094
4676,56,143,946,2414,944,2408,944,49.38094
4677,56,143,946,2414,944,2408,944,49.38094
4678,56,143,946,2414,944,2408,944,49.38094
4679,56,143,946,2414,944,2408,944,49.38094
4680,56,143,946,2414,944,2408,944,49.38094
4681,56,143,946,2414,944,2408,944,49.38094
4682,56,143,946,2414,944,2408,944,49.38094
4683,56,143,946,2414,944,2408,944,49.38094
4684,56,143,946,2414,944,2408,944,49.38094
4685,56,143,946,2414,944,2408,944,49.38094
4686,56,143,946,2414,944,2408,944,49.38094
4687,56,143,946,2414,944,2408,944,49.38094
4688,56,143,946,2414,944,2408,944,49.38094
4689,56,143,946,2414,944,2408,944,49.38094
4690,56,143,946,2414,944,2408,944,49.38094
4691,56,143,946,2414,944,2408,944,49.38094
4692,54,137,946,2414,946,2414,946,49.38094
4693,54,137,946,2414,946,2414,946,49.31357
4694,54,137,946,2414,946,2414,946,49.31357
4695,54,137,946,2414,946,2414,946,49.31357
4696,54,137,946,2414,946,2414,946,49.31357
4697,54,137,946,2414,946,2414,946,49.31357
4698,54,137,946,2414,946,2414,946,49.31357
4699,54,137,946,2414,946,2414,946,49.31357
4700,54,137,946,2414,946,2414,946,49.31357
4701,54,137,946,2414,946,2414,946,49.31357
4702,54,137,946,2414,946,2414,946,49.31357
4703,54,137,946,2414,946,2414,946,49.31357
4704,54,137,946,2414,946,2414,946,49.31357
4705,54,137,946,2414,946,2414,946,49.31357
4706,54,137,946,2414,946,2414,946,49.31357
4707,54,137,946,2414,946,2414,946,49.31357
4708,54,137,946,2414,946,2414,946,49.31357
4709,54,137,946,2414,946,2414,946,49.31357
4710,54,137,946,2414,946,2414,946,49.31357
4711,54,137,946,2414,946,2414,946,49.31357
4712,54,137,946,2414,946,2414,946,49.31357
4713,54,137,946,2414,946,2414,946,49.31357
4714,54,137,946,2414,946,2414,946,49.31357
4715,54,137,946,2414,946,2414,946,49.31357
4716,54,137,946,2414,946,2414,946,49.31357
4717,54,137,946,2414,946,2414,946,49.31357
4718,54,137,946,2414,946,2414,946,49.31357
4719,54,137,946,2414,946,2414,946,49.31357
4720,54,137,946,2414,946,2414,946,49.31357
4721,54,137,946,2414,946,2414,946,49.31357
4722,54,137,946,2414,946,2414,946,49.31357
4723,54,137,946,2414,946,2414,946,49.31357
4724,54,137,946,2414,946,2414,946,49.31357
4725,54,137,946,2414,946,2414,946,49.31357
4726,54,137,946,2414,946,2414,946,49.31357
4727,54,137,946,2414,946,2414,946,49.31357
4728,54,137,946,2414,946,2414,946,49.31357
4729,54,137,946,2414,946,2414,946,49.31357
4730,54,137,946,2414,946,2414,946,49.31357
4731,54,137,946,2414,946,2414,946,49.31357
4732,54,137,946,2414,946,2414,946,49.31357
4733,54,137,946,2414,946,2414,946,49.31357
4734,54,137,946,2414,946,2414,946,49.31357
4735,54,137,946,2414,946,2414,946,49.31357
4736,54,137,946,2414,946,2414,946,49.31357
4737,54,137,946,2414,946,2414,946,49.31357
4738,54,137,946,2414,946,2414,946,49.31357
4739,54,137,946,2414,946,2414,946,49.31357
4740,54,137,946,2414,946,2414,946,49.31357
4741,54,137,946,2414,946,2414,946,49.31357
4742,54,137,946,2414,946,2414,946,49.31357
4743,54,137,946,2414,946,2414,946,49.31357
4744,54,137,946,2414,946,2414,946,49.31357
4745,54,137,946,2414,946,2414,946,49.31357
4746,54,137,946,2414,946,2414,946,49.31357
4747,54,137,946,2414,946,2414,946,49.31357
4748,54,137,946,2414,946,2414,946,49.31357
4749,54,137,946,2414,946,2414,946,49.31357
4750,54,137,946,2414,946,2414,946,49.31357
4751,54,137,946,2414,946,2414,946,49.31357
4752,54,137,947,2417,946,2414,946,49.31357
4753,54,137,947,2417,946,2414,946,49.31357
4754,54,137,947,2417,946,2414,946,49.31357
4755,54,137,947,2417,946,2414,946,49.31357
4756,54,137,947,2417,946,2414,946,49.31357
4757,54,137,947,2417,946,2414,946,49.31357
4758,54,137,947,2417,946,2414,946,49.31357
4759,54,137,947,2417,946,2414,946,49.31357
4760,54,137,947,2417,946,2414,946,49.31357
4761,54,137,947,2417,946,2414,946,49.31357
4762,54,137,947,2417,946,2414,946,49.31357
4763,54,137,947,2417,946,2414,946,49.31357
4764,54,137,947,2417,946,2414,946,49.31357
4765,54,137,947,2417,946,2414,946,49.31357
4766,54,137,947,2417,946,2414,946,49.31357
4767,54,137,947,2417,946,2414,946,49.31357
4768,54,137,947,2417,946,2414,946,49.31357
4769,54,137,947,2417,946,2414,946,49.31357
4770,54,137,947,2417,946,2414,946,49.31357
4771,54,137,947,2417,946,2414,946,49.31357
4772,54,137,947,2417,946,2414,946,49.31357
4773,54,137,947,2417,946,2414,946,49.31357
4774,54,137,947,2417,946,2414,946,49.31357
4775,54,137,947,2417,946,2414,946,49.31357
4776,54,137,947,2417,946,2414,946,49.31357
4777,54,137,947,2417,946,2414,946,49.31357
4778,54,137,947,2417,946,2414,946,49.31357
4779,54,137,947,2417,946,2414,946,49.31357
4780,54,137,947,2417,946,2414,946,49.31357
4781,54,137,947,2417,946,2414,946,49.31357
4782,54,137,947,2417,946,2414,946,49.31357
4783,54,137,948,2419,946,2414,946,49.31357
4784,54,137,948,2419,946,2414,946,49.31357
4785,54,137,948,2419,946,2414,946,49.31357
4786,54,137,948,2419,946,2414,946,49.31357
4787,54,137,948,2419,946,2414,946,49.31357
4788,54,137,948,2419,946,2414,946,49.31357
4789,54,137,948,2419,946,2414,946,49.31357
4790,54,137,948,2419,946,2414,946,49.31357
4791,54,137,948,2419,946,2414,946,49.31357
4792,54,137,948,2419,946,2414,946,49.31357
4793,54,137,948,2419,946,2414,946,49.31357
4794,54,137,948,2419,946,2414,946,49.31357
4795,54,137,948,2419,946,2414,946,49.31357
4796,54,137,948,2419,946,2414,946,49.31357
4797,54,137,948,2419,946,2414,946,49.31357
4798,54,137,948,2419,946,2414,946,49.31357
4799,54,137,948,2419,946,2414,946,49.31357
4800,54,137,948,2419,946,2414,946,49.31357
4801,54,137,948,2419,946,2414,946,49.31357
4802,54,137,948,2419,946,2414,946,49.31357
4803,54,137,948,2419,946,2414,946,49.31357
4804,54,137,948,2419,946,2414,946,49.31357
4805,54,137,948,2419,946,2414,946,49.31357
4806,54,137,948,2419,946,2414,946,49.31357
4807,54,137,948,2419,946,2414,946,49.31357
4808,54,137,948,2419,946,2414,946,49.31357
4809,54,137,948,2419,946,2414,946,49.31357
4810,54,137,948,2419,946,2414,946,49.31357
4811,54,137,948,2419,946,2414,946,49.31357
4812,54,137,948,2419,946,2414,946,49.31357
4813,54,137,948,2419,946,2414,946,49.31357
4814,54,137,948,2419,946,2414,946,49.31357
4815,54,137,948,2419,946,2414,946,49.31357
4816,54,137,948,2419,946,2414,946,49.31357
4817,54,137,948,2419,946,2414,946,49.31357
4818,54,137,948,2419,946,2414,946,49.31357
4819,54,137,949,2423,946,2414,946,49.31357
4820,54,137,949,2423,946,2414,946,49.31357
4821,54,137,949,2423,946,2414,946,49.31357
4822,54,137,949,2423,946,2414,946,49.31357
4823,54,137,949,2423,946,2414,946,49.31357
4824,54,137,949,2423,946,2414,946,49.31357
4825,54,137,949,2423,946,2414,946,49.31357
4826,53,135,950,2427,947,2416,947,49.31357
4827,53,135,950,2427,947,2416,947,49.29578
4828,53,135,950,2427,947,2416,947,49.29578
4829,53,135,950,2427,947,2416,947,49.29578
4830,53,135,950,2427,947,2416,947,49.29578
4831,53,135,950,2427,947,2416,947,49.29578
4832,53,135,950,2427,947,2416,947,49.29578
4833,53,135,950,2427,947,2416,947,49.29578
4834,53,135,950,2427,947,2416,947,49.29578
4835,53,135,950,2427,947,2416,947,49.29578
4836,52,132,950,2427,948,2419,948,49.29578
4837,52,132,950,2427,948,2419,948,49.30647
4838,52,132,950,2427,948,2419,948,49.30647
4839,52,132,950,2427,948,2419,948,49.30647
4840,52,132,950,2427,948,2419,948,49.30647
4841,52,132,950,2427,948,2419,948,49.30647
4842,52,132,950,2427,948,2419,948,49.30647
4843,52,132,950,2427,948,2419,948,49.30647
4844,52,132,950,2427,948,2419,948,49.30647
4845,52,132,951,2430,948,2419,948,49.30647
4846,52,132,951,2430,948,2419,948,49.30647
4847,52,132,951,2430,948,2419,948,49.30647
4848,52,132,951,2430,948,2419,948,49.30647
4849,52,132,951,2430,948,2419,948,49.30647
4850,52,132,951,2430,948,2419,948,49.30647
4851,52,132,951,2430,948,2419,948,49.30647
4852,52,132,951,2430,948,2419,948,49.30647
4853,52,132,951,2430,948,2419,948,49.30647
4854,52,132,951,2430,948,2419,948,49.30647
4855,52,132,951,2430,948,2419,948,49.30647
4856,52,132,951,2430,948,2419,948,49.30647
4857,51,128,951,2430,949,2423,949,49.30647
4858,51,128,951,2430,949,2423,949,49.28744
4859,51,128,951,2430,949,2423,949,49.28744
4860,51,128,951,2430,949,2423,949,49.28744
4861,51,128,951,2430,949,2423,949,49.28744
4862,51,128,951,2430,949,2423,949,49.28744
4863,51,128,951,2430,949,2423,949,49.28744
4864,51,128,952,2435,949,2423,949,49.28744
4865,51,128,952,2435,949,2423,949,49.28744
4866,51,128,952,2435,949,2423,949,49.28744
4867,51,128,952,2435,949,2423,949,49.28744
4868,51,128,952,2435,949,2423,949,49.28744
4869,51,128,952,2435,949,2423,949,49.28744
4870,51,128,952,2435,949,2423,949,49.28744
4871,51,128,952,2435,949,2423,949,49.28744
4872,51,128,952,2435,949,2423,949,49.28744
4873,51,128,952,2435,949,2423,949,49.28744
4874,51,128,952,2435,949,2423,949,49.28744
4875,51,128,952,2435,949,2423,949,49.28744
4876,51,128,952,2435,949,2423,949,49.28744
4877,51,128,952,2435,949,2423,949,49.28744
4878,51,128,952,2435,949,2423,949,49.28744
4879,51,128,952,2435,949,2423,949,49.28744
4880,51,128,952,2435,949,2423,949,49.28744
4881,51,128,952,2435,949,2423,949,49.28744
4882,51,128,952,2435,949,2423,949,49.28744
4883,51,128,952,2435,949,2423,949,49.28744
4884,51,128,952,2435,949,2423,949,49.28744
4885,51,128,952,2435,949,2423,949,49.28744
4886,51,128,952,2435,949,2423,949,49.28744
4887,51,128,953,2436,949,2423,949,49.28744
4888,51,128,953,2436,949,2423,949,49.28744
4889,51,128,953,2436,949,2423,949,49.28744
4890,51,128,953,2436,949,2423,949,49.28744
4891,51,128,953,2436,949,2423,949,49.28744
4892,50,123,953,2436,950,2428,950,49.28744
4893,50,123,953,2436,950,2428,950,49.26147
4894,50,123,953,2436,950,2428,950,49.26147
4895,50,123,953,2436,950,2428,950,49.26147
4896,50,123,953,2436,950,2428,950,49.26147
4897,50,123,953,2436,950,2428,950,49.26147
4898,50,123,953,2436,950,2428,950,49.26147
4899,49,120,953,2436,951,2431,951,49.26147
4900,49,120,953,2436,951,2431,951,49.25788
4901,49,120,953,2436,951,2431,951,49.25788
4902,48,116,953,2436,952,2435,952,49.25788
4903,48,116,953,2436,952,2435,952,49.28427
4904,48,116,953,2436,952,2435,952,49.28427
4905,48,116,953,2436,952,2435,952,49.28427
4906,48,116,953,2436,952,2435,952,49.28427
4907,48,116,953,2436,952,2435,952,49.28427
4908,48,116,953,2436,952,2435,952,49.28427
4909,48,116,953,2436,952,2435,952,49.28427
4910,48,116,953,2436,952,2435,952,49.28427
4911,48,116,953,2436,952,2435,952,49.28427
4912,48,116,953,2436,952,2435,952,49.28427
4913,48,116,953,2436,952,2435,952,49.28427
4914,48,116,953,2436,952,2435,952,49.28427
4915,48,116,953,2436,952,2435,952,49.28427
4916,48,116,953,2436,952,2435,952,49.28427
4917,48,116,953,2436,952,2435,952,49.28427
4918,48,116,953,2436,952,2435,952,49.28427
4919,48,116,953,2436,952,2435,952,49.28427
4920,48,116,953,2436,952,2435,952,49.28427
4921,48,116,953,2436,952,2435,952,49.28427
4922,48,116,953,2436,952,2435,952,49.28427
4923,48,116,953,2436,952,2435,952,49.28427
4924,48,116,953,2436,952,2435,952,49.28427
4925,48,116,953,2436,952,2435,952,49.28427
4926,48,116,953,2436,952,2435,952,49.28427
4927,48,116,953,2436,952,2435,952,49.28427
4928,48,116,953,2436,952,2435,952,49.28427
4929,48,116,953,2436,952,2435,952,49.28427
4930,48,116,953,2436,952,2435,952,49.28427
4931,48,116,953,2436,952,2435,952,49.28427
4932,48,116,953,2436,952,2435,952,49.28427
4933,48,116,953,2436,952,2435,952,49.28427
4934,48,116,953,2436,952,2435,952,49.28427
4935,48,116,953,2436,952,2435,952,49.28427
4936,48,116,953,2436,952,2435,952,49.28427
4937,48,116,953,2436,952,2435,952,49.28427
4938,48,116,953,2436,952,2435,952,49.28427
4939,48,116,953,2436,952,2435,952,49.28427
4940,48,116,953,2436,952,2435,952,49.28427
4941,48,116,953,2436,952,2435,952,49.28427
4942,48,116,953,2436,952,2435,952,49.28427
4943,48,116,953,2436,952,2435,952,49.28427
4944,48,116,953,2436,952,2435,952,49.28427
4945,48,116,953,2436,952,2435,952,49.28427
4946,48,116,953,2436,952,2435,952,49.28427
4947,48,116,953,2436,952,2435,952,49.28427
4948,48,116,953,2436,952,2435,952,49.28427
4949,48,116,953,2436,952,2435,952,49.28427
4950,48,116,953,2436,952,2435,952,49.28427
4951,48,116,953,2436,952,2435,952,49.28427
4952,48,116,953,2436,952,2435,952,49.28427
4953,48,116,953,2436,952,2435,952,49.28427
4954,48,116,953,2436,952,2435,952,49.28427
4955,48,116,953,2436,952,2435,952,49.28427
4956,48,116,953,2436,952,2435,952,49.28427
4957,48,116,953,2436,952,2435,952,49.28427
4958,48,116,953,2436,952,2435,952,49.28427
4959,48,116,953,2436,952,2435,952,49.28427
4960,48,116,954,2437,952,2435,952,49.28427
4961,48,116,954,2437,952,2435,952,49.28427
4962,48,116,954,2437,952,2435,952,49.28427
4963,48,116,954,2437,952,2435,952,49.28427
4964,48,116,954,2437,952,2435,952,49.28427
4965,48,116,954,2437,952,2435,952,49.28427
4966,48,116,954,2437,952,2435,952,49.28427
4967,48,116,954,2437,952,2435,952,49.28427
4968,48,116,954,2437,952,2435,952,49.28427
4969,48,116,954,2437,952,2435,952,49.28427
4970,48,116,954,2437,952,2435,952,49.28427
4971,48,116,954,2437,952,2435,952,49.28427
4972,48,116,954,2437,952,2435,952,49.28427
4973,48,116,954,2437,952,2435,952,49.28427
4974,48,116,954,2437,952,2435,952,49.28427
4975,48,116,954,2437,952,2435,952,49.28427
4976,48,116,954,2437,952,2435,952,49.28427
4977,48,116,954,2437,952,2435,952,49.28427
4978,48,116,954,2437,952,2435,952,49.28427
4979,48,116,954,2437,952,2435,952,49.28427
4980,48,116,954,2437,952,2435,952,49.28427
4981,48,116,954,2437,952,2435,952,49.28427
4982,48,116,954,2437,952,2435,952,49.28427
4983,48,116,954,2437,952,2435,952,49.28427
4984,48,116,954,2437,952,2435,952,49.28427
4985,48,116,954,2437,952,2435,952,49.28427
4986,48,116,954,2437,952,2435,952,49.28427
4987,48,116,954,2437,952,2435,952,49.28427
4988,48,116,954,2437,952,2435,952,49.28427
4989,48,116,954,2437,952,2435,952,49.28427
4990,48,116,954,2437,952,2435,952,49.28427
4991,48,116,954,2437,952,2435,952,49.28427
4992,48,116,954,2437,952,2435,952,49.28427
4993,48,116,954,2437,952,2435,952,49.28427
4994,48,116,954,2437,952,2435,952,49.28427
4995,48,116,954,2437,952,2435,952,49.28427
4996,48,116,954,2437,952,2435,952,49.28427
4997,48,116,954,2437,952,2435,952,49.28427
4998,48,116,954,2437,952,2435,952,49.28427
4999,48,116,954,2437,952,2435,952,49.28427
5000,48,116,954,2437,952,2435,952,49.28427
5001,48,116,954,2437,952,2435,952,49.28427
5002,48,116,954,2437,952,2435,952,49.28427
5003,48,116,954,2437,952,2435,952,49.28427
5004,48,116,954,2437,952,2435,952,49.28427
5005,48,116,954,2437,952,2435,952,49.28427
5006,48,116,954,2437,952,2435,952,49.28427
5007,48,116,954,2437,952,2435,952,49.28427
5008,48,116,954,2437,952,2435,952,49.28427
5009,48,116,954,2437,952,2435,952,49.28427
5010,47,115,954,2437,953,2436,953,49.28427
5011,47,115,954,2437,953,2436,953,49.3258
5012,47,115,954,2437,953,2436,953,49.3258
5013,47,115,954,2437,953,2436,953,49.3258
5014,47,115,954,2437,953,2436,953,49.3258
5015,47,115,954,2437,953,2436,953,49.3258
5016,47,115,954,2437,953,2436,953,49.3258
5017,47,115,954,2437,953,2436,953,49.3258
5018,47,115,954,2437,953,2436,953,49.3258
5019,47,115,954,2437,953,2436,953,49.3258
5020,47,115,955,2440,953,2436,953,49.3258
5021,47,115,955,2440,953,2436,953,49.3258
5022,47,115,955,2440,953,2436,953,49.3258
5023,47,115,955,2440,953,2436,953,49.3258
5024,47,115,955,2440,953,2436,953,49.3258
5025,47,115,955,2440,953,2436,953,49.3258
5026,47,115,955,2440,953,2436,953,49.3258
5027,47,115,955,2440,953,2436,953,49.3258
5028,47,115,955,2440,953,2436,953,49.3258
5029,47,115,955,2440,953,2436,953,49.3258
5030,47,115,955,2440,953,2436,953,49.3258
5031,47,115,955,2440,953,2436,953,49.3258
5032,47,115,955,2440,953,2436,953,49.3258
5033,47,115,955,2440,953,2436,953,49.3258
5034,47,115,955,2440,953,2436,953,49.3258
5035,47,115,955,2440,953,2436,953,49.3258
5036,47,115,955,2440,953,2436,953,49.3258
5037,47,115,955,2440,953,2436,953,49.3258
5038,47,115,955,2440,953,2436,953,49.3258
5039,47,115,955,2440,953,2436,953,49.3258
5040,47,115,955,2440,953,2436,953,49.3258
5041,47,115,955,2440,953,2436,953,49.3258
5042,46,114,955,2440,954,2437,954,49.3258
5043,46,114,955,2440,954,2437,954,49.34854
5044,45,111,955,2440,955,2440,955,49.34854
5045,45,111,955,2440,955,2440,955,49.31973
5046,45,111,955,2440,955,2440,955,49.31973
5047,45,111,955,2440,955,2440,955,49.31973
5048,45,111,955,2440,955,2440,955,49.31973
5049,45,111,955,2440,955,2440,955,49.31973
5050,45,111,955,2440,955,2440,955,49.31973
5051,45,111,955,2440,955,2440,955,49.31973
5052,45,111,955,2440,955,2440,955,49.31973
5053,45,111,955,2440,955,2440,955,49.31973
5054,45,111,955,2440,955,2440,955,49.31973
5055,45,111,955,2440,955,2440,955,49.31973
5056,45,111,955,2440,955,2440,955,49.31973
5057,45,111,955,2440,955,2440,955,49.31973
5058,45,111,955,2440,955,2440,955,49.31973
5059,45,111,955,2440,955,2440,955,49.31973
5060,45,111,955,2440,955,2440,955,49.31973
5061,45,111,955,2440,955,2440,955,49.31973
5062,45,111,955,2440,955,2440,955,49.31973
5063,45,111,955,2440,955,2440,955,49.31973
5064,45,111,955,2440,955,2440,955,49.31973
5065,45,111,955,2440,955,2440,955,49.31973
5066,45,111,955,2440,955,2440,955,49.31973
5067,45,111,955,2440,955,2440,955,49.31973
5068,45,111,955,2440,955,2440,955,49.31973
5069,45,111,955,2440,955,2440,955,49.31973
5070,45,111,955,2440,955,2440,955,49.31973
5071,45,111,955,2440,955,2440,955,49.31973
5072,45,111,955,2440,955,2440,955,49.31973
5073,45,111,955,2440,955,2440,955,49.31973
5074,45,111,955,2440,955,2440,955,49.31973
5075,45,111,955,2440,955,2440,955,49.31973
5076,45,111,955,2440,955,2440,955,49.31973
5077,45,111,955,2440,955,2440,955,49.31973
5078,45,111,955,2440,955,2440,955,49.31973
5079,45,111,955,2440,955,2440,955,49.31973
5080,45,111,955,2440,955,2440,955,49.31973
5081,45,111,955,2440,955,2440,955,49.31973
5082,45,111,955,2440,955,2440,955,49.31973
5083,45,111,955,2440,955,2440,955,49.31973
5084,45,111,955,2440,955,2440,955,49.31973
5085,45,111,955,2440,955,2440,955,49.31973
5086,45,111,956,2442,955,2440,955,49.31973
5087,45,111,956,2442,955,2440,955,49.31973
5088,45,111,956,2442,955,2440,955,49.31973
5089,45,111,956,2442,955,2440,955,49.31973
5090,45,111,956,2442,955,2440,955,49.31973
5091,45,111,956,2442,955,2440,955,49.31973
5092,45,111,956,2442,955,2440,955,49.31973
5093,45,111,956,2442,955,2440,955,49.31973
5094,45,111,956,2442,955,2440,955,49.31973
5095,45,111,956,2442,955,2440,955,49.31973
5096,45,111,956,2442,955,2440,955,49.31973
5097,45,111,956,2442,955,2440,955,49.31973
5098,45,111,956,2442,955,2440,955,49.31973
5099,45,111,956,2442,955,2440,955,49.31973
5100,45,111,956,2442,955,2440,955,49.31973
5101,45,111,956,2442,955,2440,955,49.31973
5102,45,111,956,2442,955,2440,955,49.31973
5103,45,111,956,2442,955,2440,955,49.31973
5104,45,111,956,2442,955,2440,955,49.31973
5105,45,111,956,2442,955,2440,955,49.31973
5106,45,111,956,2442,955,2440,955,49.31973
5107,45,111,956,2442,955,2440,955,49.31973
5108,45,111,956,2442,955,2440,955,49.31973
5109,45,111,956,2442,955,2440,955,49.31973
5110,45,111,956,2442,955,2440,955,49.31973
5111,45,111,956,2442,955,2440,955,49.31973
5112,45,111,956,2442,955,2440,955,49.31973
5113,45,111,956,2442,955,2440,955,49.31973
5114,45,111,956,2442,955,2440,955,49.31973
5115,45,111,956,2442,955,2440,955,49.31973
5116,45,111,956,2442,955,2440,955,49.31973
5117,45,111,956,2442,955,2440,955,49.31973
5118,45,111,956,2442,955,2440,955,49.31973
5119,45,111,956,2442,955,2440,955,49.31973
5120,45,111,956,2442,955,2440,955,49.31973
5121,45,111,956,2442,955,2440,955,49.31973
5122,45,111,956,2442,955,2440,955,49.31973
5123,45,111,956,2442,955,2440,955,49.31973
5124,45,111,956,2442,955,2440,955,49.31973
5125,45,111,956,2442,955,2440,955,49.31973
5126,45,111,956,2442,955,2440,955,49.31973
5127,45,111,956,2442,955,2440,955,49.31973
5128,45,111,956,2442,955,2440,955,49.31973
5129,45,111,956,2442,955,2440,955,49.31973
5130,45,111,956,2442,955,2440,955,49.31973
5131,45,111,956,2442,955,2440,955,49.31973
5132,45,111,956,2442,955,2440,955,49.31973
5133,45,111,956,2442,955,2440,955,49.31973
5134,45,111,956,2442,955,2440,955,49.31973
5135,45,111,956,2442,955,2440,955,49.31973
5136,44,109,956,2442,956,2442,956,49.31973
5137,44,109,956,2442,956,2442,956,49.30866
5138,44,109,956,2442,956,2442,956,49.30866
5139,44,109,957,2445,956,2442,956,49.30866
5140,44,109,957,2445,956,2442,956,49.30866
5141,44,109,957,2445,956,2442,956,49.30866
5142,44,109,957,2445,956,2442,956,49.30866
5143,44,109,957,2445,956,2442,956,49.30866
5144,44,109,957,2445,956,2442,956,49.30866
5145,44,109,957,2445,956,2442,956,49.30866
5146,44,109,957,2445,956,2442,956,49.30866
5147,44,109,957,2445,956,2442,956,49.30866
5148,44,109,957,2445,956,2442,956,49.30866
5149,44,109,958,2448,956,2442,956,49.30866
5150,44,109,958,2448,956,2442,956,49.30866
5151,44,109,958,2448,956,2442,956,49.30866
5152,44,109,958,2448,956,2442,956,49.30866
5153,44,109,959,2451,956,2442,956,49.30866
5154,44,109,959,2451,956,2442,956,49.30866
5155,44,109,959,2451,956,2442,956,49.30866
5156,44,109,959,2451,956,2442,956,49.30866
5157,44,109,960,2454,956,2442,956,49.30866
5158,44,109,960,2454,956,2442,956,49.30866
5159,44,109,960,2454,956,2442,956,49.30866
5160,44,109,960,2454,956,2442,956,49.30866
5161,44,109,960,2454,956,2442,956,49.30866
5162,44,109,960,2454,956,2442,956,49.30866
5163,44,109,960,2454,956,2442,956,49.30866
5164,44,109,960,2454,956,2442,956,49.30866
5165,44,109,960,2454,956,2442,956,49.30866
5166,44,109,960,2454,956,2442,956,49.30866
5167,44,109,960,2454,956,2442,956,49.30866
5168,44,109,960,2454,956,2442,956,49.30866
5169,44,109,960,2454,956,2442,956,49.30866
5170,44,109,960,2454,956,2442,956,49.30866
5171,44,109,960,2454,956,2442,956,49.30866
5172,44,109,960,2454,956,2442,956,49.30866
5173,44,109,960,2454,956,2442,956,49.30866
5174,44,109,960,2454,956,2442,956,49.30866
5175,44,109,960,2454,956,2442,956,49.30866
5176,44,109,960,2454,956,2442,956,49.30866
5177,44,109,960,2454,956,2442,956,49.30866
5178,44,109,961,2456,956,2442,956,49.30866
5179,44,109,961,2456,956,2442,956,49.30866
5180,44,109,961,2456,956,2442,956,49.30866
5181,44,109,961,2456,956,2442,956,49.30866
5182,44,109,961,2456,956,2442,956,49.30866
5183,44,109,961,2456,956,2442,956,49.30866
5184,44,109,961,2456,956,2442,956,49.30866
5185,44,109,961,2456,956,2442,956,49.30866
5186,44,109,961,2456,956,2442,956,49.30866
5187,44,109,961,2456,956,2442,956,49.30866
5188,44,109,961,2456,956,2442,956,49.30866
5189,44,109,961,2456,956,2442,956,49.30866
5190,44,109,961,2456,956,2442,956,49.30866
5191,44,109,961,2456,956,2442,956,49.30866
5192,44,109,961,2456,956,2442,956,49.30866
5193,44,109,961,2456,956,2442,956,49.30866
5194,44,109,961,2456,956,2442,956,49.30866
5195,44,109,961,2456,956,2442,956,49.30866
5196,44,109,961,2456,956,2442,956,49.30866
5197,44,109,961,2456,956,2442,956,49.30866
5198,44,109,961,2456,956,2442,956,49.30866
5199,44,109,961,2456,956,2442,956,49.30866
5200,44,109,961,2456,956,2442,956,49.30866
5201,44,109,961,2456,956,2442,956,49.30866
5202,44,109,961,2456,956,2442,956,49.30866
5203,44,109,961,2456,956,2442,956,49.30866
5204,44,109,961,2456,956,2442,956,49.30866
5205,44,109,961,2456,956,2442,956,49.30866
5206,44,109,961,2456,956,2442,956,49.30866
5207,44,109,961,2456,956,2442,956,49.30866
5208,44,109,961,2456,956,2442,956,49.30866
5209,43,106,961,2456,957,2445,957,49.30866
5210,43,106,961,2456,957,2445,957,49.31555
5211,43,106,961,2456,957,2445,957,49.31555
5212,42,103,961,2456,958,2448,958,49.31555
5213,42,103,961,2456,958,2448,958,49.31842
5214,42,103,961,2456,958,2448,958,49.31842
5215,42,103,961,2456,958,2448,958,49.31842
5216,42,103,962,2461,958,2448,958,49.31842
5217,42,103,962,2461,958,2448,958,49.31842
5218,42,103,962,2461,958,2448,958,49.31842
5219,42,103,962,2461,958,2448,958,49.31842
5220,42,103,962,2461,958,2448,958,49.31842
5221,41,100,962,2461,959,2451,959,49.31842
5222,41,100,962,2461,959,2451,959,49.33144
5223,41,100,962,2461,959,2451,959,49.33144
5224,41,100,962,2461,959,2451,959,49.33144
5225,41,100,962,2461,959,2451,959,49.33144
5226,41,100,962,2461,959,2451,959,49.33144
5227,41,100,962,2461,959,2451,959,49.33144
5228,41,100,962,2461,959,2451,959,49.33144
5229,41,100,962,2461,959,2451,959,49.33144
5230,41,100,962,2461,959,2451,959,49.33144
5231,41,100,962,2461,959,2451,959,49.33144
5232,41,100,962,2461,959,2451,959,49.33144
5233,41,100,962,2461,959,2451,959,49.33144
5234,41,100,962,2461,959,2451,959,49.33144
5235,41,100,962,2461,959,2451,959,49.33144
5236,41,100,963,2463,959,2451,959,49.33144
5237,41,100,963,2463,959,2451,959,49.33144
5238,41,100,963,2463,959,2451,959,49.33144
5239,41,100,963,2463,959,2451,959,49.33144
5240,41,100,963,2463,959,2451,959,49.33144
5241,41,100,963,2463,959,2451,959,49.33144
5242,41,100,963,2463,959,2451,959,49.33144
5243,41,100,963,2463,959,2451,959,49.33144
5244,41,100,963,2463,959,2451,959,49.33144
5245,41,100,963,2463,959,2451,959,49.33144
5246,40,98,963,2463,960,2453,960,49.33144
5247,40,98,964,2468,960,2453,960,49.34099
5248,40,98,964,2468,960,2453,960,49.34099
5249,40,98,964,2468,960,2453,960,49.34099
5250,40,98,964,2468,960,2453,960,49.34099
5251,40,98,964,2468,960,2453,960,49.34099
5252,40,98,964,2468,960,2453,960,49.34099
5253,40,98,964,2468,960,2453,960,49.34099
5254,40,98,964,2468,960,2453,960,49.34099
5255,40,98,964,2468,960,2453,960,49.34099
5256,40,98,964,2468,960,2453,960,49.34099
5257,40,98,964,2468,960,2453,960,49.34099
5258,40,98,964,2468,960,2453,960,49.34099
5259,40,98,965,2471,960,2453,960,49.34099
5260,40,98,965,2471,960,2453,960,49.34099
5261,40,98,965,2471,960,2453,960,49.34099
5262,40,98,965,2471,960,2453,960,49.34099
5263,40,98,965,2471,960,2453,960,49.34099
5264,40,98,965,2471,960,2453,960,49.34099
5265,40,98,965,2471,960,2453,960,49.34099
5266,40,98,965,2471,960,2453,960,49.34099
5267,40,98,965,2471,960,2453,960,49.34099
5268,39,95,965,2471,961,2456,961,49.34099
5269,39,95,965,2471,961,2456,961,49.39576
5270,39,95,965,2471,961,2456,961,49.39576
5271,39,95,966,2474,961,2456,961,49.39576
5272,39,95,966,2474,961,2456,961,49.39576
5273,39,95,966,2474,961,2456,961,49.39576
5274,38,90,966,2474,962,2461,962,49.39576
5275,38,90,966,2474,962,2461,962,49.37159
5276,38,90,966,2474,962,2461,962,49.37159
5277,38,90,966,2474,962,2461,962,49.37159
5278,37,85,966,2474,963,2466,963,49.37159
5279,37,85,966,2474,963,2466,963,49.38097
5280,37,85,966,2474,963,2466,963,49.38097
5281,37,85,967,2475,963,2466,963,49.38097
5282,37,85,967,2475,963,2466,963,49.38097
5283,37,85,967,2475,963,2466,963,49.38097
5284,37,85,967,2475,963,2466,963,49.38097
5285,37,85,967,2475,963,2466,963,49.38097
5286,37,85,967,2475,963,2466,963,49.38097
5287,37,85,967,2475,963,2466,963,49.38097
5288,37,85,967,2475,963,2466,963,49.38097
5289,37,85,967,2475,963,2466,963,49.38097
5290,37,85,967,2475,963,2466,963,49.38097
5291,37,85,967,2475,963,2466,963,49.38097
5292,37,85,967,2475,963,2466,963,49.38097
5293,37,85,967,2475,963,2466,963,49.38097
5294,37,85,967,2475,963,2466,963,49.38097
5295,37,85,967,2475,963,2466,963,49.38097
5296,37,85,968,2477,963,2466,963,49.38097
5297,37,85,968,2477,963,2466,963,49.38097
5298,37,85,968,2477,963,2466,963,49.38097
5299,37,85,968,2477,963,2466,963,49.38097
5300,37,85,968,2477,963,2466,963,49.38097
5301,37,85,968,2477,963,2466,963,49.38097
5302,37,85,968,2477,963,2466,963,49.38097
5303,37,85,968,2477,963,2466,963,49.38097
5304,37,85,968,2477,963,2466,963,49.38097
5305,37,85,968,2477,963,2466,963,49.38097
5306,37,85,968,2477,963,2466,963,49.38097
5307,37,85,968,2477,963,2466,963,49.38097
5308,37,85,968,2477,963,2466,963,49.38097
5309,37,85,968,2477,963,2466,963,49.38097
5310,37,85,968,2477,963,2466,963,49.38097
5311,37,85,968,2477,963,2466,963,49.38097
5312,37,85,968,2477,963,2466,963,49.38097
5313,37,85,968,2477,963,2466,963,49.38097
5314,37,85,968,2477,963,2466,963,49.38097
5315,37,85,968,2477,963,2466,963,49.38097
5316,37,85,968,2477,963,2466,963,49.38097
5317,37,85,968,2477,963,2466,963,49.38097
5318,37,85,968,2477,963,2466,963,49.38097
5319,37,85,968,2477,963,2466,963,49.38097
5320,37,85,968,2477,963,2466,963,49.38097
5321,37,85,968,2477,963,2466,963,49.38097
5322,36,82,968,2477,964,2469,964,49.38097
5323,36,82,968,2477,964,2469,964,49.37619
5324,36,82,968,2477,964,2469,964,49.37619
5325,36,82,968,2477,964,2469,964,49.37619
5326,36,82,968,2477,964,2469,964,49.37619
5327,36,82,968,2477,964,2469,964,49.37619
5328,36,82,969,2479,964,2469,964,49.37619
5329,35,80,969,2479,965,2471,965,49.37619
5330,35,80,969,2479,965,2471,965,49.40804
5331,35,80,969,2479,965,2471,965,49.40804
5332,35,80,969,2479,965,2471,965,49.40804
5333,35,80,969,2479,965,2471,965,49.40804
5334,35,80,969,2479,965,2471,965,49.40804
5335,35,80,969,2479,965,2471,965,49.40804
5336,35,80,969,2479,965,2471,965,49.40804
5337,35,80,969,2479,965,2471,965,49.40804
5338,35,80,969,2479,965,2471,965,49.40804
5339,35,80,969,2479,965,2471,965,49.40804
5340,35,80,969,2479,965,2471,965,49.40804
5341,35,80,969,2479,965,2471,965,49.40804
5342,35,80,969,2479,965,2471,965,49.40804
5343,35,80,969,2479,965,2471,965,49.40804
5344,35,80,969,2479,965,2471,965,49.40804
5345,35,80,969,2479,965,2471,965,49.40804
5346,34,78,969,2479,966,2473,966,49.40804
5347,34,78,969,2479,966,2473,966,49.40093
5348,34,78,969,2479,966,2473,966,49.40093
5349,34,78,969,2479,966,2473,966,49.40093
5350,34,78,969,2479,966,2473,966,49.40093
5351,34,78,969,2479,966,2473,966,49.40093
5352,34,78,969,2479,966,2473,966,49.40093
5353,34,78,969,2479,966,2473,966,49.40093
5354,34,78,969,2479,966,2473,966,49.40093
5355,33,76,969,2479,967,2475,967,49.40093
5356,33,76,969,2479,967,2475,967,49.37317
5357,33,76,969,2479,967,2475,967,49.37317
5358,33,76,969,2479,967,2475,967,49.37317
5359,33,76,969,2479,967,2475,967,49.37317
5360,33,76,969,2479,967,2475,967,49.37317
5361,33,76,969,2479,967,2475,967,49.37317
5362,33,76,969,2479,967,2475,967,49.37317
5363,33,76,969,2479,967,2475,967,49.37317
5364,33,76,969,2479,967,2475,967,49.37317
5365,33,76,969,2479,967,2475,967,49.37317
5366,32,75,969,2479,968,2476,968,49.37317
5367,32,75,970,2480,968,2476,968,49.38717
5368,32,75,970,2480,968,2476,968,49.38717
5369,32,75,970,2480,968,2476,968,49.38717
5370,32,75,970,2480,968,2476,968,49.38717
5371,32,75,970,2480,968,2476,968,49.38717
5372,32,75,970,2480,968,2476,968,49.38717
5373,32,75,970,2480,968,2476,968,49.38717
5374,32,75,970,2480,968,2476,968,49.38717
5375,32,75,970,2480,968,2476,968,49.38717
5376,32,75,970,2480,968,2476,968,49.38717
5377,32,75,970,2480,968,2476,968,49.38717
5378,32,75,970,2480,968,2476,968,49.38717
5379,32,75,971,2484,968,2476,968,49.38717
5380,32,75,971,2484,968,2476,968,49.38717
5381,32,75,971,2484,968,2476,968,49.38717
5382,32,75,971,2484,968,2476,968,49.38717
5383,32,75,971,2484,968,2476,968,49.38717
5384,32,75,971,2484,968,2476,968,49.38717
5385,31,72,971,2484,969,2479,969,49.38717
5386,31,72,971,2484,969,2479,969,49.43616
5387,31,72,971,2484,969,2479,969,49.43616
5388,31,72,971,2484,969,2479,969,49.43616
5389,31,72,971,2484,969,2479,969,49.43616
5390,31,72,971,2484,969,2479,969,49.43616
5391,31,72,971,2484,969,2479,969,49.43616
5392,31,72,971,2484,969,2479,969,49.43616
5393,31,72,971,2484,969,2479,969,49.43616
5394,31,72,971,2484,969,2479,969,49.43616
5395,31,72,971,2484,969,2479,969,49.43616
5396,31,72,971,2484,969,2479,969,49.43616
5397,31,72,971,2484,969,2479,969,49.43616
5398,31,72,971,2484,969,2479,969,49.43616
5399,31,72,971,2484,969,2479,969,49.43616
5400,31,72,971,2484,969,2479,969,49.43616
5401,31,72,971,2484,969,2479,969,49.43616
5402,31,72,971,2484,969,2479,969,49.43616
5403,31,72,971,2484,969,2479,969,49.43616
5404,31,72,971,2484,969,2479,969,49.43616
5405,31,72,971,2484,969,2479,969,49.43616
5406,31,72,971,2484,969,2479,969,49.43616
5407,31,72,971,2484,969,2479,969,49.43616
5408,31,72,971,2484,969,2479,969,49.43616
5409,31,72,971,2484,969,2479,969,49.43616
5410,31,72,971,2484,969,2479,969,49.43616
5411,31,72,971,2484,969,2479,969,49.43616
5412,31,72,971,2484,969,2479,969,49.43616
5413,31,72,971,2484,969,2479,969,49.43616
5414,30,68,971,2484,970,2483,970,49.43616
5415,30,68,971,2484,970,2483,970,49.4197
5416,30,68,971,2484,970,2483,970,49.4197
5417,30,68,971,2484,970,2483,970,49.4197
5418,30,68,971,2484,970,2483,970,49.4197
5419,30,68,971,2484,970,2483,970,49.4197
5420,30,68,971,2484,970,2483,970,49.4197
5421,30,68,971,2484,970,2483,970,49.4197
5422,30,68,971,2484,970,2483,970,49.4197
5423,30,68,971,2484,970,2483,970,49.4197
5424,30,68,971,2484,970,2483,970,49.4197
5425,29,67,971,2484,971,2484,971,49.4197
5426,29,67,971,2484,971,2484,971,49.42884
5427,29,67,971,2484,971,2484,971,49.42884
5428,29,67,971,2484,971,2484,971,49.42884
5429,29,67,971,2484,971,2484,971,49.42884
5430,29,67,971,2484,971,2484,971,49.42884
5431,29,67,971,2484,971,2484,971,49.42884
5432,29,67,971,2484,971,2484,971,49.42884
5433,29,67,971,2484,971,2484,971,49.42884
5434,29,67,971,2484,971,2484,971,49.42884
5435,29,67,971,2484,971,2484,971,49.42884
5436,29,67,971,2484,971,2484,971,49.42884
5437,29,67,971,2484,971,2484,971,49.42884
5438,29,67,971,2484,971,2484,971,49.42884
5439,29,67,971,2484,971,2484,971,49.42884
5440,29,67,971,2484,971,2484,971,49.42884
5441,29,67,971,2484,971,2484,971,49.42884
5442,29,67,971,2484,971,2484,971,49.42884
5443,29,67,971,2484,971,2484,971,49.42884
5444,29,67,971,2484,971,2484,971,49.42884
5445,29,67,971,2484,971,2484,971,49.42884
5446,29,67,971,2484,971,2484,971,49.42884
5447,29,67,971,2484,971,2484,971,49.42884
5448,29,67,971,2484,971,2484,971,49.42884
5449,29,67,971,2484,971,2484,971,49.42884
5450,29,67,971,2484,971,2484,971,49.42884
5451,29,67,971,2484,971,2484,971,49.42884
5452,29,67,971,2484,971,2484,971,49.42884
5453,29,67,971,2484,971,2484,971,49.42884
5454,29,67,971,2484,971,2484,971,49.42884
5455,29,67,971,2484,971,2484,971,49.42884
5456,29,67,971,2484,971,2484,971,49.42884
5457,29,67,971,2484,971,2484,971,49.42884
5458,29,67,971,2484,971,2484,971,49.42884
5459,29,67,971,2484,971,2484,971,49.42884
5460,29,67,971,2484,971,2484,971,49.42884
5461,29,67,971,2484,971,2484,971,49.42884
5462,29,67,971,2484,971,2484,971,49.42884
5463,29,67,971,2484,971,2484,971,49.42884
5464,29,67,971,2484,971,2484,971,49.42884
5465,29,67,971,2484,971,2484,971,49.42884
5466,29,67,971,2484,971,2484,971,49.42884
5467,29,67,971,2484,971,2484,971,49.42884
5468,29,67,971,2484,971,2484,971,49.42884
5469,29,67,971,2484,971,2484,971,49.42884
5470,29,67,971,2484,971,2484,971,49.42884
5471,29,67,971,2484,971,2484,971,49.42884
5472,29,67,971,2484,971,2484,971,49.42884
5473,29,67,971,2484,971,2484,971,49.42884
5474,29,67,971,2484,971,2484,971,49.42884
5475,29,67,971,2484,971,2484,971,49.42884
5476,29,67,972,2488,971,2484,971,49.42884
5477,29,67,972,2488,971,2484,971,49.42884
5478,29,67,972,2488,971,2484,971,49.42884
5479,29,67,972,2488,971,2484,971,49.42884
5480,29,67,972,2488,971,2484,971,49.42884
5481,29,67,972,2488,971,2484,971,49.42884
5482,29,67,972,2488,971,2484,971,49.42884
5483,29,67,972,2488,971,2484,971,49.42884
5484,29,67,972,2488,971,2484,971,49.42884
5485,29,67,972,2488,971,2484,971,49.42884
5486,29,67,972,2488,971,2484,971,49.42884
5487,29,67,972,2488,971,2484,971,49.42884
5488,29,67,972,2488,971,2484,971,49.42884
5489,29,67,972,2488,971,2484,971,49.42884
5490,29,67,972,2488,971,2484,971,49.42884
5491,29,67,972,2488,971,2484,971,49.42884
5492,28,63,972,2488,972,2488,972,49.42884
5493,28,63,972,2488,972,2488,972,49.39274
5494,28,63,972,2488,972,2488,972,49.39274
5495,28,63,972,2488,972,2488,972,49.39274
5496,28,63,972,2488,972,2488,972,49.39274
5497,28,63,972,2488,972,2488,972,49.39274
5498,28,63,972,2488,972,2488,972,49.39274
5499,28,63,972,2488,972,2488,972,49.39274
5500,28,63,972,2488,972,2488,972,49.39274
5501,28,63,972,2488,972,2488,972,49.39274
5502,28,63,972,2488,972,2488,972,49.39274
5503,28,63,972,2488,972,2488,972,49.39274
5504,28,63,972,2488,972,2488,972,49.39274
5505,28,63,972,2488,972,2488,972,49.39274
5506,28,63,972,2488,972,2488,972,49.39274
5507,28,63,972,2488,972,2488,972,49.39274
5508,28,63,972,2488,972,2488,972,49.39274
5509,28,63,972,2488,972,2488,972,49.39274
5510,28,63,972,2488,972,2488,972,49.39274
5511,28,63,972,2488,972,2488,972,49.39274
5512,28,63,972,2488,972,2488,972,49.39274
5513,28,63,972,2488,972,2488,972,49.39274
5514,28,63,972,2488,972,2488,972,49.39274
5515,28,63,972,2488,972,2488,972,49.39274
5516,28,63,972,2488,972,2488,972,49.39274
5517,28,63,972,2488,972,2488,972,49.39274
5518,28,63,972,2488,972,2488,972,49.39274
5519,28,63,972,2488,972,2488,972,49.39274
5520,28,63,972,2488,972,2488,972,49.39274
5521,28,63,972,2488,972,2488,972,49.39274
5522,28,63,972,2488,972,2488,972,49.39274
5523,28,63,972,2488,972,2488,972,49.39274
5524,28,63,972,2488,972,2488,972,49.39274
5525,28,63,972,2488,972,2488,972,49.39274
5526,28,63,972,2488,972,2488,972,49.39274
5527,28,63,972,2488,972,2488,972,49.39274
5528,28,63,972,2488,972,2488,972,49.39274
5529,28,63,972,2488,972,2488,972,49.39274
5530,28,63,972,2488,972,2488,972,49.39274
5531,28,63,972,2488,972,2488,972,49.39274
5532,28,63,972,2488,972,2488,972,49.39274
5533,28,63,972,2488,972,2488,972,49.39274
5534,28,63,972,2488,972,2488,972,49.39274
5535,28,63,972,2488,972,2488,972,49.39274
5536,28,63,972,2488,972,2488,972,49.39274
5537,28,63,972,2488,972,2488,972,49.39274
5538,28,63,972,2488,972,2488,972,49.39274
5539,28,63,972,2488,972,2488,972,49.39274
5540,28,63,972,2488,972,2488,972,49.39274
5541,28,63,972,2488,972,2488,972,49.39274
5542,28,63,972,2488,972,2488,972,49.39274
5543,28,63,972,2488,972,2488,972,49.39274
5544,28,63,972,2488,972,2488,972,49.39274
5545,28,63,972,2488,972,2488,972,49.39274
5546,28,63,972,2488,972,2488,972,49.39274
5547,28,63,972,2488,972,2488,972,49.39274
5548,28,63,972,2488,972,2488,972,49.39274
5549,28,63,972,2488,972,2488,972,49.39274
5550,28,63,972,2488,972,2488,972,49.39274
5551,28,63,972,2488,972,2488,972,49.39274
5552,28,63,972,2488,972,2488,972,49.39274
5553,28,63,972,2488,972,2488,972,49.39274
5554,28,63,972,2488,972,2488,972,49.39274
5555,28,63,972,2488,972,2488,972,49.39274
5556,28,63,972,2488,972,2488,972,49.39274
5557,28,63,972,2488,972,2488,972,49.39274
5558,28,63,972,2488,972,2488,972,49.39274
5559,28,63,972,2488,972,2488,972,49.39274
5560,28,63,972,2488,972,2488,972,49.39274
5561,28,63,972,2488,972,2488,972,49.39274
5562,28,63,973,2492,972,2488,972,49.39274
5563,28,63,973,2492,972,2488,972,49.39274
5564,28,63,974,2493,972,2488,972,49.39274
5565,28,63,974,2493,972,2488,972,49.39274
5566,28,63,974,2493,972,2488,972,49.39274
5567,28,63,974,2493,972,2488,972,49.39274
5568,28,63,974,2493,972,2488,972,49.39274
5569,28,63,974,2493,972,2488,972,49.39274
5570,28,63,974,2493,972,2488,972,49.39274
5571,28,63,974,2493,972,2488,972,49.39274
5572,28,63,974,2493,972,2488,972,49.39274
5573,28,63,974,2493,972,2488,972,49.39274
5574,28,63,974,2493,972,2488,972,49.39274
5575,28,63,974,2493,972,2488,972,49.39274
5576,28,63,974,2493,972,2488,972,49.39274
5577,28,63,974,2493,972,2488,972,49.39274
5578,28,63,974,2493,972,2488,972,49.39274
5579,28,63,974,2493,972,2488,972,49.39274
5580,28,63,974,2493,972,2488,972,49.39274
5581,28,63,974,2493,972,2488,972,49.39274
5582,28,63,974,2493,972,2488,972,49.39274
5583,28,63,974,2493,972,2488,972,49.39274
5584,28,63,974,2493,972,2488,972,49.39274
5585,28,63,974,2493,972,2488,972,49.39274
5586,28,63,974,2493,972,2488,972,49.39274
5587,28,63,974,2493,972,2488,972,49.39274
5588,28,63,974,2493,972,2488,972,49.39274
5589,28,63,974,2493,972,2488,972,49.39274
5590,28,63,974,2493,972,2488,972,49.39274
5591,28,63,975,2496,972,2488,972,49.39274
5592,28,63,975,2496,972,2488,972,49.39274
5593,28,63,975,2496,972,2488,972,49.39274
5594,28,63,975,2496,972,2488,972,49.39274
5595,28,63,975,2496,972,2488,972,49.39274
5596,28,63,975,2496,972,2488,972,49.39274
5597,28,63,975,2496,972,2488,972,49.39274
5598,28,63,975,2496,972,2488,972,49.39274
5599,28,63,975,2496,972,2488,972,49.39274
5600,28,63,975,2496,972,2488,972,49.39274
5601,28,63,975,2496,972,2488,972,49.39274
5602,28,63,975,2496,972,2488,972,49.39274
5603,28,63,976,2497,972,2488,972,49.39274
5604,28,63,976,2497,972,2488,972,49.39274
5605,28,63,976,2497,972,2488,972,49.39274
5606,28,63,976,2497,972,2488,972,49.39274
5607,28,63,976,2497,972,2488,972,49.39274
5608,28,63,976,2497,972,2488,972,49.39274
5609,28,63,976,2497,972,2488,972,49.39274
5610,28,63,976,2497,972,2488,972,49.39274
5611,28,63,976,2497,972,2488,972,49.39274
5612,28,63,976,2497,972,2488,972,49.39274
5613,28,63,976,2497,972,2488,972,49.39274
5614,28,63,976,2497,972,2488,972,49.39274
5615,28,63,976,2497,972,2488,972,49.39274
5616,27,59,976,2497,973,2492,973,49.39274
5617,27,59,976,2497,973,2492,973,49.38667
5618,27,59,976,2497,973,2492,973,49.38667
5619,27,59,976,2497,973,2492,973,49.38667
5620,27,59,976,2497,973,2492,973,49.38667
5621,27,59,976,2497,973,2492,973,49.38667
5622,27,59,976,2497,973,2492,973,49.38667
5623,27,59,976,2497,973,2492,973,49.38667
5624,27,59,976,2497,973,2492,973,49.38667
5625,27,59,976,2497,973,2492,973,49.38667
5626,27,59,976,2497,973,2492,973,49.38667
5627,27,59,976,2497,973,2492,973,49.38667
5628,27,59,976,2497,973,2492,973,49.38667
5629,27,59,976,2497,973,2492,973,49.38667
5630,27,59,976,2497,973,2492,973,49.38667
5631,27,59,976,2497,973,2492,973,49.38667
5632,27,59,976,2497,973,2492,973,49.38667
5633,27,59,976,2497,973,2492,973,49.38667
5634,27,59,976,2497,973,2492,973,49.38667
5635,27,59,976,2497,973,2492,973,49.38667
5636,27,59,976,2497,973,2492,973,49.38667
5637,27,59,976,2497,973,2492,973,49.38667
5638,27,59,976,2497,973,2492,973,49.38667
5639,27,59,976,2497,973,2492,973,49.38667
5640,27,59,976,2497,973,2492,973,49.38667
5641,27,59,976,2497,973,2492,973,49.38667
5642,27,59,976,2497,973,2492,973,49.38667
5643,27,59,976,2497,973,2492,973,49.38667
5644,27,59,976,2497,973,2492,973,49.38667
5645,27,59,976,2497,973,2492,973,49.38667
5646,27,59,976,2497,973,2492,973,49.38667
5647,27,59,976,2497,973,2492,973,49.38667
5648,27,59,976,2497,973,2492,973,49.38667
5649,27,59,976,2497,973,2492,973,49.38667
5650,27,59,976,2497,973,2492,973,49.38667
5651,26,58,976,2497,974,2493,974,49.38667
5652,26,58,976,2497,974,2493,974,49.41084
5653,26,58,976,2497,974,2493,974,49.41084
5654,26,58,976,2497,974,2493,974,49.41084
5655,26,58,976,2497,974,2493,974,49.41084
5656,26,58,976,2497,974,2493,974,49.41084
5657,26,58,976,2497,974,2493,974,49.41084
5658,26,58,976,2497,974,2493,974,49.41084
5659,26,58,976,2497,974,2493,974,49.41084
5660,26,58,976,2497,974,2493,974,49.41084
5661,26,58,976,2497,974,2493,974,49.41084
5662,26,58,976,2497,974,2493,974,49.41084
5663,26,58,976,2497,974,2493,974,49.41084
5664,26,58,976,2497,974,2493,974,49.41084
5665,26,58,976,2497,974,2493,974,49.41084
5666,26,58,976,2497,974,2493,974,49.41084
5667,26,58,977,2499,974,2493,974,49.41084
5668,26,58,977,2499,974,2493,974,49.41084
5669,26,58,977,2499,974,2493,974,49.41084
5670,26,58,977,2499,974,2493,974,49.41084
5671,26,58,977,2499,974,2493,974,49.41084
5672,26,58,977,2499,974,2493,974,49.41084
5673,26,58,977,2499,974,2493,974,49.41084
5674,26,58,977,2499,974,2493,974,49.41084
5675,26,58,977,2499,974,2493,974,49.41084
5676,26,58,977,2499,974,2493,974,49.41084
5677,26,58,977,2499,974,2493,974,49.41084
5678,26,58,977,2499,974,2493,974,49.41084
5679,26,58,977,2499,974,2493,974,49.41084
5680,25,56,977,2499,975,2495,975,49.41084
5681,25,56,977,2499,975,2495,975,49.37135
5682,25,56,977,2499,975,2495,975,49.37135
5683,25,56,977,2499,975,2495,975,49.37135
5684,25,56,977,2499,975,2495,975,49.37135
5685,25,56,977,2499,975,2495,975,49.37135
5686,25,56,977,2499,975,2495,975,49.37135
5687,25,56,977,2499,975,2495,975,49.37135
5688,25,56,977,2499,975,2495,975,49.37135
5689,25,56,977,2499,975,2495,975,49.37135
5690,25,56,977,2499,975,2495,975,49.37135
5691,25,56,977,2499,975,2495,975,49.37135
5692,25,56,977,2499,975,2495,975,49.37135
5693,25,56,977,2499,975,2495,975,49.37135
5694,25,56,977,2499,975,2495,975,49.37135
5695,25,56,977,2499,975,2495,975,49.37135
5696,25,56,977,2499,975,2495,975,49.37135
5697,25,56,977,2499,975,2495,975,49.37135
5698,25,56,977,2499,975,2495,975,49.37135
5699,25,56,977,2499,975,2495,975,49.37135
5700,25,56,977,2499,975,2495,975,49.37135
5701,25,56,977,2499,975,2495,975,49.37135
5702,24,55,977,2499,976,2496,976,49.37135
5703,24,55,977,2499,976,2496,976,49.40562
5704,24,55,977,2499,976,2496,976,49.40562
5705,24,55,977,2499,976,2496,976,49.40562
5706,24,55,977,2499,976,2496,976,49.40562
5707,24,55,978,2500,976,2496,976,49.40562
5708,24,55,978,2500,976,2496,976,49.40562
5709,24,55,978,2500,976,2496,976,49.40562
5710,24,55,978,2500,976,2496,976,49.40562
5711,24,55,978,2500,976,2496,976,49.40562
5712,24,55,978,2500,976,2496,976,49.40562
5713,24,55,978,2500,976,2496,976,49.40562
5714,24,55,978,2500,976,2496,976,49.40562
5715,24,55,978,2500,976,2496,976,49.40562
5716,24,55,978,2500,976,2496,976,49.40562
5717,24,55,978,2500,976,2496,976,49.40562
5718,24,55,978,2500,976,2496,976,49.40562
5719,24,55,978,2500,976,2496,976,49.40562
5720,24,55,978,2500,976,2496,976,49.40562
5721,24,55,979,2503,976,2496,976,49.40562
5722,24,55,979,2503,976,2496,976,49.40562
5723,24,55,979,2503,976,2496,976,49.40562
5724,24,55,979,2503,976,2496,976,49.40562
5725,23,52,979,2503,977,2499,977,49.40562
5726,23,52,979,2503,977,2499,977,49.45269
5727,23,52,979,2503,977,2499,977,49.45269
5728,23,52,980,2508,977,2499,977,49.45269
5729,23,52,980,2508,977,2499,977,49.45269
5730,23,52,980,2508,977,2499,977,49.45269
5731,23,52,980,2508,977,2499,977,49.45269
5732,23,52,980,2508,977,2499,977,49.45269
5733,23,52,980,2508,977,2499,977,49.45269
5734,23,52,980,2508,977,2499,977,49.45269
5735,23,52,980,2508,977,2499,977,49.45269
5736,23,52,980,2508,977,2499,977,49.45269
5737,23,52,980,2508,977,2499,977,49.45269
5738,23,52,980,2508,977,2499,977,49.45269
5739,23,52,980,2508,977,2499,977,49.45269
5740,23,52,980,2508,977,2499,977,49.45269
5741,23,52,980,2508,977,2499,977,49.45269
5742,23,52,980,2508,977,2499,977,49.45269
5743,23,52,980,2508,977,2499,977,49.45269
5744,23,52,980,2508,977,2499,977,49.45269
5745,23,52,981,2511,977,2499,977,49.45269
5746,23,52,981,2511,977,2499,977,49.45269
5747,23,52,981,2511,977,2499,977,49.45269
5748,23,52,981,2511,977,2499,977,49.45269
5749,23,52,981,2511,977,2499,977,49.45269
5750,23,52,982,2513,977,2499,977,49.45269
5751,23,52,983,2518,977,2499,977,49.45269
5752,23,52,983,2518,977,2499,977,49.45269
5753,23,52,983,2518,977,2499,977,49.45269
5754,23,52,983,2518,977,2499,977,49.45269
5755,23,52,983,2518,977,2499,977,49.45269
5756,23,52,983,2518,977,2499,977,49.45269
5757,23,52,983,2518,977,2499,977,49.45269
5758,23,52,983,2518,977,2499,977,49.45269
5759,23,52,983,2518,977,2499,977,49.45269
5760,23,52,983,2518,977,2499,977,49.45269
5761,23,52,983,2518,977,2499,977,49.45269
5762,23,52,983,2518,977,2499,977,49.45269
5763,22,51,983,2518,978,2500,978,49.45269
5764,22,51,983,2518,978,2500,978,49.44878
5765,22,51,983,2518,978,2500,978,49.44878
5766,22,51,983,2518,978,2500,978,49.44878
5767,22,51,983,2518,978,2500,978,49.44878
5768,22,51,983,2518,978,2500,978,49.44878
5769,22,51,983,2518,978,2500,978,49.44878
5770,22,51,983,2518,978,2500,978,49.44878
5771,22,51,983,2518,978,2500,978,49.44878
5772,22,51,983,2518,978,2500,978,49.44878
5773,22,51,983,2518,978,2500,978,49.44878
5774,22,51,983,2518,978,2500,978,49.44878
5775,22,51,983,2518,978,2500,978,49.44878
5776,22,51,983,2518,978,2500,978,49.44878
5777,22,51,983,2518,978,2500,978,49.44878
5778,22,51,983,2518,978,2500,978,49.44878
5779,22,51,983,2518,978,2500,978,49.44878
5780,22,51,983,2518,978,2500,978,49.44878
5781,22,51,983,2518,978,2500,978,49.44878
5782,22,51,983,2518,978,2500,978,49.44878
5783,21,48,983,2518,979,2503,979,49.44878
5784,21,48,983,2518,979,2503,979,49.45736
5785,21,48,983,2518,979,2503,979,49.45736
5786,21,48,983,2518,979,2503,979,49.45736
5787,21,48,983,2518,979,2503,979,49.45736
5788,21,48,983,2518,979,2503,979,49.45736
5789,21,48,983,2518,979,2503,979,49.45736
5790,21,48,983,2518,979,2503,979,49.45736
5791,21,48,983,2518,979,2503,979,49.45736
5792,21,48,983,2518,979,2503,979,49.45736
5793,21,48,983,2518,979,2503,979,49.45736
5794,21,48,983,2518,979,2503,979,49.45736
5795,21,48,983,2518,979,2503,979,49.45736
5796,20,45,983,2518,980,2506,980,49.45736
5797,20,45,983,2518,980,2506,980,49.45494
5798,20,45,984,2519,980,2506,980,49.45494
5799,20,45,984,2519,980,2506,980,49.45494
5800,20,45,984,2519,980,2506,980,49.45494
5801,20,45,984,2519,980,2506,980,49.45494
5802,20,45,984,2519,980,2506,980,49.45494
5803,20,45,984,2519,980,2506,980,49.45494
5804,20,45,984,2519,980,2506,980,49.45494
5805,19,40,984,2519,981,2511,981,49.45494
5806,19,40,984,2519,981,2511,981,49.45371
5807,18,38,984,2519,982,2513,982,49.45371
5808,18,38,984,2519,982,2513,982,49.44487
5809,18,38,984,2519,982,2513,982,49.44487
5810,18,38,984,2519,982,2513,982,49.44487
5811,18,38,984,2519,982,2513,982,49.44487
5812,18,38,984,2519,982,2513,982,49.44487
5813,18,38,984,2519,982,2513,982,49.44487
5814,18,38,984,2519,982,2513,982,49.44487
5815,18,38,984,2519,982,2513,982,49.44487
5816,18,38,984,2519,982,2513,982,49.44487
5817,18,38,984,2519,982,2513,982,49.44487
5818,18,38,985,2521,982,2513,982,49.44487
5819,18,38,985,2521,982,2513,982,49.44487
5820,18,38,985,2521,982,2513,982,49.44487
5821,18,38,985,2521,982,2513,982,49.44487
5822,18,38,986,2522,982,2513,982,49.44487
5823,18,38,987,2523,982,2513,982,49.44487
5824,18,38,987,2523,982,2513,982,49.44487
5825,18,38,987,2523,982,2513,982,49.44487
5826,18,38,987,2523,982,2513,982,49.44487
5827,18,38,987,2523,982,2513,982,49.44487
5828,18,38,987,2523,982,2513,982,49.44487
5829,18,38,987,2523,982,2513,982,49.44487
5830,18,38,987,2523,982,2513,982,49.44487
5831,18,38,987,2523,982,2513,982,49.44487
5832,18,38,987,2523,982,2513,982,49.44487
5833,18,38,987,2523,982,2513,982,49.44487
5834,18,38,987,2523,982,2513,982,49.44487
5835,18,38,987,2523,982,2513,982,49.44487
5836,18,38,987,2523,982,2513,982,49.44487
5837,18,38,987,2523,982,2513,982,49.44487
5838,18,38,987,2523,982,2513,982,49.44487
5839,18,38,987,2523,982,2513,982,49.44487
5840,18,38,987,2523,982,2513,982,49.44487
5841,17,33,987,2523,983,2518,983,49.44487
5842,17,33,987,2523,983,2518,983,49.47659
5843,17,33,987,2523,983,2518,983,49.47659
5844,17,33,987,2523,983,2518,983,49.47659
5845,17,33,987,2523,983,2518,983,49.47659
5846,17,33,988,2524,983,2518,983,49.47659
5847,17,33,988,2524,983,2518,983,49.47659
5848,17,33,989,2527,983,2518,983,49.47659
5849,17,33,989,2527,983,2518,983,49.47659
5850,17,33,989,2527,983,2518,983,49.47659
5851,17,33,989,2527,983,2518,983,49.47659
5852,17,33,989,2527,983,2518,983,49.47659
5853,17,33,989,2527,983,2518,983,49.47659
5854,17,33,989,2527,983,2518,983,49.47659
5855,17,33,989,2527,983,2518,983,49.47659
5856,17,33,989,2527,983,2518,983,49.47659
5857,17,33,989,2527,983,2518,983,49.47659
5858,17,33,989,2527,983,2518,983,49.47659
5859,17,33,989,2527,983,2518,983,49.47659
5860,17,33,990,2528,983,2518,983,49.47659
5861,17,33,990,2528,983,2518,983,49.47659
5862,17,33,990,2528,983,2518,983,49.47659
5863,17,33,990,2528,983,2518,983,49.47659
5864,17,33,990,2528,983,2518,983,49.47659
5865,17,33,990,2528,983,2518,983,49.47659
5866,17,33,990,2528,983,2518,983,49.47659
5867,17,33,990,2528,983,2518,983,49.47659
5868,17,33,990,2528,983,2518,983,49.47659
5869,17,33,990,2528,983,2518,983,49.47659
5870,17,33,990,2528,983,2518,983,49.47659
5871,17,33,990,2528,983,2518,983,49.47659
5872,17,33,990,2528,983,2518,983,49.47659
5873,17,33,990,2528,983,2518,983,49.47659
5874,17,33,990,2528,983,2518,983,49.47659
5875,17,33,990,2528,983,2518,983,49.47659
5876,17,33,990,2528,983,2518,983,49.47659
5877,17,33,990,2528,983,2518,983,49.47659
5878,17,33,990,2528,983,2518,983,49.47659
5879,17,33,990,2528,983,2518,983,49.47659
5880,17,33,990,2528,983,2518,983,49.47659
5881,17,33,990,2528,983,2518,983,49.47659
5882,17,33,990,2528,983,2518,983,49.47659
5883,16,31,990,2528,984,2520,984,49.47659
5884,16,31,990,2528,984,2520,984,49.48473
5885,16,31,990,2528,984,2520,984,49.48473
5886,16,31,990,2528,984,2520,984,49.48473
5887,16,31,990,2528,984,2520,984,49.48473
5888,16,31,990,2528,984,2520,984,49.48473
5889,16,31,990,2528,984,2520,984,49.48473
5890,16,31,990,2528,984,2520,984,49.48473
5891,16,31,990,2528,984,2520,984,49.48473
5892,16,31,990,2528,984,2520,984,49.48473
5893,16,31,990,2528,984,2520,984,49.48473
5894,16,31,990,2528,984,2520,984,49.48473
5895,15,30,990,2528,985,2521,985,49.48473
5896,15,30,990,2528,985,2521,985,49.49229
5897,15,30,990,2528,985,2521,985,49.49229
5898,14,29,990,2528,986,2522,986,49.49229
5899,14,29,990,2528,986,2522,986,49.47727
5900,14,29,990,2528,986,2522,986,49.47727
5901,14,29,990,2528,986,2522,986,49.47727
5902,14,29,990,2528,986,2522,986,49.47727
5903,14,29,990,2528,986,2522,986,49.47727
5904,14,29,990,2528,986,2522,986,49.47727
5905,14,29,990,2528,986,2522,986,49.47727
5906,14,29,990,2528,986,2522,986,49.47727
5907,14,29,990,2528,986,2522,986,49.47727
5908,14,29,990,2528,986,2522,986,49.47727
5909,14,29,990,2528,986,2522,986,49.47727
5910,14,29,990,2528,986,2522,986,49.47727
5911,14,29,990,2528,986,2522,986,49.47727
5912,14,29,990,2528,986,2522,986,49.47727
5913,14,29,990,2528,986,2522,986,49.47727
5914,14,29,990,2528,986,2522,986,49.47727
5915,14,29,990,2528,986,2522,986,49.47727
5916,14,29,990,2528,986,2522,986,49.47727
5917,14,29,990,2528,986,2522,986,49.47727
5918,14,29,990,2528,986,2522,986,49.47727
5919,14,29,990,2528,986,2522,986,49.47727
5920,14,29,990,2528,986,2522,986,49.47727
5921,14,29,990,2528,986,2522,986,49.47727
5922,14,29,990,2528,986,2522,986,49.47727
5923,13,26,990,2528,987,2525,987,49.47727
5924,13,26,990,2528,987,2525,987,49.50025
5925,13,26,990,2528,987,2525,987,49.50025
5926,13,26,990,2528,987,2525,987,49.50025
5927,13,26,990,2528,987,2525,987,49.50025
5928,13,26,990,2528,987,2525,987,49.50025
5929,13,26,990,2528,987,2525,987,49.50025
5930,13,26,990,2528,987,2525,987,49.50025
5931,13,26,990,2528,987,2525,987,49.50025
5932,13,26,990,2528,987,2525,987,49.50025
5933,13,26,990,2528,987,2525,987,49.50025
5934,13,26,990,2528,987,2525,987,49.50025
5935,12,25,990,2528,988,2526,988,49.50025
5936,12,25,990,2528,988,2526,988,49.5324
5937,12,25,990,2528,988,2526,988,49.5324
5938,12,25,990,2528,988,2526,988,49.5324
5939,12,25,990,2528,988,2526,988,49.5324
5940,12,25,990,2528,988,2526,988,49.5324
5941,11,24,990,2528,989,2527,989,49.5324
5942,11,24,990,2528,989,2527,989,49.61438
5943,11,24,990,2528,989,2527,989,49.61438
5944,11,24,990,2528,989,2527,989,49.61438
5945,11,24,990,2528,989,2527,989,49.61438
5946,11,24,990,2528,989,2527,989,49.61438
5947,11,24,990,2528,989,2527,989,49.61438
5948,11,24,990,2528,989,2527,989,49.61438
5949,11,24,990,2528,989,2527,989,49.61438
5950,11,24,990,2528,989,2527,989,49.61438
5951,10,23,990,2528,990,2528,990,49.61438
5952,10,23,990,2528,990,2528,990,49.64361
5953,10,23,990,2528,990,2528,990,49.64361
5954,10,23,990,2528,990,2528,990,49.64361
5955,10,23,990,2528,990,2528,990,49.64361
5956,10,23,990,2528,990,2528,990,49.64361
5957,10,23,990,2528,990,2528,990,49.64361
5958,10,23,990,2528,990,2528,990,49.64361
5959,10,23,990,2528,990,2528,990,49.64361
5960,10,23,990,2528,990,2528,990,49.64361
5961,10,23,990,2528,990,2528,990,49.64361
5962,10,23,990,2528,990,2528,990,49.64361
5963,10,23,990,2528,990,2528,990,49.64361
5964,10,23,990,2528,990,2528,990,49.64361
5965,10,23,990,2528,990,2528,990,49.64361
5966,10,23,990,2528,990,2528,990,49.64361
5967,10,23,990,2528,990,2528,990,49.64361
5968,10,23,990,2528,990,2528,990,49.64361
5969,10,23,990,2528,990,2528,990,49.64361
5970,10,23,990,2528,990,2528,990,49.64361
5971,10,23,990,2528,990,2528,990,49.64361
5972,10,23,990,2528,990,2528,990,49.64361
5973,10,23,990,2528,990,2528,990,49.64361
5974,10,23,990,2528,990,2528,990,49.64361
5975,10,23,990,2528,990,2528,990,49.64361
5976,10,23,990,2528,990,2528,990,49.64361
5977,10,23,990,2528,990,2528,990,49.64361
5978,10,23,990,2528,990,2528,990,49.64361
5979,10,23,990,2528,990,2528,990,49.64361
5980,10,23,990,2528,990,2528,990,49.64361
5981,10,23,990,2528,990,2528,990,49.64361
5982,10,23,990,2528,990,2528,990,49.64361
5983,10,23,990,2528,990,2528,990,49.64361
5984,10,23,990,2528,990,2528,990,49.64361
5985,10,23,990,2528,990,2528,990,49.64361
5986,10,23,990,2528,990,2528,990,49.64361
5987,10,23,990,2528,990,2528,990,49.64361
5988,10,23,990,2528,990,2528,990,49.64361
5989,10,23,990,2528,990,2528,990,49.64361
5990,10,23,990,2528,990,2528,990,49.64361
5991,10,23,990,2528,990,2528,990,49.64361
5992,10,23,990,2528,990,2528,990,49.64361
5993,10,23,990,2528,990,2528,990,49.64361
5994,10,23,990,2528,990,2528,990,49.64361
5995,10,23,990,2528,990,2528,990,49.64361
5996,10,23,990,2528,990,2528,990,49.64361
5997,10,23,990,2528,990,2528,990,49.64361
5998,10,23,990,2528,990,2528,990,49.64361
5999,10,23,990,2528,990,2528,990,49.64361
6000,10,23,991,2530,990,2528,990,49.64361
6001,10,23,991,2530,990,2528,990,49.64361
6002,10,23,991,2530,990,2528,990,49.64361
6003,10,23,991,2530,990,2528,990,49.64361
6004,10,23,991,2530,990,2528,990,49.64361
6005,10,23,991,2530,990,2528,990,49.64361
6006,10,23,991,2530,990,2528,990,49.64361
6007,10,23,991,2530,990,2528,990,49.64361
6008,10,23,991,2530,990,2528,990,49.64361
6009,10,23,991,2530,990,2528,990,49.64361
6010,10,23,991,2530,990,2528,990,49.64361
6011,10,23,991,2530,990,2528,990,49.64361
6012,10,23,991,2530,990,2528,990,49.64361
6013,10,23,991,2530,990,2528,990,49.64361
6014,10,23,991,2530,990,2528,990,49.64361
6015,10,23,991,2530,990,2528,990,49.64361
6016,10,23,991,2530,990,2528,990,49.64361
6017,10,23,991,2530,990,2528,990,49.64361
6018,10,23,991,2530,990,2528,990,49.64361
6019,10,23,991,2530,990,2528,990,49.64361
6020,10,23,991,2530,990,2528,990,49.64361
6021,10,23,991,2530,990,2528,990,49.64361
6022,10,23,991,2530,990,2528,990,49.64361
6023,10,23,991,2530,990,2528,990,49.64361
6024,10,23,991,2530,990,2528,990,49.64361
6025,10,23,991,2530,990,2528,990,49.64361
6026,10,23,991,2530,990,2528,990,49.64361
6027,10,23,991,2530,990,2528,990,49.64361
6028,10,23,991,2530,990,2528,990,49.64361
6029,10,23,991,2530,990,2528,990,49.64361
6030,10,23,991,2530,990,2528,990,49.64361
6031,10,23,991,2530,990,2528,990,49.64361
6032,10,23,991,2530,990,2528,990,49.64361
6033,10,23,992,2532,990,2528,990,49.64361
6034,10,23,992,2532,990,2528,990,49.64361
6035,10,23,992,2532,990,2528,990,49.64361
6036,10,23,992,2532,990,2528,990,49.64361
6037,10,23,992,2532,990,2528,990,49.64361
6038,10,23,992,2532,990,2528,990,49.64361
6039,10,23,992,2532,990,2528,990,49.64361
6040,10,23,992,2532,990,2528,990,49.64361
6041,10,23,992,2532,990,2528,990,49.64361
6042,10,23,992,2532,990,2528,990,49.64361
6043,10,23,992,2532,990,2528,990,49.64361
6044,10,23,992,2532,990,2528,990,49.64361
6045,10,23,992,2532,990,2528,990,49.64361
6046,10,23,992,2532,990,2528,990,49.64361
6047,10,23,992,2532,990,2528,990,49.64361
6048,10,23,992,2532,990,2528,990,49.64361
6049,10,23,992,2532,990,2528,990,49.64361
6050,10,23,992,2532,990,2528,990,49.64361
6051,9,21,992,2532,991,2530,991,49.64361
6052,9,21,992,2532,991,2530,991,49.62996
6053,9,21,992,2532,991,2530,991,49.62996
6054,9,21,992,2532,991,2530,991,49.62996
6055,9,21,992,2532,991,2530,991,49.62996
6056,9,21,992,2532,991,2530,991,49.62996
6057,9,21,992,2532,991,2530,991,49.62996
6058,9,21,992,2532,991,2530,991,49.62996
6059,9,21,992,2532,991,2530,991,49.62996
6060,9,21,992,2532,991,2530,991,49.62996
6061,9,21,992,2532,991,2530,991,49.62996
6062,9,21,992,2532,991,2530,991,49.62996
6063,9,21,992,2532,991,2530,991,49.62996
6064,9,21,992,2532,991,2530,991,49.62996
6065,9,21,992,2532,991,2530,991,49.62996
6066,9,21,992,2532,991,2530,991,49.62996
6067,9,21,992,2532,991,2530,991,49.62996
6068,9,21,992,2532,991,2530,991,49.62996
6069,9,21,992,2532,991,2530,991,49.62996
6070,9,21,992,2532,991,2530,991,49.62996
6071,9,21,992,2532,991,2530,991,49.62996
6072,9,21,992,2532,991,2530,991,49.62996
6073,9,21,992,2532,991,2530,991,49.62996
6074,9,21,992,2532,991,2530,991,49.62996
6075,9,21,992,2532,991,2530,991,49.62996
6076,9,21,992,2532,991,2530,991,49.62996
6077,9,21,992,2532,991,2530,991,49.62996
6078,9,21,992,2532,991,2530,991,49.62996
6079,9,21,992,2532,991,2530,991,49.62996
6080,9,21,992,2532,991,2530,991,49.62996
6081,9,21,992,2532,991,2530,991,49.62996
6082,9,21,992,2532,991,2530,991,49.62996
6083,9,21,992,2532,991,2530,991,49.62996
6084,9,21,992,2532,991,2530,991,49.62996
6085,9,21,992,2532,991,2530,991,49.62996
6086,9,21,992,2532,991,2530,991,49.62996
6087,9,21,992,2532,991,2530,991,49.62996
6088,9,21,992,2532,991,2530,991,49.62996
6089,9,21,992,2532,991,2530,991,49.62996
6090,9,21,992,2532,991,2530,991,49.62996
6091,9,21,992,2532,991,2530,991,49.62996
6092,9,21,992,2532,991,2530,991,49.62996
6093,9,21,992,2532,991,2530,991,49.62996
6094,9,21,992,2532,991,2530,991,49.62996
6095,9,21,992,2532,991,2530,991,49.62996
6096,9,21,992,2532,991,2530,991,49.62996
6097,9,21,992,2532,991,2530,991,49.62996
6098,9,21,992,2532,991,2530,991,49.62996
6099,9,21,992,2532,991,2530,991,49.62996
6100,9,21,992,2532,991,2530,991,49.62996
6101,9,21,992,2532,991,2530,991,49.62996
6102,9,21,992,2532,991,2530,991,49.62996
6103,9,21,993,2534,991,2530,991,49.62996
6104,9,21,993,2534,991,2530,991,49.62996
6105,9,21,993,2534,991,2530,991,49.62996
6106,9,21,994,2535,991,2530,991,49.62996
6107,9,21,994,2535,991,2530,991,49.62996
6108,9,21,994,2535,991,2530,991,49.62996
6109,9,21,994,2535,991,2530,991,49.62996
6110,9,21,995,2540,991,2530,991,49.62996
6111,9,21,995,2540,991,2530,991,49.62996
6112,8,19,995,2540,992,2532,992,49.62996
6113,8,19,995,2540,992,2532,992,49.65395
6114,8,19,995,2540,992,2532,992,49.65395
6115,8,19,995,2540,992,2532,992,49.65395
6116,8,19,995,2540,992,2532,992,49.65395
6117,8,19,995,2540,992,2532,992,49.65395
6118,8,19,995,2540,992,2532,992,49.65395
6119,8,19,995,2540,992,2532,992,49.65395
6120,8,19,995,2540,992,2532,992,49.65395
6121,8,19,995,2540,992,2532,992,49.65395
6122,8,19,995,2540,992,2532,992,49.65395
6123,8,19,995,2540,992,2532,992,49.65395
6124,8,19,995,2540,992,2532,992,49.65395
6125,8,19,995,2540,992,2532,992,49.65395
6126,8,19,995,2540,992,2532,992,49.65395
6127,8,19,995,2540,992,2532,992,49.65395
6128,8,19,995,2540,992,2532,992,49.65395
6129,8,19,995,2540,992,2532,992,49.65395
6130,8,19,995,2540,992,2532,992,49.65395
6131,8,19,995,2540,992,2532,992,49.65395
6132,8,19,995,2540,992,2532,992,49.65395
6133,8,19,995,2540,992,2532,992,49.65395
6134,8,19,995,2540,992,2532,992,49.65395
6135,8,19,995,2540,992,2532,992,49.65395
6136,8,19,995,2540,992,2532,992,49.65395
6137,8,19,995,2540,992,2532,992,49.65395
6138,8,19,995,2540,992,2532,992,49.65395
6139,8,19,995,2540,992,2532,992,49.65395
6140,8,19,995,2540,992,2532,992,49.65395
6141,8,19,995,2540,992,2532,992,49.65395
6142,8,19,995,2540,992,2532,992,49.65395
6143,8,19,995,2540,992,2532,992,49.65395
6144,8,19,995,2540,992,2532,992,49.65395
6145,7,17,995,2540,993,2534,993,49.65395
6146,7,17,995,2540,993,2534,993,49.63438
6147,7,17,995,2540,993,2534,993,49.63438
6148,7,17,995,2540,993,2534,993,49.63438
6149,7,17,995,2540,993,2534,993,49.63438
6150,7,17,995,2540,993,2534,993,49.63438
6151,7,17,995,2540,993,2534,993,49.63438
6152,7,17,996,2543,993,2534,993,49.63438
6153,7,17,996,2543,993,2534,993,49.63438
6154,7,17,996,2543,993,2534,993,49.63438
6155,7,17,996,2543,993,2534,993,49.63438
6156,7,17,996,2543,993,2534,993,49.63438
6157,7,17,996,2543,993,2534,993,49.63438
6158,7,17,996,2543,993,2534,993,49.63438
6159,7,17,996,2543,993,2534,993,49.63438
6160,7,17,996,2543,993,2534,993,49.63438
6161,7,17,996,2543,993,2534,993,49.63438
6162,7,17,996,2543,993,2534,993,49.63438
6163,7,17,996,2543,993,2534,993,49.63438
6164,7,17,996,2543,993,2534,993,49.63438
6165,7,17,996,2543,993,2534,993,49.63438
6166,7,17,996,2543,993,2534,993,49.63438
6167,7,17,996,2543,993,2534,993,49.63438
6168,7,17,996,2543,993,2534,993,49.63438
6169,7,17,996,2543,993,2534,993,49.63438
6170,7,17,996,2543,993,2534,993,49.63438
6171,7,17,996,2543,993,2534,993,49.63438
6172,6,12,996,2543,994,2539,994,49.63438
6173,5,11,996,2543,995,2540,995,49.63517
6174,5,11,996,2543,995,2540,995,49.64425
6175,5,11,996,2543,995,2540,995,49.64425
6176,5,11,996,2543,995,2540,995,49.64425
6177,5,11,996,2543,995,2540,995,49.64425
6178,5,11,996,2543,995,2540,995,49.64425
6179,5,11,996,2543,995,2540,995,49.64425
6180,5,11,996,2543,995,2540,995,49.64425
6181,5,11,996,2543,995,2540,995,49.64425
6182,5,11,996,2543,995,2540,995,49.64425
6183,5,11,996,2543,995,2540,995,49.64425
6184,5,11,996,2543,995,2540,995,49.64425
6185,5,11,996,2543,995,2540,995,49.64425
6186,5,11,996,2543,995,2540,995,49.64425
6187,5,11,996,2543,995,2540,995,49.64425
6188,5,11,996,2543,995,2540,995,49.64425
6189,5,11,996,2543,995,2540,995,49.64425
6190,5,11,996,2543,995,2540,995,49.64425
6191,5,11,996,2543,995,2540,995,49.64425
6192,5,11,996,2543,995,2540,995,49.64425
6193,5,11,996,2543,995,2540,995,49.64425
6194,5,11,996,2543,995,2540,995,49.64425
6195,5,11,996,2543,995,2540,995,49.64425
6196,5,11,997,2544,995,2540,995,49.64425
6197,5,11,997,2544,995,2540,995,49.64425
6198,5,11,997,2544,995,2540,995,49.64425
6199,5,11,997,2544,995,2540,995,49.64425
6200,5,11,997,2544,995,2540,995,49.64425
6201,5,11,997,2544,995,2540,995,49.64425
6202,5,11,997,2544,995,2540,995,49.64425
6203,5,11,997,2544,995,2540,995,49.64425
6204,5,11,997,2544,995,2540,995,49.64425
6205,5,11,997,2544,995,2540,995,49.64425
6206,5,11,997,2544,995,2540,995,49.64425
6207,5,11,997,2544,995,2540,995,49.64425
6208,5,11,997,2544,995,2540,995,49.64425
6209,5,11,997,2544,995,2540,995,49.64425
6210,5,11,997,2544,995,2540,995,49.64425
6211,5,11,997,2544,995,2540,995,49.64425
6212,5,11,997,2544,995,2540,995,49.64425
6213,5,11,997,2544,995,2540,995,49.64425
6214,5,11,997,2544,995,2540,995,49.64425
6215,5,11,997,2544,995,2540,995,49.64425
6216,5,11,997,2544,995,2540,995,49.64425
6217,5,11,997,2544,995,2540,995,49.64425
6218,5,11,997,2544,995,2540,995,49.64425
6219,5,11,997,2544,995,2540,995,49.64425
6220,5,11,997,2544,995,2540,995,49.64425
6221,5,11,997,2544,995,2540,995,49.64425
6222,5,11,997,2544,995,2540,995,49.64425
6223,5,11,998,2547,995,2540,995,49.64425
6224,5,11,998,2547,995,2540,995,49.64425
6225,5,11,998,2547,995,2540,995,49.64425
6226,4,8,999,2549,996,2543,996,49.64425
6227,4,8,999,2549,996,2543,996,49.6532
6228,4,8,999,2549,996,2543,996,49.6532
6229,4,8,999,2549,996,2543,996,49.6532
6230,4,8,999,2549,996,2543,996,49.6532
6231,4,8,999,2549,996,2543,996,49.6532
6232,4,8,999,2549,996,2543,996,49.6532
6233,4,8,999,2549,996,2543,996,49.6532
6234,4,8,999,2549,996,2543,996,49.6532
6235,4,8,999,2549,996,2543,996,49.6532
6236,4,8,999,2549,996,2543,996,49.6532
6237,3,7,999,2549,997,2544,997,49.6532
6238,3,7,999,2549,997,2544,997,49.63845
6239,3,7,999,2549,997,2544,997,49.63845
6240,3,7,999,2549,997,2544,997,49.63845
6241,3,7,999,2549,997,2544,997,49.63845
6242,3,7,999,2549,997,2544,997,49.63845
6243,3,7,999,2549,997,2544,997,49.63845
6244,3,7,999,2549,997,2544,997,49.63845
6245,3,7,999,2549,997,2544,997,49.63845
6246,3,7,999,2549,997,2544,997,49.63845
6247,3,7,999,2549,997,2544,997,49.63845
6248,3,7,999,2549,997,2544,997,49.63845
6249,3,7,999,2549,997,2544,997,49.63845
6250,3,7,999,2549,997,2544,997,49.63845
6251,3,7,999,2549,997,2544,997,49.63845
6252,3,7,999,2549,997,2544,997,49.63845
6253,3,7,999,2549,997,2544,997,49.63845
6254,3,7,1000,2551,997,2544,997,49.63845
6255,3,7,1000,2551,997,2544,997,49.63845
6256,3,7,1000,2551,997,2544,997,49.63845
6257,3,7,1000,2551,997,2544,997,49.63845
6258,3,7,1000,2551,997,2544,997,49.63845
6259,3,7,1000,2551,997,2544,997,49.63845
6260,3,7,1000,2551,997,2544,997,49.63845
6261,2,5,1000,2551,998,2546,998,49.63845
6262,2,5,1000,2551,998,2546,998,49.61698
6263,2,5,1000,2551,998,2546,998,49.61698
6264,2,5,1000,2551,998,2546,998,49.61698
6265,2,5,1000,2551,998,2546,998,49.61698
6266,2,5,1000,2551,998,2546,998,49.61698
6267,2,5,1000,2551,998,2546,998,49.61698
6268,2,5,1000,2551,998,2546,998,49.61698
6269,2,5,1000,2551,998,2546,998,49.61698
6270,2,5,1000,2551,998,2546,998,49.61698
6271,2,5,1000,2551,998,2546,998,49.61698
6272,2,5,1000,2551,998,2546,998,49.61698
6273,2,5,1000,2551,998,2546,998,49.61698
6274,2,5,1000,2551,998,2546,998,49.61698
6275,2,5,1000,2551,998,2546,998,49.61698
6276,2,5,1000,2551,998,2546,998,49.61698
6277,2,5,1000,2551,998,2546,998,49.61698
6278,2,5,1000,2551,998,2546,998,49.61698
6279,2,5,1000,2551,998,2546,998,49.61698
6280,2,5,1000,2551,998,2546,998,49.61698
6281,2,5,1000,2551,998,2546,998,49.61698
6282,2,5,1000,2551,998,2546,998,49.61698
6283,2,5,1000,2551,998,2546,998,49.61698
6284,2,5,1000,2551,998,2546,998,49.61698
6285,2,5,1000,2551,998,2546,998,49.61698
6286,2,5,1000,2551,998,2546,998,49.61698
6287,2,5,1000,2551,998,2546,998,49.61698
6288,2,5,1000,2551,998,2546,998,49.61698
6289,1,2,1000,2551,999,2549,999,49.61698
6290,1,2,1000,2551,999,2549,999,49.6141
6291,1,2,1000,2551,999,2549,999,49.6141
6292,1,2,1000,2551,999,2549,999,49.6141
6293,1,2,1000,2551,999,2549,999,49.6141
6294,1,2,1000,2551,999,2549,999,49.6141
6295,1,2,1000,2551,999,2549,999,49.6141
6296,1,2,1000,2551,999,2549,999,49.6141
6297,1,2,1000,2551,999,2549,999,49.6141
6298,1,2,1000,2551,999,2549,999,49.6141
6299,1,2,1000,2551,999,2549,999,49.6141
6300,1,2,1000,2551,999,2549,999,49.6141
6301,1,2,1000,2551,999,2549,999,49.6141
6302,1,2,1000,2551,999,2549,999,49.6141
6303,1,2,1000,2551,999,2549,999,49.6141
6304,1,2,1000,2551,999,2549,999,49.6141
6305,1,2,1000,2551,999,2549,999,49.6141
6306,0,0,1000,2551,1000,2551,1000,49.6141
