Time(s),Households left,People left,Total households responded, Total people responded,Total households reached car,Total people reached car,Total cars activated,Avg. walking dist.
0,1000,2551,0,0,0,0,0,0
1,1000,2551,0,0,0,0,0,0
2,1000,2551,0,0,0,0,0,0
3,1000,2551,0,0,0,0,0,0
4,1000,2551,0,0,0,0,0,0
5,1000,2551,0,0,0,0,0,0
6,1000,2551,0,0,0,0,0,0
7,1000,2551,0,0,0,0,0,0
8,1000,2551,0,0,0,0,0,0
9,1000,2551,0,0,0,0,0,0
10,1000,2551,0,0,0,0,0,0
11,1000,2551,1,1,0,0,0,0
12,1000,2551,1,1,0,0,0,0
13,1000,2551,1,1,0,0,0,0
14,1000,2551,1,1,0,0,0,0
15,1000,2551,2,4,0,0,0,0
16,1000,2551,2,4,0,0,0,0
17,1000,2551,2,4,0,0,0,0
18,1000,2551,2,4,0,0,0,0
19,1000,2551,2,4,0,0,0,0
20,1000,2551,2,4,0,0,0,0
21,1000,2551,2,4,0,0,0,0
22,1000,2551,2,4,0,0,0,0
23,1000,2551,2,4,0,0,0,0
24,1000,2551,2,4,0,0,0,0
25,1000,2551,2,4,0,0,0,0
26,1000,2551,2,4,0,0,0,0
27,1000,2551,2,4,0,0,0,0
28,1000,2551,2,4,0,0,0,0
29,1000,2551,2,4,0,0,0,0
30,1000,2551,3,8,0,0,0,0
31,1000,2551,3,8,0,0,0,0
32,1000,2551,3,8,0,0,0,0
33,1000,2551,3,8,0,0,0,0
34,999,2548,3,8,1,3,1,0
35,999,2548,3,8,1,3,1,14.86386
36,999,2548,3,8,1,3,1,14.86386
37,999,2548,3,8,1,3,1,14.86386
38,999,2548,3,8,1,3,1,14.86386
39,999,2548,3,8,1,3,1,14.86386
40,999,2548,3,8,1,3,1,14.86386
41,999,2548,3,8,1,3,1,14.86386
42,999,2548,3,8,1,3,1,14.86386
43,999,2548,3,8,1,3,1,14.86386
44,999,2548,3,8,1,3,1,14.86386
45,999,2548,3,8,1,3,1,14.86386
46,999,2548,3,8,1,3,1,14.86386
47,999,2548,3,8,1,3,1,14.86386
48,999,2548,3,8,1,3,1,14.86386
49,999,2548,3,8,1,3,1,14.86386
50,999,2548,4,13,1,3,1,14.86386
51,999,2548,4,13,1,3,1,14.86386
52,999,2548,4,13,1,3,1,14.86386
53,999,2548,4,13,1,3,1,14.86386
54,999,2548,4,13,1,3,1,14.86386
55,999,2548,4,13,1,3,1,14.86386
56,999,2548,4,13,1,3,1,14.86386
57,999,2548,4,13,1,3,1,14.86386
58,999,2548,4,13,1,3,1,14.86386
59,999,2548,4,13,1,3,1,14.86386
60,999,2548,4,13,1,3,1,14.86386
61,999,2548,4,13,1,3,1,14.86386
62,999,2548,4,13,1,3,1,14.86386
63,999,2548,4,13,1,3,1,14.86386
64,999,2548,4,13,1,3,1,14.86386
65,999,2548,4,13,1,3,1,14.86386
66,999,2548,4,13,1,3,1,14.86386
67,999,2548,4,13,1,3,1,14.86386
68,999,2548,4,13,1,3,1,14.86386
69,999,2548,4,13,1,3,1,14.86386
70,999,2548,4,13,1,3,1,14.86386
71,999,2548,4,13,1,3,1,14.86386
72,999,2548,4,13,1,3,1,14.86386
73,998,2547,4,13,2,4,2,14.86386
74,998,2547,4,13,2,4,2,31.79082
75,997,2542,4,13,3,9,3,31.79082
76,997,2542,5,15,3,9,3,26.95673
77,997,2542,5,15,3,9,3,26.95673
78,997,2542,5,15,3,9,3,26.95673
79,997,2542,5,15,3,9,3,26.95673
80,997,2542,5,15,3,9,3,26.95673
81,997,2542,5,15,3,9,3,26.95673
82,997,2542,5,15,3,9,3,26.95673
83,997,2542,5,15,3,9,3,26.95673
84,997,2542,5,15,3,9,3,26.95673
85,997,2542,6,19,3,9,3,26.95673
86,997,2542,6,19,3,9,3,26.95673
87,997,2542,6,19,3,9,3,26.95673
88,997,2542,6,19,3,9,3,26.95673
89,997,2542,6,19,3,9,3,26.95673
90,997,2542,6,19,3,9,3,26.95673
91,997,2542,6,19,3,9,3,26.95673
92,997,2542,6,19,3,9,3,26.95673
93,997,2542,6,19,3,9,3,26.95673
94,997,2542,6,19,3,9,3,26.95673
95,997,2542,7,24,3,9,3,26.95673
96,997,2542,7,24,3,9,3,26.95673
97,997,2542,7,24,3,9,3,26.95673
98,997,2542,8,26,3,9,3,26.95673
99,997,2542,8,26,3,9,3,26.95673
100,997,2542,8,26,3,9,3,26.95673
101,997,2542,8,26,3,9,3,26.95673
102,997,2542,8,26,3,9,3,26.95673
103,997,2542,8,26,3,9,3,26.95673
104,997,2542,8,26,3,9,3,26.95673
105,997,2542,8,26,3,9,3,26.95673
106,997,2542,8,26,3,9,3,26.95673
107,997,2542,8,26,3,9,3,26.95673
108,996,2540,8,26,4,11,4,26.95673
109,996,2540,8,26,4,11,4,27.02895
110,996,2540,8,26,4,11,4,27.02895
111,996,2540,9,29,4,11,4,27.02895
112,995,2536,9,29,5,15,5,27.02895
113,995,2536,10,33,5,15,5,33.54184
114,995,2536,10,33,5,15,5,33.54184
115,995,2536,10,33,5,15,5,33.54184
116,995,2536,10,33,5,15,5,33.54184
117,995,2536,11,37,5,15,5,33.54184
118,995,2536,11,37,5,15,5,33.54184
119,995,2536,11,37,5,15,5,33.54184
120,995,2536,11,37,5,15,5,33.54184
121,995,2536,11,37,5,15,5,33.54184
122,995,2536,11,37,5,15,5,33.54184
123,995,2536,11,37,5,15,5,33.54184
124,995,2536,12,39,5,15,5,33.54184
125,995,2536,14,45,5,15,5,33.54184
126,995,2536,14,45,5,15,5,33.54184
127,995,2536,14,45,5,15,5,33.54184
128,995,2536,15,47,5,15,5,33.54184
129,995,2536,15,47,5,15,5,33.54184
130,995,2536,15,47,5,15,5,33.54184
131,995,2536,15,47,5,15,5,33.54184
132,995,2536,15,47,5,15,5,33.54184
133,995,2536,16,48,5,15,5,33.54184
134,995,2536,16,48,5,15,5,33.54184
135,995,2536,16,48,5,15,5,33.54184
136,995,2536,17,49,5,15,5,33.54184
137,995,2536,17,49,5,15,5,33.54184
138,995,2536,17,49,5,15,5,33.54184
139,995,2536,17,49,5,15,5,33.54184
140,995,2536,17,49,5,15,5,33.54184
141,995,2536,17,49,5,15,5,33.54184
142,995,2536,17,49,5,15,5,33.54184
143,995,2536,17,49,5,15,5,33.54184
144,995,2536,17,49,5,15,5,33.54184
145,995,2536,17,49,5,15,5,33.54184
146,994,2535,17,49,6,16,6,33.54184
147,993,2533,17,49,7,18,7,29.63315
148,992,2529,17,49,8,22,8,28.61498
149,992,2529,17,49,8,22,8,30.89445
150,991,2527,17,49,9,24,9,30.89445
151,991,2527,17,49,9,24,9,31.70077
152,991,2527,17,49,9,24,9,31.70077
153,991,2527,17,49,9,24,9,31.70077
154,991,2527,17,49,9,24,9,31.70077
155,991,2527,17,49,9,24,9,31.70077
156,991,2527,17,49,9,24,9,31.70077
157,991,2527,17,49,9,24,9,31.70077
158,991,2527,18,51,9,24,9,31.70077
159,990,2526,18,51,10,25,10,31.70077
160,990,2526,18,51,10,25,10,31.68276
161,990,2526,18,51,10,25,10,31.68276
162,990,2526,18,51,10,25,10,31.68276
163,989,2521,18,51,11,30,11,31.68276
164,989,2521,18,51,11,30,11,34.61776
165,988,2519,18,51,12,32,12,34.61776
166,988,2519,18,51,12,32,12,34.77623
167,988,2519,20,55,12,32,12,34.77623
168,988,2519,20,55,12,32,12,34.77623
169,988,2519,20,55,12,32,12,34.77623
170,988,2519,20,55,12,32,12,34.77623
171,988,2519,20,55,12,32,12,34.77623
172,988,2519,20,55,12,32,12,34.77623
173,988,2519,20,55,12,32,12,34.77623
174,988,2519,20,55,12,32,12,34.77623
175,987,2515,20,55,13,36,13,34.77623
176,987,2515,20,55,13,36,13,35.46561
177,987,2515,21,56,13,36,13,35.46561
178,987,2515,21,56,13,36,13,35.46561
179,987,2515,21,56,13,36,13,35.46561
180,987,2515,21,56,13,36,13,35.46561
181,987,2515,21,56,13,36,13,35.46561
182,986,2511,21,56,14,40,14,35.46561
183,986,2511,22,58,14,40,14,36.8357
184,986,2511,22,58,14,40,14,36.8357
185,986,2511,22,58,14,40,14,36.8357
186,986,2511,22,58,14,40,14,36.8357
187,986,2511,22,58,14,40,14,36.8357
188,986,2511,22,58,14,40,14,36.8357
189,986,2511,22,58,14,40,14,36.8357
190,986,2511,22,58,14,40,14,36.8357
191,986,2511,23,60,14,40,14,36.8357
192,986,2511,23,60,14,40,14,36.8357
193,986,2511,23,60,14,40,14,36.8357
194,986,2511,23,60,14,40,14,36.8357
195,986,2511,23,60,14,40,14,36.8357
196,986,2511,24,64,14,40,14,36.8357
197,986,2511,24,64,14,40,14,36.8357
198,986,2511,24,64,14,40,14,36.8357
199,986,2511,24,64,14,40,14,36.8357
200,986,2511,24,64,14,40,14,36.8357
201,985,2508,24,64,15,43,15,36.8357
202,985,2508,24,64,15,43,15,39.52074
203,985,2508,24,64,15,43,15,39.52074
204,985,2508,24,64,15,43,15,39.52074
205,985,2508,24,64,15,43,15,39.52074
206,985,2508,24,64,15,43,15,39.52074
207,985,2508,24,64,15,43,15,39.52074
208,985,2508,25,65,15,43,15,39.52074
209,984,2506,25,65,16,45,16,39.52074
210,983,2504,25,65,17,47,17,39.22042
211,983,2504,25,65,17,47,17,39.82349
212,982,2503,25,65,18,48,18,39.82349
213,982,2503,25,65,18,48,18,39.23177
214,982,2503,25,65,18,48,18,39.23177
215,982,2503,25,65,18,48,18,39.23177
216,982,2503,25,65,18,48,18,39.23177
217,982,2503,25,65,18,48,18,39.23177
218,982,2503,25,65,18,48,18,39.23177
219,982,2503,25,65,18,48,18,39.23177
220,981,2501,25,65,19,50,19,39.23177
221,981,2501,25,65,19,50,19,39.64025
222,981,2501,25,65,19,50,19,39.64025
223,981,2501,25,65,19,50,19,39.64025
224,981,2501,25,65,19,50,19,39.64025
225,981,2501,25,65,19,50,19,39.64025
226,981,2501,25,65,19,50,19,39.64025
227,981,2501,25,65,19,50,19,39.64025
228,981,2501,26,68,19,50,19,39.64025
229,981,2501,26,68,19,50,19,39.64025
230,981,2501,26,68,19,50,19,39.64025
231,981,2501,26,68,19,50,19,39.64025
232,981,2501,26,68,19,50,19,39.64025
233,981,2501,26,68,19,50,19,39.64025
234,981,2501,26,68,19,50,19,39.64025
235,981,2501,26,68,19,50,19,39.64025
236,981,2501,26,68,19,50,19,39.64025
237,981,2501,26,68,19,50,19,39.64025
238,980,2499,26,68,20,52,20,39.64025
239,979,2498,27,73,21,53,21,39.9832
240,979,2498,27,73,21,53,21,42.93934
241,979,2498,27,73,21,53,21,42.93934
242,979,2498,27,73,21,53,21,42.93934
243,979,2498,27,73,21,53,21,42.93934
244,979,2498,27,73,21,53,21,42.93934
245,979,2498,27,73,21,53,21,42.93934
246,979,2498,27,73,21,53,21,42.93934
247,979,2498,27,73,21,53,21,42.93934
248,979,2498,28,75,21,53,21,42.93934
249,979,2498,28,75,21,53,21,42.93934
250,979,2498,28,75,21,53,21,42.93934
251,979,2498,28,75,21,53,21,42.93934
252,979,2498,28,75,21,53,21,42.93934
253,978,2494,28,75,22,57,22,42.93934
254,978,2494,28,75,22,57,22,43.52382
255,978,2494,28,75,22,57,22,43.52382
256,978,2494,28,75,22,57,22,43.52382
257,978,2494,28,75,22,57,22,43.52382
258,977,2489,29,78,23,62,23,43.52382
259,977,2489,29,78,23,62,23,47.01831
260,976,2487,29,78,24,64,24,47.01831
261,976,2487,29,78,24,64,24,47.59766
262,975,2486,29,78,25,65,25,47.59766
263,975,2486,29,78,25,65,25,47.26131
264,974,2481,29,78,26,70,26,47.26131
265,974,2481,29,78,26,70,26,46.14109
266,974,2481,29,78,26,70,26,46.14109
267,974,2481,29,78,26,70,26,46.14109
268,974,2481,29,78,26,70,26,46.14109
269,974,2481,29,78,26,70,26,46.14109
270,974,2481,29,78,26,70,26,46.14109
271,974,2481,29,78,26,70,26,46.14109
272,974,2481,29,78,26,70,26,46.14109
273,974,2481,29,78,26,70,26,46.14109
274,974,2481,29,78,26,70,26,46.14109
275,974,2481,29,78,26,70,26,46.14109
276,974,2481,29,78,26,70,26,46.14109
277,974,2481,29,78,26,70,26,46.14109
278,974,2481,29,78,26,70,26,46.14109
279,974,2481,29,78,26,70,26,46.14109
280,974,2481,29,78,26,70,26,46.14109
281,974,2481,29,78,26,70,26,46.14109
282,974,2481,29,78,26,70,26,46.14109
283,974,2481,29,78,26,70,26,46.14109
284,974,2481,29,78,26,70,26,46.14109
285,974,2481,29,78,26,70,26,46.14109
286,974,2481,29,78,26,70,26,46.14109
287,974,2481,29,78,26,70,26,46.14109
288,974,2481,29,78,26,70,26,46.14109
289,974,2481,29,78,26,70,26,46.14109
290,974,2481,29,78,26,70,26,46.14109
291,974,2481,29,78,26,70,26,46.14109
292,974,2481,29,78,26,70,26,46.14109
293,974,2481,29,78,26,70,26,46.14109
294,974,2481,29,78,26,70,26,46.14109
295,974,2481,29,78,26,70,26,46.14109
296,974,2481,30,79,26,70,26,46.14109
297,974,2481,30,79,26,70,26,46.14109
298,974,2481,30,79,26,70,26,46.14109
299,974,2481,30,79,26,70,26,46.14109
300,974,2481,30,79,26,70,26,46.14109
301,973,2478,30,79,27,73,27,46.14109
302,973,2478,30,79,27,73,27,47.09167
303,973,2478,30,79,27,73,27,47.09167
304,973,2478,32,85,27,73,27,47.09167
305,973,2478,33,89,27,73,27,47.09167
306,973,2478,36,95,27,73,27,47.09167
307,972,2475,36,95,28,76,28,47.09167
308,972,2475,39,101,28,76,28,47.10791
309,972,2475,39,101,28,76,28,47.10791
310,972,2475,40,104,28,76,28,47.10791
311,972,2475,41,108,28,76,28,47.10791
312,971,2473,42,110,29,78,29,47.10791
313,971,2473,44,117,29,78,29,47.11903
314,971,2473,46,122,29,78,29,47.11903
315,971,2473,46,122,29,78,29,47.11903
316,971,2473,48,124,29,78,29,47.11903
317,971,2473,50,127,29,78,29,47.11903
318,971,2473,50,127,29,78,29,47.11903
319,971,2473,50,127,29,78,29,47.11903
320,971,2473,51,130,29,78,29,47.11903
321,971,2473,51,130,29,78,29,47.11903
322,971,2473,54,137,29,78,29,47.11903
323,971,2473,54,137,29,78,29,47.11903
324,970,2471,55,140,30,80,30,47.11903
325,970,2471,55,140,30,80,30,46.12228
326,970,2471,55,140,30,80,30,46.12228
327,969,2467,56,144,31,84,31,46.12228
328,968,2466,56,144,32,85,32,45.09609
329,968,2466,57,148,32,85,32,43.87334
330,968,2466,58,152,32,85,32,43.87334
331,968,2466,58,152,32,85,32,43.87334
332,968,2466,58,152,32,85,32,43.87334
333,968,2466,58,152,32,85,32,43.87334
334,967,2463,60,157,33,88,33,43.87334
335,967,2463,61,159,33,88,33,43.37234
336,967,2463,62,160,33,88,33,43.37234
337,967,2463,63,162,33,88,33,43.37234
338,967,2463,63,162,33,88,33,43.37234
339,966,2462,63,162,34,89,34,43.37234
340,966,2462,64,164,34,89,34,42.99487
341,966,2462,64,164,34,89,34,42.99487
342,966,2462,64,164,34,89,34,42.99487
343,966,2462,64,164,34,89,34,42.99487
344,965,2461,65,169,35,90,35,42.99487
345,965,2461,66,171,35,90,35,42.49212
346,965,2461,66,171,35,90,35,42.49212
347,965,2461,66,171,35,90,35,42.49212
348,965,2461,66,171,35,90,35,42.49212
349,965,2461,66,171,35,90,35,42.49212
350,965,2461,66,171,35,90,35,42.49212
351,965,2461,67,172,35,90,35,42.49212
352,965,2461,67,172,35,90,35,42.49212
353,965,2461,68,174,35,90,35,42.49212
354,965,2461,69,175,35,90,35,42.49212
355,964,2459,69,175,36,92,36,42.49212
356,964,2459,71,178,36,92,36,42.37054
357,963,2457,71,178,37,94,37,42.37054
358,962,2453,71,178,38,98,38,42.31761
359,962,2453,72,181,38,98,38,42.13535
360,961,2450,74,186,39,101,39,42.13535
361,961,2450,75,188,39,101,39,41.84702
362,961,2450,76,191,39,101,39,41.84702
363,960,2449,77,195,40,102,40,41.84702
364,960,2449,77,195,40,102,40,41.9403
365,960,2449,78,196,40,102,40,41.9403
366,960,2449,78,196,40,102,40,41.9403
367,960,2449,78,196,40,102,40,41.9403
368,960,2449,79,199,40,102,40,41.9403
369,960,2449,79,199,40,102,40,41.9403
370,956,2436,79,199,44,115,44,41.9403
371,956,2436,79,199,44,115,44,42.32281
372,956,2436,81,205,44,115,44,42.32281
373,955,2434,83,211,45,117,45,42.32281
374,954,2432,83,211,46,119,46,42.46098
375,954,2432,84,213,46,119,46,42.67104
376,954,2432,85,217,46,119,46,42.67104
377,954,2432,86,220,46,119,46,42.67104
378,953,2427,87,224,47,124,47,42.67104
379,953,2427,87,224,47,124,47,43.23864
380,953,2427,87,224,47,124,47,43.23864
381,953,2427,87,224,47,124,47,43.23864
382,952,2426,87,224,48,125,48,43.23864
383,952,2426,87,224,48,125,48,42.89363
384,950,2421,88,226,50,130,50,42.89363
385,950,2421,88,226,50,130,50,43.63347
386,950,2421,88,226,50,130,50,43.63347
387,949,2420,90,232,51,131,51,43.63347
388,949,2420,90,232,51,131,51,44.17383
389,949,2420,91,233,51,131,51,44.17383
390,949,2420,92,236,51,131,51,44.17383
391,948,2418,92,236,52,133,52,44.17383
392,946,2413,93,241,54,138,54,43.92259
393,946,2413,98,251,54,138,54,43.80383
394,946,2413,99,252,54,138,54,43.80383
395,946,2413,99,252,54,138,54,43.80383
396,946,2413,102,261,54,138,54,43.80383
397,945,2410,102,261,55,141,55,43.80383
398,945,2410,105,270,55,141,55,44.18853
399,945,2410,106,273,55,141,55,44.18853
400,945,2410,107,277,55,141,55,44.18853
401,944,2408,108,278,56,143,56,44.18853
402,944,2408,109,279,56,143,56,43.90252
403,943,2406,110,281,57,145,57,43.90252
404,943,2406,110,281,57,145,57,43.44155
405,941,2401,110,281,59,150,59,43.44155
406,939,2396,111,282,61,155,61,43.2686
407,939,2396,112,284,61,155,61,43.71916
408,938,2394,116,293,62,157,62,43.71916
409,936,2389,118,299,64,162,64,43.91206
410,935,2387,119,301,65,164,65,43.91933
411,935,2387,120,303,65,164,65,44.01262
412,935,2387,121,304,65,164,65,44.01262
413,935,2387,121,304,65,164,65,44.01262
414,935,2387,122,305,65,164,65,44.01262
415,933,2385,123,308,67,166,67,44.01262
416,932,2384,123,308,68,167,68,43.64913
417,931,2383,124,309,69,168,69,44.03488
418,929,2380,125,313,71,171,71,43.62119
419,928,2376,125,313,72,175,72,43.878
420,928,2376,125,313,72,175,72,43.71457
421,927,2372,128,324,73,179,73,43.71457
422,927,2372,130,330,73,179,73,44.07733
423,923,2360,131,333,77,191,77,44.07733
424,922,2356,133,336,78,195,78,44.27857
425,921,2351,133,336,79,200,79,44.45106
426,921,2351,134,339,79,200,79,44.62779
427,920,2347,135,341,80,204,80,44.62779
428,920,2347,135,341,80,204,80,44.36287
429,919,2346,135,341,81,205,81,44.36287
430,917,2341,136,345,83,210,83,43.88938
431,915,2336,136,345,85,215,85,43.72871
432,914,2332,136,345,86,219,86,43.4174
433,914,2332,137,347,86,219,86,43.03421
434,914,2332,137,347,86,219,86,43.03421
435,911,2327,139,352,89,224,89,43.03421
436,908,2317,140,354,92,234,92,43.4243
437,907,2315,140,354,93,236,93,43.46027
438,906,2314,140,354,94,237,94,43.21196
439,906,2314,141,358,94,237,94,43.23872
440,904,2311,142,362,96,240,96,43.23872
441,903,2309,142,362,97,242,97,43.41586
442,900,2302,142,362,100,249,100,43.27404
443,900,2302,142,362,100,249,100,43.41705
444,900,2302,143,367,100,249,100,43.41705
445,900,2302,145,369,100,249,100,43.41705
446,900,2302,146,371,100,249,100,43.41705
447,900,2302,146,371,100,249,100,43.41705
448,897,2290,147,372,103,261,103,43.41705
449,895,2282,148,374,105,269,105,44.11432
450,894,2278,149,376,106,273,106,43.74453
451,892,2273,149,376,108,278,108,44.05839
452,892,2273,149,376,108,278,108,44.36425
453,892,2273,149,376,108,278,108,44.36425
454,892,2273,149,376,108,278,108,44.36425
455,892,2273,149,376,108,278,108,44.36425
456,891,2270,151,382,109,281,109,44.36425
457,889,2265,152,384,111,286,111,44.62454
458,889,2265,152,384,111,286,111,44.83355
459,888,2264,153,385,112,287,112,44.83355
460,886,2259,153,385,114,292,114,44.63529
461,885,2257,153,385,115,294,115,45.33108
462,885,2257,154,387,115,294,115,45.43058
463,885,2257,154,387,115,294,115,45.43058
464,885,2257,155,390,115,294,115,45.43058
465,885,2257,156,393,115,294,115,45.43058
466,885,2257,156,393,115,294,115,45.43058
467,884,2256,156,393,116,295,116,45.43058
468,884,2256,158,396,116,295,116,45.49529
469,883,2252,159,398,117,299,117,45.49529
470,883,2252,159,398,117,299,117,45.48882
471,883,2252,160,401,117,299,117,45.48882
472,883,2252,162,404,117,299,117,45.48882
473,883,2252,163,407,117,299,117,45.48882
474,882,2251,163,407,118,300,118,45.48882
475,881,2250,163,407,119,301,119,45.58739
476,881,2250,163,407,119,301,119,45.30182
477,880,2246,164,408,120,305,120,45.30182
478,878,2241,165,409,122,310,122,45.62183
479,878,2241,166,410,122,310,122,45.47609
480,878,2241,168,415,122,310,122,45.47609
481,877,2236,168,415,123,315,123,45.47609
482,875,2230,169,416,125,321,125,45.32492
483,875,2230,170,420,125,321,125,45.44658
484,874,2229,171,424,126,322,126,45.44658
485,873,2226,172,425,127,325,127,46.14232
486,872,2223,174,430,128,328,128,46.33445
487,870,2218,176,434,130,333,130,46.37767
488,870,2218,177,435,130,333,130,46.29043
489,870,2218,178,439,130,333,130,46.29043
490,870,2218,179,441,130,333,130,46.29043
491,869,2216,180,442,131,335,131,46.29043
492,866,2209,181,444,134,342,134,46.28934
493,863,2201,181,444,137,350,137,46.54104
494,863,2201,181,444,137,350,137,46.37748
495,863,2201,185,463,137,350,137,46.37748
496,862,2200,187,466,138,351,138,46.37748
497,862,2200,188,470,138,351,138,46.31599
498,862,2200,189,472,138,351,138,46.31599
499,861,2199,190,476,139,352,139,46.31599
500,860,2197,192,482,140,354,140,46.4935
501,859,2193,192,482,141,358,141,46.62416
502,858,2192,193,483,142,359,142,46.65781
503,858,2192,194,486,142,359,142,46.90515
504,854,2180,195,487,146,371,146,46.90515
505,854,2180,196,491,146,371,146,46.31312
506,854,2180,196,491,146,371,146,46.31312
507,852,2177,196,491,148,374,148,46.31312
508,852,2177,196,491,148,374,148,46.4921
509,851,2176,196,491,149,375,149,46.4921
510,850,2175,196,491,150,376,150,46.40032
511,850,2175,197,495,150,376,150,46.27753
512,849,2173,197,495,151,378,151,46.27753
513,849,2173,197,495,151,378,151,46.35054
514,848,2172,197,495,152,379,152,46.35054
515,847,2167,197,495,153,384,153,46.20051
516,847,2167,199,499,153,384,153,46.02382
517,846,2165,200,501,154,386,154,46.02382
518,845,2164,200,501,155,387,155,46.18103
519,845,2164,200,501,155,387,155,46.00782
520,843,2159,201,503,157,392,157,46.00782
521,841,2155,203,507,159,396,159,45.97281
522,839,2151,203,507,161,400,161,45.83728
523,839,2151,204,510,161,400,161,45.67305
524,839,2151,204,510,161,400,161,45.67305
525,838,2148,205,515,162,403,162,45.67305
526,838,2148,205,515,162,403,162,45.52057
527,838,2148,205,515,162,403,162,45.52057
528,836,2143,205,515,164,408,164,45.52057
529,835,2141,207,518,165,410,165,45.61195
530,835,2141,207,518,165,410,165,45.85865
531,834,2136,207,518,166,415,166,45.85865
532,834,2136,207,518,166,415,166,45.7541
533,834,2136,207,518,166,415,166,45.7541
534,834,2136,207,518,166,415,166,45.7541
535,832,2133,208,519,168,418,168,45.7541
536,831,2129,210,521,169,422,169,45.6828
537,829,2125,210,521,171,426,171,45.6465
538,829,2125,210,521,171,426,171,46.10319
539,827,2118,210,521,173,433,173,46.10319
540,827,2118,210,521,173,433,173,46.16269
541,826,2117,210,521,174,434,174,46.16269
542,824,2110,210,521,176,441,176,46.08863
543,824,2110,210,521,176,441,176,46.45826
544,822,2102,210,521,178,449,178,46.45826
545,822,2102,210,521,178,449,178,46.83199
546,822,2102,211,524,178,449,178,46.83199
547,822,2102,213,528,178,449,178,46.83199
548,822,2102,213,528,178,449,178,46.83199
549,821,2098,215,533,179,453,179,46.83199
550,820,2096,215,533,180,455,180,47.11494
551,819,2094,217,542,181,457,181,46.93771
552,818,2090,218,546,182,461,182,47.20048
553,818,2090,219,549,182,461,182,47.17146
554,817,2086,219,549,183,465,183,47.17146
555,817,2086,221,555,183,465,183,47.19903
556,817,2086,221,555,183,465,183,47.19903
557,817,2086,223,561,183,465,183,47.19903
558,817,2086,223,561,183,465,183,47.19903
559,817,2086,223,561,183,465,183,47.19903
560,817,2086,223,561,183,465,183,47.19903
561,817,2086,223,561,183,465,183,47.19903
562,816,2082,223,561,184,469,184,47.19903
563,815,2080,223,561,185,471,185,47.20542
564,815,2080,223,561,185,471,185,47.36724
565,815,2080,225,565,185,471,185,47.36724
566,815,2080,225,565,185,471,185,47.36724
567,814,2079,225,565,186,472,186,47.36724
568,814,2079,228,573,186,472,186,47.23558
569,812,2074,229,575,188,477,188,47.23558
570,811,2073,229,575,189,478,189,47.19899
571,811,2073,230,580,189,478,189,47.31992
572,808,2061,232,585,192,490,192,47.31992
573,808,2061,233,586,192,490,192,47.12594
574,808,2061,233,586,192,490,192,47.12594
575,807,2060,233,586,193,491,193,47.12594
576,806,2057,235,589,194,494,194,47.22755
577,806,2057,235,589,194,494,194,47.09986
578,806,2057,236,593,194,494,194,47.09986
579,806,2057,239,599,194,494,194,47.09986
580,806,2057,239,599,194,494,194,47.09986
581,806,2057,240,602,194,494,194,47.09986
582,806,2057,240,602,194,494,194,47.09986
583,804,2051,240,602,196,500,196,47.09986
584,803,2049,240,602,197,502,197,46.79989
585,802,2048,240,602,198,503,198,46.65929
586,799,2044,240,602,201,507,201,46.79995
587,796,2037,240,602,204,514,204,46.94023
588,796,2037,242,605,204,514,204,47.55584
589,795,2036,242,605,205,515,205,47.55584
590,794,2033,243,607,206,518,206,47.71561
591,794,2033,245,615,206,518,206,47.68242
592,794,2033,245,615,206,518,206,47.68242
593,790,2015,246,619,210,536,210,47.68242
594,788,2012,248,625,212,539,212,47.86106
595,787,2010,249,629,213,541,213,48.14494
596,787,2010,249,629,213,541,213,48.19932
597,786,2009,249,629,214,542,214,48.19932
598,786,2009,249,629,214,542,214,48.24825
599,786,2009,249,629,214,542,214,48.24825
600,785,2008,249,629,215,543,215,48.24825
601,784,2004,250,632,216,547,216,48.32039
602,784,2004,252,640,216,547,216,48.2634
603,783,2002,252,640,217,549,217,48.2634
604,783,2002,252,640,217,549,217,48.34058
605,783,2002,253,644,217,549,217,48.34058
606,783,2002,254,649,217,549,217,48.34058
607,783,2002,254,649,217,549,217,48.34058
608,783,2002,255,652,217,549,217,48.34058
609,783,2002,257,657,217,549,217,48.34058
610,782,1997,258,659,218,554,218,48.34058
611,781,1995,258,659,219,556,219,48.1368
612,781,1995,258,659,219,556,219,48.37079
613,781,1995,259,660,219,556,219,48.37079
614,779,1990,259,660,221,561,221,48.37079
615,778,1986,260,663,222,565,222,48.27731
616,778,1986,260,663,222,565,222,48.16621
617,778,1986,264,672,222,565,222,48.16621
618,777,1984,266,676,223,567,223,48.16621
619,777,1984,267,678,223,567,223,48.05312
620,776,1980,267,678,224,571,224,48.05312
621,775,1979,269,684,225,572,225,48.06422
622,775,1979,270,685,225,572,225,48.03776
623,775,1979,270,685,225,572,225,48.03776
624,774,1978,273,692,226,573,226,48.03776
625,774,1978,273,692,226,573,226,48.08019
626,772,1974,274,695,228,577,228,48.08019
627,771,1971,275,698,229,580,229,47.95361
628,770,1968,278,703,230,583,230,47.9865
629,770,1968,278,703,230,583,230,47.97134
630,770,1968,281,709,230,583,230,47.97134
631,769,1965,283,712,231,586,231,47.97134
632,768,1961,284,714,232,590,232,48.00599
633,766,1957,284,714,234,594,234,47.99592
634,766,1957,284,714,234,594,234,48.20464
635,765,1956,284,714,235,595,235,48.20464
636,764,1955,288,720,236,596,236,48.25515
637,764,1955,288,720,236,596,236,48.08339
638,763,1952,288,720,237,599,237,48.08339
639,762,1948,290,724,238,603,238,47.99313
640,761,1944,291,725,239,607,239,47.97088
641,761,1944,291,725,239,607,239,47.99484
642,761,1944,293,731,239,607,239,47.99484
643,761,1944,294,735,239,607,239,47.99484
644,761,1944,295,739,239,607,239,47.99484
645,761,1944,296,742,239,607,239,47.99484
646,760,1940,298,745,240,611,240,47.99484
647,759,1939,299,749,241,612,241,47.94046
648,759,1939,299,749,241,612,241,48.05328
649,758,1935,299,749,242,616,242,48.05328
650,758,1935,302,759,242,616,242,48.02559
651,757,1930,303,764,243,621,243,48.02559
652,756,1928,303,764,244,623,244,48.13555
653,755,1924,304,766,245,627,245,48.04687
654,753,1919,304,766,247,632,247,48.028
655,752,1917,306,770,248,634,248,47.87499
656,752,1917,307,775,248,634,248,47.93974
657,751,1913,308,778,249,638,249,47.93974
658,751,1913,310,784,249,638,249,47.78911
659,749,1909,310,784,251,642,251,47.78911
660,748,1907,311,788,252,644,252,47.80697
661,746,1899,312,792,254,652,254,47.79199
662,746,1899,313,795,254,652,254,47.97554
663,745,1896,314,796,255,655,255,47.97554
664,744,1895,314,796,256,656,256,47.91392
665,744,1895,314,796,256,656,256,47.87505
666,743,1894,315,797,257,657,257,47.87505
667,742,1891,315,797,258,660,258,47.98473
668,742,1891,316,799,258,660,258,47.93822
669,741,1890,317,802,259,661,259,47.93822
670,740,1889,319,806,260,662,260,47.91523
671,740,1889,322,812,260,662,260,47.98653
672,740,1889,322,812,260,662,260,47.98653
673,740,1889,324,819,260,662,260,47.98653
674,739,1888,325,821,261,663,261,47.98653
675,739,1888,325,821,261,663,261,48.06754
676,739,1888,325,821,261,663,261,48.06754
677,736,1882,326,822,264,669,264,48.06754
678,736,1882,329,832,264,669,264,47.78625
679,735,1878,329,832,265,673,265,47.78625
680,735,1878,330,836,265,673,265,47.80591
681,734,1874,331,839,266,677,266,47.80591
682,733,1872,331,839,267,679,267,47.83545
683,733,1872,331,839,267,679,267,47.82635
684,733,1872,331,839,267,679,267,47.82635
685,732,1871,333,845,268,680,268,47.82635
686,730,1865,334,847,270,686,270,47.82507
687,729,1864,335,852,271,687,271,47.54377
688,724,1851,335,852,276,700,276,47.50974
689,723,1849,336,856,277,702,277,47.40295
690,722,1846,336,856,278,705,278,47.51913
691,720,1841,336,856,280,710,280,47.4849
692,720,1841,338,861,280,710,280,47.65557
693,719,1840,338,861,281,711,281,47.65557
694,718,1836,341,869,282,715,282,47.61289
695,718,1836,341,869,282,715,282,47.55949
696,718,1836,342,870,282,715,282,47.55949
697,718,1836,342,870,282,715,282,47.55949
698,716,1830,344,877,284,721,284,47.55949
699,716,1830,345,880,284,721,284,47.55519
700,715,1829,345,880,285,722,285,47.55519
701,714,1828,347,886,286,723,286,47.78167
702,713,1824,350,897,287,727,287,47.87329
703,712,1822,351,899,288,729,288,47.98428
704,710,1817,351,899,290,734,290,47.9478
705,708,1811,351,899,292,740,292,47.95337
706,706,1804,352,903,294,747,294,47.97427
707,703,1796,352,903,297,755,297,48.01787
708,701,1787,352,903,299,764,299,48.20132
709,701,1787,352,903,299,764,299,48.2781
710,700,1786,352,903,300,765,300,48.2781
711,698,1783,352,903,302,768,302,48.275
712,697,1781,353,906,303,770,303,48.3838
713,696,1778,355,915,304,773,304,48.32647
714,695,1777,358,924,305,774,305,48.35792
715,692,1767,359,925,308,784,308,48.38996
716,692,1767,360,930,308,784,308,48.45656
717,692,1767,361,931,308,784,308,48.45656
718,692,1767,363,936,308,784,308,48.45656
719,692,1767,363,936,308,784,308,48.45656
720,691,1763,363,936,309,788,309,48.45656
721,691,1763,363,936,309,788,309,48.39694
722,690,1759,364,941,310,792,310,48.39694
723,690,1759,365,942,310,792,310,48.40034
724,689,1757,365,942,311,794,311,48.40034
725,689,1757,365,942,311,794,311,48.30447
726,688,1753,366,946,312,798,312,48.30447
727,686,1748,366,946,314,803,314,48.23309
728,686,1748,366,946,314,803,314,48.07199
729,684,1746,367,951,316,805,316,48.07199
730,681,1737,367,951,319,814,319,48.03727
731,678,1729,368,956,322,822,322,48.04351
732,677,1728,370,962,323,823,323,47.97349
733,676,1724,371,964,324,827,324,48.11813
734,676,1724,371,964,324,827,324,48.03343
735,675,1723,372,968,325,828,325,48.03343
736,674,1721,373,970,326,830,326,47.92841
737,674,1721,374,974,326,830,326,47.9226
738,672,1716,376,976,328,835,328,47.9226
739,671,1715,376,976,329,836,329,47.84901
740,671,1715,376,976,329,836,329,47.9611
741,671,1715,376,976,329,836,329,47.9611
742,671,1715,376,976,329,836,329,47.9611
743,670,1712,377,977,330,839,330,47.9611
744,666,1702,378,980,334,849,334,48.04059
745,663,1695,379,982,337,856,337,48.19119
746,662,1693,379,982,338,858,338,48.19432
747,661,1691,379,982,339,860,339,48.21798
748,661,1691,379,982,339,860,339,48.18391
749,659,1686,381,986,341,865,341,48.18391
750,658,1681,383,994,342,870,342,48.33181
751,658,1681,383,994,342,870,342,48.2856
752,658,1681,385,1000,342,870,342,48.2856
753,657,1679,386,1004,343,872,343,48.2856
754,653,1668,387,1006,347,883,347,48.29783
755,652,1665,390,1013,348,886,348,48.48915
756,651,1661,391,1015,349,890,349,48.50771
757,651,1661,394,1019,349,890,349,48.51698
758,651,1661,395,1022,349,890,349,48.51698
759,650,1658,395,1022,350,893,350,48.51698
760,649,1657,396,1023,351,894,351,48.49817
761,646,1649,397,1025,354,902,354,48.40802
762,646,1649,397,1025,354,902,354,48.34245
763,644,1642,398,1026,356,909,356,48.34245
764,644,1642,398,1026,356,909,356,48.49902
765,643,1638,398,1026,357,913,357,48.49902
766,642,1634,399,1028,358,917,358,48.50474
767,642,1634,402,1036,358,917,358,48.45881
768,642,1634,403,1038,358,917,358,48.45881
769,642,1634,404,1041,358,917,358,48.45881
770,642,1634,405,1043,358,917,358,48.45881
771,641,1633,407,1048,359,918,359,48.45881
772,640,1629,408,1049,360,922,360,48.37278
773,639,1624,412,1061,361,927,361,48.31425
774,636,1616,412,1061,364,935,364,48.37447
775,636,1616,413,1064,364,935,364,48.60156
776,636,1616,416,1075,364,935,364,48.60156
777,636,1616,418,1081,364,935,364,48.60156
778,636,1616,419,1082,364,935,364,48.60156
779,636,1616,422,1087,364,935,364,48.60156
780,636,1616,423,1088,364,935,364,48.60156
781,635,1611,423,1088,365,940,365,48.60156
782,635,1611,424,1089,365,940,365,48.63248
783,633,1604,424,1089,367,947,367,48.63248
784,632,1601,425,1094,368,950,368,48.53417
785,631,1597,425,1094,369,954,369,48.4265
786,631,1597,425,1094,369,954,369,48.32582
787,631,1597,426,1098,369,954,369,48.32582
788,630,1595,426,1098,370,956,370,48.32582
789,630,1595,426,1098,370,956,370,48.24294
790,630,1595,426,1098,370,956,370,48.24294
791,630,1595,426,1098,370,956,370,48.24294
792,630,1595,426,1098,370,956,370,48.24294
793,630,1595,428,1100,370,956,370,48.24294
794,629,1593,429,1104,371,958,371,48.24294
795,629,1593,429,1104,371,958,371,48.2124
796,627,1583,430,1107,373,968,373,48.2124
797,624,1575,430,1107,376,976,376,48.23035
798,623,1571,430,1107,377,980,377,48.0031
799,621,1563,431,1111,379,988,379,47.97313
800,620,1560,432,1116,380,991,380,47.91311
801,620,1560,433,1118,380,991,380,47.93029
802,619,1559,433,1118,381,992,381,47.93029
803,617,1554,434,1119,383,997,383,47.87512
804,617,1554,436,1125,383,997,383,47.85835
805,617,1554,436,1125,383,997,383,47.85835
806,615,1546,439,1135,385,1005,385,47.85835
807,613,1539,439,1135,387,1012,387,47.85714
808,613,1539,440,1136,387,1012,387,48.00406
809,612,1538,440,1136,388,1013,388,48.00406
810,609,1533,441,1137,391,1018,391,47.94722
811,609,1533,443,1143,391,1018,391,48.00345
812,606,1524,443,1143,394,1027,394,48.00345
813,606,1524,443,1143,394,1027,394,48.05165
814,605,1520,443,1143,395,1031,395,48.05165
815,605,1520,444,1144,395,1031,395,48.12515
816,605,1520,444,1144,395,1031,395,48.12515
817,605,1520,444,1144,395,1031,395,48.12515
818,604,1519,444,1144,396,1032,396,48.12515
819,602,1514,444,1144,398,1037,398,48.15383
820,600,1511,445,1149,400,1040,400,48.10064
821,598,1507,445,1149,402,1044,402,48.0742
822,597,1506,445,1149,403,1045,403,48.08544
823,596,1501,447,1151,404,1050,404,48.23115
824,595,1500,448,1155,405,1051,405,48.21158
825,595,1500,449,1158,405,1051,405,48.23127
826,593,1494,449,1158,407,1057,407,48.23127
827,593,1494,450,1162,407,1057,407,48.26767
828,591,1487,451,1167,409,1064,409,48.26767
829,591,1487,452,1171,409,1064,409,48.26189
830,589,1481,454,1176,411,1070,411,48.26189
831,588,1479,454,1176,412,1072,412,48.23738
832,587,1478,454,1176,413,1073,413,48.29789
833,587,1478,455,1178,413,1073,413,48.29234
834,587,1478,455,1178,413,1073,413,48.29234
835,587,1478,456,1179,413,1073,413,48.29234
836,587,1478,457,1181,413,1073,413,48.29234
837,587,1478,457,1181,413,1073,413,48.29234
838,586,1475,457,1181,414,1076,414,48.29234
839,585,1474,460,1188,415,1077,415,48.25061
840,584,1469,460,1188,416,1082,416,48.2156
841,583,1465,461,1193,417,1086,417,48.17396
842,583,1465,462,1195,417,1086,417,48.15155
843,582,1464,462,1195,418,1087,418,48.15155
844,582,1464,466,1202,418,1087,418,48.22366
845,581,1463,466,1202,419,1088,419,48.22366
846,581,1463,466,1202,419,1088,419,48.2769
847,581,1463,466,1202,419,1088,419,48.2769
848,580,1461,468,1207,420,1090,420,48.2769
849,580,1461,468,1207,420,1090,420,48.24677
850,579,1459,468,1207,421,1092,421,48.24677
851,577,1455,469,1209,423,1096,423,48.16417
852,575,1445,471,1215,425,1106,425,48.30125
853,575,1445,471,1215,425,1106,425,48.26982
854,575,1445,473,1218,425,1106,425,48.26982
855,574,1444,474,1221,426,1107,426,48.26982
856,574,1444,476,1225,426,1107,426,48.28274
857,574,1444,478,1230,426,1107,426,48.28274
858,574,1444,478,1230,426,1107,426,48.28274
859,574,1444,478,1230,426,1107,426,48.28274
860,573,1442,479,1233,427,1109,427,48.28274
861,572,1437,480,1234,428,1114,428,48.21508
862,571,1434,481,1236,429,1117,429,48.18762
863,570,1433,482,1237,430,1118,430,48.12302
864,569,1431,482,1237,431,1120,431,48.1759
865,568,1430,482,1237,432,1121,432,48.22189
866,567,1429,482,1237,433,1122,433,48.17424
867,566,1425,482,1237,434,1126,434,48.24303
868,565,1424,483,1240,435,1127,435,48.20362
869,565,1424,484,1242,435,1127,435,48.1471
870,565,1424,484,1242,435,1127,435,48.1471
871,564,1423,484,1242,436,1128,436,48.1471
872,564,1423,484,1242,436,1128,436,48.14103
873,564,1423,485,1244,436,1128,436,48.14103
874,564,1423,486,1245,436,1128,436,48.14103
875,564,1423,486,1245,436,1128,436,48.14103
876,562,1416,486,1245,438,1135,438,48.14103
877,562,1416,486,1245,438,1135,438,48.02844
878,560,1413,486,1245,440,1138,440,48.02844
879,559,1411,487,1249,441,1140,441,48.02673
880,559,1411,487,1249,441,1140,441,48.15501
881,559,1411,487,1249,441,1140,441,48.15501
882,559,1411,488,1252,441,1140,441,48.15501
883,558,1408,488,1252,442,1143,442,48.15501
884,556,1405,488,1252,444,1146,444,48.26024
885,553,1399,489,1255,447,1152,447,48.18282
886,551,1391,489,1255,449,1160,449,48.08971
887,551,1391,490,1257,449,1160,449,48.13572
888,550,1389,490,1257,450,1162,450,48.13572
889,550,1389,491,1259,450,1162,450,48.26804
890,550,1389,491,1259,450,1162,450,48.26804
891,546,1382,493,1268,454,1169,454,48.26804
892,546,1382,493,1268,454,1169,454,48.40311
893,545,1377,495,1276,455,1174,455,48.40311
894,544,1374,497,1282,456,1177,456,48.43079
895,544,1374,497,1282,456,1177,456,48.39407
896,542,1368,498,1283,458,1183,458,48.39407
897,542,1368,499,1288,458,1183,458,48.42959
898,542,1368,500,1289,458,1183,458,48.42959
899,541,1367,502,1295,459,1184,459,48.42959
900,540,1366,502,1295,460,1185,460,48.39811
901,539,1363,503,1298,461,1188,461,48.56362
902,537,1359,505,1304,463,1192,463,48.51444
903,535,1352,505,1304,465,1199,465,48.48483
904,535,1352,506,1306,465,1199,465,48.62331
905,534,1350,507,1308,466,1201,466,48.62331
906,534,1350,507,1308,466,1201,466,48.60905
907,533,1345,507,1308,467,1206,467,48.60905
908,532,1344,511,1319,468,1207,468,48.71532
909,532,1344,511,1319,468,1207,468,48.72647
910,531,1343,512,1322,469,1208,469,48.72647
911,529,1337,512,1322,471,1214,471,48.76812
912,528,1336,512,1322,472,1215,472,48.69426
913,528,1336,512,1322,472,1215,472,48.73494
914,528,1336,512,1322,472,1215,472,48.73494
915,528,1336,512,1322,472,1215,472,48.73494
916,526,1327,513,1325,474,1224,474,48.73494
917,525,1322,515,1331,475,1229,475,48.81055
918,524,1320,517,1339,476,1231,476,48.75257
919,524,1320,518,1342,476,1231,476,48.75114
920,524,1320,519,1347,476,1231,476,48.75114
921,524,1320,520,1351,476,1231,476,48.75114
922,524,1320,521,1353,476,1231,476,48.75114
923,524,1320,521,1353,476,1231,476,48.75114
924,523,1318,521,1353,477,1233,477,48.75114
925,522,1316,521,1353,478,1235,478,48.76281
926,521,1312,522,1358,479,1239,479,48.72763
927,520,1309,522,1358,480,1242,480,48.80131
928,518,1305,522,1358,482,1246,482,48.87521
929,518,1305,522,1358,482,1246,482,48.74638
930,518,1305,523,1359,482,1246,482,48.74638
931,518,1305,523,1359,482,1246,482,48.74638
932,518,1305,525,1361,482,1246,482,48.74638
933,515,1296,525,1361,485,1255,485,48.74638
934,515,1296,526,1363,485,1255,485,48.78525
935,515,1296,527,1366,485,1255,485,48.78525
936,515,1296,531,1377,485,1255,485,48.78525
937,514,1295,533,1384,486,1256,486,48.78525
938,514,1295,533,1384,486,1256,486,48.79094
939,514,1295,535,1390,486,1256,486,48.79094
940,512,1288,536,1393,488,1263,488,48.79094
941,512,1288,537,1396,488,1263,488,48.70798
942,512,1288,538,1399,488,1263,488,48.70798
943,510,1282,539,1400,490,1269,490,48.70798
944,509,1281,539,1400,491,1270,491,48.66333
945,509,1281,539,1400,491,1270,491,48.68616
946,508,1276,541,1406,492,1275,492,48.68616
947,507,1272,541,1406,493,1279,493,48.67868
948,507,1272,542,1410,493,1279,493,48.82498
949,506,1271,542,1410,494,1280,494,48.82498
950,506,1271,542,1410,494,1280,494,48.76049
951,506,1271,545,1415,494,1280,494,48.76049
952,505,1270,545,1415,495,1281,495,48.76049
953,505,1270,545,1415,495,1281,495,48.73944
954,504,1267,546,1416,496,1284,496,48.73944
955,503,1265,546,1416,497,1286,497,48.73091
956,499,1254,546,1416,501,1297,501,48.72907
957,498,1252,547,1417,502,1299,502,48.84322
958,498,1252,547,1417,502,1299,502,48.92556
959,498,1252,549,1421,502,1299,502,48.92556
960,498,1252,550,1422,502,1299,502,48.92556
961,498,1252,550,1422,502,1299,502,48.92556
962,497,1251,550,1422,503,1300,503,48.92556
963,497,1251,552,1427,503,1300,503,49.05104
964,496,1249,553,1429,504,1302,504,49.05104
965,496,1249,553,1429,504,1302,504,48.97406
966,496,1249,555,1438,504,1302,504,48.97406
967,495,1245,558,1452,505,1306,505,48.97406
968,494,1243,558,1452,506,1308,506,48.97892
969,494,1243,558,1452,506,1308,506,48.92589
970,494,1243,558,1452,506,1308,506,48.92589
971,493,1242,559,1454,507,1309,507,48.92589
972,493,1242,561,1460,507,1309,507,49.00598
973,493,1242,561,1460,507,1309,507,49.00598
974,492,1241,562,1462,508,1310,508,49.00598
975,492,1241,564,1468,508,1310,508,48.9938
976,492,1241,566,1474,508,1310,508,48.9938
977,492,1241,566,1474,508,1310,508,48.9938
978,491,1238,566,1474,509,1313,509,48.9938
979,490,1235,567,1479,510,1316,510,49.02703
980,489,1232,567,1479,511,1319,511,49.03667
981,488,1229,567,1479,512,1322,512,49.05099
982,488,1229,567,1479,512,1322,512,49.11102
983,487,1226,569,1486,513,1325,513,49.11102
984,487,1226,569,1486,513,1325,513,49.05088
985,486,1222,569,1486,514,1329,514,49.05088
986,484,1216,569,1486,516,1335,516,49.04552
987,484,1216,574,1492,516,1335,516,49.04239
988,484,1216,578,1503,516,1335,516,49.04239
989,482,1211,580,1507,518,1340,518,49.04239
990,480,1208,583,1512,520,1343,520,49.20861
991,478,1205,584,1514,522,1346,522,49.33913
992,477,1202,585,1516,523,1349,523,49.28582
993,473,1192,585,1516,527,1359,527,49.28865
994,473,1192,587,1524,527,1359,527,49.11302
995,472,1188,588,1526,528,1363,528,49.11302
996,472,1188,590,1532,528,1363,528,49.12354
997,472,1188,593,1543,528,1363,528,49.12354
998,472,1188,593,1543,528,1363,528,49.12354
999,471,1186,593,1543,529,1365,529,49.12354
1000,469,1178,594,1545,531,1373,531,49.06906
1001,469,1178,597,1557,531,1373,531,49.13429
1002,466,1170,600,1563,534,1381,534,49.13429
1003,465,1166,601,1568,535,1385,535,49.1744
1004,464,1165,603,1573,536,1386,536,49.13945
1005,462,1158,604,1575,538,1393,538,49.20555
1006,462,1158,605,1576,538,1393,538,49.1448
1007,461,1153,605,1576,539,1398,539,49.1448
1008,460,1151,606,1581,540,1400,540,49.162
1009,459,1146,606,1581,541,1405,541,49.0867
1010,457,1141,607,1583,543,1410,543,49.07248
1011,457,1141,608,1584,543,1410,543,49.12473
1012,457,1141,609,1589,543,1410,543,49.12473
1013,453,1130,609,1589,547,1421,547,49.12473
1014,451,1124,610,1593,549,1427,549,49.17977
1015,451,1124,610,1593,549,1427,549,49.24477
1016,449,1121,612,1598,551,1430,551,49.24477
1017,448,1118,612,1598,552,1433,552,49.21708
1018,448,1118,612,1598,552,1433,552,49.2319
1019,447,1113,613,1601,553,1438,553,49.2319
1020,446,1109,615,1607,554,1442,554,49.21066
1021,445,1104,617,1610,555,1447,555,49.19507
1022,444,1100,617,1610,556,1451,556,49.12222
1023,442,1095,617,1610,558,1456,558,49.18457
1024,440,1092,617,1610,560,1459,560,49.26461
1025,440,1092,617,1610,560,1459,560,49.21778
1026,439,1091,618,1611,561,1460,561,49.21778
1027,439,1091,620,1614,561,1460,561,49.19122
1028,439,1091,622,1620,561,1460,561,49.19122
1029,436,1084,622,1620,564,1467,564,49.19122
1030,435,1081,623,1623,565,1470,565,49.16394
1031,434,1079,624,1628,566,1472,566,49.16671
1032,433,1074,625,1631,567,1477,567,49.2354
1033,433,1074,625,1631,567,1477,567,49.187
1034,432,1071,625,1631,568,1480,568,49.187
1035,431,1067,626,1633,569,1484,569,49.16242
1036,431,1067,627,1635,569,1484,569,49.14666
1037,429,1060,629,1637,571,1491,571,49.14666
1038,428,1058,629,1637,572,1493,572,49.12387
1039,428,1058,631,1641,572,1493,572,49.1143
1040,428,1058,632,1642,572,1493,572,49.1143
1041,426,1055,632,1642,574,1496,574,49.1143
1042,426,1055,632,1642,574,1496,574,49.14349
1043,425,1050,632,1642,575,1501,575,49.14349
1044,425,1050,633,1644,575,1501,575,49.1098
1045,424,1049,634,1647,576,1502,576,49.1098
1046,423,1047,635,1649,577,1504,577,49.08472
1047,422,1042,636,1651,578,1509,578,49.01017
1048,420,1035,637,1652,580,1516,580,48.99904
1049,419,1033,639,1655,581,1518,581,49.03247
1050,416,1027,642,1659,584,1524,584,49.16475
1051,416,1027,643,1660,584,1524,584,49.06447
1052,415,1022,644,1661,585,1529,585,49.06447
1053,413,1019,644,1661,587,1532,587,49.06307
1054,411,1014,644,1661,589,1537,589,49.15168
1055,409,1007,644,1661,591,1544,591,49.16179
1056,407,1001,644,1661,593,1550,593,49.14875
1057,407,1001,645,1665,593,1550,593,49.23194
1058,406,997,646,1668,594,1554,594,49.23194
1059,406,997,647,1670,594,1554,594,49.23862
1060,405,995,647,1670,595,1556,595,49.23862
1061,404,991,647,1670,596,1560,596,49.23367
1062,403,989,649,1674,597,1562,597,49.29818
1063,402,985,649,1674,598,1566,598,49.24444
1064,402,985,649,1674,598,1566,598,49.27182
1065,401,983,649,1674,599,1568,599,49.27182
1066,400,982,650,1678,600,1569,600,49.2364
1067,400,982,650,1678,600,1569,600,49.17973
1068,397,971,651,1679,603,1580,603,49.17973
1069,397,971,651,1679,603,1580,603,49.20661
1070,394,961,654,1683,606,1590,606,49.20661
1071,394,961,655,1685,606,1590,606,49.24772
1072,392,958,656,1686,608,1593,608,49.24772
1073,392,958,657,1688,608,1593,608,49.16722
1074,392,958,659,1695,608,1593,608,49.16722
1075,392,958,661,1700,608,1593,608,49.16722
1076,391,956,662,1701,609,1595,609,49.16722
1077,391,956,663,1703,609,1595,609,49.10725
1078,389,950,663,1703,611,1601,611,49.10725
1079,388,948,663,1703,612,1603,612,49.11295
1080,388,948,664,1705,612,1603,612,49.06828
1081,388,948,664,1705,612,1603,612,49.06828
1082,387,947,664,1705,613,1604,613,49.06828
1083,384,944,664,1705,616,1607,616,49.12102
1084,383,942,664,1705,617,1609,617,49.14112
1085,383,942,664,1705,617,1609,617,49.13958
1086,383,942,664,1705,617,1609,617,49.13958
1087,383,942,664,1705,617,1609,617,49.13958
1088,382,940,664,1705,618,1611,618,49.13958
1089,379,934,664,1705,621,1617,621,49.1598
1090,378,929,664,1705,622,1622,622,49.06779
1091,376,927,664,1705,624,1624,624,49.05688
1092,376,927,664,1705,624,1624,624,49.06064
1093,373,918,664,1705,627,1633,627,49.06064
1094,372,916,664,1705,628,1635,628,49.05489
1095,371,913,665,1706,629,1638,629,49.02146
1096,369,909,665,1706,631,1642,631,49.0063
1097,369,909,666,1711,631,1642,631,48.98896
1098,369,909,666,1711,631,1642,631,48.98896
1099,368,906,666,1711,632,1645,632,48.98896
1100,367,905,666,1711,633,1646,633,48.96458
1101,365,900,666,1711,635,1651,635,49.03122
1102,365,900,666,1711,635,1651,635,49.16833
1103,365,900,666,1711,635,1651,635,49.16833
1104,365,900,666,1711,635,1651,635,49.16833
1105,363,898,666,1711,637,1653,637,49.16833
1106,363,898,666,1711,637,1653,637,49.19146
1107,363,898,666,1711,637,1653,637,49.19146
1108,362,896,666,1711,638,1655,638,49.19146
1109,361,893,666,1711,639,1658,639,49.196
1110,361,893,666,1711,639,1658,639,49.17097
1111,361,893,667,1714,639,1658,639,49.17097
1112,359,887,667,1714,641,1664,641,49.17097
1113,359,887,667,1714,641,1664,641,49.20242
1114,359,887,667,1714,641,1664,641,49.20242
1115,359,887,668,1718,641,1664,641,49.20242
1116,359,887,668,1718,641,1664,641,49.20242
1117,356,881,668,1718,644,1670,644,49.20242
1118,355,880,668,1718,645,1671,645,49.27422
1119,354,879,668,1718,646,1672,646,49.35683
1120,353,877,668,1718,647,1674,647,49.39207
1121,352,874,668,1718,648,1677,648,49.37968
1122,352,874,668,1718,648,1677,648,49.43669
1123,352,874,668,1718,648,1677,648,49.43669
1124,352,874,668,1718,648,1677,648,49.43669
1125,352,874,668,1718,648,1677,648,49.43669
1126,352,874,668,1718,648,1677,648,49.43669
1127,352,874,668,1718,648,1677,648,49.43669
1128,352,874,668,1718,648,1677,648,49.43669
1129,352,874,668,1718,648,1677,648,49.43669
1130,352,874,669,1722,648,1677,648,49.43669
1131,351,872,669,1722,649,1679,649,49.43669
1132,351,872,669,1722,649,1679,649,49.42785
1133,351,872,669,1722,649,1679,649,49.42785
1134,351,872,669,1722,649,1679,649,49.42785
1135,351,872,669,1722,649,1679,649,49.42785
1136,351,872,669,1722,649,1679,649,49.42785
1137,351,872,669,1722,649,1679,649,49.42785
1138,351,872,669,1722,649,1679,649,49.42785
1139,348,866,669,1722,652,1685,652,49.42785
1140,348,866,669,1722,652,1685,652,49.46956
1141,348,866,670,1724,652,1685,652,49.46956
1142,348,866,670,1724,652,1685,652,49.46956
1143,347,864,670,1724,653,1687,653,49.46956
1144,347,864,670,1724,653,1687,653,49.5424
1145,347,864,670,1724,653,1687,653,49.5424
1146,347,864,670,1724,653,1687,653,49.5424
1147,347,864,670,1724,653,1687,653,49.5424
1148,347,864,670,1724,653,1687,653,49.5424
1149,347,864,670,1724,653,1687,653,49.5424
1150,347,864,670,1724,653,1687,653,49.5424
1151,346,862,670,1724,654,1689,654,49.5424
1152,346,862,670,1724,654,1689,654,49.55533
1153,346,862,670,1724,654,1689,654,49.55533
1154,346,862,670,1724,654,1689,654,49.55533
1155,346,862,670,1724,654,1689,654,49.55533
1156,344,857,670,1724,656,1694,656,49.55533
1157,342,852,670,1724,658,1699,658,49.58224
1158,342,852,670,1724,658,1699,658,49.66197
1159,341,847,670,1724,659,1704,659,49.66197
1160,341,847,670,1724,659,1704,659,49.67424
1161,341,847,670,1724,659,1704,659,49.67424
1162,341,847,670,1724,659,1704,659,49.67424
1163,341,847,670,1724,659,1704,659,49.67424
1164,341,847,670,1724,659,1704,659,49.67424
1165,341,847,670,1724,659,1704,659,49.67424
1166,340,846,670,1724,660,1705,660,49.67424
1167,340,846,670,1724,660,1705,660,49.79671
1168,339,845,670,1724,661,1706,661,49.79671
1169,339,845,670,1724,661,1706,661,49.88662
1170,338,844,670,1724,662,1707,662,49.88662
1171,338,844,670,1724,662,1707,662,49.98423
1172,337,841,670,1724,663,1710,663,49.98423
1173,337,841,670,1724,663,1710,663,50.06242
1174,337,841,670,1724,663,1710,663,50.06242
1175,337,841,670,1724,663,1710,663,50.06242
1176,337,841,670,1724,663,1710,663,50.06242
1177,337,841,670,1724,663,1710,663,50.06242
1178,337,841,670,1724,663,1710,663,50.06242
1179,337,841,670,1724,663,1710,663,50.06242
1180,337,841,670,1724,663,1710,663,50.06242
1181,337,841,670,1724,663,1710,663,50.06242
1182,337,841,670,1724,663,1710,663,50.06242
1183,336,840,670,1724,664,1711,664,50.06242
1184,336,840,670,1724,664,1711,664,50.10783
1185,336,840,670,1724,664,1711,664,50.10783
1186,335,836,670,1724,665,1715,665,50.10783
1187,335,836,670,1724,665,1715,665,50.12497
1188,335,836,670,1724,665,1715,665,50.12497
1189,334,834,670,1724,666,1717,666,50.12497
1190,334,834,671,1726,666,1717,666,50.11586
1191,334,834,671,1726,666,1717,666,50.11586
1192,333,833,671,1726,667,1718,667,50.11586
1193,333,833,671,1726,667,1718,667,50.15111
1194,333,833,672,1727,667,1718,667,50.15111
1195,333,833,672,1727,667,1718,667,50.15111
1196,333,833,672,1727,667,1718,667,50.15111
1197,333,833,672,1727,667,1718,667,50.15111
1198,333,833,672,1727,667,1718,667,50.15111
1199,333,833,672,1727,667,1718,667,50.15111
1200,332,832,672,1727,668,1719,668,50.15111
1201,332,832,673,1728,668,1719,668,50.23162
1202,332,832,673,1728,668,1719,668,50.23162
1203,332,832,673,1728,668,1719,668,50.23162
1204,332,832,673,1728,668,1719,668,50.23162
1205,332,832,673,1728,668,1719,668,50.23162
1206,332,832,673,1728,668,1719,668,50.23162
1207,332,832,673,1728,668,1719,668,50.23162
1208,332,832,673,1728,668,1719,668,50.23162
1209,332,832,673,1728,668,1719,668,50.23162
1210,332,832,673,1728,668,1719,668,50.23162
1211,332,832,673,1728,668,1719,668,50.23162
1212,332,832,673,1728,668,1719,668,50.23162
1213,332,832,673,1728,668,1719,668,50.23162
1214,332,832,673,1728,668,1719,668,50.23162
1215,332,832,673,1728,668,1719,668,50.23162
1216,332,832,673,1728,668,1719,668,50.23162
1217,332,832,673,1728,668,1719,668,50.23162
1218,332,832,674,1729,668,1719,668,50.23162
1219,332,832,674,1729,668,1719,668,50.23162
1220,332,832,674,1729,668,1719,668,50.23162
1221,332,832,674,1729,668,1719,668,50.23162
1222,332,832,674,1729,668,1719,668,50.23162
1223,332,832,675,1732,668,1719,668,50.23162
1224,332,832,675,1732,668,1719,668,50.23162
1225,332,832,675,1732,668,1719,668,50.23162
1226,332,832,675,1732,668,1719,668,50.23162
1227,332,832,675,1732,668,1719,668,50.23162
1228,332,832,675,1732,668,1719,668,50.23162
1229,332,832,675,1732,668,1719,668,50.23162
1230,332,832,675,1732,668,1719,668,50.23162
1231,332,832,675,1732,668,1719,668,50.23162
1232,332,832,675,1732,668,1719,668,50.23162
1233,332,832,675,1732,668,1719,668,50.23162
1234,332,832,675,1732,668,1719,668,50.23162
1235,331,830,675,1732,669,1721,669,50.23162
1236,331,830,675,1732,669,1721,669,50.22348
1237,331,830,675,1732,669,1721,669,50.22348
1238,331,830,675,1732,669,1721,669,50.22348
1239,331,830,675,1732,669,1721,669,50.22348
1240,330,829,675,1732,670,1722,670,50.22348
1241,330,829,675,1732,670,1722,670,50.32961
1242,330,829,675,1732,670,1722,670,50.32961
1243,330,829,675,1732,670,1722,670,50.32961
1244,330,829,675,1732,670,1722,670,50.32961
1245,330,829,675,1732,670,1722,670,50.32961
1246,330,829,675,1732,670,1722,670,50.32961
1247,330,829,675,1732,670,1722,670,50.32961
1248,330,829,675,1732,670,1722,670,50.32961
1249,330,829,675,1732,670,1722,670,50.32961
1250,330,829,675,1732,670,1722,670,50.32961
1251,330,829,675,1732,670,1722,670,50.32961
1252,330,829,675,1732,670,1722,670,50.32961
1253,330,829,675,1732,670,1722,670,50.32961
1254,330,829,675,1732,670,1722,670,50.32961
1255,330,829,675,1732,670,1722,670,50.32961
1256,330,829,675,1732,670,1722,670,50.32961
1257,330,829,675,1732,670,1722,670,50.32961
1258,329,828,675,1732,671,1723,671,50.32961
1259,329,828,675,1732,671,1723,671,50.33559
1260,329,828,675,1732,671,1723,671,50.33559
1261,329,828,675,1732,671,1723,671,50.33559
1262,329,828,675,1732,671,1723,671,50.33559
1263,329,828,675,1732,671,1723,671,50.33559
1264,329,828,676,1734,671,1723,671,50.33559
1265,329,828,676,1734,671,1723,671,50.33559
1266,329,828,676,1734,671,1723,671,50.33559
1267,329,828,676,1734,671,1723,671,50.33559
1268,329,828,676,1734,671,1723,671,50.33559
1269,329,828,677,1737,671,1723,671,50.33559
1270,329,828,677,1737,671,1723,671,50.33559
1271,329,828,677,1737,671,1723,671,50.33559
1272,329,828,677,1737,671,1723,671,50.33559
1273,329,828,677,1737,671,1723,671,50.33559
1274,328,827,677,1737,672,1724,672,50.33559
1275,328,827,677,1737,672,1724,672,50.33603
1276,327,823,677,1737,673,1728,673,50.33603
1277,327,823,677,1737,673,1728,673,50.42826
1278,327,823,677,1737,673,1728,673,50.42826
1279,327,823,677,1737,673,1728,673,50.42826
1280,327,823,677,1737,673,1728,673,50.42826
1281,327,823,677,1737,673,1728,673,50.42826
1282,327,823,677,1737,673,1728,673,50.42826
1283,327,823,677,1737,673,1728,673,50.42826
1284,327,823,677,1737,673,1728,673,50.42826
1285,327,823,677,1737,673,1728,673,50.42826
1286,327,823,677,1737,673,1728,673,50.42826
1287,327,823,677,1737,673,1728,673,50.42826
1288,327,823,677,1737,673,1728,673,50.42826
1289,327,823,677,1737,673,1728,673,50.42826
1290,327,823,677,1737,673,1728,673,50.42826
1291,327,823,677,1737,673,1728,673,50.42826
1292,327,823,677,1737,673,1728,673,50.42826
1293,327,823,677,1737,673,1728,673,50.42826
1294,327,823,677,1737,673,1728,673,50.42826
1295,327,823,677,1737,673,1728,673,50.42826
1296,327,823,677,1737,673,1728,673,50.42826
1297,327,823,677,1737,673,1728,673,50.42826
1298,327,823,677,1737,673,1728,673,50.42826
1299,326,820,677,1737,674,1731,674,50.42826
1300,326,820,677,1737,674,1731,674,50.39599
1301,326,820,678,1739,674,1731,674,50.39599
1302,326,820,678,1739,674,1731,674,50.39599
1303,326,820,678,1739,674,1731,674,50.39599
1304,326,820,678,1739,674,1731,674,50.39599
1305,326,820,678,1739,674,1731,674,50.39599
1306,326,820,678,1739,674,1731,674,50.39599
1307,325,818,678,1739,675,1733,675,50.39599
1308,325,818,678,1739,675,1733,675,50.37105
1309,325,818,678,1739,675,1733,675,50.37105
1310,325,818,678,1739,675,1733,675,50.37105
1311,325,818,678,1739,675,1733,675,50.37105
1312,325,818,678,1739,675,1733,675,50.37105
1313,325,818,678,1739,675,1733,675,50.37105
1314,325,818,678,1739,675,1733,675,50.37105
1315,325,818,678,1739,675,1733,675,50.37105
1316,325,818,678,1739,675,1733,675,50.37105
1317,325,818,678,1739,675,1733,675,50.37105
1318,325,818,678,1739,675,1733,675,50.37105
1319,325,818,679,1741,675,1733,675,50.37105
1320,325,818,680,1744,675,1733,675,50.37105
1321,325,818,681,1745,675,1733,675,50.37105
1322,325,818,681,1745,675,1733,675,50.37105
1323,325,818,681,1745,675,1733,675,50.37105
1324,325,818,681,1745,675,1733,675,50.37105
1325,325,818,681,1745,675,1733,675,50.37105
1326,325,818,681,1745,675,1733,675,50.37105
1327,325,818,681,1745,675,1733,675,50.37105
1328,325,818,681,1745,675,1733,675,50.37105
1329,325,818,681,1745,675,1733,675,50.37105
1330,325,818,682,1748,675,1733,675,50.37105
1331,324,817,682,1748,676,1734,676,50.37105
1332,324,817,682,1748,676,1734,676,50.44388
1333,324,817,682,1748,676,1734,676,50.44388
1334,324,817,682,1748,676,1734,676,50.44388
1335,324,817,682,1748,676,1734,676,50.44388
1336,324,817,682,1748,676,1734,676,50.44388
1337,324,817,683,1750,676,1734,676,50.44388
1338,324,817,683,1750,676,1734,676,50.44388
1339,324,817,683,1750,676,1734,676,50.44388
1340,324,817,683,1750,676,1734,676,50.44388
1341,324,817,683,1750,676,1734,676,50.44388
1342,324,817,683,1750,676,1734,676,50.44388
1343,324,817,683,1750,676,1734,676,50.44388
1344,324,817,683,1750,676,1734,676,50.44388
1345,324,817,683,1750,676,1734,676,50.44388
1346,324,817,683,1750,676,1734,676,50.44388
1347,323,815,683,1750,677,1736,677,50.44388
1348,323,815,683,1750,677,1736,677,50.42543
1349,323,815,683,1750,677,1736,677,50.42543
1350,323,815,683,1750,677,1736,677,50.42543
1351,323,815,683,1750,677,1736,677,50.42543
1352,323,815,683,1750,677,1736,677,50.42543
1353,323,815,683,1750,677,1736,677,50.42543
1354,323,815,683,1750,677,1736,677,50.42543
1355,323,815,684,1751,677,1736,677,50.42543
1356,322,812,684,1751,678,1739,678,50.42543
1357,322,812,684,1751,678,1739,678,50.39488
1358,322,812,684,1751,678,1739,678,50.39488
1359,322,812,684,1751,678,1739,678,50.39488
1360,322,812,684,1751,678,1739,678,50.39488
1361,322,812,684,1751,678,1739,678,50.39488
1362,322,812,684,1751,678,1739,678,50.39488
1363,322,812,684,1751,678,1739,678,50.39488
1364,322,812,684,1751,678,1739,678,50.39488
1365,322,812,684,1751,678,1739,678,50.39488
1366,321,810,684,1751,679,1741,679,50.39488
1367,321,810,684,1751,679,1741,679,50.35953
1368,321,810,684,1751,679,1741,679,50.35953
1369,321,810,684,1751,679,1741,679,50.35953
1370,321,810,684,1751,679,1741,679,50.35953
1371,321,810,684,1751,679,1741,679,50.35953
1372,321,810,684,1751,679,1741,679,50.35953
1373,321,810,684,1751,679,1741,679,50.35953
1374,321,810,684,1751,679,1741,679,50.35953
1375,321,810,684,1751,679,1741,679,50.35953
1376,321,810,685,1755,679,1741,679,50.35953
1377,321,810,685,1755,679,1741,679,50.35953
1378,321,810,685,1755,679,1741,679,50.35953
1379,320,807,685,1755,680,1744,680,50.35953
1380,320,807,685,1755,680,1744,680,50.46161
1381,319,805,685,1755,681,1746,681,50.46161
1382,319,805,685,1755,681,1746,681,50.4599
1383,319,805,685,1755,681,1746,681,50.4599
1384,319,805,685,1755,681,1746,681,50.4599
1385,319,805,685,1755,681,1746,681,50.4599
1386,319,805,685,1755,681,1746,681,50.4599
1387,319,805,685,1755,681,1746,681,50.4599
1388,319,805,685,1755,681,1746,681,50.4599
1389,319,805,685,1755,681,1746,681,50.4599
1390,319,805,685,1755,681,1746,681,50.4599
1391,318,804,685,1755,682,1747,682,50.4599
1392,318,804,685,1755,682,1747,682,50.47879
1393,318,804,686,1760,682,1747,682,50.47879
1394,318,804,686,1760,682,1747,682,50.47879
1395,318,804,686,1760,682,1747,682,50.47879
1396,318,804,687,1762,682,1747,682,50.47879
1397,318,804,688,1767,682,1747,682,50.47879
1398,318,804,688,1767,682,1747,682,50.47879
1399,318,804,688,1767,682,1747,682,50.47879
1400,318,804,688,1767,682,1747,682,50.47879
1401,318,804,688,1767,682,1747,682,50.47879
1402,318,804,689,1770,682,1747,682,50.47879
1403,318,804,689,1770,682,1747,682,50.47879
1404,318,804,689,1770,682,1747,682,50.47879
1405,318,804,690,1771,682,1747,682,50.47879
1406,318,804,690,1771,682,1747,682,50.47879
1407,318,804,690,1771,682,1747,682,50.47879
1408,317,800,691,1774,683,1751,683,50.47879
1409,317,800,691,1774,683,1751,683,50.44881
1410,317,800,691,1774,683,1751,683,50.44881
1411,317,800,691,1774,683,1751,683,50.44881
1412,317,800,691,1774,683,1751,683,50.44881
1413,316,799,691,1774,684,1752,684,50.44881
1414,316,799,691,1774,684,1752,684,50.45856
1415,316,799,691,1774,684,1752,684,50.45856
1416,316,799,691,1774,684,1752,684,50.45856
1417,316,799,691,1774,684,1752,684,50.45856
1418,316,799,691,1774,684,1752,684,50.45856
1419,316,799,691,1774,684,1752,684,50.45856
1420,316,799,691,1774,684,1752,684,50.45856
1421,316,799,691,1774,684,1752,684,50.45856
1422,316,799,691,1774,684,1752,684,50.45856
1423,316,799,691,1774,684,1752,684,50.45856
1424,316,799,692,1776,684,1752,684,50.45856
1425,316,799,692,1776,684,1752,684,50.45856
1426,316,799,693,1779,684,1752,684,50.45856
1427,316,799,693,1779,684,1752,684,50.45856
1428,315,796,693,1779,685,1755,685,50.45856
1429,315,796,694,1781,685,1755,685,50.50901
1430,315,796,694,1781,685,1755,685,50.50901
1431,315,796,694,1781,685,1755,685,50.50901
1432,315,796,694,1781,685,1755,685,50.50901
1433,315,796,694,1781,685,1755,685,50.50901
1434,315,796,694,1781,685,1755,685,50.50901
1435,315,796,694,1781,685,1755,685,50.50901
1436,315,796,694,1781,685,1755,685,50.50901
1437,315,796,694,1781,685,1755,685,50.50901
1438,315,796,694,1781,685,1755,685,50.50901
1439,315,796,694,1781,685,1755,685,50.50901
1440,315,796,694,1781,685,1755,685,50.50901
1441,315,796,694,1781,685,1755,685,50.50901
1442,315,796,694,1781,685,1755,685,50.50901
1443,315,796,694,1781,685,1755,685,50.50901
1444,315,796,694,1781,685,1755,685,50.50901
1445,315,796,694,1781,685,1755,685,50.50901
1446,315,796,694,1781,685,1755,685,50.50901
1447,315,796,694,1781,685,1755,685,50.50901
1448,315,796,694,1781,685,1755,685,50.50901
1449,315,796,694,1781,685,1755,685,50.50901
1450,315,796,694,1781,685,1755,685,50.50901
1451,315,796,694,1781,685,1755,685,50.50901
1452,315,796,694,1781,685,1755,685,50.50901
1453,315,796,694,1781,685,1755,685,50.50901
1454,315,796,694,1781,685,1755,685,50.50901
1455,315,796,694,1781,685,1755,685,50.50901
1456,315,796,694,1781,685,1755,685,50.50901
1457,315,796,695,1783,685,1755,685,50.50901
1458,315,796,695,1783,685,1755,685,50.50901
1459,315,796,695,1783,685,1755,685,50.50901
1460,314,794,695,1783,686,1757,686,50.50901
1461,313,791,695,1783,687,1760,687,50.51772
1462,313,791,695,1783,687,1760,687,50.51488
1463,313,791,695,1783,687,1760,687,50.51488
1464,313,791,695,1783,687,1760,687,50.51488
1465,313,791,695,1783,687,1760,687,50.51488
1466,313,791,695,1783,687,1760,687,50.51488
1467,312,789,695,1783,688,1762,688,50.51488
1468,312,789,695,1783,688,1762,688,50.48805
1469,312,789,695,1783,688,1762,688,50.48805
1470,312,789,695,1783,688,1762,688,50.48805
1471,312,789,695,1783,688,1762,688,50.48805
1472,312,789,695,1783,688,1762,688,50.48805
1473,311,784,695,1783,689,1767,689,50.48805
1474,311,784,695,1783,689,1767,689,50.51742
1475,311,784,695,1783,689,1767,689,50.51742
1476,311,784,695,1783,689,1767,689,50.51742
1477,311,784,695,1783,689,1767,689,50.51742
1478,310,783,695,1783,690,1768,690,50.51742
1479,310,783,696,1787,690,1768,690,50.51972
1480,310,783,696,1787,690,1768,690,50.51972
1481,310,783,697,1788,690,1768,690,50.51972
1482,310,783,697,1788,690,1768,690,50.51972
1483,310,783,697,1788,690,1768,690,50.51972
1484,310,783,697,1788,690,1768,690,50.51972
1485,309,780,697,1788,691,1771,691,50.51972
1486,309,780,697,1788,691,1771,691,50.5392
1487,309,780,697,1788,691,1771,691,50.5392
1488,308,775,698,1790,692,1776,692,50.5392
1489,308,775,698,1790,692,1776,692,50.5817
1490,308,775,698,1790,692,1776,692,50.5817
1491,308,775,699,1791,692,1776,692,50.5817
1492,308,775,699,1791,692,1776,692,50.5817
1493,308,775,699,1791,692,1776,692,50.5817
1494,308,775,699,1791,692,1776,692,50.5817
1495,308,775,699,1791,692,1776,692,50.5817
1496,308,775,699,1791,692,1776,692,50.5817
1497,308,775,699,1791,692,1776,692,50.5817
1498,308,775,699,1791,692,1776,692,50.5817
1499,308,775,699,1791,692,1776,692,50.5817
1500,308,775,699,1791,692,1776,692,50.5817
1501,308,775,699,1791,692,1776,692,50.5817
1502,308,775,700,1792,692,1776,692,50.5817
1503,308,775,700,1792,692,1776,692,50.5817
1504,308,775,700,1792,692,1776,692,50.5817
1505,308,775,700,1792,692,1776,692,50.5817
1506,308,775,700,1792,692,1776,692,50.5817
1507,308,775,701,1793,692,1776,692,50.5817
1508,307,772,701,1793,693,1779,693,50.5817
1509,307,772,701,1793,693,1779,693,50.59308
1510,307,772,701,1793,693,1779,693,50.59308
1511,306,768,702,1794,694,1783,694,50.59308
1512,306,768,703,1795,694,1783,694,50.56505
1513,306,768,703,1795,694,1783,694,50.56505
1514,306,768,703,1795,694,1783,694,50.56505
1515,306,768,703,1795,694,1783,694,50.56505
1516,306,768,703,1795,694,1783,694,50.56505
1517,306,768,703,1795,694,1783,694,50.56505
1518,305,766,703,1795,695,1785,695,50.56505
1519,305,766,703,1795,695,1785,695,50.56336
1520,305,766,703,1795,695,1785,695,50.56336
1521,304,764,703,1795,696,1787,696,50.56336
1522,304,764,703,1795,696,1787,696,50.58808
1523,304,764,703,1795,696,1787,696,50.58808
1524,304,764,704,1800,696,1787,696,50.58808
1525,304,764,704,1800,696,1787,696,50.58808
1526,303,762,705,1804,697,1789,697,50.58808
1527,303,762,705,1804,697,1789,697,50.56734
1528,303,762,706,1808,697,1789,697,50.56734
1529,303,762,706,1808,697,1789,697,50.56734
1530,303,762,706,1808,697,1789,697,50.56734
1531,303,762,706,1808,697,1789,697,50.56734
1532,303,762,706,1808,697,1789,697,50.56734
1533,303,762,706,1808,697,1789,697,50.56734
1534,302,757,706,1808,698,1794,698,50.56734
1535,302,757,706,1808,698,1794,698,50.50705
1536,302,757,706,1808,698,1794,698,50.50705
1537,302,757,706,1808,698,1794,698,50.50705
1538,302,757,706,1808,698,1794,698,50.50705
1539,302,757,706,1808,698,1794,698,50.50705
1540,302,757,706,1808,698,1794,698,50.50705
1541,302,757,706,1808,698,1794,698,50.50705
1542,302,757,706,1808,698,1794,698,50.50705
1543,302,757,706,1808,698,1794,698,50.50705
1544,302,757,706,1808,698,1794,698,50.50705
1545,302,757,706,1808,698,1794,698,50.50705
1546,302,757,706,1808,698,1794,698,50.50705
1547,302,757,706,1808,698,1794,698,50.50705
1548,302,757,706,1808,698,1794,698,50.50705
1549,302,757,706,1808,698,1794,698,50.50705
1550,301,756,706,1808,699,1795,699,50.50705
1551,301,756,707,1809,699,1795,699,50.51675
1552,301,756,707,1809,699,1795,699,50.51675
1553,301,756,707,1809,699,1795,699,50.51675
1554,300,755,707,1809,700,1796,700,50.51675
1555,300,755,707,1809,700,1796,700,50.49029
1556,300,755,707,1809,700,1796,700,50.49029
1557,300,755,708,1812,700,1796,700,50.49029
1558,299,754,708,1812,701,1797,701,50.49029
1559,299,754,708,1812,701,1797,701,50.51077
1560,299,754,708,1812,701,1797,701,50.51077
1561,299,754,708,1812,701,1797,701,50.51077
1562,299,754,708,1812,701,1797,701,50.51077
1563,299,754,708,1812,701,1797,701,50.51077
1564,299,754,708,1812,701,1797,701,50.51077
1565,299,754,708,1812,701,1797,701,50.51077
1566,299,754,709,1813,701,1797,701,50.51077
1567,299,754,709,1813,701,1797,701,50.51077
1568,299,754,709,1813,701,1797,701,50.51077
1569,297,749,709,1813,703,1802,703,50.51077
1570,296,748,709,1813,704,1803,704,50.50687
1571,296,748,709,1813,704,1803,704,50.46216
1572,296,748,709,1813,704,1803,704,50.46216
1573,296,748,709,1813,704,1803,704,50.46216
1574,296,748,709,1813,704,1803,704,50.46216
1575,296,748,709,1813,704,1803,704,50.46216
1576,296,748,710,1815,704,1803,704,50.46216
1577,296,748,710,1815,704,1803,704,50.46216
1578,295,747,710,1815,705,1804,705,50.46216
1579,294,746,710,1815,706,1805,706,50.4707
1580,294,746,710,1815,706,1805,706,50.48279
1581,294,746,710,1815,706,1805,706,50.48279
1582,294,746,710,1815,706,1805,706,50.48279
1583,294,746,710,1815,706,1805,706,50.48279
1584,294,746,711,1819,706,1805,706,50.48279
1585,293,742,711,1819,707,1809,707,50.48279
1586,293,742,711,1819,707,1809,707,50.49124
1587,293,742,712,1821,707,1809,707,50.49124
1588,293,742,712,1821,707,1809,707,50.49124
1589,293,742,712,1821,707,1809,707,50.49124
1590,293,742,712,1821,707,1809,707,50.49124
1591,293,742,712,1821,707,1809,707,50.49124
1592,293,742,712,1821,707,1809,707,50.49124
1593,293,742,712,1821,707,1809,707,50.49124
1594,293,742,712,1821,707,1809,707,50.49124
1595,293,742,712,1821,707,1809,707,50.49124
1596,293,742,712,1821,707,1809,707,50.49124
1597,293,742,712,1821,707,1809,707,50.49124
1598,293,742,712,1821,707,1809,707,50.49124
1599,293,742,712,1821,707,1809,707,50.49124
1600,293,742,712,1821,707,1809,707,50.49124
1601,292,738,712,1821,708,1813,708,50.49124
1602,292,738,712,1821,708,1813,708,50.44179
1603,292,738,712,1821,708,1813,708,50.44179
1604,292,738,712,1821,708,1813,708,50.44179
1605,292,738,712,1821,708,1813,708,50.44179
1606,292,738,712,1821,708,1813,708,50.44179
1607,292,738,712,1821,708,1813,708,50.44179
1608,292,738,712,1821,708,1813,708,50.44179
1609,292,738,713,1824,708,1813,708,50.44179
1610,292,738,713,1824,708,1813,708,50.44179
1611,292,738,713,1824,708,1813,708,50.44179
1612,291,735,713,1824,709,1816,709,50.44179
1613,291,735,714,1829,709,1816,709,50.44181
1614,291,735,714,1829,709,1816,709,50.44181
1615,291,735,714,1829,709,1816,709,50.44181
1616,291,735,714,1829,709,1816,709,50.44181
1617,291,735,714,1829,709,1816,709,50.44181
1618,291,735,715,1830,709,1816,709,50.44181
1619,291,735,715,1830,709,1816,709,50.44181
1620,291,735,715,1830,709,1816,709,50.44181
1621,291,735,715,1830,709,1816,709,50.44181
1622,291,735,715,1830,709,1816,709,50.44181
1623,291,735,715,1830,709,1816,709,50.44181
1624,290,734,715,1830,710,1817,710,50.44181
1625,290,734,715,1830,710,1817,710,50.44456
1626,290,734,715,1830,710,1817,710,50.44456
1627,290,734,715,1830,710,1817,710,50.44456
1628,290,734,716,1832,710,1817,710,50.44456
1629,290,734,716,1832,710,1817,710,50.44456
1630,290,734,716,1832,710,1817,710,50.44456
1631,290,734,716,1832,710,1817,710,50.44456
1632,290,734,716,1832,710,1817,710,50.44456
1633,290,734,716,1832,710,1817,710,50.44456
1634,289,732,716,1832,711,1819,711,50.44456
1635,288,729,716,1832,712,1822,712,50.44126
1636,288,729,716,1832,712,1822,712,50.3964
1637,288,729,716,1832,712,1822,712,50.3964
1638,288,729,716,1832,712,1822,712,50.3964
1639,288,729,716,1832,712,1822,712,50.3964
1640,288,729,716,1832,712,1822,712,50.3964
1641,288,729,717,1835,712,1822,712,50.3964
1642,288,729,718,1838,712,1822,712,50.3964
1643,288,729,718,1838,712,1822,712,50.3964
1644,288,729,718,1838,712,1822,712,50.3964
1645,288,729,718,1838,712,1822,712,50.3964
1646,288,729,718,1838,712,1822,712,50.3964
1647,288,729,718,1838,712,1822,712,50.3964
1648,288,729,718,1838,712,1822,712,50.3964
1649,288,729,719,1842,712,1822,712,50.3964
1650,288,729,719,1842,712,1822,712,50.3964
1651,288,729,720,1844,712,1822,712,50.3964
1652,288,729,720,1844,712,1822,712,50.3964
1653,288,729,720,1844,712,1822,712,50.3964
1654,288,729,720,1844,712,1822,712,50.3964
1655,288,729,720,1844,712,1822,712,50.3964
1656,288,729,720,1844,712,1822,712,50.3964
1657,288,729,721,1845,712,1822,712,50.3964
1658,288,729,721,1845,712,1822,712,50.3964
1659,288,729,721,1845,712,1822,712,50.3964
1660,288,729,721,1845,712,1822,712,50.3964
1661,288,729,721,1845,712,1822,712,50.3964
1662,288,729,721,1845,712,1822,712,50.3964
1663,288,729,722,1846,712,1822,712,50.3964
1664,288,729,722,1846,712,1822,712,50.3964
1665,288,729,722,1846,712,1822,712,50.3964
1666,287,727,722,1846,713,1824,713,50.3964
1667,287,727,722,1846,713,1824,713,50.37723
1668,287,727,722,1846,713,1824,713,50.37723
1669,287,727,722,1846,713,1824,713,50.37723
1670,287,727,722,1846,713,1824,713,50.37723
1671,287,727,722,1846,713,1824,713,50.37723
1672,287,727,722,1846,713,1824,713,50.37723
1673,287,727,722,1846,713,1824,713,50.37723
1674,286,722,722,1846,714,1829,714,50.37723
1675,286,722,722,1846,714,1829,714,50.38337
1676,285,720,722,1846,715,1831,715,50.38337
1677,285,720,723,1849,715,1831,715,50.42088
1678,285,720,724,1852,715,1831,715,50.42088
1679,285,720,724,1852,715,1831,715,50.42088
1680,285,720,724,1852,715,1831,715,50.42088
1681,285,720,724,1852,715,1831,715,50.42088
1682,284,717,724,1852,716,1834,716,50.42088
1683,284,717,724,1852,716,1834,716,50.39795
1684,284,717,724,1852,716,1834,716,50.39795
1685,284,717,724,1852,716,1834,716,50.39795
1686,284,717,724,1852,716,1834,716,50.39795
1687,284,717,724,1852,716,1834,716,50.39795
1688,284,717,724,1852,716,1834,716,50.39795
1689,284,717,724,1852,716,1834,716,50.39795
1690,284,717,724,1852,716,1834,716,50.39795
1691,284,717,724,1852,716,1834,716,50.39795
1692,284,717,724,1852,716,1834,716,50.39795
1693,284,717,724,1852,716,1834,716,50.39795
1694,284,717,724,1852,716,1834,716,50.39795
1695,284,717,724,1852,716,1834,716,50.39795
1696,283,716,724,1852,717,1835,717,50.39795
1697,283,716,724,1852,717,1835,717,50.41663
1698,283,716,724,1852,717,1835,717,50.41663
1699,283,716,724,1852,717,1835,717,50.41663
1700,283,716,724,1852,717,1835,717,50.41663
1701,283,716,724,1852,717,1835,717,50.41663
1702,282,714,724,1852,718,1837,718,50.41663
1703,281,710,724,1852,719,1841,719,50.41115
1704,281,710,724,1852,719,1841,719,50.41277
1705,281,710,724,1852,719,1841,719,50.41277
1706,281,710,724,1852,719,1841,719,50.41277
1707,281,710,724,1852,719,1841,719,50.41277
1708,281,710,724,1852,719,1841,719,50.41277
1709,281,710,724,1852,719,1841,719,50.41277
1710,281,710,724,1852,719,1841,719,50.41277
1711,281,710,725,1853,719,1841,719,50.41277
1712,281,710,726,1857,719,1841,719,50.41277
1713,281,710,726,1857,719,1841,719,50.41277
1714,281,710,726,1857,719,1841,719,50.41277
1715,281,710,726,1857,719,1841,719,50.41277
1716,281,710,727,1858,719,1841,719,50.41277
1717,281,710,727,1858,719,1841,719,50.41277
1718,281,710,727,1858,719,1841,719,50.41277
1719,281,710,727,1858,719,1841,719,50.41277
1720,281,710,728,1863,719,1841,719,50.41277
1721,281,710,728,1863,719,1841,719,50.41277
1722,280,709,728,1863,720,1842,720,50.41277
1723,280,709,729,1864,720,1842,720,50.41319
1724,280,709,729,1864,720,1842,720,50.41319
1725,280,709,729,1864,720,1842,720,50.41319
1726,278,705,729,1864,722,1846,722,50.41319
1727,278,705,730,1867,722,1846,722,50.41455
1728,278,705,731,1870,722,1846,722,50.41455
1729,278,705,731,1870,722,1846,722,50.41455
1730,278,705,731,1870,722,1846,722,50.41455
1731,278,705,732,1872,722,1846,722,50.41455
1732,278,705,732,1872,722,1846,722,50.41455
1733,278,705,733,1874,722,1846,722,50.41455
1734,278,705,733,1874,722,1846,722,50.41455
1735,278,705,733,1874,722,1846,722,50.41455
1736,278,705,733,1874,722,1846,722,50.41455
1737,278,705,733,1874,722,1846,722,50.41455
1738,278,705,735,1881,722,1846,722,50.41455
1739,278,705,735,1881,722,1846,722,50.41455
1740,278,705,735,1881,722,1846,722,50.41455
1741,278,705,736,1884,722,1846,722,50.41455
1742,278,705,736,1884,722,1846,722,50.41455
1743,277,704,736,1884,723,1847,723,50.41455
1744,277,704,736,1884,723,1847,723,50.3805
1745,276,703,736,1884,724,1848,724,50.3805
1746,276,703,736,1884,724,1848,724,50.33587
1747,276,703,736,1884,724,1848,724,50.33587
1748,276,703,736,1884,724,1848,724,50.33587
1749,276,703,736,1884,724,1848,724,50.33587
1750,276,703,736,1884,724,1848,724,50.33587
1751,276,703,736,1884,724,1848,724,50.33587
1752,276,703,736,1884,724,1848,724,50.33587
1753,275,700,736,1884,725,1851,725,50.33587
1754,275,700,736,1884,725,1851,725,50.36192
1755,274,696,736,1884,726,1855,726,50.36192
1756,274,696,736,1884,726,1855,726,50.3443
1757,274,696,736,1884,726,1855,726,50.3443
1758,273,693,736,1884,727,1858,727,50.3443
1759,273,693,736,1884,727,1858,727,50.39648
1760,273,693,736,1884,727,1858,727,50.39648
1761,273,693,736,1884,727,1858,727,50.39648
1762,273,693,736,1884,727,1858,727,50.39648
1763,273,693,736,1884,727,1858,727,50.39648
1764,272,688,736,1884,728,1863,728,50.39648
1765,272,688,736,1884,728,1863,728,50.38169
1766,271,685,737,1885,729,1866,729,50.38169
1767,269,681,737,1885,731,1870,731,50.36098
1768,269,681,737,1885,731,1870,731,50.35036
1769,269,681,737,1885,731,1870,731,50.35036
1770,269,681,737,1885,731,1870,731,50.35036
1771,269,681,738,1887,731,1870,731,50.35036
1772,269,681,738,1887,731,1870,731,50.35036
1773,269,681,738,1887,731,1870,731,50.35036
1774,269,681,738,1887,731,1870,731,50.35036
1775,269,681,738,1887,731,1870,731,50.35036
1776,269,681,738,1887,731,1870,731,50.35036
1777,269,681,738,1887,731,1870,731,50.35036
1778,268,679,739,1888,732,1872,732,50.35036
1779,268,679,739,1888,732,1872,732,50.33807
1780,268,679,739,1888,732,1872,732,50.33807
1781,268,679,739,1888,732,1872,732,50.33807
1782,268,679,739,1888,732,1872,732,50.33807
1783,268,679,739,1888,732,1872,732,50.33807
1784,268,679,739,1888,732,1872,732,50.33807
1785,268,679,740,1892,732,1872,732,50.33807
1786,268,679,740,1892,732,1872,732,50.33807
1787,268,679,740,1892,732,1872,732,50.33807
1788,268,679,740,1892,732,1872,732,50.33807
1789,268,679,740,1892,732,1872,732,50.33807
1790,268,679,741,1895,732,1872,732,50.33807
1791,268,679,741,1895,732,1872,732,50.33807
1792,267,677,741,1895,733,1874,733,50.33807
1793,267,677,741,1895,733,1874,733,50.34113
1794,267,677,741,1895,733,1874,733,50.34113
1795,267,677,741,1895,733,1874,733,50.34113
1796,267,677,741,1895,733,1874,733,50.34113
1797,267,677,741,1895,733,1874,733,50.34113
1798,267,677,741,1895,733,1874,733,50.34113
1799,267,677,741,1895,733,1874,733,50.34113
1800,267,677,741,1895,733,1874,733,50.34113
1801,266,675,741,1895,734,1876,734,50.34113
1802,265,674,742,1898,735,1877,735,50.35468
1803,265,674,742,1898,735,1877,735,50.33274
1804,265,674,742,1898,735,1877,735,50.33274
1805,265,674,742,1898,735,1877,735,50.33274
1806,265,674,742,1898,735,1877,735,50.33274
1807,265,674,742,1898,735,1877,735,50.33274
1808,265,674,742,1898,735,1877,735,50.33274
1809,265,674,742,1898,735,1877,735,50.33274
1810,265,674,742,1898,735,1877,735,50.33274
1811,265,674,742,1898,735,1877,735,50.33274
1812,265,674,742,1898,735,1877,735,50.33274
1813,264,670,742,1898,736,1881,736,50.33274
1814,264,670,742,1898,736,1881,736,50.2993
1815,264,670,742,1898,736,1881,736,50.2993
1816,263,667,742,1898,737,1884,737,50.2993
1817,263,667,742,1898,737,1884,737,50.31149
1818,263,667,742,1898,737,1884,737,50.31149
1819,263,667,742,1898,737,1884,737,50.31149
1820,263,667,742,1898,737,1884,737,50.31149
1821,263,667,742,1898,737,1884,737,50.31149
1822,263,667,742,1898,737,1884,737,50.31149
1823,263,667,742,1898,737,1884,737,50.31149
1824,263,667,742,1898,737,1884,737,50.31149
1825,263,667,742,1898,737,1884,737,50.31149
1826,263,667,743,1902,737,1884,737,50.31149
1827,263,667,743,1902,737,1884,737,50.31149
1828,263,667,743,1902,737,1884,737,50.31149
1829,263,667,743,1902,737,1884,737,50.31149
1830,263,667,743,1902,737,1884,737,50.31149
1831,263,667,743,1902,737,1884,737,50.31149
1832,263,667,743,1902,737,1884,737,50.31149
1833,262,666,744,1903,738,1885,738,50.31149
1834,262,666,744,1903,738,1885,738,50.31631
1835,262,666,744,1903,738,1885,738,50.31631
1836,262,666,744,1903,738,1885,738,50.31631
1837,262,666,744,1903,738,1885,738,50.31631
1838,262,666,744,1903,738,1885,738,50.31631
1839,262,666,745,1905,738,1885,738,50.31631
1840,261,663,745,1905,739,1888,739,50.31631
1841,261,663,745,1905,739,1888,739,50.30801
1842,261,663,745,1905,739,1888,739,50.30801
1843,261,663,745,1905,739,1888,739,50.30801
1844,261,663,745,1905,739,1888,739,50.30801
1845,261,663,745,1905,739,1888,739,50.30801
1846,260,659,745,1905,740,1892,740,50.30801
1847,260,659,745,1905,740,1892,740,50.25969
1848,260,659,745,1905,740,1892,740,50.25969
1849,260,659,745,1905,740,1892,740,50.25969
1850,260,659,745,1905,740,1892,740,50.25969
1851,260,659,745,1905,740,1892,740,50.25969
1852,260,659,745,1905,740,1892,740,50.25969
1853,260,659,746,1909,740,1892,740,50.25969
1854,260,659,746,1909,740,1892,740,50.25969
1855,259,658,747,1911,741,1893,741,50.25969
1856,259,658,747,1911,741,1893,741,50.21473
1857,258,656,747,1911,742,1895,742,50.21473
1858,258,656,747,1911,742,1895,742,50.24117
1859,258,656,747,1911,742,1895,742,50.24117
1860,258,656,747,1911,742,1895,742,50.24117
1861,258,656,748,1912,742,1895,742,50.24117
1862,258,656,748,1912,742,1895,742,50.24117
1863,258,656,749,1915,742,1895,742,50.24117
1864,258,656,750,1916,742,1895,742,50.24117
1865,258,656,750,1916,742,1895,742,50.24117
1866,258,656,751,1918,742,1895,742,50.24117
1867,257,651,753,1923,743,1900,743,50.24117
1868,257,651,753,1923,743,1900,743,50.29749
1869,257,651,756,1930,743,1900,743,50.29749
1870,257,651,756,1930,743,1900,743,50.29749
1871,257,651,756,1930,743,1900,743,50.29749
1872,257,651,758,1934,743,1900,743,50.29749
1873,257,651,758,1934,743,1900,743,50.29749
1874,256,648,758,1934,744,1903,744,50.29749
1875,256,648,759,1939,744,1903,744,50.29816
1876,256,648,760,1943,744,1903,744,50.29816
1877,255,646,760,1943,745,1905,745,50.29816
1878,255,646,761,1944,745,1905,745,50.25644
1879,255,646,761,1944,745,1905,745,50.25644
1880,255,646,761,1944,745,1905,745,50.25644
1881,255,646,762,1945,745,1905,745,50.25644
1882,255,646,763,1949,745,1905,745,50.25644
1883,255,646,763,1949,745,1905,745,50.25644
1884,255,646,763,1949,745,1905,745,50.25644
1885,254,644,763,1949,746,1907,746,50.25644
1886,254,644,765,1956,746,1907,746,50.2483
1887,254,644,765,1956,746,1907,746,50.2483
1888,254,644,765,1956,746,1907,746,50.2483
1889,254,644,766,1960,746,1907,746,50.2483
1890,254,644,767,1964,746,1907,746,50.2483
1891,253,643,768,1966,747,1908,747,50.2483
1892,253,643,768,1966,747,1908,747,50.21543
1893,253,643,770,1971,747,1908,747,50.21543
1894,253,643,772,1978,747,1908,747,50.21543
1895,253,643,772,1978,747,1908,747,50.21543
1896,251,638,774,1986,749,1913,749,50.21543
1897,251,638,775,1991,749,1913,749,50.13843
1898,251,638,777,1994,749,1913,749,50.13843
1899,251,638,779,2001,749,1913,749,50.13843
1900,251,638,779,2001,749,1913,749,50.13843
1901,251,638,781,2006,749,1913,749,50.13843
1902,251,638,781,2006,749,1913,749,50.13843
1903,251,638,781,2006,749,1913,749,50.13843
1904,250,637,781,2006,750,1914,750,50.13843
1905,250,637,781,2006,750,1914,750,50.10748
1906,249,633,781,2006,751,1918,751,50.10748
1907,249,633,781,2006,751,1918,751,50.0602
1908,249,633,781,2006,751,1918,751,50.0602
1909,249,633,782,2007,751,1918,751,50.0602
1910,248,629,783,2008,752,1922,752,50.0602
1911,247,628,785,2012,753,1923,753,50.03809
1912,246,626,786,2013,754,1925,754,50.03326
1913,246,626,786,2013,754,1925,754,50.02161
1914,246,626,788,2019,754,1925,754,50.02161
1915,245,624,788,2019,755,1927,755,50.02161
1916,245,624,790,2025,755,1927,755,50.00665
1917,245,624,791,2028,755,1927,755,50.00665
1918,244,620,791,2028,756,1931,756,50.00665
1919,243,617,792,2032,757,1934,757,49.97203
1920,242,616,792,2032,758,1935,758,49.95895
1921,242,616,793,2034,758,1935,758,49.91786
1922,242,616,793,2034,758,1935,758,49.91786
1923,242,616,793,2034,758,1935,758,49.91786
1924,241,613,793,2034,759,1938,759,49.91786
1925,240,611,793,2034,760,1940,760,49.89077
1926,239,608,793,2034,761,1943,761,49.86926
1927,238,607,793,2034,762,1944,762,49.86236
1928,237,605,793,2034,763,1946,763,49.84224
1929,237,605,793,2034,763,1946,763,49.81449
1930,237,605,794,2035,763,1946,763,49.81449
1931,237,605,795,2036,763,1946,763,49.81449
1932,236,600,795,2036,764,1951,764,49.81449
1933,235,596,795,2036,765,1955,765,49.79746
1934,235,596,800,2053,765,1955,765,49.80645
1935,233,587,800,2053,767,1964,767,49.80645
1936,233,587,802,2058,767,1964,767,49.83157
1937,233,587,804,2066,767,1964,767,49.83157
1938,233,587,804,2066,767,1964,767,49.83157
1939,232,586,806,2070,768,1965,768,49.83157
1940,232,586,806,2070,768,1965,768,49.85535
1941,231,585,806,2070,769,1966,769,49.85535
1942,231,585,806,2070,769,1966,769,49.85233
1943,231,585,807,2071,769,1966,769,49.85233
1944,231,585,807,2071,769,1966,769,49.85233
1945,231,585,808,2076,769,1966,769,49.85233
1946,231,585,808,2076,769,1966,769,49.85233
1947,230,583,808,2076,770,1968,770,49.85233
1948,230,583,809,2077,770,1968,770,49.84736
1949,228,577,809,2077,772,1974,772,49.84736
1950,226,574,810,2078,774,1977,774,49.85939
1951,226,574,810,2078,774,1977,774,49.81414
1952,226,574,811,2079,774,1977,774,49.81414
1953,224,567,813,2085,776,1984,776,49.81414
1954,224,567,816,2091,776,1984,776,49.78416
1955,222,561,817,2096,778,1990,778,49.78416
1956,220,559,818,2098,780,1992,780,49.71432
1957,220,559,819,2102,780,1992,780,49.66507
1958,220,559,819,2102,780,1992,780,49.66507
1959,220,559,819,2102,780,1992,780,49.66507
1960,219,555,820,2106,781,1996,781,49.66507
1961,219,555,820,2106,781,1996,781,49.62664
1962,219,555,820,2106,781,1996,781,49.62664
1963,219,555,822,2110,781,1996,781,49.62664
1964,218,553,822,2110,782,1998,782,49.62664
1965,217,548,823,2115,783,2003,783,49.62286
1966,217,548,823,2115,783,2003,783,49.58398
1967,217,548,823,2115,783,2003,783,49.58398
1968,217,548,824,2116,783,2003,783,49.58398
1969,215,543,824,2116,785,2008,785,49.58398
1970,215,543,825,2117,785,2008,785,49.57895
1971,215,543,825,2117,785,2008,785,49.57895
1972,215,543,825,2117,785,2008,785,49.57895
1973,214,539,825,2117,786,2012,786,49.57895
1974,214,539,826,2122,786,2012,786,49.56541
1975,213,537,827,2124,787,2014,787,49.56541
1976,212,536,827,2124,788,2015,788,49.56316
1977,211,535,828,2126,789,2016,789,49.52436
1978,211,535,828,2126,789,2016,789,49.51963
1979,211,535,829,2127,789,2016,789,49.51963
1980,210,531,829,2127,790,2020,790,49.51963
1981,208,523,829,2127,792,2028,792,49.54817
1982,208,523,829,2127,792,2028,792,49.5542
1983,206,520,829,2127,794,2031,794,49.5542
1984,206,520,829,2127,794,2031,794,49.48748
1985,204,514,829,2127,796,2037,796,49.48748
1986,203,513,830,2132,797,2038,797,49.56857
1987,203,513,830,2132,797,2038,797,49.53844
1988,203,513,830,2132,797,2038,797,49.53844
1989,203,513,830,2132,797,2038,797,49.53844
1990,202,509,830,2132,798,2042,798,49.53844
1991,199,501,830,2132,801,2050,801,49.52062
1992,199,501,830,2132,801,2050,801,49.49574
1993,199,501,830,2132,801,2050,801,49.49574
1994,199,501,830,2132,801,2050,801,49.49574
1995,198,496,830,2132,802,2055,802,49.49574
1996,198,496,830,2132,802,2055,802,49.45348
1997,196,493,830,2132,804,2058,804,49.45348
1998,195,489,830,2132,805,2062,805,49.48732
1999,195,489,830,2132,805,2062,805,49.50838
2000,193,486,830,2132,807,2065,807,49.50838
2001,191,481,830,2132,809,2070,809,49.46236
2002,190,478,830,2132,810,2073,810,49.46099
2003,189,474,830,2132,811,2077,811,49.5036
2004,189,474,830,2132,811,2077,811,49.54585
2005,189,474,830,2132,811,2077,811,49.54585
2006,189,474,830,2132,811,2077,811,49.54585
2007,188,470,830,2132,812,2081,812,49.54585
2008,188,470,830,2132,812,2081,812,49.55187
2009,188,470,830,2132,812,2081,812,49.55187
2010,188,470,830,2132,812,2081,812,49.55187
2011,188,470,830,2132,812,2081,812,49.55187
2012,187,469,830,2132,813,2082,813,49.55187
2013,184,460,830,2132,816,2091,816,49.58941
2014,184,460,830,2132,816,2091,816,49.60407
2015,183,455,830,2132,817,2096,817,49.60407
2016,182,454,830,2132,818,2097,818,49.64936
2017,182,454,830,2132,818,2097,818,49.62308
2018,181,449,830,2132,819,2102,819,49.62308
2019,181,449,830,2132,819,2102,819,49.59441
2020,181,449,830,2132,819,2102,819,49.59441
2021,180,447,830,2132,820,2104,820,49.59441
2022,180,447,831,2134,820,2104,820,49.60881
2023,180,447,831,2134,820,2104,820,49.60881
2024,180,447,831,2134,820,2104,820,49.60881
2025,179,442,831,2134,821,2109,821,49.60881
2026,179,442,831,2134,821,2109,821,49.61213
2027,178,437,831,2134,822,2114,822,49.61213
2028,177,433,831,2134,823,2118,823,49.61987
2029,176,429,831,2134,824,2122,824,49.6405
2030,175,427,831,2134,825,2124,825,49.69018
2031,175,427,831,2134,825,2124,825,49.72706
2032,175,427,831,2134,825,2124,825,49.72706
2033,174,426,831,2134,826,2125,826,49.72706
2034,174,426,831,2134,826,2125,826,49.74174
2035,174,426,831,2134,826,2125,826,49.74174
2036,174,426,831,2134,826,2125,826,49.74174
2037,174,426,831,2134,826,2125,826,49.74174
2038,174,426,831,2134,826,2125,826,49.74174
2039,174,426,831,2134,826,2125,826,49.74174
2040,173,424,831,2134,827,2127,827,49.74174
2041,172,423,831,2134,828,2128,828,49.74524
2042,172,423,831,2134,828,2128,828,49.76634
2043,172,423,831,2134,828,2128,828,49.76634
2044,172,423,831,2134,828,2128,828,49.76634
2045,172,423,831,2134,828,2128,828,49.76634
2046,172,423,831,2134,828,2128,828,49.76634
2047,171,422,831,2134,829,2129,829,49.76634
2048,171,422,831,2134,829,2129,829,49.78045
2049,171,422,831,2134,829,2129,829,49.78045
2050,171,422,831,2134,829,2129,829,49.78045
2051,171,422,831,2134,829,2129,829,49.78045
2052,171,422,831,2134,829,2129,829,49.78045
2053,171,422,831,2134,829,2129,829,49.78045
2054,171,422,831,2134,829,2129,829,49.78045
2055,171,422,831,2134,829,2129,829,49.78045
2056,171,422,831,2134,829,2129,829,49.78045
2057,171,422,831,2134,829,2129,829,49.78045
2058,171,422,831,2134,829,2129,829,49.78045
2059,171,422,831,2134,829,2129,829,49.78045
2060,171,422,831,2134,829,2129,829,49.78045
2061,171,422,831,2134,829,2129,829,49.78045
2062,171,422,831,2134,829,2129,829,49.78045
2063,171,422,831,2134,829,2129,829,49.78045
2064,171,422,831,2134,829,2129,829,49.78045
2065,171,422,831,2134,829,2129,829,49.78045
2066,171,422,831,2134,829,2129,829,49.78045
2067,171,422,831,2134,829,2129,829,49.78045
2068,171,422,831,2134,829,2129,829,49.78045
2069,171,422,832,2137,829,2129,829,49.78045
2070,171,422,832,2137,829,2129,829,49.78045
2071,171,422,832,2137,829,2129,829,49.78045
2072,171,422,832,2137,829,2129,829,49.78045
2073,171,422,832,2137,829,2129,829,49.78045
2074,171,422,832,2137,829,2129,829,49.78045
2075,171,422,832,2137,829,2129,829,49.78045
2076,171,422,832,2137,829,2129,829,49.78045
2077,171,422,832,2137,829,2129,829,49.78045
2078,171,422,832,2137,829,2129,829,49.78045
2079,171,422,832,2137,829,2129,829,49.78045
2080,171,422,832,2137,829,2129,829,49.78045
2081,171,422,832,2137,829,2129,829,49.78045
2082,171,422,832,2137,829,2129,829,49.78045
2083,171,422,832,2137,829,2129,829,49.78045
2084,171,422,832,2137,829,2129,829,49.78045
2085,171,422,832,2137,829,2129,829,49.78045
2086,171,422,832,2137,829,2129,829,49.78045
2087,170,419,832,2137,830,2132,830,49.78045
2088,170,419,832,2137,830,2132,830,49.83708
2089,170,419,832,2137,830,2132,830,49.83708
2090,170,419,832,2137,830,2132,830,49.83708
2091,170,419,832,2137,830,2132,830,49.83708
2092,170,419,832,2137,830,2132,830,49.83708
2093,170,419,832,2137,830,2132,830,49.83708
2094,170,419,832,2137,830,2132,830,49.83708
2095,170,419,832,2137,830,2132,830,49.83708
2096,169,417,832,2137,831,2134,831,49.83708
2097,169,417,832,2137,831,2134,831,49.84729
2098,169,417,832,2137,831,2134,831,49.84729
2099,169,417,832,2137,831,2134,831,49.84729
2100,169,417,832,2137,831,2134,831,49.84729
2101,169,417,832,2137,831,2134,831,49.84729
2102,169,417,832,2137,831,2134,831,49.84729
2103,169,417,832,2137,831,2134,831,49.84729
2104,169,417,832,2137,831,2134,831,49.84729
2105,169,417,832,2137,831,2134,831,49.84729
2106,169,417,832,2137,831,2134,831,49.84729
2107,169,417,832,2137,831,2134,831,49.84729
2108,169,417,832,2137,831,2134,831,49.84729
2109,169,417,832,2137,831,2134,831,49.84729
2110,169,417,832,2137,831,2134,831,49.84729
2111,169,417,832,2137,831,2134,831,49.84729
2112,169,417,832,2137,831,2134,831,49.84729
2113,169,417,832,2137,831,2134,831,49.84729
2114,169,417,832,2137,831,2134,831,49.84729
2115,169,417,832,2137,831,2134,831,49.84729
2116,169,417,832,2137,831,2134,831,49.84729
2117,169,417,832,2137,831,2134,831,49.84729
2118,169,417,832,2137,831,2134,831,49.84729
2119,169,417,832,2137,831,2134,831,49.84729
2120,169,417,832,2137,831,2134,831,49.84729
2121,169,417,832,2137,831,2134,831,49.84729
2122,169,417,832,2137,831,2134,831,49.84729
2123,169,417,832,2137,831,2134,831,49.84729
2124,169,417,832,2137,831,2134,831,49.84729
2125,169,417,832,2137,831,2134,831,49.84729
2126,169,417,833,2139,831,2134,831,49.84729
2127,169,417,833,2139,831,2134,831,49.84729
2128,169,417,833,2139,831,2134,831,49.84729
2129,169,417,833,2139,831,2134,831,49.84729
2130,169,417,833,2139,831,2134,831,49.84729
2131,169,417,834,2143,831,2134,831,49.84729
2132,169,417,834,2143,831,2134,831,49.84729
2133,169,417,834,2143,831,2134,831,49.84729
2134,169,417,834,2143,831,2134,831,49.84729
2135,169,417,834,2143,831,2134,831,49.84729
2136,169,417,834,2143,831,2134,831,49.84729
2137,169,417,834,2143,831,2134,831,49.84729
2138,169,417,834,2143,831,2134,831,49.84729
2139,169,417,834,2143,831,2134,831,49.84729
2140,169,417,834,2143,831,2134,831,49.84729
2141,169,417,834,2143,831,2134,831,49.84729
2142,169,417,834,2143,831,2134,831,49.84729
2143,169,417,834,2143,831,2134,831,49.84729
2144,169,417,834,2143,831,2134,831,49.84729
2145,169,417,834,2143,831,2134,831,49.84729
2146,169,417,834,2143,831,2134,831,49.84729
2147,168,414,834,2143,832,2137,832,49.84729
2148,168,414,834,2143,832,2137,832,49.86905
2149,168,414,834,2143,832,2137,832,49.86905
2150,168,414,834,2143,832,2137,832,49.86905
2151,168,414,834,2143,832,2137,832,49.86905
2152,168,414,834,2143,832,2137,832,49.86905
2153,168,414,834,2143,832,2137,832,49.86905
2154,168,414,834,2143,832,2137,832,49.86905
2155,168,414,834,2143,832,2137,832,49.86905
2156,168,414,834,2143,832,2137,832,49.86905
2157,168,414,834,2143,832,2137,832,49.86905
2158,168,414,834,2143,832,2137,832,49.86905
2159,168,414,834,2143,832,2137,832,49.86905
2160,168,414,835,2145,832,2137,832,49.86905
2161,168,414,835,2145,832,2137,832,49.86905
2162,168,414,835,2145,832,2137,832,49.86905
2163,168,414,835,2145,832,2137,832,49.86905
2164,168,414,835,2145,832,2137,832,49.86905
2165,168,414,835,2145,832,2137,832,49.86905
2166,168,414,835,2145,832,2137,832,49.86905
2167,168,414,835,2145,832,2137,832,49.86905
2168,168,414,835,2145,832,2137,832,49.86905
2169,168,414,835,2145,832,2137,832,49.86905
2170,168,414,835,2145,832,2137,832,49.86905
2171,168,414,835,2145,832,2137,832,49.86905
2172,168,414,835,2145,832,2137,832,49.86905
2173,168,414,835,2145,832,2137,832,49.86905
2174,168,414,835,2145,832,2137,832,49.86905
2175,167,410,835,2145,833,2141,833,49.86905
2176,167,410,835,2145,833,2141,833,49.85852
2177,167,410,835,2145,833,2141,833,49.85852
2178,166,408,835,2145,834,2143,834,49.85852
2179,166,408,835,2145,834,2143,834,49.85148
2180,166,408,835,2145,834,2143,834,49.85148
2181,166,408,835,2145,834,2143,834,49.85148
2182,166,408,835,2145,834,2143,834,49.85148
2183,166,408,835,2145,834,2143,834,49.85148
2184,166,408,835,2145,834,2143,834,49.85148
2185,166,408,835,2145,834,2143,834,49.85148
2186,166,408,835,2145,834,2143,834,49.85148
2187,166,408,835,2145,834,2143,834,49.85148
2188,166,408,835,2145,834,2143,834,49.85148
2189,166,408,835,2145,834,2143,834,49.85148
2190,166,408,835,2145,834,2143,834,49.85148
2191,166,408,835,2145,834,2143,834,49.85148
2192,166,408,836,2147,834,2143,834,49.85148
2193,166,408,836,2147,834,2143,834,49.85148
2194,166,408,836,2147,834,2143,834,49.85148
2195,166,408,836,2147,834,2143,834,49.85148
2196,166,408,836,2147,834,2143,834,49.85148
2197,166,408,836,2147,834,2143,834,49.85148
2198,166,408,836,2147,834,2143,834,49.85148
2199,166,408,836,2147,834,2143,834,49.85148
2200,166,408,836,2147,834,2143,834,49.85148
2201,166,408,836,2147,834,2143,834,49.85148
2202,166,408,836,2147,834,2143,834,49.85148
2203,166,408,836,2147,834,2143,834,49.85148
2204,166,408,836,2147,834,2143,834,49.85148
2205,166,408,836,2147,834,2143,834,49.85148
2206,166,408,836,2147,834,2143,834,49.85148
2207,166,408,836,2147,834,2143,834,49.85148
2208,166,408,836,2147,834,2143,834,49.85148
2209,166,408,836,2147,834,2143,834,49.85148
2210,166,408,836,2147,834,2143,834,49.85148
2211,166,408,836,2147,834,2143,834,49.85148
2212,166,408,836,2147,834,2143,834,49.85148
2213,166,408,836,2147,834,2143,834,49.85148
2214,166,408,836,2147,834,2143,834,49.85148
2215,166,408,836,2147,834,2143,834,49.85148
2216,166,408,836,2147,834,2143,834,49.85148
2217,166,408,837,2151,834,2143,834,49.85148
2218,166,408,837,2151,834,2143,834,49.85148
2219,166,408,837,2151,834,2143,834,49.85148
2220,166,408,837,2151,834,2143,834,49.85148
2221,166,408,837,2151,834,2143,834,49.85148
2222,166,408,837,2151,834,2143,834,49.85148
2223,166,408,838,2155,834,2143,834,49.85148
2224,166,408,838,2155,834,2143,834,49.85148
2225,166,408,838,2155,834,2143,834,49.85148
2226,166,408,838,2155,834,2143,834,49.85148
2227,165,406,838,2155,835,2145,835,49.85148
2228,165,406,838,2155,835,2145,835,49.83226
2229,165,406,838,2155,835,2145,835,49.83226
2230,165,406,838,2155,835,2145,835,49.83226
2231,165,406,838,2155,835,2145,835,49.83226
2232,165,406,838,2155,835,2145,835,49.83226
2233,165,406,838,2155,835,2145,835,49.83226
2234,165,406,838,2155,835,2145,835,49.83226
2235,165,406,838,2155,835,2145,835,49.83226
2236,165,406,838,2155,835,2145,835,49.83226
2237,165,406,838,2155,835,2145,835,49.83226
2238,165,406,838,2155,835,2145,835,49.83226
2239,165,406,838,2155,835,2145,835,49.83226
2240,165,406,838,2155,835,2145,835,49.83226
2241,165,406,838,2155,835,2145,835,49.83226
2242,165,406,838,2155,835,2145,835,49.83226
2243,165,406,838,2155,835,2145,835,49.83226
2244,165,406,838,2155,835,2145,835,49.83226
2245,165,406,838,2155,835,2145,835,49.83226
2246,165,406,838,2155,835,2145,835,49.83226
2247,165,406,838,2155,835,2145,835,49.83226
2248,164,404,838,2155,836,2147,836,49.83226
2249,164,404,838,2155,836,2147,836,49.85086
2250,164,404,838,2155,836,2147,836,49.85086
2251,164,404,838,2155,836,2147,836,49.85086
2252,164,404,838,2155,836,2147,836,49.85086
2253,164,404,838,2155,836,2147,836,49.85086
2254,164,404,838,2155,836,2147,836,49.85086
2255,164,404,838,2155,836,2147,836,49.85086
2256,164,404,838,2155,836,2147,836,49.85086
2257,164,404,838,2155,836,2147,836,49.85086
2258,164,404,839,2157,836,2147,836,49.85086
2259,164,404,839,2157,836,2147,836,49.85086
2260,163,400,839,2157,837,2151,837,49.85086
2261,163,400,839,2157,837,2151,837,49.82881
2262,163,400,839,2157,837,2151,837,49.82881
2263,163,400,839,2157,837,2151,837,49.82881
2264,163,400,840,2158,837,2151,837,49.82881
2265,163,400,840,2158,837,2151,837,49.82881
2266,163,400,840,2158,837,2151,837,49.82881
2267,163,400,840,2158,837,2151,837,49.82881
2268,163,400,840,2158,837,2151,837,49.82881
2269,163,400,840,2158,837,2151,837,49.82881
2270,163,400,840,2158,837,2151,837,49.82881
2271,163,400,840,2158,837,2151,837,49.82881
2272,163,400,840,2158,837,2151,837,49.82881
2273,163,400,840,2158,837,2151,837,49.82881
2274,163,400,840,2158,837,2151,837,49.82881
2275,163,400,840,2158,837,2151,837,49.82881
2276,163,400,840,2158,837,2151,837,49.82881
2277,163,400,840,2158,837,2151,837,49.82881
2278,163,400,840,2158,837,2151,837,49.82881
2279,163,400,840,2158,837,2151,837,49.82881
2280,163,400,840,2158,837,2151,837,49.82881
2281,163,400,840,2158,837,2151,837,49.82881
2282,163,400,840,2158,837,2151,837,49.82881
2283,163,400,840,2158,837,2151,837,49.82881
2284,163,400,840,2158,837,2151,837,49.82881
2285,163,400,840,2158,837,2151,837,49.82881
2286,163,400,840,2158,837,2151,837,49.82881
2287,163,400,840,2158,837,2151,837,49.82881
2288,163,400,840,2158,837,2151,837,49.82881
2289,163,400,840,2158,837,2151,837,49.82881
2290,163,400,840,2158,837,2151,837,49.82881
2291,163,400,840,2158,837,2151,837,49.82881
2292,163,400,840,2158,837,2151,837,49.82881
2293,163,400,840,2158,837,2151,837,49.82881
2294,163,400,840,2158,837,2151,837,49.82881
2295,163,400,840,2158,837,2151,837,49.82881
2296,163,400,840,2158,837,2151,837,49.82881
2297,163,400,840,2158,837,2151,837,49.82881
2298,163,400,840,2158,837,2151,837,49.82881
2299,163,400,840,2158,837,2151,837,49.82881
2300,163,400,840,2158,837,2151,837,49.82881
2301,163,400,840,2158,837,2151,837,49.82881
2302,163,400,840,2158,837,2151,837,49.82881
2303,163,400,840,2158,837,2151,837,49.82881
2304,163,400,840,2158,837,2151,837,49.82881
2305,163,400,840,2158,837,2151,837,49.82881
2306,163,400,840,2158,837,2151,837,49.82881
2307,163,400,840,2158,837,2151,837,49.82881
2308,163,400,840,2158,837,2151,837,49.82881
2309,162,396,840,2158,838,2155,838,49.82881
2310,162,396,840,2158,838,2155,838,49.87043
2311,162,396,840,2158,838,2155,838,49.87043
2312,162,396,840,2158,838,2155,838,49.87043
2313,162,396,840,2158,838,2155,838,49.87043
2314,162,396,840,2158,838,2155,838,49.87043
2315,162,396,840,2158,838,2155,838,49.87043
2316,162,396,840,2158,838,2155,838,49.87043
2317,162,396,840,2158,838,2155,838,49.87043
2318,162,396,841,2159,838,2155,838,49.87043
2319,162,396,841,2159,838,2155,838,49.87043
2320,162,396,841,2159,838,2155,838,49.87043
2321,162,396,841,2159,838,2155,838,49.87043
2322,162,396,841,2159,838,2155,838,49.87043
2323,162,396,841,2159,838,2155,838,49.87043
2324,162,396,841,2159,838,2155,838,49.87043
2325,162,396,841,2159,838,2155,838,49.87043
2326,162,396,841,2159,838,2155,838,49.87043
2327,162,396,841,2159,838,2155,838,49.87043
2328,162,396,841,2159,838,2155,838,49.87043
2329,162,396,841,2159,838,2155,838,49.87043
2330,162,396,841,2159,838,2155,838,49.87043
2331,162,396,841,2159,838,2155,838,49.87043
2332,162,396,841,2159,838,2155,838,49.87043
2333,162,396,841,2159,838,2155,838,49.87043
2334,162,396,842,2162,838,2155,838,49.87043
2335,162,396,842,2162,838,2155,838,49.87043
2336,162,396,842,2162,838,2155,838,49.87043
2337,162,396,843,2166,838,2155,838,49.87043
2338,162,396,843,2166,838,2155,838,49.87043
2339,162,396,843,2166,838,2155,838,49.87043
2340,162,396,843,2166,838,2155,838,49.87043
2341,162,396,843,2166,838,2155,838,49.87043
2342,162,396,843,2166,838,2155,838,49.87043
2343,162,396,843,2166,838,2155,838,49.87043
2344,162,396,843,2166,838,2155,838,49.87043
2345,162,396,843,2166,838,2155,838,49.87043
2346,162,396,843,2166,838,2155,838,49.87043
2347,162,396,843,2166,838,2155,838,49.87043
2348,162,396,843,2166,838,2155,838,49.87043
2349,162,396,843,2166,838,2155,838,49.87043
2350,162,396,843,2166,838,2155,838,49.87043
2351,162,396,843,2166,838,2155,838,49.87043
2352,162,396,843,2166,838,2155,838,49.87043
2353,162,396,843,2166,838,2155,838,49.87043
2354,162,396,843,2166,838,2155,838,49.87043
2355,162,396,843,2166,838,2155,838,49.87043
2356,162,396,843,2166,838,2155,838,49.87043
2357,162,396,843,2166,838,2155,838,49.87043
2358,162,396,844,2167,838,2155,838,49.87043
2359,162,396,844,2167,838,2155,838,49.87043
2360,162,396,844,2167,838,2155,838,49.87043
2361,162,396,844,2167,838,2155,838,49.87043
2362,162,396,844,2167,838,2155,838,49.87043
2363,162,396,844,2167,838,2155,838,49.87043
2364,162,396,844,2167,838,2155,838,49.87043
2365,162,396,844,2167,838,2155,838,49.87043
2366,162,396,844,2167,838,2155,838,49.87043
2367,162,396,844,2167,838,2155,838,49.87043
2368,162,396,844,2167,838,2155,838,49.87043
2369,162,396,844,2167,838,2155,838,49.87043
2370,162,396,844,2167,838,2155,838,49.87043
2371,162,396,844,2167,838,2155,838,49.87043
2372,162,396,844,2167,838,2155,838,49.87043
2373,162,396,844,2167,838,2155,838,49.87043
2374,162,396,844,2167,838,2155,838,49.87043
2375,162,396,844,2167,838,2155,838,49.87043
2376,162,396,844,2167,838,2155,838,49.87043
2377,162,396,844,2167,838,2155,838,49.87043
2378,162,396,844,2167,838,2155,838,49.87043
2379,162,396,844,2167,838,2155,838,49.87043
2380,161,394,844,2167,839,2157,839,49.87043
2381,161,394,844,2167,839,2157,839,49.93097
2382,161,394,844,2167,839,2157,839,49.93097
2383,161,394,844,2167,839,2157,839,49.93097
2384,161,394,845,2168,839,2157,839,49.93097
2385,160,390,845,2168,840,2161,840,49.93097
2386,160,390,845,2168,840,2161,840,49.92672
2387,160,390,845,2168,840,2161,840,49.92672
2388,160,390,845,2168,840,2161,840,49.92672
2389,158,388,845,2168,842,2163,842,49.92672
2390,157,387,845,2168,843,2164,843,49.96684
2391,157,387,845,2168,843,2164,843,49.98595
2392,157,387,845,2168,843,2164,843,49.98595
2393,157,387,845,2168,843,2164,843,49.98595
2394,157,387,845,2168,843,2164,843,49.98595
2395,157,387,845,2168,843,2164,843,49.98595
2396,157,387,845,2168,843,2164,843,49.98595
2397,157,387,845,2168,843,2164,843,49.98595
2398,157,387,845,2168,843,2164,843,49.98595
2399,157,387,845,2168,843,2164,843,49.98595
2400,157,387,845,2168,843,2164,843,49.98595
2401,157,387,845,2168,843,2164,843,49.98595
2402,157,387,845,2168,843,2164,843,49.98595
2403,157,387,845,2168,843,2164,843,49.98595
2404,157,387,845,2168,843,2164,843,49.98595
2405,157,387,845,2168,843,2164,843,49.98595
2406,157,387,845,2168,843,2164,843,49.98595
2407,156,386,845,2168,844,2165,844,49.98595
2408,156,386,845,2168,844,2165,844,49.95087
2409,156,386,845,2168,844,2165,844,49.95087
2410,156,386,846,2170,844,2165,844,49.95087
2411,156,386,846,2170,844,2165,844,49.95087
2412,156,386,846,2170,844,2165,844,49.95087
2413,156,386,846,2170,844,2165,844,49.95087
2414,156,386,846,2170,844,2165,844,49.95087
2415,156,386,846,2170,844,2165,844,49.95087
2416,156,386,846,2170,844,2165,844,49.95087
2417,156,386,846,2170,844,2165,844,49.95087
2418,155,383,846,2170,845,2168,845,49.95087
2419,155,383,846,2170,845,2168,845,49.96923
2420,155,383,846,2170,845,2168,845,49.96923
2421,155,383,846,2170,845,2168,845,49.96923
2422,155,383,846,2170,845,2168,845,49.96923
2423,155,383,846,2170,845,2168,845,49.96923
2424,155,383,846,2170,845,2168,845,49.96923
2425,155,383,846,2170,845,2168,845,49.96923
2426,155,383,846,2170,845,2168,845,49.96923
2427,155,383,846,2170,845,2168,845,49.96923
2428,155,383,846,2170,845,2168,845,49.96923
2429,155,383,846,2170,845,2168,845,49.96923
2430,155,383,846,2170,845,2168,845,49.96923
2431,155,383,846,2170,845,2168,845,49.96923
2432,155,383,846,2170,845,2168,845,49.96923
2433,155,383,846,2170,845,2168,845,49.96923
2434,155,383,846,2170,845,2168,845,49.96923
2435,155,383,846,2170,845,2168,845,49.96923
2436,155,383,846,2170,845,2168,845,49.96923
2437,155,383,846,2170,845,2168,845,49.96923
2438,155,383,846,2170,845,2168,845,49.96923
2439,155,383,846,2170,845,2168,845,49.96923
2440,155,383,846,2170,845,2168,845,49.96923
2441,155,383,846,2170,845,2168,845,49.96923
2442,155,383,846,2170,845,2168,845,49.96923
2443,155,383,846,2170,845,2168,845,49.96923
2444,155,383,846,2170,845,2168,845,49.96923
2445,155,383,846,2170,845,2168,845,49.96923
2446,155,383,846,2170,845,2168,845,49.96923
2447,155,383,846,2170,845,2168,845,49.96923
2448,155,383,846,2170,845,2168,845,49.96923
2449,155,383,846,2170,845,2168,845,49.96923
2450,155,383,846,2170,845,2168,845,49.96923
2451,155,383,846,2170,845,2168,845,49.96923
2452,155,383,846,2170,845,2168,845,49.96923
2453,155,383,846,2170,845,2168,845,49.96923
2454,155,383,846,2170,845,2168,845,49.96923
2455,155,383,847,2171,845,2168,845,49.96923
2456,155,383,847,2171,845,2168,845,49.96923
2457,155,383,847,2171,845,2168,845,49.96923
2458,155,383,847,2171,845,2168,845,49.96923
2459,155,383,847,2171,845,2168,845,49.96923
2460,155,383,847,2171,845,2168,845,49.96923
2461,155,383,847,2171,845,2168,845,49.96923
2462,155,383,847,2171,845,2168,845,49.96923
2463,155,383,847,2171,845,2168,845,49.96923
2464,155,383,847,2171,845,2168,845,49.96923
2465,155,383,847,2171,845,2168,845,49.96923
2466,155,383,847,2171,845,2168,845,49.96923
2467,155,383,847,2171,845,2168,845,49.96923
2468,155,383,847,2171,845,2168,845,49.96923
2469,155,383,847,2171,845,2168,845,49.96923
2470,155,383,847,2171,845,2168,845,49.96923
2471,155,383,847,2171,845,2168,845,49.96923
2472,155,383,847,2171,845,2168,845,49.96923
2473,155,383,847,2171,845,2168,845,49.96923
2474,155,383,847,2171,845,2168,845,49.96923
2475,155,383,847,2171,845,2168,845,49.96923
2476,155,383,847,2171,845,2168,845,49.96923
2477,155,383,847,2171,845,2168,845,49.96923
2478,155,383,847,2171,845,2168,845,49.96923
2479,155,383,847,2171,845,2168,845,49.96923
2480,155,383,847,2171,845,2168,845,49.96923
2481,155,383,847,2171,845,2168,845,49.96923
2482,155,383,847,2171,845,2168,845,49.96923
2483,155,383,847,2171,845,2168,845,49.96923
2484,155,383,847,2171,845,2168,845,49.96923
2485,155,383,847,2171,845,2168,845,49.96923
2486,155,383,847,2171,845,2168,845,49.96923
2487,155,383,847,2171,845,2168,845,49.96923
2488,155,383,847,2171,845,2168,845,49.96923
2489,155,383,847,2171,845,2168,845,49.96923
2490,154,381,847,2171,846,2170,846,49.96923
2491,153,380,847,2171,847,2171,847,49.99631
2492,153,380,847,2171,847,2171,847,49.97066
2493,153,380,847,2171,847,2171,847,49.97066
2494,153,380,847,2171,847,2171,847,49.97066
2495,153,380,847,2171,847,2171,847,49.97066
2496,153,380,847,2171,847,2171,847,49.97066
2497,153,380,847,2171,847,2171,847,49.97066
2498,153,380,847,2171,847,2171,847,49.97066
2499,153,380,847,2171,847,2171,847,49.97066
2500,153,380,847,2171,847,2171,847,49.97066
2501,153,380,847,2171,847,2171,847,49.97066
2502,153,380,847,2171,847,2171,847,49.97066
2503,153,380,847,2171,847,2171,847,49.97066
2504,153,380,847,2171,847,2171,847,49.97066
2505,153,380,847,2171,847,2171,847,49.97066
2506,153,380,847,2171,847,2171,847,49.97066
2507,153,380,847,2171,847,2171,847,49.97066
2508,153,380,847,2171,847,2171,847,49.97066
2509,153,380,847,2171,847,2171,847,49.97066
2510,153,380,847,2171,847,2171,847,49.97066
2511,153,380,847,2171,847,2171,847,49.97066
2512,153,380,847,2171,847,2171,847,49.97066
2513,153,380,847,2171,847,2171,847,49.97066
2514,153,380,847,2171,847,2171,847,49.97066
2515,153,380,847,2171,847,2171,847,49.97066
2516,153,380,847,2171,847,2171,847,49.97066
2517,153,380,847,2171,847,2171,847,49.97066
2518,153,380,847,2171,847,2171,847,49.97066
2519,153,380,847,2171,847,2171,847,49.97066
2520,153,380,847,2171,847,2171,847,49.97066
2521,153,380,847,2171,847,2171,847,49.97066
2522,153,380,847,2171,847,2171,847,49.97066
2523,153,380,847,2171,847,2171,847,49.97066
2524,153,380,847,2171,847,2171,847,49.97066
2525,153,380,847,2171,847,2171,847,49.97066
2526,153,380,847,2171,847,2171,847,49.97066
2527,153,380,847,2171,847,2171,847,49.97066
2528,153,380,847,2171,847,2171,847,49.97066
2529,153,380,847,2171,847,2171,847,49.97066
2530,153,380,847,2171,847,2171,847,49.97066
2531,153,380,847,2171,847,2171,847,49.97066
2532,153,380,847,2171,847,2171,847,49.97066
2533,153,380,847,2171,847,2171,847,49.97066
2534,153,380,847,2171,847,2171,847,49.97066
2535,153,380,847,2171,847,2171,847,49.97066
2536,153,380,847,2171,847,2171,847,49.97066
2537,153,380,847,2171,847,2171,847,49.97066
2538,153,380,847,2171,847,2171,847,49.97066
2539,153,380,847,2171,847,2171,847,49.97066
2540,153,380,847,2171,847,2171,847,49.97066
2541,153,380,847,2171,847,2171,847,49.97066
2542,153,380,847,2171,847,2171,847,49.97066
2543,153,380,847,2171,847,2171,847,49.97066
2544,153,380,848,2172,847,2171,847,49.97066
2545,153,380,848,2172,847,2171,847,49.97066
2546,153,380,848,2172,847,2171,847,49.97066
2547,153,380,848,2172,847,2171,847,49.97066
2548,153,380,848,2172,847,2171,847,49.97066
2549,153,380,848,2172,847,2171,847,49.97066
2550,153,380,848,2172,847,2171,847,49.97066
2551,153,380,848,2172,847,2171,847,49.97066
2552,153,380,848,2172,847,2171,847,49.97066
2553,153,380,848,2172,847,2171,847,49.97066
2554,153,380,848,2172,847,2171,847,49.97066
2555,153,380,848,2172,847,2171,847,49.97066
2556,153,380,848,2172,847,2171,847,49.97066
2557,153,380,848,2172,847,2171,847,49.97066
2558,153,380,848,2172,847,2171,847,49.97066
2559,153,380,848,2172,847,2171,847,49.97066
2560,153,380,848,2172,847,2171,847,49.97066
2561,153,380,848,2172,847,2171,847,49.97066
2562,153,380,848,2172,847,2171,847,49.97066
2563,153,380,848,2172,847,2171,847,49.97066
2564,153,380,848,2172,847,2171,847,49.97066
2565,153,380,848,2172,847,2171,847,49.97066
2566,153,380,848,2172,847,2171,847,49.97066
2567,153,380,848,2172,847,2171,847,49.97066
2568,153,380,848,2172,847,2171,847,49.97066
2569,153,380,848,2172,847,2171,847,49.97066
2570,152,379,848,2172,848,2172,848,49.97066
2571,152,379,848,2172,848,2172,848,49.93978
2572,152,379,848,2172,848,2172,848,49.93978
2573,152,379,848,2172,848,2172,848,49.93978
2574,152,379,848,2172,848,2172,848,49.93978
2575,152,379,848,2172,848,2172,848,49.93978
2576,152,379,848,2172,848,2172,848,49.93978
2577,152,379,848,2172,848,2172,848,49.93978
2578,152,379,848,2172,848,2172,848,49.93978
2579,152,379,848,2172,848,2172,848,49.93978
2580,152,379,848,2172,848,2172,848,49.93978
2581,152,379,848,2172,848,2172,848,49.93978
2582,152,379,848,2172,848,2172,848,49.93978
2583,152,379,848,2172,848,2172,848,49.93978
2584,152,379,849,2173,848,2172,848,49.93978
2585,152,379,849,2173,848,2172,848,49.93978
2586,152,379,849,2173,848,2172,848,49.93978
2587,152,379,849,2173,848,2172,848,49.93978
2588,152,379,849,2173,848,2172,848,49.93978
2589,152,379,849,2173,848,2172,848,49.93978
2590,152,379,849,2173,848,2172,848,49.93978
2591,152,379,849,2173,848,2172,848,49.93978
2592,152,379,849,2173,848,2172,848,49.93978
2593,152,379,849,2173,848,2172,848,49.93978
2594,152,379,849,2173,848,2172,848,49.93978
2595,152,379,850,2176,848,2172,848,49.93978
2596,152,379,850,2176,848,2172,848,49.93978
2597,152,379,850,2176,848,2172,848,49.93978
2598,152,379,850,2176,848,2172,848,49.93978
2599,152,379,850,2176,848,2172,848,49.93978
2600,152,379,850,2176,848,2172,848,49.93978
2601,152,379,850,2176,848,2172,848,49.93978
2602,152,379,850,2176,848,2172,848,49.93978
2603,152,379,850,2176,848,2172,848,49.93978
2604,152,379,850,2176,848,2172,848,49.93978
2605,152,379,850,2176,848,2172,848,49.93978
2606,152,379,850,2176,848,2172,848,49.93978
2607,152,379,850,2176,848,2172,848,49.93978
2608,152,379,850,2176,848,2172,848,49.93978
2609,152,379,850,2176,848,2172,848,49.93978
2610,152,379,850,2176,848,2172,848,49.93978
2611,152,379,850,2176,848,2172,848,49.93978
2612,152,379,850,2176,848,2172,848,49.93978
2613,152,379,850,2176,848,2172,848,49.93978
2614,152,379,850,2176,848,2172,848,49.93978
2615,152,379,850,2176,848,2172,848,49.93978
2616,152,379,850,2176,848,2172,848,49.93978
2617,151,378,850,2176,849,2173,849,49.93978
2618,151,378,850,2176,849,2173,849,49.91424
2619,151,378,850,2176,849,2173,849,49.91424
2620,151,378,850,2176,849,2173,849,49.91424
2621,151,378,850,2176,849,2173,849,49.91424
2622,151,378,850,2176,849,2173,849,49.91424
2623,151,378,850,2176,849,2173,849,49.91424
2624,151,378,850,2176,849,2173,849,49.91424
2625,151,378,850,2176,849,2173,849,49.91424
2626,151,378,850,2176,849,2173,849,49.91424
2627,151,378,850,2176,849,2173,849,49.91424
2628,150,375,850,2176,850,2176,850,49.91424
2629,150,375,850,2176,850,2176,850,49.88603
2630,150,375,850,2176,850,2176,850,49.88603
2631,150,375,851,2180,850,2176,850,49.88603
2632,150,375,851,2180,850,2176,850,49.88603
2633,150,375,851,2180,850,2176,850,49.88603
2634,150,375,851,2180,850,2176,850,49.88603
2635,150,375,851,2180,850,2176,850,49.88603
2636,150,375,851,2180,850,2176,850,49.88603
2637,150,375,851,2180,850,2176,850,49.88603
2638,150,375,851,2180,850,2176,850,49.88603
2639,150,375,851,2180,850,2176,850,49.88603
2640,150,375,851,2180,850,2176,850,49.88603
2641,150,375,851,2180,850,2176,850,49.88603
2642,150,375,851,2180,850,2176,850,49.88603
2643,150,375,851,2180,850,2176,850,49.88603
2644,150,375,851,2180,850,2176,850,49.88603
2645,150,375,851,2180,850,2176,850,49.88603
2646,150,375,851,2180,850,2176,850,49.88603
2647,150,375,851,2180,850,2176,850,49.88603
2648,150,375,851,2180,850,2176,850,49.88603
2649,150,375,851,2180,850,2176,850,49.88603
2650,150,375,851,2180,850,2176,850,49.88603
2651,150,375,851,2180,850,2176,850,49.88603
2652,150,375,851,2180,850,2176,850,49.88603
2653,150,375,851,2180,850,2176,850,49.88603
2654,150,375,851,2180,850,2176,850,49.88603
2655,150,375,852,2184,850,2176,850,49.88603
2656,150,375,852,2184,850,2176,850,49.88603
2657,150,375,852,2184,850,2176,850,49.88603
2658,150,375,852,2184,850,2176,850,49.88603
2659,150,375,852,2184,850,2176,850,49.88603
2660,150,375,852,2184,850,2176,850,49.88603
2661,150,375,852,2184,850,2176,850,49.88603
2662,150,375,852,2184,850,2176,850,49.88603
2663,150,375,853,2185,850,2176,850,49.88603
2664,150,375,853,2185,850,2176,850,49.88603
2665,150,375,853,2185,850,2176,850,49.88603
2666,150,375,853,2185,850,2176,850,49.88603
2667,150,375,853,2185,850,2176,850,49.88603
2668,150,375,853,2185,850,2176,850,49.88603
2669,150,375,853,2185,850,2176,850,49.88603
2670,150,375,853,2185,850,2176,850,49.88603
2671,150,375,853,2185,850,2176,850,49.88603
2672,150,375,853,2185,850,2176,850,49.88603
2673,149,371,853,2185,851,2180,851,49.88603
2674,149,371,853,2185,851,2180,851,49.87559
2675,149,371,853,2185,851,2180,851,49.87559
2676,149,371,854,2186,851,2180,851,49.87559
2677,149,371,854,2186,851,2180,851,49.87559
2678,149,371,854,2186,851,2180,851,49.87559
2679,149,371,855,2191,851,2180,851,49.87559
2680,149,371,855,2191,851,2180,851,49.87559
2681,149,371,855,2191,851,2180,851,49.87559
2682,148,367,855,2191,852,2184,852,49.87559
2683,148,367,855,2191,852,2184,852,49.84482
2684,148,367,855,2191,852,2184,852,49.84482
2685,148,367,855,2191,852,2184,852,49.84482
2686,148,367,856,2192,852,2184,852,49.84482
2687,148,367,856,2192,852,2184,852,49.84482
2688,148,367,856,2192,852,2184,852,49.84482
2689,148,367,856,2192,852,2184,852,49.84482
2690,148,367,856,2192,852,2184,852,49.84482
2691,148,367,856,2192,852,2184,852,49.84482
2692,148,367,856,2192,852,2184,852,49.84482
2693,148,367,856,2192,852,2184,852,49.84482
2694,148,367,856,2192,852,2184,852,49.84482
2695,147,362,856,2192,853,2189,853,49.84482
2696,147,362,856,2192,853,2189,853,49.80355
2697,147,362,857,2193,853,2189,853,49.80355
2698,147,362,857,2193,853,2189,853,49.80355
2699,147,362,857,2193,853,2189,853,49.80355
2700,147,362,857,2193,853,2189,853,49.80355
2701,146,361,857,2193,854,2190,854,49.80355
2702,146,361,857,2193,854,2190,854,49.78816
2703,146,361,857,2193,854,2190,854,49.78816
2704,146,361,857,2193,854,2190,854,49.78816
2705,146,361,857,2193,854,2190,854,49.78816
2706,146,361,857,2193,854,2190,854,49.78816
2707,146,361,857,2193,854,2190,854,49.78816
2708,146,361,857,2193,854,2190,854,49.78816
2709,146,361,858,2197,854,2190,854,49.78816
2710,146,361,858,2197,854,2190,854,49.78816
2711,146,361,858,2197,854,2190,854,49.78816
2712,146,361,858,2197,854,2190,854,49.78816
2713,146,361,858,2197,854,2190,854,49.78816
2714,146,361,858,2197,854,2190,854,49.78816
2715,146,361,858,2197,854,2190,854,49.78816
2716,146,361,858,2197,854,2190,854,49.78816
2717,146,361,858,2197,854,2190,854,49.78816
2718,146,361,858,2197,854,2190,854,49.78816
2719,146,361,858,2197,854,2190,854,49.78816
2720,146,361,858,2197,854,2190,854,49.78816
2721,146,361,858,2197,854,2190,854,49.78816
2722,145,360,858,2197,855,2191,855,49.78816
2723,145,360,858,2197,855,2191,855,49.76184
2724,145,360,858,2197,855,2191,855,49.76184
2725,144,356,858,2197,856,2195,856,49.76184
2726,144,356,858,2197,856,2195,856,49.71901
2727,144,356,858,2197,856,2195,856,49.71901
2728,144,356,858,2197,856,2195,856,49.71901
2729,144,356,859,2201,856,2195,856,49.71901
2730,144,356,859,2201,856,2195,856,49.71901
2731,144,356,859,2201,856,2195,856,49.71901
2732,144,356,859,2201,856,2195,856,49.71901
2733,144,356,859,2201,856,2195,856,49.71901
2734,144,356,859,2201,856,2195,856,49.71901
2735,144,356,859,2201,856,2195,856,49.71901
2736,144,356,859,2201,856,2195,856,49.71901
2737,144,356,859,2201,856,2195,856,49.71901
2738,144,356,859,2201,856,2195,856,49.71901
2739,144,356,859,2201,856,2195,856,49.71901
2740,144,356,860,2204,856,2195,856,49.71901
2741,144,356,860,2204,856,2195,856,49.71901
2742,144,356,860,2204,856,2195,856,49.71901
2743,144,356,861,2206,856,2195,856,49.71901
2744,144,356,861,2206,856,2195,856,49.71901
2745,144,356,861,2206,856,2195,856,49.71901
2746,144,356,861,2206,856,2195,856,49.71901
2747,144,356,861,2206,856,2195,856,49.71901
2748,144,356,861,2206,856,2195,856,49.71901
2749,144,356,861,2206,856,2195,856,49.71901
2750,144,356,861,2206,856,2195,856,49.71901
2751,144,356,861,2206,856,2195,856,49.71901
2752,144,356,862,2207,856,2195,856,49.71901
2753,144,356,862,2207,856,2195,856,49.71901
2754,144,356,862,2207,856,2195,856,49.71901
2755,144,356,862,2207,856,2195,856,49.71901
2756,144,356,862,2207,856,2195,856,49.71901
2757,144,356,862,2207,856,2195,856,49.71901
2758,144,356,862,2207,856,2195,856,49.71901
2759,143,355,862,2207,857,2196,857,49.71901
2760,143,355,862,2207,857,2196,857,49.71377
2761,143,355,862,2207,857,2196,857,49.71377
2762,143,355,862,2207,857,2196,857,49.71377
2763,143,355,862,2207,857,2196,857,49.71377
2764,143,355,862,2207,857,2196,857,49.71377
2765,143,355,862,2207,857,2196,857,49.71377
2766,143,355,862,2207,857,2196,857,49.71377
2767,142,353,862,2207,858,2198,858,49.71377
2768,142,353,862,2207,858,2198,858,49.67554
2769,142,353,862,2207,858,2198,858,49.67554
2770,142,353,862,2207,858,2198,858,49.67554
2771,142,353,862,2207,858,2198,858,49.67554
2772,142,353,862,2207,858,2198,858,49.67554
2773,142,353,862,2207,858,2198,858,49.67554
2774,142,353,862,2207,858,2198,858,49.67554
2775,142,353,862,2207,858,2198,858,49.67554
2776,142,353,862,2207,858,2198,858,49.67554
2777,142,353,862,2207,858,2198,858,49.67554
2778,142,353,862,2207,858,2198,858,49.67554
2779,142,353,862,2207,858,2198,858,49.67554
2780,142,353,862,2207,858,2198,858,49.67554
2781,142,353,862,2207,858,2198,858,49.67554
2782,142,353,862,2207,858,2198,858,49.67554
2783,142,353,862,2207,858,2198,858,49.67554
2784,141,350,862,2207,859,2201,859,49.67554
2785,141,350,862,2207,859,2201,859,49.65823
2786,141,350,862,2207,859,2201,859,49.65823
2787,141,350,862,2207,859,2201,859,49.65823
2788,141,350,862,2207,859,2201,859,49.65823
2789,141,350,862,2207,859,2201,859,49.65823
2790,140,346,862,2207,860,2205,860,49.65823
2791,140,346,862,2207,860,2205,860,49.66513
2792,140,346,862,2207,860,2205,860,49.66513
2793,140,346,862,2207,860,2205,860,49.66513
2794,140,346,862,2207,860,2205,860,49.66513
2795,140,346,862,2207,860,2205,860,49.66513
2796,140,346,863,2210,860,2205,860,49.66513
2797,140,346,863,2210,860,2205,860,49.66513
2798,140,346,863,2210,860,2205,860,49.66513
2799,140,346,863,2210,860,2205,860,49.66513
2800,139,345,863,2210,861,2206,861,49.66513
2801,139,345,863,2210,861,2206,861,49.70965
2802,139,345,863,2210,861,2206,861,49.70965
2803,139,345,863,2210,861,2206,861,49.70965
2804,139,345,863,2210,861,2206,861,49.70965
2805,139,345,863,2210,861,2206,861,49.70965
2806,139,345,863,2210,861,2206,861,49.70965
2807,139,345,863,2210,861,2206,861,49.70965
2808,139,345,863,2210,861,2206,861,49.70965
2809,139,345,863,2210,861,2206,861,49.70965
2810,139,345,863,2210,861,2206,861,49.70965
2811,139,345,863,2210,861,2206,861,49.70965
2812,139,345,863,2210,861,2206,861,49.70965
2813,139,345,863,2210,861,2206,861,49.70965
2814,139,345,863,2210,861,2206,861,49.70965
2815,139,345,863,2210,861,2206,861,49.70965
2816,139,345,864,2212,861,2206,861,49.70965
2817,139,345,865,2214,861,2206,861,49.70965
2818,139,345,865,2214,861,2206,861,49.70965
2819,139,345,865,2214,861,2206,861,49.70965
2820,139,345,865,2214,861,2206,861,49.70965
2821,139,345,865,2214,861,2206,861,49.70965
2822,139,345,865,2214,861,2206,861,49.70965
2823,138,342,865,2214,862,2209,862,49.70965
2824,138,342,865,2214,862,2209,862,49.67962
2825,138,342,865,2214,862,2209,862,49.67962
2826,138,342,865,2214,862,2209,862,49.67962
2827,138,342,865,2214,862,2209,862,49.67962
2828,138,342,865,2214,862,2209,862,49.67962
2829,137,341,865,2214,863,2210,863,49.67962
2830,137,341,865,2214,863,2210,863,49.68525
2831,137,341,865,2214,863,2210,863,49.68525
2832,137,341,865,2214,863,2210,863,49.68525
2833,137,341,866,2219,863,2210,863,49.68525
2834,137,341,866,2219,863,2210,863,49.68525
2835,137,341,866,2219,863,2210,863,49.68525
2836,137,341,866,2219,863,2210,863,49.68525
2837,137,341,866,2219,863,2210,863,49.68525
2838,137,341,866,2219,863,2210,863,49.68525
2839,137,341,866,2219,863,2210,863,49.68525
2840,137,341,866,2219,863,2210,863,49.68525
2841,137,341,866,2219,863,2210,863,49.68525
2842,137,341,866,2219,863,2210,863,49.68525
2843,137,341,866,2219,863,2210,863,49.68525
2844,137,341,866,2219,863,2210,863,49.68525
2845,137,341,866,2219,863,2210,863,49.68525
2846,137,341,866,2219,863,2210,863,49.68525
2847,137,341,866,2219,863,2210,863,49.68525
2848,137,341,866,2219,863,2210,863,49.68525
2849,137,341,867,2224,863,2210,863,49.68525
2850,137,341,867,2224,863,2210,863,49.68525
2851,137,341,867,2224,863,2210,863,49.68525
2852,137,341,867,2224,863,2210,863,49.68525
2853,137,341,867,2224,863,2210,863,49.68525
2854,137,341,867,2224,863,2210,863,49.68525
2855,136,339,867,2224,864,2212,864,49.68525
2856,136,339,867,2224,864,2212,864,49.65984
2857,136,339,867,2224,864,2212,864,49.65984
2858,136,339,867,2224,864,2212,864,49.65984
2859,136,339,867,2224,864,2212,864,49.65984
2860,136,339,867,2224,864,2212,864,49.65984
2861,136,339,867,2224,864,2212,864,49.65984
2862,136,339,867,2224,864,2212,864,49.65984
2863,136,339,867,2224,864,2212,864,49.65984
2864,136,339,867,2224,864,2212,864,49.65984
2865,136,339,867,2224,864,2212,864,49.65984
2866,136,339,867,2224,864,2212,864,49.65984
2867,136,339,867,2224,864,2212,864,49.65984
2868,136,339,867,2224,864,2212,864,49.65984
2869,136,339,867,2224,864,2212,864,49.65984
2870,136,339,867,2224,864,2212,864,49.65984
2871,136,339,867,2224,864,2212,864,49.65984
2872,136,339,867,2224,864,2212,864,49.65984
2873,136,339,867,2224,864,2212,864,49.65984
2874,135,334,867,2224,865,2217,865,49.65984
2875,135,334,867,2224,865,2217,865,49.64974
2876,135,334,867,2224,865,2217,865,49.64974
2877,135,334,867,2224,865,2217,865,49.64974
2878,135,334,867,2224,865,2217,865,49.64974
2879,135,334,867,2224,865,2217,865,49.64974
2880,135,334,867,2224,865,2217,865,49.64974
2881,135,334,867,2224,865,2217,865,49.64974
2882,135,334,867,2224,865,2217,865,49.64974
2883,135,334,867,2224,865,2217,865,49.64974
2884,135,334,867,2224,865,2217,865,49.64974
2885,135,334,867,2224,865,2217,865,49.64974
2886,135,334,867,2224,865,2217,865,49.64974
2887,135,334,867,2224,865,2217,865,49.64974
2888,135,334,867,2224,865,2217,865,49.64974
2889,135,334,867,2224,865,2217,865,49.64974
2890,135,334,868,2227,865,2217,865,49.64974
2891,135,334,868,2227,865,2217,865,49.64974
2892,135,334,868,2227,865,2217,865,49.64974
2893,135,334,868,2227,865,2217,865,49.64974
2894,135,334,869,2232,865,2217,865,49.64974
2895,135,334,869,2232,865,2217,865,49.64974
2896,135,334,869,2232,865,2217,865,49.64974
2897,135,334,869,2232,865,2217,865,49.64974
2898,135,334,869,2232,865,2217,865,49.64974
2899,135,334,869,2232,865,2217,865,49.64974
2900,135,334,869,2232,865,2217,865,49.64974
2901,135,334,869,2232,865,2217,865,49.64974
2902,135,334,869,2232,865,2217,865,49.64974
2903,135,334,869,2232,865,2217,865,49.64974
2904,135,334,869,2232,865,2217,865,49.64974
2905,135,334,869,2232,865,2217,865,49.64974
2906,135,334,869,2232,865,2217,865,49.64974
2907,135,334,869,2232,865,2217,865,49.64974
2908,134,331,869,2232,866,2220,866,49.64974
2909,134,331,869,2232,866,2220,866,49.611
2910,134,331,869,2232,866,2220,866,49.611
2911,134,331,869,2232,866,2220,866,49.611
2912,134,331,869,2232,866,2220,866,49.611
2913,134,331,869,2232,866,2220,866,49.611
2914,134,331,869,2232,866,2220,866,49.611
2915,134,331,869,2232,866,2220,866,49.611
2916,134,331,869,2232,866,2220,866,49.611
2917,134,331,869,2232,866,2220,866,49.611
2918,134,331,869,2232,866,2220,866,49.611
2919,134,331,869,2232,866,2220,866,49.611
2920,134,331,869,2232,866,2220,866,49.611
2921,134,331,869,2232,866,2220,866,49.611
2922,134,331,869,2232,866,2220,866,49.611
2923,134,331,869,2232,866,2220,866,49.611
2924,134,331,869,2232,866,2220,866,49.611
2925,134,331,869,2232,866,2220,866,49.611
2926,134,331,869,2232,866,2220,866,49.611
2927,133,329,869,2232,867,2222,867,49.611
2928,132,324,869,2232,868,2227,868,49.681
2929,132,324,869,2232,868,2227,868,49.69439
2930,132,324,869,2232,868,2227,868,49.69439
2931,132,324,869,2232,868,2227,868,49.69439
2932,132,324,869,2232,868,2227,868,49.69439
2933,132,324,869,2232,868,2227,868,49.69439
2934,132,324,869,2232,868,2227,868,49.69439
2935,132,324,869,2232,868,2227,868,49.69439
2936,132,324,869,2232,868,2227,868,49.69439
2937,132,324,869,2232,868,2227,868,49.69439
2938,132,324,869,2232,868,2227,868,49.69439
2939,132,324,869,2232,868,2227,868,49.69439
2940,132,324,869,2232,868,2227,868,49.69439
2941,132,324,869,2232,868,2227,868,49.69439
2942,132,324,869,2232,868,2227,868,49.69439
2943,132,324,869,2232,868,2227,868,49.69439
2944,132,324,869,2232,868,2227,868,49.69439
2945,132,324,869,2232,868,2227,868,49.69439
2946,132,324,869,2232,868,2227,868,49.69439
2947,132,324,869,2232,868,2227,868,49.69439
2948,132,324,869,2232,868,2227,868,49.69439
2949,132,324,869,2232,868,2227,868,49.69439
2950,132,324,869,2232,868,2227,868,49.69439
2951,132,324,869,2232,868,2227,868,49.69439
2952,132,324,869,2232,868,2227,868,49.69439
2953,132,324,869,2232,868,2227,868,49.69439
2954,132,324,869,2232,868,2227,868,49.69439
2955,131,319,869,2232,869,2232,869,49.69439
2956,131,319,869,2232,869,2232,869,49.68764
2957,131,319,869,2232,869,2232,869,49.68764
2958,131,319,869,2232,869,2232,869,49.68764
2959,131,319,869,2232,869,2232,869,49.68764
2960,131,319,869,2232,869,2232,869,49.68764
2961,131,319,869,2232,869,2232,869,49.68764
2962,131,319,869,2232,869,2232,869,49.68764
2963,131,319,869,2232,869,2232,869,49.68764
2964,131,319,869,2232,869,2232,869,49.68764
2965,131,319,869,2232,869,2232,869,49.68764
2966,131,319,869,2232,869,2232,869,49.68764
2967,131,319,869,2232,869,2232,869,49.68764
2968,131,319,869,2232,869,2232,869,49.68764
2969,131,319,870,2234,869,2232,869,49.68764
2970,131,319,870,2234,869,2232,869,49.68764
2971,131,319,870,2234,869,2232,869,49.68764
2972,131,319,870,2234,869,2232,869,49.68764
2973,131,319,870,2234,869,2232,869,49.68764
2974,131,319,870,2234,869,2232,869,49.68764
2975,131,319,870,2234,869,2232,869,49.68764
2976,131,319,870,2234,869,2232,869,49.68764
2977,131,319,870,2234,869,2232,869,49.68764
2978,131,319,870,2234,869,2232,869,49.68764
2979,131,319,870,2234,869,2232,869,49.68764
2980,131,319,870,2234,869,2232,869,49.68764
2981,131,319,870,2234,869,2232,869,49.68764
2982,131,319,871,2238,869,2232,869,49.68764
2983,131,319,871,2238,869,2232,869,49.68764
2984,130,315,871,2238,870,2236,870,49.68764
2985,130,315,871,2238,870,2236,870,49.63233
2986,130,315,872,2242,870,2236,870,49.63233
2987,130,315,872,2242,870,2236,870,49.63233
2988,130,315,873,2244,870,2236,870,49.63233
2989,130,315,873,2244,870,2236,870,49.63233
2990,130,315,873,2244,870,2236,870,49.63233
2991,130,315,873,2244,870,2236,870,49.63233
2992,130,315,873,2244,870,2236,870,49.63233
2993,130,315,873,2244,870,2236,870,49.63233
2994,130,315,873,2244,870,2236,870,49.63233
2995,130,315,873,2244,870,2236,870,49.63233
2996,130,315,873,2244,870,2236,870,49.63233
2997,130,315,873,2244,870,2236,870,49.63233
2998,130,315,873,2244,870,2236,870,49.63233
2999,130,315,873,2244,870,2236,870,49.63233
3000,130,315,873,2244,870,2236,870,49.63233
3001,130,315,873,2244,870,2236,870,49.63233
3002,130,315,873,2244,870,2236,870,49.63233
3003,130,315,873,2244,870,2236,870,49.63233
3004,129,313,873,2244,871,2238,871,49.63233
3005,129,313,873,2244,871,2238,871,49.61312
3006,129,313,873,2244,871,2238,871,49.61312
3007,129,313,873,2244,871,2238,871,49.61312
3008,129,313,873,2244,871,2238,871,49.61312
3009,129,313,873,2244,871,2238,871,49.61312
3010,129,313,873,2244,871,2238,871,49.61312
3011,129,313,873,2244,871,2238,871,49.61312
3012,129,313,873,2244,871,2238,871,49.61312
3013,129,313,873,2244,871,2238,871,49.61312
3014,129,313,873,2244,871,2238,871,49.61312
3015,129,313,873,2244,871,2238,871,49.61312
3016,129,313,873,2244,871,2238,871,49.61312
3017,129,313,873,2244,871,2238,871,49.61312
3018,129,313,873,2244,871,2238,871,49.61312
3019,129,313,873,2244,871,2238,871,49.61312
3020,129,313,873,2244,871,2238,871,49.61312
3021,129,313,873,2244,871,2238,871,49.61312
3022,129,313,873,2244,871,2238,871,49.61312
3023,129,313,873,2244,871,2238,871,49.61312
3024,129,313,873,2244,871,2238,871,49.61312
3025,129,313,873,2244,871,2238,871,49.61312
3026,129,313,873,2244,871,2238,871,49.61312
3027,129,313,873,2244,871,2238,871,49.61312
3028,129,313,873,2244,871,2238,871,49.61312
3029,129,313,873,2244,871,2238,871,49.61312
3030,129,313,873,2244,871,2238,871,49.61312
3031,129,313,873,2244,871,2238,871,49.61312
3032,129,313,873,2244,871,2238,871,49.61312
3033,129,313,873,2244,871,2238,871,49.61312
3034,128,309,873,2244,872,2242,872,49.61312
3035,128,309,873,2244,872,2242,872,49.60418
3036,128,309,873,2244,872,2242,872,49.60418
3037,128,309,873,2244,872,2242,872,49.60418
3038,128,309,873,2244,872,2242,872,49.60418
3039,128,309,873,2244,872,2242,872,49.60418
3040,128,309,873,2244,872,2242,872,49.60418
3041,128,309,873,2244,872,2242,872,49.60418
3042,128,309,874,2245,872,2242,872,49.60418
3043,128,309,874,2245,872,2242,872,49.60418
3044,128,309,874,2245,872,2242,872,49.60418
3045,128,309,874,2245,872,2242,872,49.60418
3046,128,309,874,2245,872,2242,872,49.60418
3047,128,309,874,2245,872,2242,872,49.60418
3048,128,309,874,2245,872,2242,872,49.60418
3049,128,309,874,2245,872,2242,872,49.60418
3050,128,309,874,2245,872,2242,872,49.60418
3051,128,309,874,2245,872,2242,872,49.60418
3052,128,309,874,2245,872,2242,872,49.60418
3053,128,309,874,2245,872,2242,872,49.60418
3054,128,309,874,2245,872,2242,872,49.60418
3055,128,309,874,2245,872,2242,872,49.60418
3056,128,309,874,2245,872,2242,872,49.60418
3057,128,309,874,2245,872,2242,872,49.60418
3058,128,309,874,2245,872,2242,872,49.60418
3059,128,309,874,2245,872,2242,872,49.60418
3060,128,309,874,2245,872,2242,872,49.60418
3061,128,309,874,2245,872,2242,872,49.60418
3062,128,309,874,2245,872,2242,872,49.60418
3063,128,309,874,2245,872,2242,872,49.60418
3064,128,309,874,2245,872,2242,872,49.60418
3065,128,309,874,2245,872,2242,872,49.60418
3066,128,309,874,2245,872,2242,872,49.60418
3067,128,309,874,2245,872,2242,872,49.60418
3068,128,309,874,2245,872,2242,872,49.60418
3069,128,309,874,2245,872,2242,872,49.60418
3070,128,309,874,2245,872,2242,872,49.60418
3071,127,307,874,2245,873,2244,873,49.60418
3072,127,307,874,2245,873,2244,873,49.62045
3073,127,307,874,2245,873,2244,873,49.62045
3074,127,307,874,2245,873,2244,873,49.62045
3075,127,307,874,2245,873,2244,873,49.62045
3076,127,307,874,2245,873,2244,873,49.62045
3077,127,307,874,2245,873,2244,873,49.62045
3078,127,307,874,2245,873,2244,873,49.62045
3079,127,307,874,2245,873,2244,873,49.62045
3080,127,307,874,2245,873,2244,873,49.62045
3081,127,307,874,2245,873,2244,873,49.62045
3082,127,307,874,2245,873,2244,873,49.62045
3083,127,307,874,2245,873,2244,873,49.62045
3084,127,307,874,2245,873,2244,873,49.62045
3085,127,307,874,2245,873,2244,873,49.62045
3086,127,307,874,2245,873,2244,873,49.62045
3087,127,307,874,2245,873,2244,873,49.62045
3088,127,307,874,2245,873,2244,873,49.62045
3089,126,306,874,2245,874,2245,874,49.62045
3090,126,306,874,2245,874,2245,874,49.61263
3091,126,306,874,2245,874,2245,874,49.61263
3092,126,306,874,2245,874,2245,874,49.61263
3093,126,306,874,2245,874,2245,874,49.61263
3094,126,306,874,2245,874,2245,874,49.61263
3095,126,306,874,2245,874,2245,874,49.61263
3096,126,306,874,2245,874,2245,874,49.61263
3097,126,306,874,2245,874,2245,874,49.61263
3098,126,306,874,2245,874,2245,874,49.61263
3099,126,306,874,2245,874,2245,874,49.61263
3100,126,306,875,2247,874,2245,874,49.61263
3101,126,306,875,2247,874,2245,874,49.61263
3102,126,306,875,2247,874,2245,874,49.61263
3103,126,306,875,2247,874,2245,874,49.61263
3104,126,306,875,2247,874,2245,874,49.61263
3105,126,306,875,2247,874,2245,874,49.61263
3106,126,306,875,2247,874,2245,874,49.61263
3107,126,306,875,2247,874,2245,874,49.61263
3108,126,306,875,2247,874,2245,874,49.61263
3109,126,306,875,2247,874,2245,874,49.61263
3110,126,306,875,2247,874,2245,874,49.61263
3111,126,306,875,2247,874,2245,874,49.61263
3112,126,306,875,2247,874,2245,874,49.61263
3113,126,306,875,2247,874,2245,874,49.61263
3114,126,306,875,2247,874,2245,874,49.61263
3115,126,306,875,2247,874,2245,874,49.61263
3116,126,306,875,2247,874,2245,874,49.61263
3117,126,306,875,2247,874,2245,874,49.61263
3118,126,306,875,2247,874,2245,874,49.61263
3119,126,306,875,2247,874,2245,874,49.61263
3120,126,306,875,2247,874,2245,874,49.61263
3121,126,306,875,2247,874,2245,874,49.61263
3122,126,306,875,2247,874,2245,874,49.61263
3123,126,306,875,2247,874,2245,874,49.61263
3124,126,306,875,2247,874,2245,874,49.61263
3125,126,306,875,2247,874,2245,874,49.61263
3126,126,306,875,2247,874,2245,874,49.61263
3127,126,306,875,2247,874,2245,874,49.61263
3128,126,306,875,2247,874,2245,874,49.61263
3129,126,306,875,2247,874,2245,874,49.61263
3130,126,306,875,2247,874,2245,874,49.61263
3131,126,306,875,2247,874,2245,874,49.61263
3132,126,306,875,2247,874,2245,874,49.61263
3133,126,306,875,2247,874,2245,874,49.61263
3134,126,306,875,2247,874,2245,874,49.61263
3135,126,306,875,2247,874,2245,874,49.61263
3136,126,306,875,2247,874,2245,874,49.61263
3137,126,306,875,2247,874,2245,874,49.61263
3138,126,306,875,2247,874,2245,874,49.61263
3139,126,306,875,2247,874,2245,874,49.61263
3140,126,306,875,2247,874,2245,874,49.61263
3141,126,306,875,2247,874,2245,874,49.61263
3142,126,306,875,2247,874,2245,874,49.61263
3143,126,306,875,2247,874,2245,874,49.61263
3144,126,306,875,2247,874,2245,874,49.61263
3145,126,306,875,2247,874,2245,874,49.61263
3146,126,306,875,2247,874,2245,874,49.61263
3147,126,306,875,2247,874,2245,874,49.61263
3148,126,306,875,2247,874,2245,874,49.61263
3149,126,306,875,2247,874,2245,874,49.61263
3150,126,306,875,2247,874,2245,874,49.61263
3151,126,306,875,2247,874,2245,874,49.61263
3152,126,306,875,2247,874,2245,874,49.61263
3153,126,306,875,2247,874,2245,874,49.61263
3154,126,306,875,2247,874,2245,874,49.61263
3155,126,306,875,2247,874,2245,874,49.61263
3156,126,306,875,2247,874,2245,874,49.61263
3157,126,306,875,2247,874,2245,874,49.61263
3158,126,306,875,2247,874,2245,874,49.61263
3159,126,306,875,2247,874,2245,874,49.61263
3160,126,306,875,2247,874,2245,874,49.61263
3161,126,306,875,2247,874,2245,874,49.61263
3162,126,306,875,2247,874,2245,874,49.61263
3163,126,306,875,2247,874,2245,874,49.61263
3164,125,304,875,2247,875,2247,875,49.61263
3165,125,304,875,2247,875,2247,875,49.62032
3166,125,304,875,2247,875,2247,875,49.62032
3167,125,304,875,2247,875,2247,875,49.62032
3168,125,304,875,2247,875,2247,875,49.62032
3169,125,304,875,2247,875,2247,875,49.62032
3170,125,304,875,2247,875,2247,875,49.62032
3171,125,304,875,2247,875,2247,875,49.62032
3172,125,304,875,2247,875,2247,875,49.62032
3173,125,304,875,2247,875,2247,875,49.62032
3174,125,304,875,2247,875,2247,875,49.62032
3175,125,304,875,2247,875,2247,875,49.62032
3176,125,304,875,2247,875,2247,875,49.62032
3177,125,304,876,2248,875,2247,875,49.62032
3178,125,304,876,2248,875,2247,875,49.62032
3179,125,304,876,2248,875,2247,875,49.62032
3180,125,304,876,2248,875,2247,875,49.62032
3181,125,304,876,2248,875,2247,875,49.62032
3182,125,304,876,2248,875,2247,875,49.62032
3183,125,304,876,2248,875,2247,875,49.62032
3184,125,304,876,2248,875,2247,875,49.62032
3185,125,304,876,2248,875,2247,875,49.62032
3186,125,304,876,2248,875,2247,875,49.62032
3187,125,304,876,2248,875,2247,875,49.62032
3188,125,304,876,2248,875,2247,875,49.62032
3189,125,304,876,2248,875,2247,875,49.62032
3190,125,304,876,2248,875,2247,875,49.62032
3191,125,304,876,2248,875,2247,875,49.62032
3192,125,304,876,2248,875,2247,875,49.62032
3193,125,304,876,2248,875,2247,875,49.62032
3194,125,304,876,2248,875,2247,875,49.62032
3195,125,304,876,2248,875,2247,875,49.62032
3196,125,304,876,2248,875,2247,875,49.62032
3197,125,304,876,2248,875,2247,875,49.62032
3198,125,304,876,2248,875,2247,875,49.62032
3199,125,304,876,2248,875,2247,875,49.62032
3200,125,304,876,2248,875,2247,875,49.62032
3201,125,304,876,2248,875,2247,875,49.62032
3202,125,304,876,2248,875,2247,875,49.62032
3203,125,304,876,2248,875,2247,875,49.62032
3204,125,304,876,2248,875,2247,875,49.62032
3205,125,304,876,2248,875,2247,875,49.62032
3206,125,304,876,2248,875,2247,875,49.62032
3207,125,304,876,2248,875,2247,875,49.62032
3208,125,304,876,2248,875,2247,875,49.62032
3209,125,304,876,2248,875,2247,875,49.62032
3210,125,304,876,2248,875,2247,875,49.62032
3211,125,304,876,2248,875,2247,875,49.62032
3212,125,304,876,2248,875,2247,875,49.62032
3213,125,304,876,2248,875,2247,875,49.62032
3214,125,304,876,2248,875,2247,875,49.62032
3215,125,304,876,2248,875,2247,875,49.62032
3216,125,304,876,2248,875,2247,875,49.62032
3217,125,304,876,2248,875,2247,875,49.62032
3218,125,304,876,2248,875,2247,875,49.62032
3219,125,304,876,2248,875,2247,875,49.62032
3220,125,304,876,2248,875,2247,875,49.62032
3221,125,304,876,2248,875,2247,875,49.62032
3222,125,304,876,2248,875,2247,875,49.62032
3223,125,304,876,2248,875,2247,875,49.62032
3224,125,304,876,2248,875,2247,875,49.62032
3225,124,303,876,2248,876,2248,876,49.62032
3226,124,303,876,2248,876,2248,876,49.61082
3227,124,303,876,2248,876,2248,876,49.61082
3228,124,303,876,2248,876,2248,876,49.61082
3229,124,303,876,2248,876,2248,876,49.61082
3230,124,303,876,2248,876,2248,876,49.61082
3231,124,303,876,2248,876,2248,876,49.61082
3232,124,303,876,2248,876,2248,876,49.61082
3233,124,303,876,2248,876,2248,876,49.61082
3234,124,303,876,2248,876,2248,876,49.61082
3235,124,303,876,2248,876,2248,876,49.61082
3236,124,303,876,2248,876,2248,876,49.61082
3237,124,303,876,2248,876,2248,876,49.61082
3238,124,303,876,2248,876,2248,876,49.61082
3239,124,303,876,2248,876,2248,876,49.61082
3240,124,303,876,2248,876,2248,876,49.61082
3241,124,303,876,2248,876,2248,876,49.61082
3242,124,303,876,2248,876,2248,876,49.61082
3243,124,303,876,2248,876,2248,876,49.61082
3244,124,303,876,2248,876,2248,876,49.61082
3245,124,303,876,2248,876,2248,876,49.61082
3246,124,303,876,2248,876,2248,876,49.61082
3247,124,303,876,2248,876,2248,876,49.61082
3248,124,303,876,2248,876,2248,876,49.61082
3249,124,303,876,2248,876,2248,876,49.61082
3250,124,303,876,2248,876,2248,876,49.61082
3251,124,303,876,2248,876,2248,876,49.61082
3252,124,303,876,2248,876,2248,876,49.61082
3253,124,303,876,2248,876,2248,876,49.61082
3254,124,303,876,2248,876,2248,876,49.61082
3255,124,303,877,2251,876,2248,876,49.61082
3256,124,303,877,2251,876,2248,876,49.61082
3257,124,303,877,2251,876,2248,876,49.61082
3258,124,303,877,2251,876,2248,876,49.61082
3259,124,303,877,2251,876,2248,876,49.61082
3260,124,303,877,2251,876,2248,876,49.61082
3261,124,303,877,2251,876,2248,876,49.61082
3262,124,303,877,2251,876,2248,876,49.61082
3263,124,303,877,2251,876,2248,876,49.61082
3264,124,303,877,2251,876,2248,876,49.61082
3265,124,303,877,2251,876,2248,876,49.61082
3266,124,303,877,2251,876,2248,876,49.61082
3267,124,303,877,2251,876,2248,876,49.61082
3268,124,303,877,2251,876,2248,876,49.61082
3269,124,303,877,2251,876,2248,876,49.61082
3270,124,303,877,2251,876,2248,876,49.61082
3271,124,303,877,2251,876,2248,876,49.61082
3272,124,303,877,2251,876,2248,876,49.61082
3273,124,303,877,2251,876,2248,876,49.61082
3274,124,303,877,2251,876,2248,876,49.61082
3275,124,303,877,2251,876,2248,876,49.61082
3276,124,303,877,2251,876,2248,876,49.61082
3277,124,303,877,2251,876,2248,876,49.61082
3278,124,303,877,2251,876,2248,876,49.61082
3279,124,303,877,2251,876,2248,876,49.61082
3280,124,303,877,2251,876,2248,876,49.61082
3281,124,303,877,2251,876,2248,876,49.61082
3282,124,303,877,2251,876,2248,876,49.61082
3283,124,303,877,2251,876,2248,876,49.61082
3284,124,303,877,2251,876,2248,876,49.61082
3285,124,303,877,2251,876,2248,876,49.61082
3286,124,303,877,2251,876,2248,876,49.61082
3287,124,303,877,2251,876,2248,876,49.61082
3288,124,303,877,2251,876,2248,876,49.61082
3289,124,303,877,2251,876,2248,876,49.61082
3290,124,303,877,2251,876,2248,876,49.61082
3291,124,303,877,2251,876,2248,876,49.61082
3292,124,303,877,2251,876,2248,876,49.61082
3293,124,303,877,2251,876,2248,876,49.61082
3294,124,303,877,2251,876,2248,876,49.61082
3295,124,303,877,2251,876,2248,876,49.61082
3296,124,303,877,2251,876,2248,876,49.61082
3297,124,303,877,2251,876,2248,876,49.61082
3298,124,303,877,2251,876,2248,876,49.61082
3299,124,303,877,2251,876,2248,876,49.61082
3300,124,303,877,2251,876,2248,876,49.61082
3301,124,303,877,2251,876,2248,876,49.61082
3302,124,303,877,2251,876,2248,876,49.61082
3303,124,303,877,2251,876,2248,876,49.61082
3304,124,303,877,2251,876,2248,876,49.61082
3305,124,303,877,2251,876,2248,876,49.61082
3306,124,303,877,2251,876,2248,876,49.61082
3307,124,303,877,2251,876,2248,876,49.61082
3308,124,303,877,2251,876,2248,876,49.61082
3309,124,303,877,2251,876,2248,876,49.61082
3310,124,303,877,2251,876,2248,876,49.61082
3311,124,303,877,2251,876,2248,876,49.61082
3312,124,303,877,2251,876,2248,876,49.61082
3313,124,303,877,2251,876,2248,876,49.61082
3314,124,303,877,2251,876,2248,876,49.61082
3315,124,303,877,2251,876,2248,876,49.61082
3316,124,303,877,2251,876,2248,876,49.61082
3317,124,303,877,2251,876,2248,876,49.61082
3318,124,303,877,2251,876,2248,876,49.61082
3319,124,303,878,2252,876,2248,876,49.61082
3320,124,303,878,2252,876,2248,876,49.61082
3321,124,303,878,2252,876,2248,876,49.61082
3322,124,303,878,2252,876,2248,876,49.61082
3323,124,303,878,2252,876,2248,876,49.61082
3324,124,303,878,2252,876,2248,876,49.61082
3325,124,303,878,2252,876,2248,876,49.61082
3326,124,303,878,2252,876,2248,876,49.61082
3327,124,303,878,2252,876,2248,876,49.61082
3328,124,303,878,2252,876,2248,876,49.61082
3329,124,303,878,2252,876,2248,876,49.61082
3330,124,303,878,2252,876,2248,876,49.61082
3331,124,303,878,2252,876,2248,876,49.61082
3332,124,303,878,2252,876,2248,876,49.61082
3333,124,303,878,2252,876,2248,876,49.61082
3334,124,303,878,2252,876,2248,876,49.61082
3335,124,303,878,2252,876,2248,876,49.61082
3336,124,303,878,2252,876,2248,876,49.61082
3337,124,303,878,2252,876,2248,876,49.61082
3338,124,303,878,2252,876,2248,876,49.61082
3339,124,303,878,2252,876,2248,876,49.61082
3340,124,303,879,2255,876,2248,876,49.61082
3341,124,303,879,2255,876,2248,876,49.61082
3342,124,303,879,2255,876,2248,876,49.61082
3343,124,303,879,2255,876,2248,876,49.61082
3344,124,303,879,2255,876,2248,876,49.61082
3345,124,303,879,2255,876,2248,876,49.61082
3346,124,303,879,2255,876,2248,876,49.61082
3347,124,303,879,2255,876,2248,876,49.61082
3348,124,303,879,2255,876,2248,876,49.61082
3349,124,303,879,2255,876,2248,876,49.61082
3350,124,303,879,2255,876,2248,876,49.61082
3351,124,303,879,2255,876,2248,876,49.61082
3352,124,303,879,2255,876,2248,876,49.61082
3353,124,303,879,2255,876,2248,876,49.61082
3354,124,303,879,2255,876,2248,876,49.61082
3355,124,303,879,2255,876,2248,876,49.61082
3356,124,303,879,2255,876,2248,876,49.61082
3357,124,303,879,2255,876,2248,876,49.61082
3358,124,303,879,2255,876,2248,876,49.61082
3359,124,303,879,2255,876,2248,876,49.61082
3360,124,303,879,2255,876,2248,876,49.61082
3361,124,303,879,2255,876,2248,876,49.61082
3362,124,303,879,2255,876,2248,876,49.61082
3363,124,303,879,2255,876,2248,876,49.61082
3364,124,303,879,2255,876,2248,876,49.61082
3365,124,303,879,2255,876,2248,876,49.61082
3366,124,303,879,2255,876,2248,876,49.61082
3367,124,303,879,2255,876,2248,876,49.61082
3368,124,303,879,2255,876,2248,876,49.61082
3369,124,303,879,2255,876,2248,876,49.61082
3370,124,303,879,2255,876,2248,876,49.61082
3371,124,303,879,2255,876,2248,876,49.61082
3372,124,303,879,2255,876,2248,876,49.61082
3373,124,303,879,2255,876,2248,876,49.61082
3374,124,303,879,2255,876,2248,876,49.61082
3375,124,303,879,2255,876,2248,876,49.61082
3376,124,303,880,2257,876,2248,876,49.61082
3377,124,303,880,2257,876,2248,876,49.61082
3378,124,303,880,2257,876,2248,876,49.61082
3379,124,303,880,2257,876,2248,876,49.61082
3380,123,300,880,2257,877,2251,877,49.61082
3381,123,300,880,2257,877,2251,877,49.66294
3382,123,300,880,2257,877,2251,877,49.66294
3383,123,300,880,2257,877,2251,877,49.66294
3384,123,300,880,2257,877,2251,877,49.66294
3385,123,300,880,2257,877,2251,877,49.66294
3386,123,300,880,2257,877,2251,877,49.66294
3387,123,300,880,2257,877,2251,877,49.66294
3388,123,300,880,2257,877,2251,877,49.66294
3389,123,300,880,2257,877,2251,877,49.66294
3390,123,300,880,2257,877,2251,877,49.66294
3391,123,300,880,2257,877,2251,877,49.66294
3392,123,300,880,2257,877,2251,877,49.66294
3393,123,300,880,2257,877,2251,877,49.66294
3394,123,300,880,2257,877,2251,877,49.66294
3395,123,300,880,2257,877,2251,877,49.66294
3396,123,300,881,2258,877,2251,877,49.66294
3397,123,300,881,2258,877,2251,877,49.66294
3398,123,300,881,2258,877,2251,877,49.66294
3399,123,300,881,2258,877,2251,877,49.66294
3400,123,300,881,2258,877,2251,877,49.66294
3401,123,300,882,2263,877,2251,877,49.66294
3402,123,300,882,2263,877,2251,877,49.66294
3403,123,300,882,2263,877,2251,877,49.66294
3404,123,300,882,2263,877,2251,877,49.66294
3405,123,300,882,2263,877,2251,877,49.66294
3406,123,300,882,2263,877,2251,877,49.66294
3407,123,300,882,2263,877,2251,877,49.66294
3408,123,300,882,2263,877,2251,877,49.66294
3409,123,300,882,2263,877,2251,877,49.66294
3410,123,300,883,2264,877,2251,877,49.66294
3411,123,300,884,2268,877,2251,877,49.66294
3412,123,300,884,2268,877,2251,877,49.66294
3413,123,300,884,2268,877,2251,877,49.66294
3414,123,300,884,2268,877,2251,877,49.66294
3415,123,300,884,2268,877,2251,877,49.66294
3416,123,300,884,2268,877,2251,877,49.66294
3417,121,298,884,2268,879,2253,879,49.66294
3418,121,298,884,2268,879,2253,879,49.66409
3419,121,298,884,2268,879,2253,879,49.66409
3420,121,298,884,2268,879,2253,879,49.66409
3421,121,298,884,2268,879,2253,879,49.66409
3422,121,298,884,2268,879,2253,879,49.66409
3423,121,298,884,2268,879,2253,879,49.66409
3424,121,298,884,2268,879,2253,879,49.66409
3425,121,298,884,2268,879,2253,879,49.66409
3426,121,298,884,2268,879,2253,879,49.66409
3427,120,295,884,2268,880,2256,880,49.66409
3428,120,295,884,2268,880,2256,880,49.69845
3429,120,295,884,2268,880,2256,880,49.69845
3430,120,295,884,2268,880,2256,880,49.69845
3431,120,295,884,2268,880,2256,880,49.69845
3432,120,295,884,2268,880,2256,880,49.69845
3433,120,295,884,2268,880,2256,880,49.69845
3434,120,295,884,2268,880,2256,880,49.69845
3435,120,295,884,2268,880,2256,880,49.69845
3436,120,295,884,2268,880,2256,880,49.69845
3437,120,295,884,2268,880,2256,880,49.69845
3438,120,295,884,2268,880,2256,880,49.69845
3439,120,295,884,2268,880,2256,880,49.69845
3440,120,295,884,2268,880,2256,880,49.69845
3441,120,295,884,2268,880,2256,880,49.69845
3442,120,295,884,2268,880,2256,880,49.69845
3443,120,295,884,2268,880,2256,880,49.69845
3444,120,295,884,2268,880,2256,880,49.69845
3445,120,295,885,2269,880,2256,880,49.69845
3446,120,295,885,2269,880,2256,880,49.69845
3447,119,293,886,2271,881,2258,881,49.69845
3448,119,293,886,2271,881,2258,881,49.70682
3449,119,293,886,2271,881,2258,881,49.70682
3450,119,293,886,2271,881,2258,881,49.70682
3451,119,293,886,2271,881,2258,881,49.70682
3452,119,293,886,2271,881,2258,881,49.70682
3453,119,293,886,2271,881,2258,881,49.70682
3454,119,293,887,2273,881,2258,881,49.70682
3455,119,293,887,2273,881,2258,881,49.70682
3456,119,293,887,2273,881,2258,881,49.70682
3457,118,291,887,2273,882,2260,882,49.70682
3458,118,291,887,2273,882,2260,882,49.66124
3459,118,291,887,2273,882,2260,882,49.66124
3460,118,291,887,2273,882,2260,882,49.66124
3461,118,291,887,2273,882,2260,882,49.66124
3462,118,291,887,2273,882,2260,882,49.66124
3463,118,291,887,2273,882,2260,882,49.66124
3464,117,290,887,2273,883,2261,883,49.66124
3465,117,290,887,2273,883,2261,883,49.64779
3466,117,290,887,2273,883,2261,883,49.64779
3467,117,290,887,2273,883,2261,883,49.64779
3468,115,285,887,2273,885,2266,885,49.64779
3469,115,285,887,2273,885,2266,885,49.61176
3470,115,285,887,2273,885,2266,885,49.61176
3471,115,285,887,2273,885,2266,885,49.61176
3472,115,285,887,2273,885,2266,885,49.61176
3473,115,285,887,2273,885,2266,885,49.61176
3474,115,285,887,2273,885,2266,885,49.61176
3475,115,285,887,2273,885,2266,885,49.61176
3476,115,285,887,2273,885,2266,885,49.61176
3477,115,285,887,2273,885,2266,885,49.61176
3478,115,285,887,2273,885,2266,885,49.61176
3479,115,285,887,2273,885,2266,885,49.61176
3480,115,285,887,2273,885,2266,885,49.61176
3481,115,285,887,2273,885,2266,885,49.61176
3482,115,285,887,2273,885,2266,885,49.61176
3483,115,285,887,2273,885,2266,885,49.61176
3484,115,285,887,2273,885,2266,885,49.61176
3485,115,285,887,2273,885,2266,885,49.61176
3486,115,285,887,2273,885,2266,885,49.61176
3487,115,285,887,2273,885,2266,885,49.61176
3488,115,285,887,2273,885,2266,885,49.61176
3489,115,285,888,2277,885,2266,885,49.61176
3490,115,285,888,2277,885,2266,885,49.61176
3491,115,285,888,2277,885,2266,885,49.61176
3492,115,285,889,2280,885,2266,885,49.61176
3493,115,285,889,2280,885,2266,885,49.61176
3494,115,285,889,2280,885,2266,885,49.61176
3495,115,285,889,2280,885,2266,885,49.61176
3496,115,285,889,2280,885,2266,885,49.61176
3497,115,285,889,2280,885,2266,885,49.61176
3498,115,285,889,2280,885,2266,885,49.61176
3499,115,285,889,2280,885,2266,885,49.61176
3500,115,285,889,2280,885,2266,885,49.61176
3501,115,285,889,2280,885,2266,885,49.61176
3502,115,285,889,2280,885,2266,885,49.61176
3503,114,283,889,2280,886,2268,886,49.61176
3504,114,283,889,2280,886,2268,886,49.59597
3505,114,283,890,2282,886,2268,886,49.59597
3506,114,283,890,2282,886,2268,886,49.59597
3507,114,283,890,2282,886,2268,886,49.59597
3508,114,283,890,2282,886,2268,886,49.59597
3509,114,283,890,2282,886,2268,886,49.59597
3510,114,283,890,2282,886,2268,886,49.59597
3511,114,283,890,2282,886,2268,886,49.59597
3512,114,283,890,2282,886,2268,886,49.59597
3513,114,283,890,2282,886,2268,886,49.59597
3514,114,283,890,2282,886,2268,886,49.59597
3515,114,283,890,2282,886,2268,886,49.59597
3516,114,283,890,2282,886,2268,886,49.59597
3517,114,283,890,2282,886,2268,886,49.59597
3518,114,283,890,2282,886,2268,886,49.59597
3519,114,283,890,2282,886,2268,886,49.59597
3520,114,283,890,2282,886,2268,886,49.59597
3521,114,283,890,2282,886,2268,886,49.59597
3522,114,283,890,2282,886,2268,886,49.59597
3523,114,283,890,2282,886,2268,886,49.59597
3524,113,278,890,2282,887,2273,887,49.59597
3525,113,278,890,2282,887,2273,887,49.67389
3526,113,278,890,2282,887,2273,887,49.67389
3527,113,278,890,2282,887,2273,887,49.67389
3528,113,278,890,2282,887,2273,887,49.67389
3529,113,278,890,2282,887,2273,887,49.67389
3530,113,278,890,2282,887,2273,887,49.67389
3531,113,278,890,2282,887,2273,887,49.67389
3532,113,278,890,2282,887,2273,887,49.67389
3533,113,278,890,2282,887,2273,887,49.67389
3534,113,278,890,2282,887,2273,887,49.67389
3535,113,278,890,2282,887,2273,887,49.67389
3536,113,278,891,2284,887,2273,887,49.67389
3537,113,278,891,2284,887,2273,887,49.67389
3538,113,278,892,2287,887,2273,887,49.67389
3539,112,274,892,2287,888,2277,888,49.67389
3540,112,274,892,2287,888,2277,888,49.66868
3541,112,274,893,2289,888,2277,888,49.66868
3542,112,274,894,2290,888,2277,888,49.66868
3543,112,274,894,2290,888,2277,888,49.66868
3544,112,274,894,2290,888,2277,888,49.66868
3545,111,272,894,2290,889,2279,889,49.66868
3546,110,270,894,2290,890,2281,890,49.65299
3547,110,270,894,2290,890,2281,890,49.60246
3548,110,270,894,2290,890,2281,890,49.60246
3549,110,270,894,2290,890,2281,890,49.60246
3550,110,270,894,2290,890,2281,890,49.60246
3551,110,270,894,2290,890,2281,890,49.60246
3552,110,270,894,2290,890,2281,890,49.60246
3553,110,270,894,2290,890,2281,890,49.60246
3554,110,270,894,2290,890,2281,890,49.60246
3555,110,270,894,2290,890,2281,890,49.60246
3556,110,270,894,2290,890,2281,890,49.60246
3557,110,270,894,2290,890,2281,890,49.60246
3558,110,270,894,2290,890,2281,890,49.60246
3559,110,270,894,2290,890,2281,890,49.60246
3560,110,270,894,2290,890,2281,890,49.60246
3561,110,270,894,2290,890,2281,890,49.60246
3562,110,270,894,2290,890,2281,890,49.60246
3563,110,270,894,2290,890,2281,890,49.60246
3564,110,270,894,2290,890,2281,890,49.60246
3565,110,270,894,2290,890,2281,890,49.60246
3566,110,270,894,2290,890,2281,890,49.60246
3567,110,270,894,2290,890,2281,890,49.60246
3568,110,270,894,2290,890,2281,890,49.60246
3569,110,270,894,2290,890,2281,890,49.60246
3570,110,270,894,2290,890,2281,890,49.60246
3571,110,270,894,2290,890,2281,890,49.60246
3572,110,270,894,2290,890,2281,890,49.60246
3573,110,270,894,2290,890,2281,890,49.60246
3574,110,270,894,2290,890,2281,890,49.60246
3575,110,270,894,2290,890,2281,890,49.60246
3576,110,270,894,2290,890,2281,890,49.60246
3577,110,270,894,2290,890,2281,890,49.60246
3578,110,270,894,2290,890,2281,890,49.60246
3579,110,270,894,2290,890,2281,890,49.60246
3580,110,270,894,2290,890,2281,890,49.60246
3581,110,270,894,2290,890,2281,890,49.60246
3582,110,270,894,2290,890,2281,890,49.60246
3583,110,270,894,2290,890,2281,890,49.60246
3584,110,270,894,2290,890,2281,890,49.60246
3585,110,270,894,2290,890,2281,890,49.60246
3586,110,270,895,2291,890,2281,890,49.60246
3587,109,267,895,2291,891,2284,891,49.60246
3588,109,267,895,2291,891,2284,891,49.60029
3589,109,267,895,2291,891,2284,891,49.60029
3590,109,267,895,2291,891,2284,891,49.60029
3591,109,267,895,2291,891,2284,891,49.60029
3592,109,267,895,2291,891,2284,891,49.60029
3593,109,267,895,2291,891,2284,891,49.60029
3594,109,267,895,2291,891,2284,891,49.60029
3595,109,267,895,2291,891,2284,891,49.60029
3596,109,267,895,2291,891,2284,891,49.60029
3597,109,267,895,2291,891,2284,891,49.60029
3598,109,267,895,2291,891,2284,891,49.60029
3599,109,267,895,2291,891,2284,891,49.60029
3600,108,264,895,2291,892,2287,892,49.60029
3601,108,264,895,2291,892,2287,892,49.63515
3602,108,264,895,2291,892,2287,892,49.63515
3603,108,264,895,2291,892,2287,892,49.63515
3604,108,264,895,2291,892,2287,892,49.63515
3605,108,264,895,2291,892,2287,892,49.63515
3606,108,264,895,2291,892,2287,892,49.63515
3607,108,264,895,2291,892,2287,892,49.63515
3608,108,264,895,2291,892,2287,892,49.63515
3609,108,264,895,2291,892,2287,892,49.63515
3610,108,264,896,2294,892,2287,892,49.63515
3611,107,262,896,2294,893,2289,893,49.63515
3612,107,262,896,2294,893,2289,893,49.65295
3613,107,262,896,2294,893,2289,893,49.65295
3614,106,261,896,2294,894,2290,894,49.65295
3615,106,261,896,2294,894,2290,894,49.6258
3616,106,261,896,2294,894,2290,894,49.6258
3617,106,261,896,2294,894,2290,894,49.6258
3618,106,261,896,2294,894,2290,894,49.6258
3619,106,261,896,2294,894,2290,894,49.6258
3620,106,261,896,2294,894,2290,894,49.6258
3621,106,261,896,2294,894,2290,894,49.6258
3622,106,261,896,2294,894,2290,894,49.6258
3623,106,261,896,2294,894,2290,894,49.6258
3624,105,260,896,2294,895,2291,895,49.6258
3625,105,260,896,2294,895,2291,895,49.64862
3626,105,260,896,2294,895,2291,895,49.64862
3627,105,260,896,2294,895,2291,895,49.64862
3628,105,260,896,2294,895,2291,895,49.64862
3629,105,260,896,2294,895,2291,895,49.64862
3630,105,260,897,2295,895,2291,895,49.64862
3631,105,260,897,2295,895,2291,895,49.64862
3632,105,260,897,2295,895,2291,895,49.64862
3633,105,260,897,2295,895,2291,895,49.64862
3634,105,260,897,2295,895,2291,895,49.64862
3635,105,260,897,2295,895,2291,895,49.64862
3636,105,260,897,2295,895,2291,895,49.64862
3637,105,260,897,2295,895,2291,895,49.64862
3638,105,260,897,2295,895,2291,895,49.64862
3639,105,260,897,2295,895,2291,895,49.64862
3640,105,260,897,2295,895,2291,895,49.64862
3641,105,260,897,2295,895,2291,895,49.64862
3642,105,260,897,2295,895,2291,895,49.64862
3643,105,260,897,2295,895,2291,895,49.64862
3644,105,260,897,2295,895,2291,895,49.64862
3645,105,260,897,2295,895,2291,895,49.64862
3646,105,260,897,2295,895,2291,895,49.64862
3647,105,260,897,2295,895,2291,895,49.64862
3648,105,260,897,2295,895,2291,895,49.64862
3649,105,260,897,2295,895,2291,895,49.64862
3650,105,260,897,2295,895,2291,895,49.64862
3651,105,260,897,2295,895,2291,895,49.64862
3652,105,260,897,2295,895,2291,895,49.64862
3653,105,260,897,2295,895,2291,895,49.64862
3654,105,260,897,2295,895,2291,895,49.64862
3655,105,260,897,2295,895,2291,895,49.64862
3656,105,260,897,2295,895,2291,895,49.64862
3657,105,260,897,2295,895,2291,895,49.64862
3658,105,260,897,2295,895,2291,895,49.64862
3659,105,260,897,2295,895,2291,895,49.64862
3660,105,260,897,2295,895,2291,895,49.64862
3661,105,260,897,2295,895,2291,895,49.64862
3662,105,260,897,2295,895,2291,895,49.64862
3663,105,260,897,2295,895,2291,895,49.64862
3664,105,260,897,2295,895,2291,895,49.64862
3665,105,260,897,2295,895,2291,895,49.64862
3666,105,260,897,2295,895,2291,895,49.64862
3667,105,260,897,2295,895,2291,895,49.64862
3668,105,260,897,2295,895,2291,895,49.64862
3669,105,260,897,2295,895,2291,895,49.64862
3670,105,260,897,2295,895,2291,895,49.64862
3671,105,260,897,2295,895,2291,895,49.64862
3672,105,260,897,2295,895,2291,895,49.64862
3673,105,260,897,2295,895,2291,895,49.64862
3674,105,260,897,2295,895,2291,895,49.64862
3675,105,260,897,2295,895,2291,895,49.64862
3676,105,260,897,2295,895,2291,895,49.64862
3677,105,260,897,2295,895,2291,895,49.64862
3678,105,260,897,2295,895,2291,895,49.64862
3679,105,260,897,2295,895,2291,895,49.64862
3680,105,260,897,2295,895,2291,895,49.64862
3681,105,260,897,2295,895,2291,895,49.64862
3682,105,260,897,2295,895,2291,895,49.64862
3683,105,260,897,2295,895,2291,895,49.64862
3684,105,260,897,2295,895,2291,895,49.64862
3685,105,260,897,2295,895,2291,895,49.64862
3686,105,260,897,2295,895,2291,895,49.64862
3687,105,260,897,2295,895,2291,895,49.64862
3688,105,260,897,2295,895,2291,895,49.64862
3689,105,260,897,2295,895,2291,895,49.64862
3690,105,260,897,2295,895,2291,895,49.64862
3691,105,260,897,2295,895,2291,895,49.64862
3692,104,259,897,2295,896,2292,896,49.64862
3693,104,259,897,2295,896,2292,896,49.65195
3694,104,259,897,2295,896,2292,896,49.65195
3695,104,259,897,2295,896,2292,896,49.65195
3696,104,259,897,2295,896,2292,896,49.65195
3697,104,259,897,2295,896,2292,896,49.65195
3698,104,259,897,2295,896,2292,896,49.65195
3699,104,259,897,2295,896,2292,896,49.65195
3700,104,259,898,2296,896,2292,896,49.65195
3701,104,259,898,2296,896,2292,896,49.65195
3702,104,259,898,2296,896,2292,896,49.65195
3703,104,259,898,2296,896,2292,896,49.65195
3704,104,259,898,2296,896,2292,896,49.65195
3705,104,259,898,2296,896,2292,896,49.65195
3706,104,259,898,2296,896,2292,896,49.65195
3707,104,259,898,2296,896,2292,896,49.65195
3708,104,259,898,2296,896,2292,896,49.65195
3709,104,259,898,2296,896,2292,896,49.65195
3710,104,259,898,2296,896,2292,896,49.65195
3711,104,259,898,2296,896,2292,896,49.65195
3712,104,259,898,2296,896,2292,896,49.65195
3713,104,259,898,2296,896,2292,896,49.65195
3714,104,259,898,2296,896,2292,896,49.65195
3715,104,259,898,2296,896,2292,896,49.65195
3716,104,259,898,2296,896,2292,896,49.65195
3717,104,259,898,2296,896,2292,896,49.65195
3718,103,256,898,2296,897,2295,897,49.65195
3719,103,256,899,2300,897,2295,897,49.71439
3720,103,256,899,2300,897,2295,897,49.71439
3721,103,256,899,2300,897,2295,897,49.71439
3722,103,256,899,2300,897,2295,897,49.71439
3723,103,256,899,2300,897,2295,897,49.71439
3724,103,256,899,2300,897,2295,897,49.71439
3725,103,256,899,2300,897,2295,897,49.71439
3726,103,256,899,2300,897,2295,897,49.71439
3727,103,256,899,2300,897,2295,897,49.71439
3728,103,256,899,2300,897,2295,897,49.71439
3729,103,256,899,2300,897,2295,897,49.71439
3730,103,256,899,2300,897,2295,897,49.71439
3731,103,256,899,2300,897,2295,897,49.71439
3732,103,256,899,2300,897,2295,897,49.71439
3733,103,256,900,2303,897,2295,897,49.71439
3734,103,256,900,2303,897,2295,897,49.71439
3735,103,256,900,2303,897,2295,897,49.71439
3736,103,256,900,2303,897,2295,897,49.71439
3737,103,256,900,2303,897,2295,897,49.71439
3738,103,256,900,2303,897,2295,897,49.71439
3739,103,256,900,2303,897,2295,897,49.71439
3740,103,256,900,2303,897,2295,897,49.71439
3741,103,256,900,2303,897,2295,897,49.71439
3742,103,256,900,2303,897,2295,897,49.71439
3743,103,256,900,2303,897,2295,897,49.71439
3744,103,256,900,2303,897,2295,897,49.71439
3745,103,256,900,2303,897,2295,897,49.71439
3746,103,256,900,2303,897,2295,897,49.71439
3747,103,256,900,2303,897,2295,897,49.71439
3748,103,256,900,2303,897,2295,897,49.71439
3749,102,252,900,2303,898,2299,898,49.71439
3750,102,252,900,2303,898,2299,898,49.68776
3751,102,252,900,2303,898,2299,898,49.68776
3752,102,252,901,2305,898,2299,898,49.68776
3753,102,252,901,2305,898,2299,898,49.68776
3754,102,252,901,2305,898,2299,898,49.68776
3755,102,252,901,2305,898,2299,898,49.68776
3756,102,252,901,2305,898,2299,898,49.68776
3757,102,252,901,2305,898,2299,898,49.68776
3758,102,252,901,2305,898,2299,898,49.68776
3759,102,252,901,2305,898,2299,898,49.68776
3760,102,252,901,2305,898,2299,898,49.68776
3761,102,252,901,2305,898,2299,898,49.68776
3762,102,252,901,2305,898,2299,898,49.68776
3763,102,252,901,2305,898,2299,898,49.68776
3764,102,252,902,2307,898,2299,898,49.68776
3765,102,252,903,2309,898,2299,898,49.68776
3766,102,252,903,2309,898,2299,898,49.68776
3767,102,252,903,2309,898,2299,898,49.68776
3768,102,252,903,2309,898,2299,898,49.68776
3769,102,252,903,2309,898,2299,898,49.68776
3770,102,252,903,2309,898,2299,898,49.68776
3771,102,252,903,2309,898,2299,898,49.68776
3772,102,252,904,2310,898,2299,898,49.68776
3773,102,252,904,2310,898,2299,898,49.68776
3774,102,252,904,2310,898,2299,898,49.68776
3775,102,252,904,2310,898,2299,898,49.68776
3776,102,252,904,2310,898,2299,898,49.68776
3777,102,252,904,2310,898,2299,898,49.68776
3778,102,252,904,2310,898,2299,898,49.68776
3779,102,252,904,2310,898,2299,898,49.68776
3780,101,251,904,2310,899,2300,899,49.68776
3781,101,251,904,2310,899,2300,899,49.69951
3782,100,248,905,2314,900,2303,900,49.69951
3783,100,248,905,2314,900,2303,900,49.69164
3784,100,248,905,2314,900,2303,900,49.69164
3785,100,248,905,2314,900,2303,900,49.69164
3786,100,248,905,2314,900,2303,900,49.69164
3787,100,248,905,2314,900,2303,900,49.69164
3788,100,248,905,2314,900,2303,900,49.69164
3789,100,248,905,2314,900,2303,900,49.69164
3790,100,248,905,2314,900,2303,900,49.69164
3791,99,246,905,2314,901,2305,901,49.69164
3792,99,246,905,2314,901,2305,901,49.6693
3793,99,246,905,2314,901,2305,901,49.6693
3794,99,246,905,2314,901,2305,901,49.6693
3795,99,246,905,2314,901,2305,901,49.6693
3796,99,246,905,2314,901,2305,901,49.6693
3797,99,246,905,2314,901,2305,901,49.6693
3798,99,246,905,2314,901,2305,901,49.6693
3799,99,246,905,2314,901,2305,901,49.6693
3800,99,246,905,2314,901,2305,901,49.6693
3801,99,246,905,2314,901,2305,901,49.6693
3802,99,246,905,2314,901,2305,901,49.6693
3803,99,246,905,2314,901,2305,901,49.6693
3804,99,246,905,2314,901,2305,901,49.6693
3805,99,246,905,2314,901,2305,901,49.6693
3806,99,246,905,2314,901,2305,901,49.6693
3807,99,246,906,2318,901,2305,901,49.6693
3808,99,246,906,2318,901,2305,901,49.6693
3809,99,246,906,2318,901,2305,901,49.6693
3810,99,246,906,2318,901,2305,901,49.6693
3811,99,246,906,2318,901,2305,901,49.6693
3812,99,246,906,2318,901,2305,901,49.6693
3813,99,246,906,2318,901,2305,901,49.6693
3814,99,246,906,2318,901,2305,901,49.6693
3815,99,246,906,2318,901,2305,901,49.6693
3816,99,246,906,2318,901,2305,901,49.6693
3817,99,246,906,2318,901,2305,901,49.6693
3818,99,246,906,2318,901,2305,901,49.6693
3819,99,246,906,2318,901,2305,901,49.6693
3820,99,246,906,2318,901,2305,901,49.6693
3821,98,245,906,2318,902,2306,902,49.6693
3822,98,245,906,2318,902,2306,902,49.65804
3823,98,245,906,2318,902,2306,902,49.65804
3824,97,243,906,2318,903,2308,903,49.65804
3825,97,243,906,2318,903,2308,903,49.66532
3826,97,243,906,2318,903,2308,903,49.66532
3827,97,243,906,2318,903,2308,903,49.66532
3828,96,239,906,2318,904,2312,904,49.66532
3829,95,235,906,2318,905,2316,905,49.62984
3830,95,235,906,2318,905,2316,905,49.61758
3831,95,235,906,2318,905,2316,905,49.61758
3832,95,235,906,2318,905,2316,905,49.61758
3833,95,235,906,2318,905,2316,905,49.61758
3834,95,235,906,2318,905,2316,905,49.61758
3835,95,235,906,2318,905,2316,905,49.61758
3836,95,235,906,2318,905,2316,905,49.61758
3837,95,235,906,2318,905,2316,905,49.61758
3838,95,235,906,2318,905,2316,905,49.61758
3839,95,235,906,2318,905,2316,905,49.61758
3840,95,235,906,2318,905,2316,905,49.61758
3841,95,235,906,2318,905,2316,905,49.61758
3842,95,235,906,2318,905,2316,905,49.61758
3843,95,235,906,2318,905,2316,905,49.61758
3844,95,235,906,2318,905,2316,905,49.61758
3845,95,235,906,2318,905,2316,905,49.61758
3846,95,235,906,2318,905,2316,905,49.61758
3847,95,235,906,2318,905,2316,905,49.61758
3848,95,235,906,2318,905,2316,905,49.61758
3849,95,235,906,2318,905,2316,905,49.61758
3850,95,235,906,2318,905,2316,905,49.61758
3851,95,235,906,2318,905,2316,905,49.61758
3852,95,235,906,2318,905,2316,905,49.61758
3853,95,235,906,2318,905,2316,905,49.61758
3854,95,235,906,2318,905,2316,905,49.61758
3855,95,235,907,2321,905,2316,905,49.61758
3856,95,235,907,2321,905,2316,905,49.61758
3857,95,235,907,2321,905,2316,905,49.61758
3858,95,235,907,2321,905,2316,905,49.61758
3859,94,233,907,2321,906,2318,906,49.61758
3860,94,233,907,2321,906,2318,906,49.64488
3861,94,233,907,2321,906,2318,906,49.64488
3862,94,233,907,2321,906,2318,906,49.64488
3863,94,233,907,2321,906,2318,906,49.64488
3864,94,233,907,2321,906,2318,906,49.64488
3865,94,233,907,2321,906,2318,906,49.64488
3866,94,233,907,2321,906,2318,906,49.64488
3867,94,233,907,2321,906,2318,906,49.64488
3868,94,233,907,2321,906,2318,906,49.64488
3869,94,233,907,2321,906,2318,906,49.64488
3870,94,233,907,2321,906,2318,906,49.64488
3871,94,233,907,2321,906,2318,906,49.64488
3872,94,233,907,2321,906,2318,906,49.64488
3873,94,233,907,2321,906,2318,906,49.64488
3874,94,233,907,2321,906,2318,906,49.64488
3875,94,233,907,2321,906,2318,906,49.64488
3876,94,233,907,2321,906,2318,906,49.64488
3877,94,233,907,2321,906,2318,906,49.64488
3878,94,233,907,2321,906,2318,906,49.64488
3879,94,233,907,2321,906,2318,906,49.64488
3880,94,233,908,2323,906,2318,906,49.64488
3881,94,233,908,2323,906,2318,906,49.64488
3882,94,233,908,2323,906,2318,906,49.64488
3883,94,233,908,2323,906,2318,906,49.64488
3884,94,233,908,2323,906,2318,906,49.64488
3885,94,233,908,2323,906,2318,906,49.64488
3886,94,233,908,2323,906,2318,906,49.64488
3887,94,233,908,2323,906,2318,906,49.64488
3888,94,233,908,2323,906,2318,906,49.64488
3889,94,233,908,2323,906,2318,906,49.64488
3890,94,233,908,2323,906,2318,906,49.64488
3891,94,233,908,2323,906,2318,906,49.64488
3892,94,233,908,2323,906,2318,906,49.64488
3893,94,233,908,2323,906,2318,906,49.64488
3894,94,233,908,2323,906,2318,906,49.64488
3895,94,233,908,2323,906,2318,906,49.64488
3896,94,233,908,2323,906,2318,906,49.64488
3897,94,233,908,2323,906,2318,906,49.64488
3898,94,233,908,2323,906,2318,906,49.64488
3899,94,233,908,2323,906,2318,906,49.64488
3900,94,233,908,2323,906,2318,906,49.64488
3901,94,233,908,2323,906,2318,906,49.64488
3902,94,233,908,2323,906,2318,906,49.64488
3903,94,233,908,2323,906,2318,906,49.64488
3904,94,233,908,2323,906,2318,906,49.64488
3905,94,233,908,2323,906,2318,906,49.64488
3906,94,233,908,2323,906,2318,906,49.64488
3907,94,233,908,2323,906,2318,906,49.64488
3908,94,233,908,2323,906,2318,906,49.64488
3909,94,233,908,2323,906,2318,906,49.64488
3910,94,233,908,2323,906,2318,906,49.64488
3911,94,233,908,2323,906,2318,906,49.64488
3912,93,231,908,2323,907,2320,907,49.64488
3913,93,231,908,2323,907,2320,907,49.62394
3914,93,231,908,2323,907,2320,907,49.62394
3915,93,231,908,2323,907,2320,907,49.62394
3916,93,231,908,2323,907,2320,907,49.62394
3917,93,231,908,2323,907,2320,907,49.62394
3918,93,231,908,2323,907,2320,907,49.62394
3919,93,231,908,2323,907,2320,907,49.62394
3920,93,231,908,2323,907,2320,907,49.62394
3921,93,231,908,2323,907,2320,907,49.62394
3922,93,231,908,2323,907,2320,907,49.62394
3923,93,231,908,2323,907,2320,907,49.62394
3924,93,231,908,2323,907,2320,907,49.62394
3925,93,231,908,2323,907,2320,907,49.62394
3926,93,231,908,2323,907,2320,907,49.62394
3927,93,231,908,2323,907,2320,907,49.62394
3928,93,231,909,2327,907,2320,907,49.62394
3929,93,231,909,2327,907,2320,907,49.62394
3930,93,231,909,2327,907,2320,907,49.62394
3931,93,231,909,2327,907,2320,907,49.62394
3932,93,231,909,2327,907,2320,907,49.62394
3933,93,231,909,2327,907,2320,907,49.62394
3934,93,231,909,2327,907,2320,907,49.62394
3935,93,231,909,2327,907,2320,907,49.62394
3936,93,231,909,2327,907,2320,907,49.62394
3937,93,231,909,2327,907,2320,907,49.62394
3938,93,231,909,2327,907,2320,907,49.62394
3939,93,231,909,2327,907,2320,907,49.62394
3940,93,231,909,2327,907,2320,907,49.62394
3941,93,231,909,2327,907,2320,907,49.62394
3942,93,231,909,2327,907,2320,907,49.62394
3943,93,231,909,2327,907,2320,907,49.62394
3944,93,231,909,2327,907,2320,907,49.62394
3945,93,231,909,2327,907,2320,907,49.62394
3946,93,231,909,2327,907,2320,907,49.62394
3947,92,227,909,2327,908,2324,908,49.62394
3948,92,227,909,2327,908,2324,908,49.58811
3949,92,227,909,2327,908,2324,908,49.58811
3950,92,227,909,2327,908,2324,908,49.58811
3951,92,227,909,2327,908,2324,908,49.58811
3952,92,227,909,2327,908,2324,908,49.58811
3953,92,227,909,2327,908,2324,908,49.58811
3954,92,227,909,2327,908,2324,908,49.58811
3955,92,227,909,2327,908,2324,908,49.58811
3956,92,227,909,2327,908,2324,908,49.58811
3957,92,227,909,2327,908,2324,908,49.58811
3958,92,227,909,2327,908,2324,908,49.58811
3959,92,227,909,2327,908,2324,908,49.58811
3960,92,227,909,2327,908,2324,908,49.58811
3961,92,227,909,2327,908,2324,908,49.58811
3962,91,224,909,2327,909,2327,909,49.58811
3963,91,224,909,2327,909,2327,909,49.64373
3964,91,224,909,2327,909,2327,909,49.64373
3965,91,224,909,2327,909,2327,909,49.64373
3966,91,224,910,2328,909,2327,909,49.64373
3967,91,224,910,2328,909,2327,909,49.64373
3968,91,224,910,2328,909,2327,909,49.64373
3969,91,224,910,2328,909,2327,909,49.64373
3970,91,224,910,2328,909,2327,909,49.64373
3971,91,224,910,2328,909,2327,909,49.64373
3972,91,224,910,2328,909,2327,909,49.64373
3973,91,224,910,2328,909,2327,909,49.64373
3974,91,224,910,2328,909,2327,909,49.64373
3975,91,224,910,2328,909,2327,909,49.64373
3976,91,224,910,2328,909,2327,909,49.64373
3977,91,224,910,2328,909,2327,909,49.64373
3978,91,224,910,2328,909,2327,909,49.64373
3979,91,224,910,2328,909,2327,909,49.64373
3980,91,224,910,2328,909,2327,909,49.64373
3981,91,224,910,2328,909,2327,909,49.64373
3982,91,224,910,2328,909,2327,909,49.64373
3983,91,224,910,2328,909,2327,909,49.64373
3984,91,224,910,2328,909,2327,909,49.64373
3985,91,224,910,2328,909,2327,909,49.64373
3986,91,224,910,2328,909,2327,909,49.64373
3987,91,224,910,2328,909,2327,909,49.64373
3988,91,224,910,2328,909,2327,909,49.64373
3989,91,224,910,2328,909,2327,909,49.64373
3990,91,224,910,2328,909,2327,909,49.64373
3991,91,224,910,2328,909,2327,909,49.64373
3992,91,224,910,2328,909,2327,909,49.64373
3993,91,224,910,2328,909,2327,909,49.64373
3994,91,224,910,2328,909,2327,909,49.64373
3995,91,224,910,2328,909,2327,909,49.64373
3996,91,224,910,2328,909,2327,909,49.64373
3997,91,224,910,2328,909,2327,909,49.64373
3998,91,224,910,2328,909,2327,909,49.64373
3999,91,224,910,2328,909,2327,909,49.64373
4000,91,224,910,2328,909,2327,909,49.64373
4001,91,224,910,2328,909,2327,909,49.64373
4002,91,224,910,2328,909,2327,909,49.64373
4003,91,224,910,2328,909,2327,909,49.64373
4004,91,224,910,2328,909,2327,909,49.64373
4005,91,224,910,2328,909,2327,909,49.64373
4006,91,224,910,2328,909,2327,909,49.64373
4007,91,224,910,2328,909,2327,909,49.64373
4008,91,224,910,2328,909,2327,909,49.64373
4009,91,224,911,2332,909,2327,909,49.64373
4010,91,224,911,2332,909,2327,909,49.64373
4011,91,224,911,2332,909,2327,909,49.64373
4012,91,224,911,2332,909,2327,909,49.64373
4013,91,224,911,2332,909,2327,909,49.64373
4014,91,224,911,2332,909,2327,909,49.64373
4015,91,224,911,2332,909,2327,909,49.64373
4016,91,224,911,2332,909,2327,909,49.64373
4017,91,224,911,2332,909,2327,909,49.64373
4018,91,224,911,2332,909,2327,909,49.64373
4019,91,224,911,2332,909,2327,909,49.64373
4020,90,223,911,2332,910,2328,910,49.64373
4021,90,223,911,2332,910,2328,910,49.64616
4022,90,223,911,2332,910,2328,910,49.64616
4023,90,223,912,2335,910,2328,910,49.64616
4024,90,223,912,2335,910,2328,910,49.64616
4025,90,223,912,2335,910,2328,910,49.64616
4026,90,223,913,2336,910,2328,910,49.64616
4027,90,223,913,2336,910,2328,910,49.64616
4028,90,223,913,2336,910,2328,910,49.64616
4029,90,223,913,2336,910,2328,910,49.64616
4030,90,223,913,2336,910,2328,910,49.64616
4031,90,223,913,2336,910,2328,910,49.64616
4032,90,223,913,2336,910,2328,910,49.64616
4033,90,223,913,2336,910,2328,910,49.64616
4034,90,223,913,2336,910,2328,910,49.64616
4035,90,223,913,2336,910,2328,910,49.64616
4036,90,223,913,2336,910,2328,910,49.64616
4037,90,223,913,2336,910,2328,910,49.64616
4038,90,223,913,2336,910,2328,910,49.64616
4039,90,223,913,2336,910,2328,910,49.64616
4040,90,223,913,2336,910,2328,910,49.64616
4041,90,223,913,2336,910,2328,910,49.64616
4042,90,223,913,2336,910,2328,910,49.64616
4043,90,223,913,2336,910,2328,910,49.64616
4044,90,223,913,2336,910,2328,910,49.64616
4045,90,223,913,2336,910,2328,910,49.64616
4046,90,223,913,2336,910,2328,910,49.64616
4047,89,219,913,2336,911,2332,911,49.64616
4048,89,219,913,2336,911,2332,911,49.63078
4049,89,219,913,2336,911,2332,911,49.63078
4050,89,219,913,2336,911,2332,911,49.63078
4051,89,219,913,2336,911,2332,911,49.63078
4052,89,219,913,2336,911,2332,911,49.63078
4053,89,219,913,2336,911,2332,911,49.63078
4054,89,219,913,2336,911,2332,911,49.63078
4055,89,219,913,2336,911,2332,911,49.63078
4056,89,219,913,2336,911,2332,911,49.63078
4057,89,219,913,2336,911,2332,911,49.63078
4058,89,219,913,2336,911,2332,911,49.63078
4059,89,219,913,2336,911,2332,911,49.63078
4060,89,219,913,2336,911,2332,911,49.63078
4061,89,219,913,2336,911,2332,911,49.63078
4062,89,219,913,2336,911,2332,911,49.63078
4063,89,219,913,2336,911,2332,911,49.63078
4064,89,219,913,2336,911,2332,911,49.63078
4065,89,219,913,2336,911,2332,911,49.63078
4066,89,219,913,2336,911,2332,911,49.63078
4067,89,219,913,2336,911,2332,911,49.63078
4068,89,219,913,2336,911,2332,911,49.63078
4069,89,219,913,2336,911,2332,911,49.63078
4070,89,219,913,2336,911,2332,911,49.63078
4071,89,219,913,2336,911,2332,911,49.63078
4072,89,219,913,2336,911,2332,911,49.63078
4073,89,219,913,2336,911,2332,911,49.63078
4074,89,219,913,2336,911,2332,911,49.63078
4075,89,219,913,2336,911,2332,911,49.63078
4076,89,219,913,2336,911,2332,911,49.63078
4077,88,218,913,2336,912,2333,912,49.63078
4078,88,218,913,2336,912,2333,912,49.61692
4079,88,218,913,2336,912,2333,912,49.61692
4080,88,218,913,2336,912,2333,912,49.61692
4081,88,218,913,2336,912,2333,912,49.61692
4082,88,218,913,2336,912,2333,912,49.61692
4083,88,218,913,2336,912,2333,912,49.61692
4084,88,218,913,2336,912,2333,912,49.61692
4085,87,215,913,2336,913,2336,913,49.61692
4086,87,215,913,2336,913,2336,913,49.61278
4087,87,215,914,2337,913,2336,913,49.61278
4088,87,215,915,2340,913,2336,913,49.61278
4089,87,215,915,2340,913,2336,913,49.61278
4090,87,215,915,2340,913,2336,913,49.61278
4091,87,215,915,2340,913,2336,913,49.61278
4092,87,215,915,2340,913,2336,913,49.61278
4093,87,215,915,2340,913,2336,913,49.61278
4094,87,215,916,2341,913,2336,913,49.61278
4095,87,215,916,2341,913,2336,913,49.61278
4096,87,215,916,2341,913,2336,913,49.61278
4097,87,215,916,2341,913,2336,913,49.61278
4098,87,215,916,2341,913,2336,913,49.61278
4099,87,215,916,2341,913,2336,913,49.61278
4100,87,215,916,2341,913,2336,913,49.61278
4101,87,215,916,2341,913,2336,913,49.61278
4102,87,215,916,2341,913,2336,913,49.61278
4103,87,215,916,2341,913,2336,913,49.61278
4104,87,215,916,2341,913,2336,913,49.61278
4105,87,215,916,2341,913,2336,913,49.61278
4106,87,215,917,2344,913,2336,913,49.61278
4107,87,215,918,2345,913,2336,913,49.61278
4108,87,215,918,2345,913,2336,913,49.61278
4109,87,215,918,2345,913,2336,913,49.61278
4110,87,215,918,2345,913,2336,913,49.61278
4111,87,215,918,2345,913,2336,913,49.61278
4112,87,215,918,2345,913,2336,913,49.61278
4113,87,215,918,2345,913,2336,913,49.61278
4114,87,215,918,2345,913,2336,913,49.61278
4115,87,215,919,2347,913,2336,913,49.61278
4116,87,215,919,2347,913,2336,913,49.61278
4117,87,215,919,2347,913,2336,913,49.61278
4118,87,215,919,2347,913,2336,913,49.61278
4119,87,215,919,2347,913,2336,913,49.61278
4120,87,215,919,2347,913,2336,913,49.61278
4121,87,215,919,2347,913,2336,913,49.61278
4122,87,215,919,2347,913,2336,913,49.61278
4123,87,215,919,2347,913,2336,913,49.61278
4124,87,215,919,2347,913,2336,913,49.61278
4125,87,215,919,2347,913,2336,913,49.61278
4126,87,215,919,2347,913,2336,913,49.61278
4127,87,215,919,2347,913,2336,913,49.61278
4128,87,215,919,2347,913,2336,913,49.61278
4129,87,215,920,2349,913,2336,913,49.61278
4130,87,215,921,2352,913,2336,913,49.61278
4131,87,215,921,2352,913,2336,913,49.61278
4132,87,215,921,2352,913,2336,913,49.61278
4133,87,215,921,2352,913,2336,913,49.61278
4134,87,215,921,2352,913,2336,913,49.61278
4135,87,215,921,2352,913,2336,913,49.61278
4136,87,215,921,2352,913,2336,913,49.61278
4137,87,215,921,2352,913,2336,913,49.61278
4138,87,215,921,2352,913,2336,913,49.61278
4139,87,215,921,2352,913,2336,913,49.61278
4140,86,212,921,2352,914,2339,914,49.61278
4141,86,212,922,2354,914,2339,914,49.60879
4142,86,212,922,2354,914,2339,914,49.60879
4143,86,212,922,2354,914,2339,914,49.60879
4144,86,212,922,2354,914,2339,914,49.60879
4145,86,212,922,2354,914,2339,914,49.60879
4146,86,212,922,2354,914,2339,914,49.60879
4147,86,212,922,2354,914,2339,914,49.60879
4148,86,212,922,2354,914,2339,914,49.60879
4149,86,212,922,2354,914,2339,914,49.60879
4150,86,212,922,2354,914,2339,914,49.60879
4151,86,212,923,2358,914,2339,914,49.60879
4152,86,212,923,2358,914,2339,914,49.60879
4153,86,212,923,2358,914,2339,914,49.60879
4154,86,212,923,2358,914,2339,914,49.60879
4155,86,212,923,2358,914,2339,914,49.60879
4156,86,212,923,2358,914,2339,914,49.60879
4157,86,212,923,2358,914,2339,914,49.60879
4158,86,212,923,2358,914,2339,914,49.60879
4159,86,212,923,2358,914,2339,914,49.60879
4160,86,212,923,2358,914,2339,914,49.60879
4161,86,212,923,2358,914,2339,914,49.60879
4162,86,212,923,2358,914,2339,914,49.60879
4163,86,212,923,2358,914,2339,914,49.60879
4164,86,212,923,2358,914,2339,914,49.60879
4165,86,212,923,2358,914,2339,914,49.60879
4166,86,212,923,2358,914,2339,914,49.60879
4167,86,212,923,2358,914,2339,914,49.60879
4168,86,212,923,2358,914,2339,914,49.60879
4169,86,212,923,2358,914,2339,914,49.60879
4170,86,212,923,2358,914,2339,914,49.60879
4171,86,212,923,2358,914,2339,914,49.60879
4172,86,212,923,2358,914,2339,914,49.60879
4173,86,212,924,2362,914,2339,914,49.60879
4174,85,211,924,2362,915,2340,915,49.60879
4175,85,211,924,2362,915,2340,915,49.62294
4176,85,211,924,2362,915,2340,915,49.62294
4177,85,211,924,2362,915,2340,915,49.62294
4178,85,211,924,2362,915,2340,915,49.62294
4179,82,206,924,2362,918,2345,918,49.62294
4180,82,206,924,2362,918,2345,918,49.64962
4181,81,203,924,2362,919,2348,919,49.64962
4182,81,203,924,2362,919,2348,919,49.65818
4183,81,203,924,2362,919,2348,919,49.65818
4184,81,203,924,2362,919,2348,919,49.65818
4185,81,203,924,2362,919,2348,919,49.65818
4186,81,203,924,2362,919,2348,919,49.65818
4187,81,203,924,2362,919,2348,919,49.65818
4188,81,203,924,2362,919,2348,919,49.65818
4189,81,203,924,2362,919,2348,919,49.65818
4190,81,203,924,2362,919,2348,919,49.65818
4191,81,203,924,2362,919,2348,919,49.65818
4192,81,203,924,2362,919,2348,919,49.65818
4193,81,203,924,2362,919,2348,919,49.65818
4194,81,203,924,2362,919,2348,919,49.65818
4195,81,203,924,2362,919,2348,919,49.65818
4196,81,203,924,2362,919,2348,919,49.65818
4197,81,203,924,2362,919,2348,919,49.65818
4198,81,203,924,2362,919,2348,919,49.65818
4199,81,203,924,2362,919,2348,919,49.65818
4200,81,203,924,2362,919,2348,919,49.65818
4201,81,203,924,2362,919,2348,919,49.65818
4202,81,203,924,2362,919,2348,919,49.65818
4203,81,203,924,2362,919,2348,919,49.65818
4204,81,203,924,2362,919,2348,919,49.65818
4205,81,203,925,2364,919,2348,919,49.65818
4206,81,203,925,2364,919,2348,919,49.65818
4207,81,203,925,2364,919,2348,919,49.65818
4208,81,203,925,2364,919,2348,919,49.65818
4209,81,203,925,2364,919,2348,919,49.65818
4210,79,199,925,2364,921,2352,921,49.65818
4211,79,199,925,2364,921,2352,921,49.6102
4212,79,199,925,2364,921,2352,921,49.6102
4213,79,199,925,2364,921,2352,921,49.6102
4214,79,199,925,2364,921,2352,921,49.6102
4215,79,199,925,2364,921,2352,921,49.6102
4216,79,199,925,2364,921,2352,921,49.6102
4217,78,196,925,2364,922,2355,922,49.6102
4218,77,195,925,2364,923,2356,923,49.63536
4219,77,195,925,2364,923,2356,923,49.68767
4220,77,195,925,2364,923,2356,923,49.68767
4221,77,195,925,2364,923,2356,923,49.68767
4222,77,195,925,2364,923,2356,923,49.68767
4223,77,195,925,2364,923,2356,923,49.68767
4224,77,195,925,2364,923,2356,923,49.68767
4225,77,195,925,2364,923,2356,923,49.68767
4226,77,195,925,2364,923,2356,923,49.68767
4227,77,195,925,2364,923,2356,923,49.68767
4228,77,195,925,2364,923,2356,923,49.68767
4229,77,195,925,2364,923,2356,923,49.68767
4230,77,195,925,2364,923,2356,923,49.68767
4231,77,195,925,2364,923,2356,923,49.68767
4232,77,195,925,2364,923,2356,923,49.68767
4233,77,195,925,2364,923,2356,923,49.68767
4234,76,191,925,2364,924,2360,924,49.68767
4235,76,191,925,2364,924,2360,924,49.69658
4236,76,191,925,2364,924,2360,924,49.69658
4237,76,191,925,2364,924,2360,924,49.69658
4238,76,191,925,2364,924,2360,924,49.69658
4239,76,191,925,2364,924,2360,924,49.69658
4240,76,191,925,2364,924,2360,924,49.69658
4241,76,191,925,2364,924,2360,924,49.69658
4242,76,191,925,2364,924,2360,924,49.69658
4243,76,191,925,2364,924,2360,924,49.69658
4244,76,191,925,2364,924,2360,924,49.69658
4245,76,191,925,2364,924,2360,924,49.69658
4246,76,191,926,2366,924,2360,924,49.69658
4247,76,191,926,2366,924,2360,924,49.69658
4248,76,191,926,2366,924,2360,924,49.69658
4249,76,191,926,2366,924,2360,924,49.69658
4250,76,191,926,2366,924,2360,924,49.69658
4251,76,191,926,2366,924,2360,924,49.69658
4252,76,191,926,2366,924,2360,924,49.69658
4253,76,191,926,2366,924,2360,924,49.69658
4254,76,191,926,2366,924,2360,924,49.69658
4255,76,191,926,2366,924,2360,924,49.69658
4256,76,191,926,2366,924,2360,924,49.69658
4257,76,191,926,2366,924,2360,924,49.69658
4258,76,191,926,2366,924,2360,924,49.69658
4259,76,191,926,2366,924,2360,924,49.69658
4260,76,191,926,2366,924,2360,924,49.69658
4261,76,191,926,2366,924,2360,924,49.69658
4262,76,191,926,2366,924,2360,924,49.69658
4263,76,191,926,2366,924,2360,924,49.69658
4264,76,191,926,2366,924,2360,924,49.69658
4265,76,191,926,2366,924,2360,924,49.69658
4266,76,191,926,2366,924,2360,924,49.69658
4267,76,191,926,2366,924,2360,924,49.69658
4268,76,191,926,2366,924,2360,924,49.69658
4269,75,187,926,2366,925,2364,925,49.69658
4270,75,187,926,2366,925,2364,925,49.72104
4271,75,187,926,2366,925,2364,925,49.72104
4272,75,187,926,2366,925,2364,925,49.72104
4273,75,187,926,2366,925,2364,925,49.72104
4274,75,187,926,2366,925,2364,925,49.72104
4275,75,187,926,2366,925,2364,925,49.72104
4276,75,187,926,2366,925,2364,925,49.72104
4277,75,187,926,2366,925,2364,925,49.72104
4278,75,187,926,2366,925,2364,925,49.72104
4279,75,187,926,2366,925,2364,925,49.72104
4280,75,187,926,2366,925,2364,925,49.72104
4281,75,187,926,2366,925,2364,925,49.72104
4282,75,187,926,2366,925,2364,925,49.72104
4283,75,187,926,2366,925,2364,925,49.72104
4284,75,187,926,2366,925,2364,925,49.72104
4285,75,187,926,2366,925,2364,925,49.72104
4286,75,187,926,2366,925,2364,925,49.72104
4287,75,187,926,2366,925,2364,925,49.72104
4288,75,187,926,2366,925,2364,925,49.72104
4289,75,187,927,2369,925,2364,925,49.72104
4290,75,187,927,2369,925,2364,925,49.72104
4291,75,187,927,2369,925,2364,925,49.72104
4292,75,187,927,2369,925,2364,925,49.72104
4293,75,187,927,2369,925,2364,925,49.72104
4294,75,187,927,2369,925,2364,925,49.72104
4295,75,187,927,2369,925,2364,925,49.72104
4296,75,187,927,2369,925,2364,925,49.72104
4297,75,187,927,2369,925,2364,925,49.72104
4298,75,187,927,2369,925,2364,925,49.72104
4299,75,187,928,2374,925,2364,925,49.72104
4300,75,187,928,2374,925,2364,925,49.72104
4301,75,187,928,2374,925,2364,925,49.72104
4302,75,187,929,2375,925,2364,925,49.72104
4303,75,187,929,2375,925,2364,925,49.72104
4304,75,187,929,2375,925,2364,925,49.72104
4305,75,187,929,2375,925,2364,925,49.72104
4306,75,187,929,2375,925,2364,925,49.72104
4307,75,187,929,2375,925,2364,925,49.72104
4308,75,187,929,2375,925,2364,925,49.72104
4309,75,187,929,2375,925,2364,925,49.72104
4310,75,187,929,2375,925,2364,925,49.72104
4311,75,187,929,2375,925,2364,925,49.72104
4312,75,187,929,2375,925,2364,925,49.72104
4313,75,187,929,2375,925,2364,925,49.72104
4314,75,187,930,2378,925,2364,925,49.72104
4315,75,187,930,2378,925,2364,925,49.72104
4316,75,187,930,2378,925,2364,925,49.72104
4317,75,187,930,2378,925,2364,925,49.72104
4318,75,187,930,2378,925,2364,925,49.72104
4319,75,187,930,2378,925,2364,925,49.72104
4320,75,187,930,2378,925,2364,925,49.72104
4321,75,187,930,2378,925,2364,925,49.72104
4322,75,187,930,2378,925,2364,925,49.72104
4323,75,187,930,2378,925,2364,925,49.72104
4324,75,187,930,2378,925,2364,925,49.72104
4325,75,187,930,2378,925,2364,925,49.72104
4326,75,187,930,2378,925,2364,925,49.72104
4327,74,186,930,2378,926,2365,926,49.72104
4328,74,186,930,2378,926,2365,926,49.6941
4329,73,184,930,2378,927,2367,927,49.6941
4330,73,184,930,2378,927,2367,927,49.71
4331,73,184,930,2378,927,2367,927,49.71
4332,73,184,930,2378,927,2367,927,49.71
4333,73,184,930,2378,927,2367,927,49.71
4334,73,184,930,2378,927,2367,927,49.71
4335,73,184,930,2378,927,2367,927,49.71
4336,73,184,930,2378,927,2367,927,49.71
4337,73,184,930,2378,927,2367,927,49.71
4338,73,184,930,2378,927,2367,927,49.71
4339,73,184,930,2378,927,2367,927,49.71
4340,73,184,931,2382,927,2367,927,49.71
4341,72,181,931,2382,928,2370,928,49.71
4342,72,181,931,2382,928,2370,928,49.70039
4343,72,181,931,2382,928,2370,928,49.70039
4344,72,181,931,2382,928,2370,928,49.70039
4345,72,181,931,2382,928,2370,928,49.70039
4346,72,181,931,2382,928,2370,928,49.70039
4347,72,181,931,2382,928,2370,928,49.70039
4348,72,181,931,2382,928,2370,928,49.70039
4349,72,181,931,2382,928,2370,928,49.70039
4350,72,181,931,2382,928,2370,928,49.70039
4351,72,181,931,2382,928,2370,928,49.70039
4352,71,176,931,2382,929,2375,929,49.70039
4353,71,176,931,2382,929,2375,929,49.70411
4354,71,176,931,2382,929,2375,929,49.70411
4355,71,176,931,2382,929,2375,929,49.70411
4356,71,176,931,2382,929,2375,929,49.70411
4357,71,176,931,2382,929,2375,929,49.70411
4358,71,176,931,2382,929,2375,929,49.70411
4359,71,176,931,2382,929,2375,929,49.70411
4360,71,176,931,2382,929,2375,929,49.70411
4361,71,176,931,2382,929,2375,929,49.70411
4362,71,176,932,2384,929,2375,929,49.70411
4363,71,176,932,2384,929,2375,929,49.70411
4364,71,176,932,2384,929,2375,929,49.70411
4365,71,176,932,2384,929,2375,929,49.70411
4366,71,176,932,2384,929,2375,929,49.70411
4367,71,176,932,2384,929,2375,929,49.70411
4368,70,172,932,2384,930,2379,930,49.70411
4369,70,172,932,2384,930,2379,930,49.67189
4370,70,172,932,2384,930,2379,930,49.67189
4371,70,172,932,2384,930,2379,930,49.67189
4372,70,172,932,2384,930,2379,930,49.67189
4373,70,172,932,2384,930,2379,930,49.67189
4374,70,172,932,2384,930,2379,930,49.67189
4375,70,172,932,2384,930,2379,930,49.67189
4376,70,172,932,2384,930,2379,930,49.67189
4377,70,172,932,2384,930,2379,930,49.67189
4378,70,172,932,2384,930,2379,930,49.67189
4379,70,172,932,2384,930,2379,930,49.67189
4380,70,172,932,2384,930,2379,930,49.67189
4381,70,172,932,2384,930,2379,930,49.67189
4382,70,172,932,2384,930,2379,930,49.67189
4383,70,172,932,2384,930,2379,930,49.67189
4384,70,172,932,2384,930,2379,930,49.67189
4385,70,172,932,2384,930,2379,930,49.67189
4386,70,172,932,2384,930,2379,930,49.67189
4387,70,172,932,2384,930,2379,930,49.67189
4388,70,172,932,2384,930,2379,930,49.67189
4389,70,172,932,2384,930,2379,930,49.67189
4390,70,172,932,2384,930,2379,930,49.67189
4391,69,169,932,2384,931,2382,931,49.67189
4392,69,169,932,2384,931,2382,931,49.69115
4393,69,169,932,2384,931,2382,931,49.69115
4394,69,169,932,2384,931,2382,931,49.69115
4395,69,169,932,2384,931,2382,931,49.69115
4396,68,167,932,2384,932,2384,932,49.69115
4397,68,167,933,2387,932,2384,932,49.67095
4398,68,167,933,2387,932,2384,932,49.67095
4399,68,167,933,2387,932,2384,932,49.67095
4400,68,167,933,2387,932,2384,932,49.67095
4401,68,167,933,2387,932,2384,932,49.67095
4402,68,167,933,2387,932,2384,932,49.67095
4403,68,167,933,2387,932,2384,932,49.67095
4404,68,167,933,2387,932,2384,932,49.67095
4405,68,167,933,2387,932,2384,932,49.67095
4406,68,167,933,2387,932,2384,932,49.67095
4407,68,167,933,2387,932,2384,932,49.67095
4408,68,167,934,2389,932,2384,932,49.67095
4409,68,167,934,2389,932,2384,932,49.67095
4410,68,167,934,2389,932,2384,932,49.67095
4411,68,167,934,2389,932,2384,932,49.67095
4412,68,167,934,2389,932,2384,932,49.67095
4413,68,167,934,2389,932,2384,932,49.67095
4414,68,167,934,2389,932,2384,932,49.67095
4415,68,167,934,2389,932,2384,932,49.67095
4416,68,167,934,2389,932,2384,932,49.67095
4417,68,167,934,2389,932,2384,932,49.67095
4418,68,167,934,2389,932,2384,932,49.67095
4419,68,167,934,2389,932,2384,932,49.67095
4420,68,167,935,2393,932,2384,932,49.67095
4421,68,167,935,2393,932,2384,932,49.67095
4422,68,167,935,2393,932,2384,932,49.67095
4423,68,167,935,2393,932,2384,932,49.67095
4424,68,167,935,2393,932,2384,932,49.67095
4425,68,167,935,2393,932,2384,932,49.67095
4426,68,167,935,2393,932,2384,932,49.67095
4427,68,167,935,2393,932,2384,932,49.67095
4428,68,167,935,2393,932,2384,932,49.67095
4429,68,167,935,2393,932,2384,932,49.67095
4430,68,167,935,2393,932,2384,932,49.67095
4431,68,167,935,2393,932,2384,932,49.67095
4432,68,167,935,2393,932,2384,932,49.67095
4433,68,167,935,2393,932,2384,932,49.67095
4434,68,167,935,2393,932,2384,932,49.67095
4435,68,167,935,2393,932,2384,932,49.67095
4436,68,167,935,2393,932,2384,932,49.67095
4437,68,167,935,2393,932,2384,932,49.67095
4438,68,167,935,2393,932,2384,932,49.67095
4439,67,164,935,2393,933,2387,933,49.67095
4440,67,164,935,2393,933,2387,933,49.65696
4441,67,164,935,2393,933,2387,933,49.65696
4442,67,164,935,2393,933,2387,933,49.65696
4443,67,164,936,2394,933,2387,933,49.65696
4444,67,164,936,2394,933,2387,933,49.65696
4445,67,164,936,2394,933,2387,933,49.65696
4446,67,164,936,2394,933,2387,933,49.65696
4447,67,164,936,2394,933,2387,933,49.65696
4448,67,164,936,2394,933,2387,933,49.65696
4449,67,164,936,2394,933,2387,933,49.65696
4450,67,164,936,2394,933,2387,933,49.65696
4451,67,164,936,2394,933,2387,933,49.65696
4452,67,164,936,2394,933,2387,933,49.65696
4453,67,164,936,2394,933,2387,933,49.65696
4454,67,164,936,2394,933,2387,933,49.65696
4455,67,164,936,2394,933,2387,933,49.65696
4456,67,164,936,2394,933,2387,933,49.65696
4457,67,164,936,2394,933,2387,933,49.65696
4458,67,164,936,2394,933,2387,933,49.65696
4459,67,164,936,2394,933,2387,933,49.65696
4460,67,164,937,2397,933,2387,933,49.65696
4461,67,164,937,2397,933,2387,933,49.65696
4462,67,164,937,2397,933,2387,933,49.65696
4463,67,164,937,2397,933,2387,933,49.65696
4464,67,164,937,2397,933,2387,933,49.65696
4465,67,164,937,2397,933,2387,933,49.65696
4466,67,164,937,2397,933,2387,933,49.65696
4467,67,164,937,2397,933,2387,933,49.65696
4468,67,164,937,2397,933,2387,933,49.65696
4469,66,160,937,2397,934,2391,934,49.65696
4470,66,160,937,2397,934,2391,934,49.64253
4471,66,160,937,2397,934,2391,934,49.64253
4472,66,160,937,2397,934,2391,934,49.64253
4473,66,160,937,2397,934,2391,934,49.64253
4474,66,160,937,2397,934,2391,934,49.64253
4475,66,160,937,2397,934,2391,934,49.64253
4476,66,160,937,2397,934,2391,934,49.64253
4477,66,160,937,2397,934,2391,934,49.64253
4478,65,158,937,2397,935,2393,935,49.64253
4479,65,158,937,2397,935,2393,935,49.65198
4480,65,158,937,2397,935,2393,935,49.65198
4481,65,158,937,2397,935,2393,935,49.65198
4482,65,158,937,2397,935,2393,935,49.65198
4483,65,158,937,2397,935,2393,935,49.65198
4484,65,158,937,2397,935,2393,935,49.65198
4485,65,158,937,2397,935,2393,935,49.65198
4486,65,158,937,2397,935,2393,935,49.65198
4487,65,158,937,2397,935,2393,935,49.65198
4488,65,158,937,2397,935,2393,935,49.65198
4489,65,158,937,2397,935,2393,935,49.65198
4490,65,158,937,2397,935,2393,935,49.65198
4491,65,158,937,2397,935,2393,935,49.65198
4492,65,158,937,2397,935,2393,935,49.65198
4493,64,157,937,2397,936,2394,936,49.65198
4494,64,157,937,2397,936,2394,936,49.64736
4495,64,157,937,2397,936,2394,936,49.64736
4496,64,157,937,2397,936,2394,936,49.64736
4497,64,157,937,2397,936,2394,936,49.64736
4498,64,157,937,2397,936,2394,936,49.64736
4499,64,157,937,2397,936,2394,936,49.64736
4500,64,157,937,2397,936,2394,936,49.64736
4501,64,157,937,2397,936,2394,936,49.64736
4502,64,157,937,2397,936,2394,936,49.64736
4503,64,157,937,2397,936,2394,936,49.64736
4504,64,157,937,2397,936,2394,936,49.64736
4505,64,157,937,2397,936,2394,936,49.64736
4506,64,157,937,2397,936,2394,936,49.64736
4507,64,157,937,2397,936,2394,936,49.64736
4508,64,157,937,2397,936,2394,936,49.64736
4509,64,157,937,2397,936,2394,936,49.64736
4510,64,157,937,2397,936,2394,936,49.64736
4511,64,157,937,2397,936,2394,936,49.64736
4512,64,157,938,2402,936,2394,936,49.64736
4513,64,157,938,2402,936,2394,936,49.64736
4514,64,157,938,2402,936,2394,936,49.64736
4515,64,157,938,2402,936,2394,936,49.64736
4516,64,157,938,2402,936,2394,936,49.64736
4517,64,157,938,2402,936,2394,936,49.64736
4518,64,157,938,2402,936,2394,936,49.64736
4519,64,157,938,2402,936,2394,936,49.64736
4520,64,157,938,2402,936,2394,936,49.64736
4521,64,157,938,2402,936,2394,936,49.64736
4522,64,157,938,2402,936,2394,936,49.64736
4523,63,154,938,2402,937,2397,937,49.64736
4524,63,154,938,2402,937,2397,937,49.66026
4525,63,154,939,2404,937,2397,937,49.66026
4526,63,154,939,2404,937,2397,937,49.66026
4527,63,154,939,2404,937,2397,937,49.66026
4528,63,154,939,2404,937,2397,937,49.66026
4529,63,154,939,2404,937,2397,937,49.66026
4530,63,154,939,2404,937,2397,937,49.66026
4531,63,154,939,2404,937,2397,937,49.66026
4532,63,154,939,2404,937,2397,937,49.66026
4533,63,154,939,2404,937,2397,937,49.66026
4534,63,154,939,2404,937,2397,937,49.66026
4535,63,154,939,2404,937,2397,937,49.66026
4536,63,154,939,2404,937,2397,937,49.66026
4537,63,154,939,2404,937,2397,937,49.66026
4538,63,154,939,2404,937,2397,937,49.66026
4539,63,154,939,2404,937,2397,937,49.66026
4540,63,154,939,2404,937,2397,937,49.66026
4541,63,154,940,2405,937,2397,937,49.66026
4542,63,154,940,2405,937,2397,937,49.66026
4543,63,154,940,2405,937,2397,937,49.66026
4544,62,149,940,2405,938,2402,938,49.66026
4545,62,149,940,2405,938,2402,938,49.63409
4546,62,149,940,2405,938,2402,938,49.63409
4547,62,149,940,2405,938,2402,938,49.63409
4548,62,149,940,2405,938,2402,938,49.63409
4549,62,149,940,2405,938,2402,938,49.63409
4550,62,149,940,2405,938,2402,938,49.63409
4551,62,149,940,2405,938,2402,938,49.63409
4552,62,149,940,2405,938,2402,938,49.63409
4553,62,149,940,2405,938,2402,938,49.63409
4554,62,149,940,2405,938,2402,938,49.63409
4555,62,149,940,2405,938,2402,938,49.63409
4556,62,149,940,2405,938,2402,938,49.63409
4557,62,149,940,2405,938,2402,938,49.63409
4558,62,149,940,2405,938,2402,938,49.63409
4559,62,149,940,2405,938,2402,938,49.63409
4560,62,149,940,2405,938,2402,938,49.63409
4561,62,149,940,2405,938,2402,938,49.63409
4562,62,149,940,2405,938,2402,938,49.63409
4563,62,149,940,2405,938,2402,938,49.63409
4564,62,149,940,2405,938,2402,938,49.63409
4565,62,149,940,2405,938,2402,938,49.63409
4566,62,149,940,2405,938,2402,938,49.63409
4567,62,149,940,2405,938,2402,938,49.63409
4568,62,149,940,2405,938,2402,938,49.63409
4569,62,149,940,2405,938,2402,938,49.63409
4570,62,149,940,2405,938,2402,938,49.63409
4571,62,149,940,2405,938,2402,938,49.63409
4572,62,149,940,2405,938,2402,938,49.63409
4573,62,149,940,2405,938,2402,938,49.63409
4574,62,149,940,2405,938,2402,938,49.63409
4575,62,149,940,2405,938,2402,938,49.63409
4576,62,149,940,2405,938,2402,938,49.63409
4577,62,149,940,2405,938,2402,938,49.63409
4578,62,149,940,2405,938,2402,938,49.63409
4579,62,149,940,2405,938,2402,938,49.63409
4580,62,149,940,2405,938,2402,938,49.63409
4581,62,149,940,2405,938,2402,938,49.63409
4582,62,149,940,2405,938,2402,938,49.63409
4583,62,149,940,2405,938,2402,938,49.63409
4584,62,149,940,2405,938,2402,938,49.63409
4585,62,149,940,2405,938,2402,938,49.63409
4586,62,149,940,2405,938,2402,938,49.63409
4587,62,149,940,2405,938,2402,938,49.63409
4588,62,149,940,2405,938,2402,938,49.63409
4589,62,149,940,2405,938,2402,938,49.63409
4590,62,149,940,2405,938,2402,938,49.63409
4591,61,147,940,2405,939,2404,939,49.63409
4592,61,147,940,2405,939,2404,939,49.64605
4593,61,147,940,2405,939,2404,939,49.64605
4594,61,147,940,2405,939,2404,939,49.64605
4595,61,147,940,2405,939,2404,939,49.64605
4596,61,147,940,2405,939,2404,939,49.64605
4597,61,147,940,2405,939,2404,939,49.64605
4598,61,147,940,2405,939,2404,939,49.64605
4599,61,147,940,2405,939,2404,939,49.64605
4600,61,147,940,2405,939,2404,939,49.64605
4601,61,147,940,2405,939,2404,939,49.64605
4602,61,147,940,2405,939,2404,939,49.64605
4603,61,147,940,2405,939,2404,939,49.64605
4604,60,146,940,2405,940,2405,940,49.64605
4605,60,146,940,2405,940,2405,940,49.64137
4606,60,146,940,2405,940,2405,940,49.64137
4607,60,146,940,2405,940,2405,940,49.64137
4608,60,146,940,2405,940,2405,940,49.64137
4609,60,146,941,2408,940,2405,940,49.64137
4610,60,146,941,2408,940,2405,940,49.64137
4611,60,146,941,2408,940,2405,940,49.64137
4612,60,146,941,2408,940,2405,940,49.64137
4613,60,146,941,2408,940,2405,940,49.64137
4614,60,146,941,2408,940,2405,940,49.64137
4615,60,146,941,2408,940,2405,940,49.64137
4616,60,146,941,2408,940,2405,940,49.64137
4617,60,146,941,2408,940,2405,940,49.64137
4618,60,146,942,2413,940,2405,940,49.64137
4619,60,146,942,2413,940,2405,940,49.64137
4620,60,146,942,2413,940,2405,940,49.64137
4621,60,146,942,2413,940,2405,940,49.64137
4622,60,146,942,2413,940,2405,940,49.64137
4623,60,146,942,2413,940,2405,940,49.64137
4624,60,146,942,2413,940,2405,940,49.64137
4625,60,146,942,2413,940,2405,940,49.64137
4626,60,146,942,2413,940,2405,940,49.64137
4627,59,143,942,2413,941,2408,941,49.64137
4628,59,143,942,2413,941,2408,941,49.60445
4629,59,143,942,2413,941,2408,941,49.60445
4630,59,143,942,2413,941,2408,941,49.60445
4631,59,143,942,2413,941,2408,941,49.60445
4632,59,143,942,2413,941,2408,941,49.60445
4633,59,143,942,2413,941,2408,941,49.60445
4634,59,143,942,2413,941,2408,941,49.60445
4635,59,143,942,2413,941,2408,941,49.60445
4636,59,143,942,2413,941,2408,941,49.60445
4637,59,143,942,2413,941,2408,941,49.60445
4638,59,143,942,2413,941,2408,941,49.60445
4639,59,143,942,2413,941,2408,941,49.60445
4640,59,143,943,2416,941,2408,941,49.60445
4641,59,143,943,2416,941,2408,941,49.60445
4642,59,143,943,2416,941,2408,941,49.60445
4643,59,143,943,2416,941,2408,941,49.60445
4644,59,143,943,2416,941,2408,941,49.60445
4645,59,143,943,2416,941,2408,941,49.60445
4646,59,143,943,2416,941,2408,941,49.60445
4647,59,143,943,2416,941,2408,941,49.60445
4648,59,143,943,2416,941,2408,941,49.60445
4649,59,143,943,2416,941,2408,941,49.60445
4650,59,143,943,2416,941,2408,941,49.60445
4651,59,143,943,2416,941,2408,941,49.60445
4652,59,143,943,2416,941,2408,941,49.60445
4653,59,143,943,2416,941,2408,941,49.60445
4654,59,143,943,2416,941,2408,941,49.60445
4655,59,143,943,2416,941,2408,941,49.60445
4656,59,143,945,2423,941,2408,941,49.60445
4657,59,143,945,2423,941,2408,941,49.60445
4658,59,143,945,2423,941,2408,941,49.60445
4659,59,143,945,2423,941,2408,941,49.60445
4660,59,143,946,2424,941,2408,941,49.60445
4661,59,143,946,2424,941,2408,941,49.60445
4662,59,143,946,2424,941,2408,941,49.60445
4663,59,143,946,2424,941,2408,941,49.60445
4664,59,143,946,2424,941,2408,941,49.60445
4665,59,143,946,2424,941,2408,941,49.60445
4666,59,143,946,2424,941,2408,941,49.60445
4667,59,143,946,2424,941,2408,941,49.60445
4668,59,143,946,2424,941,2408,941,49.60445
4669,59,143,946,2424,941,2408,941,49.60445
4670,59,143,946,2424,941,2408,941,49.60445
4671,59,143,946,2424,941,2408,941,49.60445
4672,59,143,946,2424,941,2408,941,49.60445
4673,59,143,946,2424,941,2408,941,49.60445
4674,59,143,946,2424,941,2408,941,49.60445
4675,59,143,946,2424,941,2408,941,49.60445
4676,59,143,946,2424,941,2408,941,49.60445
4677,59,143,946,2424,941,2408,941,49.60445
4678,58,138,946,2424,942,2413,942,49.60445
4679,58,138,946,2424,942,2413,942,49.61454
4680,58,138,946,2424,942,2413,942,49.61454
4681,58,138,946,2424,942,2413,942,49.61454
4682,58,138,946,2424,942,2413,942,49.61454
4683,58,138,946,2424,942,2413,942,49.61454
4684,58,138,946,2424,942,2413,942,49.61454
4685,58,138,946,2424,942,2413,942,49.61454
4686,58,138,946,2424,942,2413,942,49.61454
4687,58,138,946,2424,942,2413,942,49.61454
4688,58,138,946,2424,942,2413,942,49.61454
4689,58,138,946,2424,942,2413,942,49.61454
4690,58,138,946,2424,942,2413,942,49.61454
4691,58,138,946,2424,942,2413,942,49.61454
4692,58,138,946,2424,942,2413,942,49.61454
4693,58,138,946,2424,942,2413,942,49.61454
4694,58,138,946,2424,942,2413,942,49.61454
4695,58,138,946,2424,942,2413,942,49.61454
4696,58,138,946,2424,942,2413,942,49.61454
4697,58,138,946,2424,942,2413,942,49.61454
4698,57,136,946,2424,943,2415,943,49.61454
4699,57,136,946,2424,943,2415,943,49.59868
4700,57,136,946,2424,943,2415,943,49.59868
4701,57,136,946,2424,943,2415,943,49.59868
4702,57,136,946,2424,943,2415,943,49.59868
4703,57,136,946,2424,943,2415,943,49.59868
4704,57,136,946,2424,943,2415,943,49.59868
4705,57,136,946,2424,943,2415,943,49.59868
4706,57,136,946,2424,943,2415,943,49.59868
4707,57,136,946,2424,943,2415,943,49.59868
4708,57,136,946,2424,943,2415,943,49.59868
4709,57,136,946,2424,943,2415,943,49.59868
4710,57,136,947,2425,943,2415,943,49.59868
4711,57,136,947,2425,943,2415,943,49.59868
4712,57,136,947,2425,943,2415,943,49.59868
4713,57,136,947,2425,943,2415,943,49.59868
4714,57,136,947,2425,943,2415,943,49.59868
4715,57,136,947,2425,943,2415,943,49.59868
4716,57,136,947,2425,943,2415,943,49.59868
4717,57,136,947,2425,943,2415,943,49.59868
4718,57,136,947,2425,943,2415,943,49.59868
4719,57,136,947,2425,943,2415,943,49.59868
4720,57,136,947,2425,943,2415,943,49.59868
4721,57,136,947,2425,943,2415,943,49.59868
4722,57,136,947,2425,943,2415,943,49.59868
4723,57,136,947,2425,943,2415,943,49.59868
4724,57,136,947,2425,943,2415,943,49.59868
4725,57,136,947,2425,943,2415,943,49.59868
4726,57,136,947,2425,943,2415,943,49.59868
4727,57,136,947,2425,943,2415,943,49.59868
4728,57,136,947,2425,943,2415,943,49.59868
4729,57,136,947,2425,943,2415,943,49.59868
4730,57,136,947,2425,943,2415,943,49.59868
4731,57,136,947,2425,943,2415,943,49.59868
4732,57,136,947,2425,943,2415,943,49.59868
4733,57,136,947,2425,943,2415,943,49.59868
4734,57,136,947,2425,943,2415,943,49.59868
4735,57,136,947,2425,943,2415,943,49.59868
4736,57,136,947,2425,943,2415,943,49.59868
4737,57,136,948,2430,943,2415,943,49.59868
4738,57,136,948,2430,943,2415,943,49.59868
4739,57,136,948,2430,943,2415,943,49.59868
4740,57,136,948,2430,943,2415,943,49.59868
4741,57,136,948,2430,943,2415,943,49.59868
4742,56,131,948,2430,944,2420,944,49.59868
4743,55,128,948,2430,945,2423,945,49.63137
4744,55,128,948,2430,945,2423,945,49.66248
4745,55,128,948,2430,945,2423,945,49.66248
4746,55,128,948,2430,945,2423,945,49.66248
4747,54,127,948,2430,946,2424,946,49.66248
4748,54,127,948,2430,946,2424,946,49.69857
4749,54,127,948,2430,946,2424,946,49.69857
4750,54,127,948,2430,946,2424,946,49.69857
4751,54,127,948,2430,946,2424,946,49.69857
4752,54,127,948,2430,946,2424,946,49.69857
4753,54,127,948,2430,946,2424,946,49.69857
4754,54,127,948,2430,946,2424,946,49.69857
4755,54,127,948,2430,946,2424,946,49.69857
4756,54,127,948,2430,946,2424,946,49.69857
4757,54,127,948,2430,946,2424,946,49.69857
4758,54,127,948,2430,946,2424,946,49.69857
4759,54,127,948,2430,946,2424,946,49.69857
4760,53,126,948,2430,947,2425,947,49.69857
4761,53,126,948,2430,947,2425,947,49.69827
4762,53,126,948,2430,947,2425,947,49.69827
4763,53,126,948,2430,947,2425,947,49.69827
4764,53,126,948,2430,947,2425,947,49.69827
4765,53,126,948,2430,947,2425,947,49.69827
4766,53,126,948,2430,947,2425,947,49.69827
4767,53,126,948,2430,947,2425,947,49.69827
4768,53,126,948,2430,947,2425,947,49.69827
4769,53,126,948,2430,947,2425,947,49.69827
4770,53,126,948,2430,947,2425,947,49.69827
4771,53,126,948,2430,947,2425,947,49.69827
4772,53,126,949,2432,947,2425,947,49.69827
4773,53,126,949,2432,947,2425,947,49.69827
4774,53,126,949,2432,947,2425,947,49.69827
4775,53,126,949,2432,947,2425,947,49.69827
4776,53,126,949,2432,947,2425,947,49.69827
4777,53,126,949,2432,947,2425,947,49.69827
4778,53,126,949,2432,947,2425,947,49.69827
4779,53,126,949,2432,947,2425,947,49.69827
4780,53,126,949,2432,947,2425,947,49.69827
4781,53,126,949,2432,947,2425,947,49.69827
4782,53,126,949,2432,947,2425,947,49.69827
4783,53,126,949,2432,947,2425,947,49.69827
4784,53,126,949,2432,947,2425,947,49.69827
4785,53,126,949,2432,947,2425,947,49.69827
4786,53,126,949,2432,947,2425,947,49.69827
4787,53,126,949,2432,947,2425,947,49.69827
4788,53,126,949,2432,947,2425,947,49.69827
4789,53,126,949,2432,947,2425,947,49.69827
4790,53,126,949,2432,947,2425,947,49.69827
4791,53,126,949,2432,947,2425,947,49.69827
4792,53,126,949,2432,947,2425,947,49.69827
4793,53,126,949,2432,947,2425,947,49.69827
4794,53,126,949,2432,947,2425,947,49.69827
4795,53,126,949,2432,947,2425,947,49.69827
4796,53,126,949,2432,947,2425,947,49.69827
4797,53,126,950,2437,947,2425,947,49.69827
4798,53,126,950,2437,947,2425,947,49.69827
4799,53,126,950,2437,947,2425,947,49.69827
4800,53,126,950,2437,947,2425,947,49.69827
4801,53,126,950,2437,947,2425,947,49.69827
4802,53,126,950,2437,947,2425,947,49.69827
4803,53,126,950,2437,947,2425,947,49.69827
4804,53,126,950,2437,947,2425,947,49.69827
4805,53,126,950,2437,947,2425,947,49.69827
4806,53,126,950,2437,947,2425,947,49.69827
4807,53,126,950,2437,947,2425,947,49.69827
4808,53,126,950,2437,947,2425,947,49.69827
4809,53,126,950,2437,947,2425,947,49.69827
4810,53,126,950,2437,947,2425,947,49.69827
4811,53,126,950,2437,947,2425,947,49.69827
4812,53,126,950,2437,947,2425,947,49.69827
4813,52,121,950,2437,948,2430,948,49.69827
4814,52,121,950,2437,948,2430,948,49.66046
4815,52,121,950,2437,948,2430,948,49.66046
4816,52,121,950,2437,948,2430,948,49.66046
4817,52,121,950,2437,948,2430,948,49.66046
4818,52,121,950,2437,948,2430,948,49.66046
4819,52,121,950,2437,948,2430,948,49.66046
4820,52,121,950,2437,948,2430,948,49.66046
4821,52,121,950,2437,948,2430,948,49.66046
4822,52,121,950,2437,948,2430,948,49.66046
4823,52,121,950,2437,948,2430,948,49.66046
4824,52,121,950,2437,948,2430,948,49.66046
4825,52,121,950,2437,948,2430,948,49.66046
4826,52,121,950,2437,948,2430,948,49.66046
4827,52,121,950,2437,948,2430,948,49.66046
4828,52,121,950,2437,948,2430,948,49.66046
4829,52,121,950,2437,948,2430,948,49.66046
4830,52,121,950,2437,948,2430,948,49.66046
4831,51,119,950,2437,949,2432,949,49.66046
4832,51,119,950,2437,949,2432,949,49.66145
4833,51,119,950,2437,949,2432,949,49.66145
4834,51,119,950,2437,949,2432,949,49.66145
4835,51,119,950,2437,949,2432,949,49.66145
4836,51,119,950,2437,949,2432,949,49.66145
4837,51,119,950,2437,949,2432,949,49.66145
4838,51,119,950,2437,949,2432,949,49.66145
4839,51,119,950,2437,949,2432,949,49.66145
4840,51,119,950,2437,949,2432,949,49.66145
4841,51,119,950,2437,949,2432,949,49.66145
4842,51,119,950,2437,949,2432,949,49.66145
4843,50,114,950,2437,950,2437,950,49.66145
4844,50,114,950,2437,950,2437,950,49.70871
4845,50,114,950,2437,950,2437,950,49.70871
4846,50,114,950,2437,950,2437,950,49.70871
4847,50,114,950,2437,950,2437,950,49.70871
4848,50,114,950,2437,950,2437,950,49.70871
4849,50,114,950,2437,950,2437,950,49.70871
4850,50,114,950,2437,950,2437,950,49.70871
4851,50,114,950,2437,950,2437,950,49.70871
4852,50,114,950,2437,950,2437,950,49.70871
4853,50,114,950,2437,950,2437,950,49.70871
4854,50,114,950,2437,950,2437,950,49.70871
4855,50,114,950,2437,950,2437,950,49.70871
4856,50,114,950,2437,950,2437,950,49.70871
4857,50,114,950,2437,950,2437,950,49.70871
4858,50,114,950,2437,950,2437,950,49.70871
4859,50,114,950,2437,950,2437,950,49.70871
4860,50,114,950,2437,950,2437,950,49.70871
4861,50,114,950,2437,950,2437,950,49.70871
4862,50,114,950,2437,950,2437,950,49.70871
4863,50,114,950,2437,950,2437,950,49.70871
4864,50,114,950,2437,950,2437,950,49.70871
4865,50,114,950,2437,950,2437,950,49.70871
4866,50,114,950,2437,950,2437,950,49.70871
4867,50,114,950,2437,950,2437,950,49.70871
4868,50,114,950,2437,950,2437,950,49.70871
4869,50,114,950,2437,950,2437,950,49.70871
4870,50,114,950,2437,950,2437,950,49.70871
4871,50,114,950,2437,950,2437,950,49.70871
4872,50,114,950,2437,950,2437,950,49.70871
4873,50,114,950,2437,950,2437,950,49.70871
4874,50,114,950,2437,950,2437,950,49.70871
4875,50,114,950,2437,950,2437,950,49.70871
4876,50,114,950,2437,950,2437,950,49.70871
4877,50,114,950,2437,950,2437,950,49.70871
4878,50,114,950,2437,950,2437,950,49.70871
4879,50,114,950,2437,950,2437,950,49.70871
4880,50,114,950,2437,950,2437,950,49.70871
4881,50,114,950,2437,950,2437,950,49.70871
4882,50,114,950,2437,950,2437,950,49.70871
4883,50,114,950,2437,950,2437,950,49.70871
4884,50,114,950,2437,950,2437,950,49.70871
4885,50,114,950,2437,950,2437,950,49.70871
4886,50,114,950,2437,950,2437,950,49.70871
4887,50,114,950,2437,950,2437,950,49.70871
4888,50,114,950,2437,950,2437,950,49.70871
4889,50,114,950,2437,950,2437,950,49.70871
4890,50,114,950,2437,950,2437,950,49.70871
4891,50,114,950,2437,950,2437,950,49.70871
4892,50,114,950,2437,950,2437,950,49.70871
4893,50,114,950,2437,950,2437,950,49.70871
4894,50,114,950,2437,950,2437,950,49.70871
4895,50,114,950,2437,950,2437,950,49.70871
4896,50,114,950,2437,950,2437,950,49.70871
4897,50,114,950,2437,950,2437,950,49.70871
4898,50,114,950,2437,950,2437,950,49.70871
4899,50,114,950,2437,950,2437,950,49.70871
4900,50,114,950,2437,950,2437,950,49.70871
4901,50,114,950,2437,950,2437,950,49.70871
4902,50,114,950,2437,950,2437,950,49.70871
4903,50,114,950,2437,950,2437,950,49.70871
4904,50,114,950,2437,950,2437,950,49.70871
4905,50,114,950,2437,950,2437,950,49.70871
4906,50,114,950,2437,950,2437,950,49.70871
4907,50,114,950,2437,950,2437,950,49.70871
4908,50,114,950,2437,950,2437,950,49.70871
4909,50,114,951,2442,950,2437,950,49.70871
4910,50,114,951,2442,950,2437,950,49.70871
4911,50,114,951,2442,950,2437,950,49.70871
4912,50,114,951,2442,950,2437,950,49.70871
4913,50,114,951,2442,950,2437,950,49.70871
4914,50,114,951,2442,950,2437,950,49.70871
4915,50,114,951,2442,950,2437,950,49.70871
4916,50,114,951,2442,950,2437,950,49.70871
4917,50,114,951,2442,950,2437,950,49.70871
4918,50,114,951,2442,950,2437,950,49.70871
4919,50,114,951,2442,950,2437,950,49.70871
4920,50,114,951,2442,950,2437,950,49.70871
4921,50,114,951,2442,950,2437,950,49.70871
4922,50,114,951,2442,950,2437,950,49.70871
4923,50,114,951,2442,950,2437,950,49.70871
4924,50,114,951,2442,950,2437,950,49.70871
4925,50,114,951,2442,950,2437,950,49.70871
4926,50,114,951,2442,950,2437,950,49.70871
4927,50,114,951,2442,950,2437,950,49.70871
4928,50,114,951,2442,950,2437,950,49.70871
4929,50,114,951,2442,950,2437,950,49.70871
4930,50,114,951,2442,950,2437,950,49.70871
4931,50,114,951,2442,950,2437,950,49.70871
4932,50,114,951,2442,950,2437,950,49.70871
4933,50,114,951,2442,950,2437,950,49.70871
4934,50,114,951,2442,950,2437,950,49.70871
4935,50,114,951,2442,950,2437,950,49.70871
4936,50,114,951,2442,950,2437,950,49.70871
4937,50,114,951,2442,950,2437,950,49.70871
4938,50,114,952,2443,950,2437,950,49.70871
4939,50,114,952,2443,950,2437,950,49.70871
4940,50,114,952,2443,950,2437,950,49.70871
4941,49,109,952,2443,951,2442,951,49.70871
4942,49,109,952,2443,951,2442,951,49.68422
4943,49,109,952,2443,951,2442,951,49.68422
4944,49,109,952,2443,951,2442,951,49.68422
4945,49,109,952,2443,951,2442,951,49.68422
4946,49,109,952,2443,951,2442,951,49.68422
4947,49,109,952,2443,951,2442,951,49.68422
4948,49,109,952,2443,951,2442,951,49.68422
4949,49,109,952,2443,951,2442,951,49.68422
4950,49,109,952,2443,951,2442,951,49.68422
4951,49,109,952,2443,951,2442,951,49.68422
4952,49,109,952,2443,951,2442,951,49.68422
4953,49,109,952,2443,951,2442,951,49.68422
4954,49,109,953,2444,951,2442,951,49.68422
4955,49,109,953,2444,951,2442,951,49.68422
4956,49,109,953,2444,951,2442,951,49.68422
4957,49,109,953,2444,951,2442,951,49.68422
4958,49,109,953,2444,951,2442,951,49.68422
4959,49,109,953,2444,951,2442,951,49.68422
4960,49,109,953,2444,951,2442,951,49.68422
4961,49,109,953,2444,951,2442,951,49.68422
4962,49,109,953,2444,951,2442,951,49.68422
4963,49,109,953,2444,951,2442,951,49.68422
4964,49,109,953,2444,951,2442,951,49.68422
4965,49,109,953,2444,951,2442,951,49.68422
4966,49,109,953,2444,951,2442,951,49.68422
4967,49,109,953,2444,951,2442,951,49.68422
4968,49,109,953,2444,951,2442,951,49.68422
4969,49,109,953,2444,951,2442,951,49.68422
4970,49,109,953,2444,951,2442,951,49.68422
4971,49,109,953,2444,951,2442,951,49.68422
4972,49,109,953,2444,951,2442,951,49.68422
4973,49,109,953,2444,951,2442,951,49.68422
4974,49,109,953,2444,951,2442,951,49.68422
4975,49,109,953,2444,951,2442,951,49.68422
4976,49,109,953,2444,951,2442,951,49.68422
4977,49,109,953,2444,951,2442,951,49.68422
4978,49,109,953,2444,951,2442,951,49.68422
4979,49,109,953,2444,951,2442,951,49.68422
4980,49,109,953,2444,951,2442,951,49.68422
4981,49,109,953,2444,951,2442,951,49.68422
4982,49,109,953,2444,951,2442,951,49.68422
4983,49,109,953,2444,951,2442,951,49.68422
4984,49,109,953,2444,951,2442,951,49.68422
4985,49,109,953,2444,951,2442,951,49.68422
4986,49,109,953,2444,951,2442,951,49.68422
4987,49,109,953,2444,951,2442,951,49.68422
4988,49,109,954,2445,951,2442,951,49.68422
4989,49,109,954,2445,951,2442,951,49.68422
4990,49,109,954,2445,951,2442,951,49.68422
4991,49,109,954,2445,951,2442,951,49.68422
4992,49,109,954,2445,951,2442,951,49.68422
4993,49,109,954,2445,951,2442,951,49.68422
4994,48,108,954,2445,952,2443,952,49.68422
4995,48,108,954,2445,952,2443,952,49.67062
4996,48,108,954,2445,952,2443,952,49.67062
4997,48,108,954,2445,952,2443,952,49.67062
4998,48,108,954,2445,952,2443,952,49.67062
4999,48,108,954,2445,952,2443,952,49.67062
5000,48,108,954,2445,952,2443,952,49.67062
5001,48,108,954,2445,952,2443,952,49.67062
5002,48,108,954,2445,952,2443,952,49.67062
5003,47,107,954,2445,953,2444,953,49.67062
5004,47,107,954,2445,953,2444,953,49.67386
5005,47,107,954,2445,953,2444,953,49.67386
5006,47,107,954,2445,953,2444,953,49.67386
5007,47,107,954,2445,953,2444,953,49.67386
5008,47,107,954,2445,953,2444,953,49.67386
5009,47,107,954,2445,953,2444,953,49.67386
5010,47,107,954,2445,953,2444,953,49.67386
5011,47,107,954,2445,953,2444,953,49.67386
5012,47,107,954,2445,953,2444,953,49.67386
5013,47,107,954,2445,953,2444,953,49.67386
5014,47,107,954,2445,953,2444,953,49.67386
5015,47,107,954,2445,953,2444,953,49.67386
5016,47,107,954,2445,953,2444,953,49.67386
5017,47,107,954,2445,953,2444,953,49.67386
5018,47,107,955,2446,953,2444,953,49.67386
5019,47,107,955,2446,953,2444,953,49.67386
5020,47,107,956,2447,953,2444,953,49.67386
5021,47,107,956,2447,953,2444,953,49.67386
5022,47,107,956,2447,953,2444,953,49.67386
5023,47,107,956,2447,953,2444,953,49.67386
5024,47,107,956,2447,953,2444,953,49.67386
5025,47,107,956,2447,953,2444,953,49.67386
5026,47,107,956,2447,953,2444,953,49.67386
5027,47,107,956,2447,953,2444,953,49.67386
5028,47,107,956,2447,953,2444,953,49.67386
5029,47,107,956,2447,953,2444,953,49.67386
5030,47,107,956,2447,953,2444,953,49.67386
5031,47,107,956,2447,953,2444,953,49.67386
5032,47,107,957,2448,953,2444,953,49.67386
5033,47,107,957,2448,953,2444,953,49.67386
5034,47,107,957,2448,953,2444,953,49.67386
5035,47,107,957,2448,953,2444,953,49.67386
5036,47,107,957,2448,953,2444,953,49.67386
5037,47,107,957,2448,953,2444,953,49.67386
5038,47,107,957,2448,953,2444,953,49.67386
5039,47,107,957,2448,953,2444,953,49.67386
5040,47,107,958,2449,953,2444,953,49.67386
5041,47,107,959,2452,953,2444,953,49.67386
5042,47,107,959,2452,953,2444,953,49.67386
5043,47,107,959,2452,953,2444,953,49.67386
5044,47,107,959,2452,953,2444,953,49.67386
5045,47,107,959,2452,953,2444,953,49.67386
5046,47,107,959,2452,953,2444,953,49.67386
5047,47,107,960,2453,953,2444,953,49.67386
5048,46,106,960,2453,954,2445,954,49.67386
5049,46,106,960,2453,954,2445,954,49.65039
5050,46,106,960,2453,954,2445,954,49.65039
5051,46,106,960,2453,954,2445,954,49.65039
5052,46,106,960,2453,954,2445,954,49.65039
5053,46,106,960,2453,954,2445,954,49.65039
5054,46,106,960,2453,954,2445,954,49.65039
5055,46,106,960,2453,954,2445,954,49.65039
5056,45,105,960,2453,955,2446,955,49.65039
5057,45,105,960,2453,955,2446,955,49.62233
5058,45,105,960,2453,955,2446,955,49.62233
5059,45,105,960,2453,955,2446,955,49.62233
5060,45,105,960,2453,955,2446,955,49.62233
5061,45,105,960,2453,955,2446,955,49.62233
5062,45,105,960,2453,955,2446,955,49.62233
5063,45,105,960,2453,955,2446,955,49.62233
5064,45,105,960,2453,955,2446,955,49.62233
5065,44,104,960,2453,956,2447,956,49.62233
5066,44,104,960,2453,956,2447,956,49.60752
5067,43,103,960,2453,957,2448,957,49.60752
5068,43,103,960,2453,957,2448,957,49.57717
5069,43,103,960,2453,957,2448,957,49.57717
5070,43,103,960,2453,957,2448,957,49.57717
5071,43,103,960,2453,957,2448,957,49.57717
5072,43,103,960,2453,957,2448,957,49.57717
5073,43,103,960,2453,957,2448,957,49.57717
5074,43,103,960,2453,957,2448,957,49.57717
5075,43,103,960,2453,957,2448,957,49.57717
5076,43,103,960,2453,957,2448,957,49.57717
5077,42,102,960,2453,958,2449,958,49.57717
5078,42,102,960,2453,958,2449,958,49.60981
5079,42,102,961,2457,958,2449,958,49.60981
5080,42,102,961,2457,958,2449,958,49.60981
5081,42,102,961,2457,958,2449,958,49.60981
5082,42,102,961,2457,958,2449,958,49.60981
5083,42,102,961,2457,958,2449,958,49.60981
5084,42,102,961,2457,958,2449,958,49.60981
5085,42,102,961,2457,958,2449,958,49.60981
5086,42,102,961,2457,958,2449,958,49.60981
5087,42,102,961,2457,958,2449,958,49.60981
5088,42,102,961,2457,958,2449,958,49.60981
5089,42,102,961,2457,958,2449,958,49.60981
5090,42,102,961,2457,958,2449,958,49.60981
5091,42,102,961,2457,958,2449,958,49.60981
5092,42,102,961,2457,958,2449,958,49.60981
5093,42,102,961,2457,958,2449,958,49.60981
5094,42,102,961,2457,958,2449,958,49.60981
5095,42,102,961,2457,958,2449,958,49.60981
5096,42,102,961,2457,958,2449,958,49.60981
5097,42,102,961,2457,958,2449,958,49.60981
5098,42,102,961,2457,958,2449,958,49.60981
5099,42,102,961,2457,958,2449,958,49.60981
5100,42,102,961,2457,958,2449,958,49.60981
5101,42,102,961,2457,958,2449,958,49.60981
5102,42,102,961,2457,958,2449,958,49.60981
5103,42,102,961,2457,958,2449,958,49.60981
5104,42,102,961,2457,958,2449,958,49.60981
5105,42,102,961,2457,958,2449,958,49.60981
5106,41,98,961,2457,959,2453,959,49.60981
5107,41,98,961,2457,959,2453,959,49.58553
5108,41,98,961,2457,959,2453,959,49.58553
5109,41,98,961,2457,959,2453,959,49.58553
5110,41,98,961,2457,959,2453,959,49.58553
5111,41,98,961,2457,959,2453,959,49.58553
5112,40,97,961,2457,960,2454,960,49.58553
5113,40,97,961,2457,960,2454,960,49.59414
5114,40,97,962,2462,960,2454,960,49.59414
5115,40,97,962,2462,960,2454,960,49.59414
5116,40,97,962,2462,960,2454,960,49.59414
5117,40,97,962,2462,960,2454,960,49.59414
5118,39,94,962,2462,961,2457,961,49.59414
5119,39,94,962,2462,961,2457,961,49.60334
5120,39,94,962,2462,961,2457,961,49.60334
5121,39,94,963,2463,961,2457,961,49.60334
5122,39,94,963,2463,961,2457,961,49.60334
5123,39,94,963,2463,961,2457,961,49.60334
5124,39,94,963,2463,961,2457,961,49.60334
5125,39,94,963,2463,961,2457,961,49.60334
5126,39,94,963,2463,961,2457,961,49.60334
5127,39,94,963,2463,961,2457,961,49.60334
5128,39,94,963,2463,961,2457,961,49.60334
5129,39,94,963,2463,961,2457,961,49.60334
5130,39,94,963,2463,961,2457,961,49.60334
5131,39,94,963,2463,961,2457,961,49.60334
5132,39,94,963,2463,961,2457,961,49.60334
5133,39,94,963,2463,961,2457,961,49.60334
5134,39,94,963,2463,961,2457,961,49.60334
5135,39,94,963,2463,961,2457,961,49.60334
5136,39,94,963,2463,961,2457,961,49.60334
5137,38,89,963,2463,962,2462,962,49.60334
5138,38,89,963,2463,962,2462,962,49.57146
5139,38,89,963,2463,962,2462,962,49.57146
5140,38,89,963,2463,962,2462,962,49.57146
5141,38,89,963,2463,962,2462,962,49.57146
5142,38,89,963,2463,962,2462,962,49.57146
5143,38,89,964,2465,962,2462,962,49.57146
5144,38,89,964,2465,962,2462,962,49.57146
5145,38,89,964,2465,962,2462,962,49.57146
5146,38,89,964,2465,962,2462,962,49.57146
5147,38,89,964,2465,962,2462,962,49.57146
5148,38,89,964,2465,962,2462,962,49.57146
5149,38,89,964,2465,962,2462,962,49.57146
5150,38,89,964,2465,962,2462,962,49.57146
5151,38,89,964,2465,962,2462,962,49.57146
5152,38,89,964,2465,962,2462,962,49.57146
5153,37,88,964,2465,963,2463,963,49.57146
5154,37,88,964,2465,963,2463,963,49.55283
5155,37,88,964,2465,963,2463,963,49.55283
5156,37,88,964,2465,963,2463,963,49.55283
5157,37,88,964,2465,963,2463,963,49.55283
5158,37,88,964,2465,963,2463,963,49.55283
5159,37,88,964,2465,963,2463,963,49.55283
5160,37,88,964,2465,963,2463,963,49.55283
5161,37,88,964,2465,963,2463,963,49.55283
5162,37,88,964,2465,963,2463,963,49.55283
5163,37,88,964,2465,963,2463,963,49.55283
5164,37,88,964,2465,963,2463,963,49.55283
5165,37,88,964,2465,963,2463,963,49.55283
5166,37,88,964,2465,963,2463,963,49.55283
5167,37,88,964,2465,963,2463,963,49.55283
5168,37,88,964,2465,963,2463,963,49.55283
5169,36,86,964,2465,964,2465,964,49.55283
5170,36,86,964,2465,964,2465,964,49.52111
5171,36,86,964,2465,964,2465,964,49.52111
5172,36,86,964,2465,964,2465,964,49.52111
5173,36,86,964,2465,964,2465,964,49.52111
5174,36,86,964,2465,964,2465,964,49.52111
5175,36,86,964,2465,964,2465,964,49.52111
5176,36,86,964,2465,964,2465,964,49.52111
5177,36,86,964,2465,964,2465,964,49.52111
5178,36,86,964,2465,964,2465,964,49.52111
5179,36,86,964,2465,964,2465,964,49.52111
5180,36,86,964,2465,964,2465,964,49.52111
5181,36,86,964,2465,964,2465,964,49.52111
5182,36,86,964,2465,964,2465,964,49.52111
5183,36,86,964,2465,964,2465,964,49.52111
5184,36,86,964,2465,964,2465,964,49.52111
5185,36,86,964,2465,964,2465,964,49.52111
5186,36,86,964,2465,964,2465,964,49.52111
5187,36,86,964,2465,964,2465,964,49.52111
5188,36,86,964,2465,964,2465,964,49.52111
5189,36,86,964,2465,964,2465,964,49.52111
5190,36,86,964,2465,964,2465,964,49.52111
5191,36,86,964,2465,964,2465,964,49.52111
5192,36,86,964,2465,964,2465,964,49.52111
5193,36,86,964,2465,964,2465,964,49.52111
5194,36,86,964,2465,964,2465,964,49.52111
5195,36,86,964,2465,964,2465,964,49.52111
5196,36,86,964,2465,964,2465,964,49.52111
5197,36,86,964,2465,964,2465,964,49.52111
5198,36,86,964,2465,964,2465,964,49.52111
5199,36,86,964,2465,964,2465,964,49.52111
5200,36,86,964,2465,964,2465,964,49.52111
5201,36,86,964,2465,964,2465,964,49.52111
5202,36,86,964,2465,964,2465,964,49.52111
5203,36,86,964,2465,964,2465,964,49.52111
5204,36,86,964,2465,964,2465,964,49.52111
5205,36,86,964,2465,964,2465,964,49.52111
5206,36,86,964,2465,964,2465,964,49.52111
5207,36,86,964,2465,964,2465,964,49.52111
5208,36,86,965,2469,964,2465,964,49.52111
5209,36,86,965,2469,964,2465,964,49.52111
5210,36,86,965,2469,964,2465,964,49.52111
5211,36,86,965,2469,964,2465,964,49.52111
5212,36,86,965,2469,964,2465,964,49.52111
5213,36,86,965,2469,964,2465,964,49.52111
5214,36,86,965,2469,964,2465,964,49.52111
5215,36,86,965,2469,964,2465,964,49.52111
5216,36,86,965,2469,964,2465,964,49.52111
5217,36,86,965,2469,964,2465,964,49.52111
5218,36,86,965,2469,964,2465,964,49.52111
5219,36,86,965,2469,964,2465,964,49.52111
5220,36,86,965,2469,964,2465,964,49.52111
5221,36,86,965,2469,964,2465,964,49.52111
5222,36,86,965,2469,964,2465,964,49.52111
5223,36,86,965,2469,964,2465,964,49.52111
5224,36,86,965,2469,964,2465,964,49.52111
5225,36,86,965,2469,964,2465,964,49.52111
5226,36,86,965,2469,964,2465,964,49.52111
5227,36,86,965,2469,964,2465,964,49.52111
5228,36,86,965,2469,964,2465,964,49.52111
5229,36,86,965,2469,964,2465,964,49.52111
5230,36,86,965,2469,964,2465,964,49.52111
5231,36,86,965,2469,964,2465,964,49.52111
5232,36,86,965,2469,964,2465,964,49.52111
5233,36,86,965,2469,964,2465,964,49.52111
5234,36,86,965,2469,964,2465,964,49.52111
5235,36,86,965,2469,964,2465,964,49.52111
5236,36,86,965,2469,964,2465,964,49.52111
5237,36,86,965,2469,964,2465,964,49.52111
5238,36,86,965,2469,964,2465,964,49.52111
5239,36,86,965,2469,964,2465,964,49.52111
5240,36,86,966,2474,964,2465,964,49.52111
5241,36,86,966,2474,964,2465,964,49.52111
5242,36,86,966,2474,964,2465,964,49.52111
5243,36,86,966,2474,964,2465,964,49.52111
5244,36,86,966,2474,964,2465,964,49.52111
5245,36,86,966,2474,964,2465,964,49.52111
5246,36,86,966,2474,964,2465,964,49.52111
5247,36,86,966,2474,964,2465,964,49.52111
5248,36,86,966,2474,964,2465,964,49.52111
5249,36,86,966,2474,964,2465,964,49.52111
5250,36,86,966,2474,964,2465,964,49.52111
5251,36,86,966,2474,964,2465,964,49.52111
5252,36,86,966,2474,964,2465,964,49.52111
5253,36,86,966,2474,964,2465,964,49.52111
5254,36,86,966,2474,964,2465,964,49.52111
5255,36,86,966,2474,964,2465,964,49.52111
5256,36,86,966,2474,964,2465,964,49.52111
5257,36,86,966,2474,964,2465,964,49.52111
5258,36,86,966,2474,964,2465,964,49.52111
5259,36,86,966,2474,964,2465,964,49.52111
5260,36,86,966,2474,964,2465,964,49.52111
5261,36,86,966,2474,964,2465,964,49.52111
5262,36,86,966,2474,964,2465,964,49.52111
5263,36,86,966,2474,964,2465,964,49.52111
5264,36,86,966,2474,964,2465,964,49.52111
5265,36,86,966,2474,964,2465,964,49.52111
5266,36,86,966,2474,964,2465,964,49.52111
5267,36,86,966,2474,964,2465,964,49.52111
5268,36,86,966,2474,964,2465,964,49.52111
5269,36,86,966,2474,964,2465,964,49.52111
5270,36,86,966,2474,964,2465,964,49.52111
5271,36,86,966,2474,964,2465,964,49.52111
5272,36,86,966,2474,964,2465,964,49.52111
5273,36,86,966,2474,964,2465,964,49.52111
5274,36,86,966,2474,964,2465,964,49.52111
5275,36,86,966,2474,964,2465,964,49.52111
5276,36,86,966,2474,964,2465,964,49.52111
5277,36,86,966,2474,964,2465,964,49.52111
5278,36,86,966,2474,964,2465,964,49.52111
5279,36,86,966,2474,964,2465,964,49.52111
5280,36,86,966,2474,964,2465,964,49.52111
5281,36,86,966,2474,964,2465,964,49.52111
5282,36,86,966,2474,964,2465,964,49.52111
5283,36,86,966,2474,964,2465,964,49.52111
5284,36,86,966,2474,964,2465,964,49.52111
5285,36,86,966,2474,964,2465,964,49.52111
5286,36,86,966,2474,964,2465,964,49.52111
5287,36,86,966,2474,964,2465,964,49.52111
5288,36,86,966,2474,964,2465,964,49.52111
5289,36,86,966,2474,964,2465,964,49.52111
5290,36,86,966,2474,964,2465,964,49.52111
5291,36,86,966,2474,964,2465,964,49.52111
5292,36,86,966,2474,964,2465,964,49.52111
5293,36,86,966,2474,964,2465,964,49.52111
5294,36,86,966,2474,964,2465,964,49.52111
5295,36,86,966,2474,964,2465,964,49.52111
5296,36,86,967,2476,964,2465,964,49.52111
5297,36,86,967,2476,964,2465,964,49.52111
5298,36,86,967,2476,964,2465,964,49.52111
5299,36,86,967,2476,964,2465,964,49.52111
5300,36,86,967,2476,964,2465,964,49.52111
5301,36,86,967,2476,964,2465,964,49.52111
5302,36,86,967,2476,964,2465,964,49.52111
5303,36,86,967,2476,964,2465,964,49.52111
5304,36,86,968,2477,964,2465,964,49.52111
5305,36,86,968,2477,964,2465,964,49.52111
5306,36,86,968,2477,964,2465,964,49.52111
5307,36,86,968,2477,964,2465,964,49.52111
5308,36,86,968,2477,964,2465,964,49.52111
5309,35,84,968,2477,965,2467,965,49.52111
5310,35,84,968,2477,965,2467,965,49.47939
5311,35,84,968,2477,965,2467,965,49.47939
5312,35,84,968,2477,965,2467,965,49.47939
5313,35,84,968,2477,965,2467,965,49.47939
5314,35,84,968,2477,965,2467,965,49.47939
5315,35,84,968,2477,965,2467,965,49.47939
5316,35,84,968,2477,965,2467,965,49.47939
5317,35,84,968,2477,965,2467,965,49.47939
5318,35,84,968,2477,965,2467,965,49.47939
5319,34,79,968,2477,966,2472,966,49.47939
5320,34,79,968,2477,966,2472,966,49.48584
5321,34,79,968,2477,966,2472,966,49.48584
5322,34,79,968,2477,966,2472,966,49.48584
5323,34,79,968,2477,966,2472,966,49.48584
5324,34,79,968,2477,966,2472,966,49.48584
5325,34,79,968,2477,966,2472,966,49.48584
5326,34,79,968,2477,966,2472,966,49.48584
5327,34,79,968,2477,966,2472,966,49.48584
5328,34,79,968,2477,966,2472,966,49.48584
5329,34,79,968,2477,966,2472,966,49.48584
5330,34,79,968,2477,966,2472,966,49.48584
5331,34,79,968,2477,966,2472,966,49.48584
5332,34,79,968,2477,966,2472,966,49.48584
5333,34,79,968,2477,966,2472,966,49.48584
5334,34,79,968,2477,966,2472,966,49.48584
5335,34,79,968,2477,966,2472,966,49.48584
5336,34,79,968,2477,966,2472,966,49.48584
5337,34,79,968,2477,966,2472,966,49.48584
5338,34,79,968,2477,966,2472,966,49.48584
5339,34,79,968,2477,966,2472,966,49.48584
5340,34,79,968,2477,966,2472,966,49.48584
5341,34,79,968,2477,966,2472,966,49.48584
5342,34,79,968,2477,966,2472,966,49.48584
5343,34,79,968,2477,966,2472,966,49.48584
5344,34,79,968,2477,966,2472,966,49.48584
5345,34,79,968,2477,966,2472,966,49.48584
5346,34,79,969,2478,966,2472,966,49.48584
5347,34,79,969,2478,966,2472,966,49.48584
5348,34,79,969,2478,966,2472,966,49.48584
5349,34,79,969,2478,966,2472,966,49.48584
5350,34,79,969,2478,966,2472,966,49.48584
5351,34,79,969,2478,966,2472,966,49.48584
5352,34,79,969,2478,966,2472,966,49.48584
5353,34,79,969,2478,966,2472,966,49.48584
5354,34,79,969,2478,966,2472,966,49.48584
5355,34,79,969,2478,966,2472,966,49.48584
5356,34,79,969,2478,966,2472,966,49.48584
5357,33,75,969,2478,967,2476,967,49.48584
5358,33,75,969,2478,967,2476,967,49.54323
5359,33,75,969,2478,967,2476,967,49.54323
5360,33,75,969,2478,967,2476,967,49.54323
5361,33,75,969,2478,967,2476,967,49.54323
5362,33,75,969,2478,967,2476,967,49.54323
5363,33,75,969,2478,967,2476,967,49.54323
5364,33,75,969,2478,967,2476,967,49.54323
5365,33,75,969,2478,967,2476,967,49.54323
5366,33,75,969,2478,967,2476,967,49.54323
5367,33,75,969,2478,967,2476,967,49.54323
5368,33,75,969,2478,967,2476,967,49.54323
5369,33,75,969,2478,967,2476,967,49.54323
5370,33,75,969,2478,967,2476,967,49.54323
5371,33,75,969,2478,967,2476,967,49.54323
5372,33,75,969,2478,967,2476,967,49.54323
5373,33,75,969,2478,967,2476,967,49.54323
5374,33,75,969,2478,967,2476,967,49.54323
5375,33,75,969,2478,967,2476,967,49.54323
5376,33,75,969,2478,967,2476,967,49.54323
5377,33,75,969,2478,967,2476,967,49.54323
5378,33,75,970,2479,967,2476,967,49.54323
5379,33,75,970,2479,967,2476,967,49.54323
5380,33,75,970,2479,967,2476,967,49.54323
5381,33,75,970,2479,967,2476,967,49.54323
5382,33,75,970,2479,967,2476,967,49.54323
5383,33,75,970,2479,967,2476,967,49.54323
5384,33,75,970,2479,967,2476,967,49.54323
5385,33,75,970,2479,967,2476,967,49.54323
5386,33,75,970,2479,967,2476,967,49.54323
5387,33,75,971,2480,967,2476,967,49.54323
5388,33,75,971,2480,967,2476,967,49.54323
5389,33,75,971,2480,967,2476,967,49.54323
5390,33,75,971,2480,967,2476,967,49.54323
5391,33,75,971,2480,967,2476,967,49.54323
5392,33,75,971,2480,967,2476,967,49.54323
5393,33,75,971,2480,967,2476,967,49.54323
5394,33,75,971,2480,967,2476,967,49.54323
5395,33,75,971,2480,967,2476,967,49.54323
5396,32,74,971,2480,968,2477,968,49.54323
5397,32,74,971,2480,968,2477,968,49.57906
5398,32,74,971,2480,968,2477,968,49.57906
5399,32,74,971,2480,968,2477,968,49.57906
5400,32,74,971,2480,968,2477,968,49.57906
5401,32,74,971,2480,968,2477,968,49.57906
5402,32,74,971,2480,968,2477,968,49.57906
5403,32,74,971,2480,968,2477,968,49.57906
5404,31,73,971,2480,969,2478,969,49.57906
5405,31,73,971,2480,969,2478,969,49.58557
5406,31,73,971,2480,969,2478,969,49.58557
5407,31,73,971,2480,969,2478,969,49.58557
5408,31,73,971,2480,969,2478,969,49.58557
5409,31,73,971,2480,969,2478,969,49.58557
5410,31,73,971,2480,969,2478,969,49.58557
5411,31,73,971,2480,969,2478,969,49.58557
5412,31,73,971,2480,969,2478,969,49.58557
5413,31,73,971,2480,969,2478,969,49.58557
5414,31,73,971,2480,969,2478,969,49.58557
5415,31,73,971,2480,969,2478,969,49.58557
5416,31,73,972,2482,969,2478,969,49.58557
5417,31,73,972,2482,969,2478,969,49.58557
5418,31,73,972,2482,969,2478,969,49.58557
5419,31,73,972,2482,969,2478,969,49.58557
5420,31,73,972,2482,969,2478,969,49.58557
5421,31,73,972,2482,969,2478,969,49.58557
5422,31,73,972,2482,969,2478,969,49.58557
5423,31,73,972,2482,969,2478,969,49.58557
5424,31,73,972,2482,969,2478,969,49.58557
5425,31,73,972,2482,969,2478,969,49.58557
5426,31,73,972,2482,969,2478,969,49.58557
5427,31,73,972,2482,969,2478,969,49.58557
5428,31,73,972,2482,969,2478,969,49.58557
5429,31,73,972,2482,969,2478,969,49.58557
5430,31,73,972,2482,969,2478,969,49.58557
5431,30,72,972,2482,970,2479,970,49.58557
5432,30,72,972,2482,970,2479,970,49.57528
5433,30,72,972,2482,970,2479,970,49.57528
5434,30,72,972,2482,970,2479,970,49.57528
5435,30,72,972,2482,970,2479,970,49.57528
5436,30,72,972,2482,970,2479,970,49.57528
5437,30,72,972,2482,970,2479,970,49.57528
5438,30,72,972,2482,970,2479,970,49.57528
5439,30,72,972,2482,970,2479,970,49.57528
5440,29,71,972,2482,971,2480,971,49.57528
5441,29,71,972,2482,971,2480,971,49.57681
5442,29,71,972,2482,971,2480,971,49.57681
5443,29,71,972,2482,971,2480,971,49.57681
5444,29,71,972,2482,971,2480,971,49.57681
5445,29,71,972,2482,971,2480,971,49.57681
5446,29,71,972,2482,971,2480,971,49.57681
5447,29,71,972,2482,971,2480,971,49.57681
5448,29,71,972,2482,971,2480,971,49.57681
5449,29,71,972,2482,971,2480,971,49.57681
5450,29,71,972,2482,971,2480,971,49.57681
5451,29,71,972,2482,971,2480,971,49.57681
5452,29,71,972,2482,971,2480,971,49.57681
5453,29,71,972,2482,971,2480,971,49.57681
5454,29,71,972,2482,971,2480,971,49.57681
5455,29,71,972,2482,971,2480,971,49.57681
5456,29,71,972,2482,971,2480,971,49.57681
5457,29,71,972,2482,971,2480,971,49.57681
5458,29,71,972,2482,971,2480,971,49.57681
5459,29,71,972,2482,971,2480,971,49.57681
5460,29,71,972,2482,971,2480,971,49.57681
5461,29,71,972,2482,971,2480,971,49.57681
5462,29,71,972,2482,971,2480,971,49.57681
5463,29,71,972,2482,971,2480,971,49.57681
5464,29,71,972,2482,971,2480,971,49.57681
5465,29,71,972,2482,971,2480,971,49.57681
5466,29,71,972,2482,971,2480,971,49.57681
5467,29,71,972,2482,971,2480,971,49.57681
5468,29,71,972,2482,971,2480,971,49.57681
5469,29,71,972,2482,971,2480,971,49.57681
5470,29,71,972,2482,971,2480,971,49.57681
5471,29,71,972,2482,971,2480,971,49.57681
5472,29,71,972,2482,971,2480,971,49.57681
5473,29,71,972,2482,971,2480,971,49.57681
5474,29,71,972,2482,971,2480,971,49.57681
5475,29,71,972,2482,971,2480,971,49.57681
5476,29,71,972,2482,971,2480,971,49.57681
5477,29,71,972,2482,971,2480,971,49.57681
5478,29,71,972,2482,971,2480,971,49.57681
5479,29,71,972,2482,971,2480,971,49.57681
5480,29,71,972,2482,971,2480,971,49.57681
5481,29,71,972,2482,971,2480,971,49.57681
5482,29,71,972,2482,971,2480,971,49.57681
5483,29,71,972,2482,971,2480,971,49.57681
5484,29,71,972,2482,971,2480,971,49.57681
5485,29,71,972,2482,971,2480,971,49.57681
5486,28,69,972,2482,972,2482,972,49.57681
5487,28,69,972,2482,972,2482,972,49.58805
5488,28,69,972,2482,972,2482,972,49.58805
5489,28,69,972,2482,972,2482,972,49.58805
5490,28,69,972,2482,972,2482,972,49.58805
5491,28,69,972,2482,972,2482,972,49.58805
5492,28,69,972,2482,972,2482,972,49.58805
5493,28,69,972,2482,972,2482,972,49.58805
5494,28,69,972,2482,972,2482,972,49.58805
5495,28,69,974,2485,972,2482,972,49.58805
5496,28,69,974,2485,972,2482,972,49.58805
5497,28,69,974,2485,972,2482,972,49.58805
5498,28,69,975,2486,972,2482,972,49.58805
5499,28,69,975,2486,972,2482,972,49.58805
5500,28,69,975,2486,972,2482,972,49.58805
5501,28,69,975,2486,972,2482,972,49.58805
5502,28,69,975,2486,972,2482,972,49.58805
5503,28,69,975,2486,972,2482,972,49.58805
5504,28,69,975,2486,972,2482,972,49.58805
5505,28,69,975,2486,972,2482,972,49.58805
5506,28,69,975,2486,972,2482,972,49.58805
5507,28,69,975,2486,972,2482,972,49.58805
5508,27,68,975,2486,973,2483,973,49.58805
5509,27,68,975,2486,973,2483,973,49.54872
5510,27,68,975,2486,973,2483,973,49.54872
5511,27,68,975,2486,973,2483,973,49.54872
5512,27,68,975,2486,973,2483,973,49.54872
5513,27,68,976,2490,973,2483,973,49.54872
5514,27,68,976,2490,973,2483,973,49.54872
5515,27,68,976,2490,973,2483,973,49.54872
5516,27,68,976,2490,973,2483,973,49.54872
5517,27,68,976,2490,973,2483,973,49.54872
5518,27,68,976,2490,973,2483,973,49.54872
5519,27,68,976,2490,973,2483,973,49.54872
5520,27,68,976,2490,973,2483,973,49.54872
5521,27,68,977,2493,973,2483,973,49.54872
5522,27,68,977,2493,973,2483,973,49.54872
5523,27,68,977,2493,973,2483,973,49.54872
5524,27,68,977,2493,973,2483,973,49.54872
5525,27,68,977,2493,973,2483,973,49.54872
5526,27,68,977,2493,973,2483,973,49.54872
5527,27,68,977,2493,973,2483,973,49.54872
5528,27,68,977,2493,973,2483,973,49.54872
5529,27,68,977,2493,973,2483,973,49.54872
5530,27,68,977,2493,973,2483,973,49.54872
5531,27,68,977,2493,973,2483,973,49.54872
5532,27,68,977,2493,973,2483,973,49.54872
5533,27,68,977,2493,973,2483,973,49.54872
5534,27,68,977,2493,973,2483,973,49.54872
5535,27,68,977,2493,973,2483,973,49.54872
5536,27,68,977,2493,973,2483,973,49.54872
5537,27,68,977,2493,973,2483,973,49.54872
5538,27,68,977,2493,973,2483,973,49.54872
5539,27,68,977,2493,973,2483,973,49.54872
5540,27,68,977,2493,973,2483,973,49.54872
5541,27,68,977,2493,973,2483,973,49.54872
5542,27,68,977,2493,973,2483,973,49.54872
5543,27,68,977,2493,973,2483,973,49.54872
5544,27,68,977,2493,973,2483,973,49.54872
5545,26,65,977,2493,974,2486,974,49.54872
5546,26,65,977,2493,974,2486,974,49.5202
5547,26,65,977,2493,974,2486,974,49.5202
5548,26,65,977,2493,974,2486,974,49.5202
5549,26,65,977,2493,974,2486,974,49.5202
5550,26,65,977,2493,974,2486,974,49.5202
5551,26,65,977,2493,974,2486,974,49.5202
5552,26,65,977,2493,974,2486,974,49.5202
5553,25,61,977,2493,975,2490,975,49.5202
5554,25,61,977,2493,975,2490,975,49.5016
5555,25,61,977,2493,975,2490,975,49.5016
5556,25,61,977,2493,975,2490,975,49.5016
5557,25,61,977,2493,975,2490,975,49.5016
5558,25,61,977,2493,975,2490,975,49.5016
5559,25,61,977,2493,975,2490,975,49.5016
5560,25,61,977,2493,975,2490,975,49.5016
5561,25,61,977,2493,975,2490,975,49.5016
5562,25,61,977,2493,975,2490,975,49.5016
5563,25,61,977,2493,975,2490,975,49.5016
5564,25,61,977,2493,975,2490,975,49.5016
5565,25,61,977,2493,975,2490,975,49.5016
5566,25,61,977,2493,975,2490,975,49.5016
5567,25,61,977,2493,975,2490,975,49.5016
5568,25,61,977,2493,975,2490,975,49.5016
5569,25,61,977,2493,975,2490,975,49.5016
5570,25,61,978,2494,975,2490,975,49.5016
5571,24,59,978,2494,976,2492,976,49.5016
5572,24,59,978,2494,976,2492,976,49.51705
5573,24,59,978,2494,976,2492,976,49.51705
5574,24,59,978,2494,976,2492,976,49.51705
5575,24,59,978,2494,976,2492,976,49.51705
5576,24,59,978,2494,976,2492,976,49.51705
5577,24,59,978,2494,976,2492,976,49.51705
5578,24,59,978,2494,976,2492,976,49.51705
5579,24,59,978,2494,976,2492,976,49.51705
5580,24,59,978,2494,976,2492,976,49.51705
5581,24,59,978,2494,976,2492,976,49.51705
5582,24,59,978,2494,976,2492,976,49.51705
5583,24,59,978,2494,976,2492,976,49.51705
5584,24,59,978,2494,976,2492,976,49.51705
5585,24,59,978,2494,976,2492,976,49.51705
5586,24,59,978,2494,976,2492,976,49.51705
5587,24,59,978,2494,976,2492,976,49.51705
5588,24,59,978,2494,976,2492,976,49.51705
5589,24,59,979,2497,976,2492,976,49.51705
5590,24,59,980,2498,976,2492,976,49.51705
5591,24,59,980,2498,976,2492,976,49.51705
5592,24,59,980,2498,976,2492,976,49.51705
5593,24,59,980,2498,976,2492,976,49.51705
5594,24,59,980,2498,976,2492,976,49.51705
5595,24,59,980,2498,976,2492,976,49.51705
5596,24,59,980,2498,976,2492,976,49.51705
5597,24,59,980,2498,976,2492,976,49.51705
5598,24,59,981,2502,976,2492,976,49.51705
5599,24,59,981,2502,976,2492,976,49.51705
5600,24,59,981,2502,976,2492,976,49.51705
5601,24,59,981,2502,976,2492,976,49.51705
5602,24,59,981,2502,976,2492,976,49.51705
5603,24,59,981,2502,976,2492,976,49.51705
5604,24,59,981,2502,976,2492,976,49.51705
5605,23,55,981,2502,977,2496,977,49.51705
5606,23,55,981,2502,977,2496,977,49.472
5607,23,55,981,2502,977,2496,977,49.472
5608,23,55,981,2502,977,2496,977,49.472
5609,23,55,981,2502,977,2496,977,49.472
5610,23,55,981,2502,977,2496,977,49.472
5611,23,55,981,2502,977,2496,977,49.472
5612,23,55,981,2502,977,2496,977,49.472
5613,23,55,981,2502,977,2496,977,49.472
5614,23,55,981,2502,977,2496,977,49.472
5615,23,55,981,2502,977,2496,977,49.472
5616,23,55,981,2502,977,2496,977,49.472
5617,23,55,981,2502,977,2496,977,49.472
5618,23,55,981,2502,977,2496,977,49.472
5619,23,55,981,2502,977,2496,977,49.472
5620,23,55,981,2502,977,2496,977,49.472
5621,23,55,981,2502,977,2496,977,49.472
5622,23,55,982,2504,977,2496,977,49.472
5623,23,55,982,2504,977,2496,977,49.472
5624,23,55,982,2504,977,2496,977,49.472
5625,23,55,982,2504,977,2496,977,49.472
5626,23,55,982,2504,977,2496,977,49.472
5627,23,55,982,2504,977,2496,977,49.472
5628,23,55,983,2506,977,2496,977,49.472
5629,23,55,983,2506,977,2496,977,49.472
5630,23,55,983,2506,977,2496,977,49.472
5631,23,55,984,2509,977,2496,977,49.472
5632,23,55,984,2509,977,2496,977,49.472
5633,23,55,984,2509,977,2496,977,49.472
5634,23,55,984,2509,977,2496,977,49.472
5635,22,54,984,2509,978,2497,978,49.472
5636,22,54,984,2509,978,2497,978,49.45781
5637,22,54,984,2509,978,2497,978,49.45781
5638,22,54,984,2509,978,2497,978,49.45781
5639,22,54,984,2509,978,2497,978,49.45781
5640,22,54,984,2509,978,2497,978,49.45781
5641,21,53,984,2509,979,2498,979,49.45781
5642,21,53,984,2509,979,2498,979,49.51651
5643,21,53,984,2509,979,2498,979,49.51651
5644,20,51,984,2509,980,2500,980,49.51651
5645,20,51,984,2509,980,2500,980,49.48198
5646,20,51,985,2512,980,2500,980,49.48198
5647,20,51,985,2512,980,2500,980,49.48198
5648,20,51,985,2512,980,2500,980,49.48198
5649,20,51,985,2512,980,2500,980,49.48198
5650,20,51,985,2512,980,2500,980,49.48198
5651,20,51,985,2512,980,2500,980,49.48198
5652,20,51,985,2512,980,2500,980,49.48198
5653,20,51,985,2512,980,2500,980,49.48198
5654,20,51,985,2512,980,2500,980,49.48198
5655,20,51,985,2512,980,2500,980,49.48198
5656,20,51,985,2512,980,2500,980,49.48198
5657,19,48,985,2512,981,2503,981,49.48198
5658,18,45,985,2512,982,2506,982,49.48348
5659,18,45,985,2512,982,2506,982,49.45488
5660,18,45,985,2512,982,2506,982,49.45488
5661,18,45,985,2512,982,2506,982,49.45488
5662,18,45,985,2512,982,2506,982,49.45488
5663,18,45,985,2512,982,2506,982,49.45488
5664,18,45,985,2512,982,2506,982,49.45488
5665,18,45,985,2512,982,2506,982,49.45488
5666,18,45,985,2512,982,2506,982,49.45488
5667,18,45,985,2512,982,2506,982,49.45488
5668,18,45,985,2512,982,2506,982,49.45488
5669,18,45,985,2512,982,2506,982,49.45488
5670,18,45,985,2512,982,2506,982,49.45488
5671,18,45,985,2512,982,2506,982,49.45488
5672,18,45,985,2512,982,2506,982,49.45488
5673,18,45,985,2512,982,2506,982,49.45488
5674,18,45,985,2512,982,2506,982,49.45488
5675,18,45,985,2512,982,2506,982,49.45488
5676,18,45,985,2512,982,2506,982,49.45488
5677,18,45,985,2512,982,2506,982,49.45488
5678,17,44,985,2512,983,2507,983,49.45488
5679,17,44,985,2512,983,2507,983,49.49497
5680,17,44,985,2512,983,2507,983,49.49497
5681,17,44,985,2512,983,2507,983,49.49497
5682,17,44,985,2512,983,2507,983,49.49497
5683,17,44,985,2512,983,2507,983,49.49497
5684,17,44,985,2512,983,2507,983,49.49497
5685,17,44,985,2512,983,2507,983,49.49497
5686,16,42,985,2512,984,2509,984,49.49497
5687,16,42,985,2512,984,2509,984,49.49318
5688,16,42,985,2512,984,2509,984,49.49318
5689,16,42,985,2512,984,2509,984,49.49318
5690,16,42,985,2512,984,2509,984,49.49318
5691,16,42,985,2512,984,2509,984,49.49318
5692,16,42,985,2512,984,2509,984,49.49318
5693,16,42,985,2512,984,2509,984,49.49318
5694,16,42,985,2512,984,2509,984,49.49318
5695,16,42,985,2512,984,2509,984,49.49318
5696,16,42,985,2512,984,2509,984,49.49318
5697,16,42,985,2512,984,2509,984,49.49318
5698,15,39,985,2512,985,2512,985,49.49318
5699,15,39,985,2512,985,2512,985,49.49252
5700,15,39,985,2512,985,2512,985,49.49252
5701,15,39,985,2512,985,2512,985,49.49252
5702,15,39,985,2512,985,2512,985,49.49252
5703,15,39,985,2512,985,2512,985,49.49252
5704,15,39,985,2512,985,2512,985,49.49252
5705,15,39,985,2512,985,2512,985,49.49252
5706,15,39,985,2512,985,2512,985,49.49252
5707,15,39,985,2512,985,2512,985,49.49252
5708,15,39,985,2512,985,2512,985,49.49252
5709,15,39,985,2512,985,2512,985,49.49252
5710,15,39,985,2512,985,2512,985,49.49252
5711,15,39,985,2512,985,2512,985,49.49252
5712,15,39,985,2512,985,2512,985,49.49252
5713,15,39,985,2512,985,2512,985,49.49252
5714,15,39,985,2512,985,2512,985,49.49252
5715,15,39,985,2512,985,2512,985,49.49252
5716,15,39,985,2512,985,2512,985,49.49252
5717,15,39,985,2512,985,2512,985,49.49252
5718,15,39,985,2512,985,2512,985,49.49252
5719,15,39,985,2512,985,2512,985,49.49252
5720,15,39,985,2512,985,2512,985,49.49252
5721,15,39,985,2512,985,2512,985,49.49252
5722,15,39,985,2512,985,2512,985,49.49252
5723,15,39,985,2512,985,2512,985,49.49252
5724,15,39,985,2512,985,2512,985,49.49252
5725,15,39,985,2512,985,2512,985,49.49252
5726,15,39,985,2512,985,2512,985,49.49252
5727,15,39,985,2512,985,2512,985,49.49252
5728,15,39,985,2512,985,2512,985,49.49252
5729,15,39,985,2512,985,2512,985,49.49252
5730,15,39,985,2512,985,2512,985,49.49252
5731,15,39,985,2512,985,2512,985,49.49252
5732,15,39,985,2512,985,2512,985,49.49252
5733,15,39,985,2512,985,2512,985,49.49252
5734,15,39,985,2512,985,2512,985,49.49252
5735,15,39,985,2512,985,2512,985,49.49252
5736,15,39,985,2512,985,2512,985,49.49252
5737,15,39,985,2512,985,2512,985,49.49252
5738,15,39,985,2512,985,2512,985,49.49252
5739,15,39,985,2512,985,2512,985,49.49252
5740,15,39,985,2512,985,2512,985,49.49252
5741,15,39,985,2512,985,2512,985,49.49252
5742,15,39,985,2512,985,2512,985,49.49252
5743,15,39,985,2512,985,2512,985,49.49252
5744,15,39,985,2512,985,2512,985,49.49252
5745,15,39,985,2512,985,2512,985,49.49252
5746,15,39,985,2512,985,2512,985,49.49252
5747,15,39,985,2512,985,2512,985,49.49252
5748,15,39,985,2512,985,2512,985,49.49252
5749,15,39,985,2512,985,2512,985,49.49252
5750,15,39,986,2513,985,2512,985,49.49252
5751,15,39,986,2513,985,2512,985,49.49252
5752,15,39,986,2513,985,2512,985,49.49252
5753,15,39,986,2513,985,2512,985,49.49252
5754,15,39,986,2513,985,2512,985,49.49252
5755,15,39,986,2513,985,2512,985,49.49252
5756,15,39,986,2513,985,2512,985,49.49252
5757,15,39,986,2513,985,2512,985,49.49252
5758,15,39,986,2513,985,2512,985,49.49252
5759,15,39,986,2513,985,2512,985,49.49252
5760,15,39,986,2513,985,2512,985,49.49252
5761,15,39,986,2513,985,2512,985,49.49252
5762,15,39,986,2513,985,2512,985,49.49252
5763,15,39,986,2513,985,2512,985,49.49252
5764,15,39,986,2513,985,2512,985,49.49252
5765,15,39,986,2513,985,2512,985,49.49252
5766,15,39,986,2513,985,2512,985,49.49252
5767,15,39,986,2513,985,2512,985,49.49252
5768,15,39,986,2513,985,2512,985,49.49252
5769,15,39,986,2513,985,2512,985,49.49252
5770,15,39,986,2513,985,2512,985,49.49252
5771,15,39,986,2513,985,2512,985,49.49252
5772,15,39,986,2513,985,2512,985,49.49252
5773,15,39,986,2513,985,2512,985,49.49252
5774,15,39,986,2513,985,2512,985,49.49252
5775,15,39,986,2513,985,2512,985,49.49252
5776,15,39,986,2513,985,2512,985,49.49252
5777,15,39,986,2513,985,2512,985,49.49252
5778,15,39,986,2513,985,2512,985,49.49252
5779,15,39,987,2517,985,2512,985,49.49252
5780,15,39,987,2517,985,2512,985,49.49252
5781,15,39,987,2517,985,2512,985,49.49252
5782,15,39,987,2517,985,2512,985,49.49252
5783,15,39,987,2517,985,2512,985,49.49252
5784,15,39,987,2517,985,2512,985,49.49252
5785,15,39,987,2517,985,2512,985,49.49252
5786,15,39,987,2517,985,2512,985,49.49252
5787,15,39,987,2517,985,2512,985,49.49252
5788,15,39,987,2517,985,2512,985,49.49252
5789,15,39,987,2517,985,2512,985,49.49252
5790,15,39,987,2517,985,2512,985,49.49252
5791,14,38,988,2518,986,2513,986,49.49252
5792,14,38,988,2518,986,2513,986,49.48222
5793,14,38,988,2518,986,2513,986,49.48222
5794,14,38,988,2518,986,2513,986,49.48222
5795,14,38,988,2518,986,2513,986,49.48222
5796,14,38,988,2518,986,2513,986,49.48222
5797,14,38,988,2518,986,2513,986,49.48222
5798,14,38,988,2518,986,2513,986,49.48222
5799,14,38,988,2518,986,2513,986,49.48222
5800,14,38,988,2518,986,2513,986,49.48222
5801,14,38,988,2518,986,2513,986,49.48222
5802,14,38,988,2518,986,2513,986,49.48222
5803,14,38,988,2518,986,2513,986,49.48222
5804,14,38,988,2518,986,2513,986,49.48222
5805,14,38,988,2518,986,2513,986,49.48222
5806,14,38,988,2518,986,2513,986,49.48222
5807,14,38,988,2518,986,2513,986,49.48222
5808,14,38,988,2518,986,2513,986,49.48222
5809,14,38,988,2518,986,2513,986,49.48222
5810,14,38,988,2518,986,2513,986,49.48222
5811,14,38,988,2518,986,2513,986,49.48222
5812,14,38,988,2518,986,2513,986,49.48222
5813,14,38,988,2518,986,2513,986,49.48222
5814,14,38,988,2518,986,2513,986,49.48222
5815,14,38,988,2518,986,2513,986,49.48222
5816,13,34,988,2518,987,2517,987,49.48222
5817,13,34,988,2518,987,2517,987,49.46441
5818,13,34,988,2518,987,2517,987,49.46441
5819,13,34,988,2518,987,2517,987,49.46441
5820,13,34,988,2518,987,2517,987,49.46441
5821,13,34,988,2518,987,2517,987,49.46441
5822,13,34,988,2518,987,2517,987,49.46441
5823,13,34,988,2518,987,2517,987,49.46441
5824,13,34,988,2518,987,2517,987,49.46441
5825,13,34,988,2518,987,2517,987,49.46441
5826,13,34,988,2518,987,2517,987,49.46441
5827,13,34,988,2518,987,2517,987,49.46441
5828,13,34,988,2518,987,2517,987,49.46441
5829,13,34,988,2518,987,2517,987,49.46441
5830,13,34,988,2518,987,2517,987,49.46441
5831,13,34,988,2518,987,2517,987,49.46441
5832,13,34,988,2518,987,2517,987,49.46441
5833,13,34,988,2518,987,2517,987,49.46441
5834,13,34,988,2518,987,2517,987,49.46441
5835,13,34,988,2518,987,2517,987,49.46441
5836,13,34,989,2521,987,2517,987,49.46441
5837,13,34,989,2521,987,2517,987,49.46441
5838,13,34,989,2521,987,2517,987,49.46441
5839,13,34,989,2521,987,2517,987,49.46441
5840,13,34,989,2521,987,2517,987,49.46441
5841,13,34,989,2521,987,2517,987,49.46441
5842,13,34,989,2521,987,2517,987,49.46441
5843,13,34,989,2521,987,2517,987,49.46441
5844,13,34,989,2521,987,2517,987,49.46441
5845,13,34,989,2521,987,2517,987,49.46441
5846,13,34,989,2521,987,2517,987,49.46441
5847,13,34,989,2521,987,2517,987,49.46441
5848,13,34,989,2521,987,2517,987,49.46441
5849,13,34,989,2521,987,2517,987,49.46441
5850,13,34,989,2521,987,2517,987,49.46441
5851,13,34,989,2521,987,2517,987,49.46441
5852,13,34,989,2521,987,2517,987,49.46441
5853,13,34,989,2521,987,2517,987,49.46441
5854,12,33,990,2526,988,2518,988,49.46441
5855,12,33,990,2526,988,2518,988,49.4735
5856,12,33,990,2526,988,2518,988,49.4735
5857,12,33,990,2526,988,2518,988,49.4735
5858,12,33,990,2526,988,2518,988,49.4735
5859,12,33,990,2526,988,2518,988,49.4735
5860,12,33,990,2526,988,2518,988,49.4735
5861,12,33,990,2526,988,2518,988,49.4735
5862,12,33,990,2526,988,2518,988,49.4735
5863,11,30,990,2526,989,2521,989,49.4735
5864,11,30,990,2526,989,2521,989,49.45043
5865,11,30,990,2526,989,2521,989,49.45043
5866,11,30,990,2526,989,2521,989,49.45043
5867,11,30,990,2526,989,2521,989,49.45043
5868,11,30,990,2526,989,2521,989,49.45043
5869,11,30,990,2526,989,2521,989,49.45043
5870,11,30,990,2526,989,2521,989,49.45043
5871,11,30,990,2526,989,2521,989,49.45043
5872,11,30,990,2526,989,2521,989,49.45043
5873,11,30,990,2526,989,2521,989,49.45043
5874,11,30,990,2526,989,2521,989,49.45043
5875,11,30,990,2526,989,2521,989,49.45043
5876,11,30,990,2526,989,2521,989,49.45043
5877,11,30,990,2526,989,2521,989,49.45043
5878,11,30,990,2526,989,2521,989,49.45043
5879,11,30,990,2526,989,2521,989,49.45043
5880,11,30,990,2526,989,2521,989,49.45043
5881,11,30,990,2526,989,2521,989,49.45043
5882,11,30,990,2526,989,2521,989,49.45043
5883,11,30,990,2526,989,2521,989,49.45043
5884,11,30,990,2526,989,2521,989,49.45043
5885,11,30,990,2526,989,2521,989,49.45043
5886,11,30,990,2526,989,2521,989,49.45043
5887,11,30,990,2526,989,2521,989,49.45043
5888,11,30,990,2526,989,2521,989,49.45043
5889,11,30,990,2526,989,2521,989,49.45043
5890,11,30,990,2526,989,2521,989,49.45043
5891,11,30,990,2526,989,2521,989,49.45043
5892,11,30,990,2526,989,2521,989,49.45043
5893,11,30,990,2526,989,2521,989,49.45043
5894,11,30,990,2526,989,2521,989,49.45043
5895,11,30,990,2526,989,2521,989,49.45043
5896,11,30,990,2526,989,2521,989,49.45043
5897,11,30,990,2526,989,2521,989,49.45043
5898,11,30,990,2526,989,2521,989,49.45043
5899,11,30,990,2526,989,2521,989,49.45043
5900,11,30,990,2526,989,2521,989,49.45043
5901,11,30,990,2526,989,2521,989,49.45043
5902,11,30,990,2526,989,2521,989,49.45043
5903,11,30,990,2526,989,2521,989,49.45043
5904,11,30,990,2526,989,2521,989,49.45043
5905,11,30,990,2526,989,2521,989,49.45043
5906,11,30,990,2526,989,2521,989,49.45043
5907,11,30,990,2526,989,2521,989,49.45043
5908,11,30,990,2526,989,2521,989,49.45043
5909,11,30,990,2526,989,2521,989,49.45043
5910,11,30,990,2526,989,2521,989,49.45043
5911,11,30,990,2526,989,2521,989,49.45043
5912,11,30,990,2526,989,2521,989,49.45043
5913,11,30,990,2526,989,2521,989,49.45043
5914,11,30,990,2526,989,2521,989,49.45043
5915,11,30,990,2526,989,2521,989,49.45043
5916,11,30,990,2526,989,2521,989,49.45043
5917,11,30,990,2526,989,2521,989,49.45043
5918,11,30,990,2526,989,2521,989,49.45043
5919,11,30,990,2526,989,2521,989,49.45043
5920,11,30,990,2526,989,2521,989,49.45043
5921,11,30,990,2526,989,2521,989,49.45043
5922,11,30,990,2526,989,2521,989,49.45043
5923,11,30,990,2526,989,2521,989,49.45043
5924,11,30,990,2526,989,2521,989,49.45043
5925,11,30,990,2526,989,2521,989,49.45043
5926,11,30,990,2526,989,2521,989,49.45043
5927,11,30,990,2526,989,2521,989,49.45043
5928,11,30,990,2526,989,2521,989,49.45043
5929,10,25,990,2526,990,2526,990,49.45043
5930,10,25,990,2526,990,2526,990,49.47591
5931,10,25,990,2526,990,2526,990,49.47591
5932,10,25,990,2526,990,2526,990,49.47591
5933,10,25,990,2526,990,2526,990,49.47591
5934,10,25,990,2526,990,2526,990,49.47591
5935,10,25,990,2526,990,2526,990,49.47591
5936,10,25,990,2526,990,2526,990,49.47591
5937,10,25,990,2526,990,2526,990,49.47591
5938,10,25,990,2526,990,2526,990,49.47591
5939,10,25,990,2526,990,2526,990,49.47591
5940,10,25,990,2526,990,2526,990,49.47591
5941,10,25,990,2526,990,2526,990,49.47591
5942,10,25,990,2526,990,2526,990,49.47591
5943,10,25,990,2526,990,2526,990,49.47591
5944,10,25,990,2526,990,2526,990,49.47591
5945,10,25,990,2526,990,2526,990,49.47591
5946,10,25,990,2526,990,2526,990,49.47591
5947,10,25,990,2526,990,2526,990,49.47591
5948,10,25,990,2526,990,2526,990,49.47591
5949,10,25,990,2526,990,2526,990,49.47591
5950,10,25,990,2526,990,2526,990,49.47591
5951,10,25,991,2530,990,2526,990,49.47591
5952,10,25,991,2530,990,2526,990,49.47591
5953,10,25,991,2530,990,2526,990,49.47591
5954,10,25,991,2530,990,2526,990,49.47591
5955,10,25,991,2530,990,2526,990,49.47591
5956,10,25,991,2530,990,2526,990,49.47591
5957,10,25,991,2530,990,2526,990,49.47591
5958,10,25,991,2530,990,2526,990,49.47591
5959,10,25,991,2530,990,2526,990,49.47591
5960,10,25,991,2530,990,2526,990,49.47591
5961,10,25,991,2530,990,2526,990,49.47591
5962,10,25,991,2530,990,2526,990,49.47591
5963,10,25,991,2530,990,2526,990,49.47591
5964,10,25,991,2530,990,2526,990,49.47591
5965,10,25,991,2530,990,2526,990,49.47591
5966,10,25,991,2530,990,2526,990,49.47591
5967,10,25,991,2530,990,2526,990,49.47591
5968,10,25,991,2530,990,2526,990,49.47591
5969,10,25,991,2530,990,2526,990,49.47591
5970,10,25,991,2530,990,2526,990,49.47591
5971,10,25,991,2530,990,2526,990,49.47591
5972,10,25,991,2530,990,2526,990,49.47591
5973,10,25,991,2530,990,2526,990,49.47591
5974,10,25,991,2530,990,2526,990,49.47591
5975,10,25,991,2530,990,2526,990,49.47591
5976,10,25,991,2530,990,2526,990,49.47591
5977,10,25,991,2530,990,2526,990,49.47591
5978,10,25,991,2530,990,2526,990,49.47591
5979,10,25,991,2530,990,2526,990,49.47591
5980,10,25,991,2530,990,2526,990,49.47591
5981,10,25,991,2530,990,2526,990,49.47591
5982,10,25,991,2530,990,2526,990,49.47591
5983,10,25,991,2530,990,2526,990,49.47591
5984,10,25,991,2530,990,2526,990,49.47591
5985,10,25,991,2530,990,2526,990,49.47591
5986,10,25,991,2530,990,2526,990,49.47591
5987,10,25,991,2530,990,2526,990,49.47591
5988,10,25,991,2530,990,2526,990,49.47591
5989,10,25,991,2530,990,2526,990,49.47591
5990,10,25,991,2530,990,2526,990,49.47591
5991,10,25,991,2530,990,2526,990,49.47591
5992,10,25,991,2530,990,2526,990,49.47591
5993,10,25,991,2530,990,2526,990,49.47591
5994,10,25,991,2530,990,2526,990,49.47591
5995,10,25,991,2530,990,2526,990,49.47591
5996,10,25,991,2530,990,2526,990,49.47591
5997,10,25,991,2530,990,2526,990,49.47591
5998,10,25,991,2530,990,2526,990,49.47591
5999,10,25,991,2530,990,2526,990,49.47591
6000,10,25,991,2530,990,2526,990,49.47591
6001,9,21,991,2530,991,2530,991,49.47591
6002,9,21,991,2530,991,2530,991,49.47405
6003,9,21,991,2530,991,2530,991,49.47405
6004,9,21,991,2530,991,2530,991,49.47405
6005,9,21,991,2530,991,2530,991,49.47405
6006,9,21,991,2530,991,2530,991,49.47405
6007,9,21,991,2530,991,2530,991,49.47405
6008,9,21,991,2530,991,2530,991,49.47405
6009,9,21,991,2530,991,2530,991,49.47405
6010,9,21,991,2530,991,2530,991,49.47405
6011,9,21,991,2530,991,2530,991,49.47405
6012,9,21,991,2530,991,2530,991,49.47405
6013,9,21,991,2530,991,2530,991,49.47405
6014,9,21,991,2530,991,2530,991,49.47405
6015,9,21,991,2530,991,2530,991,49.47405
6016,9,21,991,2530,991,2530,991,49.47405
6017,9,21,991,2530,991,2530,991,49.47405
6018,9,21,991,2530,991,2530,991,49.47405
6019,9,21,991,2530,991,2530,991,49.47405
6020,9,21,991,2530,991,2530,991,49.47405
6021,9,21,991,2530,991,2530,991,49.47405
6022,9,21,991,2530,991,2530,991,49.47405
6023,9,21,991,2530,991,2530,991,49.47405
6024,9,21,991,2530,991,2530,991,49.47405
6025,9,21,991,2530,991,2530,991,49.47405
6026,9,21,991,2530,991,2530,991,49.47405
6027,9,21,991,2530,991,2530,991,49.47405
6028,9,21,991,2530,991,2530,991,49.47405
6029,9,21,991,2530,991,2530,991,49.47405
6030,9,21,991,2530,991,2530,991,49.47405
6031,9,21,991,2530,991,2530,991,49.47405
6032,9,21,991,2530,991,2530,991,49.47405
6033,9,21,991,2530,991,2530,991,49.47405
6034,9,21,991,2530,991,2530,991,49.47405
6035,9,21,992,2533,991,2530,991,49.47405
6036,9,21,992,2533,991,2530,991,49.47405
6037,9,21,992,2533,991,2530,991,49.47405
6038,9,21,992,2533,991,2530,991,49.47405
6039,9,21,992,2533,991,2530,991,49.47405
6040,9,21,992,2533,991,2530,991,49.47405
6041,9,21,992,2533,991,2530,991,49.47405
6042,9,21,992,2533,991,2530,991,49.47405
6043,9,21,992,2533,991,2530,991,49.47405
6044,9,21,992,2533,991,2530,991,49.47405
6045,9,21,992,2533,991,2530,991,49.47405
6046,9,21,992,2533,991,2530,991,49.47405
6047,9,21,992,2533,991,2530,991,49.47405
6048,9,21,992,2533,991,2530,991,49.47405
6049,9,21,992,2533,991,2530,991,49.47405
6050,9,21,992,2533,991,2530,991,49.47405
6051,9,21,992,2533,991,2530,991,49.47405
6052,9,21,992,2533,991,2530,991,49.47405
6053,9,21,992,2533,991,2530,991,49.47405
6054,9,21,992,2533,991,2530,991,49.47405
6055,9,21,992,2533,991,2530,991,49.47405
6056,9,21,992,2533,991,2530,991,49.47405
6057,9,21,993,2535,991,2530,991,49.47405
6058,9,21,993,2535,991,2530,991,49.47405
6059,9,21,993,2535,991,2530,991,49.47405
6060,9,21,993,2535,991,2530,991,49.47405
6061,9,21,993,2535,991,2530,991,49.47405
6062,9,21,993,2535,991,2530,991,49.47405
6063,9,21,993,2535,991,2530,991,49.47405
6064,9,21,993,2535,991,2530,991,49.47405
6065,9,21,993,2535,991,2530,991,49.47405
6066,9,21,993,2535,991,2530,991,49.47405
6067,9,21,993,2535,991,2530,991,49.47405
6068,9,21,993,2535,991,2530,991,49.47405
6069,9,21,993,2535,991,2530,991,49.47405
6070,9,21,993,2535,991,2530,991,49.47405
6071,9,21,993,2535,991,2530,991,49.47405
6072,9,21,993,2535,991,2530,991,49.47405
6073,9,21,993,2535,991,2530,991,49.47405
6074,9,21,993,2535,991,2530,991,49.47405
6075,9,21,993,2535,991,2530,991,49.47405
6076,9,21,993,2535,991,2530,991,49.47405
6077,9,21,993,2535,991,2530,991,49.47405
6078,9,21,993,2535,991,2530,991,49.47405
6079,9,21,993,2535,991,2530,991,49.47405
6080,9,21,993,2535,991,2530,991,49.47405
6081,9,21,993,2535,991,2530,991,49.47405
6082,9,21,993,2535,991,2530,991,49.47405
6083,9,21,993,2535,991,2530,991,49.47405
6084,9,21,993,2535,991,2530,991,49.47405
6085,9,21,993,2535,991,2530,991,49.47405
6086,9,21,993,2535,991,2530,991,49.47405
6087,9,21,993,2535,991,2530,991,49.47405
6088,9,21,993,2535,991,2530,991,49.47405
6089,9,21,993,2535,991,2530,991,49.47405
6090,9,21,993,2535,991,2530,991,49.47405
6091,9,21,993,2535,991,2530,991,49.47405
6092,8,18,993,2535,992,2533,992,49.47405
6093,8,18,993,2535,992,2533,992,49.47163
6094,8,18,993,2535,992,2533,992,49.47163
6095,8,18,993,2535,992,2533,992,49.47163
6096,8,18,994,2536,992,2533,992,49.47163
6097,8,18,994,2536,992,2533,992,49.47163
6098,8,18,994,2536,992,2533,992,49.47163
6099,8,18,994,2536,992,2533,992,49.47163
6100,8,18,994,2536,992,2533,992,49.47163
6101,8,18,994,2536,992,2533,992,49.47163
6102,8,18,994,2536,992,2533,992,49.47163
6103,8,18,994,2536,992,2533,992,49.47163
6104,8,18,994,2536,992,2533,992,49.47163
6105,8,18,995,2540,992,2533,992,49.47163
6106,8,18,995,2540,992,2533,992,49.47163
6107,8,18,995,2540,992,2533,992,49.47163
6108,8,18,995,2540,992,2533,992,49.47163
6109,8,18,995,2540,992,2533,992,49.47163
6110,7,16,995,2540,993,2535,993,49.47163
6111,7,16,995,2540,993,2535,993,49.45961
6112,7,16,995,2540,993,2535,993,49.45961
6113,7,16,995,2540,993,2535,993,49.45961
6114,7,16,995,2540,993,2535,993,49.45961
6115,7,16,995,2540,993,2535,993,49.45961
6116,7,16,995,2540,993,2535,993,49.45961
6117,7,16,995,2540,993,2535,993,49.45961
6118,7,16,995,2540,993,2535,993,49.45961
6119,7,16,995,2540,993,2535,993,49.45961
6120,7,16,995,2540,993,2535,993,49.45961
6121,7,16,995,2540,993,2535,993,49.45961
6122,7,16,995,2540,993,2535,993,49.45961
6123,7,16,995,2540,993,2535,993,49.45961
6124,7,16,995,2540,993,2535,993,49.45961
6125,7,16,995,2540,993,2535,993,49.45961
6126,7,16,995,2540,993,2535,993,49.45961
6127,7,16,995,2540,993,2535,993,49.45961
6128,7,16,995,2540,993,2535,993,49.45961
6129,7,16,995,2540,993,2535,993,49.45961
6130,7,16,995,2540,993,2535,993,49.45961
6131,7,16,995,2540,993,2535,993,49.45961
6132,7,16,995,2540,993,2535,993,49.45961
6133,7,16,995,2540,993,2535,993,49.45961
6134,7,16,995,2540,993,2535,993,49.45961
6135,7,16,995,2540,993,2535,993,49.45961
6136,7,16,995,2540,993,2535,993,49.45961
6137,7,16,995,2540,993,2535,993,49.45961
6138,7,16,995,2540,993,2535,993,49.45961
6139,7,16,995,2540,993,2535,993,49.45961
6140,7,16,995,2540,993,2535,993,49.45961
6141,7,16,996,2543,993,2535,993,49.45961
6142,7,16,997,2547,993,2535,993,49.45961
6143,7,16,997,2547,993,2535,993,49.45961
6144,7,16,997,2547,993,2535,993,49.45961
6145,7,16,997,2547,993,2535,993,49.45961
6146,7,16,997,2547,993,2535,993,49.45961
6147,7,16,997,2547,993,2535,993,49.45961
6148,7,16,997,2547,993,2535,993,49.45961
6149,7,16,997,2547,993,2535,993,49.45961
6150,7,16,997,2547,993,2535,993,49.45961
6151,7,16,997,2547,993,2535,993,49.45961
6152,7,16,997,2547,993,2535,993,49.45961
6153,7,16,997,2547,993,2535,993,49.45961
6154,7,16,997,2547,993,2535,993,49.45961
6155,7,16,997,2547,993,2535,993,49.45961
6156,7,16,997,2547,993,2535,993,49.45961
6157,7,16,997,2547,993,2535,993,49.45961
6158,7,16,997,2547,993,2535,993,49.45961
6159,7,16,997,2547,993,2535,993,49.45961
6160,7,16,997,2547,993,2535,993,49.45961
6161,7,16,997,2547,993,2535,993,49.45961
6162,7,16,997,2547,993,2535,993,49.45961
6163,7,16,997,2547,993,2535,993,49.45961
6164,7,16,997,2547,993,2535,993,49.45961
6165,7,16,997,2547,993,2535,993,49.45961
6166,7,16,997,2547,993,2535,993,49.45961
6167,7,16,997,2547,993,2535,993,49.45961
6168,7,16,997,2547,993,2535,993,49.45961
6169,7,16,997,2547,993,2535,993,49.45961
6170,7,16,997,2547,993,2535,993,49.45961
6171,7,16,997,2547,993,2535,993,49.45961
6172,7,16,997,2547,993,2535,993,49.45961
6173,7,16,998,2549,993,2535,993,49.45961
6174,7,16,998,2549,993,2535,993,49.45961
6175,7,16,998,2549,993,2535,993,49.45961
6176,7,16,998,2549,993,2535,993,49.45961
6177,7,16,998,2549,993,2535,993,49.45961
6178,7,16,998,2549,993,2535,993,49.45961
6179,7,16,998,2549,993,2535,993,49.45961
6180,7,16,998,2549,993,2535,993,49.45961
6181,7,16,998,2549,993,2535,993,49.45961
6182,7,16,998,2549,993,2535,993,49.45961
6183,7,16,998,2549,993,2535,993,49.45961
6184,7,16,998,2549,993,2535,993,49.45961
6185,7,16,998,2549,993,2535,993,49.45961
6186,7,16,998,2549,993,2535,993,49.45961
6187,7,16,998,2549,993,2535,993,49.45961
6188,7,16,998,2549,993,2535,993,49.45961
6189,7,16,998,2549,993,2535,993,49.45961
6190,7,16,998,2549,993,2535,993,49.45961
6191,6,12,998,2549,994,2539,994,49.45961
6192,6,12,998,2549,994,2539,994,49.44444
6193,6,12,998,2549,994,2539,994,49.44444
6194,5,11,998,2549,995,2540,995,49.44444
6195,5,11,998,2549,995,2540,995,49.48692
6196,5,11,998,2549,995,2540,995,49.48692
6197,5,11,998,2549,995,2540,995,49.48692
6198,5,11,998,2549,995,2540,995,49.48692
6199,5,11,998,2549,995,2540,995,49.48692
6200,5,11,998,2549,995,2540,995,49.48692
6201,5,11,998,2549,995,2540,995,49.48692
6202,5,11,999,2550,995,2540,995,49.48692
6203,5,11,999,2550,995,2540,995,49.48692
6204,5,11,999,2550,995,2540,995,49.48692
6205,5,11,999,2550,995,2540,995,49.48692
6206,5,11,999,2550,995,2540,995,49.48692
6207,5,11,999,2550,995,2540,995,49.48692
6208,5,11,999,2550,995,2540,995,49.48692
6209,5,11,999,2550,995,2540,995,49.48692
6210,5,11,999,2550,995,2540,995,49.48692
6211,5,11,999,2550,995,2540,995,49.48692
6212,5,11,999,2550,995,2540,995,49.48692
6213,5,11,999,2550,995,2540,995,49.48692
6214,5,11,999,2550,995,2540,995,49.48692
6215,5,11,999,2550,995,2540,995,49.48692
6216,5,11,999,2550,995,2540,995,49.48692
6217,5,11,1000,2551,995,2540,995,49.48692
6218,5,11,1000,2551,995,2540,995,49.48692
6219,4,8,1000,2551,996,2543,996,49.48692
6220,4,8,1000,2551,996,2543,996,49.5136
6221,4,8,1000,2551,996,2543,996,49.5136
6222,4,8,1000,2551,996,2543,996,49.5136
6223,4,8,1000,2551,996,2543,996,49.5136
6224,4,8,1000,2551,996,2543,996,49.5136
6225,4,8,1000,2551,996,2543,996,49.5136
6226,4,8,1000,2551,996,2543,996,49.5136
6227,4,8,1000,2551,996,2543,996,49.5136
6228,4,8,1000,2551,996,2543,996,49.5136
6229,3,4,1000,2551,997,2547,997,49.5136
6230,3,4,1000,2551,997,2547,997,49.57028
6231,3,4,1000,2551,997,2547,997,49.57028
6232,3,4,1000,2551,997,2547,997,49.57028
6233,3,4,1000,2551,997,2547,997,49.57028
6234,3,4,1000,2551,997,2547,997,49.57028
6235,3,4,1000,2551,997,2547,997,49.57028
6236,3,4,1000,2551,997,2547,997,49.57028
6237,1,1,1000,2551,999,2550,999,49.57028
6238,1,1,1000,2551,999,2550,999,49.54593
6239,1,1,1000,2551,999,2550,999,49.54593
6240,1,1,1000,2551,999,2550,999,49.54593
6241,1,1,1000,2551,999,2550,999,49.54593
6242,0,0,1000,2551,1000,2551,1000,49.54593
