Latitide,39.47276
Longitude,-105.0622
Elevation,1801
Time,Temperature_2m [°C],Relativehumidity_2m [%],Precipitation [mm],Windspeed_10m [m/s],Winddirection_10m [°],Cloudcover [%],Direct_radiation [W/m²],Boundary_layer_height [m]
2001-01-01T00:00,-1.7,69,0,2.26,77,0,18,55
2001-01-01T01:00,-4.4,74,0,1.49,132,0,0,30
2001-01-01T02:00,-6.1,75,0,0.85,159,0,0,30
2001-01-01T03:00,-7.7,74,0,1.34,207,0,0,35
2001-01-01T04:00,-8.6,70,0,1.39,210,0,0,35
2001-01-01T05:00,-9.1,66,0,1.86,216,0,0,35
2001-01-01T06:00,-9.6,64,0,2.05,227,0,0,35
2001-01-01T07:00,-10.4,65,0,2.13,229,0,0,35
2001-01-01T08:00,-10.9,64,0,2.48,227,0,0,35
2001-01-01T09:00,-11.6,64,0,2.76,224,0,0,35
2001-01-01T10:00,-12,63,0,2.62,227,13,0,35
2001-01-01T11:00,-12.2,62,0,2.55,228,21,0,35
2001-01-01T12:00,-12.5,61,0,2.55,228,3,0,35
2001-01-01T13:00,-12.7,60,0,2.76,226,0,0,35
2001-01-01T14:00,-12.8,59,0,2.9,224,0,0,35
2001-01-01T15:00,-12.2,57,0,3.19,221,5,12,40
2001-01-01T16:00,-8.8,51,0,3.41,220,48,104,50
2001-01-01T17:00,-3.4,45,0,2.62,223,63,256,75
2001-01-01T18:00,1.7,38,0,1.7,220,67,371,140
2001-01-01T19:00,4.5,35,0,0.95,198,46,342,320
2001-01-01T20:00,5.3,35,0,1,96,38,355,570
2001-01-01T21:00,5.6,31,0,2.77,49,24,291,730
2001-01-01T22:00,3.9,39,0,3.08,36,72,222,430
2001-01-01T23:00,1.4,51,0,2.33,43,67,114,220
2001-01-02T00:00,-1.3,63,0,2.33,47,68,11,105
2001-01-02T01:00,-2.1,66,0,1.66,57,45,0,85
2001-01-02T02:00,-2.3,67,0,1.08,112,11,0,40
2001-01-02T03:00,-5.1,77,0,1.08,214,2,0,25
2001-01-02T04:00,-6.8,80,0,1.49,222,3,0,20
2001-01-02T05:00,-8.7,83,0,1.2,222,2,0,15
2001-01-02T06:00,-9.7,82,0,1.14,218,3,0,15
2001-01-02T07:00,-10.2,78,0,1.42,219,8,0,20
2001-01-02T08:00,-10.4,74,0,1.7,225,60,0,30
2001-01-02T09:00,-10.4,72,0,1.84,229,98,0,30
2001-01-02T10:00,-10.6,70,0,1.92,231,100,0,30
2001-01-02T11:00,-10.9,69,0,2.14,233,100,0,35
2001-01-02T12:00,-10.9,68,0,2.36,234,98,0,35
2001-01-02T13:00,-11.2,67,0,2.36,234,62,0,30
2001-01-02T14:00,-11.4,67,0,2.28,232,26,0,30
2001-01-02T15:00,-11.2,66,0,2.36,234,8,9,30
2001-01-02T16:00,-8,57,0,2.42,232,2,112,40
2001-01-02T17:00,-2.9,49,0,2,233,0,260,75
2001-01-02T18:00,1.6,39,0,1.17,250,0,370,410
2001-01-02T19:00,3.2,36,0,1.08,292,0,432,850
2001-01-02T20:00,4,35,0,1.44,326,0,438,1155
2001-01-02T21:00,4.4,33,0,1.52,337,0,386,1120
2001-01-02T22:00,4.2,31,0,0.72,56,0,281,575
2001-01-02T23:00,3.7,29,0,1.7,130,0,141,55
2001-01-03T00:00,0.8,37,0,2.18,196,100,21,30
2001-01-03T01:00,-2.9,47,0,2,217,95,0,25
2001-01-03T02:00,-4.7,51,0,2.55,225,92,0,40
2001-01-03T03:00,-5.3,51,0,2.98,230,82,0,45
2001-01-03T04:00,-5.8,52,0,3.22,234,65,0,45
2001-01-03T05:00,-6.1,51,0,3.64,233,82,0,50
2001-01-03T06:00,-6.4,51,0,3.92,232,2,0,55
2001-01-03T07:00,-7.1,53,0,3.92,232,0,0,50
2001-01-03T08:00,-7.5,52,0,3.92,232,0,0,50
2001-01-03T09:00,-7.8,50,0,4.06,232,0,0,50
2001-01-03T10:00,-7,45,0,3.69,229,0,0,45
2001-01-03T11:00,-6.3,43,0,3.76,230,0,0,45
2001-01-03T12:00,-6.4,44,0,3.56,232,0,0,40
2001-01-03T13:00,-6.6,46,0,3.48,231,5,0,40
2001-01-03T14:00,-6.8,48,0,3.41,230,1,0,45
2001-01-03T15:00,-6.5,49,0,3.47,229,0,11,45
2001-01-03T16:00,-3.3,43,0,3.47,226,7,115,55
2001-01-03T17:00,1.8,35,0,2.83,225,4,254,80
2001-01-03T18:00,6.1,28,0,2.05,227,0,364,135
2001-01-03T19:00,9.1,22,0,1.53,238,0,425,280
2001-01-03T20:00,10.5,20,0,1.12,260,11,429,515
2001-01-03T21:00,11,20,0,0.73,286,41,376,620
2001-01-03T22:00,10.5,23,0,1.68,73,12,273,70
2001-01-03T23:00,8.7,28,0,1.34,117,0,137,25
2001-01-04T00:00,4.9,36,0,1.04,197,0,20,15
2001-01-04T01:00,0.8,49,0,1.2,222,0,0,20
2001-01-04T02:00,-1.6,59,0,2.12,225,0,0,25
2001-01-04T03:00,-2.4,61,0,2.55,228,0,0,30
2001-01-04T04:00,-2.9,62,0,2.77,229,0,0,35
2001-01-04T05:00,-3.3,63,0,2.83,228,0,0,40
2001-01-04T06:00,-3.6,63,0,3.04,226,0,0,40
2001-01-04T07:00,-3.8,62,0,3.32,224,0,0,45
2001-01-04T08:00,-3.8,61,0,3.54,225,0,0,45
2001-01-04T09:00,-3.8,60,0,3.68,223,0,0,50
2001-01-04T10:00,-4,60,0,3.75,222,0,0,45
2001-01-04T11:00,-4.4,60,0,3.82,225,0,0,50
2001-01-04T12:00,-4.8,61,0,3.82,227,0,0,50
2001-01-04T13:00,-5.2,62,0,3.82,227,0,0,45
2001-01-04T14:00,-5.6,61,0,3.96,227,0,0,45
2001-01-04T15:00,-5.1,59,0,4.04,228,0,11,45
2001-01-04T16:00,-1.2,48,0,4.05,230,0,118,55
2001-01-04T17:00,4.7,37,0,3.42,232,0,259,80
2001-01-04T18:00,9.8,28,0,2.88,236,0,369,135
2001-01-04T19:00,13.1,24,0,2.28,247,0,434,395
2001-01-04T20:00,14.7,21,0,1.57,297,0,442,670
2001-01-04T21:00,14.5,22,0,0.92,347,0,388,735
2001-01-04T22:00,13.2,28,0,1.63,133,0,284,55
2001-01-04T23:00,10.3,42,0,0.94,148,0,145,25
2001-01-05T00:00,7.2,43,0,1.26,198,0,23,20
2001-01-05T01:00,1.7,58,0,1.78,218,0,0,20
2001-01-05T02:00,-1.2,68,0,2.05,223,0,0,20
2001-01-05T03:00,-2.4,70,0,2.06,231,0,0,25
2001-01-05T04:00,-2.9,69,0,2.62,223,0,0,35
2001-01-05T05:00,-3.2,67,0,3.12,220,0,0,40
2001-01-05T06:00,-3.4,64,0,3.28,218,0,0,45
2001-01-05T07:00,-3.1,62,0,3.48,219,0,0,50
2001-01-05T08:00,-3.3,60,0,3.69,221,0,0,55
2001-01-05T09:00,-3.5,58,0,3.82,223,11,0,55
2001-01-05T10:00,-3.8,58,0,3.47,224,37,0,40
2001-01-05T11:00,-3.9,56,0,3.4,227,0,0,40
2001-01-05T12:00,-4,55,0,3.19,229,0,0,35
2001-01-05T13:00,-4.1,54,0,2.98,230,0,0,35
2001-01-05T14:00,-4.3,54,0,2.97,228,0,0,35
2001-01-05T15:00,-3.9,52,0,3.04,224,0,11,35
2001-01-05T16:00,-0.3,43,0,3.26,220,0,118,45
2001-01-05T17:00,5,34,0,2.77,221,0,260,65
2001-01-05T18:00,9.8,26,0,2.06,219,0,371,110
2001-01-05T19:00,13.4,20,0,1.7,220,0,434,205
2001-01-05T20:00,14.7,18,0,1.28,231,0,440,295
2001-01-05T21:00,14.9,19,0,0.42,225,0,388,175
2001-01-05T22:00,14.1,25,0,1,186,0,285,25
2001-01-05T23:00,11.8,33,0,1.12,243,0,147,20
2001-01-06T00:00,7.6,39,0,2.02,261,0,24,20
2001-01-06T01:00,2.8,52,0,2.02,261,0,0,20
2001-01-06T02:00,0.2,61,0,2.56,239,0,0,25
2001-01-06T03:00,-0.7,63,0,2.86,234,0,0,30
2001-01-06T04:00,-1.9,68,0,3.42,232,0,0,35
2001-01-06T05:00,-2.1,66,0,3.5,233,0,0,35
2001-01-06T06:00,-2.1,63,0,3.58,234,0,0,35
2001-01-06T07:00,-1.7,59,0,3.72,234,0,0,40
2001-01-06T08:00,-1.9,57,0,3.72,234,1,0,40
2001-01-06T09:00,-2.1,55,0,3.78,233,16,0,40
2001-01-06T10:00,-2.2,54,0,3.76,230,3,0,45
2001-01-06T11:00,-2.4,54,0,3.68,227,19,0,45
2001-01-06T12:00,-2.7,54,0,3.54,227,28,0,45
2001-01-06T13:00,-3,55,0,3.4,227,31,0,45
2001-01-06T14:00,-3.1,55,0,3.32,224,43,0,45
2001-01-06T15:00,-2.7,54,0,3.4,223,88,10,45
2001-01-06T16:00,0.7,44,0,3.54,223,100,108,50
2001-01-06T17:00,5.9,35,0,3.26,223,99,215,55
2001-01-06T18:00,8.9,31,0,2.12,225,97,172,75
2001-01-06T19:00,10.5,29,0,0.78,230,98,146,110
2001-01-06T20:00,11.1,29,0,0.51,101,100,187,120
2001-01-06T21:00,10.8,33,0,1.12,100,98,191,130
2001-01-06T22:00,9.9,39,0,1.17,59,87,176,85
2001-01-06T23:00,7.9,58,0,1.75,77,13,112,40
2001-01-07T00:00,5.9,53,0,1.8,109,0,21,35
2001-01-07T01:00,4.7,55,0,2.1,87,0,0,50
2001-01-07T02:00,1.9,63,0,2.31,72,0,0,45
2001-01-07T03:00,-1.2,77,0,2.46,27,0,0,55
2001-01-07T04:00,-2.3,83,0,2.64,25,0,0,70
2001-01-07T05:00,-3,86,0,2.18,16,2,0,55
2001-01-07T06:00,-3,86,0,1.53,349,29,0,60
2001-01-07T07:00,-3,85,0,1.6,360,97,0,125
2001-01-07T08:00,-2.6,83,0.1,1.77,16,100,0,465
2001-01-07T09:00,-3,84,0.3,1.84,22,100,0,585
2001-01-07T10:00,-3.4,85,0.4,1.66,25,100,0,645
2001-01-07T11:00,-3.6,84,0.3,1.3,23,97,0,600
2001-01-07T12:00,-3.7,80,0.2,0.61,351,95,0,445
2001-01-07T13:00,-3.6,76,0.1,0.6,270,91,0,390
2001-01-07T14:00,-3.7,76,0,1.03,241,88,0,195
2001-01-07T15:00,-4,77,0,0.89,243,82,5,180
2001-01-07T16:00,-2.7,69,0,0.5,233,79,44,270
2001-01-07T17:00,-1.6,63,0,0.1,90,66,102,570
2001-01-07T18:00,-0.2,54,0,0.2,360,55,229,905
2001-01-07T19:00,1.5,42,0,0.85,339,63,266,1205
2001-01-07T20:00,2.4,36,0,1.12,10,34,329,1245
2001-01-07T21:00,2.8,35,0,1.58,35,16,349,1145
2001-01-07T22:00,2.4,38,0,2.05,47,1,294,775
2001-01-07T23:00,1,45,0,1.3,58,0,154,240
2001-01-08T00:00,-0.9,52,0,2,87,0,27,45
2001-01-08T01:00,-2.8,58,0,1.3,176,0,0,20
2001-01-08T02:00,-4.4,63,0,1.39,201,0,0,30
2001-01-08T03:00,-5.3,62,0,1.3,203,0,0,35
2001-01-08T04:00,-5.6,58,0,1.21,204,0,0,40
2001-01-08T05:00,-6.1,54,0,1.66,213,0,0,45
2001-01-08T06:00,-6.5,49,0,2.13,221,0,0,45
2001-01-08T07:00,-7,45,0,2.62,223,0,0,45
2001-01-08T08:00,-7.5,42,0,2.83,225,0,0,45
2001-01-08T09:00,-8,39,0,3.04,226,0,0,40
2001-01-08T10:00,-8.4,38,0,2.83,225,0,0,35
2001-01-08T11:00,-8.6,36,0,2.97,225,0,0,35
2001-01-08T12:00,-8.9,35,0,2.97,225,0,0,35
2001-01-08T13:00,-9.2,35,0,2.83,225,0,0,30
2001-01-08T14:00,-9.6,35,0,2.76,224,0,0,30
2001-01-08T15:00,-9.1,33,0,2.83,222,0,13,30
2001-01-08T16:00,-4.8,27,0,2.83,222,0,130,35
2001-01-08T17:00,1.8,20,0,2.19,223,0,281,55
2001-01-08T18:00,6.8,11,0,1.17,211,0,399,160
2001-01-08T19:00,9.2,7,0,1.08,146,0,464,580
2001-01-08T20:00,9.9,6,0,1.41,135,0,471,850
2001-01-08T21:00,10,6,0,1.49,138,0,418,845
2001-01-08T22:00,9.5,9,0,1.7,87,0,312,195
2001-01-08T23:00,7.5,13,0,2.31,95,0,166,55
2001-01-09T00:00,3.1,18,0,1.36,163,0,31,25
2001-01-09T01:00,-0.5,24,0,1.9,198,0,0,35
2001-01-09T02:00,-3.6,33,0,1.9,198,0,0,35
2001-01-09T03:00,-4.9,36,0,2.19,204,0,0,40
2001-01-09T04:00,-5.5,36,0,2.46,207,0,0,45
2001-01-09T05:00,-5.7,35,0,2.68,207,0,0,50
2001-01-09T06:00,-5.9,33,0,2.87,209,0,0,55
2001-01-09T07:00,-5.6,34,0,2.95,208,0,0,65
2001-01-09T08:00,-5.8,34,0,3.04,207,0,0,65
2001-01-09T09:00,-6.2,35,0,3.22,210,9,0,70
2001-01-09T10:00,-6.5,36,0,3.72,211,23,0,80
2001-01-09T11:00,-6.7,37,0,3.77,212,3,0,75
2001-01-09T12:00,-6.9,38,0,3.83,213,4,0,75
2001-01-09T13:00,-7,38,0,3.97,214,4,0,75
2001-01-09T14:00,-7,39,0,4.1,214,3,0,80
2001-01-09T15:00,-6.3,38,0,4.16,215,6,13,85
2001-01-09T16:00,-2.4,32,0,4.1,214,8,124,110
2001-01-09T17:00,2.8,25,0,3.45,210,25,273,180
2001-01-09T18:00,6.9,18,0,3.27,203,37,384,335
2001-01-09T19:00,9.2,15,0,3.42,195,56,442,575
2001-01-09T20:00,10.3,13,0,3.67,191,78,446,760
2001-01-09T21:00,10.7,13,0,3.85,189,83,384,845
2001-01-09T22:00,9.8,16,0,3.06,169,86,250,345
2001-01-09T23:00,7.3,22,0,3.65,171,92,82,180
2001-01-10T00:00,4.1,30,0,4.2,183,94,12,140
2001-01-10T01:00,2,38,0,4.37,191,96,0,130
2001-01-10T02:00,0.1,45,0,4.27,196,88,0,125
2001-01-10T03:00,-0.9,48,0,4.16,204,34,0,110
2001-01-10T04:00,-1.4,48,0,3.86,211,11,0,85
2001-01-10T05:00,-1.9,49,0,3.72,216,31,0,70
2001-01-10T06:00,-2.3,50,0,3.56,218,57,0,65
2001-01-10T07:00,-2.7,49,0,3.41,220,76,0,60
2001-01-10T08:00,-2.7,50,0,3.11,225,80,0,50
2001-01-10T09:00,-3,52,0,2.91,229,10,0,45
2001-01-10T10:00,-3.6,55,0,2.5,233,29,0,35
2001-01-10T11:00,-4,57,0,2.36,234,27,0,35
2001-01-10T12:00,-4.3,58,0,2.48,230,28,0,35
2001-01-10T13:00,-4.4,58,0,2.69,228,25,0,35
2001-01-10T14:00,-4.8,59,0,2.76,226,34,0,35
2001-01-10T15:00,-4.6,57,0,2.97,225,53,12,40
2001-01-10T16:00,-0.9,46,0,2.91,229,5,116,50
2001-01-10T17:00,4.1,36,0,2,233,0,263,95
2001-01-10T18:00,7.4,30,0,1.5,217,0,382,360
2001-01-10T19:00,9.1,27,0,1.25,209,0,446,1210
2001-01-10T20:00,9.5,26,0,0.95,252,6,418,1475
2001-01-10T21:00,9.7,27,0,1.3,302,1,377,1740
2001-01-10T22:00,9.4,27,0,1.28,321,40,297,440
2001-01-10T23:00,7.9,33,0,2.19,336,32,153,100
2001-01-11T00:00,6.2,38,0,2.06,321,41,31,45
2001-01-11T01:00,2.5,45,0,1.14,285,34,0,20
2001-01-11T02:00,-1.4,58,0,1,233,6,0,15
2001-01-11T03:00,-3.6,67,0,1.7,225,0,0,20
2001-01-11T04:00,-4.1,67,0,2,233,0,0,25
2001-01-11T05:00,-4.3,64,0,2,233,0,0,25
2001-01-11T06:00,-4.7,64,0,2.06,231,0,0,30
2001-01-11T07:00,-5,65,0,2.19,227,0,0,30
2001-01-11T08:00,-5.3,63,0,2.4,225,0,0,35
2001-01-11T09:00,-5.5,61,0,2.4,225,0,0,40
2001-01-11T10:00,-5.8,60,0,2.13,229,0,0,30
2001-01-11T11:00,-6.3,58,0,2.13,229,0,0,35
2001-01-11T12:00,-6.8,57,0,2.34,230,0,0,35
2001-01-11T13:00,-7.2,54,0,2.55,225,0,0,40
2001-01-11T14:00,-7.5,51,0,2.97,222,0,0,45
2001-01-11T15:00,-7.1,47,0,3.4,223,0,13,55
2001-01-11T16:00,-3.5,37,0,3.04,224,0,129,60
2001-01-11T17:00,1.7,26,0,2.13,221,0,279,110
2001-01-11T18:00,5.5,19,0,1.44,214,0,395,260
2001-01-11T19:00,7.8,15,0,1.2,180,0,461,530
2001-01-11T20:00,9,12,0,1.66,155,0,467,775
2001-01-11T21:00,9.7,12,0,1.92,152,0,415,925
2001-01-11T22:00,9.5,13,0,1.57,117,0,311,400
2001-01-11T23:00,8.1,17,0,1.41,98,0,169,80
2001-01-12T00:00,4.1,28,0,1.3,176,0,34,50
2001-01-12T01:00,0.8,32,0,2.1,205,0,0,60
2001-01-12T02:00,-2.3,43,0,2.64,217,0,0,45
2001-01-12T03:00,-3.6,47,0,2.64,217,0,0,35
2001-01-12T04:00,-3.9,47,0,2.72,216,0,0,35
2001-01-12T05:00,-3.9,46,0,2.72,216,0,0,35
2001-01-12T06:00,-3.9,45,0,3,217,0,0,40
2001-01-12T07:00,-4,45,0,3.08,216,0,0,45
2001-01-12T08:00,-4.1,44,0,3.24,214,2,0,50
2001-01-12T09:00,-4.2,44,0,3.52,215,0,0,60
2001-01-12T10:00,-4.4,44,0,3.83,213,0,0,60
2001-01-12T11:00,-4.6,44,0,3.91,212,0,0,65
2001-01-12T12:00,-4.8,45,0,3.94,210,0,0,70
2001-01-12T13:00,-5,45,0,4.03,210,0,0,75
2001-01-12T14:00,-5,44,0,3.94,210,1,0,80
2001-01-12T15:00,-4.5,42,0,3.91,212,0,14,80
2001-01-12T16:00,-0.6,33,0,3.77,212,0,132,105
2001-01-12T17:00,4.5,25,0,3,206,0,283,190
2001-01-12T18:00,8.3,19,0,2.86,192,4,401,470
2001-01-12T19:00,10.5,14,0,3.4,182,0,468,1135
2001-01-12T20:00,11.4,13,0,3.81,175,0,477,1615
2001-01-12T21:00,11.5,14,0,3.96,170,12,425,1710
2001-01-12T22:00,10.6,16,0,2.15,152,70,313,455
2001-01-12T23:00,8.4,21,0,3.53,155,81,145,220
2001-01-13T00:00,5.4,26,0,3.5,180,33,26,125
2001-01-13T01:00,2.3,32,0,2.5,196,34,0,65
2001-01-13T02:00,-0.4,41,0,2.42,204,43,0,45
2001-01-13T03:00,-1.8,45,0,2.61,212,46,0,45
2001-01-13T04:00,-1.6,44,0,2.7,219,93,0,45
2001-01-13T05:00,-1.6,43,0,2.62,223,96,0,45
2001-01-13T06:00,-1.6,43,0,2.55,225,99,0,45
2001-01-13T07:00,-2.2,44,0,1.89,238,100,0,40
2001-01-13T08:00,-2.4,45,0,2.06,284,100,0,50
2001-01-13T09:00,-2.1,48,0,2.86,324,94,0,225
2001-01-13T10:00,-2.3,53,0,2.97,340,95,0,470
2001-01-13T11:00,-2.7,55,0,3.11,327,94,0,575
2001-01-13T12:00,-2.7,54,0,2.91,333,99,0,680
2001-01-13T13:00,-2.7,53,0,2.64,335,99,0,515
2001-01-13T14:00,-2.3,53,0,2.55,334,99,0,370
2001-01-13T15:00,-2.2,57,0.1,2.95,336,100,0,435
2001-01-13T16:00,-1.5,59,0.2,3.26,349,100,10,795
2001-01-13T17:00,-1.6,64,0.3,3.6,358,100,9,805
2001-01-13T18:00,-1.4,67,0.4,3.85,351,100,4,820
2001-01-13T19:00,0.7,60,0.2,3.99,338,100,38,1015
2001-01-13T20:00,1.9,52,0,4.49,328,100,79,1170
2001-01-13T21:00,2.7,43,0,4.94,324,100,108,1265
2001-01-13T22:00,2.9,39,0,3.14,329,72,101,1025
2001-01-13T23:00,2.3,38,0,2.28,337,9,121,955
2001-01-14T00:00,0.2,43,0,2.69,318,1,35,620
2001-01-14T01:00,-1.2,44,0,2.06,293,6,0,490
2001-01-14T02:00,-2.3,44,0,2.6,272,9,0,435
2001-01-14T03:00,-3,44,0,2.4,253,3,0,360
2001-01-14T04:00,-3.4,44,0,1.86,234,1,0,80
2001-01-14T05:00,-4,45,0,1.7,230,0,0,55
2001-01-14T06:00,-4.9,47,0,1.7,230,0,0,50
2001-01-14T07:00,-6.1,51,0,1.98,229,0,0,55
2001-01-14T08:00,-6.5,50,0,2.06,231,0,0,60
2001-01-14T09:00,-7,49,0,2.28,232,0,0,60
2001-01-14T10:00,-7.6,49,0,2.26,225,0,0,55
2001-01-14T11:00,-8.2,48,0,2.41,228,6,0,60
2001-01-14T12:00,-8.7,47,0,2.41,228,33,0,60
2001-01-14T13:00,-9,47,0,2.48,230,62,0,60
2001-01-14T14:00,-9.2,46,0,2.34,230,22,0,55
2001-01-14T15:00,-8.9,44,0,2.56,231,14,12,55
2001-01-14T16:00,-6.1,37,0,2.25,238,50,109,75
2001-01-14T17:00,-2.1,31,0,1.3,238,62,253,235
2001-01-14T18:00,0.7,25,0,1.43,258,82,385,1320
2001-01-14T19:00,1.8,25,0,2.04,281,73,395,1570
2001-01-14T20:00,2.8,22,0,2.56,301,75,436,2030
2001-01-14T21:00,3.2,21,0,2.91,319,94,355,2280
2001-01-14T22:00,2.4,22,0,2.97,327,94,158,2110
2001-01-14T23:00,1.4,25,0,1.87,344,92,95,1450
2001-01-15T00:00,-0.2,30,0,1.53,32,35,25,60
2001-01-15T01:00,-2,36,0,0.71,45,7,0,30
2001-01-15T02:00,-4.4,43,0,0.81,300,0,0,25
2001-01-15T03:00,-5.7,47,0,1.53,259,0,0,25
2001-01-15T04:00,-6.3,47,0,1.57,243,0,0,30
2001-01-15T05:00,-6.6,47,0,1.56,230,0,0,30
2001-01-15T06:00,-7.1,47,0,1.77,223,0,0,30
2001-01-15T07:00,-8.2,44,0,1.84,221,0,0,35
2001-01-15T08:00,-8.7,45,0,1.84,221,1,0,35
2001-01-15T09:00,-9.1,45,0,1.63,223,0,0,35
2001-01-15T10:00,-9.5,46,0,1.08,236,0,0,25
2001-01-15T11:00,-9.9,46,0,0.94,212,0,0,25
2001-01-15T12:00,-10.6,47,0,1.12,207,0,0,20
2001-01-15T13:00,-11.1,46,0,1.17,200,0,0,20
2001-01-15T14:00,-11.4,46,0,1.02,191,0,0,20
2001-01-15T15:00,-10.7,43,0,0.76,203,0,15,25
2001-01-15T16:00,-6.5,36,0,0.61,189,0,135,135
2001-01-15T17:00,-3.5,39,0,1.7,93,20,259,750
2001-01-15T18:00,-2,40,0,2.24,100,66,357,1185
2001-01-15T19:00,-1.1,38,0,2.34,110,100,350,1520
2001-01-15T20:00,-0.4,36,0,2.53,108,100,190,1630
2001-01-15T21:00,-0.2,37,0,2.9,92,100,125,1550
2001-01-15T22:00,-0.7,40,0,3.61,93,97,72,1320
2001-01-15T23:00,-1.6,45,0,3.32,83,100,40,1070
2001-01-16T00:00,-2.6,52,0.1,2.73,66,98,11,695
2001-01-16T01:00,-3.4,56,0.1,2.15,62,99,0,625
2001-01-16T02:00,-3.9,61,0.2,1.62,68,98,0,615
2001-01-16T03:00,-4.2,64,0.2,1.41,82,99,0,570
2001-01-16T04:00,-4.4,67,0.2,1.2,95,100,0,490
2001-01-16T05:00,-4.6,70,0.2,1.2,90,100,0,445
2001-01-16T06:00,-4.8,73,0.2,1.12,80,100,0,425
2001-01-16T07:00,-5.3,77,0.4,1.3,86,100,0,425
2001-01-16T08:00,-5.5,79,0.3,1.32,81,100,0,405
2001-01-16T09:00,-6.1,81,0.3,1.26,72,100,0,365
2001-01-16T10:00,-6.2,82,0.3,1.12,80,99,0,330
2001-01-16T11:00,-6.3,83,0.4,1.33,77,99,0,305
2001-01-16T12:00,-6.6,84,0.5,1.51,82,100,0,340
2001-01-16T13:00,-6.6,84,0.5,1.3,94,99,0,360
2001-01-16T14:00,-6.7,85,0.4,1.22,99,100,0,345
2001-01-16T15:00,-7.3,88,0.4,1.3,90,99,0,335
2001-01-16T16:00,-6.9,84,0.4,1.75,103,98,4,495
2001-01-16T17:00,-6.1,77,0.4,2.39,123,100,7,725
2001-01-16T18:00,-5.7,74,0.4,2.61,122,100,7,910
2001-01-16T19:00,-5.1,65,0.2,3,127,100,34,1040
2001-01-16T20:00,-5.1,67,0.2,3.08,126,100,34,985
2001-01-16T21:00,-5.3,68,0.2,2.83,122,100,15,1040
2001-01-16T22:00,-5.4,69,0,2.48,140,100,48,605
2001-01-16T23:00,-6,74,0,1.97,120,99,15,460
2001-01-17T00:00,-7,82,0,1.6,90,99,6,225
2001-01-17T01:00,-8.2,87,0,1.51,82,95,0,130
2001-01-17T02:00,-8.7,88,0,0.6,90,96,0,90
2001-01-17T03:00,-9.3,90,0,0.82,166,99,0,85
2001-01-17T04:00,-10.8,91,0,1.49,200,86,0,65
2001-01-17T05:00,-11.8,89,0,1.34,207,65,0,55
2001-01-17T06:00,-14.2,88,0,1.5,217,42,0,40
2001-01-17T07:00,-16.5,84,0,1.78,218,31,0,30
2001-01-17T08:00,-18,83,0,2.13,221,37,0,35
2001-01-17T09:00,-18.6,82,0,2.13,221,5,0,30
2001-01-17T10:00,-19.8,80,0,2.9,224,3,0,35
2001-01-17T11:00,-20.5,79,0,2.91,221,1,0,35
2001-01-17T12:00,-21.3,78,0,2.98,220,0,0,35
2001-01-17T13:00,-22,79,0,2.84,219,0,0,35
2001-01-17T14:00,-22.8,79,0,2.84,219,0,0,35
2001-01-17T15:00,-22.4,77,0,2.84,219,0,16,35
2001-01-17T16:00,-17.8,69,0,2.48,220,0,138,40
2001-01-17T17:00,-11.7,62,0,1.84,229,0,291,65
2001-01-17T18:00,-6.5,53,0,0.89,243,0,407,200
2001-01-17T19:00,-3.9,44,0,0.5,307,0,481,470
2001-01-17T20:00,-2.8,42,0,0.51,349,0,493,560
2001-01-17T21:00,-2.4,45,0,0.72,34,0,445,540
2001-01-17T22:00,-2.7,47,0,0.95,18,0,341,345
2001-01-17T23:00,-4.3,61,0,1.34,27,0,195,140
2001-01-18T00:00,-5.3,50,0,1,354,0,48,25
2001-01-18T01:00,-5.5,48,0,0.73,254,0,0,15
2001-01-18T02:00,-11,60,0,1.58,235,1,0,15
2001-01-18T03:00,-14.4,65,0,1.28,231,19,0,15
2001-01-18T04:00,-17,69,0,1.42,231,61,0,15
2001-01-18T05:00,-17.8,71,0,1.64,232,87,0,15
2001-01-18T06:00,-17.4,70,0,1.72,234,93,0,15
2001-01-18T07:00,-17.4,70,0,1.86,234,92,0,15
2001-01-18T08:00,-17.3,71,0,1.92,231,77,0,15
2001-01-18T09:00,-17.8,72,0,2.2,231,78,0,20
2001-01-18T10:00,-16.8,70,0,1.92,231,92,0,20
2001-01-18T11:00,-15.7,69,0,1.94,235,97,0,25
2001-01-18T12:00,-14.7,68,0,1.94,235,100,0,25
2001-01-18T13:00,-14.7,68,0,1.94,235,98,0,30
2001-01-18T14:00,-15.7,69,0,2.08,235,73,0,30
2001-01-18T15:00,-16.1,68,0,2.14,233,20,15,30
2001-01-18T16:00,-13.3,62,0,2.14,233,1,138,40
2001-01-18T17:00,-8.5,59,0,1.72,234,2,293,105
2001-01-18T18:00,-3.7,50,0,1.12,243,2,415,370
2001-01-18T19:00,-1.2,42,0,0.64,309,0,480,680
2001-01-18T20:00,-0.6,42,0,1.02,11,1,491,935
2001-01-18T21:00,-0.5,44,0,1.2,42,0,444,920
2001-01-18T22:00,-0.8,47,0,1.66,57,0,339,740
2001-01-18T23:00,-2.4,60,0,1.66,57,0,196,340
2001-01-19T00:00,-5,63,0,2.53,72,0,49,70
2001-01-19T01:00,-4.5,52,0,1.66,123,2,0,25
2001-01-19T02:00,-6.7,57,0,0.98,156,0,0,20
2001-01-19T03:00,-8.4,60,0,0.81,173,3,0,20
2001-01-19T04:00,-10.7,65,0,0.7,180,3,0,20
2001-01-19T05:00,-12.8,69,0,0.76,203,13,0,15
2001-01-19T06:00,-15.1,72,0,0.94,212,16,0,15
2001-01-19T07:00,-15,72,0,1.35,222,23,0,15
2001-01-19T08:00,-15,72,0,1.56,225,29,0,20
2001-01-19T09:00,-15.7,73,0,1.7,225,26,0,25
2001-01-19T10:00,-16.2,74,0,1.53,212,19,0,20
2001-01-19T11:00,-16.5,72,0,1.78,218,14,0,25
2001-01-19T12:00,-17.3,71,0,1.84,225,15,0,30
2001-01-19T13:00,-18.1,70,0,2.19,227,4,0,35
2001-01-19T14:00,-18.8,70,0,2.4,225,0,0,35
2001-01-19T15:00,-18.5,68,0,2.62,227,0,17,35
2001-01-19T16:00,-14.5,62,0,2.48,223,0,143,45
2001-01-19T17:00,-8.8,56,0,1.84,221,0,296,85
2001-01-19T18:00,-3.4,50,0,1.2,185,0,419,260
2001-01-19T19:00,-0.5,40,0,1.12,153,0,483,585
2001-01-19T20:00,0.6,39,0,0.92,139,0,500,735
2001-01-19T21:00,1.2,39,0,0.85,111,0,453,775
2001-01-19T22:00,1,41,0,1.2,138,0,349,555
2001-01-19T23:00,-0.3,45,0,1.35,138,0,201,170
2001-01-20T00:00,-2.6,46,0,2.35,168,0,53,45
2001-01-20T01:00,-6,52,0,2.01,207,0,0,30
2001-01-20T02:00,-8.6,58,0,1.94,215,0,0,30
2001-01-20T03:00,-10.1,61,0,2.34,220,0,0,35
2001-01-20T04:00,-10.4,60,0,2.62,223,11,0,35
2001-01-20T05:00,-11,62,0,2.97,225,89,0,35
2001-01-20T06:00,-11.6,63,0,3.11,225,92,0,40
2001-01-20T07:00,-11.3,64,0,3.18,226,97,0,40
2001-01-20T08:00,-11,64,0,3.18,226,96,0,40
2001-01-20T09:00,-10.1,64,0,3.11,228,97,0,40
2001-01-20T10:00,-9.8,65,0,3.04,226,100,0,40
2001-01-20T11:00,-9.4,66,0,3.04,224,100,0,40
2001-01-20T12:00,-9.1,67,0,3.04,226,100,0,40
2001-01-20T13:00,-8.9,68,0,2.7,231,100,0,40
2001-01-20T14:00,-8.3,68,0,2.37,242,100,0,35
2001-01-20T15:00,-7.5,66,0,2.33,260,100,1,35
2001-01-20T16:00,-5.8,65,0,1.39,291,100,15,70
2001-01-20T17:00,-2.9,61,0,1.44,326,100,18,115
2001-01-20T18:00,-0.3,52,0,1.46,344,100,45,380
2001-01-20T19:00,-0.2,56,0,1.12,297,100,46,800
2001-01-20T20:00,1,42,0,3.09,299,95,111,1075
2001-01-20T21:00,1.6,35,0,4.02,325,12,281,1310
2001-01-20T22:00,1.4,36,0,3.2,358,6,307,1245
2001-01-20T23:00,0.3,43,0,2.52,7,37,170,755
2001-01-21T00:00,-1.4,49,0,3.2,360,89,31,280
2001-01-21T01:00,-2.8,57,0,2.42,330,93,0,205
2001-01-21T02:00,-3.6,60,0,1.75,283,78,0,100
2001-01-21T03:00,-4.8,63,0,1.8,270,30,0,30
2001-01-21T04:00,-7,68,0,1.66,245,17,0,25
2001-01-21T05:00,-8.9,71,0,1.58,235,3,0,25
2001-01-21T06:00,-10.3,71,0,1.98,229,2,0,30
2001-01-21T07:00,-11.3,69,0,2.33,227,0,0,35
2001-01-21T08:00,-11.7,68,0,2.55,228,0,0,40
2001-01-21T09:00,-12.2,68,0,2.69,228,0,0,40
2001-01-21T10:00,-12.8,67,0,2.76,226,2,0,40
2001-01-21T11:00,-13.2,65,0,2.97,228,1,0,40
2001-01-21T12:00,-13.5,65,0,3.18,226,0,0,40
2001-01-21T13:00,-13.8,64,0,3.25,225,0,0,40
2001-01-21T14:00,-13.9,64,0,3.32,224,0,0,40
2001-01-21T15:00,-13.3,61,0,3.32,224,0,19,45
2001-01-21T16:00,-10.1,55,0,3.18,224,0,146,50
2001-01-21T17:00,-4.9,49,0,2.33,227,0,302,75
2001-01-21T18:00,0.2,42,0,1.41,225,0,425,235
2001-01-21T19:00,3,39,0,0.98,204,15,493,495
2001-01-21T20:00,4.1,34,0,0.81,187,19,504,700
2001-01-21T21:00,5.3,26,0,0.54,158,5,455,760
2001-01-21T22:00,5.1,28,0,1.12,100,0,351,520
2001-01-21T23:00,4,36,0,1.79,117,0,205,95
2001-01-22T00:00,1.3,46,0,2.04,169,0,56,35
2001-01-22T01:00,-2,43,0,1.79,207,0,0,30
2001-01-22T02:00,-5.1,53,0,2,217,0,0,30
2001-01-22T03:00,-5.9,55,0,2.2,219,0,0,35
2001-01-22T04:00,-6,56,0,2.55,222,0,0,35
2001-01-22T05:00,-6.6,58,0,2.9,224,0,0,35
2001-01-22T06:00,-7.1,59,0,3.11,222,0,0,40
2001-01-22T07:00,-7.5,60,0,3.4,223,0,0,40
2001-01-22T08:00,-7.7,59,0,3.47,224,0,0,40
2001-01-22T09:00,-8,59,0,3.47,224,0,0,40
2001-01-22T10:00,-8.4,58,0,3.33,221,28,0,40
2001-01-22T11:00,-8.7,58,0,3.54,223,89,0,40
2001-01-22T12:00,-8.9,57,0,3.54,223,92,0,40
2001-01-22T13:00,-9.1,57,0,3.54,225,88,0,35
2001-01-22T14:00,-9.3,57,0,3.54,225,86,0,35
2001-01-22T15:00,-8.5,54,0,3.39,225,95,10,35
2001-01-22T16:00,-5,49,0,3.18,226,96,58,40
2001-01-22T17:00,-0.1,46,0,2.48,230,100,172,50
2001-01-22T18:00,4.6,42,0,1.26,252,100,227,70
2001-01-22T19:00,6.5,40,0,1.2,360,100,98,175
2001-01-22T20:00,7.2,28,0,2.42,30,99,151,350
2001-01-22T21:00,6,31,0,2.7,39,99,87,470
2001-01-22T22:00,4.9,35,0,1.66,33,100,75,385
2001-01-22T23:00,3.2,41,0,1.61,353,100,20,120
2001-01-23T00:00,1.3,46,0,1.53,349,100,5,45
2001-01-23T01:00,-1,50,0,1.73,10,100,0,55
2001-01-23T02:00,-0.9,45,0,1.92,28,100,0,45
2001-01-23T03:00,-0.4,43,0,0.91,84,100,0,25
2001-01-23T04:00,-0.8,45,0,0.73,164,100,0,15
2001-01-23T05:00,-1.3,47,0,0.58,211,100,0,15
2001-01-23T06:00,-1.9,50,0,0.78,220,100,0,15
2001-01-23T07:00,-4.4,56,0,0.92,221,100,0,15
2001-01-23T08:00,-5.2,59,0,1.03,209,100,0,20
2001-01-23T09:00,-5.7,61,0,0.98,204,100,0,25
2001-01-23T10:00,-6.5,64,0,1.55,195,100,0,55
2001-01-23T11:00,-6.6,65,0,1.68,197,100,0,70
2001-01-23T12:00,-6.8,68,0,1.66,205,100,0,70
2001-01-23T13:00,-6.8,68,0,1.61,210,100,0,60
2001-01-23T14:00,-6.8,69,0,1.58,215,98,0,55
2001-01-23T15:00,-6.4,68,0,1.42,219,99,2,60
2001-01-23T16:00,-3.7,60,0,1.36,234,100,17,75
2001-01-23T17:00,0,46,0,0.61,261,99,78,190
2001-01-23T18:00,2.1,40,0,0.2,360,96,226,470
2001-01-23T19:00,2.9,44,0,0.71,45,96,341,560
2001-01-23T20:00,3.4,41,0,1.13,45,94,328,655
2001-01-23T21:00,3.5,42,0,1.28,39,88,301,675
2001-01-23T22:00,3.1,44,0,1.08,34,90,172,510
2001-01-23T23:00,2,51,0,1.08,22,97,103,145
2001-01-24T00:00,0,59,0,1.63,11,93,27,50
2001-01-24T01:00,-2.6,69,0,0.94,302,75,0,15
2001-01-24T02:00,-3.4,70,0,1.41,278,8,0,25
2001-01-24T03:00,-4.6,74,0,1.73,280,6,0,30
2001-01-24T04:00,-5.8,76,0,1.5,270,6,0,25
2001-01-24T05:00,-6.5,76,0,1.36,253,7,0,20
2001-01-24T06:00,-7,75,0,1.17,250,2,0,20
2001-01-24T07:00,-7.9,73,0,1.04,253,0,0,20
2001-01-24T08:00,-8,72,0,1,264,0,0,20
2001-01-24T09:00,-9,75,0,1,270,0,0,20
2001-01-24T10:00,-10.1,76,0,1.02,259,0,0,20
2001-01-24T11:00,-10.1,75,0,0.7,270,2,0,20
2001-01-24T12:00,-10.4,74,0,0.61,261,11,0,15
2001-01-24T13:00,-10.9,72,0,0.86,234,21,0,15
2001-01-24T14:00,-11,70,0,1.13,225,21,0,20
2001-01-24T15:00,-10.4,69,0,0.99,225,2,16,20
2001-01-24T16:00,-4.8,58,0,1.06,229,2,116,65
2001-01-24T17:00,-0.4,54,0,0.28,135,1,286,230
2001-01-24T18:00,1.5,57,0,1.02,101,1,391,500
2001-01-24T19:00,2.6,53,0,1.61,97,1,476,710
2001-01-24T20:00,3.4,50,0,2.22,98,0,488,880
2001-01-24T21:00,4,48,0,2.5,106,10,431,1045
2001-01-24T22:00,4,48,0,3.29,110,36,348,1025
2001-01-24T23:00,3,53,0,3,116,95,205,700
2001-01-25T00:00,0.8,62,0,3.26,130,94,44,275
2001-01-25T01:00,-1.1,69,0,3.61,166,93,0,160
2001-01-25T02:00,-2.6,72,0,3.03,188,94,0,125
2001-01-25T03:00,-3.7,74,0,3.28,192,100,0,115
2001-01-25T04:00,-4.3,73,0,3.64,196,100,0,130
2001-01-25T05:00,-4.4,69,0,3.86,197,99,0,150
2001-01-25T06:00,-4.2,66,0,4.02,199,98,0,180
2001-01-25T07:00,-4.5,68,0,4.22,202,54,0,190
2001-01-25T08:00,-4.9,69,0,4.16,204,72,0,180
2001-01-25T09:00,-5.3,70,0,4.11,206,87,0,160
2001-01-25T10:00,-5.4,71,0,4.05,200,87,0,155
2001-01-25T11:00,-5.7,71,0,3.99,202,92,0,150
2001-01-25T12:00,-5.9,71,0,3.8,207,98,0,130
2001-01-25T13:00,-6,70,0,3.77,212,88,0,115
2001-01-25T14:00,-6,69,0,3.58,216,73,0,95
2001-01-25T15:00,-5.8,67,0,3.58,216,61,11,90
2001-01-25T16:00,-3,58,0,3.11,222,80,131,105
2001-01-25T17:00,1.1,49,0,2.26,225,82,246,150
2001-01-25T18:00,4.4,42,0,1.77,223,92,311,670
2001-01-25T19:00,5.4,40,0,1.9,252,89,268,1155
2001-01-25T20:00,6,37,0,2.37,298,76,325,1645
2001-01-25T21:00,5.8,35,0,3.22,334,67,231,1595
2001-01-25T22:00,3.9,46,0.2,1.55,285,100,101,250
2001-01-25T23:00,2.3,59,0,0.45,297,100,52,105
2001-01-26T00:00,0.9,59,0,0.64,309,100,21,45
2001-01-26T01:00,-0.4,47,0,1.9,273,100,0,40
2001-01-26T02:00,-1.8,43,0,1.66,245,100,0,35
2001-01-26T03:00,-2.6,44,0,2.51,241,98,0,90
2001-01-26T04:00,-2.3,45,0,2.8,235,80,0,175
2001-01-26T05:00,-2.1,46,0,2.66,236,56,0,160
2001-01-26T06:00,-2.2,46,0,2.22,234,54,0,95
2001-01-26T07:00,-4,49,0,2.28,232,10,0,45
2001-01-26T08:00,-5.2,52,0,1.91,223,1,0,40
2001-01-26T09:00,-6.6,56,0,1.7,225,1,0,45
2001-01-26T10:00,-7.7,58,0,1.77,223,0,0,45
2001-01-26T11:00,-8.6,58,0,2.05,223,0,0,50
2001-01-26T12:00,-9.4,59,0,2.19,227,0,0,50
2001-01-26T13:00,-10.1,59,0,2.41,228,0,0,50
2001-01-26T14:00,-10.7,59,0,2.2,231,3,0,50
2001-01-26T15:00,-10.5,58,0,1.7,230,49,23,45
2001-01-26T16:00,-5.8,48,0,1.14,232,94,148,75
2001-01-26T17:00,-1.6,43,0,0.73,106,94,218,295
2001-01-26T18:00,0.1,45,0,1.91,96,94,259,730
2001-01-26T19:00,1.2,42,0,2.24,100,97,265,860
2001-01-26T20:00,2,40,0,2.69,105,99,218,1010
2001-01-26T21:00,2.6,39,0,3.3,104,100,207,1130
2001-01-26T22:00,2.3,41,0,3.51,110,100,117,1205
2001-01-26T23:00,1.1,48,0,3.6,90,100,54,915
2001-01-27T00:00,-0.8,58,0,2.6,92,100,14,510
2001-01-27T01:00,-2.2,63,0,2.24,80,100,0,265
2001-01-27T02:00,-3.2,68,0,1.61,83,100,0,210
2001-01-27T03:00,-3.4,70,0,1.32,99,100,0,225
2001-01-27T04:00,-3.8,73,0,1.84,135,100,0,260
2001-01-27T05:00,-4.6,77,0,2.19,156,100,0,275
2001-01-27T06:00,-4.6,76,0,2.53,171,93,0,250
2001-01-27T07:00,-4.6,75,0,2.7,182,100,0,250
2001-01-27T08:00,-5,75,0,2.72,186,100,0,245
2001-01-27T09:00,-5.6,74,0,2.75,190,100,0,240
2001-01-27T10:00,-5.7,72,0,2.28,195,100,0,210
2001-01-27T11:00,-5.7,69,0,1.99,198,99,0,200
2001-01-27T12:00,-5.9,68,0,1.99,198,100,0,190
2001-01-27T13:00,-6.2,67,0,1.87,196,100,0,175
2001-01-27T14:00,-6.6,66,0,1.93,201,100,0,150
2001-01-27T15:00,-6.6,64,0,1.7,208,94,2,130
2001-01-27T16:00,-4.1,54,0,1.7,208,99,64,155
2001-01-27T17:00,-1.5,46,0,0.81,187,100,78,335
2001-01-27T18:00,0,43,0,0.92,131,100,29,550
2001-01-27T19:00,0.9,43,0,1.3,113,100,75,685
2001-01-27T20:00,0.5,49,0,1.36,107,100,9,705
2001-01-27T21:00,-0.1,58,0.2,1.9,108,100,3,705
2001-01-27T22:00,-1.1,70,0.3,0.98,114,100,5,500
2001-01-27T23:00,-1.7,75,0.3,1.1,90,100,1,430
2001-01-28T00:00,-2.7,81,0.3,1.4,86,100,1,340
2001-01-28T01:00,-3.5,85,0.3,1.2,95,100,0,310
2001-01-28T02:00,-4.1,86,0.2,1.39,111,98,0,325
2001-01-28T03:00,-4.5,86,0.2,1.28,129,98,0,295
2001-01-28T04:00,-4.6,85,0.3,1.24,104,100,0,220
2001-01-28T05:00,-5,86,0.2,1.49,132,100,0,195
2001-01-28T06:00,-4.8,85,0.2,0.85,135,99,0,135
2001-01-28T07:00,-5.2,86,0.2,1.14,128,100,0,130
2001-01-28T08:00,-5.6,87,0.2,1.34,153,100,0,110
2001-01-28T09:00,-5.9,88,0.1,1.04,163,100,0,100
2001-01-28T10:00,-7.2,88,0,0.85,201,86,0,95
2001-01-28T11:00,-7.7,86,0.1,0.98,246,70,0,85
2001-01-28T12:00,-8.2,84,0,1.17,250,92,0,45
2001-01-28T13:00,-8.7,82,0,0.85,249,50,0,25
2001-01-28T14:00,-9.3,81,0,0.82,256,68,0,20
2001-01-28T15:00,-9.3,79,0,0.58,301,97,7,45
2001-01-28T16:00,-6.3,73,0,1.24,14,97,52,140
2001-01-28T17:00,-5.3,79,0,1.68,17,85,81,270
2001-01-28T18:00,-3.6,72,0,1.58,18,89,140,360
2001-01-28T19:00,-4.3,80,0.2,1.71,21,95,145,485
2001-01-28T20:00,-3.9,78,0.4,2.34,20,97,224,515
2001-01-28T21:00,-4.8,82,0.1,2.5,16,97,91,485
2001-01-28T22:00,-5,82,0.1,1.97,24,89,121,465
2001-01-28T23:00,-5.5,83,0,1.75,24,94,53,410
2001-01-29T00:00,-6.1,86,0,1.61,30,99,10,270
2001-01-29T01:00,-6.6,89,0,1.44,34,98,0,195
2001-01-29T02:00,-7.1,90,0,0.98,24,98,0,135
2001-01-29T03:00,-7.4,91,0.2,0.61,9,97,0,105
2001-01-29T04:00,-7.7,92,0.3,0.5,37,100,0,80
2001-01-29T05:00,-7.9,93,0.3,0.78,40,98,0,75
2001-01-29T06:00,-7.9,93,0.3,0.8,360,100,0,85
2001-01-29T07:00,-8.2,92,0.4,0.92,311,99,0,80
2001-01-29T08:00,-8.6,92,0.2,0.98,246,99,0,70
2001-01-29T09:00,-9,90,0.1,1.06,229,98,0,50
2001-01-29T10:00,-9.6,87,0,1.28,231,100,0,20
2001-01-29T11:00,-10,86,0,1,276,98,0,15
2001-01-29T12:00,-9.3,83,0,1.44,304,100,0,60
2001-01-29T13:00,-8.9,84,0.2,1.32,279,100,0,60
2001-01-29T14:00,-10.3,87,0.2,1.24,256,86,0,25
2001-01-29T15:00,-10.6,87,0.1,1.08,292,100,1,15
2001-01-29T16:00,-7.1,75,0.2,1.36,324,98,15,100
2001-01-29T17:00,-5.1,78,0.3,1.4,360,72,22,275
2001-01-29T18:00,-4.7,84,0.4,2.11,5,67,18,565
2001-01-29T19:00,-2.7,71,0,1.3,328,68,263,535
2001-01-29T20:00,-0.8,62,0,1.46,286,46,340,670
2001-01-29T21:00,0.9,56,0,1.36,287,10,352,840
2001-01-29T22:00,1.2,56,0,1.84,311,38,308,1165
2001-01-29T23:00,1.2,52,0,3.22,300,21,200,1010
2001-01-30T00:00,0,51,0,4.49,291,20,71,760
2001-01-30T01:00,-1.3,49,0,5.19,286,6,1,665
2001-01-30T02:00,-2.3,47,0,5.22,282,26,0,600
2001-01-30T03:00,-3.1,46,0,5.12,282,54,0,580
2001-01-30T04:00,-3.9,47,0,4.98,280,77,0,565
2001-01-30T05:00,-5.1,50,0,4.63,276,70,0,540
2001-01-30T06:00,-6.7,56,0,4.4,270,62,0,515
2001-01-30T07:00,-5.6,51,0,4.1,267,85,0,460
2001-01-30T08:00,-6.9,58,0,3.01,266,85,0,145
2001-01-30T09:00,-8.3,63,0,2.11,275,78,0,80
2001-01-30T10:00,-9.9,64,0,2.42,300,46,0,70
2001-01-30T11:00,-12,67,0,1.99,288,83,0,60
2001-01-30T12:00,-12.8,69,0,1.53,281,98,0,45
2001-01-30T13:00,-12.3,69,0,2.01,264,99,0,30
2001-01-30T14:00,-11.5,68,0,1.8,236,100,0,20
2001-01-30T15:00,-10.6,69,0,2.02,237,100,1,25
2001-01-30T16:00,-8.3,67,0,2.1,245,100,14,55
2001-01-30T17:00,-4.8,62,0,1.68,253,100,86,235
2001-01-30T18:00,-1.8,49,0,1.6,270,100,126,420
2001-01-30T19:00,-0.3,48,0,1.53,302,100,179,1245
2001-01-30T20:00,0.2,43,0,1.71,353,100,156,1545
2001-01-30T21:00,-0.6,50,0,2.44,35,100,88,1085
2001-01-30T22:00,-1.9,64,0,2.97,42,100,54,655
2001-01-30T23:00,-3.4,76,0,2.77,49,100,18,655
2001-01-31T00:00,-4.7,83,0,1.53,58,100,8,460
2001-01-31T01:00,-5.5,85,0.1,1.12,100,100,0,210
2001-01-31T02:00,-5.8,83,0.2,1,174,100,0,65
2001-01-31T03:00,-6.1,82,0.1,1.02,191,100,0,65
2001-01-31T04:00,-6.5,82,0.1,1.3,203,100,0,35
2001-01-31T05:00,-7.5,82,0.1,1.52,203,100,0,35
2001-01-31T06:00,-8.8,83,0,1.48,208,100,0,25
2001-01-31T07:00,-10.6,82,0,1.64,218,100,0,25
2001-01-31T08:00,-11.4,80,0,1.84,225,100,0,30
2001-01-31T09:00,-12.3,79,0,2.13,229,100,0,30
2001-01-31T10:00,-13.3,79,0,1.7,230,99,0,25
2001-01-31T11:00,-14.4,79,0,1.86,234,89,0,20
2001-01-31T12:00,-15.8,79,0,2.22,234,70,0,25
2001-01-31T13:00,-17,78,0,2.5,233,45,0,30
2001-01-31T14:00,-18,77,0,2.83,228,60,0,30
2001-01-31T15:00,-17.9,75,0,3.25,225,43,21,35
2001-01-31T16:00,-14.7,67,0,3.04,224,8,165,50
2001-01-31T17:00,-10,62,0,2.41,222,0,339,85
2001-01-31T18:00,-5,53,0,1.84,221,0,471,240
2001-01-31T19:00,-1.9,43,0,1.53,212,11,544,665
2001-01-31T20:00,-0.7,41,0,0.98,204,15,551,1110
2001-01-31T21:00,0.3,25,0,0.28,315,10,504,1370
2001-01-31T22:00,-0.1,38,0,0.78,50,23,406,1050
2001-01-31T23:00,-1.8,51,0,1.5,53,34,245,150
2001-02-01T00:00,-3.8,59,0,1.4,90,25,73,25
2001-02-01T01:00,-3.8,50,0,1.04,197,13,1,20
2001-02-01T02:00,-7.1,55,0,1.58,215,1,0,20
2001-02-01T03:00,-12.1,62,0,1.49,222,0,0,15
2001-02-01T04:00,-15,66,0,1.63,227,0,0,15
2001-02-01T05:00,-17.2,70,0,1.98,229,0,0,20
2001-02-01T06:00,-18.5,73,0,2.36,234,0,0,20
2001-02-01T07:00,-18.9,72,0,2.58,234,0,0,25
2001-02-01T08:00,-19.2,72,0,2.72,234,0,0,25
2001-02-01T09:00,-19.5,73,0,2.72,234,0,0,30
2001-02-01T10:00,-19.8,73,0,2.28,232,5,0,25
2001-02-01T11:00,-19.8,72,0,2.66,236,24,0,30
2001-02-01T12:00,-19.2,71,0,3.11,237,51,0,35
2001-02-01T13:00,-18.5,70,0,3.45,240,8,0,45
2001-02-01T14:00,-18.5,71,0,3.45,240,3,0,45
2001-02-01T15:00,-18.2,70,0,3.09,241,2,30,40
2001-02-01T16:00,-14.4,62,0,2.73,242,7,172,55
2001-02-01T17:00,-9.5,58,0,2.1,245,12,335,215
2001-02-01T18:00,-4.6,52,0,1.87,254,3,431,1120
2001-02-01T19:00,-1.4,43,0,1.9,270,1,535,1325
2001-02-01T20:00,-0.2,40,0,1.77,286,0,555,1400
2001-02-01T21:00,0.2,46,0,1.39,300,0,510,1375
2001-02-01T22:00,0.2,46,0,0.54,202,0,404,930
2001-02-01T23:00,1.2,31,0,1.61,173,0,252,305
2001-02-02T00:00,-2.8,54,0,2.21,175,0,87,40
2001-02-02T01:00,-5.8,55,0,2.2,210,0,2,30
2001-02-02T02:00,-9.9,66,0,2,217,0,0,25
2001-02-02T03:00,-12.3,72,0,2.77,221,0,0,35
2001-02-02T04:00,-12.8,71,0,3.18,224,0,0,40
2001-02-02T05:00,-13.2,72,0,3.47,224,0,0,40
2001-02-02T06:00,-13.4,72,0,3.61,224,0,0,45
2001-02-02T07:00,-13.6,73,0,3.82,223,40,0,50
2001-02-02T08:00,-13.6,73,0,3.89,224,92,0,55
2001-02-02T09:00,-13.3,73,0,3.89,224,100,0,55
2001-02-02T10:00,-13.3,74,0,3.54,223,88,0,45
2001-02-02T11:00,-12.8,74,0,3.47,221,94,0,40
2001-02-02T12:00,-11.6,73,0,3.4,223,96,0,40
2001-02-02T13:00,-10.7,74,0,3.18,224,98,0,40
2001-02-02T14:00,-9.8,74,0,3.18,224,98,0,40
2001-02-02T15:00,-8.5,72,0,3.05,229,57,6,40
2001-02-02T16:00,-6.1,69,0,3.19,229,0,31,45
2001-02-02T17:00,-2,63,0,2.42,218,0,321,70
2001-02-02T18:00,2.6,55,0,2.02,200,2,458,155
2001-02-02T19:00,4.8,50,0,2.1,205,16,534,655
2001-02-02T20:00,6.2,43,0,1.12,260,12,551,795
2001-02-02T21:00,8.6,27,0,0.63,288,90,504,930
2001-02-02T22:00,7.8,32,0,1.33,167,100,384,440
2001-02-02T23:00,6,45,0,1.87,164,100,222,135
2001-02-03T00:00,3.7,54,0,2.51,185,92,15,80
2001-02-03T01:00,1.3,66,0,2.3,214,97,0,45
2001-02-03T02:00,-0.3,75,0,2.7,219,100,0,40
2001-02-03T03:00,-1.7,79,0,2.78,218,98,0,40
2001-02-03T04:00,-2.9,81,0,2.98,220,94,0,45
2001-02-03T05:00,-3,77,0,3.12,220,100,0,50
2001-02-03T06:00,-3.7,76,0,3.4,223,100,0,55
2001-02-03T07:00,-3.7,74,0,3.47,221,99,0,55
2001-02-03T08:00,-4,72,0,3.72,216,89,0,60
2001-02-03T09:00,-4.4,71,0,3.36,217,100,0,65
2001-02-03T10:00,-4.9,70,0,2.8,215,81,0,55
2001-02-03T11:00,-5.3,71,0,2.91,221,99,0,50
2001-02-03T12:00,-5.6,70,0,2.69,225,98,0,45
2001-02-03T13:00,-6.2,71,0,2.34,230,100,0,35
2001-02-03T14:00,-6.4,71,0,2.33,227,98,0,35
2001-02-03T15:00,-5.5,69,0,2.12,225,99,15,40
2001-02-03T16:00,-2,64,0,1.56,225,96,103,45
2001-02-03T17:00,2.5,56,0,0.89,207,84,208,100
2001-02-03T18:00,6,47,0,0.89,153,97,314,335
2001-02-03T19:00,8,35,0,0.2,360,95,398,2060
2001-02-03T20:00,8,36,0,2.25,328,90,398,2355
2001-02-03T21:00,7.7,37,0,2.83,328,81,306,1990
2001-02-03T22:00,7,39,0,1.86,36,51,312,1535
2001-02-03T23:00,5.6,47,0,2.28,61,53,198,280
2001-02-04T00:00,4.4,48,0,2.33,59,43,78,160
2001-02-04T01:00,1.4,60,0,2.09,73,62,2,100
2001-02-04T02:00,-0.6,64,0,1.8,93,42,0,85
2001-02-04T03:00,-2.3,68,0,1.5,90,60,0,50
2001-02-04T04:00,-3,68,0,1.41,135,50,0,50
2001-02-04T05:00,-3.7,69,0,1.63,137,50,0,70
2001-02-04T06:00,-2.8,64,0,1.6,94,59,0,85
2001-02-04T07:00,-1.6,84,0,0.81,60,62,0,85
2001-02-04T08:00,-2,87,0,0.67,27,55,0,85
2001-02-04T09:00,-2.2,89,0,0,270,48,0,80
2001-02-04T10:00,-2.6,92,0,0.98,24,66,0,110
2001-02-04T11:00,-2.7,93,0,1.14,128,66,0,115
2001-02-04T12:00,-3.1,94,0,1.21,156,56,0,105
2001-02-04T13:00,-3.7,94,0,1.43,155,49,0,95
2001-02-04T14:00,-5.2,92,0,1.63,169,32,0,85
2001-02-04T15:00,-4.3,84,0,1.9,183,22,14,80
2001-02-04T16:00,-1.4,68,0,2,180,14,113,115
2001-02-04T17:00,1.6,60,0,1.87,164,9,326,255
2001-02-04T18:00,4.8,49,0,1.46,164,41,418,560
2001-02-04T19:00,7.2,32,0,0.73,196,37,508,915
2001-02-04T20:00,8.2,33,0,0.71,278,5,549,1085
2001-02-04T21:00,8.2,37,0,0.94,328,1,504,1190
2001-02-04T22:00,9.7,28,0,1,96,7,403,460
2001-02-04T23:00,7.1,45,0,1.6,90,23,255,190
2001-02-05T00:00,6.8,43,0,1.97,114,50,92,35
2001-02-05T01:00,5.1,46,0,1.84,193,61,2,25
2001-02-05T02:00,-0.2,63,0,1.53,212,32,0,25
2001-02-05T03:00,-2.5,73,0,1.92,219,55,0,25
2001-02-05T04:00,-3.3,76,0,2.26,225,78,0,30
2001-02-05T05:00,-3.2,73,0,2.55,225,81,0,35
2001-02-05T06:00,-2.9,70,0,2.9,224,53,0,45
2001-02-05T07:00,-3.8,71,0,3.19,221,29,0,50
2001-02-05T08:00,-4,70,0,3.55,220,0,0,55
2001-02-05T09:00,-4.2,68,0,3.76,220,0,0,60
2001-02-05T10:00,-4.3,67,0,3.84,219,0,0,60
2001-02-05T11:00,-4.3,65,0,3.92,218,0,0,60
2001-02-05T12:00,-4.6,65,0,3.91,220,0,0,65
2001-02-05T13:00,-5,65,0,3.75,222,0,0,65
2001-02-05T14:00,-5.4,64,0,3.75,222,0,0,60
2001-02-05T15:00,-4.6,60,0,3.83,221,0,39,65
2001-02-05T16:00,-1,51,0,3.2,219,0,192,75
2001-02-05T17:00,3.6,45,0,2.47,212,0,358,110
2001-02-05T18:00,8.4,35,0,1.91,186,0,486,335
2001-02-05T19:00,10.6,28,0,2.1,183,0,560,1805
2001-02-05T20:00,11.7,25,0,2.56,231,0,572,2335
2001-02-05T21:00,13.7,18,0,3.55,280,0,524,2615
2001-02-05T22:00,12.9,19,0,2.51,331,0,420,2735
2001-02-05T23:00,11.4,23,0,2.42,353,2,265,390
2001-02-06T00:00,9.1,28,0,1.56,40,21,99,75
2001-02-06T01:00,6,32,0,0.72,56,0,4,60
2001-02-06T02:00,4.6,35,0,0.71,135,0,0,30
2001-02-06T03:00,1.6,45,0,1.3,176,0,0,40
2001-02-06T04:00,-1.1,57,0,2.24,153,0,0,120
2001-02-06T05:00,-2.3,63,0,3.08,126,0,0,215
2001-02-06T06:00,-2.5,66,0,2.97,123,0,0,200
2001-02-06T07:00,-3.8,83,0,1.75,149,1,0,135
2001-02-06T08:00,-4.3,87,0,1.84,167,1,0,110
2001-02-06T09:00,-5.1,88,0,2.12,188,0,0,90
2001-02-06T10:00,-5.1,85,0,2.52,187,5,0,130
2001-02-06T11:00,-5.4,82,0,2.33,190,5,0,115
2001-02-06T12:00,-5.6,75,0,1.71,187,1,0,115
2001-02-06T13:00,-5.6,69,0,1.99,198,0,0,110
2001-02-06T14:00,-5.7,67,0,2.24,207,17,0,100
2001-02-06T15:00,-4,60,0,2.47,212,19,36,105
2001-02-06T16:00,-0.4,49,0,2.06,219,45,176,140
2001-02-06T17:00,3.1,40,0,1.08,214,42,324,250
2001-02-06T18:00,5.8,33,0,0.81,150,16,432,480
2001-02-06T19:00,7.5,31,0,1.63,133,50,556,725
2001-02-06T20:00,8.8,30,0,2.13,139,48,556,955
2001-02-06T21:00,9.4,31,0,2.64,151,35,513,1085
2001-02-06T22:00,9.3,33,0,2.52,146,23,410,630
2001-02-06T23:00,7.9,40,0,1.41,135,22,264,285
2001-02-07T00:00,5.4,50,0,1.8,109,29,100,145
2001-02-07T01:00,2.1,62,0,1.6,176,4,4,105
2001-02-07T02:00,-0.2,70,0,2.24,207,1,0,100
2001-02-07T03:00,-2,76,0,2.25,201,4,0,90
2001-02-07T04:00,-2.7,76,0,2.77,206,1,0,85
2001-02-07T05:00,-2.8,73,0,3.18,208,0,0,80
2001-02-07T06:00,-2.6,71,0,3.5,211,0,0,85
2001-02-07T07:00,-2,69,0,3.64,212,0,0,85
2001-02-07T08:00,-1.7,68,0,3.77,212,0,0,95
2001-02-07T09:00,-1.5,68,0,3.83,213,0,0,105
2001-02-07T10:00,-1.5,70,0,3.14,217,0,0,95
2001-02-07T11:00,-1.5,70,0,2.62,223,0,0,65
2001-02-07T12:00,-1.5,70,0,2.76,224,0,0,60
2001-02-07T13:00,-1.6,70,0,2.97,222,0,0,60
2001-02-07T14:00,-1.7,70,0,2.83,225,0,0,60
2001-02-07T15:00,-0.4,64,0,1.84,257,1,41,60
2001-02-07T16:00,3.7,51,0,1.4,356,14,191,130
2001-02-07T17:00,7.4,41,0,2.42,30,14,359,300
2001-02-07T18:00,9.2,35,0,2.19,43,38,487,390
2001-02-07T19:00,2.2,55,0,2.28,67,26,356,490
2001-02-07T20:00,3.9,51,0,2.53,81,13,378,660
2001-02-07T21:00,4.8,49,0,2.83,82,7,425,670
2001-02-07T22:00,4.6,52,0,2.3,56,39,357,500
2001-02-07T23:00,3.1,60,0,2.64,53,49,237,355
2001-02-08T00:00,0.2,75,0,2.48,50,41,78,250
2001-02-08T01:00,-2.5,85,0,1.78,52,41,3,200
2001-02-08T02:00,-3.2,88,0,1.84,49,54,0,205
2001-02-08T03:00,-3.6,88,0,1.77,47,60,0,215
2001-02-08T04:00,-4,87,0,2.06,51,57,0,240
2001-02-08T05:00,-4.4,86,0,2.08,55,76,0,260
2001-02-08T06:00,-4.7,85,0,2,53,90,0,255
2001-02-08T07:00,-6.3,79,0,1.94,55,99,0,250
2001-02-08T08:00,-6.3,77,0,1.78,52,100,0,245
2001-02-08T09:00,-6.5,77,0,1.8,56,97,0,240
2001-02-08T10:00,-6.9,77,0,3.05,41,99,0,345
2001-02-08T11:00,-7.3,77,0,3.08,36,99,0,400
2001-02-08T12:00,-7.7,76,0,3.14,37,100,0,455
2001-02-08T13:00,-8.2,75,0,2.86,36,97,0,485
2001-02-08T14:00,-9,75,0,2.52,34,94,0,470
2001-02-08T15:00,-9.3,73,0.1,2.47,32,94,17,460
2001-02-08T16:00,-8.8,67,0.1,2.36,36,93,44,455
2001-02-08T17:00,-8,60,0,2.19,47,95,145,490
2001-02-08T18:00,-7.6,58,0,2.02,57,97,58,645
2001-02-08T19:00,-7.8,54,0,2.11,59,100,99,730
2001-02-08T20:00,-7.7,54,0.1,2.62,47,100,62,655
2001-02-08T21:00,-8.3,57,0.1,3.16,35,91,68,600
2001-02-08T22:00,-8.8,59,0,2.91,27,88,62,445
2001-02-08T23:00,-9.6,62,0,2.34,40,100,59,445
2001-02-09T00:00,-10.6,68,0,2.26,13,99,12,380
2001-02-09T01:00,-11.4,73,0.1,2.53,18,93,1,400
2001-02-09T02:00,-11.7,75,0.2,1.91,47,98,0,390
2001-02-09T03:00,-12.4,78,0.2,2.11,31,100,0,410
2001-02-09T04:00,-12.6,80,0.4,2.61,356,96,0,485
2001-02-09T05:00,-13,80,0.4,1.44,34,100,0,350
2001-02-09T06:00,-13.3,81,0.3,1.28,39,100,0,275
2001-02-09T07:00,-15.7,84,0.7,1.46,16,100,0,215
2001-02-09T08:00,-16,85,0.6,1.3,4,100,0,175
2001-02-09T09:00,-16.3,85,0.4,1.04,17,99,0,155
2001-02-09T10:00,-16.6,84,0.2,0.64,51,83,0,175
2001-02-09T11:00,-17.6,85,0,0.5,143,48,0,50
2001-02-09T12:00,-18.7,83,0,1.51,172,42,0,35
2001-02-09T13:00,-20.6,83,0,2.33,190,15,0,25
2001-02-09T14:00,-22.6,83,0,1.97,204,9,0,20
2001-02-09T15:00,-23.5,80,0,1.48,208,3,43,15
2001-02-09T16:00,-17.1,63,0,1.39,201,0,203,30
2001-02-09T17:00,-12.9,61,0,1.58,145,0,377,165
2001-02-09T18:00,-8.6,56,0,2.06,129,0,507,320
2001-02-09T19:00,-7.4,54,0,2.22,126,0,584,435
2001-02-09T20:00,-5.7,54,0,2.08,125,0,598,505
2001-02-09T21:00,-4.2,54,0,2.2,120,20,550,500
2001-02-09T22:00,-3.4,55,0,2.02,110,36,441,495
2001-02-09T23:00,-3.9,62,0,1.8,90,7,263,275
2001-02-10T00:00,-6.5,76,0,1.65,76,0,116,105
2001-02-10T01:00,-7.4,70,0,0.45,153,0,6,45
2001-02-10T02:00,-11.4,75,0,1.89,212,0,0,35
2001-02-10T03:00,-14.1,76,0,2.08,215,0,0,30
2001-02-10T04:00,-17.3,78,0,2.42,218,0,0,30
2001-02-10T05:00,-18.6,79,0,2.55,222,0,0,30
2001-02-10T06:00,-18.5,76,0,2.76,224,0,0,30
2001-02-10T07:00,-18.2,75,0,2.97,222,0,0,35
2001-02-10T08:00,-18,74,0,3.18,224,5,0,35
2001-02-10T09:00,-17.8,74,0,3.32,224,6,0,35
2001-02-10T10:00,-17.9,74,0,3.06,218,0,0,35
2001-02-10T11:00,-18.3,75,0,3.12,220,5,0,35
2001-02-10T12:00,-18.4,75,0,2.98,220,5,0,35
2001-02-10T13:00,-18.4,74,0,3.05,221,19,0,35
2001-02-10T14:00,-18.8,76,0,3.14,217,11,0,40
2001-02-10T15:00,-17.4,72,0,3.24,214,10,51,45
2001-02-10T16:00,-12.6,66,0,3.11,213,8,215,60
2001-02-10T17:00,-6.6,62,0,2.47,212,10,382,95
2001-02-10T18:00,0,47,0,1.88,205,40,514,195
2001-02-10T19:00,3.2,39,0,1.46,196,40,577,375
2001-02-10T20:00,3.9,43,0,1.1,185,52,599,565
2001-02-10T21:00,4.1,46,0,0.92,167,4,546,715
2001-02-10T22:00,5.3,29,0,0.22,243,12,447,340
2001-02-10T23:00,4,42,0,0.95,18,15,294,175
2001-02-11T00:00,0.9,64,0,1.57,27,4,119,45
2001-02-11T01:00,-2.1,69,0,0.85,315,16,7,20
2001-02-11T02:00,-5.7,74,0,1.42,231,15,0,20
2001-02-11T03:00,-8.2,78,0,1.5,217,10,0,20
2001-02-11T04:00,-12,85,0,2.28,218,18,0,25
2001-02-11T05:00,-13.2,82,0,2.84,219,15,0,30
2001-02-11T06:00,-13.2,77,0,3.05,221,13,0,35
2001-02-11T07:00,-13.1,76,0,3.34,219,8,0,35
2001-02-11T08:00,-12.9,74,0,3.42,218,6,0,40
2001-02-11T09:00,-12.3,73,0,3.56,218,25,0,40
2001-02-11T10:00,-12.2,72,0,3.5,217,9,0,45
2001-02-11T11:00,-11.8,72,0,3.5,217,0,0,50
2001-02-11T12:00,-11.3,71,0,3.64,217,0,0,50
2001-02-11T13:00,-10.9,70,0,3.72,216,0,0,50
2001-02-11T14:00,-10.2,69,0,3.92,218,6,0,50
2001-02-11T15:00,-8.1,65,0,4.2,218,0,51,65
2001-02-11T16:00,-3.8,58,0,3.78,217,0,210,120
2001-02-11T17:00,0.7,51,0,3.04,207,0,384,610
2001-02-11T18:00,3.2,40,0,4.12,209,0,504,1405
2001-02-11T19:00,4.2,37,0,4.16,215,0,579,1420
2001-02-11T20:00,4.6,34,0,4,217,0,575,1695
2001-02-11T21:00,4.8,32,0,3.88,215,3,515,2115
2001-02-11T22:00,4.7,31,0,1.57,207,5,424,1775
2001-02-11T23:00,4.1,35,0,1.28,219,4,269,1970
2001-02-12T00:00,2,44,0,2.33,205,3,112,65
2001-02-12T01:00,-0.6,50,0,2.02,213,0,7,25
2001-02-12T02:00,-3.2,56,0,1.5,217,0,0,20
2001-02-12T03:00,-5.2,57,0,1.98,221,0,0,20
2001-02-12T04:00,-6.1,57,0,2.4,225,0,0,25
2001-02-12T05:00,-7.3,59,0,2.69,228,0,0,30
2001-02-12T06:00,-8.3,61,0,2.83,228,0,0,30
2001-02-12T07:00,-8.7,61,0,2.76,226,0,0,30
2001-02-12T08:00,-9.3,62,0,2.76,226,0,0,30
2001-02-12T09:00,-10,63,0,2.69,228,0,0,35
2001-02-12T10:00,-10.7,63,0,2.69,222,0,0,40
2001-02-12T11:00,-11.3,64,0,2.86,216,0,0,40
2001-02-12T12:00,-11.5,64,0,3.08,216,0,0,50
2001-02-12T13:00,-11.7,65,0,3.16,215,0,0,55
2001-02-12T14:00,-11.9,65,0,3.33,213,0,0,60
2001-02-12T15:00,-10.4,62,0,3.28,211,0,54,80
2001-02-12T16:00,-6.2,56,0,3.09,209,0,216,135
2001-02-12T17:00,-1.4,50,0,2.56,201,0,382,220
2001-02-12T18:00,2.4,41,0,2.5,182,0,511,445
2001-02-12T19:00,4.8,35,0,3.32,173,0,586,840
2001-02-12T20:00,5.9,33,0,3.71,175,0,603,1235
2001-02-12T21:00,6.5,31,0,3.71,177,0,552,1375
2001-02-12T22:00,6.5,31,0,3.52,165,0,447,910
2001-02-12T23:00,5.7,37,0,3.08,167,0,298,885
2001-02-13T00:00,3.4,46,0,3.35,170,0,124,180
2001-02-13T01:00,0.8,54,0,2.96,192,0,9,105
2001-02-13T02:00,-1.4,59,0,2.16,214,0,0,75
2001-02-13T03:00,-3.3,63,0,1.86,216,0,0,55
2001-02-13T04:00,-4.4,64,0,1.86,216,0,0,45
2001-02-13T05:00,-5.3,64,0,2.14,217,0,0,45
2001-02-13T06:00,-5.9,63,0,2.5,217,0,0,45
2001-02-13T07:00,-6.3,62,0,2.64,217,0,0,45
2001-02-13T08:00,-6.6,62,0,2.84,219,0,0,50
2001-02-13T09:00,-6.8,61,0,2.91,221,0,0,45
2001-02-13T10:00,-7.3,61,0,3.41,220,0,0,50
2001-02-13T11:00,-7.8,61,0,3.41,220,0,0,50
2001-02-13T12:00,-8.2,61,0,3.4,223,0,0,45
2001-02-13T13:00,-8.6,60,0,3.32,224,0,0,45
2001-02-13T14:00,-8.9,60,0,3.39,225,0,0,45
2001-02-13T15:00,-7.3,55,0,3.47,224,0,58,45
2001-02-13T16:00,-3.3,50,0,2.97,225,0,225,55
2001-02-13T17:00,2.9,35,0,1.91,223,0,396,105
2001-02-13T18:00,6.7,23,0,1.17,200,0,528,650
2001-02-13T19:00,9.4,18,0,2.11,211,0,603,1480
2001-02-13T20:00,10.3,17,0,3.26,220,0,619,1715
2001-02-13T21:00,10.6,19,0,3.42,218,2,570,1820
2001-02-13T22:00,10.2,21,0,1.5,184,1,447,960
2001-02-13T23:00,9.2,26,0,1.2,132,2,293,190
2001-02-14T00:00,7.3,35,0,1.75,24,47,84,60
2001-02-14T01:00,3,45,0,2.9,358,90,3,125
2001-02-14T02:00,0.2,61,0,4.52,5,100,0,405
2001-02-14T03:00,-1.8,84,0,4.08,17,99,0,490
2001-02-14T04:00,-2.7,95,0.4,2.28,29,100,0,495
2001-02-14T05:00,-3.1,96,0.8,2.1,25,96,0,520
2001-02-14T06:00,-4,94,0.5,1.91,43,89,0,465
2001-02-14T07:00,-6.6,88,0.1,1.53,58,92,0,355
2001-02-14T08:00,-7.1,86,0,1.48,62,99,0,290
2001-02-14T09:00,-7.3,84,0,1.43,65,96,0,255
2001-02-14T10:00,-7.6,83,0,1.56,50,99,0,235
2001-02-14T11:00,-8.1,83,0,2.05,47,99,0,245
2001-02-14T12:00,-8.6,83,0,1.98,41,99,0,275
2001-02-14T13:00,-9.1,83,0,1.7,40,96,0,265
2001-02-14T14:00,-9.6,83,0,1.14,52,93,0,200
2001-02-14T15:00,-9.6,82,0,1.22,81,81,15,160
2001-02-14T16:00,-8.2,76,0,1.55,75,57,92,300
2001-02-14T17:00,-4.9,65,0,1.68,73,47,275,465
2001-02-14T18:00,-1.6,56,0,2.01,84,51,467,580
2001-02-14T19:00,-2.2,56,0,1.8,93,23,473,745
2001-02-14T20:00,-0.6,53,0,1.9,93,51,479,770
2001-02-14T21:00,0.5,54,0,1.58,108,41,401,945
2001-02-14T22:00,0.9,58,0,0.42,45,53,350,450
2001-02-14T23:00,0.5,57,0,1.24,14,37,235,375
2001-02-15T00:00,-2.2,69,0,1.75,31,39,118,140
2001-02-15T01:00,-4.8,79,0,1.08,34,66,8,60
2001-02-15T02:00,-6.5,82,0,0.51,169,84,0,45
2001-02-15T03:00,-6.7,82,0,2.28,203,88,0,50
2001-02-15T04:00,-9.4,80,0,2.11,211,14,0,55
2001-02-15T05:00,-9.8,72,0,2.55,222,0,0,45
2001-02-15T06:00,-10,66,0,2.76,226,1,0,45
2001-02-15T07:00,-11.4,66,0,2.9,226,1,0,40
2001-02-15T08:00,-12.3,67,0,3.11,225,0,0,45
2001-02-15T09:00,-12.9,68,0,3.32,224,0,0,45
2001-02-15T10:00,-13.4,68,0,3.82,227,0,0,45
2001-02-15T11:00,-13.8,69,0,3.75,228,0,0,40
2001-02-15T12:00,-14.1,68,0,3.68,227,0,0,40
2001-02-15T13:00,-14.5,68,0,3.75,226,0,0,40
2001-02-15T14:00,-14.9,68,0,3.75,226,0,0,45
2001-02-15T15:00,-13.4,63,0,3.75,226,0,64,50
2001-02-15T16:00,-8.7,55,0,3.19,229,0,237,60
2001-02-15T17:00,-3.1,47,0,2.13,229,0,408,110
2001-02-15T18:00,0.9,39,0,1.21,246,0,539,595
2001-02-15T19:00,3.2,40,0,0.61,279,0,618,1025
2001-02-15T20:00,4.1,31,0,0.22,63,0,634,1515
2001-02-15T21:00,4.3,35,0,0.98,114,0,585,1615
2001-02-15T22:00,4.4,33,0,1.86,126,0,474,1310
2001-02-15T23:00,3.9,35,0,1.53,122,0,314,880
2001-02-16T00:00,2.4,42,0,2.06,104,1,130,105
2001-02-16T01:00,0.5,40,0,1.92,171,5,10,55
2001-02-16T02:00,-4,54,0,2.2,210,0,0,70
2001-02-16T03:00,-6.4,57,0,1.92,208,0,0,60
2001-02-16T04:00,-7.9,59,0,2.3,214,0,0,50
2001-02-16T05:00,-9.2,62,0,2.62,220,0,0,45
2001-02-16T06:00,-9.6,63,0,2.76,226,0,0,40
2001-02-16T07:00,-9.8,66,0,2.64,233,0,0,35
2001-02-16T08:00,-10.2,64,0,2.58,234,0,0,35
2001-02-16T09:00,-10.7,64,0,2.66,236,0,0,30
2001-02-16T10:00,-11.1,64,0,2.39,237,0,0,30
2001-02-16T11:00,-11.5,65,0,2.16,236,0,0,30
2001-02-16T12:00,-12.6,68,0,1.72,234,0,0,25
2001-02-16T13:00,-13.6,69,0,1.56,230,4,0,25
2001-02-16T14:00,-14.3,69,0,1.8,214,9,0,30
2001-02-16T15:00,-12.1,63,0,2.06,209,22,65,50
2001-02-16T16:00,-7.4,55,0,1.75,204,13,234,100
2001-02-16T17:00,-1.6,49,0,1.24,166,38,408,200
2001-02-16T18:00,1.2,39,0,1.28,129,59,541,410
2001-02-16T19:00,3.3,36,0,1.3,122,77,583,610
2001-02-16T20:00,4.2,39,0,1.21,114,46,623,770
2001-02-16T21:00,5.8,28,0,1.1,95,18,577,890
2001-02-16T22:00,5.7,30,0,1.12,63,38,475,510
2001-02-16T23:00,4.4,38,0,1.53,32,44,287,475
2001-02-17T00:00,1.7,53,0,1.78,38,90,124,115
2001-02-17T01:00,-1.3,67,0,0.99,45,86,11,20
2001-02-17T02:00,-3.2,75,0,0.86,216,83,0,20
2001-02-17T03:00,-4.5,76,0,1.17,211,67,0,25
2001-02-17T04:00,-5.9,75,0,1.61,210,50,0,25
2001-02-17T05:00,-6.7,71,0,1.8,214,49,0,30
2001-02-17T06:00,-7.2,68,0,1.98,221,58,0,35
2001-02-17T07:00,-6.9,63,0,2.12,225,86,0,30
2001-02-17T08:00,-6.8,61,0,2.19,227,91,0,30
2001-02-17T09:00,-7.1,62,0,2.19,227,77,0,30
2001-02-17T10:00,-7.8,63,0,2.48,230,37,0,35
2001-02-17T11:00,-8.5,62,0,2.55,228,2,0,35
2001-02-17T12:00,-9.1,61,0,2.69,225,17,0,35
2001-02-17T13:00,-9.7,60,0,2.9,224,22,0,35
2001-02-17T14:00,-10.3,61,0,3.05,221,1,0,40
2001-02-17T15:00,-8.3,55,0,3.25,225,0,69,45
2001-02-17T16:00,-2.9,44,0,2.42,232,0,247,55
2001-02-17T17:00,2.5,33,0,1.2,228,0,415,125
2001-02-17T18:00,5.7,24,0,0.95,162,0,540,365
2001-02-17T19:00,7.9,20,0,1.66,147,0,619,715
2001-02-17T20:00,9.2,17,0,1.84,158,0,634,1175
2001-02-17T21:00,10,17,0,1.92,152,0,585,1465
2001-02-17T22:00,10,17,0,2.39,123,0,478,1395
2001-02-17T23:00,9,22,0,1.91,96,7,311,325
2001-02-18T00:00,6.5,31,0,1.75,77,68,131,80
2001-02-18T01:00,3.8,38,0,0.3,180,95,9,30
2001-02-18T02:00,0.5,49,0,1.63,259,98,0,30
2001-02-18T03:00,-1.5,56,0,1.53,259,98,0,25
2001-02-18T04:00,-3.1,60,0,1.25,241,95,0,20
2001-02-18T05:00,-4,62,0,1.27,225,74,0,15
2001-02-18T06:00,-4.3,63,0,1.22,215,100,0,15
2001-02-18T07:00,-5,65,0,1.44,214,100,0,20
2001-02-18T08:00,-4.6,63,0,1.64,218,100,0,25
2001-02-18T09:00,-4.8,63,0,1.78,218,100,0,25
2001-02-18T10:00,-5.1,62,0,1.63,223,88,0,25
2001-02-18T11:00,-5.2,61,0,1.91,223,99,0,25
2001-02-18T12:00,-5.3,60,0,1.98,225,100,0,25
2001-02-18T13:00,-5.3,59,0,2.26,225,100,0,25
2001-02-18T14:00,-5.2,58,0,2.4,225,100,0,30
2001-02-18T15:00,-3.2,55,0,2.69,225,100,7,35
2001-02-18T16:00,-0.1,50,0,2.9,224,100,16,45
2001-02-18T17:00,4.1,39,0,2.97,225,100,36,65
2001-02-18T18:00,6.4,32,0,2.62,223,100,30,190
2001-02-18T19:00,8.5,26,0,2.58,216,100,35,600
2001-02-18T20:00,8.9,25,0,2.19,204,100,28,670
2001-02-18T21:00,9.2,27,0,2.1,183,100,43,625
2001-02-18T22:00,8.7,31,0,1.53,148,65,89,325
2001-02-18T23:00,8.3,35,0,1.72,144,26,198,185
2001-02-19T00:00,7.2,41,0,1.75,156,23,128,40
2001-02-19T01:00,3.8,51,0,1.3,203,86,15,25
2001-02-19T02:00,0.3,64,0,1.42,219,34,0,20
2001-02-19T03:00,-1.6,71,0,1.77,223,45,0,20
2001-02-19T04:00,-2.3,70,0,2.05,227,39,0,25
2001-02-19T05:00,-2.9,70,0,2.41,228,31,0,35
2001-02-19T06:00,-3.4,68,0,2.62,230,31,0,40
2001-02-19T07:00,-3.9,68,0,2.69,228,77,0,40
2001-02-19T08:00,-3.9,67,0,2.83,225,89,0,45
2001-02-19T09:00,-4,66,0,2.97,222,94,0,50
2001-02-19T10:00,-4.1,66,0,3.19,221,94,0,50
2001-02-19T11:00,-4.4,65,0,3.32,224,93,0,50
2001-02-19T12:00,-4.6,65,0,3.33,221,92,0,50
2001-02-19T13:00,-4.8,64,0,3.33,221,88,0,50
2001-02-19T14:00,-5,64,0,3.32,224,44,0,50
2001-02-19T15:00,-3.4,58,0,3.47,226,43,39,55
2001-02-19T16:00,0.7,48,0,2.69,228,40,198,75
2001-02-19T17:00,6.1,37,0,1.91,227,12,391,235
2001-02-19T18:00,8.8,32,0,1.57,207,6,523,1035
2001-02-19T19:00,10.6,29,0,1.03,209,46,577,1675
2001-02-19T20:00,10.4,30,0,0.32,198,40,361,1825
2001-02-19T21:00,10.8,29,0.1,1.22,305,61,510,1920
2001-02-19T22:00,10.3,33,0,1.4,356,41,397,505
2001-02-19T23:00,8.8,42,0,1.75,31,5,284,285
2001-02-20T00:00,6.5,54,0,2.15,28,10,146,115
2001-02-20T01:00,3.7,65,0,1.3,67,6,15,45
2001-02-20T02:00,2.5,67,0,1.12,170,0,0,20
2001-02-20T03:00,-0.6,76,0,1.14,195,0,0,20
2001-02-20T04:00,-2.5,80,0,1.25,209,0,0,20
2001-02-20T05:00,-3.4,79,0,1.49,222,0,0,20
2001-02-20T06:00,-3.9,76,0,1.84,225,4,0,25
2001-02-20T07:00,-3.8,71,0,2.33,223,22,0,35
2001-02-20T08:00,-4,69,0,2.55,222,17,0,40
2001-02-20T09:00,-4.1,67,0,2.77,221,13,0,45
2001-02-20T10:00,-4.3,64,0,2.84,219,2,0,45
2001-02-20T11:00,-4.5,63,0,3,217,5,0,50
2001-02-20T12:00,-4.7,61,0,3.08,216,8,0,55
2001-02-20T13:00,-4.9,60,0,3.14,217,20,0,55
2001-02-20T14:00,-5,59,0,3.22,216,15,0,55
2001-02-20T15:00,-2.5,51,0,3.26,220,15,77,65
2001-02-20T16:00,2.5,40,0,2.48,220,15,245,100
2001-02-20T17:00,6.9,30,0,1.66,213,19,427,270
2001-02-20T18:00,9.4,25,0,1.41,172,17,550,1475
2001-02-20T19:00,11.3,21,0,1.2,175,18,624,1985
2001-02-20T20:00,11.8,21,0,0.63,198,36,638,2410
2001-02-20T21:00,11.9,22,0,0.14,45,32,574,2625
2001-02-20T22:00,11.3,25,0,2.48,43,19,433,560
2001-02-20T23:00,9.7,34,0,3.11,33,37,306,515
2001-02-21T00:00,6.8,50,0,3.45,17,81,83,320
2001-02-21T01:00,3.3,68,0,3.2,358,97,11,245
2001-02-21T02:00,0.5,87,0,2.7,360,99,0,220
2001-02-21T03:00,-0.8,95,0,1.43,25,99,0,160
2001-02-21T04:00,-1.2,97,0,0.5,90,98,0,95
2001-02-21T05:00,-1.4,98,0,0.67,153,94,0,75
2001-02-21T06:00,-1.7,98,0,0.92,167,37,0,70
2001-02-21T07:00,-2.4,93,0,0.6,180,35,0,70
2001-02-21T08:00,-2.3,89,0,0.73,196,75,0,70
2001-02-21T09:00,-2.6,88,0,0.81,187,96,0,75
2001-02-21T10:00,-2.5,85,0,0.63,162,86,0,85
2001-02-21T11:00,-2.4,81,0,0.72,236,55,0,110
2001-02-21T12:00,-2.5,79,0,0.82,256,54,0,110
2001-02-21T13:00,-2.9,81,0,0.64,219,53,0,110
2001-02-21T14:00,-3.5,83,0,0.73,254,34,0,70
2001-02-21T15:00,-1.6,71,0,1.1,270,21,42,105
2001-02-21T16:00,1.1,62,0,0.99,315,12,189,270
2001-02-21T17:00,4,51,0,1,6,2,397,470
2001-02-21T18:00,6.2,44,0,0.92,41,24,508,705
2001-02-21T19:00,7.7,42,0,0.76,23,25,592,1510
2001-02-21T20:00,8.4,37,0.3,1.56,310,39,614,2155
2001-02-21T21:00,9.1,32,0,2.85,288,39,496,2065
2001-02-21T22:00,9.3,28,0,2.06,299,12,409,2040
2001-02-21T23:00,8.8,29,0,1.14,308,6,314,1550
2001-02-22T00:00,7.5,34,0,1.22,81,58,146,75
2001-02-22T01:00,5.1,45,0,1.08,112,60,13,50
2001-02-22T02:00,1.5,56,0,1.2,175,53,0,30
2001-02-22T03:00,-1.6,70,0,1.21,204,5,0,25
2001-02-22T04:00,-2.5,71,0,1.61,210,0,0,30
2001-02-22T05:00,-3,71,0,2.22,216,16,0,40
2001-02-22T06:00,-3.2,68,0,2.64,217,0,0,50
2001-02-22T07:00,-3.3,64,0,2.98,220,0,0,55
2001-02-22T08:00,-3.4,62,0,3.05,221,0,0,55
2001-02-22T09:00,-3.6,60,0,2.83,225,0,0,55
2001-02-22T10:00,-3.9,59,0,2.41,222,2,0,40
2001-02-22T11:00,-4.1,59,0,2.41,222,2,0,40
2001-02-22T12:00,-4.2,58,0,2.55,225,1,0,40
2001-02-22T13:00,-4.4,58,0,2.55,225,5,0,40
2001-02-22T14:00,-4.4,57,0,2.69,225,2,1,45
2001-02-22T15:00,-1.6,49,0,2.76,224,30,85,60
2001-02-22T16:00,3.6,38,0,1.63,223,99,265,115
2001-02-22T17:00,7.1,32,0,0.81,187,100,377,580
2001-02-22T18:00,9,28,0,1.3,176,99,388,1135
2001-02-22T19:00,10.3,24,0,1.7,177,99,438,1450
2001-02-22T20:00,11.1,23,0,1.92,171,98,411,1780
2001-02-22T21:00,11.2,23,0,2.16,167,97,301,2190
2001-02-22T22:00,11,24,0,2.24,153,99,168,1510
2001-02-22T23:00,10,31,0,2.2,150,100,88,840
2001-02-23T00:00,8.1,39,0,2.87,151,100,17,220
2001-02-23T01:00,5.8,47,0,2.82,174,100,1,145
2001-02-23T02:00,4.3,54,0,2.22,188,97,0,120
2001-02-23T03:00,2.9,64,0,1.9,180,75,0,140
2001-02-23T04:00,1.3,75,0,1.71,187,41,0,145
2001-02-23T05:00,-0.7,85,0,1.68,197,14,0,100
2001-02-23T06:00,-1.8,88,0,1.84,202,6,0,75
2001-02-23T07:00,-2.3,87,0,1.97,204,2,0,70
2001-02-23T08:00,-2.7,85,0,2.06,209,2,0,70
2001-02-23T09:00,-3,84,0,2.11,211,2,0,65
2001-02-23T10:00,-3.2,81,0,2.16,214,6,0,60
2001-02-23T11:00,-3.4,79,0,2.39,213,21,0,60
2001-02-23T12:00,-3.5,76,0,2.44,215,77,0,70
2001-02-23T13:00,-3.5,74,0,2.44,215,81,0,75
2001-02-23T14:00,-3.5,71,0,2.5,217,95,1,80
2001-02-23T15:00,-1,61,0,2.42,218,91,75,95
2001-02-23T16:00,3.8,46,0,1.8,214,81,248,160
2001-02-23T17:00,7.5,38,0,1.3,184,63,416,395
2001-02-23T18:00,10.1,32,0,1.92,171,11,565,1725
2001-02-23T19:00,11.9,26,0,2.94,190,14,650,2240
2001-02-23T20:00,12.7,23,0,3.53,205,32,667,2635
2001-02-23T21:00,12.6,22,0,4.25,210,94,575,2675
2001-02-23T22:00,12.2,24,0,2.94,162,84,368,1015
2001-02-23T23:00,11.4,29,0,2.44,145,100,238,1100
2001-02-24T00:00,9.4,38,0,1.93,111,26,83,200
2001-02-24T01:00,6.5,47,0,0.32,108,4,19,35
2001-02-24T02:00,3,63,0.2,1.17,290,50,0,20
2001-02-24T03:00,0.6,74,0.2,1.49,290,73,0,25
2001-02-24T04:00,-0.6,78,0,1.66,295,36,0,30
2001-02-24T05:00,-1.4,79,0,1.36,287,26,0,35
2001-02-24T06:00,-1.4,79,0,0.95,288,28,0,45
2001-02-24T07:00,-2,86,0,1.13,315,41,0,65
2001-02-24T08:00,-1.8,88,0,1.36,324,68,0,90
2001-02-24T09:00,-1.5,90,0,1.14,322,100,0,110
2001-02-24T10:00,-1.3,91,0.8,0.92,319,100,0,105
2001-02-24T11:00,-1.2,88,1.1,1.35,312,99,0,195
2001-02-24T12:00,-1.8,85,1.2,1.64,308,100,0,255
2001-02-24T13:00,-3.1,84,1.3,1.52,293,100,0,250
2001-02-24T14:00,-3.4,81,1.6,1.5,274,100,0,215
2001-02-24T15:00,-3.1,79,0.8,1.4,274,100,13,210
2001-02-24T16:00,-2.7,80,1,1.2,312,100,32,340
2001-02-24T17:00,-0.5,77,0.4,1.3,360,100,61,575
2001-02-24T18:00,0.5,76,0.2,1.43,12,100,85,660
2001-02-24T19:00,0.9,75,0,1.8,19,100,118,905
2001-02-24T20:00,1.8,74,0,2.5,16,100,224,1100
2001-02-24T21:00,1.3,78,0.4,2.88,20,97,146,1025
2001-02-24T22:00,0.9,82,0.7,1.75,24,98,104,550
2001-02-24T23:00,1.3,81,0.6,1.7,3,84,130,480
2001-02-25T00:00,0.5,84,0.7,1.5,360,70,73,245
2001-02-25T01:00,-0.2,85,0.2,1.44,34,80,16,95
2001-02-25T02:00,-0.4,80,0.4,0.54,68,79,0,55
2001-02-25T03:00,-1.5,79,0.3,1.1,175,74,0,40
2001-02-25T04:00,-5.3,81,0,2.04,191,28,0,40
2001-02-25T05:00,-7.8,79,0,2.38,195,5,0,40
2001-02-25T06:00,-9.7,78,0,2.15,202,1,0,45
2001-02-25T07:00,-10.2,76,0,2.06,203,1,0,45
2001-02-25T08:00,-11.2,76,0,2.33,205,8,0,50
2001-02-25T09:00,-10.5,74,0,2.39,213,7,0,55
2001-02-25T10:00,-11.1,73,0,2.2,219,1,0,50
2001-02-25T11:00,-12,72,0,2.42,218,0,0,45
2001-02-25T12:00,-12.7,72,0,2.78,218,0,0,50
2001-02-25T13:00,-13,71,0,3.06,218,0,0,55
2001-02-25T14:00,-13,70,0,3.06,218,0,2,60
2001-02-25T15:00,-10.4,65,0,3.06,218,0,97,80
2001-02-25T16:00,-6.2,60,0,2.5,217,0,281,170
2001-02-25T17:00,-1,53,0,2.44,199,0,453,535
2001-02-25T18:00,2.5,46,0,2.73,188,6,585,1250
2001-02-25T19:00,3.9,48,0,2.12,199,20,603,1840
2001-02-25T20:00,5.5,38,0,1.71,187,10,516,1975
2001-02-25T21:00,6.1,38,0,1.61,187,11,603,2070
2001-02-25T22:00,6.2,39,0,1.22,189,7,492,1940
2001-02-25T23:00,5.7,44,0,0.64,219,28,365,695
2001-02-26T00:00,4.8,50,0,0.3,90,0,174,15
2001-02-26T01:00,3.9,47,0,0.32,252,0,24,15
2001-02-26T02:00,-0.8,58,0,1.22,235,0,0,20
2001-02-26T03:00,-4.2,68,0,1.56,225,27,0,20
2001-02-26T04:00,-5.3,71,0,1.84,229,53,0,20
2001-02-26T05:00,-5.9,71,0,1.84,229,33,0,20
2001-02-26T06:00,-6.6,71,0,1.94,258,25,0,20
2001-02-26T07:00,-7.4,70,0,1.6,274,87,0,20
2001-02-26T08:00,-8.3,72,0,1.22,235,100,0,15
2001-02-26T09:00,-8.8,72,0,1.2,228,99,0,15
2001-02-26T10:00,-9.3,72,0,1.13,225,100,0,15
2001-02-26T11:00,-9.4,72,0,1.41,225,100,0,15
2001-02-26T12:00,-9.5,73,0,1.56,220,100,0,20
2001-02-26T13:00,-9.3,72,0,1.64,218,100,0,25
2001-02-26T14:00,-9.2,72,0,1.44,214,100,0,25
2001-02-26T15:00,-6.5,67,0,1.17,200,100,18,45
2001-02-26T16:00,-1.5,55,0,1.22,145,100,72,260
2001-02-26T17:00,2.2,46,0,2.46,117,100,101,770
2001-02-26T18:00,3,47,0,2.69,132,100,126,1075
2001-02-26T19:00,4,45,0,3.22,154,96,250,1475
2001-02-26T20:00,5.4,40,0,3.37,168,96,276,1745
2001-02-26T21:00,5.9,39,0,3.23,164,97,178,1830
2001-02-26T22:00,6,40,0,2.91,131,81,193,1465
2001-02-26T23:00,5.6,45,0,2.48,130,64,121,1350
2001-02-27T00:00,5,45,0,2,87,77,35,350
2001-02-27T01:00,2.3,57,0,0.89,63,81,15,225
2001-02-27T02:00,-0.7,67,0,0.76,337,44,0,130
2001-02-27T03:00,-1.9,71,0,1.06,311,27,0,65
2001-02-27T04:00,-3.5,74,0,1.94,325,34,0,55
2001-02-27T05:00,-3.1,72,0,2.21,342,47,0,75
2001-02-27T06:00,-3.1,75,0,2.02,9,95,0,90
2001-02-27T07:00,-5.7,85,0,1.84,22,100,0,100
2001-02-27T08:00,-5.6,84,0,1.49,20,100,0,145
2001-02-27T09:00,-6.6,86,0,1.75,13,97,0,180
2001-02-27T10:00,-6.5,87,0.1,1.87,16,92,0,230
2001-02-27T11:00,-6.6,87,0.3,1.88,25,98,0,250
2001-02-27T12:00,-7.2,87,0.4,2.24,27,99,0,300
2001-02-27T13:00,-7.8,88,0.3,2.37,28,100,0,340
2001-02-27T14:00,-8.4,88,0.3,2.55,26,95,0,390
2001-02-27T15:00,-8.7,88,0.4,2.37,28,93,17,455
2001-02-27T16:00,-9,85,0.3,2.56,31,88,20,525
2001-02-27T17:00,-9,80,0.2,2.55,26,91,75,580
2001-02-27T18:00,-7.6,70,0,2.51,29,96,202,630
2001-02-27T19:00,-6.8,67,0,2.2,39,93,155,615
2001-02-27T20:00,-6,65,0,1.91,47,90,226,695
2001-02-27T21:00,-5.6,64,0,1.8,56,86,319,790
2001-02-27T22:00,-5,62,0,1.2,48,86,294,615
2001-02-27T23:00,-4.6,61,0,1.7,40,88,244,575
2001-02-28T00:00,-5.1,65,0,1.78,52,86,88,385
2001-02-28T01:00,-7,71,0,1.63,43,45,14,210
2001-02-28T02:00,-8.7,75,0,1.91,47,17,0,175
2001-02-28T03:00,-10.1,76,0,1.32,81,12,0,125
2001-02-28T04:00,-9,71,0,1.13,135,5,0,110
2001-02-28T05:00,-9,70,0,0.85,159,17,0,105
2001-02-28T06:00,-9.6,71,0,1,174,38,0,85
2001-02-28T07:00,-11.6,73,0,1.52,203,11,0,60
2001-02-28T08:00,-13.1,73,0,1.94,215,13,0,45
2001-02-28T09:00,-13.6,73,0,1.66,213,37,0,45
2001-02-28T10:00,-13.8,74,0,1.64,218,32,0,50
2001-02-28T11:00,-14.2,74,0,1.66,213,57,0,50
2001-02-28T12:00,-14.7,76,0,1.8,214,85,0,45
2001-02-28T13:00,-15.1,76,0,1.78,218,69,0,35
2001-02-28T14:00,-15.2,77,0,1.77,223,19,3,35
2001-02-28T15:00,-10.6,65,0,1.58,215,49,86,40
2001-02-28T16:00,-4.3,50,0,0.57,225,81,209,100
2001-02-28T17:00,-1.3,52,0,0.92,41,89,361,295
2001-02-28T18:00,0.3,49,0,1.49,48,82,539,505
2001-02-28T19:00,2.2,48,0,1.7,50,76,400,640
2001-02-28T20:00,2.6,48,0,2,53,87,373,730
2001-02-28T21:00,2.7,50,0,1.84,61,92,282,780
2001-02-28T22:00,2.7,51,0,1.96,75,87,186,455
2001-02-28T23:00,2.2,55,0,1.36,73,85,64,405
2001-03-01T00:00,0.9,63,0,1.08,34,74,40,105
2001-03-01T01:00,-0.5,69,0,2.19,24,75,9,55
2001-03-01T02:00,-1.7,72,0,1.68,343,79,0,35
2001-03-01T03:00,-1.3,69,0,1.8,270,90,0,35
2001-03-01T04:00,-3,76,0.1,1.68,253,92,0,40
2001-03-01T05:00,-4.2,81,0.2,1.39,240,96,0,45
2001-03-01T06:00,-4.5,82,0.3,1.7,230,95,0,40
2001-03-01T07:00,-4.1,87,0.2,1.72,234,89,0,40
2001-03-01T08:00,-3.9,85,0.1,1.89,238,93,0,35
2001-03-01T09:00,-3.7,83,0,2.06,241,96,0,35
2001-03-01T10:00,-4.2,81,0,1.49,228,99,0,25
2001-03-01T11:00,-4.9,77,0,1.27,225,92,0,20
2001-03-01T12:00,-5.9,77,0,1.63,227,72,0,20
2001-03-01T13:00,-6.6,75,0,2.33,227,68,0,30
2001-03-01T14:00,-6.8,71,0,3.04,226,68,4,40
2001-03-01T15:00,-4.9,63,0,3.19,229,78,97,60
2001-03-01T16:00,-1.3,55,0,2.22,234,66,237,120
2001-03-01T17:00,2.7,42,0,2.22,262,34,394,965
2001-03-01T18:00,4.5,37,0,2.6,293,41,494,1135
2001-03-01T19:00,5.8,37,0,2.05,317,47,596,1885
2001-03-01T20:00,5.5,40,0,1.12,350,79,483,2285
2001-03-01T21:00,5.9,39,0,1.06,41,74,383,2350
2001-03-01T22:00,6,37,0,1.46,74,85,353,2535
2001-03-01T23:00,5.6,39,0,1.75,66,73,290,860
2001-03-02T00:00,4.7,46,0,2.15,68,59,135,245
2001-03-02T01:00,2.8,51,0,2.31,85,54,23,65
2001-03-02T02:00,1.1,52,0,0.58,121,76,0,25
2001-03-02T03:00,2.3,44,0,1.25,29,86,0,110
2001-03-02T04:00,-1.9,60,0,1.88,65,99,0,250
2001-03-02T05:00,-2.4,62,0,1.82,99,100,0,470
2001-03-02T06:00,-1,57,0,1.24,166,95,0,320
2001-03-02T07:00,-4.6,81,0,1.94,215,18,0,35
2001-03-02T08:00,-6.8,85,0,2.39,213,4,0,30
2001-03-02T09:00,-8,86,0,1.66,213,0,0,25
2001-03-02T10:00,-9.5,86,0,1.58,215,20,0,25
2001-03-02T11:00,-10.4,85,0,1.66,213,14,0,25
2001-03-02T12:00,-11.1,84,0,2,217,15,0,35
2001-03-02T13:00,-11.1,85,0,2.48,223,16,0,45
2001-03-02T14:00,-10.8,83,0,2.97,225,22,5,60
2001-03-02T15:00,-8.2,77,0,2.97,225,13,114,90
2001-03-02T16:00,-3,67,0,2.62,223,0,301,150
2001-03-02T17:00,2.1,52,0,2.19,223,0,476,310
2001-03-02T18:00,4.1,44,0,1.78,218,0,609,785
2001-03-02T19:00,4.8,40,0,1.72,216,0,690,1260
2001-03-02T20:00,5.2,38,0,1.34,207,0,692,1570
2001-03-02T21:00,5.4,39,0,1.02,191,2,632,1720
2001-03-02T22:00,5.2,41,0,0.7,180,11,511,1810
2001-03-02T23:00,5.6,32,0,0.36,34,17,356,1335
2001-03-03T00:00,5.3,31,0,1.34,27,27,159,75
2001-03-03T01:00,4.1,32,0,1.73,10,38,31,35
2001-03-03T02:00,-0.8,49,0,1.28,309,23,0,25
2001-03-03T03:00,-4.3,59,0,1.8,270,6,0,25
2001-03-03T04:00,-6.7,68,0,1.79,243,1,0,25
2001-03-03T05:00,-7.7,69,0,1.42,231,17,0,20
2001-03-03T06:00,-8.4,69,0,1.58,235,0,0,20
2001-03-03T07:00,-8.2,68,0,1.94,235,0,0,20
2001-03-03T08:00,-8.7,67,0,1.97,240,0,0,20
2001-03-03T09:00,-9.2,66,0,2.01,243,0,0,20
2001-03-03T10:00,-9.7,67,0,1.77,254,18,0,20
2001-03-03T11:00,-10.6,68,0,1.5,266,22,0,20
2001-03-03T12:00,-11.3,69,0,1.46,254,18,0,20
2001-03-03T13:00,-11.9,69,0,1.53,238,17,0,15
2001-03-03T14:00,-12,68,0,1.22,235,38,6,15
2001-03-03T15:00,-7.7,60,0,1.25,241,66,109,30
2001-03-03T16:00,-0.5,44,0,0.71,278,81,262,200
2001-03-03T17:00,2.6,47,0,0.76,23,90,436,810
2001-03-03T18:00,3.7,46,0,1.27,45,94,570,1185
2001-03-03T19:00,4.3,46,0,1.06,41,93,570,1665
2001-03-03T20:00,4.8,41,0,1.14,38,97,428,1930
2001-03-03T21:00,4.9,41,0,1.91,43,100,173,1670
2001-03-03T22:00,4.6,45,0,3.09,61,94,186,1240
2001-03-03T23:00,4.1,46,0,3.18,62,99,180,1005
2001-03-04T00:00,3.1,54,0,1.63,47,97,88,405
2001-03-04T01:00,1.3,60,0,2.01,354,97,13,65
2001-03-04T02:00,-0.6,63,0,2.34,320,98,0,50
2001-03-04T03:00,-1.4,64,0,1.98,311,99,0,60
2001-03-04T04:00,-2.5,71,0,2.22,324,100,0,105
2001-03-04T05:00,-2.8,74,0,2.02,340,100,0,180
2001-03-04T06:00,-2.7,74,0,1.02,349,97,0,150
2001-03-04T07:00,-1.1,77,0,0.32,342,79,0,90
2001-03-04T08:00,-1.5,78,0,0.5,323,27,0,45
2001-03-04T09:00,-2.4,80,0,0.64,321,10,0,35
2001-03-04T10:00,-3.4,82,0,0.73,286,5,0,35
2001-03-04T11:00,-5.7,84,0,1.04,253,0,0,25
2001-03-04T12:00,-7.8,83,0,1.13,225,0,0,25
2001-03-04T13:00,-8.8,80,0,1.27,225,0,0,25
2001-03-04T14:00,-10.1,76,0,1.56,225,0,7,30
2001-03-04T15:00,-5.9,63,0,1.7,230,0,125,70
2001-03-04T16:00,-0.2,50,0,1.06,221,0,315,190
2001-03-04T17:00,2.5,52,0,0.95,198,0,489,530
2001-03-04T18:00,4.1,51,0,1,186,0,622,840
2001-03-04T19:00,6.2,39,0,0.91,174,0,701,1060
2001-03-04T20:00,7.1,34,0,0.81,150,0,715,1190
2001-03-04T21:00,7.6,33,0,1,127,0,664,1235
2001-03-04T22:00,8,29,0,2.42,97,0,553,995
2001-03-04T23:00,7.7,30,0,2.3,92,0,392,850
2001-03-05T00:00,6.3,39,0,2.12,71,0,203,195
2001-03-05T01:00,5.4,36,0,1.53,79,0,39,45
2001-03-05T02:00,1.3,48,0,0.76,157,0,0,35
2001-03-05T03:00,-2.5,61,0,1.61,210,0,0,45
2001-03-05T04:00,-4.7,70,0,1.88,205,53,0,55
2001-03-05T05:00,-5.6,72,0,2.24,207,89,0,55
2001-03-05T06:00,-5.7,69,0,2.64,209,61,0,55
2001-03-05T07:00,-4.4,68,0,2.8,215,29,0,55
2001-03-05T08:00,-4.6,66,0,2.86,216,19,0,50
2001-03-05T09:00,-4.8,64,0,2.84,219,3,0,45
2001-03-05T10:00,-5.1,63,0,2.62,227,2,0,40
2001-03-05T11:00,-5.4,62,0,2.4,225,45,0,35
2001-03-05T12:00,-5.5,60,0,2.4,225,59,0,35
2001-03-05T13:00,-5.6,59,0,2.48,227,46,0,35
2001-03-05T14:00,-5.3,57,0,2.62,227,94,8,35
2001-03-05T15:00,-2,51,0,2.69,228,98,95,40
2001-03-05T16:00,3.2,43,0,2.13,229,99,245,65
2001-03-05T17:00,8.3,31,0,1.42,231,92,405,185
2001-03-05T18:00,10.9,21,0,0.81,210,95,380,485
2001-03-05T19:00,12.7,16,0,0.78,140,92,549,815
2001-03-05T20:00,13.8,17,0,1.41,135,74,505,1165
2001-03-05T21:00,14.1,18,0,1.77,137,97,490,1360
2001-03-05T22:00,14.1,18,0,1.61,150,100,363,1000
2001-03-05T23:00,12.5,26,0,1.36,126,100,29,115
2001-03-06T00:00,10.3,44,0,1.14,165,100,0,35
2001-03-06T01:00,7.6,40,0,1.41,225,100,0,30
2001-03-06T02:00,4.6,51,0,1.8,236,100,0,30
2001-03-06T03:00,2,67,0,2.11,239,100,0,25
2001-03-06T04:00,0.4,77,0,2.06,231,100,0,20
2001-03-06T05:00,-0.4,80,0,1.56,225,100,0,15
2001-03-06T06:00,-0.8,81,0,1.56,225,100,0,15
2001-03-06T07:00,-1.5,84,0,1.56,225,100,0,15
2001-03-06T08:00,-1.4,81,0,1.49,228,100,0,15
2001-03-06T09:00,-1.2,78,0,1.36,234,90,0,15
2001-03-06T10:00,-0.7,73,0,1.8,236,96,0,15
2001-03-06T11:00,-0.6,72,0,1.55,255,99,0,20
2001-03-06T12:00,-0.6,72,0,1.66,245,99,0,20
2001-03-06T13:00,-0.8,72,0,1.64,232,98,0,20
2001-03-06T14:00,-1.1,73,0,1.56,225,99,1,20
2001-03-06T15:00,1.8,66,0,1.56,225,96,25,25
2001-03-06T16:00,7.2,46,0,0.78,230,99,117,100
2001-03-06T17:00,9.2,39,0,1,53,95,280,625
2001-03-06T18:00,9.8,37,0,2.05,47,99,345,765
2001-03-06T19:00,10,38,0,2.69,42,100,358,1030
2001-03-06T20:00,9.6,39,0,2.64,37,100,225,1085
2001-03-06T21:00,9.3,39,0,2.36,36,100,161,1090
2001-03-06T22:00,9.2,39,0,2.56,39,100,126,1065
2001-03-06T23:00,8.8,41,0,2.28,38,100,45,910
2001-03-07T00:00,7.9,48,0,1.72,36,100,10,160
2001-03-07T01:00,6.6,52,0,0.81,7,100,10,25
2001-03-07T02:00,3.8,63,0,0.36,236,97,0,20
2001-03-07T03:00,1.3,74,0,0.72,214,61,0,20
2001-03-07T04:00,-0.3,83,0,0.86,216,57,0,20
2001-03-07T05:00,-0.6,84,0,1.08,214,58,0,20
2001-03-07T06:00,-0.9,85,0,1.39,210,79,0,25
2001-03-07T07:00,-0.6,82,0,1.75,211,85,0,25
2001-03-07T08:00,-1.2,84,0,1.75,211,89,0,30
2001-03-07T09:00,-1.3,84,0,1.66,213,68,0,30
2001-03-07T10:00,-1.6,85,0,2.16,214,75,0,45
2001-03-07T11:00,-1.7,86,0,2.11,211,55,0,45
2001-03-07T12:00,-1.8,85,0,1.97,210,37,0,45
2001-03-07T13:00,-2.4,86,0,1.97,210,48,0,45
2001-03-07T14:00,-2,85,0,2.11,211,88,8,55
2001-03-07T15:00,1.9,71,0,1.84,209,95,85,90
2001-03-07T16:00,5.6,59,0,1.43,192,95,213,325
2001-03-07T17:00,7.5,52,0,1.8,183,94,335,915
2001-03-07T18:00,9.1,47,0,1.9,183,76,496,1390
2001-03-07T19:00,10.9,39,0,1.2,180,80,543,1715
2001-03-07T20:00,11.2,38,0.1,0.81,120,72,551,1580
2001-03-07T21:00,11.5,37,0,1,84,83,488,1605
2001-03-07T22:00,11,39,0,1.3,67,95,231,1335
2001-03-07T23:00,10.2,41,0,0.89,27,97,132,605
2001-03-08T00:00,8.5,51,0,0.94,328,99,27,50
2001-03-08T01:00,6.6,57,0,0.95,252,99,0,40
2001-03-08T02:00,3.8,74,0,1.53,212,100,0,40
2001-03-08T03:00,2.2,79,0,2.01,207,100,0,55
2001-03-08T04:00,1.1,84,0,1.84,209,62,0,35
2001-03-08T05:00,0.4,86,0,1.58,215,81,0,25
2001-03-08T06:00,0.1,86,0,1.5,217,57,0,25
2001-03-08T07:00,-1.2,89,0,1.42,219,64,0,25
2001-03-08T08:00,-0.9,89,0,1.35,222,71,0,25
2001-03-08T09:00,-1.5,90,0,1.44,236,27,0,20
2001-03-08T10:00,-1.5,88,0,1.43,258,2,0,30
2001-03-08T11:00,-1.4,86,0,1.68,253,3,0,30
2001-03-08T12:00,-1.8,86,0,1.7,242,12,0,30
2001-03-08T13:00,-2.4,86,0,1.35,228,32,0,25
2001-03-08T14:00,-2.5,88,0,1.49,222,40,10,20
2001-03-08T15:00,1.2,84,0,1.35,228,52,119,55
2001-03-08T16:00,4.5,66,0,0.61,261,6,285,355
2001-03-08T17:00,6.3,59,0,0.45,333,3,459,705
2001-03-08T18:00,7.8,54,0,0.42,45,6,567,1170
2001-03-08T19:00,9.7,42,0,0.76,113,5,604,1370
2001-03-08T20:00,10.7,37,0,1.14,128,1,589,1505
2001-03-08T21:00,11.5,33,0,1.27,135,11,598,1630
2001-03-08T22:00,11.7,31,0,1.17,110,15,481,1805
2001-03-08T23:00,11.6,30,0,1.04,107,13,337,1690
2001-03-09T00:00,10.7,37,0,1.2,90,9,185,245
2001-03-09T01:00,8.4,44,0,1.93,111,9,43,70
2001-03-09T02:00,5,59,0,1.92,189,13,0,70
2001-03-09T03:00,2.3,68,0,2.51,209,2,0,85
2001-03-09T04:00,0.2,77,0,2.19,204,0,0,65
2001-03-09T05:00,-1.1,83,0,2.42,210,0,0,55
2001-03-09T06:00,-1.7,84,0,2.51,209,0,0,50
2001-03-09T07:00,-1.7,82,0,2.75,213,0,0,50
2001-03-09T08:00,-1.9,81,0,2.72,216,0,0,50
2001-03-09T09:00,-2,79,0,2.7,219,0,0,45
2001-03-09T10:00,-2.2,77,0,2.77,221,0,0,45
2001-03-09T11:00,-2.4,76,0,2.76,224,0,0,40
2001-03-09T12:00,-2.5,75,0,2.69,225,1,0,40
2001-03-09T13:00,-2.7,74,0,2.83,225,8,0,40
2001-03-09T14:00,-2.2,70,0,3.04,224,15,13,40
2001-03-09T15:00,2.4,57,0,2.83,225,50,146,60
2001-03-09T16:00,7.8,44,0,1.91,223,75,336,140
2001-03-09T17:00,10.6,34,0,2.02,213,79,481,1200
2001-03-09T18:00,12,30,0,2.13,221,46,555,1660
2001-03-09T19:00,12.7,29,0.1,1.64,218,61,662,1990
2001-03-09T20:00,13.2,28,0,1.34,207,90,618,2100
2001-03-09T21:00,13.4,26,0,1.25,209,100,557,2105
2001-03-09T22:00,13,27,0,1.24,194,100,313,1630
2001-03-09T23:00,12.5,28,0,0.78,230,100,163,1150
2001-03-10T00:00,11,41,0,0.57,315,97,44,40
2001-03-10T01:00,8.9,51,0,1.35,318,91,10,25
2001-03-10T02:00,6.6,54,0,1.75,301,87,0,35
2001-03-10T03:00,4.7,60,0,2.12,278,95,0,40
2001-03-10T04:00,3.4,66,0,2.5,270,98,0,55
2001-03-10T05:00,2.4,70,0,2.6,268,97,0,55
2001-03-10T06:00,1.1,75,0,2.53,279,98,0,75
2001-03-10T07:00,1.9,70,0,2.66,290,96,0,125
2001-03-10T08:00,1.3,72,0,2.21,288,99,0,110
2001-03-10T09:00,0.9,73,0,1.84,283,99,0,80
2001-03-10T10:00,0.4,75,0,1.33,283,100,0,45
2001-03-10T11:00,0,77,0,1.5,274,96,0,45
2001-03-10T12:00,-0.2,79,0,1.65,256,99,0,35
2001-03-10T13:00,-0.4,80,0.2,1.46,254,100,0,25
2001-03-10T14:00,0,83,0.3,1.48,298,99,4,50
2001-03-10T15:00,1.3,83,0.4,2.82,354,100,5,430
2001-03-10T16:00,1.2,89,0.7,3.11,6,100,9,505
2001-03-10T17:00,1.1,90,1,2.92,6,100,15,580
2001-03-10T18:00,0.6,93,1.3,2.94,10,100,11,665
2001-03-10T19:00,0.4,95,1.6,3.32,16,100,0,685
2001-03-10T20:00,-0.2,95,1.5,3.2,14,100,1,645
2001-03-10T21:00,-0.4,93,1.2,3.01,15,100,1,665
2001-03-10T22:00,-0.6,93,1.1,2.38,22,100,14,690
2001-03-10T23:00,-1,95,1,2.15,28,99,9,610
2001-03-11T00:00,-1.4,96,0.8,1.7,40,100,14,535
2001-03-11T01:00,-1.9,96,0.6,1.42,51,99,6,395
2001-03-11T02:00,-2.4,96,0.5,1.06,41,99,0,275
2001-03-11T03:00,-2.9,96,0.4,1.12,27,100,0,265
2001-03-11T04:00,-3.2,95,0.3,1,37,100,0,240
2001-03-11T05:00,-3.4,95,0.3,1,53,100,0,195
2001-03-11T06:00,-3.8,95,0.2,0.98,66,100,0,175
2001-03-11T07:00,-4.4,93,0.2,1.2,85,100,0,140
2001-03-11T08:00,-4.7,93,0.2,1.33,103,99,0,165
2001-03-11T09:00,-5.1,92,0.1,1.5,127,97,0,175
2001-03-11T10:00,-5.2,91,0.2,1.56,130,99,0,230
2001-03-11T11:00,-5.1,90,0.2,1.36,126,100,0,200
2001-03-11T12:00,-5.3,90,0.2,1.57,117,100,0,190
2001-03-11T13:00,-5.4,90,0.2,1.66,123,100,0,205
2001-03-11T14:00,-5.3,90,0.2,1.56,135,99,0,210
2001-03-11T15:00,-4.5,85,0.1,1.8,146,99,27,265
2001-03-11T16:00,-2.9,79,0.1,1.36,144,99,82,385
2001-03-11T17:00,-1.6,71,0.1,0.76,113,99,57,440
2001-03-11T18:00,-0.7,67,0.2,0.98,66,99,58,535
2001-03-11T19:00,-1.6,72,0.4,1.5,37,100,40,520
2001-03-11T20:00,-1.6,74,0.4,1.89,32,100,52,500
2001-03-11T21:00,-1.8,77,0.4,2.1,25,100,52,500
2001-03-11T22:00,-2.2,81,0.4,2.86,12,100,26,470
2001-03-11T23:00,-2.7,85,0.4,2.09,17,100,14,420
2001-03-12T00:00,-3.4,89,0.3,1.61,7,100,1,365
2001-03-12T01:00,-3.9,92,0.3,1.41,8,99,4,205
2001-03-12T02:00,-4.5,94,0.2,0.64,39,96,0,105
2001-03-12T03:00,-4.9,95,0,0.95,198,38,0,55
2001-03-12T04:00,-6.2,94,0,1.75,204,21,0,25
2001-03-12T05:00,-8.8,95,0,1.89,212,29,0,20
2001-03-12T06:00,-11.3,95,0,1.36,216,32,0,20
2001-03-12T07:00,-12.5,82,0,1.78,218,13,0,20
2001-03-12T08:00,-13.6,81,0,1.94,215,2,0,20
2001-03-12T09:00,-14.6,81,0,2.22,216,1,0,20
2001-03-12T10:00,-15,83,0,2.3,214,2,0,25
2001-03-12T11:00,-14.6,83,0,2.44,215,24,0,25
2001-03-12T12:00,-13.9,82,0,2.36,216,71,0,25
2001-03-12T13:00,-13.5,81,0,2.22,216,70,0,30
2001-03-12T14:00,-12.3,78,0,1.77,227,52,13,30
2001-03-12T15:00,-8.7,69,0,1.44,236,61,107,30
2001-03-12T16:00,-2.3,51,0,0.64,219,33,282,65
2001-03-12T17:00,1.1,43,0,0.32,252,57,474,1095
2001-03-12T18:00,2.4,57,0,1.3,293,17,654,1685
2001-03-12T19:00,3.8,44,0,2.78,308,2,625,1745
2001-03-12T20:00,4.7,39,0,3.76,320,6,728,1835
2001-03-12T21:00,5,38,0,3.76,320,2,686,1785
2001-03-12T22:00,5.3,39,0,2.59,332,0,577,1490
2001-03-12T23:00,4.6,47,0,1.71,339,2,424,1465
2001-03-13T00:00,3.4,55,0,1.52,23,3,229,85
2001-03-13T01:00,2.1,52,0,0.91,96,1,54,15
2001-03-13T02:00,0,54,0,0.86,216,19,0,15
2001-03-13T03:00,-1.9,58,0,1.28,219,87,0,20
2001-03-13T04:00,-3.9,64,0,2.06,219,69,0,20
2001-03-13T05:00,-5.6,69,0,2.48,220,82,0,25
2001-03-13T06:00,-6.9,73,0,2.78,218,94,0,35
2001-03-13T07:00,-7.2,73,0,2.88,214,100,0,45
2001-03-13T08:00,-6.2,72,0,2.58,216,100,0,50
2001-03-13T09:00,-6.1,75,0,2.76,224,94,0,50
2001-03-13T10:00,-5.8,77,0,2.48,227,47,0,45
2001-03-13T11:00,-6.7,79,0,2.41,228,26,0,35
2001-03-13T12:00,-8,79,0,2.69,225,47,0,35
2001-03-13T13:00,-8.7,78,0,2.97,225,6,0,40
2001-03-13T14:00,-8.9,76,0,2.97,228,7,21,40
2001-03-13T15:00,-6,69,0,2.83,228,5,127,50
2001-03-13T16:00,-1.5,61,0,1.92,231,4,347,90
2001-03-13T17:00,2.7,56,0,1,217,5,516,340
2001-03-13T18:00,5.3,56,0,0.86,144,2,663,860
2001-03-13T19:00,5.6,55,0,1.24,104,0,740,1255
2001-03-13T20:00,6,52,0,1.62,112,0,755,1405
2001-03-13T21:00,6.4,50,0,1.7,118,0,703,1475
2001-03-13T22:00,6.4,50,0,1.17,121,0,593,1265
2001-03-13T23:00,6,53,0,1.02,101,0,426,800
2001-03-14T00:00,4.6,63,0,1.94,78,9,230,95
2001-03-14T01:00,2.9,68,0,0.92,77,2,55,20
2001-03-14T02:00,0.5,69,0,1.03,209,1,0,20
2001-03-14T03:00,-1.4,72,0,1.2,222,0,0,20
2001-03-14T04:00,-3.5,77,0,1.7,225,0,0,20
2001-03-14T05:00,-4.2,76,0,2.05,223,0,0,25
2001-03-14T06:00,-4.9,74,0,2.27,229,25,0,30
2001-03-14T07:00,-5.6,72,0,2.56,231,76,0,30
2001-03-14T08:00,-6.1,71,0,2.48,230,89,0,30
2001-03-14T09:00,-6.6,70,0,2.62,230,77,0,30
2001-03-14T10:00,-7.3,70,0,2.41,228,9,0,30
2001-03-14T11:00,-7.9,69,0,2.62,227,18,0,30
2001-03-14T12:00,-8.4,68,0,2.69,225,36,0,35
2001-03-14T13:00,-8.9,68,0,2.69,225,7,0,35
2001-03-14T14:00,-8.7,66,0,2.76,224,0,25,35
2001-03-14T15:00,-5.3,60,0,2.62,223,0,181,55
2001-03-14T16:00,-0.4,56,0,2.02,213,1,381,130
2001-03-14T17:00,5.5,42,0,2.4,182,1,559,1445
2001-03-14T18:00,6.4,37,0,3.55,212,54,619,2350
2001-03-14T19:00,6.5,35,0,4.37,250,88,449,2595
2001-03-14T20:00,6,39,0,4.09,292,77,427,2665
2001-03-14T21:00,3.5,57,0.4,5.46,352,95,226,1005
2001-03-14T22:00,1,66,0.4,4.3,329,100,48,950
2001-03-14T23:00,1.2,52,0,3.54,317,99,27,1820
2001-03-15T00:00,0.7,48,0,3.61,316,89,51,1785
2001-03-15T01:00,-0.9,49,0,3.72,306,68,29,1105
2001-03-15T02:00,-1.9,45,0,3.58,300,53,0,785
2001-03-15T03:00,-2.9,47,0,3.66,305,99,0,730
2001-03-15T04:00,-3.1,49,0,3.26,310,97,0,850
2001-03-15T05:00,-3.4,50,0,3,307,100,0,970
2001-03-15T06:00,-3.5,48,0,3.04,297,100,0,1070
2001-03-15T07:00,-2.9,51,0,3.22,300,98,0,1135
2001-03-15T08:00,-3,50,0,3.26,310,96,0,1140
2001-03-15T09:00,-3.2,50,0,3.26,320,98,0,1165
2001-03-15T10:00,-3.5,50,0,4.47,350,96,0,1415
2001-03-15T11:00,-3.9,52,0,4.44,352,95,0,1285
2001-03-15T12:00,-4.7,56,0,4.03,353,81,0,1080
2001-03-15T13:00,-5.5,60,0,3.91,356,7,0,715
2001-03-15T14:00,-5.9,63,0,3.34,351,6,23,655
2001-03-15T15:00,-4.5,58,0,3.2,358,4,162,825
2001-03-15T16:00,-2.7,50,0,3.6,2,0,358,1045
2001-03-15T17:00,-1.3,45,0,4,359,30,507,1395
2001-03-15T18:00,0,41,0,4.4,360,71,573,1790
2001-03-15T19:00,1.1,41,0,4.4,360,70,529,2065
2001-03-15T20:00,1.4,40,0,4.13,7,72,444,2040
2001-03-15T21:00,1.7,40,0,3.54,16,86,468,2115
2001-03-15T22:00,1.2,42,0,3.54,47,66,276,1110
2001-03-15T23:00,0.2,46,0,3.36,53,63,116,1070
2001-03-16T00:00,-1.2,54,0,3.58,67,25,59,725
2001-03-16T01:00,-2.7,60,0,2.12,71,6,36,465
2001-03-16T02:00,-3.3,61,0,1.4,94,1,0,190
2001-03-16T03:00,-3,56,0,1.48,152,0,0,95
2001-03-16T04:00,-3.3,58,0,2.16,167,0,0,90
2001-03-16T05:00,-4.2,60,0,2.51,175,0,0,95
2001-03-16T06:00,-6.3,66,0,2.43,189,1,0,85
2001-03-16T07:00,-8.9,68,0,2.25,201,0,0,85
2001-03-16T08:00,-9,66,0,2.28,209,0,0,80
2001-03-16T09:00,-9.7,65,0,2.02,213,11,0,75
2001-03-16T10:00,-11,65,0,1.89,212,60,0,80
2001-03-16T11:00,-11.1,63,0,2,217,97,0,65
2001-03-16T12:00,-10.8,62,0,2.2,219,98,0,55
2001-03-16T13:00,-10.2,61,0,2.27,221,100,0,50
2001-03-16T14:00,-9.3,59,0,2.13,221,99,3,50
2001-03-16T15:00,-7.1,58,0,1.77,223,92,38,70
2001-03-16T16:00,-1.6,41,0,0.71,225,78,156,210
2001-03-16T17:00,1.2,37,0,0.71,82,95,254,645
2001-03-16T18:00,2.6,37,0,1.8,90,97,393,1035
2001-03-16T19:00,3.1,40,0,2.32,97,99,225,1330
2001-03-16T20:00,3.7,40,0,2.12,109,100,258,1695
2001-03-16T21:00,4,40,0,2.36,126,100,215,1820
2001-03-16T22:00,3.8,44,0,2.73,114,98,200,1280
2001-03-16T23:00,3.1,48,0,2.77,131,100,147,1265
2001-03-17T00:00,2.1,56,0,2.41,132,98,54,915
2001-03-17T01:00,0.5,63,0.2,2.12,135,98,4,310
2001-03-17T02:00,-0.8,68,0,2.7,141,100,0,205
2001-03-17T03:00,-1.6,71,0,2.51,151,100,0,190
2001-03-17T04:00,-2.1,74,0.2,2.47,159,100,0,195
2001-03-17T05:00,-2.4,76,0.2,2.64,151,100,0,275
2001-03-17T06:00,-2.7,80,0.2,2.56,159,100,0,405
2001-03-17T07:00,-2.7,74,0,2.36,144,100,0,350
2001-03-17T08:00,-3.2,79,0.3,2.19,133,100,0,380
2001-03-17T09:00,-3.3,83,0.4,1.84,131,100,0,290
2001-03-17T10:00,-3.1,84,0.4,1.06,131,100,0,315
2001-03-17T11:00,-3.2,86,0.6,0.78,140,100,0,285
2001-03-17T12:00,-3.4,87,0.7,0.58,149,100,0,245
2001-03-17T13:00,-3.5,88,0.6,0.28,135,100,0,240
2001-03-17T14:00,-3.5,88,0.4,0.32,108,100,0,235
2001-03-17T15:00,-3.2,85,0.2,0.72,146,100,6,355
2001-03-17T16:00,-1.7,76,0.1,0.94,122,100,48,585
2001-03-17T17:00,-1,72,0.1,1.3,113,100,41,660
2001-03-17T18:00,-0.2,68,0.2,1.43,115,100,47,735
2001-03-17T19:00,-0.6,73,0.2,1.71,111,100,32,840
2001-03-17T20:00,-0.2,71,0.1,2.06,119,99,64,815
2001-03-17T21:00,0.4,68,0.1,1.77,133,100,73,700
2001-03-17T22:00,0.4,69,0,1.34,153,100,56,655
2001-03-17T23:00,0.5,70,0,1.84,139,100,54,650
2001-03-18T00:00,-0.1,74,0,1.98,135,91,44,400
2001-03-18T01:00,-1.1,82,0,2.69,138,25,6,275
2001-03-18T02:00,-2.2,84,0,3.04,171,58,0,170
2001-03-18T03:00,-3.2,84,0,2.94,190,65,0,145
2001-03-18T04:00,-4.1,83,0,2.85,198,72,0,120
2001-03-18T05:00,-5,83,0,2.51,203,31,0,100
2001-03-18T06:00,-6.5,82,0,2.01,207,29,0,70
2001-03-18T07:00,-8.3,81,0,2.25,212,19,0,50
2001-03-18T08:00,-9.5,80,0,2.48,220,8,0,40
2001-03-18T09:00,-10.1,80,0,2.55,222,2,0,40
2001-03-18T10:00,-10.7,78,0,2.36,216,0,0,40
2001-03-18T11:00,-11.3,79,0,2.64,217,0,0,40
2001-03-18T12:00,-11.8,78,0,2.62,220,0,0,35
2001-03-18T13:00,-12.3,78,0,2.48,220,0,0,30
2001-03-18T14:00,-11.4,75,0,2.48,220,0,33,35
2001-03-18T15:00,-6.8,66,0,2.34,230,3,192,40
2001-03-18T16:00,-0.7,53,0,1.39,240,0,388,105
2001-03-18T17:00,2.4,57,0,0.98,336,2,558,1260
2001-03-18T18:00,3.5,51,0,2.42,7,15,686,1720
2001-03-18T19:00,4.9,41,0,3.37,12,56,532,1630
2001-03-18T20:00,4.9,40,0,3.89,18,75,580,1485
2001-03-18T21:00,3.6,50,0.2,4.11,26,95,396,1365
2001-03-18T22:00,3.7,50,0,3.86,17,93,191,995
2001-03-18T23:00,3.3,53,0,3.54,16,88,161,1000
2001-03-19T00:00,2.5,59,0,2.47,14,86,85,730
2001-03-19T01:00,1.2,65,0,1.61,353,92,11,130
2001-03-19T02:00,-0.4,72,0,1.2,270,68,0,40
2001-03-19T03:00,-1.9,77,0,1.77,254,50,0,40
2001-03-19T04:00,-2.4,79,0,1.7,242,36,0,30
2001-03-19T05:00,-4,80,0,1.56,230,20,0,20
2001-03-19T06:00,-5.6,79,0,1.63,223,11,0,15
2001-03-19T07:00,-7,80,0,1.77,223,2,0,15
2001-03-19T08:00,-8,79,0,1.98,225,2,0,20
2001-03-19T09:00,-8.7,78,0,2.13,229,0,0,25
2001-03-19T10:00,-9.1,77,0,2.26,225,3,0,25
2001-03-19T11:00,-9.3,75,0,2.69,225,1,0,30
2001-03-19T12:00,-9.8,75,0,2.9,224,0,0,35
2001-03-19T13:00,-10.2,75,0,3.18,224,0,0,35
2001-03-19T14:00,-9.1,70,0,3.4,223,0,37,40
2001-03-19T15:00,-4.9,62,0,3.26,223,0,203,55
2001-03-19T16:00,0.2,53,0,2.48,223,0,401,125
2001-03-19T17:00,4.6,41,0,2.13,221,0,573,350
2001-03-19T18:00,6.3,41,0,1.7,220,0,700,765
2001-03-19T19:00,7.5,39,0,1.28,231,0,772,1085
2001-03-19T20:00,10.6,22,0,0.73,254,0,780,1290
2001-03-19T21:00,11.5,22,0,0.3,270,1,723,1395
2001-03-19T22:00,12,23,0,0.64,39,21,606,1585
2001-03-19T23:00,11.8,25,0,1.3,86,30,441,555
2001-03-20T00:00,8.5,45,0,1.88,115,33,249,90
2001-03-20T01:00,6.5,49,0,2.28,165,41,67,50
2001-03-20T02:00,3.5,54,0,2.51,209,55,0,45
2001-03-20T03:00,0.2,67,0,2.06,219,18,0,30
2001-03-20T04:00,-1.2,71,0,2.33,223,6,0,25
2001-03-20T05:00,-1.7,69,0,2.55,225,11,0,30
2001-03-20T06:00,-2.1,70,0,2.62,227,11,0,35
2001-03-20T07:00,-2.4,70,0,2.77,229,0,0,35
2001-03-20T08:00,-3,72,0,2.83,228,0,0,35
2001-03-20T09:00,-3.4,72,0,2.97,228,0,0,35
2001-03-20T10:00,-3.5,71,0,2.7,231,0,0,30
2001-03-20T11:00,-3.5,70,0,2.77,229,0,0,30
2001-03-20T12:00,-3.5,69,0,2.97,225,0,0,35
2001-03-20T13:00,-3.7,69,0,3.18,224,0,0,35
2001-03-20T14:00,-2.4,65,0,3.4,223,2,39,40
2001-03-20T15:00,1.6,57,0,3.19,221,54,202,60
2001-03-20T16:00,6.5,50,0,2.42,218,53,371,105
2001-03-20T17:00,9.1,46,0,2.01,207,79,491,310
2001-03-20T18:00,11,40,0,1.75,193,96,532,655
2001-03-20T19:00,13.1,33,0,1,180,100,395,1165
2001-03-20T20:00,15.1,28,0,0.72,146,100,298,1370
2001-03-20T21:00,13.2,37,0,0.86,126,95,245,1465
2001-03-20T22:00,12.9,38,0,0.92,103,98,256,1220
2001-03-20T23:00,12.7,39,0,0.95,72,100,280,620
2001-03-21T00:00,14.2,41,0,1.4,94,100,132,55
2001-03-21T01:00,11.5,57,0,1.64,142,100,18,30
2001-03-21T02:00,8.4,56,0,1.7,177,100,0,25
2001-03-21T03:00,5.2,67,0,1.22,189,100,0,20
2001-03-21T04:00,2.9,78,0,0.95,198,100,0,20
2001-03-21T05:00,2,82,0,0.85,201,100,0,25
2001-03-21T06:00,1.6,82,0,1.14,218,100,0,20
2001-03-21T07:00,4.3,61,0,1.22,235,99,0,20
2001-03-21T08:00,2.3,69,0,1.2,228,99,0,20
2001-03-21T09:00,0.4,80,0,1.35,222,97,0,15
2001-03-21T10:00,-0.6,85,0,0.94,212,95,0,15
2001-03-21T11:00,-0.9,85,0,1.61,210,82,0,25
2001-03-21T12:00,-0.9,83,0,2.02,213,76,0,30
2001-03-21T13:00,-1.1,80,0,2.44,215,84,0,40
2001-03-21T14:00,0.3,75,0,2.56,219,52,27,45
2001-03-21T15:00,4.8,66,0,2.26,225,17,131,50
2001-03-21T16:00,10,49,0,0.99,225,12,378,100
2001-03-21T17:00,12.8,37,0,1,127,7,559,420
2001-03-21T18:00,14.6,33,0,1.44,124,37,638,1355
2001-03-21T19:00,16.2,27,0,0.94,148,52,724,2365
2001-03-21T20:00,16.7,26,0,0.5,233,54,540,2480
2001-03-21T21:00,17.2,26,0,0.32,342,60,518,2740
2001-03-21T22:00,16.9,26,0,1.75,13,66,396,2450
2001-03-21T23:00,14.8,38,0,3.71,14,47,136,845
2001-03-22T00:00,11.7,61,0,3.8,27,44,127,610
2001-03-22T01:00,9.8,72,0,2.66,34,74,50,225
2001-03-22T02:00,8.6,78,0,1.84,22,12,0,50
2001-03-22T03:00,7.4,83,0,0.81,300,13,0,20
2001-03-22T04:00,5.6,92,0.8,1.52,293,10,0,35
2001-03-22T05:00,3.5,96,0.6,0.98,294,12,0,25
2001-03-22T06:00,2.5,94,0,0.78,230,3,0,15
2001-03-22T07:00,0.2,93,0,1.27,225,0,0,15
2001-03-22T08:00,-0.7,92,0,1.7,225,14,0,20
2001-03-22T09:00,-1.4,91,0,1.63,227,14,0,20
2001-03-22T10:00,-1.8,89,0,1.36,234,19,0,15
2001-03-22T11:00,-2,87,0,1.22,235,42,0,15
2001-03-22T12:00,-1.9,85,0,1.5,233,54,0,20
2001-03-22T13:00,-2.1,85,0,1.63,227,56,0,20
2001-03-22T14:00,-0.3,82,0,1.77,223,81,35,25
2001-03-22T15:00,5.7,70,0,1.28,219,95,190,45
2001-03-22T16:00,9.4,55,0,0.5,127,77,367,370
2001-03-22T17:00,11.3,49,0,1.17,70,82,565,1035
2001-03-22T18:00,12.5,45,0,1.46,74,88,644,1345
2001-03-22T19:00,13.1,44,0,2,87,93,659,1625
2001-03-22T20:00,13.7,45,0,2.42,97,97,615,1870
2001-03-22T21:00,13.2,48,0,2.41,95,98,374,1870
2001-03-22T22:00,11.9,57,0.6,2.51,119,94,235,1130
2001-03-22T23:00,9.6,72,1.1,3.13,117,97,183,650
2001-03-23T00:00,8.8,80,0.1,1.52,113,95,98,405
2001-03-23T01:00,7.9,86,0,0.5,127,93,34,120
2001-03-23T02:00,6.3,91,0,1.68,197,78,0,80
2001-03-23T03:00,4.7,92,0,2.66,200,30,0,100
2001-03-23T04:00,2.6,93,0,3.09,205,6,0,105
2001-03-23T05:00,1.7,92,0,3.26,207,11,0,105
2001-03-23T06:00,1.5,90,0,3.24,214,3,0,95
2001-03-23T07:00,1.2,90,0,3.12,220,0,0,75
2001-03-23T08:00,0.5,90,0,3.04,224,0,0,55
2001-03-23T09:00,-0.4,90,0,2.9,226,0,0,45
2001-03-23T10:00,-1,90,0,2.41,228,2,0,35
2001-03-23T11:00,-1.4,88,0,2.34,230,0,0,30
2001-03-23T12:00,-1.8,88,0,2.06,231,0,0,25
2001-03-23T13:00,-2.3,87,0,1.78,232,0,0,20
2001-03-23T14:00,-0.5,87,0,1.63,227,0,47,20
2001-03-23T15:00,5.5,77,0,1.22,235,1,216,40
2001-03-23T16:00,9.6,57,0,0.2,360,3,404,365
2001-03-23T17:00,11.5,45,0,1.48,62,9,569,1015
2001-03-23T18:00,12.6,41,0,2.19,47,25,671,1570
2001-03-23T19:00,12.9,37,0,2.56,51,56,640,1900
2001-03-23T20:00,12.4,41,0.7,3.18,44,72,446,2105
2001-03-23T21:00,10.1,53,0.9,3.13,27,92,257,1020
2001-03-23T22:00,9.5,56,0.2,2.12,19,96,215,660
2001-03-23T23:00,8.7,58,0.2,2.06,29,87,38,640
2001-03-24T00:00,8.4,60,0,2.24,27,85,92,645
2001-03-24T01:00,6.7,66,0,2.25,32,95,12,470
2001-03-24T02:00,5.2,73,0.1,2.4,45,99,0,450
2001-03-24T03:00,3.7,81,0.2,1.92,51,100,0,245
2001-03-24T04:00,2.5,89,0.3,1.5,53,100,0,175
2001-03-24T05:00,1.9,94,0.3,1.36,73,100,0,200
2001-03-24T06:00,1.6,96,0.3,1.17,110,100,0,185
2001-03-24T07:00,0.5,93,0.6,1.17,121,99,0,165
2001-03-24T08:00,0.4,93,0.5,1.36,126,98,0,115
2001-03-24T09:00,0.3,93,0.5,1.08,112,97,0,80
2001-03-24T10:00,0,94,0.2,0.67,63,64,0,60
2001-03-24T11:00,-0.1,95,0.1,0.71,45,94,0,90
2001-03-24T12:00,-0.4,96,0,0.82,76,96,0,90
2001-03-24T13:00,-0.6,96,0,0.72,146,97,0,80
2001-03-24T14:00,0,93,0,0.36,124,73,13,90
2001-03-24T15:00,1.3,87,0,0.6,90,91,83,185
2001-03-24T16:00,2.5,84,0,1.35,42,100,111,455
2001-03-24T17:00,3.9,78,0,1.91,47,100,109,540
2001-03-24T18:00,5.2,73,0,2.13,49,100,148,620
2001-03-24T19:00,6,70,0,2.4,45,94,221,515
2001-03-24T20:00,7.5,64,0,2.28,52,89,456,595
2001-03-24T21:00,8.3,61,0,2.24,63,95,450,735
2001-03-24T22:00,8.2,61,0.3,1.63,43,89,300,830
2001-03-24T23:00,7.6,63,0.3,2.44,35,61,260,565
2001-03-25T00:00,6.8,65,0.3,2.42,38,47,151,405
2001-03-25T01:00,5.1,71,0,2.08,35,84,51,305
2001-03-25T02:00,3.7,77,0,1.75,31,81,0,140
2001-03-25T03:00,2.1,85,0,1.3,23,84,0,40
2001-03-25T04:00,0.6,87,0,0.22,117,74,0,15
2001-03-25T05:00,-0.5,89,0,0.81,173,64,0,35
2001-03-25T06:00,-1.7,90,0,1.14,195,58,0,40
2001-03-25T07:00,-2.3,90,0,0.98,204,62,0,35
2001-03-25T08:00,-2.3,88,0,0.78,220,60,0,25
2001-03-25T09:00,-2.3,87,0,0.67,243,30,0,15
2001-03-25T10:00,-2.5,86,0,0.28,135,56,0,30
2001-03-25T11:00,-2.6,86,0,0.73,254,66,0,50
2001-03-25T12:00,-2.9,86,0,0.54,248,53,0,40
2001-03-25T13:00,-2.6,85,0,0.89,207,13,0,35
2001-03-25T14:00,-1.6,84,0,0.72,236,7,38,40
2001-03-25T15:00,1.8,76,0,0.67,27,36,186,115
2001-03-25T16:00,4,70,0,1.89,58,87,320,350
2001-03-25T17:00,5.8,64,0,2.47,69,94,494,480
2001-03-25T18:00,7.2,61,0,2.6,74,98,618,730
2001-03-25T19:00,7.2,65,0.3,2.79,69,98,401,945
2001-03-25T20:00,6.8,67,0,3.62,62,100,252,890
2001-03-25T21:00,7.4,65,0,3.4,66,98,403,920
2001-03-25T22:00,7.5,64,0,2,53,99,217,520
2001-03-25T23:00,6.1,69,0.2,3.26,47,98,68,460
2001-03-26T00:00,4.3,78,0.6,2.69,45,99,14,425
2001-03-26T01:00,2.3,89,0.5,2.28,52,100,1,340
2001-03-26T02:00,1.5,94,0.3,1.91,47,100,0,290
2001-03-26T03:00,0.9,96,0.2,1.7,50,100,0,270
2001-03-26T04:00,0.5,97,0.1,1.12,63,99,0,225
2001-03-26T05:00,0.5,96,0,0.94,122,98,0,200
2001-03-26T06:00,0.5,96,0,1.21,156,99,0,205
2001-03-26T07:00,-0.7,89,0.3,1.28,141,100,0,115
2001-03-26T08:00,-0.9,90,0,0.92,131,100,0,95
2001-03-26T09:00,-0.7,90,0.2,0.32,72,98,0,90
2001-03-26T10:00,-1.4,91,0.2,0.86,54,76,0,55
2001-03-26T11:00,-1.4,90,0,0.64,231,64,0,65
2001-03-26T12:00,-2.3,92,0,0.95,198,63,0,50
2001-03-26T13:00,-2.4,90,0,0.95,198,87,0,50
2001-03-26T14:00,-1.6,90,0,1.04,197,86,31,60
2001-03-26T15:00,0.5,81,0,0.91,186,73,153,100
2001-03-26T16:00,2.8,73,0,0.58,121,84,340,280
2001-03-26T17:00,4.5,68,0,1.39,69,98,434,420
2001-03-26T18:00,6.1,64,0,2.06,67,100,600,485
2001-03-26T19:00,6.6,63,0,2.15,62,100,531,575
2001-03-26T20:00,6.6,63,0,1.84,61,100,389,615
2001-03-26T21:00,6.7,61,0,1.52,67,100,223,630
2001-03-26T22:00,6.9,61,0,1.55,75,100,98,435
2001-03-26T23:00,6.5,63,0.1,1.12,63,100,82,440
2001-03-27T00:00,5.7,70,0.1,0.61,81,99,38,325
2001-03-27T01:00,4.9,76,0,0.67,117,95,9,120
2001-03-27T02:00,3.7,80,0.2,0.54,202,95,0,55
2001-03-27T03:00,1.8,86,0,1.56,230,97,0,55
2001-03-27T04:00,0.3,90,0,1.53,212,96,0,45
2001-03-27T05:00,-0.9,90,0,1.88,205,91,0,45
2001-03-27T06:00,-2,90,0,2.02,213,87,0,40
2001-03-27T07:00,-0.6,94,0,1.92,219,68,0,30
2001-03-27T08:00,-1.9,94,0,1.7,225,19,0,25
2001-03-27T09:00,-3.1,93,0,1.7,225,3,0,25
2001-03-27T10:00,-3.7,92,0,1.56,230,15,0,20
2001-03-27T11:00,-3.9,91,0,1.78,232,41,0,25
2001-03-27T12:00,-3.9,90,0,2.05,227,24,0,30
2001-03-27T13:00,-3.7,90,0,2.33,223,41,0,35
2001-03-27T14:00,-1.7,93,0,2.55,225,57,54,40
2001-03-27T15:00,2.7,88,0,1.92,231,52,214,75
2001-03-27T16:00,5.9,71,0,0.85,249,83,352,230
2001-03-27T17:00,7.5,59,0,0.45,297,81,389,1160
2001-03-27T18:00,8.4,54,0,0.7,360,89,409,1735
2001-03-27T19:00,10.2,36,0,1.57,63,73,597,1680
2001-03-27T20:00,10.8,36,0,2.24,80,78,587,2060
2001-03-27T21:00,11,37,0,2.09,73,74,544,2260
2001-03-27T22:00,8.9,51,1.3,1.49,48,81,339,2120
2001-03-27T23:00,8.1,53,0.2,2.57,13,78,192,720
2001-03-28T00:00,6.9,61,0.1,2.77,26,76,145,570
2001-03-28T01:00,5.8,66,0,1,360,81,58,190
2001-03-28T02:00,4,76,0,1.21,66,81,1,160
2001-03-28T03:00,2.9,78,0.2,1.7,28,82,0,175
2001-03-28T04:00,0.6,88,0.8,1.39,30,78,0,165
2001-03-28T05:00,-0.3,95,0.6,1.35,42,68,0,145
2001-03-28T06:00,-0.4,96,0.6,1.27,135,87,0,115
2001-03-28T07:00,-0.7,97,0.2,1.36,163,84,0,95
2001-03-28T08:00,-0.8,95,0,1.84,167,84,0,125
2001-03-28T09:00,-1.4,94,0,2.1,177,13,0,110
2001-03-28T10:00,-2.1,92,0,2.5,180,5,0,100
2001-03-28T11:00,-2.9,91,0,2.92,186,6,0,100
2001-03-28T12:00,-3.8,90,0,2.94,198,58,0,100
2001-03-28T13:00,-3.8,91,0,2.91,207,100,0,95
2001-03-28T14:00,-2.3,91,0,2.88,214,100,16,95
2001-03-28T15:00,0.7,86,0,2.3,214,100,35,115
2001-03-28T16:00,3.3,75,0,1.66,205,100,66,200
2001-03-28T17:00,4.7,67,0,0.92,167,100,52,290
2001-03-28T18:00,6.1,58,0,1.03,119,98,67,425
2001-03-28T19:00,6.6,52,0.1,0.71,82,91,151,1050
2001-03-28T20:00,7.9,48,0,1.2,42,84,460,1255
2001-03-28T21:00,8.5,48,0,1.63,11,75,334,1760
2001-03-28T22:00,8.9,50,0,1.84,13,55,465,1290
2001-03-28T23:00,8.7,52,0.1,2.43,9,70,327,610
2001-03-29T00:00,5.9,72,1,1.77,16,88,167,425
2001-03-29T01:00,4.1,83,0.2,1.24,346,65,50,150
2001-03-29T02:00,2.9,88,0,1.32,351,65,1,55
2001-03-29T03:00,1.6,92,0,0.4,270,49,0,40
2001-03-29T04:00,0.6,92,0,1.36,197,55,0,25
2001-03-29T05:00,-0.6,92,0,1.25,209,67,0,30
2001-03-29T06:00,-1.1,90,0,1.22,215,61,0,30
2001-03-29T07:00,-1.3,89,0,1.3,212,82,0,30
2001-03-29T08:00,-1.5,91,0,1.58,215,83,0,30
2001-03-29T09:00,-2.2,90,0,1.72,216,65,0,35
2001-03-29T10:00,-2.6,89,0,2.39,213,33,0,35
2001-03-29T11:00,-2.9,87,0,2.56,219,64,0,40
2001-03-29T12:00,-2.7,86,0,2.69,222,99,0,40
2001-03-29T13:00,-2.1,86,0,2.56,219,94,0,40
2001-03-29T14:00,-0.7,88,0,2.56,219,100,3,50
2001-03-29T15:00,2.8,83,0,1.92,219,100,56,75
2001-03-29T16:00,5.5,66,0,0.81,210,100,112,160
2001-03-29T17:00,6.5,55,0,0.1,90,96,173,855
2001-03-29T18:00,7.5,51,0,1.2,48,98,234,1195
2001-03-29T19:00,7.3,56,0,2.33,47,94,280,1380
2001-03-29T20:00,7.1,61,0,2.76,44,95,198,1270
2001-03-29T21:00,6.3,71,0.2,3.28,38,94,139,1030
2001-03-29T22:00,4.7,88,0.9,1.97,24,76,118,460
2001-03-29T23:00,4,95,0.8,2.69,45,85,32,610
2001-03-30T00:00,3.7,97,0.5,2.46,63,86,43,570
2001-03-30T01:00,2.4,98,0.5,0.98,66,74,10,315
2001-03-30T02:00,1.7,100,0.2,0.2,270,74,0,15
2001-03-30T03:00,1.2,100,0.3,0.6,270,63,0,15
2001-03-30T04:00,1,100,0.3,0.63,252,58,0,15
2001-03-30T05:00,0.8,100,0.3,0.58,239,61,0,15
2001-03-30T06:00,0.3,99,0.2,0.78,230,47,0,15
2001-03-30T07:00,-1.6,96,0.1,0.86,216,22,0,15
2001-03-30T08:00,-2.8,95,0,1.08,214,21,0,20
2001-03-30T09:00,-3.8,94,0,1.2,222,87,0,25
2001-03-30T10:00,-4.3,93,0,1.49,222,98,0,30
2001-03-30T11:00,-4.3,92,0,1.98,225,100,0,35
2001-03-30T12:00,-3.9,88,0,2.4,225,100,0,40
2001-03-30T13:00,-3.6,87,0,2.55,225,97,0,40
2001-03-30T14:00,-1.8,85,0,2.77,229,56,24,45
2001-03-30T15:00,2.7,73,0,2.2,231,37,166,90
2001-03-30T16:00,5.9,51,0,1.97,240,44,369,1120
2001-03-30T17:00,7.8,37,0,2.92,276,51,521,1610
2001-03-30T18:00,9.3,31,0,2.75,289,24,672,2075
2001-03-30T19:00,10.3,26,0.1,3.88,305,58,737,2320
2001-03-30T20:00,10.5,25,0.3,4.25,319,77,521,2385
2001-03-30T21:00,10.5,24,0.2,4.6,326,67,520,2575
2001-03-30T22:00,10.6,24,0,3.78,323,43,335,2835
2001-03-30T23:00,10.3,24,0,4.26,321,60,391,2500
2001-03-31T00:00,9.4,31,0,3.13,333,67,205,2105
2001-03-31T01:00,7.7,33,0,2.55,349,79,62,190
2001-03-31T02:00,5.6,39,0,3.83,7,93,1,320
2001-03-31T03:00,3.6,46,0,4.84,30,74,0,660
2001-03-31T04:00,2.3,54,0,2.44,35,89,0,515
2001-03-31T05:00,0,84,0.2,1.34,27,92,0,475
2001-03-31T06:00,-0.8,96,0.4,1.43,25,93,0,430
2001-03-31T07:00,-1.5,94,0.1,1.43,25,84,0,365
2001-03-31T08:00,-1.9,93,0,1.22,35,89,0,300
2001-03-31T09:00,-2.4,93,0,1.12,63,83,0,205
2001-03-31T10:00,-2.4,91,0,0.73,74,97,0,180
2001-03-31T11:00,-2.9,92,0,1.57,63,96,0,255
2001-03-31T12:00,-3.2,93,0,1.8,56,97,0,315
2001-03-31T13:00,-3.4,93,0,1.56,45,99,0,340
2001-03-31T14:00,-2.7,89,0,1.5,53,93,21,290
2001-03-31T15:00,-1.7,81,0,1.41,82,97,60,360
2001-03-31T16:00,0.7,72,0,1.41,98,66,221,500
2001-03-31T17:00,3.9,56,0,0.4,90,50,445,950
2001-03-31T18:00,5.4,52,0,1.17,340,58,381,1535
2001-03-31T19:00,8.3,35,0,2.28,23,0,695,1450
2001-03-31T20:00,8.7,38,0,2.64,29,37,667,1185
2001-03-31T21:00,8.9,41,0.1,2.56,39,14,745,1135
2001-03-31T22:00,9.1,43,0,2.88,56,1,629,845
2001-03-31T23:00,9,45,0,2.98,76,0,447,735
2001-04-01T00:00,8.3,50,0,3.08,103,0,280,525
2001-04-01T01:00,6.8,57,0,2.15,118,0,93,280
2001-04-01T02:00,5.1,63,0,2.88,146,0,2,140
2001-04-01T03:00,3.7,70,0,2.8,180,0,0,105
2001-04-01T04:00,2,74,0,2.82,197,16,0,80
2001-04-01T05:00,0.5,76,0,2.95,204,15,0,75
2001-04-01T06:00,0,71,0,3.14,211,34,0,70
2001-04-01T07:00,-0.7,70,0,3.24,214,25,0,65
2001-04-01T08:00,-0.9,68,0,3.3,215,26,0,60
2001-04-01T09:00,-1.1,66,0,3.28,218,23,0,55
2001-04-01T10:00,-1.4,65,0,2.77,221,1,0,40
2001-04-01T11:00,-1.7,66,0,2.69,222,0,0,35
2001-04-01T12:00,-1.9,67,0,2.83,222,0,0,40
2001-04-01T13:00,-2.1,69,0,2.69,225,0,1,35
2001-04-01T14:00,0.2,70,0,2.83,222,4,77,40
2001-04-01T15:00,6,57,0,2.14,217,5,266,75
2001-04-01T16:00,10.1,44,0,1.5,180,0,452,230
2001-04-01T17:00,12.3,37,0,1.26,162,2,587,1940
2001-04-01T18:00,14,33,0,1,217,0,754,2300
2001-04-01T19:00,16.2,28,0,1.84,283,5,825,2640
2001-04-01T20:00,17.2,24,0,2.64,299,37,797,2900
2001-04-01T21:00,17.4,22,0,3.27,293,68,571,3240
2001-04-01T22:00,17.5,21,0,2.27,311,52,457,3490
2001-04-01T23:00,17.4,21,0,1.84,331,59,395,2930
2001-04-02T00:00,16,32,0,2.25,32,39,198,285
2001-04-02T01:00,13.9,35,0,3.69,49,79,80,430
2001-04-02T02:00,11.6,38,0,3.64,69,98,1,590
2001-04-02T03:00,9.3,49,0,1.92,99,93,0,390
2001-04-02T04:00,7.5,63,0,2.02,171,69,0,70
2001-04-02T05:00,6.1,68,0,2.11,185,31,0,50
2001-04-02T06:00,5.4,68,0,2.4,180,36,0,65
2001-04-02T07:00,2.9,74,0,1.9,183,47,0,80
2001-04-02T08:00,1.7,78,0,2.12,188,43,0,95
2001-04-02T09:00,0.6,82,0,2.14,191,27,0,100
2001-04-02T10:00,-0.1,83,0,2.42,204,26,0,70
2001-04-02T11:00,-0.6,83,0,2.68,207,40,0,80
2001-04-02T12:00,-0.7,82,0,2.42,204,45,0,80
2001-04-02T13:00,-0.6,81,0,2.55,206,57,0,85
2001-04-02T14:00,1.8,79,0,2.52,214,50,67,135
2001-04-02T15:00,6.9,63,0,1.79,207,49,242,370
2001-04-02T16:00,10.2,52,0,2.11,185,35,423,700
2001-04-02T17:00,13,46,0,3.04,171,31,585,925
2001-04-02T18:00,15.3,37,0,3.7,182,20,711,1715
2001-04-02T19:00,16.7,30,0,4.12,203,40,776,2580
2001-04-02T20:00,17.9,24,0,4.21,208,51,573,3020
2001-04-02T21:00,18.4,21,0,4.92,209,40,527,3025
2001-04-02T22:00,18.4,21,0,4.05,213,52,506,1610
2001-04-02T23:00,18,21,0,4,217,31,359,2920
2001-04-03T00:00,16.6,27,0.1,3.22,206,1,245,1895
2001-04-03T01:00,14.2,31,0,2.38,202,3,99,185
2001-04-03T02:00,11.4,37,0,2.13,221,4,3,50
2001-04-03T03:00,8.5,44,0,2.4,225,0,0,25
2001-04-03T04:00,6,51,0,2.4,225,0,0,25
2001-04-03T05:00,4.2,58,0,2.26,225,0,0,25
2001-04-03T06:00,2.8,64,0,2.26,225,0,0,30
2001-04-03T07:00,1.9,69,0,1.92,231,1,0,25
2001-04-03T08:00,1.2,72,0,1.86,234,1,0,25
2001-04-03T09:00,0.7,73,0,1.84,241,2,0,20
2001-04-03T10:00,0,76,0,1.66,237,13,0,20
2001-04-03T11:00,0.2,76,0,1.17,239,16,0,15
2001-04-03T12:00,0.5,77,0,0.99,225,12,0,15
2001-04-03T13:00,1.1,77,0,1.27,225,15,0,15
2001-04-03T14:00,2.8,78,0,1.77,223,22,38,30
2001-04-03T15:00,7.8,61,0,1.14,218,34,203,90
2001-04-03T16:00,11.3,47,0,1.2,175,52,417,350
2001-04-03T17:00,14.2,39,0,2.01,153,33,634,1075
2001-04-03T18:00,16.3,33,0,3.14,158,70,748,1825
2001-04-03T19:00,18.3,25,0,3.57,162,75,809,2355
2001-04-03T20:00,18.8,23,0,3.91,177,88,760,2905
2001-04-03T21:00,18.8,22,0,4.69,191,85,570,3095
2001-04-03T22:00,18.5,23,0,5.41,196,91,501,3575
2001-04-03T23:00,18,25,0,5.28,190,81,382,2510
2001-04-04T00:00,16.9,30,0,4.74,173,78,233,1060
2001-04-04T01:00,14.6,35,0,4.51,167,97,82,415
2001-04-04T02:00,12.2,40,0,4.41,176,94,2,310
2001-04-04T03:00,10.4,44,0,4.13,187,17,0,235
2001-04-04T04:00,8.5,49,0,3.86,197,11,0,165
2001-04-04T05:00,6.9,54,0,3.61,199,15,0,125
2001-04-04T06:00,5.8,55,0,3.64,201,29,0,105
2001-04-04T07:00,5,62,0,3.53,205,24,0,95
2001-04-04T08:00,4.2,64,0,3.49,207,28,0,80
2001-04-04T09:00,3.4,65,0,3.5,211,4,0,75
2001-04-04T10:00,2.8,66,0,3.42,218,20,0,85
2001-04-04T11:00,2,67,0,2.98,230,30,0,60
2001-04-04T12:00,1.2,69,0,2.41,228,51,0,45
2001-04-04T13:00,0.6,72,0,2.41,228,83,1,40
2001-04-04T14:00,2.8,72,0,2.28,232,88,70,45
2001-04-04T15:00,8.4,59,0,1.21,246,92,205,80
2001-04-04T16:00,12.6,44,0,0.32,342,99,374,335
2001-04-04T17:00,14.9,37,0,0.51,79,100,495,600
2001-04-04T18:00,16.7,31,0,1.12,100,97,614,1030
2001-04-04T19:00,17.1,34,0,1.3,113,75,721,2060
2001-04-04T20:00,18.1,30,0,1.36,107,49,715,2375
2001-04-04T21:00,18.7,27,0,1.17,121,62,646,2615
2001-04-04T22:00,18.9,26,0,2.28,61,47,533,995
2001-04-04T23:00,18.8,26,0,2.97,57,59,441,1120
2001-04-05T00:00,17.1,38,0,3.47,44,93,259,705
2001-04-05T01:00,14.1,53,0,2.59,28,94,68,440
2001-04-05T02:00,11.2,69,0,2.62,18,81,1,215
2001-04-05T03:00,9.5,79,0,1.97,30,91,0,135
2001-04-05T04:00,8.5,85,0,1.32,81,89,0,95
2001-04-05T05:00,7.6,90,0,0.28,45,98,0,25
2001-04-05T06:00,6.3,93,0,0.32,252,98,0,10
2001-04-05T07:00,4.9,95,0,0.57,225,97,0,15
2001-04-05T08:00,4.2,95,0,0.99,225,86,0,20
2001-04-05T09:00,4,94,0,1.35,222,29,0,25
2001-04-05T10:00,2.8,93,0,1.25,209,7,0,40
2001-04-05T11:00,2.3,89,0,1.7,220,42,0,45
2001-04-05T12:00,1.9,87,0,1.98,221,66,0,45
2001-04-05T13:00,1.5,84,0,2.2,219,62,1,45
2001-04-05T14:00,4.1,76,0,2.41,222,39,37,60
2001-04-05T15:00,8.1,65,0,1.14,218,71,106,115
2001-04-05T16:00,11.8,51,0,0.57,135,77,233,320
2001-04-05T17:00,14.3,42,0,1.3,180,98,274,2030
2001-04-05T18:00,15.9,34,0,2.62,220,100,297,2270
2001-04-05T19:00,17.3,26,0,3.39,225,100,286,2500
2001-04-05T20:00,17.6,25,0,4.33,220,100,256,2685
2001-04-05T21:00,17.7,25,0,4.84,218,99,236,2675
2001-04-05T22:00,18,24,0,3.8,215,100,391,2795
2001-04-05T23:00,17.3,24,0,4.44,216,100,277,2415
2001-04-06T00:00,16,29,0,4.26,219,100,111,1670
2001-04-06T01:00,13.9,33,0,4,212,100,49,650
2001-04-06T02:00,11.5,38,0,4.48,209,100,2,610
2001-04-06T03:00,10,42,0,4.33,214,71,0,720
2001-04-06T04:00,8.4,48,0,3.61,222,100,0,570
2001-04-06T05:00,6.7,55,0,3.34,231,100,0,405
2001-04-06T06:00,5.1,63,0,3.05,229,98,0,140
2001-04-06T07:00,5,63,0,3.12,220,100,0,85
2001-04-06T08:00,4.1,68,0,2.98,220,13,0,65
2001-04-06T09:00,3,73,0,3.05,221,41,0,70
2001-04-06T10:00,2.3,76,0,3.11,225,83,0,75
2001-04-06T11:00,2.4,76,0,2.98,220,99,0,70
2001-04-06T12:00,3,75,0,2.78,218,71,0,70
2001-04-06T13:00,3.2,78,0,2.86,216,86,0,70
2001-04-06T14:00,4.9,76,0,2.36,216,41,7,85
2001-04-06T15:00,7.4,70,0,1.66,205,7,22,245
2001-04-06T16:00,10.1,61,0,2.01,186,2,176,985
2001-04-06T17:00,13,49,0,3.31,185,14,561,1630
2001-04-06T18:00,14.7,40,0,3.71,194,48,636,2210
2001-04-06T19:00,13.5,45,0.5,4.46,196,60,447,2495
2001-04-06T20:00,14,46,0.2,4.74,187,61,530,2020
2001-04-06T21:00,14.2,47,0,4.14,188,87,379,1990
2001-04-06T22:00,13,52,0.2,1.8,273,86,168,1215
2001-04-06T23:00,8.8,71,2.6,3.19,328,81,182,650
2001-04-07T00:00,7.2,77,0.3,2.33,335,94,35,775
2001-04-07T01:00,6.9,78,0,0.82,256,100,4,100
2001-04-07T02:00,6.6,76,0,1.56,225,100,0,75
2001-04-07T03:00,5.5,74,0,1.56,225,93,0,50
2001-04-07T04:00,5.1,59,0,2.48,223,80,0,75
2001-04-07T05:00,4.3,49,0,3.47,226,78,0,245
2001-04-07T06:00,4,45,0,3.55,230,69,0,310
2001-04-07T07:00,3.6,53,0,3.47,237,32,0,650
2001-04-07T08:00,3.1,54,0,4.09,248,2,0,755
2001-04-07T09:00,2.8,54,0,4.4,249,0,0,745
2001-04-07T10:00,2.4,51,0,2.48,230,0,0,365
2001-04-07T11:00,1.7,50,0,1.92,189,0,0,40
2001-04-07T12:00,0.5,53,0,2.67,193,0,0,40
2001-04-07T13:00,-0.6,61,0,3.04,207,0,3,55
2001-04-07T14:00,2,67,0,2.92,211,44,106,90
2001-04-07T15:00,6.4,51,0,2.34,200,5,286,435
2001-04-07T16:00,9,38,0,3.03,188,31,466,1065
2001-04-07T17:00,11,33,0,3.11,186,20,571,1740
2001-04-07T18:00,12.5,29,0,2.85,198,76,676,2365
2001-04-07T19:00,14,25,0,2.83,225,67,575,2735
2001-04-07T20:00,15.3,21,0,3.64,233,80,701,3180
2001-04-07T21:00,15.8,19,0,4.39,229,82,479,3340
2001-04-07T22:00,15.6,19,0,4.49,238,93,344,3605
2001-04-07T23:00,15.2,20,0,4.52,235,63,274,3165
2001-04-08T00:00,14.1,25,0,3.14,233,5,117,2390
2001-04-08T01:00,12.5,29,0,1.56,225,3,62,170
2001-04-08T02:00,10,36,0,1.88,205,2,3,35
2001-04-08T03:00,6.7,49,0,2.47,201,4,0,45
2001-04-08T04:00,4.2,58,0,2.95,208,3,0,65
2001-04-08T05:00,3.3,59,0,3.31,209,1,0,75
2001-04-08T06:00,2.5,60,0,3.31,209,0,0,80
2001-04-08T07:00,2.4,56,0,3.31,205,0,0,80
2001-04-08T08:00,1.7,59,0,3.13,207,0,0,75
2001-04-08T09:00,0.9,63,0,2.95,208,0,0,70
2001-04-08T10:00,0.3,66,0,2.22,234,0,0,50
2001-04-08T11:00,-0.2,68,0,1.89,238,0,0,35
2001-04-08T12:00,-0.5,69,0,1.42,231,0,0,25
2001-04-08T13:00,-0.5,71,0,1.35,222,0,4,30
2001-04-08T14:00,2.7,67,0,1.3,212,0,106,45
2001-04-08T15:00,7.7,49,0,1.22,145,4,300,360
2001-04-08T16:00,10,31,0,2.18,196,20,499,2250
2001-04-08T17:00,11.4,26,0,4.25,240,66,552,2585
2001-04-08T18:00,12.3,23,0,5.28,241,57,428,2900
2001-04-08T19:00,14.3,20,0,5.99,237,56,561,3060
2001-04-08T20:00,14.9,19,0,6.94,234,49,606,3260
2001-04-08T21:00,14.9,19,0,6.94,234,66,553,3390
2001-04-08T22:00,15,18,0,3.89,244,76,480,3885
2001-04-08T23:00,14.5,19,0,4.47,260,53,432,3545
2001-04-09T00:00,13.1,23,0,3.3,284,12,304,2500
2001-04-09T01:00,10.9,27,0,1.75,294,1,114,1835
2001-04-09T02:00,8.5,31,0,1.55,255,0,6,140
2001-04-09T03:00,6.4,36,0,1.44,236,0,0,60
2001-04-09T04:00,4.7,40,0,2,217,1,0,35
2001-04-09T05:00,3,46,0,2,217,0,0,30
2001-04-09T06:00,1.6,51,0,1.86,216,0,0,25
2001-04-09T07:00,-0.2,64,0,1.86,216,0,0,30
2001-04-09T08:00,-0.8,65,0,2,217,0,0,35
2001-04-09T09:00,-1.4,66,0,2.16,214,0,0,40
2001-04-09T10:00,-1.7,66,0,2.16,214,0,0,40
2001-04-09T11:00,-1.9,67,0,2.46,207,0,0,50
2001-04-09T12:00,-2,68,0,2.42,204,0,0,65
2001-04-09T13:00,-1.9,70,0,2.33,205,0,4,80
2001-04-09T14:00,1.4,69,0,2.06,203,0,110,170
2001-04-09T15:00,6.1,48,0,1.94,168,0,306,505
2001-04-09T16:00,8.4,41,0,2.94,162,0,502,1690
2001-04-09T17:00,10.4,35,0,3.3,180,11,669,2160
2001-04-09T18:00,12.5,27,0,3.32,187,25,800,2565
2001-04-09T19:00,13.8,22,0,3.45,190,30,606,2895
2001-04-09T20:00,14.7,20,0,3.88,192,50,636,3205
2001-04-09T21:00,15.8,17,0,4.84,198,69,712,3540
2001-04-09T22:00,15.2,18,0,4.69,191,87,382,3595
2001-04-09T23:00,15,19,0,4.52,175,65,268,3500
2001-04-10T00:00,14.3,22,0,4.49,163,63,156,3215
2001-04-10T01:00,12.2,25,0,3.49,156,18,77,460
2001-04-10T02:00,9.7,29,0,2.63,171,9,6,150
2001-04-10T03:00,8.1,31,0,1.49,318,6,0,55
2001-04-10T04:00,5.9,40,0,3.51,355,4,0,390
2001-04-10T05:00,3.6,54,0,4.04,351,81,0,465
2001-04-10T06:00,2.6,77,0,2.46,333,99,0,480
2001-04-10T07:00,1.8,86,0,3.13,343,93,0,480
2001-04-10T08:00,1.3,88,0,2.72,354,99,0,500
2001-04-10T09:00,1,91,0.1,2.3,2,99,0,510
2001-04-10T10:00,0.6,93,0.1,2.24,10,85,0,390
2001-04-10T11:00,0.3,94,0,2.25,21,94,0,330
2001-04-10T12:00,0.2,94,0,2.15,22,94,0,390
2001-04-10T13:00,0.1,94,0,2.2,30,97,1,425
2001-04-10T14:00,0.3,91,0,2.3,34,94,15,445
2001-04-10T15:00,1,82,0,2.28,38,98,54,405
2001-04-10T16:00,1.9,78,0,2.13,41,100,90,495
2001-04-10T17:00,2.8,74,0,2.28,52,100,102,655
2001-04-10T18:00,4.5,68,0,3.22,60,92,221,735
2001-04-10T19:00,4.8,66,0,4.22,68,94,164,860
2001-04-10T20:00,6.5,60,0.1,4.3,72,94,458,965
2001-04-10T21:00,6.8,60,0.2,4.39,66,90,254,945
2001-04-10T22:00,7.1,59,0.3,2.55,48,97,288,830
2001-04-10T23:00,5.3,73,0.8,2.82,23,93,71,470
2001-04-11T00:00,3.6,89,1.8,2.08,35,98,33,390
2001-04-11T01:00,2,100,3.1,2.2,30,98,8,390
2001-04-11T02:00,0.9,99,3.9,2.53,9,98,0,365
2001-04-11T03:00,0.1,99,3.4,3.31,5,99,0,470
2001-04-11T04:00,0,99,2.7,4,360,99,0,565
2001-04-11T05:00,-0.2,99,2.7,4.21,342,100,0,595
2001-04-11T06:00,-0.3,96,2.7,4.66,329,99,0,635
2001-04-11T07:00,-0.8,96,1.9,5.63,327,99,0,730
2001-04-11T08:00,-0.8,94,2.3,6.67,330,100,0,825
2001-04-11T09:00,-0.7,94,2.3,7.42,333,100,0,980
2001-04-11T10:00,-0.5,91,2.3,7.65,334,100,0,1130
2001-04-11T11:00,-0.3,89,2.2,7.56,336,100,0,1340
2001-04-11T12:00,-0.3,87,2,7.45,338,100,0,1440
2001-04-11T13:00,-0.2,85,1.6,7.85,338,100,0,1600
2001-04-11T14:00,-0.2,84,1.3,7.73,339,100,0,1640
2001-04-11T15:00,-0.4,89,1.3,6.71,340,100,3,1660
2001-04-11T16:00,-0.4,91,1.2,5.77,346,100,5,1595
2001-04-11T17:00,0.2,91,0.9,5.7,359,100,25,1335
2001-04-11T18:00,0.7,89,0.6,5.73,12,100,64,1075
2001-04-11T19:00,1,81,0.1,5.31,20,99,164,1010
2001-04-11T20:00,1,82,0,4.96,19,94,475,935
2001-04-11T21:00,1.3,80,0,3.85,25,95,468,875
2001-04-11T22:00,1.2,79,0,2.27,41,60,397,735
2001-04-11T23:00,1.1,79,0,1.98,41,71,372,780
2001-04-12T00:00,0.7,77,0,1,84,64,252,580
2001-04-12T01:00,-1,85,0,1.33,167,32,94,95
2001-04-12T02:00,-2.2,86,0,1.57,207,40,5,35
2001-04-12T03:00,-2.9,88,0,1.39,210,67,0,25
2001-04-12T04:00,-3.3,92,0,1.12,207,68,0,25
2001-04-12T05:00,-3.4,94,0,1.03,209,85,0,20
2001-04-12T06:00,-4.3,92,0,1.03,209,92,0,20
2001-04-12T07:00,-3.4,89,0.1,1.46,196,91,0,25
2001-04-12T08:00,-3.5,87,0.1,1.53,191,63,0,35
2001-04-12T09:00,-4.2,86,0.2,1.4,184,61,0,35
2001-04-12T10:00,-4.8,86,0,1.5,184,56,0,40
2001-04-12T11:00,-5.7,87,0,1.63,191,39,0,40
2001-04-12T12:00,-7.5,90,0,1.63,191,27,0,45
2001-04-12T13:00,-8.9,91,0,1.8,199,23,5,50
2001-04-12T14:00,-7,85,0,1.88,205,17,94,75
2001-04-12T15:00,-3.6,76,0,1.71,201,21,269,155
2001-04-12T16:00,-0.3,67,0,1.77,196,33,483,385
2001-04-12T17:00,1.7,64,0,1.8,183,28,626,585
2001-04-12T18:00,3.9,58,0,1.6,176,39,674,875
2001-04-12T19:00,4,58,0,1.65,166,63,730,1175
2001-04-12T20:00,4.5,55,0,1.77,164,80,558,1395
2001-04-12T21:00,5,54,0,2.06,166,89,394,1400
2001-04-12T22:00,5.1,54,0,2.16,167,73,236,1040
2001-04-12T23:00,4.5,60,0,1.28,141,60,202,765
2001-04-13T00:00,3.2,73,0,1,84,75,153,105
2001-04-13T01:00,2.6,74,0,0.92,347,69,41,35
2001-04-13T02:00,0.6,77,0,1.32,279,64,4,25
2001-04-13T03:00,-1.7,82,0,0.99,225,59,0,15
2001-04-13T04:00,-3.5,90,0,1.27,225,62,0,15
2001-04-13T05:00,-4.3,87,0,1.91,223,15,0,20
2001-04-13T06:00,-5,83,0,2.62,220,0,0,30
2001-04-13T07:00,-6.3,86,0,3.26,223,0,0,40
2001-04-13T08:00,-7,83,0,3.75,224,0,0,45
2001-04-13T09:00,-7.7,79,0,3.69,229,0,0,45
2001-04-13T10:00,-8.9,80,0,3.36,233,1,0,45
2001-04-13T11:00,-10.3,82,0,2.98,230,0,0,35
2001-04-13T12:00,-11.5,82,0,2.9,226,0,0,35
2001-04-13T13:00,-12.1,80,0,3.11,225,0,8,35
2001-04-13T14:00,-9.8,74,0,3.04,226,0,133,50
2001-04-13T15:00,-5.3,67,0,2.42,218,0,332,65
2001-04-13T16:00,-1.1,61,0,1.77,196,0,536,145
2001-04-13T17:00,2,55,0,2.02,171,0,707,475
2001-04-13T18:00,4.8,46,0,2.26,167,0,827,910
2001-04-13T19:00,5.7,45,0,1.96,165,0,886,1330
2001-04-13T20:00,6.2,46,0,1.92,141,0,891,1605
2001-04-13T21:00,7,42,0,2.66,124,0,814,1205
2001-04-13T22:00,6.8,47,0,1.8,87,0,697,530
2001-04-13T23:00,5.9,58,0,2.35,78,0,527,340
2001-04-14T00:00,4.7,67,0,2.14,79,1,329,205
2001-04-14T01:00,3.4,72,0,1.8,87,12,129,60
2001-04-14T02:00,2.5,71,0,0.8,180,39,9,30
2001-04-14T03:00,0.2,71,0,1.64,218,67,0,35
2001-04-14T04:00,-2.5,80,0,1.97,210,78,0,30
2001-04-14T05:00,-4.3,85,0,2.51,209,73,0,35
2001-04-14T06:00,-5.3,85,0,2.77,206,34,0,45
2001-04-14T07:00,-5.9,83,0,2.91,207,11,0,60
2001-04-14T08:00,-6.6,82,0,3.05,212,2,0,60
2001-04-14T09:00,-7.4,82,0,3.16,215,0,0,55
2001-04-14T10:00,-7.9,81,0,3.36,217,0,0,45
2001-04-14T11:00,-8.6,81,0,3.2,219,0,0,40
2001-04-14T12:00,-9.2,81,0,3.12,220,0,0,40
2001-04-14T13:00,-9.4,80,0,3.05,221,0,9,35
2001-04-14T14:00,-5.9,73,0,2.91,221,11,133,35
2001-04-14T15:00,-0.6,68,0,2.48,223,59,297,50
2001-04-14T16:00,3.9,58,0,1,217,10,360,95
2001-04-14T17:00,7.5,45,0,1.12,170,6,541,310
2001-04-14T18:00,9.7,29,0,1.33,167,37,747,1525
2001-04-14T19:00,9.1,38,0,1.41,225,67,659,2275
2001-04-14T20:00,10,35,0,2.12,278,47,573,2820
2001-04-14T21:00,8.6,45,0,2.88,304,60,515,2570
2001-04-14T22:00,7.7,51,0,2.27,319,52,396,1720
2001-04-14T23:00,9.9,38,0,0.91,354,37,357,1665
2001-04-15T00:00,9.7,55,0,0.58,59,4,254,160
2001-04-15T01:00,6,69,0,0.76,113,0,118,20
2001-04-15T02:00,5.3,65,0,1.5,184,0,10,20
2001-04-15T03:00,2.8,66,0,1.17,200,0,0,20
2001-04-15T04:00,-0.3,72,0,1.62,202,0,0,25
2001-04-15T05:00,-2.9,79,0,1.8,214,0,0,25
2001-04-15T06:00,-4.4,79,0,2.05,223,0,0,30
2001-04-15T07:00,-5,79,0,1.7,230,0,0,20
2001-04-15T08:00,-5.7,79,0,1.56,225,0,0,20
2001-04-15T09:00,-5.8,78,0,1.22,215,5,0,15
2001-04-15T10:00,-5.6,77,0,1.1,175,0,0,20
2001-04-15T11:00,-4.7,72,0,1.51,188,0,0,25
2001-04-15T12:00,-5.8,73,0,1.33,193,0,0,20
2001-04-15T13:00,-6.6,73,0,0.98,204,0,10,15
2001-04-15T14:00,-2.5,69,0,1.21,204,1,132,35
2001-04-15T15:00,0.9,60,0,1.2,132,0,329,265
2001-04-15T16:00,3,61,0,1.98,131,0,522,475
2001-04-15T17:00,4.4,59,0,2.62,137,0,687,610
2001-04-15T18:00,6,56,0,3,143,0,805,755
2001-04-15T19:00,7.4,53,0,2.84,141,0,868,940
2001-04-15T20:00,8.6,53,0,2.62,130,2,866,1085
2001-04-15T21:00,9.1,55,0,2.87,119,7,766,905
2001-04-15T22:00,8.9,60,0,3.54,133,3,667,755
2001-04-15T23:00,8,66,0,2.92,128,3,501,525
2001-04-16T00:00,6.8,72,0,2.2,129,0,312,325
2001-04-16T01:00,7.6,68,0,2.48,140,0,129,135
2001-04-16T02:00,6.8,70,0,1.99,198,0,10,60
2001-04-16T03:00,3.5,76,0,1.7,208,0,0,35
2001-04-16T04:00,-0.1,82,0,1.97,210,0,0,30
2001-04-16T05:00,-2.5,86,0,2.02,213,0,0,25
2001-04-16T06:00,-4,86,0,2.14,217,0,0,25
2001-04-16T07:00,-4.5,82,0,1.91,223,0,0,20
2001-04-16T08:00,-4.2,78,0,1.7,242,12,0,15
2001-04-16T09:00,-3,71,0,1.98,311,13,0,80
2001-04-16T10:00,-3.7,82,0,2.55,315,30,0,130
2001-04-16T11:00,-3,86,0,3.54,344,89,0,215
2001-04-16T12:00,-2.9,95,0,3.13,353,100,0,340
2001-04-16T13:00,-3.2,98,0,2.52,7,99,4,365
2001-04-16T14:00,-2.9,96,0,2.06,29,97,31,325
2001-04-16T15:00,-1.5,91,0,1.98,45,98,74,335
2001-04-16T16:00,-1.2,89,0,2.22,54,100,132,305
2001-04-16T17:00,-0.7,86,0,2.42,52,96,185,395
2001-04-16T18:00,0.6,82,0,2.46,63,79,208,515
2001-04-16T19:00,3,71,0,2.33,80,69,531,695
2001-04-16T20:00,3.5,70,0,2.5,90,76,520,815
2001-04-16T21:00,4.4,67,0,2.75,80,65,511,875
2001-04-16T22:00,5.1,65,0,2.09,107,82,456,745
2001-04-16T23:00,5.2,65,0,1.92,81,87,375,820
2001-04-17T00:00,4.7,67,0,1.81,84,96,196,730
2001-04-17T01:00,3.8,68,0,1.65,76,97,66,540
2001-04-17T02:00,2.6,73,0,1.58,72,100,4,135
2001-04-17T03:00,1.9,76,0,1.75,77,99,0,140
2001-04-17T04:00,1,80,0,1.81,96,99,0,150
2001-04-17T05:00,0.3,82,0,1.66,123,95,0,125
2001-04-17T06:00,0.3,83,0,1.84,151,84,0,120
2001-04-17T07:00,-1.4,88,0,2.02,171,73,0,105
2001-04-17T08:00,-2.2,90,0,1.8,180,28,0,100
2001-04-17T09:00,-2.9,90,0,1.51,188,14,0,95
2001-04-17T10:00,-3.9,89,0,1.33,193,8,0,90
2001-04-17T11:00,-4.4,88,0,1.48,208,2,0,90
2001-04-17T12:00,-5.1,87,0,1.39,210,4,0,80
2001-04-17T13:00,-4.9,85,0,1.43,205,15,11,90
2001-04-17T14:00,-1,76,0,1.66,205,4,129,110
2001-04-17T15:00,2.5,68,0,1.46,196,3,319,215
2001-04-17T16:00,6.1,60,0,1.3,176,0,515,400
2001-04-17T17:00,7.6,61,0,1.39,150,0,690,530
2001-04-17T18:00,9.4,56,0,1.77,133,0,805,645
2001-04-17T19:00,11.3,51,0,2.22,126,0,870,750
2001-04-17T20:00,14.8,39,0,2.42,128,0,869,850
2001-04-17T21:00,15.6,38,0,2.58,126,0,806,890
2001-04-17T22:00,15.8,38,0,2.69,121,0,684,770
2001-04-17T23:00,15.2,41,0,2.2,129,0,520,660
2001-04-18T00:00,13.9,48,0,1.7,140,0,326,470
2001-04-18T01:00,12.4,55,0,2.28,157,0,135,195
2001-04-18T02:00,10,60,0,3.04,189,0,11,145
2001-04-18T03:00,7.5,68,0,2.53,198,0,0,115
2001-04-18T04:00,4.6,78,0,2.82,203,0,0,95
2001-04-18T05:00,3,82,0,3.13,207,0,0,85
2001-04-18T06:00,2.1,81,0,3.28,211,0,0,65
2001-04-18T07:00,1.6,79,0,3.36,217,0,0,55
2001-04-18T08:00,1.1,78,0,3.26,220,0,0,45
2001-04-18T09:00,0.7,76,0,3.19,221,0,0,40
2001-04-18T10:00,0.6,75,0,3.19,221,35,0,40
2001-04-18T11:00,0.4,74,0,3.19,221,98,0,35
2001-04-18T12:00,0.5,73,0,3.18,224,96,0,35
2001-04-18T13:00,1.3,72,0,3.26,223,91,5,35
2001-04-18T14:00,4.4,70,0,3.4,223,97,55,40
2001-04-18T15:00,10.4,62,0,2.9,224,79,232,60
2001-04-18T16:00,15.4,47,0,1.89,212,86,376,130
2001-04-18T17:00,18.8,32,0,2.1,183,88,546,690
2001-04-18T18:00,20.3,24,0,2.31,175,72,573,1675
2001-04-18T19:00,21.1,22,0,2.33,170,73,700,2420
2001-04-18T20:00,21.8,21,0,2.67,167,50,741,2880
2001-04-18T21:00,22.3,20,0,2.72,174,32,715,3275
2001-04-18T22:00,22.7,19,0,2.09,163,84,656,3730
2001-04-18T23:00,22.6,21,0,1.64,128,63,460,2785
2001-04-19T00:00,20.9,36,0,1.71,97,95,307,230
2001-04-19T01:00,18.9,56,0,0.61,81,91,137,60
2001-04-19T02:00,14.5,53,0,1.13,225,85,12,40
2001-04-19T03:00,10.2,62,0,2.69,228,99,0,35
2001-04-19T04:00,8.6,60,0,3.04,226,100,0,35
2001-04-19T05:00,8.1,53,0,3.26,223,82,0,40
2001-04-19T06:00,7.4,49,0,3.41,220,89,0,40
2001-04-19T07:00,6.6,52,0,3.64,217,63,0,45
2001-04-19T08:00,5.8,52,0,3.72,216,11,0,50
2001-04-19T09:00,4.8,55,0,3.62,219,6,0,45
2001-04-19T10:00,3.9,58,0,3.54,223,32,0,45
2001-04-19T11:00,3.6,58,0,3.42,218,44,0,40
2001-04-19T12:00,3.7,57,0,3.52,215,89,0,45
2001-04-19T13:00,4.6,57,0,3.64,217,22,14,55
2001-04-19T14:00,8.7,56,0,3.28,218,11,136,65
2001-04-19T15:00,14.5,45,0,1.92,208,8,337,120
2001-04-19T16:00,17.1,31,0,3.11,222,1,534,2515
2001-04-19T17:00,18,26,0,5.64,243,0,611,3100
2001-04-19T18:00,18.8,22,0,6.26,250,15,824,3120
2001-04-19T19:00,20,20,0,6.26,257,42,776,2965
2001-04-19T20:00,20.4,18,0,5.61,259,53,802,2805
2001-04-19T21:00,20.5,18,0,4.78,254,32,799,3405
2001-04-19T22:00,20.5,16,0,3.89,252,85,667,5600
2001-04-19T23:00,19.6,17,0,3.31,241,77,289,3340
2001-04-20T00:00,18.6,22,0,2.61,212,17,241,1570
2001-04-20T01:00,16.5,28,0,2.57,193,7,148,220
2001-04-20T02:00,13.3,30,0,3.2,200,63,14,100
2001-04-20T03:00,11.2,30,0,3.81,210,95,0,125
2001-04-20T04:00,9.2,33,0,3.64,217,100,0,105
2001-04-20T05:00,7.3,38,0,3.48,219,100,0,65
2001-04-20T06:00,6.1,42,0,3.28,218,100,0,45
2001-04-20T07:00,5.6,44,0,3.28,218,100,0,45
2001-04-20T08:00,5,47,0,3.55,220,100,0,45
2001-04-20T09:00,4.9,46,0,3.89,222,100,0,60
2001-04-20T10:00,5.8,41,0,3.54,223,100,0,60
2001-04-20T11:00,6.3,40,0,3.11,222,100,0,55
2001-04-20T12:00,6.6,44,0,2.62,220,100,0,45
2001-04-20T13:00,6.4,51,0,2.5,217,100,0,45
2001-04-20T14:00,8.1,56,0,2.56,219,100,12,55
2001-04-20T15:00,11,53,0,1.08,214,87,46,100
2001-04-20T16:00,14.4,40,0,0.76,247,71,379,855
2001-04-20T17:00,16.4,33,0,1.72,216,25,596,2025
2001-04-20T18:00,16.8,23,0,4.6,226,34,527,2830
2001-04-20T19:00,16.6,21,0,6.79,227,66,606,3045
2001-04-20T20:00,16.2,19,0,8.28,224,90,308,3420
2001-04-20T21:00,15.6,18,0.1,8.61,231,85,321,3420
2001-04-20T22:00,14.5,22,0,5.19,214,63,254,2680
2001-04-20T23:00,13.9,23,0,4.7,241,48,312,3070
2001-04-21T00:00,13.7,22,0,2.53,261,6,242,3445
2001-04-21T01:00,12.8,22,0,1.77,286,3,144,2565
2001-04-21T02:00,11.1,22,0,1.22,305,0,15,45
2001-04-21T03:00,8.3,31,0,0.22,207,0,0,20
2001-04-21T04:00,5.6,38,0,1.3,184,1,0,25
2001-04-21T05:00,3,50,0,1.49,200,0,0,30
2001-04-21T06:00,1.8,53,0,2.19,204,0,0,35
2001-04-21T07:00,1.6,59,0,2.46,207,0,0,45
2001-04-21T08:00,1,58,0,2.59,208,1,0,50
2001-04-21T09:00,0.4,58,0,2.47,212,4,0,50
2001-04-21T10:00,-0.2,61,0,2.15,208,45,0,40
2001-04-21T11:00,-0.4,62,0,2.28,203,59,0,45
2001-04-21T12:00,-0.4,63,0,2.24,207,21,0,50
2001-04-21T13:00,0.5,63,0,2.15,208,28,16,55
2001-04-21T14:00,4,69,0,1.03,209,41,128,105
2001-04-21T15:00,8.4,45,0,1.21,66,38,329,405
2001-04-21T16:00,10.4,43,0,2.7,88,41,484,1305
2001-04-21T17:00,11.9,40,0.2,3.54,133,93,606,2325
2001-04-21T18:00,13.1,34,0.2,3.68,133,100,395,2445
2001-04-21T19:00,14.1,26,0,4.34,154,100,128,2930
2001-04-21T20:00,14.7,26,0.2,5.39,165,100,194,2820
2001-04-21T21:00,14,29,0.2,5.19,164,100,32,2395
2001-04-21T22:00,14.5,28,0,1.39,339,100,26,755
2001-04-21T23:00,13.3,42,0,4.82,355,100,19,570
2001-04-22T00:00,10.6,56,0.4,5.61,356,99,16,630
2001-04-22T01:00,7.3,76,0,4,328,85,15,470
2001-04-22T02:00,5.6,86,0.4,3.26,313,100,2,350
2001-04-22T03:00,4.8,91,0.5,2.58,306,100,0,295
2001-04-22T04:00,4.5,92,0.6,2.69,329,100,0,390
2001-04-22T05:00,4.1,97,0.7,2.1,335,100,0,290
2001-04-22T06:00,3.9,98,0.5,2.64,323,100,0,280
2001-04-22T07:00,2.2,100,0.7,2.95,332,100,0,305
2001-04-22T08:00,1.7,100,0.4,3.51,340,100,0,340
2001-04-22T09:00,1.2,100,0.5,4.02,341,100,0,430
2001-04-22T10:00,0.5,98,0.6,3.13,333,98,0,480
2001-04-22T11:00,0,97,0.7,3.2,340,100,0,505
2001-04-22T12:00,-0.3,98,1.1,4.21,356,92,0,550
2001-04-22T13:00,-0.4,97,1.2,5.61,4,98,2,640
2001-04-22T14:00,-0.5,97,1.6,4.83,6,100,4,770
2001-04-22T15:00,-0.4,96,1.9,4.1,1,100,27,870
2001-04-22T16:00,-0.8,97,1.9,3.7,358,100,21,935
2001-04-22T17:00,-1,96,1.7,4.3,357,100,24,965
2001-04-22T18:00,-1.1,94,1.3,4.81,356,100,41,940
2001-04-22T19:00,-2,92,0.7,5.51,357,100,25,925
2001-04-22T20:00,-2.1,90,0.6,5.8,2,100,59,950
2001-04-22T21:00,-2,85,0.5,5.93,6,100,95,910
2001-04-22T22:00,-2.2,87,0.4,3.82,6,100,55,655
2001-04-22T23:00,-1.8,85,0.3,2.92,6,100,63,530
2001-04-23T00:00,-1.5,87,0.3,1.75,347,100,57,410
2001-04-23T01:00,-1.2,91,0.3,1.04,343,100,17,175
2001-04-23T02:00,-1.9,95,0.2,0.5,360,100,4,100
2001-04-23T03:00,-1.7,94,0.1,0.71,8,100,0,120
2001-04-23T04:00,-3.6,92,0,0.28,225,80,0,65
2001-04-23T05:00,-5.6,90,0,1.35,228,57,0,30
2001-04-23T06:00,-7.6,88,0,1.7,208,53,0,25
2001-04-23T07:00,-5.6,87,0,1.44,214,35,0,20
2001-04-23T08:00,-7.1,86,0,1.36,216,9,0,20
2001-04-23T09:00,-7.8,85,0,1.49,222,2,0,15
2001-04-23T10:00,-8.9,85,0,1.03,209,2,0,15
2001-04-23T11:00,-9.5,84,0,1.22,215,9,0,15
2001-04-23T12:00,-9.6,83,0,1.06,221,19,0,15
2001-04-23T13:00,-8.7,82,0,1.06,221,9,20,15
2001-04-23T14:00,-3.1,73,0,1.39,210,21,155,30
2001-04-23T15:00,3.9,56,0,1.04,197,8,350,210
2001-04-23T16:00,5.4,43,0,0.42,135,32,508,850
2001-04-23T17:00,5.2,56,0,1.2,85,39,652,1275
2001-04-23T18:00,6,49,0,1.14,75,48,736,1360
2001-04-23T19:00,5.9,56,0,1.92,81,40,702,1410
2001-04-23T20:00,6.3,57,0,1.82,81,52,778,1500
2001-04-23T21:00,7,54,0,2.21,95,49,691,1335
2001-04-23T22:00,6.9,55,0,0.36,34,40,631,1700
2001-04-23T23:00,6.6,57,0,0.95,18,24,487,1510
2001-04-24T00:00,6.2,60,0,1.12,27,32,331,715
2001-04-24T01:00,6,62,0,1.26,72,12,145,40
2001-04-24T02:00,3.9,70,0,1.26,162,3,16,25
2001-04-24T03:00,2.4,71,0,2.02,200,0,0,30
2001-04-24T04:00,0.1,76,0,1.58,215,0,0,25
2001-04-24T05:00,-2,82,0,2,217,0,0,25
2001-04-24T06:00,-3.1,82,0,2.2,219,0,0,30
2001-04-24T07:00,-3.2,72,0,2.34,220,5,0,35
2001-04-24T08:00,-3.7,71,0,2.55,222,22,0,35
2001-04-24T09:00,-4,71,0,2.55,225,13,0,35
2001-04-24T10:00,-4.3,70,0,2.28,232,0,0,35
2001-04-24T11:00,-4.4,69,0,2.14,233,57,0,35
2001-04-24T12:00,-4.5,68,0,2.13,229,77,0,30
2001-04-24T13:00,-3.8,68,0,2.05,227,80,22,30
2001-04-24T14:00,-0.3,68,0,1.98,225,13,162,45
2001-04-24T15:00,6.2,53,0,1.2,222,0,361,115
2001-04-24T16:00,9.2,43,0,0.81,150,0,553,640
2001-04-24T17:00,10.1,40,0,1.46,106,0,713,1290
2001-04-24T18:00,10.6,41,0,1.8,93,1,826,1675
2001-04-24T19:00,11.3,41,0,2.1,93,33,886,1850
2001-04-24T20:00,12.7,37,0,2.72,96,70,742,1875
2001-04-24T21:00,14.5,32,0,3.14,99,77,694,1800
2001-04-24T22:00,14.7,32,0,1.81,96,80,556,1745
2001-04-24T23:00,14.4,32,0,2.71,86,74,396,1345
2001-04-25T00:00,13.8,35,0,2.26,77,9,289,880
2001-04-25T01:00,12.4,41,0,2.19,43,4,139,170
2001-04-25T02:00,10.1,48,0,1.96,15,4,17,45
2001-04-25T03:00,8,58,0,0.71,352,0,0,25
2001-04-25T04:00,7.7,55,0,0.58,211,0,0,15
2001-04-25T05:00,5.7,62,0,1.27,225,0,0,20
2001-04-25T06:00,2.5,76,0,1.2,222,0,0,20
2001-04-25T07:00,1.1,82,0,1.63,223,0,0,20
2001-04-25T08:00,0.1,85,0,1.94,215,0,0,25
2001-04-25T09:00,-0.2,84,0,2.25,212,0,0,30
2001-04-25T10:00,-0.3,82,0,2.91,207,0,0,45
2001-04-25T11:00,-0.3,80,0,3.22,206,0,0,60
2001-04-25T12:00,-0.3,79,0,3.22,210,0,0,60
2001-04-25T13:00,0.8,76,0,3.28,211,0,23,60
2001-04-25T14:00,5.3,69,0,2.97,213,0,165,80
2001-04-25T15:00,10.1,54,0,2.06,209,0,362,180
2001-04-25T16:00,13,41,0,1.39,210,0,552,505
2001-04-25T17:00,14.8,37,0,0.2,180,0,711,1040
2001-04-25T18:00,16.2,34,0,0.99,45,12,824,1670
2001-04-25T19:00,17.2,32,0,1.94,55,49,823,1910
2001-04-25T20:00,17.7,32,0,2.39,57,34,806,2060
2001-04-25T21:00,17.8,32,0,2.61,58,64,672,1835
2001-04-25T22:00,17.7,32,0,2.72,54,20,535,1515
2001-04-25T23:00,17.2,32,0,2.16,56,19,369,1325
2001-04-26T00:00,16.6,35,0,1.84,49,24,314,745
2001-04-26T01:00,15.3,42,0,1.5,53,13,118,125
2001-04-26T02:00,12.8,53,0,0.4,360,14,17,20
2001-04-26T03:00,11.1,54,0,0.71,278,13,0,15
2001-04-26T04:00,9.4,59,0,0.89,243,6,0,15
2001-04-26T05:00,6.5,70,0,1.14,232,0,0,15
2001-04-26T06:00,5,76,0,1.2,228,0,0,15
2001-04-26T07:00,3.3,84,0,1.41,225,0,0,15
2001-04-26T08:00,2.5,86,0,1.63,223,0,0,15
2001-04-26T09:00,1.9,87,0,1.77,223,0,0,15
2001-04-26T10:00,1.4,87,0,1.84,221,0,0,20
2001-04-26T11:00,1.2,86,0,1.98,221,0,0,20
2001-04-26T12:00,1.1,84,0,1.98,221,0,0,20
2001-04-26T13:00,2.2,82,0,2.2,219,0,24,25
2001-04-26T14:00,7.7,72,0,2.19,223,0,166,40
2001-04-26T15:00,13.5,53,0,1.14,232,0,361,120
2001-04-26T16:00,16,41,0,0.5,270,2,550,520
2001-04-26T17:00,17.5,37,0,0.61,9,17,685,2130
2001-04-26T18:00,18.5,34,0,0.89,27,9,743,2330
2001-04-26T19:00,19.4,28,0,0.86,36,19,846,2490
2001-04-26T20:00,19.9,28,0,1.08,56,8,795,2620
2001-04-26T21:00,19.9,28,0,1.36,73,16,778,2625
2001-04-26T22:00,19.8,29,0,1.02,79,74,664,2605
2001-04-26T23:00,18.4,37,0.4,0.41,284,66,358,1420
2001-04-27T00:00,16.2,55,0.3,0.61,279,55,177,45
2001-04-27T01:00,15.1,66,0,0.58,211,43,75,15
2001-04-27T02:00,13.1,74,0,1.06,221,34,16,25
2001-04-27T03:00,10.6,82,0,1.17,211,19,0,25
2001-04-27T04:00,8.4,88,0,1.72,216,4,0,30
2001-04-27T05:00,6.9,90,0,2,217,2,0,30
2001-04-27T06:00,5.8,89,0,2.3,214,0,0,30
2001-04-27T07:00,5.6,82,0,2.5,217,0,0,35
2001-04-27T08:00,5.1,79,0,2.7,219,0,0,40
2001-04-27T09:00,4.4,79,0,2.56,219,0,0,35
2001-04-27T10:00,3.8,80,0,3.06,218,0,0,40
2001-04-27T11:00,3.3,80,0,3.19,221,0,0,40
2001-04-27T12:00,3,80,0,3.18,224,0,0,40
2001-04-27T13:00,4,79,0,3.26,223,0,27,40
2001-04-27T14:00,9.2,70,0,2.91,221,0,172,60
2001-04-27T15:00,14.8,52,0,1.98,221,0,368,160
2001-04-27T16:00,17.8,38,0,1.44,214,0,558,400
2001-04-27T17:00,19.6,32,0,0.85,201,26,718,1590
2001-04-27T18:00,20.9,28,0,0.64,141,54,775,2855
2001-04-27T19:00,21.7,21,0,1.36,126,36,746,3215
2001-04-27T20:00,22,21,0,1.78,128,31,661,3250
2001-04-27T21:00,22,22,0,1.89,148,44,527,3240
2001-04-27T22:00,21.9,23,0,2.14,143,77,579,2850
2001-04-27T23:00,20.2,32,0.3,1.84,135,91,411,1130
2001-04-28T00:00,19.5,36,0,2.58,144,86,242,770
2001-04-28T01:00,18,45,0,2.06,151,77,73,340
2001-04-28T02:00,15.3,59,0,3.16,169,77,16,155
2001-04-28T03:00,12.4,68,0,2.53,189,79,0,80
2001-04-28T04:00,9.9,77,0,2.69,202,56,0,50
2001-04-28T05:00,7.6,85,0,2.87,209,59,0,50
2001-04-28T06:00,6.6,85,0,3.05,212,44,0,50
2001-04-28T07:00,6.9,68,0,3.16,215,3,0,55
2001-04-28T08:00,6.4,67,0,3.14,217,4,0,50
2001-04-28T09:00,5.8,69,0,3.14,217,4,0,45
2001-04-28T10:00,5.3,71,0,3.33,221,1,0,50
2001-04-28T11:00,4.9,72,0,3.19,221,76,0,50
2001-04-28T12:00,4.6,74,0,3.12,220,26,0,45
2001-04-28T13:00,5.4,74,0,2.97,222,32,28,45
2001-04-28T14:00,10,67,0,2.55,225,25,169,60
2001-04-28T15:00,15.5,52,0,1.42,231,3,359,155
2001-04-28T16:00,18.6,36,0,0.72,236,5,552,710
2001-04-28T17:00,20.2,31,0,0.71,188,15,716,1745
2001-04-28T18:00,21.3,28,0,1.17,160,28,799,2505
2001-04-28T19:00,21.9,27,0,1.77,164,38,791,3000
2001-04-28T20:00,22.3,28,0,2.43,171,37,718,3150
2001-04-28T21:00,22,30,0,3.01,174,51,569,3020
2001-04-28T22:00,21.8,31,0,1.87,106,56,515,3145
2001-04-28T23:00,20.7,33,0,1.63,133,90,326,785
2001-04-29T00:00,17.7,51,0.8,1.91,227,93,165,425
2001-04-29T01:00,15.5,68,0.1,1.7,310,80,47,105
2001-04-29T02:00,14.4,76,0,1.9,270,68,7,55
2001-04-29T03:00,12.4,78,0,1.14,218,53,0,25
2001-04-29T04:00,9.6,85,0,1.72,216,24,0,25
2001-04-29T05:00,8,88,0,2.27,221,7,0,30
2001-04-29T06:00,7.3,85,0,2.76,224,1,0,35
2001-04-29T07:00,6.8,87,0,3.11,222,0,0,40
2001-04-29T08:00,6.2,84,0,3.33,221,0,0,45
2001-04-29T09:00,5.7,80,0,3.34,219,0,0,45
2001-04-29T10:00,5.2,79,0,3.55,220,0,0,45
2001-04-29T11:00,4.6,81,0,3.34,219,0,0,45
2001-04-29T12:00,4.2,81,0,3.44,216,0,0,45
2001-04-29T13:00,5.2,80,0,3.52,215,0,30,50
2001-04-29T14:00,9.7,71,0,3.19,212,0,180,80
2001-04-29T15:00,14.8,55,0,2.44,199,0,376,235
2001-04-29T16:00,18.4,36,0,2.79,195,5,564,1045
2001-04-29T17:00,20,28,0,2.42,204,15,688,2445
2001-04-29T18:00,20.8,25,0,1.84,202,22,591,2970
2001-04-29T19:00,21.8,25,0,1.65,194,21,768,3360
2001-04-29T20:00,22.5,23,0,2.04,191,38,861,3715
2001-04-29T21:00,22.5,22,0,2.02,200,31,566,3890
2001-04-29T22:00,22.3,21,0,3.42,52,55,424,4540
2001-04-29T23:00,21.7,21,0,3.23,16,73,224,990
2001-04-30T00:00,19.9,29,0,3.58,330,52,161,485
2001-04-30T01:00,17.9,36,0,2.77,334,24,121,395
2001-04-30T02:00,15.3,48,0,2.33,335,29,19,180
2001-04-30T03:00,14.8,46,0,1.08,304,28,0,95
2001-04-30T04:00,11.5,57,0,1.14,285,28,0,35
2001-04-30T05:00,8.7,65,0,0.78,230,46,0,15
2001-04-30T06:00,7,70,0,0.98,204,37,0,20
2001-04-30T07:00,7.8,68,0,1.43,205,59,0,25
2001-04-30T08:00,6.7,72,0,1.8,214,16,0,25
2001-04-30T09:00,5.7,76,0,1.84,221,4,0,25
2001-04-30T10:00,5.1,75,0,2.91,221,1,0,40
2001-04-30T11:00,4.7,71,0,2.83,225,0,0,40
2001-04-30T12:00,3.9,71,0,2.83,228,0,0,40
2001-04-30T13:00,4.6,72,0,2.98,230,0,32,40
2001-04-30T14:00,9.2,64,0,2.33,239,12,184,65
2001-04-30T15:00,14.4,41,0,1.2,270,42,382,800
2001-04-30T16:00,16.3,30,0,1.56,310,71,571,1605
2001-04-30T17:00,17.7,28,0,1.36,306,81,719,2210
2001-04-30T18:00,19.1,25,0,2.02,303,68,831,2945
2001-04-30T19:00,20.5,21,0,2.9,314,71,707,3370
2001-04-30T20:00,21,20,0,2.69,338,34,624,3080
2001-04-30T21:00,21.3,20,0,2.56,339,71,599,3070
2001-04-30T22:00,21.4,20,0,2.2,39,89,590,2885
2001-04-30T23:00,21.3,20,0,1.9,72,94,483,2690
2001-05-01T00:00,20.4,24,0,2.52,97,79,265,1090
2001-05-01T01:00,18.9,31,0,1.75,103,80,131,260
2001-05-01T02:00,16.4,40,0,2.83,138,49,22,90
2001-05-01T03:00,13.6,44,0,2.2,183,6,0,50
2001-05-01T04:00,10.9,53,0,2.38,202,8,0,40
2001-05-01T05:00,9.3,57,0,2.95,208,15,0,45
2001-05-01T06:00,8.7,56,0,3.31,209,48,0,50
2001-05-01T07:00,8.2,58,0,3.62,208,96,0,60
2001-05-01T08:00,8.2,55,0,3.8,207,100,0,70
2001-05-01T09:00,8.2,53,0,3.94,204,99,0,80
2001-05-01T10:00,8,52,0,3.85,208,84,0,70
2001-05-01T11:00,7.5,54,0,3.83,213,94,0,75
2001-05-01T12:00,6.9,57,0,3.86,217,85,0,70
2001-05-01T13:00,7.3,60,0,3.8,215,57,19,75
2001-05-01T14:00,10.8,56,0,3.31,209,40,157,90
2001-05-01T15:00,16.1,45,0,2.72,186,52,349,190
2001-05-01T16:00,20.1,30,0,3.5,180,23,556,1580
2001-05-01T17:00,22.2,23,0,3.27,203,3,715,2560
2001-05-01T18:00,23.7,19,0,2.72,216,0,829,3330
2001-05-01T19:00,24.9,17,0,2.58,234,10,899,3725
2001-05-01T20:00,25.5,15,0,3.27,247,24,854,4020
2001-05-01T21:00,25.6,14,0,4.03,256,44,805,3935
2001-05-01T22:00,24.9,14,0,2.75,289,76,474,4885
2001-05-01T23:00,24.5,15,0,2.45,282,82,421,4185
2001-05-02T00:00,23.4,19,0,1.35,318,60,273,2790
2001-05-02T01:00,21.3,31,0,1.63,11,50,99,90
2001-05-02T02:00,19.1,30,0,2.33,25,67,26,150
2001-05-02T03:00,16.6,34,0,3.47,57,64,0,260
2001-05-02T04:00,13.9,41,0,2.56,59,61,0,405
2001-05-02T05:00,10.7,55,0,1.73,10,45,0,110
2001-05-02T06:00,10.1,69,0,2.33,329,61,0,95
2001-05-02T07:00,9.6,77,0,2.53,351,40,0,200
2001-05-02T08:00,9.4,84,0.2,3.1,2,60,0,450
2001-05-02T09:00,7.9,94,1.1,4.46,16,100,0,660
2001-05-02T10:00,5.6,95,1,3.89,26,100,0,545
2001-05-02T11:00,3.3,97,0.9,2.82,27,99,0,480
2001-05-02T12:00,2.2,99,0.7,1.92,9,93,0,535
2001-05-02T13:00,1.4,93,0.4,2.02,9,96,1,500
2001-05-02T14:00,1.8,91,0.5,2.09,17,95,11,495
2001-05-02T15:00,1.5,91,0.8,2.25,32,92,30,530
2001-05-02T16:00,1.4,89,0.7,2.48,40,99,26,580
2001-05-02T17:00,1.6,85,0.6,2.55,42,96,24,455
2001-05-02T18:00,2.4,77,0.4,2.84,51,100,45,605
2001-05-02T19:00,2.8,72,0.3,3.09,61,99,93,665
2001-05-02T20:00,2.7,74,0.4,3.54,61,100,40,650
2001-05-02T21:00,2.7,74,0.3,3.3,55,98,23,690
2001-05-02T22:00,2.1,77,0.4,3.06,38,100,10,560
2001-05-02T23:00,1.6,81,0.5,3.04,44,100,3,525
2001-05-03T00:00,1.3,83,0.5,2.83,48,99,8,590
2001-05-03T01:00,0.7,88,0.5,2.69,42,99,5,540
2001-05-03T02:00,0.2,92,0.5,2.37,28,98,0,445
2001-05-03T03:00,-0.3,95,0.5,2.28,23,100,0,400
2001-05-03T04:00,-0.3,95,0.5,2.12,19,100,0,330
2001-05-03T05:00,-0.4,95,0.5,1.88,25,99,0,355
2001-05-03T06:00,-0.4,94,0.6,1.88,25,98,0,300
2001-05-03T07:00,-0.7,95,0.7,1.58,18,99,0,215
2001-05-03T08:00,-0.8,96,0.6,1.61,7,100,0,245
2001-05-03T09:00,-0.8,97,0.7,1.68,17,100,0,245
2001-05-03T10:00,-0.9,97,0.8,1.66,33,100,0,135
2001-05-03T11:00,-1,98,0.8,1.66,33,100,0,175
2001-05-03T12:00,-1,98,0.8,1.89,32,99,0,205
2001-05-03T13:00,-1,97,0.8,2.16,34,99,0,290
2001-05-03T14:00,-0.9,93,0.7,2.44,35,96,8,390
2001-05-03T15:00,-0.8,91,0.6,2.77,41,99,5,465
2001-05-03T16:00,-0.5,90,0.6,2.83,42,96,15,450
2001-05-03T17:00,0,86,0.6,3.18,44,100,18,515
2001-05-03T18:00,0.2,86,0.6,3.39,45,99,72,515
2001-05-03T19:00,0.5,83,0.5,3.11,48,99,84,520
2001-05-03T20:00,0.6,85,0.5,3.05,49,97,56,510
2001-05-03T21:00,0.9,83,0.4,2.84,39,98,81,480
2001-05-03T22:00,0.8,86,0.4,2.8,360,100,33,440
2001-05-03T23:00,0.8,86,0.4,2.7,360,100,19,440
2001-05-04T00:00,0.7,89,0.4,2.45,12,100,12,395
2001-05-04T01:00,0.4,93,0.3,2.09,17,100,6,310
2001-05-04T02:00,0,97,0.3,1.5,360,99,1,190
2001-05-04T03:00,-0.1,98,0.4,1.68,343,99,0,165
2001-05-04T04:00,-0.2,99,0.4,1.93,339,99,0,200
2001-05-04T05:00,-0.3,98,0.3,1.84,319,100,0,180
2001-05-04T06:00,-0.3,97,0.3,1.61,300,99,0,165
2001-05-04T07:00,-0.8,95,0.4,1.65,284,98,0,150
2001-05-04T08:00,-0.9,95,0.3,1.12,280,100,0,115
2001-05-04T09:00,-1.1,96,0.2,1.1,275,99,0,105
2001-05-04T10:00,-1.2,96,0.2,1.8,289,100,0,130
2001-05-04T11:00,-1.1,94,0.2,1.84,283,99,0,130
2001-05-04T12:00,-1.1,93,0.2,2.06,284,100,0,140
2001-05-04T13:00,-0.8,92,0.2,1.8,273,100,5,135
2001-05-04T14:00,-0.2,90,0.2,1.22,279,100,6,135
2001-05-04T15:00,0.6,87,0.4,1.17,329,100,26,260
2001-05-04T16:00,0.8,88,1,1.99,342,100,17,360
2001-05-04T17:00,0.8,91,1.4,2.31,342,100,15,295
2001-05-04T18:00,1,92,1.5,2.33,350,100,25,295
2001-05-04T19:00,1.5,91,0.8,2.38,345,100,35,280
2001-05-04T20:00,1.4,93,0.8,2.62,342,100,19,270
2001-05-04T21:00,1.7,91,0.7,2.85,342,100,4,345
2001-05-04T22:00,1.6,93,0.8,2.35,348,100,6,255
2001-05-04T23:00,1.5,93,0.7,2.31,342,100,0,220
2001-05-05T00:00,1.4,95,0.7,2.02,327,100,0,210
2001-05-05T01:00,1,98,0.9,1.53,302,100,0,185
2001-05-05T02:00,0.7,99,1.2,1.56,310,100,0,140
2001-05-05T03:00,0.6,99,1.5,1.56,320,100,0,145
2001-05-05T04:00,0.5,100,1.5,1.5,323,100,0,145
2001-05-05T05:00,0.6,99,1.4,1.7,320,100,0,155
2001-05-05T06:00,0.8,98,1.4,2.05,317,100,0,170
2001-05-05T07:00,0.5,98,1.7,1.78,308,100,0,150
2001-05-05T08:00,0.6,98,1.8,2.39,303,100,0,170
2001-05-05T09:00,0.7,98,1.6,3.02,304,100,0,245
2001-05-05T10:00,0.9,96,1.2,3.36,307,100,0,405
2001-05-05T11:00,0.9,96,1.1,2.91,311,100,0,355
2001-05-05T12:00,0.8,97,1.3,3.55,310,100,0,385
2001-05-05T13:00,0.9,97,1.3,4.11,311,100,0,505
2001-05-05T14:00,1.1,96,1.3,4.25,319,99,0,585
2001-05-05T15:00,1.3,95,1.7,4.22,329,100,1,680
2001-05-05T16:00,1.7,94,1.7,3.72,336,100,10,745
2001-05-05T17:00,1.7,95,1.6,3.42,339,99,1,660
2001-05-05T18:00,1.5,96,1.6,2.64,335,99,2,505
2001-05-05T19:00,2.1,96,1.5,2.06,337,98,53,510
2001-05-05T20:00,2.5,94,1.7,1.46,344,99,133,455
2001-05-05T21:00,3.1,92,1.4,0.73,16,99,46,425
2001-05-05T22:00,3.2,92,0.9,0.14,135,100,4,240
2001-05-05T23:00,3.3,92,0.8,1.24,194,100,2,95
2001-05-06T00:00,2.7,93,0.5,1.75,193,100,0,100
2001-05-06T01:00,2.5,93,0.4,1.91,186,100,0,75
2001-05-06T02:00,2.4,92,0.2,2.09,197,97,0,55
2001-05-06T03:00,2.5,90,0,2.15,208,78,0,40
2001-05-06T04:00,2.1,87,0,2.22,216,52,0,35
2001-05-06T05:00,2,85,0,2.7,219,57,0,40
2001-05-06T06:00,1.3,84,0,3.11,228,69,0,45
2001-05-06T07:00,2.3,77,0,3.45,240,75,0,70
2001-05-06T08:00,3.2,72,0,3.57,252,85,0,165
2001-05-06T09:00,4,68,0,3.83,263,94,0,390
2001-05-06T10:00,4.1,64,0,3.01,266,91,0,155
2001-05-06T11:00,3.4,64,0,3.03,262,94,0,100
2001-05-06T12:00,3,63,0,2.42,246,100,0,60
2001-05-06T13:00,3.2,63,0,2.14,233,100,20,45
2001-05-06T14:00,4.4,66,0,1.7,225,98,141,30
2001-05-06T15:00,6.4,63,0,0.2,180,12,381,65
2001-05-06T16:00,5.4,68,0,1.3,67,0,585,395
2001-05-06T17:00,5.2,72,0,1.4,90,1,743,550
2001-05-06T18:00,5.8,70,0,1.84,103,0,853,620
2001-05-06T19:00,7.5,62,0,2.31,108,1,920,645
2001-05-06T20:00,7.9,62,0,2.89,104,7,799,585
2001-05-06T21:00,8.1,64,0,3.04,99,55,807,510
2001-05-06T22:00,7.6,68,0,2.5,88,80,630,505
2001-05-06T23:00,6.7,74,0,1.71,97,81,410,380
2001-05-07T00:00,5.7,80,0,2.16,103,70,152,170
2001-05-07T01:00,5.8,79,0,1.72,126,66,44,40
2001-05-07T02:00,3.9,86,0,0.7,180,24,8,15
2001-05-07T03:00,5.1,80,0.2,0.71,172,27,0,15
2001-05-07T04:00,0.6,91,0,0.89,207,22,0,20
2001-05-07T05:00,-0.6,91,0,1.52,203,10,0,25
2001-05-07T06:00,-1.6,91,0,2.2,210,20,0,25
2001-05-07T07:00,-2.5,93,0.3,2.47,212,3,0,30
2001-05-07T08:00,-2.5,93,0,2.8,215,1,0,35
2001-05-07T09:00,-2.8,92,0,2.33,223,0,0,30
2001-05-07T10:00,-4.7,92,0,1.28,231,5,0,15
2001-05-07T11:00,-5.4,90,0,1.2,270,34,0,20
2001-05-07T12:00,-3.7,86,0,0.81,277,66,0,20
2001-05-07T13:00,-2.4,89,0,1.03,241,100,19,20
2001-05-07T14:00,0.3,88,0,1.06,229,100,54,40
2001-05-07T15:00,3.1,82,0,0.67,207,85,125,180
2001-05-07T16:00,4.5,80,0,0.73,164,55,202,330
2001-05-07T17:00,6,76,0,1.2,132,15,434,405
2001-05-07T18:00,6.9,72,0,1.8,124,9,734,540
2001-05-07T19:00,7.6,65,0,2.28,128,6,793,640
2001-05-07T20:00,8.3,61,0,2.66,124,4,848,655
2001-05-07T21:00,8.6,61,0,2.95,118,6,770,560
2001-05-07T22:00,8.3,66,0,2.82,96,12,714,510
2001-05-07T23:00,7.7,72,0,2.1,115,0,561,410
2001-05-08T00:00,7.4,77,0,2.02,110,0,371,150
2001-05-08T01:00,7.3,82,0,1.52,113,0,177,45
2001-05-08T02:00,4.1,89,0,1,186,0,31,20
2001-05-08T03:00,2.2,89,0,1.84,209,0,0,30
2001-05-08T04:00,0.1,90,0,2.15,208,0,0,35
2001-05-08T05:00,-1.9,93,0,2.69,211,0,0,40
2001-05-08T06:00,-3,94,0,3.02,214,0,0,40
2001-05-08T07:00,-2.4,91,0,3.22,216,0,0,40
2001-05-08T08:00,-2.8,89,0,3.42,218,0,0,40
2001-05-08T09:00,-3.3,88,0,3.47,221,0,0,35
2001-05-08T10:00,-3.6,87,0,3.26,223,0,0,35
2001-05-08T11:00,-4,86,0,3.25,225,0,0,35
2001-05-08T12:00,-4.3,85,0,3.11,225,0,0,30
2001-05-08T13:00,-2.8,83,0,3.11,225,0,45,35
2001-05-08T14:00,1.1,80,0,2.69,225,0,205,40
2001-05-08T15:00,5.7,78,0,1.98,221,0,401,50
2001-05-08T16:00,8.6,71,0,1.39,210,0,588,90
2001-05-08T17:00,10.4,59,0,1.1,185,0,744,220
2001-05-08T18:00,11.4,49,0,2.18,164,0,854,725
2001-05-08T19:00,12,47,0,2.82,163,0,907,945
2001-05-08T20:00,12.5,46,0,2.94,162,13,893,1060
2001-05-08T21:00,15.5,37,0,2.92,158,35,834,1075
2001-05-08T22:00,15.3,38,0,2.95,118,54,661,810
2001-05-08T23:00,14.5,43,0,2.73,118,60,522,610
2001-05-09T00:00,14.7,51,0,2.34,130,50,356,310
2001-05-09T01:00,12.6,61,0,2.02,171,54,178,105
2001-05-09T02:00,10.6,67,0,2.26,193,20,33,70
2001-05-09T03:00,7.9,75,0,2.88,200,0,0,85
2001-05-09T04:00,6,78,0,3.45,210,0,0,85
2001-05-09T05:00,5.1,77,0,3.55,212,0,0,70
2001-05-09T06:00,4.5,74,0,3.52,215,0,0,55
2001-05-09T07:00,4.1,71,0,3.58,216,0,0,55
2001-05-09T08:00,3.5,71,0,3.5,217,0,0,50
2001-05-09T09:00,3,72,0,3.48,219,0,0,45
2001-05-09T10:00,2.6,72,0,3.75,224,0,0,50
2001-05-09T11:00,2.2,72,0,3.61,226,0,0,45
2001-05-09T12:00,1.8,73,0,3.54,227,0,0,40
2001-05-09T13:00,3,73,0,3.61,226,0,47,40
2001-05-09T14:00,7.2,70,0,3.32,226,0,209,50
2001-05-09T15:00,11.4,64,0,2.55,225,0,408,75
2001-05-09T16:00,17.5,43,0,1.94,215,1,597,170
2001-05-09T17:00,20.1,31,0,1.61,187,26,749,505
2001-05-09T18:00,21.5,26,0,1.61,173,60,833,1525
2001-05-09T19:00,22.5,23,0,1.36,163,88,843,2555
2001-05-09T20:00,22.8,22,0,1.61,150,88,611,2985
2001-05-09T21:00,23,22,0,1.57,153,82,550,3535
2001-05-09T22:00,23,22,0,2.4,343,98,329,890
2001-05-09T23:00,20.5,35,0.1,2.5,344,100,176,905
2001-05-10T00:00,18.8,44,0,1.1,85,34,73,160
2001-05-10T01:00,16.9,57,0,1.3,157,31,31,60
2001-05-10T02:00,15,63,0,1.52,203,16,33,30
2001-05-10T03:00,11.7,68,0,2.14,217,26,0,25
2001-05-10T04:00,8.3,79,0,2.66,214,19,0,35
2001-05-10T05:00,6.4,83,0,2.98,220,47,0,40
2001-05-10T06:00,5.9,78,0,3.19,221,31,0,45
2001-05-10T07:00,5.8,71,0,3.33,221,64,0,45
2001-05-10T08:00,5.4,69,0,3.41,220,54,0,45
2001-05-10T09:00,4.9,69,0,3.55,220,36,0,45
2001-05-10T10:00,4.6,68,0,3.47,221,68,0,40
2001-05-10T11:00,4.4,67,0,3.47,224,73,0,40
2001-05-10T12:00,4.3,67,0,3.47,226,68,0,40
2001-05-10T13:00,5.8,68,0,3.33,229,89,43,40
2001-05-10T14:00,10.5,65,0,2.8,235,92,195,55
2001-05-10T15:00,15.5,55,0,1.66,245,97,360,95
2001-05-10T16:00,19.1,42,0,0.82,284,94,529,295
2001-05-10T17:00,20.8,35,0,1.2,318,97,505,810
2001-05-10T18:00,20.9,36,0.2,0.42,315,93,325,1980
2001-05-10T19:00,21.4,29,0,0.45,297,83,399,2865
2001-05-10T20:00,22.3,28,0,1.49,318,69,617,3150
2001-05-10T21:00,22.3,27,0.1,2.28,345,54,487,2030
2001-05-10T22:00,20.1,40,0.9,2.41,355,59,457,2210
2001-05-10T23:00,19.9,40,0,1.32,351,78,231,350
2001-05-11T00:00,19.4,49,0,1.49,138,90,133,50
2001-05-11T01:00,17.7,57,0,2.35,168,93,72,110
2001-05-11T02:00,15,64,0.7,2.84,190,63,8,130
2001-05-11T03:00,13.3,66,0.6,2.52,214,25,0,70
2001-05-11T04:00,10.7,76,0,2.55,225,29,0,35
2001-05-11T05:00,7.7,89,0,2.55,228,23,0,30
2001-05-11T06:00,6.4,91,0,2.7,231,1,0,30
2001-05-11T07:00,7,76,0,2.98,230,0,0,35
2001-05-11T08:00,6.1,77,0,2.11,275,1,0,35
2001-05-11T09:00,6.4,78,0,3.29,340,42,0,185
2001-05-11T10:00,6.5,93,0.2,2.13,319,100,0,145
2001-05-11T11:00,6.9,97,0.2,2.4,315,100,0,165
2001-05-11T12:00,7.1,97,0,2,323,100,0,155
2001-05-11T13:00,7.5,95,0,1.97,330,100,8,185
2001-05-11T14:00,8.6,92,0,2,357,100,35,280
2001-05-11T15:00,9.9,86,0,1.7,28,100,109,315
2001-05-11T16:00,11.4,78,0,1.58,55,100,151,440
2001-05-11T17:00,13.4,66,0,1.43,78,100,300,690
2001-05-11T18:00,15.3,57,0,1.36,107,77,616,925
2001-05-11T19:00,15.8,54,0,1.82,99,17,449,1100
2001-05-11T20:00,17.4,49,0,2.32,97,4,825,1115
2001-05-11T21:00,18.1,48,0,2.71,94,32,807,1230
2001-05-11T22:00,18.2,48,0,2.69,135,45,631,1165
2001-05-11T23:00,17.6,49,0,2.85,162,35,386,1155
2001-05-12T00:00,17.2,51,0,1.12,153,18,291,985
2001-05-12T01:00,16.2,60,0,1.28,129,8,151,220
2001-05-12T02:00,14.5,67,0,2.25,148,5,34,95
2001-05-12T03:00,12.5,75,0,2.84,190,5,0,125
2001-05-12T04:00,11,80,0,2.51,203,6,0,110
2001-05-12T05:00,9.7,85,0,2.15,208,2,0,70
2001-05-12T06:00,8.7,88,0,2.37,208,0,0,55
2001-05-12T07:00,7.3,90,0,2.73,204,0,0,65
2001-05-12T08:00,6.8,90,0,3,206,1,0,85
2001-05-12T09:00,6.5,90,0,3.31,205,8,0,105
2001-05-12T10:00,6.3,90,0,4.02,207,23,0,145
2001-05-12T11:00,6.4,90,0,3.88,215,35,0,130
2001-05-12T12:00,6.3,89,0,3.84,219,34,0,100
2001-05-12T13:00,7.5,84,0,3.89,222,11,31,85
2001-05-12T14:00,11,75,0,3.11,222,1,182,100
2001-05-12T15:00,15.2,62,0,2.26,225,0,388,205
2001-05-12T16:00,18.1,49,0,1.7,230,0,585,405
2001-05-12T17:00,20.4,40,0,0.58,239,0,747,810
2001-05-12T18:00,22,32,0,0.57,45,2,856,1735
2001-05-12T19:00,23.5,26,0,1.25,61,4,908,2400
2001-05-12T20:00,24,24,0,1.7,62,8,889,2590
2001-05-12T21:00,24.1,24,0,2.42,60,10,821,2560
2001-05-12T22:00,23.7,24,0,2.26,77,69,667,1970
2001-05-12T23:00,23.2,21,0,1.42,129,81,446,1070
2001-05-13T00:00,20.8,42,0,1.1,185,91,174,170
2001-05-13T01:00,19,61,0,1.2,222,85,43,65
2001-05-13T02:00,17,69,0,1.35,228,33,16,30
2001-05-13T03:00,14.6,75,0,1.36,216,33,0,20
2001-05-13T04:00,12.5,78,0,1.75,211,25,0,25
2001-05-13T05:00,11.1,79,0,2.25,212,52,0,30
2001-05-13T06:00,10,80,0,2.52,214,67,0,35
2001-05-13T07:00,8.9,84,0,2.72,216,62,0,35
2001-05-13T08:00,8.4,80,0,2.84,219,33,0,40
2001-05-13T09:00,7.9,77,0,2.98,220,5,0,40
2001-05-13T10:00,7.5,74,0,3.26,223,0,0,45
2001-05-13T11:00,7.1,73,0,3.11,222,1,0,40
2001-05-13T12:00,6.8,72,0,3.19,221,1,0,40
2001-05-13T13:00,8.5,71,0,3.33,221,1,52,45
2001-05-13T14:00,13.1,67,0,2.97,222,2,212,60
2001-05-13T15:00,18.2,53,0,1.84,225,0,405,130
2001-05-13T16:00,21.4,38,0,1.25,241,10,588,425
2001-05-13T17:00,23.2,29,0,0.85,315,23,741,1220
2001-05-13T18:00,24.3,25,0,1.12,27,20,807,1330
2001-05-13T19:00,24.5,23,0,1.7,50,28,694,2720
2001-05-13T20:00,25,22,0,1.75,59,31,743,3025
2001-05-13T21:00,24.7,23,0,1.66,123,34,610,2720
2001-05-13T22:00,22.4,38,0.5,2.2,180,83,375,695
2001-05-13T23:00,21,47,0.8,2.13,229,75,381,430
2001-05-14T00:00,19.4,60,0,1.32,261,58,199,225
2001-05-14T01:00,18.5,71,0,0.5,217,25,124,35
2001-05-14T02:00,17,77,0,1.81,186,24,29,35
2001-05-14T03:00,14.3,86,0,1.61,210,25,0,30
2001-05-14T04:00,12.4,89,0,1.61,210,36,0,25
2001-05-14T05:00,11.2,87,0,2.33,211,61,0,35
2001-05-14T06:00,10.4,85,0,2.56,219,58,0,35
2001-05-14T07:00,9.5,84,0,2.62,223,63,0,35
2001-05-14T08:00,9,80,0,2.55,228,72,0,35
2001-05-14T09:00,8.6,78,0,2.56,231,80,0,35
2001-05-14T10:00,8.1,76,0,2.7,231,64,0,35
2001-05-14T11:00,7.6,77,0,2.62,230,63,0,30
2001-05-14T12:00,7.1,78,0,2.62,230,77,0,30
2001-05-14T13:00,8.5,79,0,2.7,231,59,47,35
2001-05-14T14:00,13.8,69,0,2.22,234,83,211,55
2001-05-14T15:00,18.3,50,0,1.26,252,85,401,170
2001-05-14T16:00,20.8,38,0,0.78,320,66,581,695
2001-05-14T17:00,22.2,34,0,0.94,32,21,719,1420
2001-05-14T18:00,23.2,32,0,1.48,62,12,828,2110
2001-05-14T19:00,23.8,30,0,2.09,73,22,781,2495
2001-05-14T20:00,23.9,29,0,2.21,85,46,712,2630
2001-05-14T21:00,23.4,30,0,1.6,94,59,568,2445
2001-05-14T22:00,20.8,41,0.5,0.81,173,90,251,585
2001-05-14T23:00,19.7,51,0.1,2.62,288,90,117,345
2001-05-15T00:00,18.5,59,0,2.6,286,81,74,360
2001-05-15T01:00,17.5,67,0,2.2,240,85,68,210
2001-05-15T02:00,16.2,72,0,1.92,219,87,17,95
2001-05-15T03:00,14.2,80,0,2.05,223,68,0,40
2001-05-15T04:00,12.1,88,0,2.19,227,52,0,35
2001-05-15T05:00,10.9,88,0,2.48,227,40,0,35
2001-05-15T06:00,10.1,87,0,2.76,224,22,0,40
2001-05-15T07:00,8.9,91,0,2.9,224,17,0,40
2001-05-15T08:00,8.2,91,0,2.9,226,12,0,40
2001-05-15T09:00,7.5,91,0,3.04,224,14,0,40
2001-05-15T10:00,7,90,0,3.41,220,70,0,45
2001-05-15T11:00,6.4,90,0,3.32,224,74,0,45
2001-05-15T12:00,6,89,0,3.32,224,89,0,40
2001-05-15T13:00,7.5,87,0,3.47,224,88,43,45
2001-05-15T14:00,12.2,78,0,2.92,218,64,200,70
2001-05-15T15:00,17.2,61,0,2.06,203,88,371,230
2001-05-15T16:00,20.1,40,0,1.94,215,93,461,1090
2001-05-15T17:00,22.1,32,0,1.36,253,86,569,1365
2001-05-15T18:00,23.4,29,0,0.63,342,85,562,1805
2001-05-15T19:00,24.8,26,0,1.12,27,71,903,2540
2001-05-15T20:00,24.9,26,0,1.35,42,51,718,2635
2001-05-15T21:00,25.5,25,0,1.5,37,65,810,2780
2001-05-15T22:00,25.5,25,0,2.2,30,51,614,2525
2001-05-15T23:00,25.2,26,0,1.53,32,65,455,1645
2001-05-16T00:00,24.3,32,0,0.45,63,62,298,170
2001-05-16T01:00,22.9,40,0,0.41,256,24,115,15
2001-05-16T02:00,21.5,42,0,1.53,259,38,29,25
2001-05-16T03:00,20,40,0,1.46,254,55,0,30
2001-05-16T04:00,15.7,54,0,1.89,238,8,0,20
2001-05-16T05:00,12.8,65,0,1.91,227,2,0,20
2001-05-16T06:00,11.5,69,0,2.34,220,34,0,25
2001-05-16T07:00,10.3,79,0,2.7,219,17,0,35
2001-05-16T08:00,10.2,74,0,2.92,218,0,0,40
2001-05-16T09:00,9.6,73,0,3.12,220,0,0,40
2001-05-16T10:00,9.2,71,0,3.11,225,38,0,40
2001-05-16T11:00,8.7,70,0,3.18,226,45,0,40
2001-05-16T12:00,8.4,71,0,3.11,225,66,0,40
2001-05-16T13:00,9.9,70,0,2.97,225,80,55,45
2001-05-16T14:00,14.6,64,0,2.3,236,96,209,60
2001-05-16T15:00,19.4,49,0,1.02,259,88,314,130
2001-05-16T16:00,22.1,36,0,0.81,30,88,383,460
2001-05-16T17:00,22.8,30,0,2.12,45,81,278,845
2001-05-16T18:00,23.2,31,0,2.69,48,90,356,1840
2001-05-16T19:00,22.5,33,0,2.39,57,83,527,2150
2001-05-16T20:00,22.4,34,0,2.42,97,73,315,2330
2001-05-16T21:00,23.4,34,0,3,116,76,663,2345
2001-05-16T22:00,23.2,35,0,2.06,76,86,477,2435
2001-05-16T23:00,21.2,46,0.6,1.03,119,97,364,1040
2001-05-17T00:00,19.7,58,0.1,1.96,165,91,158,400
2001-05-17T01:00,18.7,68,0,1.28,141,59,89,255
2001-05-17T02:00,16.3,81,0,1.9,183,48,31,55
2001-05-17T03:00,14.9,81,0,1.65,194,29,0,50
2001-05-17T04:00,13.5,86,0,2.18,196,39,0,85
2001-05-17T05:00,12.8,85,0,2.57,193,37,0,120
2001-05-17T06:00,12.6,82,0.3,2.94,198,19,0,130
2001-05-17T07:00,11.7,82,0,3.05,203,27,0,110
2001-05-17T08:00,11.1,82,0,2.88,214,57,0,85
2001-05-17T09:00,10.5,82,0,2.69,222,79,0,55
2001-05-17T10:00,10.2,81,0,2.8,215,94,0,50
2001-05-17T11:00,10.1,81,0,2.33,227,97,0,45
2001-05-17T12:00,10.3,80,0,1.6,266,99,0,50
2001-05-17T13:00,10.6,84,0,2.01,333,99,6,110
2001-05-17T14:00,13.1,74,0,3,358,99,90,260
2001-05-17T15:00,14.2,67,0,2.9,358,100,225,500
2001-05-17T16:00,14.7,67,0,2.6,360,100,438,525
2001-05-17T17:00,14.6,68,0.2,2.5,2,100,348,605
2001-05-17T18:00,14,70,0.2,2.12,19,100,167,465
2001-05-17T19:00,11.4,95,0.7,2.06,39,100,1,475
2001-05-17T20:00,11.7,92,0.5,2.44,55,100,32,475
2001-05-17T21:00,12.5,88,0.4,2.77,64,99,120,435
2001-05-17T22:00,12.9,86,0.2,3.14,99,96,87,425
2001-05-17T23:00,12.1,88,0.2,3.32,97,94,38,380
2001-05-18T00:00,11.6,94,0.8,2.32,83,98,10,290
2001-05-18T01:00,10.9,98,1.6,1.25,61,100,7,265
2001-05-18T02:00,10.4,99,2.6,1.44,34,100,2,185
2001-05-18T03:00,10,100,2.2,1.79,27,100,0,140
2001-05-18T04:00,9.7,99,0.6,1.21,66,99,0,150
2001-05-18T05:00,9.4,99,0.4,1.06,139,97,0,125
2001-05-18T06:00,9.3,100,0.3,2.61,176,98,0,180
2001-05-18T07:00,9.4,99,0.3,3.26,191,59,0,180
2001-05-18T08:00,8.6,98,0,2.97,200,38,0,115
2001-05-18T09:00,7.7,96,0,2.64,209,13,0,90
2001-05-18T10:00,7,96,0,3.25,225,30,0,115
2001-05-18T11:00,6.5,97,0,2.92,232,22,0,95
2001-05-18T12:00,5.7,97,0,2.77,229,20,0,75
2001-05-18T13:00,7.1,96,0,2.62,230,11,48,75
2001-05-18T14:00,10.3,92,0,1.84,229,0,185,115
2001-05-18T15:00,13.5,72,0,1,233,0,357,270
2001-05-18T16:00,16,55,0,0.28,315,1,581,940
2001-05-18T17:00,17.9,46,0,1.06,41,9,740,1455
2001-05-18T18:00,19.1,41,0,1.2,48,25,812,1740
2001-05-18T19:00,19.8,33,0,1.24,76,23,806,1935
2001-05-18T20:00,20.6,33,0,1.6,86,25,854,2055
2001-05-18T21:00,21,32,0,2.22,82,35,714,2040
2001-05-18T22:00,21.1,32,0,2.79,75,52,583,1660
2001-05-18T23:00,20.6,33,0.1,2.28,67,47,418,1410
2001-05-19T00:00,19.9,37,0,2.12,71,45,290,620
2001-05-19T01:00,18.8,45,0,2.12,82,14,168,410
2001-05-19T02:00,17.2,51,0,2.14,101,12,41,130
2001-05-19T03:00,14.5,64,0,2.15,112,12,0,75
2001-05-19T04:00,13.6,64,0,1.68,163,16,0,65
2001-05-19T05:00,11.4,75,0,1.08,202,50,0,55
2001-05-19T06:00,10.4,79,0,0.92,221,68,0,30
2001-05-19T07:00,11.5,76,0,0.94,238,89,0,25
2001-05-19T08:00,10.2,82,0,1,217,92,0,25
2001-05-19T09:00,8.5,88,0,1.44,214,80,0,30
2001-05-19T10:00,7.9,91,0,1.36,234,78,0,30
2001-05-19T11:00,7.8,91,0,1.36,234,51,0,40
2001-05-19T12:00,8.2,88,0,1.08,236,53,0,35
2001-05-19T13:00,9.4,86,0.3,1.21,246,100,22,40
2001-05-19T14:00,11.1,88,0.6,1.48,298,100,91,130
2001-05-19T15:00,11.7,88,0.7,2.19,336,99,90,290
2001-05-19T16:00,11.9,86,0.4,2.81,4,97,85,315
2001-05-19T17:00,12.2,83,0,2.72,17,98,97,295
2001-05-19T18:00,14.1,74,0,2.88,20,100,318,375
2001-05-19T19:00,12.1,84,0.7,2.33,25,100,19,330
2001-05-19T20:00,12.5,84,0.6,1.63,43,100,145,330
2001-05-19T21:00,12.5,83,1,1.26,18,100,58,295
2001-05-19T22:00,12.9,80,0.1,1.12,63,100,80,605
2001-05-19T23:00,14,72,0,0.28,45,99,104,615
2001-05-20T00:00,13.9,71,0,0.32,72,100,36,490
2001-05-20T01:00,13.3,76,0,1.2,138,100,11,300
2001-05-20T02:00,12.6,83,0,1.06,139,100,8,95
2001-05-20T03:00,11.2,90,0,1.17,200,98,0,35
2001-05-20T04:00,10.2,91,0,1.36,216,96,0,40
2001-05-20T05:00,9.3,93,0,1.92,219,96,0,40
2001-05-20T06:00,8.1,94,0,2.4,225,97,0,45
2001-05-20T07:00,7.8,91,0,2.7,231,98,0,45
2001-05-20T08:00,6.9,90,0,3,233,67,0,50
2001-05-20T09:00,6.3,87,0,3.22,234,29,0,55
2001-05-20T10:00,5.8,84,0,3.26,230,5,0,45
2001-05-20T11:00,5.3,81,0,3.06,232,2,0,40
2001-05-20T12:00,5,80,0,3.06,232,0,0,40
2001-05-20T13:00,6.9,77,0,3.18,224,0,62,45
2001-05-20T14:00,11.8,65,0,2.5,217,1,228,80
2001-05-20T15:00,15.6,48,0,1.35,228,0,427,290
2001-05-20T16:00,18.1,37,0,1.34,333,0,614,1300
2001-05-20T17:00,19.7,32,0,1.4,360,0,761,1780
2001-05-20T18:00,20.8,30,0,1.8,341,22,852,2475
2001-05-20T19:00,21.6,30,0,2.15,338,35,880,3215
2001-05-20T20:00,22.2,26,0,2.64,331,55,729,3680
2001-05-20T21:00,22,24,0,3.68,317,78,520,3740
2001-05-20T22:00,20.5,28,0,5.2,23,34,309,1575
2001-05-20T23:00,18.7,34,0.3,8.43,34,91,244,1070
2001-05-21T00:00,10.4,76,1.3,6.52,21,99,128,830
2001-05-21T01:00,4.9,89,1.7,4.41,13,99,20,955
2001-05-21T02:00,2.5,99,1.8,2.47,14,98,2,965
2001-05-21T03:00,1.2,99,2.2,1.55,15,100,0,815
2001-05-21T04:00,0.8,98,2.2,1.65,346,98,0,630
2001-05-21T05:00,0.7,95,1.2,2.06,321,90,0,510
2001-05-21T06:00,0.8,90,0.5,1.92,298,100,0,390
2001-05-21T07:00,0.2,81,0.2,1.97,300,100,0,310
2001-05-21T08:00,-0.1,84,0,2.33,329,87,0,400
2001-05-21T09:00,-0.1,82,0,1.77,344,29,0,275
2001-05-21T10:00,0.5,81,0,1.03,299,61,0,235
2001-05-21T11:00,0.4,79,0,1.66,245,40,0,90
2001-05-21T12:00,-1.2,84,0,2.19,223,15,0,55
2001-05-21T13:00,0.3,81,0,1.7,230,6,56,80
2001-05-21T14:00,2.4,67,0,1.41,278,19,203,615
2001-05-21T15:00,0.5,61,0,3.58,337,47,404,1740
2001-05-21T16:00,3.1,50,0,4.75,345,35,557,1775
2001-05-21T17:00,4.4,45,0,4.46,351,77,678,2330
2001-05-21T18:00,6.4,38,0,4.12,354,91,645,2485
2001-05-21T19:00,6.8,37,0,3.55,350,83,427,2795
2001-05-21T20:00,7.9,34,0,3.35,350,97,689,2925
2001-05-21T21:00,8.9,33,0,3.01,356,99,562,2880
2001-05-21T22:00,9.5,32,0,1.49,42,48,447,1995
2001-05-21T23:00,9.7,32,0,2.15,28,71,379,1820
2001-05-22T00:00,9.5,33,0,2.2,39,51,277,1190
2001-05-22T01:00,11,33,0,1.17,70,28,106,460
2001-05-22T02:00,9.6,50,0,1.58,162,14,47,45
2001-05-22T03:00,4.7,59,0,1.97,210,18,0,35
2001-05-22T04:00,2.1,65,0,1.91,223,25,0,35
2001-05-22T05:00,1.4,65,0,2.2,219,29,0,40
2001-05-22T06:00,1.4,59,0,3.06,218,27,0,50
2001-05-22T07:00,0.4,61,0,3.26,223,23,0,55
2001-05-22T08:00,-0.1,64,0,2.77,229,46,0,45
2001-05-22T09:00,-0.7,67,0,2.3,236,41,0,40
2001-05-22T10:00,-1,68,0,2.22,234,18,0,40
2001-05-22T11:00,-1.2,69,0,2.42,232,8,0,40
2001-05-22T12:00,-1.3,69,0,2.62,230,0,1,40
2001-05-22T13:00,0.4,71,0,2.91,229,0,64,45
2001-05-22T14:00,4.4,66,0,2.56,231,0,231,70
2001-05-22T15:00,10.7,48,0,1.8,236,0,424,305
2001-05-22T16:00,13.7,36,0,1.94,282,0,605,1600
2001-05-22T17:00,15.5,33,0,2.86,324,0,756,2170
2001-05-22T18:00,16.8,31,0,3.73,340,22,863,2630
2001-05-22T19:00,18.2,26,0,4.87,341,96,741,2975
2001-05-22T20:00,18.4,26,0,3.8,360,74,409,2895
2001-05-22T21:00,18.7,26,0,3.82,354,52,541,2625
2001-05-22T22:00,18.8,26,0,3.45,17,49,482,2470
2001-05-22T23:00,18.7,25,0,2.92,22,58,388,1720
2001-05-23T00:00,18,30,0,1.97,24,55,234,1135
2001-05-23T01:00,16.7,36,0,1.27,45,31,131,90
2001-05-23T02:00,14.7,49,0,0.9,90,2,46,25
2001-05-23T03:00,14.8,36,0,0.78,140,0,0,20
2001-05-23T04:00,10.8,50,0,1.61,173,0,0,25
2001-05-23T05:00,7.8,61,0,1.62,202,0,0,25
2001-05-23T06:00,6.5,66,0,1.25,209,0,0,20
2001-05-23T07:00,4.2,81,0,1.22,215,0,0,15
2001-05-23T08:00,3.2,86,0,1.35,222,0,0,15
2001-05-23T09:00,2.8,87,0,1.42,231,0,0,20
2001-05-23T10:00,2.6,85,0,1.98,229,0,0,25
2001-05-23T11:00,2.7,80,0,2.55,228,0,0,35
2001-05-23T12:00,2.9,75,0,2.84,231,0,1,35
2001-05-23T13:00,5.1,73,0,3,233,0,64,40
2001-05-23T14:00,10.3,67,0,2.37,242,0,230,55
2001-05-23T15:00,15.6,49,0,1.3,270,0,422,570
2001-05-23T16:00,18.2,33,0,2.06,337,1,604,2295
2001-05-23T17:00,19.4,28,0,2.82,343,22,698,2635
2001-05-23T18:00,20.5,26,0,3.9,337,42,805,2930
2001-05-23T19:00,21,24,0,5.16,338,43,808,2960
2001-05-23T20:00,21.3,23,0,5.54,340,55,573,3045
2001-05-23T21:00,21.7,21,0,6.01,342,71,575,3080
2001-05-23T22:00,21.5,20,0,4.41,4,53,484,2485
2001-05-23T23:00,20.7,23,0,4,3,71,316,2445
2001-05-24T00:00,19.4,31,0.1,2.84,350,69,245,905
2001-05-24T01:00,18.3,34,0,1.8,34,39,169,515
2001-05-24T02:00,16.5,35,0,3.14,22,26,43,760
2001-05-24T03:00,13.9,43,0,0.85,315,24,0,75
2001-05-24T04:00,13.7,40,0,0.91,264,3,0,20
2001-05-24T05:00,13.7,37,0,0.81,150,0,0,20
2001-05-24T06:00,12.8,39,0,2.15,112,0,0,135
2001-05-24T07:00,11.5,43,0,0.9,180,5,0,20
2001-05-24T08:00,8.5,56,0,1.3,247,2,0,20
2001-05-24T09:00,5.7,69,0,1.26,252,2,0,20
2001-05-24T10:00,4.2,78,0,1.52,247,0,0,20
2001-05-24T11:00,3.5,83,0,1.72,234,0,0,20
2001-05-24T12:00,3,86,0,1.44,236,0,1,20
2001-05-24T13:00,5.4,87,0,1.57,243,0,65,20
2001-05-24T14:00,11.5,65,0,0.95,288,0,231,255
2001-05-24T15:00,14.3,45,0,1.58,18,0,423,715
2001-05-24T16:00,15.8,40,0,2.19,24,6,605,1005
2001-05-24T17:00,17.1,36,0,2.46,27,8,753,1340
2001-05-24T18:00,18.2,35,0,3.52,15,28,854,1950
2001-05-24T19:00,18.8,33,0,4.11,18,30,809,2115
2001-05-24T20:00,19.3,33,0,4.28,11,39,704,2505
2001-05-24T21:00,20.1,29,0,4.41,4,40,721,2705
2001-05-24T22:00,20.7,26,0,4.27,16,42,490,2890
2001-05-24T23:00,20.9,23,0,4.65,19,51,529,2670
2001-05-25T00:00,19.1,30,0,4.18,42,58,331,1345
2001-05-25T01:00,16.7,37,0,3.64,53,10,202,905
2001-05-25T02:00,14.9,48,0,2.27,49,4,52,230
2001-05-25T03:00,12.6,53,0,0.85,315,2,0,20
2001-05-25T04:00,10.9,58,0,0.73,254,0,0,15
2001-05-25T05:00,9.1,66,0,1.14,232,0,0,20
2001-05-25T06:00,7.6,74,0,0.99,225,0,0,20
2001-05-25T07:00,7.2,71,0,1.06,221,0,0,15
2001-05-25T08:00,5.3,82,0,1.2,222,0,0,15
2001-05-25T09:00,4.5,87,0,1.35,222,1,0,15
2001-05-25T10:00,4.1,87,0,1.77,227,3,0,25
2001-05-25T11:00,3.6,88,0,1.84,229,3,0,25
2001-05-25T12:00,3.3,88,0,2.05,227,0,1,30
2001-05-25T13:00,5.9,85,0,2.33,227,0,66,35
2001-05-25T14:00,11.3,65,0,1.63,227,1,231,70
2001-05-25T15:00,14.8,49,0,0.36,214,13,422,235
2001-05-25T16:00,17,41,0,1.52,23,35,601,850
2001-05-25T17:00,18.2,36,0,2.42,24,43,676,1820
2001-05-25T18:00,18.8,35,0,2.56,39,56,615,2010
2001-05-25T19:00,20,34,0,2.97,45,43,619,2165
2001-05-25T20:00,19.2,40,0.8,3.33,41,54,712,1055
2001-05-25T21:00,19.7,36,0,3.22,64,53,500,1340
2001-05-25T22:00,19.5,37,0,2.7,51,56,575,1170
2001-05-25T23:00,19.3,38,0,1.49,20,58,463,1125
2001-05-26T00:00,18.6,41,0,1.82,81,25,323,800
2001-05-26T01:00,17.5,47,0,1.53,101,11,140,315
2001-05-26T02:00,16.1,58,0,1.39,120,28,35,45
2001-05-26T03:00,14.5,61,0,0.95,198,64,0,20
2001-05-26T04:00,11.4,73,0,1.5,217,77,0,30
2001-05-26T05:00,9.9,80,0,1.3,212,53,0,20
2001-05-26T06:00,9,83,0,1.5,217,10,0,20
2001-05-26T07:00,7.7,90,0,1.8,214,12,0,20
2001-05-26T08:00,7.1,90,0,1.94,215,47,0,25
2001-05-26T09:00,6.7,89,0,2,217,62,0,30
2001-05-26T10:00,6.5,89,0,2.19,227,62,0,35
2001-05-26T11:00,6.4,88,0,2.33,223,38,0,35
2001-05-26T12:00,6,88,0,2.48,227,7,0,35
2001-05-26T13:00,8.2,84,0,2.41,228,1,63,40
2001-05-26T14:00,13.5,68,0,1.44,236,0,225,75
2001-05-26T15:00,16.6,53,0,0.3,360,0,414,365
2001-05-26T16:00,18.2,49,0,1.66,57,1,591,705
2001-05-26T17:00,19,46,0,2.95,62,10,664,1040
2001-05-26T18:00,19.8,44,0,3.04,63,50,725,1230
2001-05-26T19:00,19.8,46,0.6,3.24,81,47,754,1285
2001-05-26T20:00,20.9,42,0,2.91,74,77,741,1095
2001-05-26T21:00,20.4,42,0.6,2.7,88,78,432,1150
2001-05-26T22:00,18.7,53,0.6,2.88,20,62,265,1395
2001-05-26T23:00,18.1,54,0.2,1.75,13,80,281,930
2001-05-27T00:00,17.4,57,0,0.41,76,95,67,420
2001-05-27T01:00,16.2,66,0.2,0.94,122,82,46,185
2001-05-27T02:00,15,72,0,1.53,101,89,15,45
2001-05-27T03:00,13.6,80,0,1,90,92,0,40
2001-05-27T04:00,12.1,86,0,1.2,318,100,0,50
2001-05-27T05:00,11,90,0,0.73,254,98,0,30
2001-05-27T06:00,10.1,91,0,1.8,214,97,0,40
2001-05-27T07:00,9.7,93,0,2.52,214,81,0,60
2001-05-27T08:00,8.9,94,0,3.05,212,87,0,75
2001-05-27T09:00,8.6,93,0,3.41,212,86,0,80
2001-05-27T10:00,8.1,94,0,2.61,212,82,0,40
2001-05-27T11:00,7.6,94,0,2.83,212,86,0,40
2001-05-27T12:00,7.3,94,0,3.08,216,81,0,45
2001-05-27T13:00,8.8,93,0,2.86,216,86,41,50
2001-05-27T14:00,12.8,86,0,2.2,219,92,180,80
2001-05-27T15:00,16.4,71,0,1.42,219,75,357,240
2001-05-27T16:00,19.2,56,0,0.81,210,52,528,550
2001-05-27T17:00,21,48,0,0.5,127,49,682,1290
2001-05-27T18:00,20.5,52,0.9,1.27,45,32,823,2870
2001-05-27T19:00,22.8,37,0,2.8,35,42,687,2320
2001-05-27T20:00,20.9,48,1.2,3.08,36,73,555,720
2001-05-27T21:00,22,42,0,2.94,55,93,598,925
2001-05-27T22:00,19.8,49,0.1,3.52,55,82,457,900
2001-05-27T23:00,18.1,59,0.9,4.39,43,90,290,905
2001-05-28T00:00,17.1,60,0,2.78,52,53,126,770
2001-05-28T01:00,16.2,62,0,2.06,39,29,62,755
2001-05-28T02:00,15.1,68,0,1.84,41,45,46,295
2001-05-28T03:00,13.4,78,0,1.36,73,52,0,70
2001-05-28T04:00,12.3,81,0,1.26,72,34,0,65
2001-05-28T05:00,11,86,0,1.77,106,65,0,130
2001-05-28T06:00,10,88,0,1.97,120,99,0,165
2001-05-28T07:00,12,84,0,1.9,162,100,0,140
2001-05-28T08:00,11.2,89,0,1.55,195,100,0,115
2001-05-28T09:00,11,90,0,1.7,177,100,0,100
2001-05-28T10:00,10.6,91,0,2,183,97,0,90
2001-05-28T11:00,10.2,92,0,2.18,196,99,0,105
2001-05-28T12:00,9.8,91,0,2.38,202,100,0,95
2001-05-28T13:00,10.8,87,0,2.79,201,100,29,150
2001-05-28T14:00,13.8,76,0,2.69,195,99,111,265
2001-05-28T15:00,15.8,67,0,2.67,193,96,145,390
2001-05-28T16:00,18,57,0,2.26,193,95,233,570
2001-05-28T17:00,20,49,0,1.81,174,76,327,770
2001-05-28T18:00,21.8,44,0,1.52,157,95,472,1115
2001-05-28T19:00,22.7,42,0,1.79,117,97,562,1565
2001-05-28T20:00,22.9,41,0,2.08,145,95,503,1605
2001-05-28T21:00,22.3,43,0,1.7,140,91,295,1380
2001-05-28T22:00,20.9,48,0.3,1.56,135,96,297,450
2001-05-28T23:00,18.7,60,0.6,0.36,214,96,127,220
2001-05-29T00:00,18.4,65,0.2,1.3,337,100,106,235
2001-05-29T01:00,17.2,73,0,1.43,348,98,71,175
2001-05-29T02:00,14.6,85,2.9,1.75,347,98,25,175
2001-05-29T03:00,13.3,88,0,2.4,2,100,0,200
2001-05-29T04:00,12.4,91,0,0.4,360,96,0,95
2001-05-29T05:00,10.7,95,0,0.51,169,92,0,20
2001-05-29T06:00,9.4,96,0,0.32,162,76,0,35
2001-05-29T07:00,9.9,100,0,0.67,207,62,0,35
2001-05-29T08:00,10.4,99,0,1.42,219,68,0,45
2001-05-29T09:00,10,99,0,2.13,229,82,0,60
2001-05-29T10:00,9,99,0,1.92,231,63,0,45
2001-05-29T11:00,8.2,98,0,2.62,223,84,0,60
2001-05-29T12:00,7.9,98,0,2.76,224,95,1,65
2001-05-29T13:00,8.8,97,0,2.69,222,84,38,75
2001-05-29T14:00,11.6,92,0,1.98,225,90,138,100
2001-05-29T15:00,14.1,76,0,1.17,239,91,199,185
2001-05-29T16:00,16,70,0,0.2,270,92,314,400
2001-05-29T17:00,18.4,57,0,0.72,56,74,450,1100
2001-05-29T18:00,20.1,49,0,1.14,52,42,654,2160
2001-05-29T19:00,21.9,33,0,1.79,27,49,760,2945
2001-05-29T20:00,21.1,36,0.1,3.14,329,82,634,2125
2001-05-29T21:00,17.3,58,1.4,2.5,286,100,254,540
2001-05-29T22:00,17.3,58,0,2.04,191,99,60,330
2001-05-29T23:00,18.4,51,0,2.18,164,97,151,345
2001-05-30T00:00,18,54,0,0.51,101,97,71,400
2001-05-30T01:00,17.5,60,0,0.51,101,95,73,210
2001-05-30T02:00,16.5,74,0,0.1,90,92,39,30
2001-05-30T03:00,14.4,77,0,1.49,222,84,0,30
2001-05-30T04:00,12.8,78,0,1.56,220,85,0,25
2001-05-30T05:00,11.2,81,0,1.72,216,64,0,30
2001-05-30T06:00,10.5,78,0,1.7,220,25,0,35
2001-05-30T07:00,9,85,0,1.66,237,4,0,30
2001-05-30T08:00,8.5,84,0,1.96,255,6,0,30
2001-05-30T09:00,8.4,83,0,1.7,273,18,0,45
2001-05-30T10:00,8.7,85,0,0.78,310,23,0,40
2001-05-30T11:00,8,90,0,0.45,27,39,0,35
2001-05-30T12:00,7.9,92,0,0,270,59,1,20
2001-05-30T13:00,9.9,90,0,1.71,277,64,32,60
2001-05-30T14:00,11.8,82,0,1.35,318,69,77,190
2001-05-30T15:00,12.5,86,0.1,1.51,8,60,95,485
2001-05-30T16:00,13,87,0.3,2.55,26,56,150,715
2001-05-30T17:00,13.7,89,0.3,3.3,35,98,195,945
2001-05-30T18:00,13.7,89,0.4,2.78,38,100,168,855
2001-05-30T19:00,14.3,86,0.4,2.46,27,97,191,975
2001-05-30T20:00,15.3,80,0.3,2.12,19,90,299,1060
2001-05-30T21:00,15.4,68,0,1.7,28,75,270,1145
2001-05-30T22:00,16,63,0,1.58,35,89,404,1040
2001-05-30T23:00,16.1,60,0,3.11,4,93,354,1140
2001-05-31T00:00,15.8,59,0,1.7,360,96,206,435
2001-05-31T01:00,14.2,68,0.3,0.58,149,85,86,265
2001-05-31T02:00,13.5,71,0,1.22,215,61,27,135
2001-05-31T03:00,12.3,78,0,1.72,216,47,0,45
2001-05-31T04:00,11.3,83,0,1.35,222,25,0,35
2001-05-31T05:00,10.2,89,0,1.42,219,28,0,25
2001-05-31T06:00,9.1,93,0,1.58,215,35,0,25
2001-05-31T07:00,7.8,92,0,1.8,214,14,0,30
2001-05-31T08:00,7,93,0,2.16,214,20,0,30
2001-05-31T09:00,6.6,94,0,2.5,217,4,0,35
2001-05-31T10:00,6.3,93,0,2.5,217,12,0,40
2001-05-31T11:00,5.9,94,0,2.62,220,34,0,45
2001-05-31T12:00,5.4,95,0,2.76,224,43,1,45
2001-05-31T13:00,7.5,94,0,2.69,228,15,64,55
2001-05-31T14:00,11.8,85,0,1.8,236,22,222,105
2001-05-31T15:00,15.3,64,0,1,270,5,423,265
2001-05-31T16:00,17.9,49,0,1.55,345,25,599,1210
2001-05-31T17:00,19.4,38,0,2.82,6,52,710,1870
2001-05-31T18:00,20.1,36,0,3.1,15,38,744,1980
2001-05-31T19:00,20,38,0,3.05,23,31,771,2155
2001-05-31T20:00,20.3,40,0,2.87,29,42,775,2050
2001-05-31T21:00,20.5,41,0,2.51,29,36,652,2150
2001-05-31T22:00,18.3,54,1.3,3.18,46,22,497,1025
2001-05-31T23:00,18.8,49,0,1.91,43,29,394,1310
2001-06-01T00:00,18.5,50,0,1.99,72,21,328,1090
2001-06-01T01:00,17.7,54,0,2.11,85,8,140,520
2001-06-01T02:00,16.7,60,0,1.81,96,1,56,145
2001-06-01T03:00,14.5,69,0,1.72,144,0,1,40
2001-06-01T04:00,12.1,81,0,1.32,189,2,0,25
2001-06-01T05:00,10.6,85,0,1.55,195,0,0,35
2001-06-01T06:00,9.9,85,0,2.21,198,28,0,50
2001-06-01T07:00,9.6,85,0,2.64,205,33,0,70
2001-06-01T08:00,9.1,83,0,2.42,218,52,0,65
2001-06-01T09:00,8.5,82,0,2.11,239,47,0,50
2001-06-01T10:00,7.5,83,0,2.2,240,50,0,45
2001-06-01T11:00,6.9,84,0,2.44,235,27,0,40
2001-06-01T12:00,6.4,83,0,2.48,230,32,1,35
2001-06-01T13:00,8.3,81,0,2.55,228,37,66,40
2001-06-01T14:00,13.2,67,0,1.78,232,25,219,75
2001-06-01T15:00,17.4,49,0,0.64,231,34,415,270
2001-06-01T16:00,20.1,39,0,0.5,360,48,593,1485
2001-06-01T17:00,21.6,33,0,1.44,34,70,750,2050
2001-06-01T18:00,22.8,31,0,1.39,30,32,861,2225
2001-06-01T19:00,23,30,0,1.56,40,20,811,2225
2001-06-01T20:00,23.5,29,0,1.91,43,41,739,1990
2001-06-01T21:00,23.9,29,0,2.55,48,38,775,1665
2001-06-01T22:00,23.7,29,0,3.18,62,42,614,1485
2001-06-01T23:00,23.2,31,0,3.04,73,24,516,1210
2001-06-02T00:00,22.4,35,0,3.16,79,20,354,830
2001-06-02T01:00,20.8,45,0,2.18,74,6,193,395
2001-06-02T02:00,19.3,57,0,1.53,79,2,62,65
2001-06-02T03:00,17.1,59,0,1.12,207,0,1,20
2001-06-02T04:00,14.2,69,0,1.3,212,0,0,25
2001-06-02T05:00,12.6,75,0,0.71,188,0,0,25
2001-06-02T06:00,11.2,80,0,0.22,207,0,0,40
2001-06-02T07:00,11.3,74,0,0.67,297,0,0,50
2001-06-02T08:00,9.9,79,0,0.98,246,0,0,35
2001-06-02T09:00,8.3,85,0,1.28,219,0,0,30
2001-06-02T10:00,7.4,88,0,2.59,208,0,0,50
2001-06-02T11:00,7.3,85,0,3.35,207,0,0,90
2001-06-02T12:00,7.5,80,0,3.81,210,0,1,110
2001-06-02T13:00,9.9,73,0,4.05,213,0,72,120
2001-06-02T14:00,14.5,61,0,3.3,215,0,239,135
2001-06-02T15:00,18.7,48,0,2.5,217,0,430,215
2001-06-02T16:00,21.9,39,0,1.88,205,0,611,385
2001-06-02T17:00,24.8,29,0,1.75,204,7,761,1110
2001-06-02T18:00,26.9,21,0,2.2,219,23,856,3345
2001-06-02T19:00,28,15,0,2.97,222,40,825,4090
2001-06-02T20:00,28.3,14,0,3.28,218,41,586,4320
2001-06-02T21:00,28.6,14,0,3.31,209,24,600,4420
2001-06-02T22:00,28.4,15,0,1.91,174,60,541,5075
2001-06-02T23:00,27,21,0.1,1.9,183,99,349,2690
2001-06-03T00:00,24.5,32,0.1,1.86,126,82,88,230
2001-06-03T01:00,22.9,41,0,1.28,129,79,78,195
2001-06-03T02:00,21.2,44,0,0.76,157,75,41,40
2001-06-03T03:00,18.6,52,0,1.02,259,56,0,20
2001-06-03T04:00,15.4,61,0,1.92,261,85,0,30
2001-06-03T05:00,13.1,67,0,1.61,240,97,0,20
2001-06-03T06:00,11.8,68,0,1.63,227,82,0,20
2001-06-03T07:00,10.6,84,0,2.05,223,78,0,20
2001-06-03T08:00,9.8,81,0,2.12,225,60,0,25
2001-06-03T09:00,9.5,77,0,1.57,243,65,0,20
2001-06-03T10:00,9.6,75,0,1.72,306,85,0,65
2001-06-03T11:00,9.9,77,0,1.44,326,96,0,90
2001-06-03T12:00,10.1,82,0,1.44,326,98,0,80
2001-06-03T13:00,11.2,82,0,1.64,322,99,20,85
2001-06-03T14:00,13.4,74,0,1.7,357,99,66,180
2001-06-03T15:00,16.2,58,0,1.57,27,99,164,280
2001-06-03T16:00,17.7,53,0,1.22,55,93,177,425
2001-06-03T17:00,20.1,44,0,1.25,61,55,368,705
2001-06-03T18:00,22,38,0,1.94,78,23,519,1035
2001-06-03T19:00,21.1,51,0,2.82,84,24,767,1360
2001-06-03T20:00,21,52,0.3,2.98,76,46,636,1365
2001-06-03T21:00,19,61,2.5,1.56,45,83,480,760
2001-06-03T22:00,18.5,64,0.3,3.14,31,91,258,585
2001-06-03T23:00,16.8,70,1.1,2.42,38,93,266,530
2001-06-04T00:00,14.9,83,2.4,0.81,330,99,112,245
2001-06-04T01:00,13.9,88,0.9,1.26,72,80,63,155
2001-06-04T02:00,13.6,86,0,1.51,98,58,22,300
2001-06-04T03:00,12.6,92,0,0.95,108,50,0,165
2001-06-04T04:00,12.1,93,0,0.71,45,40,0,45
2001-06-04T05:00,11.2,97,0.2,0.41,76,82,0,50
2001-06-04T06:00,11.5,97,0.2,1.12,100,70,0,100
2001-06-04T07:00,10.8,97,0.1,0.91,84,61,0,60
2001-06-04T08:00,10.6,98,0.1,1.22,99,76,0,145
2001-06-04T09:00,10.7,98,0,1.65,104,77,0,180
2001-06-04T10:00,10.6,98,0.2,1.63,133,100,0,255
2001-06-04T11:00,10.6,98,0.1,2.61,122,99,0,300
2001-06-04T12:00,10.7,98,0.2,2.34,130,80,0,265
2001-06-04T13:00,11.2,92,0,2.16,146,97,9,200
2001-06-04T14:00,11.9,89,0,1.84,151,92,30,145
2001-06-04T15:00,13.7,78,0,1.7,140,91,96,375
2001-06-04T16:00,15.6,71,0,1.84,135,46,174,890
2001-06-04T17:00,17.9,55,0,2.08,125,49,454,1360
2001-06-04T18:00,20,45,0,2.46,117,61,610,2285
2001-06-04T19:00,20.8,38,0,2.06,113,76,622,2730
2001-06-04T20:00,20.6,35,0.1,0.81,83,62,433,2895
2001-06-04T21:00,18.3,49,0.6,3.01,356,71,352,930
2001-06-04T22:00,14.3,76,3.7,3.8,2,65,407,590
2001-06-04T23:00,12.7,86,1.2,3.42,21,92,246,360
2001-06-05T00:00,13.3,83,0.5,3.11,42,95,194,395
2001-06-05T01:00,12,95,1.4,2.78,52,92,56,370
2001-06-05T02:00,11,97,1.9,2.73,24,100,20,280
2001-06-05T03:00,10.5,97,0.3,1.58,342,100,0,355
2001-06-05T04:00,10.2,99,0.2,1.08,34,99,0,290
2001-06-05T05:00,10.1,99,0.3,1.2,85,100,0,95
2001-06-05T06:00,9.7,99,0.1,0.8,90,100,0,210
2001-06-05T07:00,9.3,100,0.2,0.91,96,100,0,235
2001-06-05T08:00,9.3,99,0,1.12,117,100,0,200
2001-06-05T09:00,9.3,99,0,1.08,112,100,0,165
2001-06-05T10:00,9.3,99,0,1.5,143,99,0,130
2001-06-05T11:00,9.2,98,0,2.08,145,100,0,185
2001-06-05T12:00,9.3,97,0,2.13,131,100,0,260
2001-06-05T13:00,10,92,0,2.62,133,98,31,310
2001-06-05T14:00,11.1,87,0,3.04,136,55,47,375
2001-06-05T15:00,12.6,81,0,3.2,141,60,184,580
2001-06-05T16:00,13.8,76,0,3,143,37,125,805
2001-06-05T17:00,15.9,68,0,2.37,152,40,456,1080
2001-06-05T18:00,17.5,62,0.2,2.08,145,48,677,1535
2001-06-05T19:00,19.3,39,0,2.22,126,37,732,1925
2001-06-05T20:00,20.3,36,0,2.75,109,50,595,2215
2001-06-05T21:00,20.9,37,0,3.61,95,64,650,1980
2001-06-05T22:00,20.4,37,0,3.06,101,67,556,1590
2001-06-05T23:00,19.7,42,0,3.6,92,49,329,1020
2001-06-06T00:00,19,45,0,3.75,99,23,241,815
2001-06-06T01:00,18.3,52,0,2.67,103,19,193,670
2001-06-06T02:00,16.9,59,0,1.33,103,27,60,290
2001-06-06T03:00,15.3,66,0,0.51,101,18,1,145
2001-06-06T04:00,13.8,74,0,0.67,207,0,0,60
2001-06-06T05:00,12.7,77,0,1.27,225,0,0,40
2001-06-06T06:00,11,83,0,1.22,215,0,0,30
2001-06-06T07:00,9.2,90,0,1.66,205,0,0,35
2001-06-06T08:00,8.7,90,0,2.33,205,0,0,55
2001-06-06T09:00,8.6,87,0,2.82,207,0,0,70
2001-06-06T10:00,8.5,82,0,3.18,208,0,0,70
2001-06-06T11:00,8.2,76,0,3.3,215,0,0,70
2001-06-06T12:00,7.9,73,0,3.44,216,0,2,65
2001-06-06T13:00,9.8,71,0,3.44,216,0,73,75
2001-06-06T14:00,14.3,63,0,2.8,215,0,238,105
2001-06-06T15:00,18.8,48,0,2.24,207,0,430,225
2001-06-06T16:00,21.8,31,0,2.1,183,0,608,570
2001-06-06T17:00,23.6,24,0,2,177,0,758,2115
2001-06-06T18:00,24.8,22,0,1.3,157,0,865,2760
2001-06-06T19:00,25.6,22,0,1.12,117,0,913,3040
2001-06-06T20:00,26.1,22,0,1.26,72,48,879,3085
2001-06-06T21:00,26.3,23,0,2.28,52,30,791,2500
2001-06-06T22:00,26,25,0,3.71,63,25,609,1085
2001-06-06T23:00,25.4,27,0,2.55,42,52,527,1270
2001-06-07T00:00,24.3,33,0,2.53,18,28,346,725
2001-06-07T01:00,22,50,0,2,357,6,182,365
2001-06-07T02:00,20.2,56,0,1.77,344,0,58,135
2001-06-07T03:00,17.8,60,0,2.55,334,0,1,85
2001-06-07T04:00,16.2,63,0,2.14,307,0,0,60
2001-06-07T05:00,14.9,67,0,1.99,288,0,0,45
2001-06-07T06:00,14,70,0,1.6,266,0,0,30
2001-06-07T07:00,13.3,73,0,1.21,246,0,0,20
2001-06-07T08:00,11.9,80,0,1,233,0,0,20
2001-06-07T09:00,10.3,89,0,1.2,222,0,0,15
2001-06-07T10:00,9.5,91,0,1.7,220,0,0,25
2001-06-07T11:00,9.2,91,0,1.22,235,0,0,20
2001-06-07T12:00,8.9,91,0,1.08,248,23,2,20
2001-06-07T13:00,11.1,89,0,1.1,275,55,68,30
2001-06-07T14:00,15.7,71,0,0.92,347,64,202,220
2001-06-07T15:00,17.7,63,0,0.91,6,56,357,395
2001-06-07T16:00,19.5,60,0,0.86,36,55,550,550
2001-06-07T17:00,20.7,58,0,1.3,67,36,599,690
2001-06-07T18:00,21.6,56,0,2.12,71,29,620,845
2001-06-07T19:00,21.6,55,0,1.84,45,71,563,1035
2001-06-07T20:00,21.3,56,0,0.81,30,75,473,1000
2001-06-07T21:00,20.1,62,0.4,1.13,135,71,446,615
2001-06-07T22:00,20.8,58,0,1.7,183,91,317,735
2001-06-07T23:00,20.4,58,0,1.57,243,93,112,590
2001-06-08T00:00,19.4,63,0,1.03,241,86,40,380
2001-06-08T01:00,18.1,70,0.1,1.33,193,92,15,290
2001-06-08T02:00,17.2,76,0,1.9,198,79,13,130
2001-06-08T03:00,15.5,84,0,2.28,209,92,0,75
2001-06-08T04:00,14.2,90,0,2.1,205,99,0,70
2001-06-08T05:00,12.8,94,0,1.2,222,100,0,40
2001-06-08T06:00,11.9,94,0,1.39,240,100,0,35
2001-06-08T07:00,11.2,95,0,1.64,232,100,0,35
2001-06-08T08:00,10.5,95,0,1.7,225,98,0,30
2001-06-08T09:00,9.8,95,0,1.49,222,79,0,25
2001-06-08T10:00,9.5,94,0,2.16,214,18,0,60
2001-06-08T11:00,9.5,92,0,2.34,220,14,0,55
2001-06-08T12:00,10.2,92,0,2.7,219,6,1,55
2001-06-08T13:00,12,89,0,2.56,219,0,20,65
2001-06-08T14:00,14.3,81,0,1.66,213,0,47,120
2001-06-08T15:00,15.9,80,0,1.21,204,0,135,270
2001-06-08T16:00,18.5,67,0,0.71,172,2,332,515
2001-06-08T17:00,21.2,55,0,0.95,108,14,709,1030
2001-06-08T18:00,23.2,47,0,1.81,84,32,789,2925
2001-06-08T19:00,23.5,38,1.6,2.02,70,30,747,3135
2001-06-08T20:00,23.8,35,0.3,1.84,41,67,692,2275
2001-06-08T21:00,23.9,32,0,1.71,339,81,406,1530
2001-06-08T22:00,24.6,27,0,1.14,15,51,493,1830
2001-06-08T23:00,22.9,41,0,0.2,270,59,188,1085
2001-06-09T00:00,22.7,40,0,2.06,166,61,269,265
2001-06-09T01:00,21.3,51,0,3.81,177,71,150,535
2001-06-09T02:00,19.6,58,0,3.2,194,73,19,350
2001-06-09T03:00,17.8,64,0,2.88,200,60,1,155
2001-06-09T04:00,16.1,72,0,2.64,205,55,0,100
2001-06-09T05:00,14.6,78,0,2.78,210,29,0,75
2001-06-09T06:00,13.5,81,0,2.88,214,51,0,60
2001-06-09T07:00,12.8,83,0,3.11,213,51,0,55
2001-06-09T08:00,12.2,84,0,3.28,211,75,0,60
2001-06-09T09:00,11.9,82,0,3.47,213,81,0,65
2001-06-09T10:00,11.6,82,0,3.69,221,47,0,60
2001-06-09T11:00,11.2,82,0,3.47,221,46,0,55
2001-06-09T12:00,11.1,81,0,3.4,223,38,1,60
2001-06-09T13:00,13.1,76,0,3.4,223,47,56,70
2001-06-09T14:00,17.1,67,0,2.97,225,42,176,110
2001-06-09T15:00,21.2,54,0,2.26,225,56,356,215
2001-06-09T16:00,24.2,41,0,2.05,227,75,479,565
2001-06-09T17:00,26.3,31,0,1.52,247,75,574,2205
2001-06-09T18:00,27.6,25,0,0.5,307,69,645,2665
2001-06-09T19:00,27.2,24,0.3,0.94,32,42,593,2955
2001-06-09T20:00,27.5,23,0,1.68,73,39,697,3225
2001-06-09T21:00,27.6,22,0,1.63,101,56,561,3000
2001-06-09T22:00,27.4,23,0,2.51,185,79,417,700
2001-06-09T23:00,25.7,38,0.4,4.56,165,75,261,600
2001-06-10T00:00,25.1,39,0,4.12,157,81,292,485
2001-06-10T01:00,21.7,54,0,3.69,167,89,84,420
2001-06-10T02:00,19.9,61,0,3.11,176,84,30,205
2001-06-10T03:00,17.7,70,0,2.47,201,70,1,95
2001-06-10T04:00,15.7,80,0,3.13,207,60,0,70
2001-06-10T05:00,14.5,84,0,3.45,210,50,0,65
2001-06-10T06:00,14.1,82,0,3.28,218,41,0,55
2001-06-10T07:00,13.3,76,0,3.26,223,16,0,50
2001-06-10T08:00,12.5,77,0,3.25,225,4,0,45
2001-06-10T09:00,11.8,79,0,3.18,226,0,0,40
2001-06-10T10:00,11.3,79,0,3.25,225,0,0,45
2001-06-10T11:00,10.9,79,0,3.26,227,0,0,45
2001-06-10T12:00,10.7,79,0,3.34,231,0,2,45
2001-06-10T13:00,12.7,76,0,3.2,231,0,74,45
2001-06-10T14:00,17.5,68,0,2.64,233,2,239,70
2001-06-10T15:00,22.2,50,0,1.8,236,7,427,230
2001-06-10T16:00,25.2,34,0,1.25,241,8,605,660
2001-06-10T17:00,26.8,26,0,1.17,200,10,682,1070
2001-06-10T18:00,27.9,21,0,1.65,166,11,775,3440
2001-06-10T19:00,28.5,18,0,1.88,155,33,834,3750
2001-06-10T20:00,28.9,17,0,2.06,151,29,727,3860
2001-06-10T21:00,29.2,17,0,2.11,149,22,647,3980
2001-06-10T22:00,29.4,16,0,3.95,189,73,639,2100
2001-06-10T23:00,29.3,16,0,3.44,172,64,550,1840
2001-06-11T00:00,28.4,22,0,3.52,145,59,354,640
2001-06-11T01:00,26.4,28,0,3.67,154,44,189,495
2001-06-11T02:00,23.7,32,0,3.28,168,42,47,265
2001-06-11T03:00,21.4,35,0,3.4,180,28,1,190
2001-06-11T04:00,19.6,40,0,3.91,184,61,0,210
2001-06-11T05:00,18,44,0,4.47,190,65,0,220
2001-06-11T06:00,17,45,0,4.37,200,65,0,185
2001-06-11T07:00,16.1,43,0,4.12,209,71,0,135
2001-06-11T08:00,15,45,0,3.88,215,76,0,95
2001-06-11T09:00,13.9,48,0,3.7,218,65,0,70
2001-06-11T10:00,13,50,0,3.69,221,23,0,55
2001-06-11T11:00,12.2,52,0,3.54,223,0,0,50
2001-06-11T12:00,11.7,55,0,3.39,225,0,2,45
2001-06-11T13:00,13.4,56,0,3.25,225,0,78,45
2001-06-11T14:00,17.7,55,0,2.83,225,0,248,65
2001-06-11T15:00,23,39,0,1.97,210,3,440,170
2001-06-11T16:00,25.8,23,0,2.14,191,4,555,1425
2001-06-11T17:00,27.6,15,0,2.06,194,7,762,2440
2001-06-11T18:00,28.6,14,0,2.02,189,9,841,3180
2001-06-11T19:00,29.5,14,0,2.12,188,17,927,3910
2001-06-11T20:00,30.1,13,0,2.28,209,63,747,4435
2001-06-11T21:00,30.3,12,0,2.41,222,84,617,4530
2001-06-11T22:00,30.1,11,0,0.67,153,91,375,4785
2001-06-11T23:00,29.7,12,0,0.71,98,97,262,2715
2001-06-12T00:00,28.1,23,0,2.75,57,86,170,440
2001-06-12T01:00,25.5,41,0,2.97,45,45,130,475
2001-06-12T02:00,23.6,47,0,1.71,7,26,44,155
2001-06-12T03:00,21.3,48,0,1.98,319,10,1,60
2001-06-12T04:00,19,51,0,2.11,301,21,0,60
2001-06-12T05:00,16,60,0,1.71,291,5,0,50
2001-06-12T06:00,13.6,68,0,1.4,266,1,0,30
2001-06-12T07:00,14.9,66,0,0.92,229,0,0,15
2001-06-12T08:00,12.6,75,0,1.63,223,0,0,20
2001-06-12T09:00,11,81,0,2.06,219,0,0,30
2001-06-12T10:00,10.3,81,0,1.49,228,0,0,20
2001-06-12T11:00,9.5,78,0,1.41,225,0,0,20
2001-06-12T12:00,9.2,72,0,1.91,223,0,2,25
2001-06-12T13:00,11.4,67,0,2.36,216,0,79,45
2001-06-12T14:00,16.2,56,0,1.8,214,0,243,85
2001-06-12T15:00,21.1,38,0,1.5,180,0,451,240
2001-06-12T16:00,24.5,22,0,2,183,0,625,1780
2001-06-12T17:00,26.3,15,0,3.1,201,40,759,3015
2001-06-12T18:00,27.5,13,0,3.73,200,91,849,3810
2001-06-12T19:00,28,12,0,4.31,202,97,729,4215
2001-06-12T20:00,28.3,12,0,4.79,206,98,547,4380
2001-06-12T21:00,28.3,11,0,5.37,209,95,366,4410
2001-06-12T22:00,28,11,0,3.32,187,96,210,3325
2001-06-12T23:00,27.7,12,0,3.23,196,100,197,3860
2001-06-13T00:00,26.4,17,0,1.64,142,98,59,200
2001-06-13T01:00,25.3,22,0,1.6,184,61,74,170
2001-06-13T02:00,22.7,30,0,2.05,227,5,61,115
2001-06-13T03:00,19.5,32,0,2.06,241,0,2,45
2001-06-13T04:00,16.8,36,0,1.14,232,0,0,20
2001-06-13T05:00,14,46,0,1.58,235,2,0,20
2001-06-13T06:00,13.6,46,0,2.02,250,0,0,25
2001-06-13T07:00,13.3,53,0,0.7,270,10,0,55
2001-06-13T08:00,11.9,58,0,0.91,186,46,0,40
2001-06-13T09:00,10.6,63,0,1.26,198,22,0,45
2001-06-13T10:00,10.2,65,0,1.6,176,57,0,60
2001-06-13T11:00,9.5,70,0,1.49,132,40,0,140
2001-06-13T12:00,9.9,68,0,1.99,72,18,1,160
2001-06-13T13:00,10.4,71,0,1.99,72,9,51,290
2001-06-13T14:00,12.3,58,0,2.14,79,13,208,525
2001-06-13T15:00,13.8,54,0,2.47,76,39,392,725
2001-06-13T16:00,15.8,49,0,3.3,92,50,522,1115
2001-06-13T17:00,16.9,47,0,5.02,96,77,530,1490
2001-06-13T18:00,17.2,46,0.1,4.38,117,100,454,1345
2001-06-13T19:00,14.5,61,0.8,3.35,117,98,150,1420
2001-06-13T20:00,12.9,76,3.2,1.46,74,93,37,745
2001-06-13T21:00,11.1,84,5.3,2.82,6,83,85,270
2001-06-13T22:00,9.1,94,3.9,4.41,347,98,103,655
2001-06-13T23:00,8.2,98,3,3.4,2,100,208,365
2001-06-14T00:00,5.5,97,3,2.43,9,99,37,360
2001-06-14T01:00,4.6,100,3.8,2.01,27,100,11,260
2001-06-14T02:00,3.5,100,4.1,0.5,90,100,0,180
2001-06-14T03:00,3,99,2.8,1,174,100,0,105
2001-06-14T04:00,2.9,99,1.9,1.4,184,100,0,100
2001-06-14T05:00,3.3,98,1.2,2.06,203,94,0,90
2001-06-14T06:00,3.6,98,0.7,2.16,214,65,0,70
2001-06-14T07:00,3.3,94,0,2.26,225,35,0,55
2001-06-14T08:00,2.3,93,0,2.5,233,48,0,45
2001-06-14T09:00,1.7,90,0,2.62,227,48,0,40
2001-06-14T10:00,0.7,87,0,2.94,215,41,0,45
2001-06-14T11:00,-0.4,87,0,2.9,224,24,0,45
2001-06-14T12:00,-1.3,88,0,3.05,229,0,2,40
2001-06-14T13:00,0.7,87,0,2.92,232,0,76,45
2001-06-14T14:00,4.7,79,0,2.2,231,7,243,70
2001-06-14T15:00,8.3,58,0,1.44,214,23,430,940
2001-06-14T16:00,10.4,45,0,1.7,242,16,615,1450
2001-06-14T17:00,12.4,39,0,3.07,289,21,759,1765
2001-06-14T18:00,14.1,34,0,3.72,301,27,836,1960
2001-06-14T19:00,14.6,29,0,3.83,311,27,731,2130
2001-06-14T20:00,15.4,28,0,3.48,321,33,792,2285
2001-06-14T21:00,15.9,27,0,3.08,324,43,719,2500
2001-06-14T22:00,16.2,26,0,3.33,311,69,652,2505
2001-06-14T23:00,16.4,25,0,2.3,304,13,532,2330
2001-06-15T00:00,16.3,25,0,1.73,280,3,386,2220
2001-06-15T01:00,15.6,33,0,0.22,207,1,230,115
2001-06-15T02:00,13.7,51,0,1.2,180,1,67,25
2001-06-15T03:00,11,51,0,1.53,191,0,2,30
2001-06-15T04:00,8.5,56,0,2.15,202,0,0,40
2001-06-15T05:00,7.1,58,0,2.73,204,0,0,50
2001-06-15T06:00,6.4,58,0,3.18,208,0,0,65
2001-06-15T07:00,5.4,54,0,3.45,210,0,0,75
2001-06-15T08:00,5,53,0,3.61,214,0,0,80
2001-06-15T09:00,4.6,53,0,3.72,216,0,0,75
2001-06-15T10:00,4.2,53,0,3.33,221,0,0,55
2001-06-15T11:00,3.8,54,0,3.41,220,0,0,55
2001-06-15T12:00,3.6,56,0,3.48,219,0,2,50
2001-06-15T13:00,5.5,59,0,3.56,218,0,77,60
2001-06-15T14:00,9.9,55,0,3.19,212,0,244,90
2001-06-15T15:00,14.3,43,0,2.97,200,0,434,285
2001-06-15T16:00,17,32,0,3.72,186,0,613,920
2001-06-15T17:00,18.7,28,0,3.98,192,0,763,1905
2001-06-15T18:00,20.2,26,0,3.54,196,0,870,2555
2001-06-15T19:00,21.9,24,0,2.5,217,10,929,3040
2001-06-15T20:00,23.2,22,0,2.4,253,66,800,3475
2001-06-15T21:00,23.8,21,0,2.01,264,22,681,3365
2001-06-15T22:00,24,20,0,2.51,293,51,587,3540
2001-06-15T23:00,23.8,21,0,2.06,299,44,421,3125
2001-06-16T00:00,23.6,26,0,1.8,326,27,385,2715
2001-06-16T01:00,21.9,40,0,1.33,13,13,212,80
2001-06-16T02:00,21.4,35,0,0.71,352,0,74,20
2001-06-16T03:00,17.1,48,0,1.41,225,0,2,20
2001-06-16T04:00,13.5,52,0,1.41,225,0,0,20
2001-06-16T05:00,10.9,61,0,1.84,221,0,0,20
2001-06-16T06:00,9.8,62,0,2.34,220,0,0,25
2001-06-16T07:00,8.6,68,0,2.62,220,0,0,30
2001-06-16T08:00,8.2,65,0,2.76,224,0,0,35
2001-06-16T09:00,7.8,64,0,3.04,224,0,0,35
2001-06-16T10:00,7.3,65,0,2.62,223,0,0,35
2001-06-16T11:00,6.7,67,0,1.97,240,0,0,25
2001-06-16T12:00,6,73,0,1.65,256,4,2,20
2001-06-16T13:00,8.1,81,0,1.3,247,3,75,20
2001-06-16T14:00,13.5,65,0,1.27,225,0,241,80
2001-06-16T15:00,17.2,49,0,0.98,204,0,431,225
2001-06-16T16:00,20.2,39,0,0.95,162,0,610,390
2001-06-16T17:00,22.6,33,0,1.44,146,19,760,625
2001-06-16T18:00,24.5,27,0,1.75,149,37,806,1995
2001-06-16T19:00,25.5,22,0,2.31,162,51,783,3200
2001-06-16T20:00,26.1,19,0,2.92,174,69,676,3460
2001-06-16T21:00,26.5,18,0,3.11,184,85,540,3580
2001-06-16T22:00,26.6,17,0,2.92,158,71,568,4560
2001-06-16T23:00,26.3,20,0,1.63,133,66,373,4010
2001-06-17T00:00,25.3,29,0,0.73,16,65,261,325
2001-06-17T01:00,22.3,56,0,0.78,320,39,152,65
2001-06-17T02:00,20.4,68,0,1.4,270,34,62,35
2001-06-17T03:00,17.6,69,0,1.39,240,30,2,30
2001-06-17T04:00,15.1,75,0,1.22,215,41,0,25
2001-06-17T05:00,12.7,80,0,1.88,205,31,0,30
2001-06-17T06:00,11.6,77,0,2.55,206,6,0,40
2001-06-17T07:00,11.7,69,0,2.91,207,0,0,55
2001-06-17T08:00,10.9,67,0,3,210,0,0,65
2001-06-17T09:00,10.2,67,0,3.11,213,0,0,60
2001-06-17T10:00,9.8,66,0,3.34,219,0,0,50
2001-06-17T11:00,9.1,67,0,3.19,221,0,0,40
2001-06-17T12:00,8.6,69,0,2.97,225,0,2,35
2001-06-17T13:00,10.8,70,0,2.83,225,0,76,40
2001-06-17T14:00,15.8,66,0,2.55,225,0,244,55
2001-06-17T15:00,20.8,51,0,1.7,220,0,433,115
2001-06-17T16:00,24.3,34,0,1.39,201,1,615,340
2001-06-17T17:00,26.5,21,0,2.02,213,40,757,3220
2001-06-17T18:00,27.6,15,0,2.34,220,51,821,3590
2001-06-17T19:00,28.4,13,0,2.24,207,57,768,3805
2001-06-17T20:00,28.8,13,0,2.28,203,54,665,3985
2001-06-17T21:00,29.1,13,0,1.66,205,70,626,4175
2001-06-17T22:00,29.1,13,0,1.17,239,87,537,4720
2001-06-17T23:00,28.9,13,0,0.51,259,47,349,4115
2001-06-18T00:00,27.7,27,0,0.92,41,31,293,120
2001-06-18T01:00,26.2,38,0,1.03,29,8,242,20
2001-06-18T02:00,23.3,46,0,0.58,239,1,77,10
2001-06-18T03:00,19.9,49,0,0.94,238,1,3,20
2001-06-18T04:00,15.8,62,0,1.35,222,8,0,20
2001-06-18T05:00,13.6,71,0,2.05,227,2,0,20
2001-06-18T06:00,12.5,71,0,2.48,220,8,0,20
2001-06-18T07:00,11.7,67,0,3.06,218,37,0,30
2001-06-18T08:00,11.9,54,0,3.56,218,47,0,40
2001-06-18T09:00,11.6,48,0,3.83,221,18,0,45
2001-06-18T10:00,11.2,46,0,3.54,227,1,0,40
2001-06-18T11:00,10.6,47,0,3.4,227,21,0,40
2001-06-18T12:00,10.3,51,0,3.39,225,16,2,40
2001-06-18T13:00,11.9,57,0,3.47,224,0,66,45
2001-06-18T14:00,16.5,57,0,3.18,224,0,234,60
2001-06-18T15:00,22,46,0,2.27,221,0,445,155
2001-06-18T16:00,25.6,25,0,2.25,212,0,626,725
2001-06-18T17:00,27.3,16,0,1.91,223,0,774,3170
2001-06-18T18:00,28.1,15,0,1.33,257,14,877,3605
2001-06-18T19:00,28.3,16,0,1.4,274,25,921,3825
2001-06-18T20:00,28.7,15,0,1.75,283,43,848,3790
2001-06-18T21:00,28.9,15,0,1.66,303,51,769,3785
2001-06-18T22:00,28.3,16,0,2.2,30,58,466,1600
2001-06-18T23:00,27.8,16,0,0.98,24,88,427,3260
2001-06-19T00:00,27.1,22,0,2.02,57,99,297,75
2001-06-19T01:00,25.1,34,0,2.27,49,74,125,265
2001-06-19T02:00,23,45,0,2.68,27,46,62,355
2001-06-19T03:00,21.8,36,0,4.35,23,54,2,640
2001-06-19T04:00,19,40,0,3.62,354,27,0,545
2001-06-19T05:00,16,67,0,2.2,360,8,0,390
2001-06-19T06:00,14.7,79,0,1.94,348,34,0,195
2001-06-19T07:00,13.5,71,0,1.91,6,71,0,350
2001-06-19T08:00,12.9,76,0,2.48,40,100,0,530
2001-06-19T09:00,12.5,81,0.2,2.11,59,100,0,475
2001-06-19T10:00,12.1,83,0.2,1.2,85,100,0,375
2001-06-19T11:00,11.8,83,0,1.8,109,100,0,390
2001-06-19T12:00,11.6,83,0,2.42,128,100,0,375
2001-06-19T13:00,11.8,80,0.1,2.56,141,100,5,390
2001-06-19T14:00,12.6,74,0,2.47,148,98,31,485
2001-06-19T15:00,13.6,68,0,2.77,139,93,75,740
2001-06-19T16:00,15.3,60,0,3.25,135,87,201,985
2001-06-19T17:00,17.1,54,0,3.42,128,34,241,1210
2001-06-19T18:00,20.1,45,0,2.64,127,52,589,1415
2001-06-19T19:00,21.3,43,0,3.04,107,50,723,1495
2001-06-19T20:00,21.8,42,0,3.31,87,44,748,1255
2001-06-19T21:00,21,47,0.2,2.31,85,84,604,1215
2001-06-19T22:00,20.7,47,0,1.17,59,76,460,1000
2001-06-19T23:00,20.8,46,0,2.08,55,49,375,1025
2001-06-20T00:00,20.4,46,0,1.24,104,69,369,930
2001-06-20T01:00,19.4,48,0,1.63,137,46,164,775
2001-06-20T02:00,17.9,58,0,1.68,163,26,59,385
2001-06-20T03:00,16.6,60,0,1.82,171,9,2,175
2001-06-20T04:00,15.1,65,0,1.49,200,14,0,70
2001-06-20T05:00,13.6,71,0,1.66,205,4,0,60
2001-06-20T06:00,12.6,75,0,1.55,195,2,0,75
2001-06-20T07:00,11.6,84,0,1.46,196,4,0,95
2001-06-20T08:00,11.1,85,0,1.21,204,10,0,100
2001-06-20T09:00,10.5,88,0,1.43,205,4,0,100
2001-06-20T10:00,10,90,0,2.11,211,4,0,125
2001-06-20T11:00,9.8,90,0,1.8,214,6,0,120
2001-06-20T12:00,9.6,91,0,1.79,207,14,1,100
2001-06-20T13:00,11.7,87,0,1.93,201,21,50,165
2001-06-20T14:00,14.4,73,0,1.36,197,66,203,295
2001-06-20T15:00,16.4,66,0,0.2,180,5,381,505
2001-06-20T16:00,18.5,60,0,1,37,9,577,685
2001-06-20T17:00,20.2,56,0,2.14,37,13,713,815
2001-06-20T18:00,21.3,53,0,2.9,44,46,683,850
2001-06-20T19:00,21.5,51,0,2.92,52,44,719,975
2001-06-20T20:00,21.5,52,0.7,2.55,45,64,793,1080
2001-06-20T21:00,20.3,56,0.7,4.16,35,80,482,985
2001-06-20T22:00,19.1,56,0,3.01,6,83,314,655
2001-06-20T23:00,17.9,64,0.8,1.44,34,41,146,640
2001-06-21T00:00,18.5,62,0,1.97,60,36,301,820
2001-06-21T01:00,18,64,0,3.36,30,61,171,815
2001-06-21T02:00,16.6,70,0,2.57,13,86,40,635
2001-06-21T03:00,15.6,76,0,2.46,27,79,2,530
2001-06-21T04:00,14.7,81,0,1.28,51,67,0,365
2001-06-21T05:00,13.9,86,0,0.71,82,72,0,215
2001-06-21T06:00,13.3,90,0,0.4,270,80,0,100
2001-06-21T07:00,13,90,0.4,0.86,306,80,0,160
2001-06-21T08:00,12.7,91,0,0.81,277,63,0,140
2001-06-21T09:00,12.7,91,0,0.85,225,59,0,55
2001-06-21T10:00,11.9,95,0,1.08,202,52,0,40
2001-06-21T11:00,12,95,0,1.2,175,35,0,50
2001-06-21T12:00,12.1,94,0,1.92,171,35,0,85
2001-06-21T13:00,12.8,91,0,1.6,184,26,2,145
2001-06-21T14:00,13.6,85,0,1.5,184,15,52,275
2001-06-21T15:00,15.2,76,0,1.51,172,25,145,550
2001-06-21T16:00,17.4,66,0,1.32,171,22,334,915
2001-06-21T17:00,19.3,57,0,1.28,129,21,351,1230
2001-06-21T18:00,20.5,52,0,1.39,111,16,476,1465
2001-06-21T19:00,22.4,49,0,1.7,87,33,826,1690
2001-06-21T20:00,22.7,47,0,2.16,77,32,816,1740
2001-06-21T21:00,22.7,47,0,1.84,41,64,562,1645
2001-06-21T22:00,22.5,47,0,1.56,40,81,538,460
2001-06-21T23:00,20.3,55,0.7,1.02,259,89,239,1160
2001-06-22T00:00,19.9,58,0,0.85,225,77,250,505
2001-06-22T01:00,19.3,61,0,0.92,167,64,96,330
2001-06-22T02:00,18,71,0,1.5,176,15,47,165
2001-06-22T03:00,16.7,78,0,1.75,204,3,2,50
2001-06-22T04:00,15.1,85,0,1.71,201,0,0,40
2001-06-22T05:00,13.8,88,0,2.34,200,0,0,50
2001-06-22T06:00,13.1,88,0,2.51,203,0,0,65
2001-06-22T07:00,12.3,89,0,2.55,206,1,0,70
2001-06-22T08:00,11.8,89,0,2.61,212,0,0,65
2001-06-22T09:00,11.3,89,0,2.5,217,0,0,55
2001-06-22T10:00,10.8,90,0,2.77,221,1,0,60
2001-06-22T11:00,10.3,91,0,2.83,222,2,0,55
2001-06-22T12:00,10,91,0,2.9,224,6,1,50
2001-06-22T13:00,12,86,0,2.83,228,2,68,55
2001-06-22T14:00,16.4,73,0,2,233,12,223,90
2001-06-22T15:00,20,58,0,1.25,241,11,414,220
2001-06-22T16:00,22.5,46,0,0.22,243,13,588,545
2001-06-22T17:00,24.4,33,0,1.06,49,13,717,1890
2001-06-22T18:00,25.6,26,0,2.02,57,33,777,2515
2001-06-22T19:00,26.7,23,0,2.37,62,42,781,2675
2001-06-22T20:00,27.1,23,0,2.61,58,48,743,2935
2001-06-22T21:00,26.8,23,0,1.49,48,52,644,2275
2001-06-22T22:00,26.2,26,0,1.36,287,83,499,1905
2001-06-22T23:00,25.6,29,0,1.61,240,67,337,775
2001-06-23T00:00,25.1,30,0,1.5,323,61,278,725
2001-06-23T01:00,23.3,46,0,1.08,326,64,94,295
2001-06-23T02:00,21.7,51,0,1.28,231,49,43,85
2001-06-23T03:00,19.1,58,0,1.78,218,40,2,40
2001-06-23T04:00,17.1,65,0,2.25,212,37,0,35
2001-06-23T05:00,15.9,68,0,2.68,207,18,0,35
2001-06-23T06:00,14.8,70,0,3,206,15,0,45
2001-06-23T07:00,13.9,75,0,3.19,212,13,0,50
2001-06-23T08:00,13.3,74,0,3.16,215,9,0,50
2001-06-23T09:00,12.8,74,0,3.22,216,4,0,50
2001-06-23T10:00,12.2,74,0,3.32,224,3,0,50
2001-06-23T11:00,11.6,74,0,3.25,225,2,0,50
2001-06-23T12:00,11.3,74,0,3.18,226,0,2,45
2001-06-23T13:00,13.1,72,0,3.11,225,0,72,45
2001-06-23T14:00,17.9,63,0,2.55,225,0,236,65
2001-06-23T15:00,22.7,45,0,1.56,225,0,424,150
2001-06-23T16:00,25.8,30,0,0.81,210,0,603,455
2001-06-23T17:00,27.7,22,0,0.72,124,11,740,1995
2001-06-23T18:00,28.9,18,0,1.14,75,26,840,3495
2001-06-23T19:00,29.3,15,0,1.53,58,12,805,3630
2001-06-23T20:00,29.6,14,0,1.44,56,9,826,3745
2001-06-23T21:00,29.3,15,0,1.14,52,15,786,3240
2001-06-23T22:00,29.5,15,0,1.5,266,72,709,2285
2001-06-23T23:00,28.2,18,0,2.47,249,70,300,1405
2001-06-24T00:00,27.6,22,0,2.35,192,73,254,1050
2001-06-24T01:00,25.7,32,0,2.9,180,61,180,375
2001-06-24T02:00,23.5,41,0,2.35,192,27,66,160
2001-06-24T03:00,21.5,40,0,2.34,200,5,2,60
2001-06-24T04:00,19.9,43,0,2.68,207,3,0,50
2001-06-24T05:00,18.7,46,0,3.04,207,1,0,55
2001-06-24T06:00,17.4,49,0,3.14,211,0,0,60
2001-06-24T07:00,15.3,62,0,3.08,216,1,0,55
2001-06-24T08:00,14.6,63,0,3.06,218,1,0,45
2001-06-24T09:00,14,63,0,3.11,222,0,0,45
2001-06-24T10:00,13.4,63,0,2.69,228,3,0,35
2001-06-24T11:00,13,63,0,2.62,227,13,0,35
2001-06-24T12:00,12.7,64,0,2.69,225,33,1,35
2001-06-24T13:00,14.6,63,0,2.69,225,12,68,35
2001-06-24T14:00,19.3,58,0,2.13,229,0,231,55
2001-06-24T15:00,24.3,41,0,1.08,236,0,417,155
2001-06-24T16:00,27,27,0,0.36,56,0,593,1040
2001-06-24T17:00,28.4,24,0,1.02,79,9,737,2295
2001-06-24T18:00,29.3,22,0,1.43,102,5,822,3095
2001-06-24T19:00,29.8,20,0,1.84,119,12,847,3425
2001-06-24T20:00,30.5,19,0,2.05,137,38,815,3805
2001-06-24T21:00,30.8,20,0,1.53,191,76,706,3850
2001-06-24T22:00,30.1,21,0,0.94,212,90,451,1490
2001-06-24T23:00,28,26,0.5,2.24,190,92,205,725
2001-06-25T00:00,26.4,35,0,2.41,222,72,157,570
2001-06-25T01:00,24.9,43,0,2.25,249,79,33,590
2001-06-25T02:00,22.9,50,0,2.09,253,92,31,290
2001-06-25T03:00,21.2,55,0,1.84,225,96,0,45
2001-06-25T04:00,19.8,61,0,1.8,214,97,0,35
2001-06-25T05:00,18.2,69,0,2.42,218,99,0,45
2001-06-25T06:00,17.3,72,0,2.48,223,99,0,50
2001-06-25T07:00,16.5,70,0,2.62,227,83,0,50
2001-06-25T08:00,15.6,74,0,2.77,229,89,0,50
2001-06-25T09:00,14.8,76,0,2.91,229,88,0,50
2001-06-25T10:00,14.3,77,0,2.98,230,85,0,50
2001-06-25T11:00,13.7,78,0,2.98,230,77,0,50
2001-06-25T12:00,13.2,79,0,2.91,229,41,1,45
2001-06-25T13:00,14.8,75,0,3.05,229,9,68,50
2001-06-25T14:00,19.4,62,0,2.2,231,0,229,95
2001-06-25T15:00,23.3,45,0,1.72,234,0,414,310
2001-06-25T16:00,25.7,33,0,1.3,266,0,590,1390
2001-06-25T17:00,27.1,28,0,1.17,329,18,738,2565
2001-06-25T18:00,28.2,26,0,0.94,32,16,799,2875
2001-06-25T19:00,28.9,21,0,1.36,73,6,798,2990
2001-06-25T20:00,29.4,20,0,1.4,90,17,819,3185
2001-06-25T21:00,29.3,21,0,0.54,112,29,714,3125
2001-06-25T22:00,28.9,22,0,0.67,297,57,506,2275
2001-06-25T23:00,27.6,26,0,1.8,273,67,209,1955
2001-06-26T00:00,26.6,31,0,2.1,295,47,176,675
2001-06-26T01:00,25,43,0,1.08,338,42,76,225
2001-06-26T02:00,23.3,52,0,1.22,81,52,50,40
2001-06-26T03:00,21,62,0,0.1,180,62,1,20
2001-06-26T04:00,19.4,69,0,0.71,225,30,0,20
2001-06-26T05:00,18.3,73,0,1.13,225,43,0,20
2001-06-26T06:00,16.9,78,0,1.7,225,90,0,25
2001-06-26T07:00,15.8,73,0,1.86,234,98,0,25
2001-06-26T08:00,15.1,75,0,1.84,229,95,0,25
2001-06-26T09:00,14.1,78,0,1.91,227,97,0,25
2001-06-26T10:00,13.4,80,0,2.2,219,91,0,35
2001-06-26T11:00,12.9,81,0,2.22,216,94,0,35
2001-06-26T12:00,12.5,82,0,2.25,212,69,1,35
2001-06-26T13:00,14.9,78,0,2.3,214,0,56,40
2001-06-26T14:00,20.3,60,0,1.35,228,0,220,80
2001-06-26T15:00,23.6,40,0,0.54,248,0,402,435
2001-06-26T16:00,25.4,34,0,0.91,96,0,579,1080
2001-06-26T17:00,26.8,31,0,1.92,99,41,684,1900
2001-06-26T18:00,28,29,0,2.18,106,28,811,2460
2001-06-26T19:00,28,26,0,2.24,117,22,672,2655
2001-06-26T20:00,27.9,26,0,1.94,125,17,545,2855
2001-06-26T21:00,28,27,0,2.36,126,30,558,2720
2001-06-26T22:00,27.8,27,0,3.94,156,32,532,2695
2001-06-26T23:00,27.2,28,0,4.61,153,38,477,2715
2001-06-27T00:00,25.2,34,0,4.88,165,50,310,2230
2001-06-27T01:00,24.2,39,0,3.21,185,68,148,1600
2001-06-27T02:00,22.6,45,0,2.1,180,85,28,535
2001-06-27T03:00,20.8,52,0,2.22,172,100,0,240
2001-06-27T04:00,19.5,59,0,2.62,187,98,0,200
2001-06-27T05:00,18.5,64,0,2.89,194,97,0,180
2001-06-27T06:00,17.9,67,0,2.97,200,99,0,175
2001-06-27T07:00,17.2,67,0,2.91,207,95,0,160
2001-06-27T08:00,16.5,70,0,2.78,210,65,0,115
2001-06-27T09:00,15.7,73,0,2.75,213,29,0,95
2001-06-27T10:00,14.9,76,0,2.55,228,6,0,55
2001-06-27T11:00,14.3,78,0,2.56,231,4,0,45
2001-06-27T12:00,13.8,80,0,2.52,236,3,1,45
2001-06-27T13:00,15.3,75,0,2.47,238,0,55,65
2001-06-27T14:00,18.5,63,0,1.62,248,23,153,185
2001-06-27T15:00,20.9,51,0,0.92,283,46,242,790
2001-06-27T16:00,22.8,41,0,0.86,324,38,425,1390
2001-06-27T17:00,24.3,35,0,0.85,339,21,648,1865
2001-06-27T18:00,25.4,31,0,0.61,9,21,766,2325
2001-06-27T19:00,26.6,26,0,0.67,63,33,760,2575
2001-06-27T20:00,27.2,25,0,1.5,90,31,666,2655
2001-06-27T21:00,27.8,23,0,1.8,90,42,717,2615
2001-06-27T22:00,27.7,23,0,1.5,37,43,554,2835
2001-06-27T23:00,27.4,24,0,1.58,35,38,413,2730
2001-06-28T00:00,27,25,0,1.94,35,15,339,1995
2001-06-28T01:00,26,29,0,2.28,52,16,198,570
2001-06-28T02:00,24.4,36,0,1.75,77,12,70,155
2001-06-28T03:00,22.6,45,0,0.81,173,4,3,20
2001-06-28T04:00,20.9,47,0,0.99,225,3,0,20
2001-06-28T05:00,19,54,0,1,233,0,0,20
2001-06-28T06:00,17.2,60,0,1.3,238,0,0,20
2001-06-28T07:00,16,61,0,1.5,233,3,0,20
2001-06-28T08:00,15,66,0,1.56,225,3,0,20
2001-06-28T09:00,13.9,73,0,1.7,225,2,0,20
2001-06-28T10:00,13.2,76,0,2.33,227,1,0,35
2001-06-28T11:00,12.6,78,0,2.28,232,0,0,35
2001-06-28T12:00,12.2,80,0,2.36,234,0,1,35
2001-06-28T13:00,14.6,76,0,2.36,234,0,67,40
2001-06-28T14:00,20.2,55,0,1.66,245,0,226,85
2001-06-28T15:00,24,35,0,1.24,284,0,410,455
2001-06-28T16:00,25.9,27,0,1.34,333,0,587,1355
2001-06-28T17:00,27.1,24,0,1.6,360,1,713,2210
2001-06-28T18:00,28.1,22,0,1.94,12,4,810,2470
2001-06-28T19:00,28.4,22,0,2.18,16,4,813,2655
2001-06-28T20:00,28.9,21,0,2.34,20,5,862,2785
2001-06-28T21:00,29.1,20,0,2.24,10,22,802,2650
2001-06-28T22:00,29.1,20,0,2.94,35,57,667,2965
2001-06-28T23:00,29,20,0,2.55,26,66,520,2835
2001-06-29T00:00,28,22,0,2.61,356,54,297,1325
2001-06-29T01:00,27,26,0,1.79,333,59,203,265
2001-06-29T02:00,25.1,34,0,1.39,291,58,68,60
2001-06-29T03:00,22.8,42,0,1.12,243,57,2,20
2001-06-29T04:00,20.6,50,0,0.92,229,36,0,15
2001-06-29T05:00,18.7,58,0,1.49,222,18,0,20
2001-06-29T06:00,16.8,66,0,1.84,225,7,0,25
2001-06-29T07:00,15.7,71,0,2.19,223,29,0,25
2001-06-29T08:00,14.9,72,0,2.33,223,11,0,30
2001-06-29T09:00,14.3,72,0,2.34,220,0,0,35
2001-06-29T10:00,14,71,0,2.62,227,0,0,40
2001-06-29T11:00,13.5,72,0,2.69,228,0,0,40
2001-06-29T12:00,13.3,73,0,2.76,226,0,1,40
2001-06-29T13:00,15.4,69,0,2.69,228,0,67,40
2001-06-29T14:00,20.7,56,0,2,233,0,227,70
2001-06-29T15:00,25.2,35,0,1.21,246,0,413,240
2001-06-29T16:00,27.8,24,0,0.28,315,2,591,835
2001-06-29T17:00,29.3,20,0,1.03,29,13,710,2950
2001-06-29T18:00,30.1,18,0,1.57,27,23,774,3335
2001-06-29T19:00,30.5,17,0,1.36,36,23,863,3465
2001-06-29T20:00,30.7,17,0,1.27,45,19,787,3520
2001-06-29T21:00,30.9,17,0,1.12,63,24,665,3560
2001-06-29T22:00,30.8,17,0,1.91,84,38,656,3550
2001-06-29T23:00,30.7,17,0,2.44,109,31,583,3225
2001-06-30T00:00,30.1,17,0,1.7,152,55,319,2855
2001-06-30T01:00,28.1,23,0,1.53,191,39,123,235
2001-06-30T02:00,25,37,0,1.43,205,33,35,55
2001-06-30T03:00,22.1,47,0,1.28,219,13,2,25
2001-06-30T04:00,20.2,55,0,1.28,219,27,0,25
2001-06-30T05:00,18.9,58,0,1.84,202,27,0,45
2001-06-30T06:00,18.1,57,0,2.38,195,4,0,85
2001-06-30T07:00,17.4,59,0,2.88,200,9,0,130
2001-06-30T08:00,16.7,59,0,3.14,211,14,0,105
2001-06-30T09:00,16,61,0,3.12,220,4,0,70
2001-06-30T10:00,15.2,63,0,3.04,224,20,0,80
2001-06-30T11:00,14.6,64,0,2.9,224,27,0,60
2001-06-30T12:00,14.4,65,0,3.11,222,2,1,60
2001-06-30T13:00,16.2,62,0,3.18,224,0,59,65
2001-06-30T14:00,20.7,51,0,2.48,227,0,207,110
2001-06-30T15:00,25.1,36,0,1.94,235,0,405,255
2001-06-30T16:00,27.9,28,0,1.26,252,0,585,635
2001-06-30T17:00,29.8,23,0,0.73,344,16,729,2610
2001-06-30T18:00,31.1,19,0,1.61,30,40,734,3625
2001-06-30T19:00,32,13,0,2.44,35,44,731,3765
2001-06-30T20:00,31.9,13,0,2.5,37,36,637,3725
2001-06-30T21:00,31.8,13,0,2.26,45,14,521,3785
2001-06-30T22:00,31.9,13,0,1.84,77,16,641,3765
2001-06-30T23:00,31.7,13,0,1.39,120,33,531,3805
2001-07-01T00:00,30.9,15,0,1.35,132,34,425,3270
2001-07-01T01:00,29.5,18,0,1.53,148,33,234,1305
2001-07-01T02:00,27.1,24,0,2.01,153,23,73,100
2001-07-01T03:00,24.9,28,0,2.7,180,3,3,215
2001-07-01T04:00,23,32,0,3.5,178,10,0,320
2001-07-01T05:00,21.5,37,0,3.52,187,6,0,330
2001-07-01T06:00,19.8,43,0,2.55,206,6,0,180
2001-07-01T07:00,18.7,44,0,2.33,211,7,0,85
2001-07-01T08:00,16.7,52,0,2.52,214,1,0,65
2001-07-01T09:00,15.7,57,0,2.64,217,5,0,60
2001-07-01T10:00,15,60,0,2.56,219,35,0,55
2001-07-01T11:00,14.5,62,0,2.52,214,44,0,55
2001-07-01T12:00,14.2,65,0,2.52,214,12,1,55
2001-07-01T13:00,16.2,62,0,2.58,216,5,65,70
2001-07-01T14:00,20.9,51,0,2.14,217,0,224,105
2001-07-01T15:00,25.4,36,0,1.79,207,0,410,235
2001-07-01T16:00,28.5,25,0,1.58,198,0,587,660
2001-07-01T17:00,30.6,20,0,1.14,218,5,723,3580
2001-07-01T18:00,32,17,0,0.71,8,37,820,4110
2001-07-01T19:00,32.9,13,0,1.66,33,40,705,4325
2001-07-01T20:00,33.3,12,0,1.77,47,51,745,4315
2001-07-01T21:00,32.9,11,0,1.58,55,66,512,4285
2001-07-01T22:00,32.3,12,0,0.71,188,72,400,3040
2001-07-01T23:00,31.3,15,0,2.69,228,92,209,1970
2001-07-02T00:00,30.3,19,0,2.33,239,92,143,575
2001-07-02T01:00,28.8,25,0,0.32,252,84,133,45
2001-07-02T02:00,26.8,36,0,0.81,97,88,28,40
2001-07-02T03:00,25.7,35,0,1.34,333,95,0,95
2001-07-02T04:00,23.2,43,0,3.12,310,50,0,175
2001-07-02T05:00,21,51,0,2.83,302,61,0,155
2001-07-02T06:00,19.7,54,0,1.32,279,80,0,60
2001-07-02T07:00,18.4,65,0,1.14,232,85,0,35
2001-07-02T08:00,17,71,0,1.2,222,68,0,25
2001-07-02T09:00,16.2,75,0,1.7,220,52,0,30
2001-07-02T10:00,16.2,74,0,2.75,213,57,0,50
2001-07-02T11:00,15.7,74,0,3.36,217,18,0,65
2001-07-02T12:00,15.7,72,0,3.32,224,11,1,55
2001-07-02T13:00,17.6,65,0,3.06,232,13,45,55
2001-07-02T14:00,21.4,54,0,1.97,240,27,179,80
2001-07-02T15:00,25.2,38,0,1.43,258,2,294,320
2001-07-02T16:00,27.9,28,0,1.21,294,3,437,820
2001-07-02T17:00,30.1,20,0,1.61,353,12,688,2200
2001-07-02T18:00,31.4,16,0,2.31,18,35,804,3730
2001-07-02T19:00,32.2,12,0,2.25,32,42,802,3810
2001-07-02T20:00,32.5,11,0,1.94,12,57,740,3590
2001-07-02T21:00,32.4,11,0,1.58,342,69,601,3770
2001-07-02T22:00,31.9,12,0,1.77,254,68,461,1430
2001-07-02T23:00,30.8,14,0,2.1,270,78,361,1585
2001-07-03T00:00,29.7,17,0,2.22,324,70,237,1625
2001-07-03T01:00,28.7,21,0,2.01,354,33,169,820
2001-07-03T02:00,27.1,26,0,1.61,330,42,68,140
2001-07-03T03:00,24.7,30,0,1.91,276,56,2,45
2001-07-03T04:00,22.7,36,0,2.25,238,31,0,40
2001-07-03T05:00,21.2,41,0,2.26,225,15,0,35
2001-07-03T06:00,19.2,49,0,2.4,225,14,0,40
2001-07-03T07:00,17.7,59,0,2.4,225,3,0,35
2001-07-03T08:00,16.8,62,0,2.55,225,0,0,40
2001-07-03T09:00,16,64,0,2.69,225,0,0,40
2001-07-03T10:00,15.4,65,0,3.72,216,0,0,100
2001-07-03T11:00,14.8,66,0,3.47,226,0,0,70
2001-07-03T12:00,14.3,68,0,3.19,229,0,1,60
2001-07-03T13:00,16.1,65,0,3.05,229,0,64,60
2001-07-03T14:00,21.1,51,0,2.19,227,0,223,95
2001-07-03T15:00,25.2,34,0,1.63,223,0,410,260
2001-07-03T16:00,27.6,26,0,0.91,174,3,588,915
2001-07-03T17:00,29.5,22,0,1.97,114,11,735,2565
2001-07-03T18:00,30.7,19,0,2.35,102,45,805,3425
2001-07-03T19:00,31.7,14,0,2.3,88,19,774,3730
2001-07-03T20:00,31.5,14,0,0.72,34,64,574,3140
2001-07-03T21:00,31.5,14,0,1.14,345,87,594,2930
2001-07-03T22:00,30.4,17,0,3.68,45,90,445,1705
2001-07-03T23:00,29.5,18,0,3.11,42,94,251,1525
2001-07-04T00:00,28.7,19,0,1.06,41,93,222,1070
2001-07-04T01:00,27.5,22,0,0.92,193,88,126,860
2001-07-04T02:00,25.8,30,0,1.32,261,84,61,30
2001-07-04T03:00,23.5,37,0,1.3,270,51,2,25
2001-07-04T04:00,21.5,43,0,0.92,257,11,0,20
2001-07-04T05:00,19.7,49,0,0.78,230,0,0,20
2001-07-04T06:00,17.7,56,0,1.41,225,0,0,25
2001-07-04T07:00,16.5,61,0,1.77,223,0,0,25
2001-07-04T08:00,15.7,64,0,1.92,219,0,0,25
2001-07-04T09:00,15.2,64,0,2.06,219,0,0,35
2001-07-04T10:00,14.8,64,0,2.94,215,0,0,70
2001-07-04T11:00,14.3,65,0,2.78,218,0,0,70
2001-07-04T12:00,13.8,67,0,2.84,219,0,1,60
2001-07-04T13:00,15.6,66,0,2.77,221,0,64,60
2001-07-04T14:00,20.7,50,0,1.77,223,0,222,95
2001-07-04T15:00,24.4,34,0,0.64,231,0,407,305
2001-07-04T16:00,26.5,29,0,0.5,90,0,584,670
2001-07-04T17:00,28.5,25,0,1.52,113,0,728,1250
2001-07-04T18:00,30.3,22,0,1.89,122,12,830,2905
2001-07-04T19:00,32.5,16,0,1.7,130,26,883,3420
2001-07-04T20:00,33.1,14,0,1.08,124,31,872,3695
2001-07-04T21:00,33.3,13,0,1.36,126,48,775,3820
2001-07-04T22:00,33.2,13,0,1.94,192,57,553,1920
2001-07-04T23:00,32.9,13,0,1.64,232,61,450,1620
2001-07-05T00:00,31.9,14,0,1.14,195,51,281,1435
2001-07-05T01:00,30.2,18,0,1.49,160,60,131,665
2001-07-05T02:00,28,23,0,1.72,144,63,33,80
2001-07-05T03:00,25.7,27,0,1.72,144,77,1,30
2001-07-05T04:00,23.6,31,0,1.51,188,98,0,35
2001-07-05T05:00,21.7,36,0,0.94,302,99,0,40
2001-07-05T06:00,20.3,39,0,5.6,344,100,0,625
2001-07-05T07:00,18.6,76,0,3.33,319,100,0,400
2001-07-05T08:00,18,80,0,2.28,299,100,0,225
2001-07-05T09:00,17.6,81,0,1.2,270,100,0,135
2001-07-05T10:00,17.1,82,0,1.22,215,100,0,80
2001-07-05T11:00,16.9,80,0,1.27,225,99,0,35
2001-07-05T12:00,16.7,77,0,2.15,208,97,0,45
2001-07-05T13:00,17.8,69,0,2.88,214,98,4,80
2001-07-05T14:00,21.3,55,0,2.48,223,40,97,125
2001-07-05T15:00,25.9,37,0,1.7,230,23,369,310
2001-07-05T16:00,28.8,27,0,0.45,207,46,550,650
2001-07-05T17:00,30.7,23,0,0.89,63,35,701,2085
2001-07-05T18:00,30.9,24,0.6,1.7,28,29,803,3595
2001-07-05T19:00,32.3,18,0.4,1.82,9,70,820,1595
2001-07-05T20:00,32.1,16,0.1,1.92,62,88,630,2720
2001-07-05T21:00,32.5,15,0,2.95,118,75,530,2425
2001-07-05T22:00,32.8,15,0,0.42,45,78,497,1105
2001-07-05T23:00,31.9,17,0,3.01,274,93,442,1745
2001-07-06T00:00,31.1,19,0,4.04,279,96,232,1040
2001-07-06T01:00,29.6,24,0,4.04,279,95,125,695
2001-07-06T02:00,27.6,33,0,2.61,274,96,41,520
2001-07-06T03:00,25.3,40,0,1.58,252,97,2,165
2001-07-06T04:00,22.6,50,0,2.08,235,98,0,60
2001-07-06T05:00,20.7,57,0,2.48,227,97,0,60
2001-07-06T06:00,19.9,57,0,2.83,222,98,0,65
2001-07-06T07:00,19.4,61,0,3.12,220,98,0,70
2001-07-06T08:00,18.8,61,0,3.12,220,76,0,70
2001-07-06T09:00,18,63,0,3.11,222,31,0,65
2001-07-06T10:00,17.4,64,0,3.2,219,33,0,55
2001-07-06T11:00,16.7,66,0,3.2,219,16,0,60
2001-07-06T12:00,16.3,67,0,3.25,225,27,1,60
2001-07-06T13:00,17.8,64,0,2.92,232,44,60,55
2001-07-06T14:00,22.5,52,0,1.8,251,35,215,75
2001-07-06T15:00,27.1,35,0,1.2,318,1,398,455
2001-07-06T16:00,29.7,25,0,2.1,3,4,575,960
2001-07-06T17:00,31.4,21,0,2.71,356,34,724,1670
2001-07-06T18:00,32.3,19,0,2.7,2,53,808,2295
2001-07-06T19:00,30.5,24,1,3,30,51,510,2310
2001-07-06T20:00,31,24,0,2.58,36,64,611,2785
2001-07-06T21:00,30.9,22,0,1,360,77,477,2775
2001-07-06T22:00,30.7,21,0.1,0.89,63,79,499,3000
2001-07-06T23:00,30.1,22,0,0.58,301,86,205,2475
2001-07-07T00:00,29.9,22,0,1.89,302,96,283,740
2001-07-07T01:00,29.1,24,0,2.83,318,98,185,520
2001-07-07T02:00,27,31,0,2.61,302,96,50,325
2001-07-07T03:00,24.9,39,0,1.91,276,82,1,165
2001-07-07T04:00,23.7,40,0,1.53,259,81,0,60
2001-07-07T05:00,22.4,44,0,1.75,239,89,0,35
2001-07-07T06:00,20.3,51,0,1.7,225,85,0,35
2001-07-07T07:00,19,72,0.2,1.49,228,89,0,35
2001-07-07T08:00,18.1,76,0,1.42,231,55,0,30
2001-07-07T09:00,17.5,78,0,1.5,233,27,0,30
2001-07-07T10:00,16.6,82,0,1.98,225,4,0,40
2001-07-07T11:00,15.9,84,0,2.27,221,10,0,40
2001-07-07T12:00,15.7,83,0,2.33,223,5,0,40
2001-07-07T13:00,17.7,75,0,2.26,225,2,58,45
2001-07-07T14:00,21.8,60,0,1.56,230,0,213,80
2001-07-07T15:00,25.9,42,0,0.22,207,0,399,470
2001-07-07T16:00,28.7,31,0,1.53,79,0,578,1155
2001-07-07T17:00,30.5,24,0,1.44,56,36,713,1825
2001-07-07T18:00,31.4,22,0,1.71,69,44,760,2380
2001-07-07T19:00,30.6,27,0,1.96,75,38,564,2760
2001-07-07T20:00,31.5,26,0,1.9,72,36,828,3235
2001-07-07T21:00,31.9,26,0,2.42,66,38,720,3280
2001-07-07T22:00,31.7,27,0,1.08,202,91,601,1620
2001-07-07T23:00,30.9,30,0.1,0.41,14,91,395,325
2001-07-08T00:00,26.1,52,1.7,2.09,73,66,228,700
2001-07-08T01:00,21.3,77,1.4,2.11,59,73,67,725
2001-07-08T02:00,20.3,79,0.3,2.1,3,80,26,280
2001-07-08T03:00,20.3,77,0,3.42,339,92,1,340
2001-07-08T04:00,19.8,79,0,3.26,342,100,0,290
2001-07-08T05:00,19.3,81,0,2.52,326,93,0,275
2001-07-08T06:00,18.5,83,0,1.51,278,86,0,180
2001-07-08T07:00,17.5,88,0,0.7,270,63,0,135
2001-07-08T08:00,17.2,87,0,0.54,292,25,0,115
2001-07-08T09:00,17.3,84,0,0.71,262,7,0,65
2001-07-08T10:00,16.6,88,0,1.3,266,14,0,65
2001-07-08T11:00,15.8,92,0,1.65,256,6,0,30
2001-07-08T12:00,15.1,93,0,1.75,239,2,0,25
2001-07-08T13:00,16.9,92,0,1.94,235,1,52,40
2001-07-08T14:00,20.3,80,0,1.66,237,0,201,125
2001-07-08T15:00,22.9,65,0,1.25,241,0,384,305
2001-07-08T16:00,25.3,53,0,0.54,202,0,559,770
2001-07-08T17:00,27.2,46,0,1.17,121,9,709,1415
2001-07-08T18:00,28.4,41,0.1,1.84,112,23,809,1910
2001-07-08T19:00,30.1,30,0,1.66,115,21,728,2235
2001-07-08T20:00,30.6,28,0,1.51,98,33,668,2545
2001-07-08T21:00,30.5,28,0,1.84,119,68,599,2595
2001-07-08T22:00,30.6,29,0,2.64,241,91,498,760
2001-07-08T23:00,29.6,27,0.1,1.84,319,89,326,450
2001-07-09T00:00,28.4,30,0,1.1,360,71,106,125
2001-07-09T01:00,27.2,35,0.1,0.78,130,62,131,115
2001-07-09T02:00,25.5,42,0,1,180,53,39,145
2001-07-09T03:00,23.2,50,0,1.66,205,74,1,80
2001-07-09T04:00,21.3,60,0,1.86,216,91,0,55
2001-07-09T05:00,20.1,66,0,2.19,223,97,0,55
2001-07-09T06:00,19.2,70,0,1.84,225,98,0,40
2001-07-09T07:00,18.7,78,0,1.78,218,95,0,45
2001-07-09T08:00,18.2,80,0,1.56,225,91,0,40
2001-07-09T09:00,17.8,81,0,1.42,231,72,0,30
2001-07-09T10:00,16.9,84,0,2,233,50,0,65
2001-07-09T11:00,16.1,87,0,2.11,239,35,0,60
2001-07-09T12:00,15.6,88,0,1.8,236,19,0,45
2001-07-09T13:00,17.1,87,0,1.58,235,7,54,45
2001-07-09T14:00,21.2,63,0,0.3,360,1,204,115
2001-07-09T15:00,23.8,50,0,1.66,33,0,387,555
2001-07-09T16:00,26.2,42,0,2.06,29,0,564,790
2001-07-09T17:00,28.1,36,0,1.43,12,23,710,1015
2001-07-09T18:00,29.7,31,0,1,37,41,807,1230
2001-07-09T19:00,26.9,39,0,1,53,22,638,1390
2001-07-09T20:00,27.9,36,0,1.65,76,42,682,1575
2001-07-09T21:00,28.8,33,0,1.63,133,73,737,1740
2001-07-09T22:00,29.2,32,0,1.39,111,85,549,2700
2001-07-09T23:00,29.5,31,0,3.05,247,99,543,525
2001-07-10T00:00,29,31,0,2.77,257,96,316,580
2001-07-10T01:00,26.7,35,0.2,1.17,59,98,128,545
2001-07-10T02:00,23.9,48,0,2.66,110,97,23,365
2001-07-10T03:00,22.3,54,0.1,2.12,172,91,1,170
2001-07-10T04:00,21,61,0,1.75,204,89,0,70
2001-07-10T05:00,20,67,0,1.28,219,85,0,40
2001-07-10T06:00,18.7,73,0,0.5,180,69,0,25
2001-07-10T07:00,17.8,85,0.1,0.4,270,46,0,15
2001-07-10T08:00,17,88,0,1.17,290,18,0,35
2001-07-10T09:00,16.2,91,0,1.3,293,13,0,50
2001-07-10T10:00,15.5,93,0,1.17,200,16,0,35
2001-07-10T11:00,15.3,92,0,0.63,288,12,0,25
2001-07-10T12:00,14.9,93,0,1.96,15,100,0,150
2001-07-10T13:00,16.3,92,0,2.01,354,100,42,170
2001-07-10T14:00,19.4,74,0,1.56,310,100,168,255
2001-07-10T15:00,21.9,61,0,1.52,293,96,348,280
2001-07-10T16:00,24.2,53,0,1.1,265,82,545,425
2001-07-10T17:00,26,47,0,0.78,230,70,688,730
2001-07-10T18:00,27.8,39,0,0.28,135,30,790,1055
2001-07-10T19:00,25.8,44,0,1.36,107,21,720,1415
2001-07-10T20:00,27.4,39,0,2.46,117,24,765,1885
2001-07-10T21:00,28.3,36,0,3.09,119,24,746,2345
2001-07-10T22:00,28.7,35,0,2.62,108,81,649,1325
2001-07-10T23:00,28.8,33,0,0.91,174,66,473,1155
2001-07-11T00:00,27.9,31,0,2.64,205,83,310,470
2001-07-11T01:00,23.9,49,0.7,2.21,198,82,147,750
2001-07-11T02:00,22.9,53,0,1.41,172,65,24,395
2001-07-11T03:00,21.7,59,0,0.58,31,69,1,20
2001-07-11T04:00,20.7,65,0,0.67,27,48,0,30
2001-07-11T05:00,19.3,73,0.2,0.54,22,23,0,25
2001-07-11T06:00,18.1,78,0,0.71,315,21,0,25
2001-07-11T07:00,17.3,89,0,0.82,284,13,0,30
2001-07-11T08:00,17.1,90,0,0.9,270,24,0,35
2001-07-11T09:00,16.7,91,0,1.08,236,11,0,35
2001-07-11T10:00,16,92,0,1.2,185,7,0,50
2001-07-11T11:00,15.3,90,0,1.26,198,4,0,60
2001-07-11T12:00,14.8,88,0,0.95,198,6,0,45
2001-07-11T13:00,16.1,84,0,1.32,189,16,48,85
2001-07-11T14:00,19.1,72,0,1.26,198,5,182,215
2001-07-11T15:00,22,54,0,0.91,186,4,332,515
2001-07-11T16:00,24.6,42,0,0.71,135,5,553,1080
2001-07-11T17:00,26.5,35,0,0.67,117,5,691,2035
2001-07-11T18:00,27.7,33,0,0.71,82,8,779,2555
2001-07-11T19:00,28.9,30,0,1.14,75,34,839,2960
2001-07-11T20:00,29.5,29,0,1.84,77,55,760,3165
2001-07-11T21:00,29.2,30,0,2.3,88,92,382,3230
2001-07-11T22:00,26.5,41,1.1,3.89,64,86,189,1885
2001-07-11T23:00,21.8,68,2.2,1.84,151,94,132,545
2001-07-12T00:00,20.1,74,0.6,1.43,155,93,143,460
2001-07-12T01:00,20.5,73,0,0.71,135,85,20,265
2001-07-12T02:00,20.5,73,0,0.76,67,87,10,55
2001-07-12T03:00,19.8,77,0,0.42,225,82,0,25
2001-07-12T04:00,19.1,81,0,0.9,180,78,0,40
2001-07-12T05:00,18,87,0,1.44,214,76,0,50
2001-07-12T06:00,17.3,89,0,1.77,223,85,0,40
2001-07-12T07:00,16.7,81,0,1.98,225,90,0,40
2001-07-12T08:00,16.3,81,0,2.12,225,80,0,35
2001-07-12T09:00,15.8,81,0,2.26,225,0,0,40
2001-07-12T10:00,15.3,81,0,2.76,224,68,0,80
2001-07-12T11:00,14.8,80,0,2.84,231,62,0,75
2001-07-12T12:00,14.4,80,0,2.86,234,12,0,65
2001-07-12T13:00,15.9,77,0,2.78,232,8,53,65
2001-07-12T14:00,20.4,61,0,1.8,236,20,203,110
2001-07-12T15:00,23.9,43,0,0.92,257,19,380,325
2001-07-12T16:00,25.5,37,0,0.91,6,20,552,1020
2001-07-12T17:00,26.3,34,0,1.97,30,32,625,1695
2001-07-12T18:00,27.2,33,0,2.51,29,36,747,2015
2001-07-12T19:00,27.7,30,0,2.56,39,21,768,2230
2001-07-12T20:00,28,30,0,2.69,22,13,818,2340
2001-07-12T21:00,27,34,1,2.97,33,23,484,2415
2001-07-12T22:00,25.9,37,0,1.7,3,84,207,810
2001-07-12T23:00,26,35,0,2.65,349,73,259,1065
2001-07-13T00:00,25.4,37,0,3.32,353,94,198,505
2001-07-13T01:00,23.6,45,0,3.74,16,90,54,660
2001-07-13T02:00,21.9,55,0,2.84,10,98,6,515
2001-07-13T03:00,20.7,62,0,1.24,76,98,0,220
2001-07-13T04:00,19.7,67,0,0.99,135,90,0,95
2001-07-13T05:00,19,71,0,1.22,215,75,0,80
2001-07-13T06:00,18.1,76,0,1.14,232,63,0,50
2001-07-13T07:00,17,82,0,1.27,225,23,0,35
2001-07-13T08:00,16.2,85,0,1.41,225,5,0,30
2001-07-13T09:00,15.6,87,0,1.56,225,1,0,30
2001-07-13T10:00,15.1,88,0,2.69,225,15,0,120
2001-07-13T11:00,14.7,88,0,2.48,230,30,0,100
2001-07-13T12:00,14.2,88,0,2.48,227,32,0,90
2001-07-13T13:00,15.6,85,0,2.41,228,45,50,95
2001-07-13T14:00,19.5,66,0,1.7,230,34,185,190
2001-07-13T15:00,21.6,58,0,0.92,257,37,359,430
2001-07-13T16:00,23.4,52,0,0.72,34,29,537,855
2001-07-13T17:00,25.1,45,0,1.39,60,24,649,1520
2001-07-13T18:00,26.1,41,0,2.15,62,55,601,1875
2001-07-13T19:00,26.8,36,0,2.33,43,76,573,2125
2001-07-13T20:00,24,50,1.7,1.97,30,97,377,1860
2001-07-13T21:00,23.2,52,0.9,1.03,61,100,151,610
2001-07-13T22:00,22.6,56,0.5,3.33,131,100,118,670
2001-07-13T23:00,21.7,62,0,1.51,172,100,60,560
2001-07-14T00:00,21.5,62,0,1.26,288,100,3,105
2001-07-14T01:00,20.7,64,0.1,0.8,270,100,1,45
2001-07-14T02:00,19.2,75,0.7,1.06,139,100,0,50
2001-07-14T03:00,18.1,82,0.1,1.25,119,100,0,75
2001-07-14T04:00,17.4,86,0,0.72,146,99,0,35
2001-07-14T05:00,16.3,90,0,0.76,203,86,0,35
2001-07-14T06:00,15.7,91,0,1.35,222,80,0,40
2001-07-14T07:00,14.7,98,0,1.34,207,89,0,35
2001-07-14T08:00,13.9,98,0,1.79,207,80,0,45
2001-07-14T09:00,13.4,97,0,2.06,209,90,0,55
2001-07-14T10:00,12.9,97,0,3.09,209,91,0,80
2001-07-14T11:00,12.5,97,0,2.98,220,88,0,80
2001-07-14T12:00,12.1,96,0,2.97,228,56,0,75
2001-07-14T13:00,13.1,96,0,2.72,234,24,38,80
2001-07-14T14:00,16.2,88,0,1.84,241,36,189,115
2001-07-14T15:00,19.2,69,0,1.12,260,44,373,295
2001-07-14T16:00,22.2,53,0,1,323,36,530,825
2001-07-14T17:00,24.2,45,0,2.62,353,37,676,1635
2001-07-14T18:00,25.6,39,0,2.67,13,49,780,2040
2001-07-14T19:00,25.3,42,0,2.33,31,35,641,1780
2001-07-14T20:00,25.9,41,0,2.48,47,40,639,2060
2001-07-14T21:00,26,39,0,2.46,63,50,608,1730
2001-07-14T22:00,25.7,39,0,1.08,56,78,366,1835
2001-07-14T23:00,21.7,61,2.4,3.3,305,100,95,760
2001-07-15T00:00,19.4,75,1.5,1.25,241,97,13,210
2001-07-15T01:00,19.3,75,0,1.55,165,88,13,220
2001-07-15T02:00,19,77,0,0.9,180,48,19,160
2001-07-15T03:00,18.1,80,0,1.73,190,48,1,70
2001-07-15T04:00,16.9,84,0,1.49,200,33,0,45
2001-07-15T05:00,15.7,87,0,1.7,208,13,0,40
2001-07-15T06:00,14.9,88,0,1.86,216,7,0,40
2001-07-15T07:00,14.5,89,0,1.92,219,1,0,40
2001-07-15T08:00,14,87,0,1.91,227,0,0,40
2001-07-15T09:00,13.4,85,0,2.06,231,0,0,40
2001-07-15T10:00,12.8,85,0,2.27,229,0,0,35
2001-07-15T11:00,12.3,86,0,2.13,229,0,0,35
2001-07-15T12:00,12,86,0,2.06,231,1,0,35
2001-07-15T13:00,13.5,84,0,2.22,234,1,51,40
2001-07-15T14:00,17.6,73,0,1.36,234,0,203,75
2001-07-15T15:00,21.4,53,0,0.57,225,1,385,415
2001-07-15T16:00,23.7,39,0,0.78,220,6,563,1345
2001-07-15T17:00,25.3,35,0,1.14,232,11,707,1850
2001-07-15T18:00,26.6,32,0,1.08,236,10,770,2275
2001-07-15T19:00,27.3,31,0,0.94,238,11,810,2695
2001-07-15T20:00,28.2,30,0,0.82,256,17,785,3105
2001-07-15T21:00,28.6,29,0,0.63,288,47,745,3360
2001-07-15T22:00,28.6,29,0,2.66,290,75,588,2900
2001-07-15T23:00,28,30,0.1,0.94,302,53,431,2030
2001-07-16T00:00,25.6,39,0.6,1,96,41,193,2030
2001-07-16T01:00,23.2,55,0.4,2.01,96,59,92,335
2001-07-16T02:00,21.7,61,0,2.21,108,43,49,205
2001-07-16T03:00,20.5,65,0,1.77,137,19,1,95
2001-07-16T04:00,18.8,74,0,1.1,185,1,0,65
2001-07-16T05:00,17.3,78,0,1.34,207,0,0,50
2001-07-16T06:00,15.7,85,0,1.84,221,1,0,35
2001-07-16T07:00,15,78,0,1.98,225,0,0,30
2001-07-16T08:00,14.4,77,0,2.05,223,0,0,30
2001-07-16T09:00,14,74,0,2.26,225,0,0,35
2001-07-16T10:00,13.7,70,0,2.72,234,0,0,45
2001-07-16T11:00,13.3,68,0,2.72,234,0,0,50
2001-07-16T12:00,12.9,69,0,2.83,225,0,0,50
2001-07-16T13:00,14.4,67,0,3.19,221,0,52,60
2001-07-16T14:00,19,55,0,2.56,219,0,209,125
2001-07-16T15:00,23.1,36,0,2.42,204,0,398,515
2001-07-16T16:00,24.9,27,0,3.28,211,1,567,1845
2001-07-16T17:00,26.1,24,0,3.11,225,13,676,2530
2001-07-16T18:00,27,23,0,2.62,223,21,691,2990
2001-07-16T19:00,27.8,18,0,2.28,218,32,712,3200
2001-07-16T20:00,28.4,17,0,2.16,214,39,683,3365
2001-07-16T21:00,29,16,0,2.33,190,28,606,3545
2001-07-16T22:00,29.8,14,0,1.43,168,79,576,4405
2001-07-16T23:00,30,13,0,1.03,151,27,431,4170
2001-07-17T00:00,29.8,13,0,1.14,128,42,359,3845
2001-07-17T01:00,28.2,19,0,0.45,63,14,226,290
2001-07-17T02:00,25.2,30,0,0.8,270,2,68,110
2001-07-17T03:00,21.7,39,0,1.73,260,0,2,55
2001-07-17T04:00,19.6,43,0,1.72,234,0,0,30
2001-07-17T05:00,17.8,49,0,1.77,227,0,0,20
2001-07-17T06:00,15.8,60,0,1.84,229,0,0,20
2001-07-17T07:00,14.3,68,0,2.05,227,0,0,20
2001-07-17T08:00,13.7,67,0,2.26,225,0,0,25
2001-07-17T09:00,13.4,62,0,2.4,225,3,0,30
2001-07-17T10:00,13,59,0,2.48,227,45,0,35
2001-07-17T11:00,12.6,58,0,2.41,228,85,0,35
2001-07-17T12:00,12.4,58,0,2.62,227,94,0,35
2001-07-17T13:00,14,57,0,2.83,222,97,31,40
2001-07-17T14:00,18.5,50,0,2.34,220,97,139,60
2001-07-17T15:00,23.5,34,0,1.49,200,99,312,670
2001-07-17T16:00,26.3,19,0,2.36,216,100,443,2410
2001-07-17T17:00,27.5,18,0,2.62,220,100,585,2640
2001-07-17T18:00,28.5,17,0,2.44,215,100,664,2795
2001-07-17T19:00,28.7,17,0,2.15,202,96,556,3015
2001-07-17T20:00,29.4,16,0,2.16,193,94,496,3385
2001-07-17T21:00,29.6,16,0,2.4,197,97,438,3510
2001-07-17T22:00,29.7,15,0,3.4,178,100,313,3265
2001-07-17T23:00,28.9,17,0,3.77,169,100,143,2560
2001-07-18T00:00,27.2,22,0,4.22,158,98,113,1300
2001-07-18T01:00,25.1,30,0,4.12,151,86,32,570
2001-07-18T02:00,23.4,36,0,3.35,163,61,32,335
2001-07-18T03:00,21.5,41,0,2.8,180,29,1,165
2001-07-18T04:00,20,47,0,2.33,205,60,0,95
2001-07-18T05:00,18.4,55,0,2.33,223,84,0,55
2001-07-18T06:00,17.4,60,0,2.41,228,92,0,40
2001-07-18T07:00,16.3,61,0,2.42,232,87,0,40
2001-07-18T08:00,15.5,61,0,2.48,230,69,0,40
2001-07-18T09:00,14.8,61,0,2.62,230,40,0,40
2001-07-18T10:00,14.1,62,0,2.92,232,0,0,45
2001-07-18T11:00,13.6,62,0,2.8,235,0,0,45
2001-07-18T12:00,13.2,62,0,2.78,232,0,0,40
2001-07-18T13:00,14.6,61,0,2.97,228,0,49,50
2001-07-18T14:00,19.2,51,0,2.27,229,0,202,85
2001-07-18T15:00,23.9,32,0,1.5,233,3,387,340
2001-07-18T16:00,26.1,22,0,1.1,275,11,570,1525
2001-07-18T17:00,27.4,20,0,1,354,12,722,2620
2001-07-18T18:00,28.3,19,0,0.94,58,13,813,3025
2001-07-18T19:00,28.9,18,0,1,90,18,820,3310
2001-07-18T20:00,29.2,17,0,0.76,113,40,818,3565
2001-07-18T21:00,29.2,17,0,0.85,135,47,609,3565
2001-07-18T22:00,29.1,18,0,2.69,121,64,531,3690
2001-07-18T23:00,29.1,18,0,2.51,151,78,490,3200
2001-07-19T00:00,28.4,19,0,1.7,118,25,352,2730
2001-07-19T01:00,27.4,22,0,1.71,69,6,166,425
2001-07-19T02:00,25.3,28,0,1.98,45,4,59,95
2001-07-19T03:00,23.2,33,0,1.14,15,15,1,30
2001-07-19T04:00,21.4,39,0,0.98,246,9,0,25
2001-07-19T05:00,19.3,48,0,1.08,236,24,0,25
2001-07-19T06:00,17.3,57,0,1.17,239,22,0,20
2001-07-19T07:00,17,59,0,1.25,241,20,0,20
2001-07-19T08:00,16,63,0,1.5,233,19,0,25
2001-07-19T09:00,15.2,66,0,1.7,230,25,0,25
2001-07-19T10:00,14.4,69,0,1.2,228,55,0,15
2001-07-19T11:00,13.7,73,0,1.41,225,41,0,20
2001-07-19T12:00,13.2,75,0,1.7,225,39,0,20
2001-07-19T13:00,14.9,73,0,1.98,229,38,46,30
2001-07-19T14:00,20,54,0,1.53,238,28,196,60
2001-07-19T15:00,24.4,32,0,0.73,286,18,377,340
2001-07-19T16:00,26.7,24,0,1.2,360,18,566,1245
2001-07-19T17:00,28.2,20,0,1.61,30,29,715,2475
2001-07-19T18:00,29.2,18,0,1.61,60,28,813,2915
2001-07-19T19:00,29.4,17,0,1.63,101,29,723,3155
2001-07-19T20:00,29.6,17,0,2.11,121,36,742,3215
2001-07-19T21:00,30,18,0,2.4,135,42,692,3165
2001-07-19T22:00,29,21,0,2.97,135,62,554,2370
2001-07-19T23:00,28,23,0,3.09,155,51,465,2140
2001-07-20T00:00,27,27,0,2.28,157,15,247,1770
2001-07-20T01:00,26.2,29,0,2.27,131,13,198,730
2001-07-20T02:00,24.6,35,0,1.98,135,10,57,265
2001-07-20T03:00,23,40,0,2.02,171,3,1,110
2001-07-20T04:00,20.8,50,0,1.77,196,11,0,80
2001-07-20T05:00,19.2,54,0,1.92,208,9,0,60
2001-07-20T06:00,17.6,61,0,2.16,214,19,0,55
2001-07-20T07:00,16.7,67,0,2.52,214,45,0,55
2001-07-20T08:00,16.2,69,0,2.72,216,14,0,55
2001-07-20T09:00,15.8,69,0,2.5,217,4,0,50
2001-07-20T10:00,15.2,70,0,2.69,222,4,0,75
2001-07-20T11:00,14.7,71,0,2.55,225,0,0,60
2001-07-20T12:00,14.2,71,0,2.41,228,0,0,50
2001-07-20T13:00,15.5,68,0,2.55,228,0,46,50
2001-07-20T14:00,20.2,53,0,1.92,231,0,195,85
2001-07-20T15:00,24.3,36,0,1.39,240,0,380,370
2001-07-20T16:00,26.8,28,0,1.1,275,2,560,980
2001-07-20T17:00,28.5,23,0,0.98,336,11,697,2345
2001-07-20T18:00,29.5,21,0,1.33,13,13,802,2920
2001-07-20T19:00,30.5,18,0,1.57,27,33,836,3180
2001-07-20T20:00,30.7,18,0,1.03,29,33,723,3315
2001-07-20T21:00,30.4,18,0,0.2,90,59,590,3445
2001-07-20T22:00,30.6,18,0,1.2,138,62,588,3725
2001-07-20T23:00,30.3,19,0,1.63,169,56,484,3260
2001-07-21T00:00,29.4,20,0,0.71,188,54,321,2955
2001-07-21T01:00,28.5,22,0,0.82,346,27,180,180
2001-07-21T02:00,26.6,29,0,0.99,315,30,51,35
2001-07-21T03:00,24.6,39,0,1.49,290,47,1,40
2001-07-21T04:00,22.2,45,0,1.62,248,35,0,35
2001-07-21T05:00,20.5,50,0,1.7,242,37,0,35
2001-07-21T06:00,18.8,59,0,1.72,234,9,0,25
2001-07-21T07:00,18,65,0,1.49,228,3,0,20
2001-07-21T08:00,16.7,71,0,1.63,227,13,0,20
2001-07-21T09:00,16,74,0,1.84,229,27,0,25
2001-07-21T10:00,15.4,76,0,2.13,229,5,0,30
2001-07-21T11:00,15,75,0,2.13,229,0,0,30
2001-07-21T12:00,14.7,73,0,2.13,229,4,0,30
2001-07-21T13:00,16.3,68,0,2.34,230,8,44,35
2001-07-21T14:00,21.1,53,0,1.72,234,4,193,70
2001-07-21T15:00,25.7,33,0,0.9,270,8,380,385
2001-07-21T16:00,28.1,24,0,1.41,352,5,560,1275
2001-07-21T17:00,29.5,20,0,2.06,14,17,694,2240
2001-07-21T18:00,30.4,19,0,2.12,19,28,793,2850
2001-07-21T19:00,30.8,18,0,2.01,27,38,730,3020
2001-07-21T20:00,30.7,19,0,1.78,38,40,537,3130
2001-07-21T21:00,31.1,18,0,1.49,48,40,625,3170
2001-07-21T22:00,30.9,19,0,2.12,262,74,543,1725
2001-07-21T23:00,30.5,20,0,1.8,236,64,456,2210
2001-07-22T00:00,29.4,22,0,1.5,184,50,238,2120
2001-07-22T01:00,27.8,28,0,2.11,175,46,71,1415
2001-07-22T02:00,26.1,36,0,1.75,204,52,40,250
2001-07-22T03:00,23.8,45,0,1.77,227,61,0,60
2001-07-22T04:00,21.9,53,0,1.77,227,54,0,35
2001-07-22T05:00,20.3,60,0,1.91,223,36,0,35
2001-07-22T06:00,19.5,63,0,1.84,221,8,0,35
2001-07-22T07:00,18,67,0,2,217,6,0,35
2001-07-22T08:00,17.3,69,0,2.14,217,20,0,40
2001-07-22T09:00,17.2,68,0,2.27,221,15,0,40
2001-07-22T10:00,16.7,68,0,1.77,227,6,0,25
2001-07-22T11:00,16.5,67,0,1.56,230,3,0,20
2001-07-22T12:00,16.5,66,0,1.78,232,1,0,20
2001-07-22T13:00,17.5,63,0,2.14,233,0,19,30
2001-07-22T14:00,20.8,55,0,1.52,247,0,88,90
2001-07-22T15:00,25.3,36,0,1.22,305,0,263,500
2001-07-22T16:00,28.3,24,0,1.41,352,3,495,1675
2001-07-22T17:00,29.9,18,0,1.63,11,14,687,2490
2001-07-22T18:00,30.8,16,0,1.39,21,24,786,3010
2001-07-22T19:00,30.7,17,0,1.5,37,27,778,3120
2001-07-22T20:00,31.1,17,0,1.58,55,23,778,3270
2001-07-22T21:00,31.5,16,0,1.77,74,26,720,3365
2001-07-22T22:00,31.5,17,0,1.02,101,34,611,3455
2001-07-22T23:00,31.1,17,0,2.11,95,29,482,3560
2001-07-23T00:00,30.3,19,0,3,88,50,278,2660
2001-07-23T01:00,28.8,22,0,2.65,79,33,183,675
2001-07-23T02:00,27,27,0,1.9,87,4,65,295
2001-07-23T03:00,25.1,36,0,1.49,70,4,1,80
2001-07-23T04:00,22.5,40,0,0.36,236,6,0,35
2001-07-23T05:00,21.1,44,0,0.95,198,15,0,35
2001-07-23T06:00,20.1,49,0,0.98,204,11,0,35
2001-07-23T07:00,19.5,49,0,1.12,207,10,0,45
2001-07-23T08:00,18.3,55,0,1.2,222,5,0,40
2001-07-23T09:00,17.2,60,0,1.41,225,2,0,30
2001-07-23T10:00,16.2,64,0,2.02,237,33,0,50
2001-07-23T11:00,15.4,67,0,2.42,240,31,0,45
2001-07-23T12:00,14.9,70,0,2.25,238,42,0,45
2001-07-23T13:00,16.3,68,0,2.36,234,50,41,45
2001-07-23T14:00,21.1,52,0,1.64,232,58,184,245
2001-07-23T15:00,24.7,36,0,1.26,252,48,303,435
2001-07-23T16:00,26.9,30,0,0.95,18,69,410,705
2001-07-23T17:00,28.9,26,0,2.64,37,43,595,1210
2001-07-23T18:00,30,24,0,3.05,23,78,584,1220
2001-07-23T19:00,25.4,39,0.5,3.26,40,49,536,1185
2001-07-23T20:00,25.9,39,0,2.76,46,45,457,1395
2001-07-23T21:00,26.2,39,0,1.81,84,55,632,1575
2001-07-23T22:00,26.2,38,0,0.85,339,94,397,945
2001-07-23T23:00,23.8,46,0.4,1.61,97,95,360,500
2001-07-24T00:00,23.8,46,0,1.14,52,100,137,430
2001-07-24T01:00,23.5,47,0,1.17,20,100,85,375
2001-07-24T02:00,22.7,51,0,1.06,49,100,32,200
2001-07-24T03:00,21.7,56,0,1.26,162,100,0,130
2001-07-24T04:00,20.5,62,0.2,1.51,188,100,0,150
2001-07-24T05:00,19.9,66,0,0.78,220,100,0,50
2001-07-24T06:00,18.7,71,0,0.42,225,98,0,20
2001-07-24T07:00,15.7,95,0,0.5,270,100,0,25
2001-07-24T08:00,15.3,96,0,0.92,283,100,0,30
2001-07-24T09:00,15,96,0,1.12,260,100,0,30
2001-07-24T10:00,14.5,97,0,2.39,237,89,0,50
2001-07-24T11:00,13.8,97,0,2.55,225,66,0,55
2001-07-24T12:00,13.5,96,0,2.83,222,66,0,55
2001-07-24T13:00,14.3,95,0,3.12,220,54,29,80
2001-07-24T14:00,17.2,88,0,2.69,222,35,122,125
2001-07-24T15:00,21.5,63,0,2.13,229,22,342,225
2001-07-24T16:00,24.8,46,0,1.14,255,9,538,550
2001-07-24T17:00,27.3,33,0,1.4,356,34,630,1870
2001-07-24T18:00,28.5,27,0,2.28,29,88,619,2455
2001-07-24T19:00,29.3,24,0,2.84,39,98,745,2560
2001-07-24T20:00,29.3,22,0,2.52,34,98,650,2260
2001-07-24T21:00,29,23,0,2.63,351,96,293,2365
2001-07-24T22:00,26.5,32,0.3,1.77,16,98,127,1725
2001-07-24T23:00,24.3,40,0.1,1.41,352,94,40,950
2001-07-25T00:00,23.5,43,0,1.78,322,89,75,575
2001-07-25T01:00,23,46,0,1.53,328,87,25,405
2001-07-25T02:00,21.5,53,0,1.53,328,82,23,205
2001-07-25T03:00,19.9,61,0,1.14,308,62,0,80
2001-07-25T04:00,19,67,0,0.5,323,48,0,35
2001-07-25T05:00,18,72,0,0.63,252,29,0,15
2001-07-25T06:00,17,78,0,0.86,234,8,0,15
2001-07-25T07:00,15.9,80,0,1.35,228,0,0,20
2001-07-25T08:00,15.1,83,0,1.63,223,0,0,30
2001-07-25T09:00,14.7,82,0,1.92,219,0,0,35
2001-07-25T10:00,14.3,80,0,2.55,225,0,0,60
2001-07-25T11:00,13.8,79,0,2.56,219,0,0,65
2001-07-25T12:00,13.4,79,0,2.66,214,1,0,60
2001-07-25T13:00,14.6,74,0,2.84,219,18,35,65
2001-07-25T14:00,18.8,58,0,2.13,221,27,184,105
2001-07-25T15:00,22.7,40,0,1.28,231,19,372,325
2001-07-25T16:00,24.9,33,0,0.3,270,9,540,775
2001-07-25T17:00,26.6,30,0,1.12,63,9,682,1675
2001-07-25T18:00,27.9,26,0,2.1,65,32,765,2640
2001-07-25T19:00,29.3,18,0,2.42,66,25,849,2870
2001-07-25T20:00,29.4,18,0,2.75,80,21,581,3085
2001-07-25T21:00,29.5,19,0,3.16,101,40,686,2880
2001-07-25T22:00,28.6,21,0,4.05,110,46,526,2630
2001-07-25T23:00,27.7,23,0,3.19,139,68,410,2285
2001-07-26T00:00,27.1,25,0,2.42,156,67,288,2075
2001-07-26T01:00,26.3,27,0,2.16,167,68,140,1470
2001-07-26T02:00,24.9,33,0,1.53,191,56,32,175
2001-07-26T03:00,23.1,39,0,1.77,196,39,0,115
2001-07-26T04:00,21.5,47,0,1.62,202,52,0,75
2001-07-26T05:00,20,55,0,2.02,200,84,0,55
2001-07-26T06:00,18.9,59,0,2.6,196,91,0,90
2001-07-26T07:00,18,65,0,2.77,206,98,0,115
2001-07-26T08:00,17.8,66,0,2.51,209,100,0,110
2001-07-26T09:00,17.8,67,0,2.28,195,97,0,115
2001-07-26T10:00,17.4,69,0.1,3.51,200,74,0,190
2001-07-26T11:00,17,72,0.3,2.97,213,55,0,140
2001-07-26T12:00,16.6,73,0.4,2.95,208,45,0,135
2001-07-26T13:00,16.6,76,0,2.88,214,68,5,140
2001-07-26T14:00,18.1,72,0,2.14,217,95,17,175
2001-07-26T15:00,20.2,63,0,1.36,216,97,58,350
2001-07-26T16:00,22.8,50,0,0.78,220,100,167,770
2001-07-26T17:00,25.1,39,0,0.61,279,84,396,1290
2001-07-26T18:00,26.6,34,0,1.14,308,72,660,1885
2001-07-26T19:00,26,38,0,1.66,327,85,443,2185
2001-07-26T20:00,26.1,39,0,1.87,344,93,391,2090
2001-07-26T21:00,24.7,46,1.2,1.75,24,81,277,1100
2001-07-26T22:00,23.4,53,2,1.77,344,69,270,600
2001-07-26T23:00,21.6,60,2.4,2.32,83,83,335,740
2001-07-27T00:00,21.5,59,0,2.01,96,88,180,550
2001-07-27T01:00,20.1,68,0.6,1.8,109,91,62,315
2001-07-27T02:00,19.5,71,0.1,0.72,124,76,14,305
2001-07-27T03:00,18.7,75,0,0.61,279,80,0,90
2001-07-27T04:00,17.9,80,0,1.33,283,71,0,70
2001-07-27T05:00,16.9,84,0,1.39,249,60,0,50
2001-07-27T06:00,16,86,0,1.35,228,31,0,30
2001-07-27T07:00,14.8,91,0,1.92,219,26,0,35
2001-07-27T08:00,14.2,92,0,2.19,227,7,0,40
2001-07-27T09:00,13.7,92,0,2.2,231,3,0,35
2001-07-27T10:00,13.2,92,0,1.91,223,6,0,35
2001-07-27T11:00,12.7,91,0,2.05,223,1,0,35
2001-07-27T12:00,12.2,91,0,2.2,231,0,0,35
2001-07-27T13:00,13.2,89,0,2.06,241,0,35,35
2001-07-27T14:00,16.9,82,0,1.43,258,0,168,70
2001-07-27T15:00,21,61,0,1.06,311,1,353,335
2001-07-27T16:00,23.2,40,0,1.87,344,9,551,1725
2001-07-27T17:00,24.4,33,0,2.9,2,15,609,1980
2001-07-27T18:00,25.4,30,0,3.06,11,14,737,2140
2001-07-27T19:00,25.8,28,0,2.94,18,16,795,2360
2001-07-27T20:00,26.3,26,0,2.95,24,11,722,2465
2001-07-27T21:00,26.6,25,0,3.13,27,25,694,2545
2001-07-27T22:00,26.4,24,0,2.83,32,65,614,2780
2001-07-27T23:00,26.1,23,0,2.73,352,58,405,2330
2001-07-28T00:00,25.4,25,0,2.88,340,73,280,1225
2001-07-28T01:00,24.1,32,0,1.21,294,67,161,210
2001-07-28T02:00,22.2,41,0,1.17,211,31,45,35
2001-07-28T03:00,20.2,48,0,1.43,205,12,0,30
2001-07-28T04:00,17.8,59,0,1.88,205,4,0,40
2001-07-28T05:00,16.5,65,0,2.2,210,2,0,45
2001-07-28T06:00,15.5,69,0,2.33,211,0,0,50
2001-07-28T07:00,14.9,76,0,2.42,210,0,0,55
2001-07-28T08:00,14.4,77,0,2.47,212,0,0,60
2001-07-28T09:00,13.9,78,0,2.56,219,0,0,55
2001-07-28T10:00,13.5,78,0,2.84,219,1,0,65
2001-07-28T11:00,13.1,78,0,2.84,219,1,0,65
2001-07-28T12:00,12.7,78,0,2.83,222,0,0,60
2001-07-28T13:00,13.8,74,0,2.76,226,0,38,55
2001-07-28T14:00,18.2,61,0,2.06,231,0,184,75
2001-07-28T15:00,22.8,43,0,1.17,239,0,372,235
2001-07-28T16:00,25.4,32,0,0.72,236,0,556,650
2001-07-28T17:00,27.2,26,0,0.1,270,16,688,2350
2001-07-28T18:00,28.6,21,0,0.54,22,26,828,3060
2001-07-28T19:00,29.2,15,0,0.67,27,32,780,3155
2001-07-28T20:00,29.8,14,0,0.63,72,37,796,3230
2001-07-28T21:00,30,14,0,0.89,117,48,725,3215
2001-07-28T22:00,30,15,0,3.19,122,14,638,4430
2001-07-28T23:00,29.9,15,0,3.41,148,63,545,3495
2001-07-29T00:00,29.3,17,0,3.26,162,52,343,2805
2001-07-29T01:00,27.7,23,0,4.22,144,9,210,870
2001-07-29T02:00,24.9,32,0,4.34,151,0,61,565
2001-07-29T03:00,22.8,39,0,4.22,166,0,0,455
2001-07-29T04:00,21.6,41,0,4.1,180,0,0,355
2001-07-29T05:00,20.5,44,0,4.08,191,0,0,255
2001-07-29T06:00,19.4,47,0,3.96,201,0,0,215
2001-07-29T07:00,18.2,48,0,3.8,207,0,0,180
2001-07-29T08:00,17.4,51,0,3.64,212,0,0,140
2001-07-29T09:00,16.5,54,0,3.5,217,0,0,95
2001-07-29T10:00,15.7,57,0,3.47,221,0,0,70
2001-07-29T11:00,15,60,0,3.32,224,0,0,55
2001-07-29T12:00,14.4,62,0,3.18,224,0,0,45
2001-07-29T13:00,15.3,62,0,3.25,225,0,38,45
2001-07-29T14:00,19.5,55,0,2.97,225,0,186,65
2001-07-29T15:00,24.9,38,0,2.13,221,0,377,150
2001-07-29T16:00,28.6,24,0,1.79,207,0,561,560
2001-07-29T17:00,30.8,15,0,1.48,208,26,711,3425
2001-07-29T18:00,31.7,13,0,1.36,216,57,791,3720
2001-07-29T19:00,32.2,12,0,1.66,213,55,611,3890
2001-07-29T20:00,32.5,12,0,1.99,198,57,644,4050
2001-07-29T21:00,33,12,0,2.51,185,39,707,4100
2001-07-29T22:00,32.9,12,0,2.69,165,72,603,4540
2001-07-29T23:00,32.3,13,0,2.94,170,85,412,4085
2001-07-30T00:00,31.5,14,0,3.14,149,63,289,1295
2001-07-30T01:00,30.2,19,0,3.36,150,59,175,495
2001-07-30T02:00,27.9,24,0,2.93,172,35,41,265
2001-07-30T03:00,25.1,31,0,2.61,184,3,0,170
2001-07-30T04:00,22.1,39,0,2.6,196,0,0,125
2001-07-30T05:00,20,47,0,2.92,202,0,0,115
2001-07-30T06:00,19,49,0,3.09,209,0,0,105
2001-07-30T07:00,18.2,48,0,3.28,211,0,0,95
2001-07-30T08:00,17.4,50,0,3.44,216,0,0,80
2001-07-30T09:00,16.7,50,0,3.48,219,0,0,70
2001-07-30T10:00,16.1,51,0,3.05,221,0,0,50
2001-07-30T11:00,15.4,52,0,2.98,220,0,0,40
2001-07-30T12:00,15,52,0,2.84,219,0,0,40
2001-07-30T13:00,16,51,0,2.91,221,0,37,40
2001-07-30T14:00,20.2,47,0,2.48,223,0,186,55
2001-07-30T15:00,26,32,0,1.49,228,0,375,120
2001-07-30T16:00,29.6,19,0,0.57,225,2,559,800
2001-07-30T17:00,31.5,14,0,0.81,97,0,715,3330
2001-07-30T18:00,32.5,13,0,1.75,114,19,830,3705
2001-07-30T19:00,32.9,12,0,1.86,144,42,788,3745
2001-07-30T20:00,33,13,0,2.12,161,72,724,3795
2001-07-30T21:00,33,13,0,2.38,165,97,641,3850
2001-07-30T22:00,32.4,14,0,4.34,154,97,492,3665
2001-07-30T23:00,31.9,15,0,4.19,147,99,312,2370
2001-07-31T00:00,31.4,16,0,3.19,148,97,178,2380
2001-07-31T01:00,29.9,21,0,1.25,151,100,49,140
2001-07-31T02:00,28.3,26,0,0.73,254,99,0,35
2001-07-31T03:00,25.5,33,0,1.49,228,97,0,45
2001-07-31T04:00,23.3,37,0,2.36,216,98,0,50
2001-07-31T05:00,21.4,43,0,2.94,215,100,0,70
2001-07-31T06:00,20.9,46,0,3.74,214,100,0,120
2001-07-31T07:00,21.8,47,0,3.89,222,98,0,315
2001-07-31T08:00,21.3,49,0,2.97,225,84,0,215
2001-07-31T09:00,20.1,54,0.3,3.09,209,59,0,140
2001-07-31T10:00,19.2,59,0,2.88,214,69,0,100
2001-07-31T11:00,18.7,62,0,2.86,216,8,0,85
2001-07-31T12:00,17.9,66,0,2.77,221,12,0,70
2001-07-31T13:00,18.1,67,0,2.83,222,18,31,70
2001-07-31T14:00,20.9,59,0,2.27,221,7,166,110
2001-07-31T15:00,24.3,44,0,2.13,221,1,352,945
2001-07-31T16:00,26.4,35,0,2.02,250,0,490,1445
2001-07-31T17:00,28.1,30,0,1.32,279,24,656,2195
2001-07-31T18:00,29.3,27,0,0.58,301,23,716,2530
2001-07-31T19:00,29.8,25,0,0.1,360,25,792,2865
2001-07-31T20:00,30.2,25,0,0,270,32,645,2980
2001-07-31T21:00,30.5,25,0,0.32,108,28,682,3140
2001-07-31T22:00,30.6,24,0,1.49,200,57,581,1440
2001-07-31T23:00,30.3,25,0,0.61,99,61,369,1945
2001-08-01T00:00,28.9,27,0,2.28,75,62,120,295
2001-08-01T01:00,27.7,31,0,2.53,81,48,63,520
2001-08-01T02:00,25.2,41,0.3,1.06,49,71,27,315
2001-08-01T03:00,24,47,0,1.42,39,73,0,95
2001-08-01T04:00,22.7,51,0,0.9,180,81,0,25
2001-08-01T05:00,21.9,55,0,1.13,225,81,0,25
2001-08-01T06:00,20.8,60,0,1.13,225,57,0,25
2001-08-01T07:00,18.2,84,0,1.49,222,45,0,30
2001-08-01T08:00,17.6,84,0,1.56,230,43,0,30
2001-08-01T09:00,17.3,81,0,1.7,230,62,0,35
2001-08-01T10:00,17,78,0,2.56,219,68,0,55
2001-08-01T11:00,16.9,75,0,2.4,225,79,0,45
2001-08-01T12:00,16.7,74,0,2,233,59,0,40
2001-08-01T13:00,17.4,75,0,1.89,238,48,15,40
2001-08-01T14:00,19.9,66,0,1.12,260,33,89,105
2001-08-01T15:00,22.4,53,0,0.82,346,19,166,440
2001-08-01T16:00,24.3,46,0,1.9,18,12,365,1000
2001-08-01T17:00,25.2,42,0,2.44,35,35,445,1630
2001-08-01T18:00,26.6,37,0,1.93,21,37,625,1720
2001-08-01T19:00,27.1,34,0,2.5,16,24,570,1945
2001-08-01T20:00,27.9,31,0,2.58,36,62,696,2060
2001-08-01T21:00,28,31,0,1.86,54,95,587,2095
2001-08-01T22:00,26,39,0.1,1.43,78,96,313,780
2001-08-01T23:00,22.5,59,1,0.7,90,99,100,340
2001-08-02T00:00,21.5,71,0.4,0.57,315,94,76,195
2001-08-02T01:00,22,64,0,1.75,301,95,72,290
2001-08-02T02:00,21.6,66,0,1.75,329,91,19,240
2001-08-02T03:00,20.6,72,0.3,0.42,45,49,0,60
2001-08-02T04:00,19.2,81,0.3,1.03,151,60,0,25
2001-08-02T05:00,18.6,84,0,1.06,221,88,0,25
2001-08-02T06:00,18,87,0,1.7,220,92,0,35
2001-08-02T07:00,16.3,95,0,1.89,212,88,0,40
2001-08-02T08:00,16.1,94,0,2.11,211,67,0,45
2001-08-02T09:00,15.6,93,0,2.39,213,24,0,55
2001-08-02T10:00,15.3,93,0,2.25,212,67,0,65
2001-08-02T11:00,14.8,94,0,2.33,211,49,0,65
2001-08-02T12:00,14.4,94,0,2.42,210,40,0,65
2001-08-02T13:00,14.9,93,0,2.52,214,27,27,75
2001-08-02T14:00,18.1,85,0,2.16,214,15,152,110
2001-08-02T15:00,21.7,68,0,1.72,216,7,333,230
2001-08-02T16:00,24.9,49,0,1.17,211,1,510,760
2001-08-02T17:00,27.1,37,0,0.81,210,10,647,1670
2001-08-02T18:00,28.3,32,0,0.36,236,26,693,2365
2001-08-02T19:00,28.8,32,0,0.2,90,30,550,2755
2001-08-02T20:00,29.7,31,0,0.3,90,24,732,2860
2001-08-02T21:00,28.5,34,0,1.64,308,100,417,2470
2001-08-02T22:00,26.9,38,0,0.81,83,97,170,570
2001-08-02T23:00,22.6,65,2.1,1.2,95,76,64,550
2001-08-03T00:00,22.5,63,0.2,0.86,234,85,127,585
2001-08-03T01:00,22.7,61,0,0.72,214,84,72,355
2001-08-03T02:00,21.9,67,0,1.71,173,86,11,155
2001-08-03T03:00,20.6,73,0,2.73,188,74,0,180
2001-08-03T04:00,19.6,76,0,2.39,213,66,0,105
2001-08-03T05:00,18.6,79,0,2.2,219,66,0,60
2001-08-03T06:00,17.7,79,0,2.13,221,72,0,45
2001-08-03T07:00,16.7,86,0,2.2,219,67,0,45
2001-08-03T08:00,16.1,85,0,2.34,220,73,0,45
2001-08-03T09:00,15.7,85,0,2.48,220,72,0,50
2001-08-03T10:00,15.3,83,0,2.97,225,78,0,80
2001-08-03T11:00,15,81,0,2.84,231,63,0,70
2001-08-03T12:00,14.5,81,0,2.84,231,9,0,60
2001-08-03T13:00,15.1,79,0,2.91,229,1,28,60
2001-08-03T14:00,18.8,67,0,2.13,229,0,157,85
2001-08-03T15:00,23,49,0,1.3,238,0,343,230
2001-08-03T16:00,25.6,38,0,0.51,281,0,526,660
2001-08-03T17:00,27.3,33,0,0.85,21,3,684,1265
2001-08-03T18:00,28.7,28,0,1.39,30,7,791,1960
2001-08-03T19:00,29.4,22,0,1.72,36,6,758,2230
2001-08-03T20:00,29.9,20,0,1.56,40,12,793,2305
2001-08-03T21:00,30.3,20,0,1.06,49,9,770,2405
2001-08-03T22:00,30.2,19,0,1.9,93,21,628,2635
2001-08-03T23:00,29.8,20,0,1.22,99,31,419,2310
2001-08-04T00:00,29.1,21,0,1.43,168,43,314,2210
2001-08-04T01:00,27.9,28,0,2.2,180,63,150,455
2001-08-04T02:00,25.4,37,0,2.51,203,78,36,120
2001-08-04T03:00,22.9,48,0,2.46,207,86,0,70
2001-08-04T04:00,20.9,58,0,2.64,205,91,0,85
2001-08-04T05:00,19.8,65,0,2.56,211,87,0,80
2001-08-04T06:00,18.8,70,0,2.52,214,73,0,60
2001-08-04T07:00,18.3,74,0,2.58,216,70,0,60
2001-08-04T08:00,17.7,75,0,2.72,216,64,0,60
2001-08-04T09:00,17.3,76,0,2.78,218,19,0,60
2001-08-04T10:00,16.8,76,0,3.04,226,0,0,60
2001-08-04T11:00,16.2,77,0,2.91,229,0,0,50
2001-08-04T12:00,15.7,78,0,2.64,233,0,0,45
2001-08-04T13:00,16.3,75,0,2.75,237,1,27,45
2001-08-04T14:00,20.1,62,0,2.01,243,0,159,75
2001-08-04T15:00,24.4,45,0,1.33,283,0,340,455
2001-08-04T16:00,26.8,35,0,1.8,341,3,525,1125
2001-08-04T17:00,28.3,31,0,2.01,6,6,674,1805
2001-08-04T18:00,29.4,28,0,2.1,25,4,783,2250
2001-08-04T19:00,29.8,28,0,2.19,43,21,806,2540
2001-08-04T20:00,30.3,27,0,1.84,61,41,807,2650
2001-08-04T21:00,30.4,27,0,1.73,80,81,653,2580
2001-08-04T22:00,30.2,28,0,0.8,90,64,440,2525
2001-08-04T23:00,29,31,0,1.21,66,48,172,1745
2001-08-05T00:00,26.5,41,0.2,1.75,301,81,30,655
2001-08-05T01:00,25.6,47,0,2.52,277,93,49,375
2001-08-05T02:00,24.1,55,0,1.55,255,94,18,150
2001-08-05T03:00,22.3,63,0,1.48,242,84,0,45
2001-08-05T04:00,20.9,69,0,1.58,235,72,0,35
2001-08-05T05:00,20,73,0,1.91,227,67,0,35
2001-08-05T06:00,19,78,0,2.19,227,54,0,35
2001-08-05T07:00,18.2,76,0,2.19,227,31,0,35
2001-08-05T08:00,17.5,75,0,2.33,227,14,0,35
2001-08-05T09:00,17,74,0,2.34,230,11,0,35
2001-08-05T10:00,16.5,74,0,2.58,234,12,0,35
2001-08-05T11:00,16,73,0,2.64,233,18,0,40
2001-08-05T12:00,15.5,74,0,2.58,234,29,0,35
2001-08-05T13:00,16.2,72,0,2.5,233,9,23,35
2001-08-05T14:00,20.5,60,0,1.84,241,1,155,55
2001-08-05T15:00,25.3,40,0,0.92,319,2,345,485
2001-08-05T16:00,27.7,29,0,1.91,43,23,526,1460
2001-08-05T17:00,29.1,26,0,0.94,58,65,678,1385
2001-08-05T18:00,30.1,24,0,1.26,342,45,777,1965
2001-08-05T19:00,29.8,25,0,1.66,327,55,721,2565
2001-08-05T20:00,30.7,23,0,1.6,360,15,738,2700
2001-08-05T21:00,31.1,22,0,1.49,20,4,737,2920
2001-08-05T22:00,30.6,23,0,2.3,34,74,574,2060
2001-08-05T23:00,28.6,27,0,1.08,56,78,203,2080
2001-08-06T00:00,28.2,28,0,0.45,297,82,175,1745
2001-08-06T01:00,27.5,31,0,1.04,253,90,118,60
2001-08-06T02:00,25.5,41,0,1.43,245,90,17,40
2001-08-06T03:00,22.7,53,0,1.66,237,85,0,30
2001-08-06T04:00,20.8,63,0,1.7,230,93,0,30
2001-08-06T05:00,19.7,69,0,2.12,225,92,0,40
2001-08-06T06:00,18.9,72,0,2.13,229,86,0,40
2001-08-06T07:00,18.5,72,0,2.14,233,86,0,35
2001-08-06T08:00,17.9,73,0,1.94,235,90,0,35
2001-08-06T09:00,17.4,74,0,1.89,238,95,0,30
2001-08-06T10:00,17,75,0,1.98,225,98,0,35
2001-08-06T11:00,16.6,75,0,2.06,231,93,0,35
2001-08-06T12:00,16.4,74,0,2.14,233,94,0,35
2001-08-06T13:00,17.3,72,0,2.28,232,89,15,35
2001-08-06T14:00,20.9,59,0,1.78,232,90,87,55
2001-08-06T15:00,24.4,39,0,1,276,92,246,335
2001-08-06T16:00,26,39,0,1.36,343,72,369,915
2001-08-06T17:00,27.4,38,0,1.71,7,5,584,1615
2001-08-06T18:00,28.6,36,0,1.7,40,18,734,2960
2001-08-06T19:00,29.3,35,0,1.73,100,64,657,2575
2001-08-06T20:00,27.7,42,1.8,2.14,143,57,661,2745
2001-08-06T21:00,28.2,39,0,1,217,53,551,2500
2001-08-06T22:00,27.6,40,0.1,3.2,250,58,276,980
2001-08-06T23:00,25.6,49,0.4,1.22,215,96,188,375
2001-08-07T00:00,23.9,56,0.4,0.41,194,97,170,110
2001-08-07T01:00,22.1,63,0.1,1.42,309,90,34,130
2001-08-07T02:00,21.5,66,0,0.58,329,86,11,130
2001-08-07T03:00,20.9,69,0,0.92,131,88,0,85
2001-08-07T04:00,20,74,0,1.06,221,74,0,105
2001-08-07T05:00,19.1,78,0,1.35,222,59,0,55
2001-08-07T06:00,18.2,83,0,1.5,217,51,0,40
2001-08-07T07:00,17.2,90,0,1.66,213,39,0,40
2001-08-07T08:00,16.6,91,0,1.92,219,17,0,40
2001-08-07T09:00,16,91,0,2.13,221,10,0,40
2001-08-07T10:00,15.5,90,0,2.42,218,5,0,45
2001-08-07T11:00,15,91,0,2.56,219,8,0,45
2001-08-07T12:00,14.5,92,0,2.62,220,12,0,45
2001-08-07T13:00,14.9,90,0,2.83,222,0,22,55
2001-08-07T14:00,18.2,80,0,2.26,225,0,148,80
2001-08-07T15:00,22,64,0,1.28,231,0,327,185
2001-08-07T16:00,25.2,46,0,0.6,180,0,509,730
2001-08-07T17:00,27.3,34,0,2.33,137,4,647,1970
2001-08-07T18:00,28.2,29,0,3.5,149,30,702,2410
2001-08-07T19:00,29.5,24,0,3.45,150,27,667,2740
2001-08-07T20:00,30.1,22,0,3.36,150,16,707,2915
2001-08-07T21:00,30.2,20,0,3.74,146,14,705,2960
2001-08-07T22:00,29.9,20,0,4.22,144,30,624,3075
2001-08-07T23:00,29.5,20,0,3.8,153,37,394,2935
2001-08-08T00:00,28.9,20,0,3.35,153,36,321,2715
2001-08-08T01:00,27.8,23,0,2.56,149,16,173,750
2001-08-08T02:00,25.8,28,0,2.24,170,8,40,160
2001-08-08T03:00,23.7,32,0,2.12,172,5,0,165
2001-08-08T04:00,21.8,36,0,2.5,178,2,0,180
2001-08-08T05:00,19.7,43,0,2.71,184,2,0,165
2001-08-08T06:00,18,50,0,2.69,195,2,0,135
2001-08-08T07:00,17.2,56,0,2.66,200,1,0,105
2001-08-08T08:00,16.5,59,0,2.68,207,0,0,90
2001-08-08T09:00,16,62,0,2.75,213,0,0,75
2001-08-08T10:00,15.6,65,0,2.78,218,0,0,75
2001-08-08T11:00,15.1,68,0,2.83,225,0,0,60
2001-08-08T12:00,14.6,72,0,2.62,230,2,0,50
2001-08-08T13:00,15,73,0,2.62,230,4,23,45
2001-08-08T14:00,18.5,64,0,1.98,229,3,143,75
2001-08-08T15:00,23.1,47,0,1.21,246,2,330,350
2001-08-08T16:00,25.6,38,0,0.92,311,2,515,810
2001-08-08T17:00,26.9,34,0,0.92,347,19,642,1930
2001-08-08T18:00,28,30,0,0.82,14,11,725,2355
2001-08-08T19:00,29.3,24,0,1.21,24,6,761,2785
2001-08-08T20:00,30,23,0,1.61,30,5,788,2905
2001-08-08T21:00,30.3,21,0,2.4,360,34,690,2930
2001-08-08T22:00,29.2,23,0,2.45,348,44,505,2825
2001-08-08T23:00,26.2,37,0.5,4.19,320,55,362,675
2001-08-09T00:00,25.3,41,0.2,2.86,324,77,200,660
2001-08-09T01:00,24.5,43,0,0.7,360,71,89,270
2001-08-09T02:00,23.4,48,0,1.14,218,66,21,75
2001-08-09T03:00,21.8,54,0,1.52,247,74,0,55
2001-08-09T04:00,19.5,65,0,1.9,273,57,0,65
2001-08-09T05:00,18.6,69,0,2.02,279,43,0,80
2001-08-09T06:00,18,72,0,2.11,301,44,0,110
2001-08-09T07:00,18.4,65,0,3.55,350,63,0,470
2001-08-09T08:00,16.7,80,0.4,3.4,358,68,0,710
2001-08-09T09:00,15.4,90,2,2.42,322,99,0,375
2001-08-09T10:00,14.7,97,2,0.71,315,96,0,180
2001-08-09T11:00,14.6,98,2.2,0.81,353,97,0,175
2001-08-09T12:00,14.6,97,1.9,2.46,333,98,0,335
2001-08-09T13:00,14.5,98,1,3.11,354,99,2,335
2001-08-09T14:00,14.7,98,0.7,3.11,6,98,5,525
2001-08-09T15:00,15.6,99,0.7,2.77,13,91,28,630
2001-08-09T16:00,16,99,1.1,2.69,22,99,25,915
2001-08-09T17:00,16.1,98,1.6,3.23,22,100,11,930
2001-08-09T18:00,15.8,98,2.5,3.2,14,89,4,635
2001-08-09T19:00,15.6,91,0.6,3.7,19,83,86,660
2001-08-09T20:00,15.6,88,0.8,3.27,23,95,29,860
2001-08-09T21:00,16.1,84,0.2,2.86,25,92,61,840
2001-08-09T22:00,15.7,80,0.3,1.44,34,100,62,550
2001-08-09T23:00,16.3,74,0,1.36,54,100,107,545
2001-08-10T00:00,16.3,73,0,1.25,61,100,56,575
2001-08-10T01:00,16.3,70,0,1.41,82,100,22,625
2001-08-10T02:00,15.9,71,0,1.61,97,100,9,570
2001-08-10T03:00,15.6,72,0,1.32,99,100,0,475
2001-08-10T04:00,15.4,76,0,1.12,100,100,0,445
2001-08-10T05:00,15.5,74,0,0.72,124,100,0,370
2001-08-10T06:00,15.4,75,0,1.06,139,97,0,335
2001-08-10T07:00,15.4,77,0,1.58,145,96,0,260
2001-08-10T08:00,15.4,78,0,1.92,152,98,0,300
2001-08-10T09:00,15.2,79,0,2.21,162,96,0,315
2001-08-10T10:00,14.8,81,0,2.77,193,41,0,385
2001-08-10T11:00,14.4,83,0,2.18,196,46,0,250
2001-08-10T12:00,13.9,86,0,1.48,208,50,0,120
2001-08-10T13:00,13.9,87,0,1.42,219,59,12,105
2001-08-10T14:00,16.1,78,0,0.98,246,48,114,210
2001-08-10T15:00,18.3,68,0,0.89,333,68,251,550
2001-08-10T16:00,19.9,61,0,1.32,9,95,236,730
2001-08-10T17:00,21.2,57,0,1.52,23,94,305,900
2001-08-10T18:00,21.9,54,0,1.17,31,99,360,915
2001-08-10T19:00,21,57,0,1.2,355,97,207,960
2001-08-10T20:00,21.8,53,0,1.92,39,55,265,1045
2001-08-10T21:00,22.5,50,0,1.56,40,78,487,1245
2001-08-10T22:00,22.3,49,0,1.39,60,94,302,1475
2001-08-10T23:00,22.2,48,0,1.75,66,89,174,1365
2001-08-11T00:00,21.3,50,0.1,1.2,48,97,142,230
2001-08-11T01:00,20.1,55,0.1,1.51,278,100,34,250
2001-08-11T02:00,18.4,66,0.2,1.75,246,100,7,235
2001-08-11T03:00,17.5,71,0,2.69,211,100,0,150
2001-08-11T04:00,16.7,77,0,3.04,207,94,0,120
2001-08-11T05:00,15.8,82,0,3.08,216,61,0,105
2001-08-11T06:00,14.7,87,0,2.83,225,38,0,70
2001-08-11T07:00,13,95,0,2.83,225,44,0,55
2001-08-11T08:00,12.3,95,0,3.04,224,44,0,55
2001-08-11T09:00,11.5,95,0,3.04,224,41,0,50
2001-08-11T10:00,10.9,96,0,3.2,231,5,0,55
2001-08-11T11:00,10.5,95,0,2.86,234,12,0,45
2001-08-11T12:00,10,96,0,2.58,234,34,0,40
2001-08-11T13:00,10.6,95,0,2.36,234,12,19,40
2001-08-11T14:00,14.1,90,0,1.84,229,0,134,55
2001-08-11T15:00,18.3,73,0,1,233,0,305,135
2001-08-11T16:00,21.6,49,0,0.42,225,0,498,510
2001-08-11T17:00,23.2,39,0,0.45,117,11,574,955
2001-08-11T18:00,24.5,34,0,0.82,104,33,691,1640
2001-08-11T19:00,25.5,26,0,1.22,81,15,812,2265
2001-08-11T20:00,25.8,25,0,1.8,87,25,621,2340
2001-08-11T21:00,25.9,25,0,1.42,39,61,561,1720
2001-08-11T22:00,25.9,26,0,1.2,42,65,605,1990
2001-08-11T23:00,25.5,26,0,1.26,342,55,456,1800
2001-08-12T00:00,24.1,32,0,1.79,333,32,170,480
2001-08-12T01:00,22.9,40,0,0.94,328,30,114,150
2001-08-12T02:00,21.5,47,0,0.89,243,44,31,20
2001-08-12T03:00,19.3,57,0,1.22,215,53,0,30
2001-08-12T04:00,17.7,64,0,1.8,214,33,0,30
2001-08-12T05:00,16.1,73,0,2.28,218,12,0,35
2001-08-12T06:00,14.6,81,0,2.42,218,9,0,40
2001-08-12T07:00,14.4,73,0,2.58,216,6,0,40
2001-08-12T08:00,14.1,73,0,2.88,214,12,0,45
2001-08-12T09:00,13.7,73,0,3.02,214,12,0,50
2001-08-12T10:00,13.4,74,0,3.11,222,12,0,60
2001-08-12T11:00,13.1,75,0,3.05,221,17,0,55
2001-08-12T12:00,12.6,76,0,2.9,224,3,0,50
2001-08-12T13:00,13.1,75,0,2.76,226,0,20,45
2001-08-12T14:00,16.6,68,0,2.33,227,0,152,60
2001-08-12T15:00,21.5,51,0,1.42,231,0,340,150
2001-08-12T16:00,24.7,36,0,0.4,270,3,524,525
2001-08-12T17:00,26.7,28,0,1.12,10,29,679,1155
2001-08-12T18:00,27.9,23,0,2.26,13,49,733,2480
2001-08-12T19:00,27.5,24,0,2.56,21,37,734,2660
2001-08-12T20:00,27.6,23,0,2.77,26,41,736,2625
2001-08-12T21:00,27.4,23,0,2.94,35,6,614,2575
2001-08-12T22:00,27.1,23,0,2.67,13,41,542,1725
2001-08-12T23:00,25.8,27,0,2.18,344,37,344,1480
2001-08-13T00:00,24.7,31,0,1.36,343,22,256,1390
2001-08-13T01:00,23.5,36,0,1.24,346,12,137,35
2001-08-13T02:00,22.5,40,0,1.13,315,7,31,30
2001-08-13T03:00,19.8,52,0,1.26,288,11,0,30
2001-08-13T04:00,18.1,56,0,1.53,281,18,0,35
2001-08-13T05:00,16.7,62,0,1.5,266,19,0,35
2001-08-13T06:00,15.8,66,0,1.39,249,38,0,30
2001-08-13T07:00,15.3,72,0,1.22,235,50,0,25
2001-08-13T08:00,14.3,76,0,1.06,221,57,0,20
2001-08-13T09:00,13.4,80,0,1.42,219,93,0,25
2001-08-13T10:00,12.9,84,0,1.7,230,95,0,35
2001-08-13T11:00,12.5,86,0,1.56,230,94,0,30
2001-08-13T12:00,12.2,87,0,1.49,222,98,0,25
2001-08-13T13:00,12.7,86,0,1.64,218,97,11,35
2001-08-13T14:00,16.4,74,0,1.28,219,69,68,70
2001-08-13T15:00,20.3,56,0,0.73,164,42,178,290
2001-08-13T16:00,22.9,47,0,1.22,125,15,360,625
2001-08-13T17:00,24.9,42,0,1.8,124,25,479,1095
2001-08-13T18:00,26.1,39,0,1.63,137,37,398,1785
2001-08-13T19:00,27.2,37,0,1.92,141,86,650,2350
2001-08-13T20:00,27.7,36,0,2.22,144,93,603,2760
2001-08-13T21:00,27.7,37,0,2.4,163,93,557,2625
2001-08-13T22:00,26.9,38,0,2.15,208,99,259,820
2001-08-13T23:00,23.1,51,1.4,2.28,285,99,29,380
2001-08-14T00:00,21.8,62,0.1,1.65,284,95,42,230
2001-08-14T01:00,20.7,71,0,1.1,180,92,39,180
2001-08-14T02:00,20.2,73,0,2.51,185,87,10,330
2001-08-14T03:00,19,76,0,2.94,215,98,0,270
2001-08-14T04:00,18.2,77,0,2.36,216,100,0,165
2001-08-14T05:00,17.7,75,0,2.15,208,99,0,130
2001-08-14T06:00,17.6,74,0,2.06,194,98,0,90
2001-08-14T07:00,16.1,84,0,2.11,211,100,0,80
2001-08-14T08:00,15.5,88,0.2,1.75,211,99,0,60
2001-08-14T09:00,15.2,89,0.1,1.8,214,99,0,65
2001-08-14T10:00,15,90,0,2.2,219,100,0,55
2001-08-14T11:00,14.9,90,0,1.84,229,96,0,45
2001-08-14T12:00,14.8,90,0,1.8,236,96,0,40
2001-08-14T13:00,14.9,90,0,1.97,240,99,1,40
2001-08-14T14:00,16.4,88,0,1.26,252,94,52,60
2001-08-14T15:00,18.4,78,0,0.58,329,78,78,290
2001-08-14T16:00,20.5,63,0,1.02,11,58,220,620
2001-08-14T17:00,22.3,55,0,1.21,24,50,533,1030
2001-08-14T18:00,22.7,54,0.3,2.02,33,43,466,1410
2001-08-14T19:00,22.9,56,0.4,3.38,34,53,589,1575
2001-08-14T20:00,19.6,70,7,2.75,19,95,318,910
2001-08-14T21:00,18.9,73,1.8,2.1,360,91,67,410
2001-08-14T22:00,19.8,71,0.5,0.64,51,100,140,540
2001-08-14T23:00,18.8,75,0.8,1.64,218,96,58,295
2001-08-15T00:00,19.1,77,0,1.86,234,82,93,290
2001-08-15T01:00,18.9,80,0,1.6,270,85,79,240
2001-08-15T02:00,18.2,82,0,1.9,252,42,9,120
2001-08-15T03:00,17.1,85,0,1.55,255,52,0,65
2001-08-15T04:00,16.1,87,0,1.33,257,52,0,45
2001-08-15T05:00,15.4,86,0,1.77,254,46,0,60
2001-08-15T06:00,15.7,80,0,2.42,263,52,0,130
2001-08-15T07:00,15.9,70,0,2.9,270,57,0,170
2001-08-15T08:00,15.5,67,0,3.4,270,62,0,215
2001-08-15T09:00,14.8,67,0,3.31,265,8,0,170
2001-08-15T10:00,14.1,69,0,2.82,253,84,0,100
2001-08-15T11:00,13.6,70,0,2.91,266,75,0,125
2001-08-15T12:00,13.2,71,0,2.8,272,61,0,135
2001-08-15T13:00,13.4,73,0,2.8,268,54,12,135
2001-08-15T14:00,16,67,0,2.6,270,26,93,230
2001-08-15T15:00,18.9,55,0,2.1,295,4,319,485
2001-08-15T16:00,21,38,0,2.61,356,4,507,1250
2001-08-15T17:00,22,34,0,2.77,13,10,653,1735
2001-08-15T18:00,22.6,33,0,2.66,20,13,695,2000
2001-08-15T19:00,22.8,35,0,2.28,15,80,684,2015
2001-08-15T20:00,22,38,0.6,1.56,315,71,538,1175
2001-08-15T21:00,22.4,38,0,1.92,321,72,477,1505
2001-08-15T22:00,22.4,38,0,2.12,352,66,352,865
2001-08-15T23:00,21.9,40,0,1.41,45,46,355,1030
2001-08-16T00:00,20.4,45,0.2,1.5,90,62,192,970
2001-08-16T01:00,19.5,48,0,1.2,5,86,71,125
2001-08-16T02:00,17.7,56,0.1,1.39,291,80,4,100
2001-08-16T03:00,16.7,61,0,1.21,246,49,0,85
2001-08-16T04:00,15.3,70,0,1.21,246,24,0,40
2001-08-16T05:00,14.1,77,0,1.42,231,10,0,30
2001-08-16T06:00,13.2,80,0,1.27,225,3,0,25
2001-08-16T07:00,12.2,87,0,1.13,225,3,0,20
2001-08-16T08:00,11.3,90,0,1.28,219,1,0,25
2001-08-16T09:00,10.8,89,0,1.56,220,15,0,25
2001-08-16T10:00,10.4,89,0,2.26,225,0,0,45
2001-08-16T11:00,10,90,0,2.34,220,3,0,50
2001-08-16T12:00,9.8,89,0,2.27,221,7,0,55
2001-08-16T13:00,10.4,88,0,2.33,223,6,15,60
2001-08-16T14:00,13.9,79,0,1.57,243,2,128,90
2001-08-16T15:00,17.4,65,0,0.99,315,4,291,260
2001-08-16T16:00,20,53,0,1.36,17,5,483,705
2001-08-16T17:00,21.8,45,0,1.58,35,11,654,1020
2001-08-16T18:00,23.2,39,0,1.84,49,25,765,1390
2001-08-16T19:00,22.8,43,0,2.33,65,47,736,1725
2001-08-16T20:00,23.1,39,0,2.46,63,56,596,1690
2001-08-16T21:00,21,47,0.4,1.06,41,91,310,1790
2001-08-16T22:00,20.4,54,1.1,1.57,243,82,217,630
2001-08-16T23:00,19.4,60,0.3,1.75,301,81,196,675
2001-08-17T00:00,19.5,60,0,3.92,341,87,103,690
2001-08-17T01:00,18.9,61,0,1.64,322,90,60,320
2001-08-17T02:00,18,65,0,1.5,233,71,10,80
2001-08-17T03:00,16.4,74,0,1.3,238,74,0,25
2001-08-17T04:00,14.9,80,0,1.14,232,55,0,20
2001-08-17T05:00,13.4,87,0,0.85,225,19,0,15
2001-08-17T06:00,12.4,91,0,1.2,222,1,0,20
2001-08-17T07:00,11.4,91,0,1.56,220,0,0,25
2001-08-17T08:00,10.8,91,0,1.84,221,0,0,30
2001-08-17T09:00,10.4,91,0,2.05,223,0,0,35
2001-08-17T10:00,10.1,90,0,3.04,224,0,0,55
2001-08-17T11:00,10,89,0,2.84,231,1,0,50
2001-08-17T12:00,9.7,88,0,2.64,233,0,0,45
2001-08-17T13:00,10.2,87,0,2.58,234,2,15,40
2001-08-17T14:00,14,80,0,2.02,237,0,140,55
2001-08-17T15:00,18.5,63,0,0.92,257,0,328,165
2001-08-17T16:00,21.3,46,0,1.08,34,3,515,650
2001-08-17T17:00,23.3,37,0,2.31,5,63,662,770
2001-08-17T18:00,24.4,33,0,2.06,29,34,755,1445
2001-08-17T19:00,23.1,32,0,2.06,51,13,717,2085
2001-08-17T20:00,24,30,0,2.36,36,31,777,2360
2001-08-17T21:00,24.4,29,0,2.47,21,34,787,2345
2001-08-17T22:00,24.1,30,0,3.31,25,80,498,2305
2001-08-17T23:00,23.6,31,0,3,334,76,418,1075
2001-08-18T00:00,22.6,33,0,1.1,275,45,249,455
2001-08-18T01:00,21.2,42,0,0.85,225,38,112,145
2001-08-18T02:00,18.9,54,0,1.49,228,28,19,40
2001-08-18T03:00,16.8,65,0,1.49,228,8,0,25
2001-08-18T04:00,15.3,73,0,1.7,225,1,0,25
2001-08-18T05:00,14.3,77,0,1.84,225,0,0,25
2001-08-18T06:00,13.4,80,0,1.77,223,1,0,25
2001-08-18T07:00,12.2,86,0,1.84,221,2,0,25
2001-08-18T08:00,11.6,86,0,1.91,223,8,0,25
2001-08-18T09:00,11.3,84,0,1.98,225,4,0,25
2001-08-18T10:00,10.8,84,0,2.83,222,0,0,45
2001-08-18T11:00,10.4,83,0,3.11,222,0,0,45
2001-08-18T12:00,10.2,81,0,3.11,222,0,0,45
2001-08-18T13:00,10.8,77,0,3.26,223,0,16,45
2001-08-18T14:00,14.6,69,0,3.04,224,0,146,60
2001-08-18T15:00,19.9,52,0,2.13,229,0,340,140
2001-08-18T16:00,23.4,34,0,1.7,225,0,530,495
2001-08-18T17:00,25.5,22,0,0.78,220,2,692,2120
2001-08-18T18:00,26.7,19,0,0.51,79,0,805,2815
2001-08-18T19:00,27.6,18,0,0.81,60,13,857,3000
2001-08-18T20:00,28.1,18,0,0.8,90,17,842,3100
2001-08-18T21:00,28.3,19,0,0.98,114,13,727,3100
2001-08-18T22:00,28.2,19,0,1.12,80,44,618,3280
2001-08-18T23:00,27.9,20,0,1.5,127,22,506,2370
2001-08-19T00:00,27.3,22,0,0.81,150,47,298,685
2001-08-19T01:00,26,29,0,1.08,248,46,163,35
2001-08-19T02:00,23.2,35,0,1.56,230,23,19,25
2001-08-19T03:00,20.5,43,0,1.98,225,18,0,25
2001-08-19T04:00,18.3,51,0,2.26,225,10,0,30
2001-08-19T05:00,16.9,57,0,2.48,227,5,0,30
2001-08-19T06:00,16,61,0,2.55,228,0,0,30
2001-08-19T07:00,14.5,66,0,2.69,228,4,0,35
2001-08-19T08:00,14,65,0,2.77,229,13,0,35
2001-08-19T09:00,13.5,63,0,2.83,228,29,0,35
2001-08-19T10:00,13.3,61,0,3.04,226,16,0,35
2001-08-19T11:00,13,60,0,2.9,226,5,0,35
2001-08-19T12:00,12.5,60,0,2.9,226,4,0,35
2001-08-19T13:00,12.8,61,0,2.97,225,3,15,35
2001-08-19T14:00,16.5,57,0,2.9,226,0,143,45
2001-08-19T15:00,22.2,44,0,2.19,227,0,335,90
2001-08-19T16:00,26.4,28,0,1.7,225,0,526,385
2001-08-19T17:00,28.8,18,0,1.17,239,1,687,2095
2001-08-19T18:00,29.9,15,0,0.32,18,20,790,3460
2001-08-19T19:00,30.8,13,0,0.5,37,60,769,3310
2001-08-19T20:00,30.5,12,0,1.84,283,85,502,3540
2001-08-19T21:00,29.3,16,0,2.21,265,99,306,1745
2001-08-19T22:00,28.1,20,0,1.61,330,94,89,600
2001-08-19T23:00,28.2,20,0,1.61,83,85,266,695
2001-08-20T00:00,27.2,28,0,1.08,56,99,162,390
2001-08-20T01:00,24.6,39,0,1.55,345,98,25,70
2001-08-20T02:00,21.9,51,0,1.5,307,96,4,70
2001-08-20T03:00,20,59,0,1.53,259,96,0,30
2001-08-20T04:00,18.4,66,0,1.5,233,97,0,25
2001-08-20T05:00,16.9,74,0,1.91,223,98,0,30
2001-08-20T06:00,16,77,0,2.28,218,98,0,35
2001-08-20T07:00,16,72,0,2.58,216,99,0,45
2001-08-20T08:00,15.8,70,0,2.72,216,96,0,50
2001-08-20T09:00,15.4,68,0,2.91,221,96,0,55
2001-08-20T10:00,15.3,66,0,2.76,224,98,0,50
2001-08-20T11:00,14.8,66,0,2.69,225,98,0,45
2001-08-20T12:00,14.6,65,0,2.76,224,96,0,40
2001-08-20T13:00,15,64,0,2.98,220,96,2,45
2001-08-20T14:00,16.9,61,0,3.08,216,98,17,60
2001-08-20T15:00,20.6,52,0,2.5,217,94,77,90
2001-08-20T16:00,24.2,37,0,2.11,211,98,145,310
2001-08-20T17:00,26.6,26,0,2.08,215,99,247,1415
2001-08-20T18:00,27.5,23,0,2.27,229,94,279,2155
2001-08-20T19:00,29,19,0,2.28,232,88,499,2990
2001-08-20T20:00,29.4,19,0,2.56,239,98,438,3375
2001-08-20T21:00,29.3,19,0,2,233,73,430,3375
2001-08-20T22:00,28.9,20,0,2.94,252,53,259,1180
2001-08-20T23:00,28.6,21,0,1.39,249,56,312,1240
2001-08-21T00:00,26.7,31,0,2.42,240,83,154,1630
2001-08-21T01:00,22.6,47,0.2,2.58,234,98,9,1005
2001-08-21T02:00,20.7,52,0.1,1.75,211,98,0,140
2001-08-21T03:00,19.9,53,0,2.06,209,98,0,65
2001-08-21T04:00,18.3,60,0,2.36,216,95,0,50
2001-08-21T05:00,17,65,0,2.41,222,74,0,50
2001-08-21T06:00,16.1,68,0,2.48,220,64,0,50
2001-08-21T07:00,15.4,66,0,2.48,220,67,0,55
2001-08-21T08:00,15.1,68,0,2.33,223,63,0,50
2001-08-21T09:00,14.2,71,0,2.33,223,87,0,50
2001-08-21T10:00,13.6,74,0,2.62,227,71,0,50
2001-08-21T11:00,13.4,74,0,2.56,231,82,0,45
2001-08-21T12:00,13.2,74,0,2.28,232,77,0,40
2001-08-21T13:00,13.3,75,0,2.41,228,55,6,40
2001-08-21T14:00,15.9,68,0,2.13,229,20,103,65
2001-08-21T15:00,20.3,51,0,1.28,231,11,299,320
2001-08-21T16:00,22.7,40,0,1.46,254,11,474,1370
2001-08-21T17:00,24.2,36,0,1.3,270,31,638,1825
2001-08-21T18:00,25.1,35,0,0.58,329,33,610,2330
2001-08-21T19:00,26.6,29,0,0.76,23,30,787,2685
2001-08-21T20:00,27.1,29,0,1.28,39,47,723,2915
2001-08-21T21:00,27.1,29,0,1.49,42,71,540,2945
2001-08-21T22:00,26.6,29,0,2.66,340,78,361,470
2001-08-21T23:00,22.6,48,1.5,4.3,324,84,113,635
2001-08-22T00:00,20.7,62,0.2,2.46,297,73,85,565
2001-08-22T01:00,20.4,62,0,1.3,270,90,53,140
2001-08-22T02:00,19.5,67,0,1.22,261,83,5,65
2001-08-22T03:00,18.1,74,0,2.43,261,82,0,75
2001-08-22T04:00,17,79,0,2.09,253,86,0,55
2001-08-22T05:00,16.1,82,0,1.84,241,85,0,35
2001-08-22T06:00,15.4,84,0,1.8,236,66,0,35
2001-08-22T07:00,15.1,75,0,1.91,227,32,0,35
2001-08-22T08:00,14.5,76,0,2.19,223,23,0,40
2001-08-22T09:00,14.1,76,0,2.19,227,17,0,35
2001-08-22T10:00,13.5,77,0,2.7,219,35,0,50
2001-08-22T11:00,12.9,78,0,2.62,223,67,0,45
2001-08-22T12:00,12.5,78,0,2.55,228,72,0,40
2001-08-22T13:00,12.6,78,0,2.55,228,56,8,45
2001-08-22T14:00,16.2,69,0,2.22,234,53,113,60
2001-08-22T15:00,20.6,49,0,1.08,248,50,276,180
2001-08-22T16:00,22.9,37,0,0.98,336,36,445,795
2001-08-22T17:00,24.1,35,0,1.53,32,24,606,1805
2001-08-22T18:00,24.5,35,0,1.53,58,15,667,2410
2001-08-22T19:00,25.6,34,0,1.7,87,39,592,2475
2001-08-22T20:00,24.9,36,0.1,1.14,75,61,422,2415
2001-08-22T21:00,21.5,52,1.3,1.14,165,90,267,2410
2001-08-22T22:00,21.4,55,0.5,2.62,230,90,125,505
2001-08-22T23:00,20.8,57,0.3,1.75,294,87,111,555
2001-08-23T00:00,20.9,53,0,1.6,266,94,75,475
2001-08-23T01:00,20.1,56,0,1.58,235,91,39,345
2001-08-23T02:00,18.2,66,0.2,1.22,215,97,5,85
2001-08-23T03:00,16.8,72,0.3,1.77,223,99,0,50
2001-08-23T04:00,16.1,74,0,2.05,223,97,0,40
2001-08-23T05:00,15.2,78,0,2.2,231,82,0,45
2001-08-23T06:00,14.5,81,0,2.16,236,57,0,45
2001-08-23T07:00,14.1,75,0,2.14,233,28,0,45
2001-08-23T08:00,13.4,77,0,2.14,233,33,0,40
2001-08-23T09:00,12.5,80,0,2.16,236,21,0,40
2001-08-23T10:00,11.9,81,0,2.25,238,68,0,50
2001-08-23T11:00,11.5,80,0,2.13,229,88,0,50
2001-08-23T12:00,11.1,81,0,2.08,235,95,0,45
2001-08-23T13:00,11.3,80,0,2.08,235,97,7,40
2001-08-23T14:00,14.4,71,0,1.64,232,99,100,50
2001-08-23T15:00,18.6,49,0,0.63,252,100,250,270
2001-08-23T16:00,20.8,42,0,0.45,333,98,475,725
2001-08-23T17:00,22.2,38,0,0.81,30,36,602,1130
2001-08-23T18:00,23,36,0,0.92,41,35,579,1550
2001-08-23T19:00,23.1,33,0,0.98,24,63,686,1855
2001-08-23T20:00,23.8,32,0,1.08,56,75,687,1865
2001-08-23T21:00,24.5,30,0,0.95,72,67,572,1955
2001-08-23T22:00,25.1,29,0,1.53,32,69,612,2800
2001-08-23T23:00,25.2,28,0,1.51,8,23,442,2485
2001-08-24T00:00,24.6,30,0,1.1,5,18,294,2110
2001-08-24T01:00,23.5,36,0,1.06,41,5,97,95
2001-08-24T02:00,22.5,39,0,1.44,56,4,13,35
2001-08-24T03:00,19.9,47,0,0.61,171,4,0,20
2001-08-24T04:00,17.8,55,0,1.42,219,4,0,25
2001-08-24T05:00,15.9,64,0,2.05,223,0,0,25
2001-08-24T06:00,15.2,66,0,2.62,223,1,0,30
2001-08-24T07:00,14.3,63,0,2.9,224,0,0,40
2001-08-24T08:00,13.8,62,0,3.04,226,0,0,40
2001-08-24T09:00,13.3,63,0,3.05,229,0,0,40
2001-08-24T10:00,12.8,65,0,3.2,231,0,0,50
2001-08-24T11:00,12.3,66,0,3.34,231,0,0,50
2001-08-24T12:00,11.9,67,0,3.34,231,0,0,50
2001-08-24T13:00,11.9,67,0,3.34,231,0,11,50
2001-08-24T14:00,15.3,62,0,3.2,231,0,131,60
2001-08-24T15:00,20.9,45,0,2.22,234,0,321,145
2001-08-24T16:00,24.7,29,0,1.92,261,0,511,730
2001-08-24T17:00,26.6,20,0,2.15,332,0,672,2570
2001-08-24T18:00,27.7,18,0,1.5,356,7,788,3045
2001-08-24T19:00,28.3,17,0,0.64,39,16,827,3165
2001-08-24T20:00,28.7,16,0,0.6,90,64,733,3205
2001-08-24T21:00,29,16,0,0.76,113,100,697,3310
2001-08-24T22:00,29.1,16,0,1.25,119,91,565,3570
2001-08-24T23:00,28.9,17,0,0.92,103,78,332,2980
2001-08-25T00:00,28.1,18,0,1.35,42,90,243,750
2001-08-25T01:00,25.8,28,0,1.36,343,73,117,65
2001-08-25T02:00,23.9,36,0,2.3,326,92,6,85
2001-08-25T03:00,21.9,38,0,2.15,298,85,0,75
2001-08-25T04:00,20.3,43,0,1.75,246,82,0,40
2001-08-25T05:00,19.2,45,0,1.28,231,88,0,20
2001-08-25T06:00,18.2,49,0,1.06,229,97,0,15
2001-08-25T07:00,16.5,62,0,1.13,225,100,0,15
2001-08-25T08:00,15.9,65,0,0.94,212,99,0,15
2001-08-25T09:00,15.9,64,0,1.22,215,99,0,20
2001-08-25T10:00,15.3,63,0,1.65,256,97,0,30
2001-08-25T11:00,15,62,0,1.58,252,100,0,40
2001-08-25T12:00,15,59,0,1.82,261,68,0,40
2001-08-25T13:00,15.1,62,0,1.65,256,30,1,30
2001-08-25T14:00,16.7,61,0,1.65,256,39,22,35
2001-08-25T15:00,19.5,53,0,0.76,293,65,41,185
2001-08-25T16:00,22.3,38,0,1.06,131,79,113,960
2001-08-25T17:00,23.7,35,0,2.34,140,62,243,1350
2001-08-25T18:00,24.9,32,0,2.47,148,47,351,1605
2001-08-25T19:00,25.1,34,0,2.25,148,38,614,2015
2001-08-25T20:00,25.8,32,0,2,143,34,666,2250
2001-08-25T21:00,26.2,30,0,1.44,146,53,674,2320
2001-08-25T22:00,26.4,28,0,1.35,138,20,556,1400
2001-08-25T23:00,26,27,0,0.63,108,7,404,1520
2001-08-26T00:00,24.6,28,0.4,0.8,90,1,185,1450
2001-08-26T01:00,22.3,39,0,0.82,76,0,34,85
2001-08-26T02:00,20,48,0,1.1,175,0,5,40
2001-08-26T03:00,18.1,58,0,1.43,192,0,0,45
2001-08-26T04:00,16.5,67,0,1.68,197,0,0,55
2001-08-26T05:00,15.3,74,0,2.01,207,0,0,55
2001-08-26T06:00,14.4,78,0,2.24,207,0,0,50
2001-08-26T07:00,14,75,0,2.47,212,0,0,50
2001-08-26T08:00,13.3,76,0,2.39,213,0,0,45
2001-08-26T09:00,12.8,77,0,2.44,215,0,0,45
2001-08-26T10:00,12.4,78,0,2.66,214,0,0,50
2001-08-26T11:00,11.9,79,0,2.78,218,0,0,45
2001-08-26T12:00,11.4,80,0,2.86,216,0,0,45
2001-08-26T13:00,11.7,78,0,2.88,214,0,9,50
2001-08-26T14:00,15.2,67,0,2.78,210,0,125,80
2001-08-26T15:00,20.6,50,0,2.01,207,0,315,160
2001-08-26T16:00,24.2,33,0,1.46,196,0,506,470
2001-08-26T17:00,26.6,22,0,0.95,162,19,667,1900
2001-08-26T18:00,28.1,18,0,0.85,111,35,783,2740
2001-08-26T19:00,29.1,14,0,0.95,72,6,847,2925
2001-08-26T20:00,29.5,13,0,1.36,54,6,827,2990
2001-08-26T21:00,29.7,13,0,1.75,59,34,755,2945
2001-08-26T22:00,29.8,13,0,2.38,68,63,657,3365
2001-08-26T23:00,28.9,14,0,2.14,37,41,318,2350
2001-08-27T00:00,27.9,17,0,1.28,39,18,231,605
2001-08-27T01:00,26.3,24,0,1.91,137,0,120,190
2001-08-27T02:00,23.6,31,0,2.92,174,0,11,165
2001-08-27T03:00,20.6,40,0,2.57,193,3,0,130
2001-08-27T04:00,18.6,48,0,2.95,204,0,0,105
2001-08-27T05:00,17.6,50,0,2.95,208,0,0,85
2001-08-27T06:00,16.7,52,0,2.91,207,0,0,70
2001-08-27T07:00,15.5,61,0,2.95,208,0,0,70
2001-08-27T08:00,14.8,64,0,2.83,212,0,0,60
2001-08-27T09:00,14.2,67,0,2.8,215,0,0,55
2001-08-27T10:00,13.6,69,0,2.98,220,0,0,60
2001-08-27T11:00,13.1,70,0,2.91,221,2,0,50
2001-08-27T12:00,12.6,71,0,2.83,222,5,0,50
2001-08-27T13:00,12.6,71,0,2.84,219,0,9,45
2001-08-27T14:00,16.1,62,0,2.84,219,0,123,60
2001-08-27T15:00,21.7,46,0,1.86,216,3,312,125
2001-08-27T16:00,25.5,31,0,1.58,198,10,501,440
2001-08-27T17:00,27.8,23,0,1.7,183,12,656,2510
2001-08-27T18:00,29.3,16,0,1.84,167,21,709,3565
2001-08-27T19:00,30.2,15,0,1.8,146,22,798,3825
2001-08-27T20:00,30.5,15,0,2.05,137,27,670,3830
2001-08-27T21:00,29.6,16,0,2.24,153,56,530,3640
2001-08-27T22:00,28.4,18,0,5.35,172,81,449,2515
2001-08-27T23:00,26.7,23,0,4.61,176,96,208,1900
2001-08-28T00:00,25.2,29,0,3.52,187,77,153,1345
2001-08-28T01:00,23.7,37,0,3.18,204,54,34,700
2001-08-28T02:00,21.2,47,0,2.87,209,26,6,145
2001-08-28T03:00,18.9,57,0,3,206,25,0,75
2001-08-28T04:00,17.9,57,0,3.4,204,20,0,100
2001-08-28T05:00,17.3,54,0,3.58,203,21,0,125
2001-08-28T06:00,16.8,53,0,3.61,199,31,0,140
2001-08-28T07:00,16.3,52,0,3.79,198,36,0,145
2001-08-28T08:00,15.7,54,0,3.83,200,29,0,150
2001-08-28T09:00,15.2,55,0,3.72,204,12,0,135
2001-08-28T10:00,14.7,56,0,3.86,211,62,0,130
2001-08-28T11:00,14.3,57,0,3.66,215,72,0,110
2001-08-28T12:00,14,58,0,3.56,218,70,0,95
2001-08-28T13:00,13.9,59,0,3.41,220,80,6,90
2001-08-28T14:00,16.4,55,0,3.11,222,79,92,100
2001-08-28T15:00,21.2,42,0,2.27,221,72,258,165
2001-08-28T16:00,25.3,28,0,1.49,222,49,471,380
2001-08-28T17:00,27.7,21,0,0.64,231,48,654,990
2001-08-28T18:00,29,17,0,0.45,27,33,752,2535
2001-08-28T19:00,29.2,17,0,1.39,30,27,771,3305
2001-08-28T20:00,29.6,16,0,1.92,39,29,738,3580
2001-08-28T21:00,29.2,16,0,1.8,19,57,619,3030
2001-08-28T22:00,29,16,0,3.33,303,87,435,2080
2001-08-28T23:00,26.5,25,0.5,3.45,292,81,233,860
2001-08-29T00:00,24.5,32,0,2.53,261,69,126,605
2001-08-29T01:00,22.9,39,0,2.08,215,67,37,280
2001-08-29T02:00,20.5,48,0,2.37,208,80,3,80
2001-08-29T03:00,19.2,54,0,2.52,214,42,0,55
2001-08-29T04:00,17.9,60,0,2.64,217,0,0,50
2001-08-29T05:00,16.8,66,0,2.83,222,4,0,50
2001-08-29T06:00,16,68,0,2.83,225,7,0,50
2001-08-29T07:00,14.9,68,0,2.91,221,1,0,50
2001-08-29T08:00,14.3,67,0,3.05,221,0,0,50
2001-08-29T09:00,13.8,67,0,3.12,220,0,0,50
2001-08-29T10:00,13.3,67,0,3.11,222,0,0,55
2001-08-29T11:00,12.9,66,0,3.04,224,9,0,50
2001-08-29T12:00,12.5,66,0,3.11,222,2,0,50
2001-08-29T13:00,12.5,65,0,3.04,226,7,7,50
2001-08-29T14:00,15.5,59,0,2.88,236,20,118,60
2001-08-29T15:00,21,44,0,1.96,255,38,306,135
2001-08-29T16:00,25.1,28,0,2.11,301,29,484,745
2001-08-29T17:00,27.5,19,0,2.44,341,45,634,1980
2001-08-29T18:00,28.8,16,0,3.01,6,40,750,3510
2001-08-29T19:00,29.5,11,0,3.23,16,59,734,3860
2001-08-29T20:00,29.7,10,0,3,26,60,707,3790
2001-08-29T21:00,29.7,10,0,3.06,38,71,688,3875
2001-08-29T22:00,29.1,11,0,4.35,23,90,495,3700
2001-08-29T23:00,27.8,13,0,3.49,13,93,185,2330
2001-08-30T00:00,26.3,17,0,2.09,343,94,136,1125
2001-08-30T01:00,23.8,26,0,2.25,302,90,36,315
2001-08-30T02:00,21.3,34,0,2.04,281,33,3,85
2001-08-30T03:00,19.5,40,0,1.75,257,30,0,35
2001-08-30T04:00,17.1,50,0,1.58,252,29,0,25
2001-08-30T05:00,15.6,56,0,1.71,249,6,0,30
2001-08-30T06:00,14.5,61,0,1.81,264,2,0,30
2001-08-30T07:00,14.8,57,0,2.3,304,0,0,95
2001-08-30T08:00,14.5,56,0,2.78,322,0,0,165
2001-08-30T09:00,13.7,61,0,2.33,317,0,0,150
2001-08-30T10:00,13.1,66,0,1.84,319,1,0,95
2001-08-30T11:00,12.2,69,0,1.42,309,22,0,80
2001-08-30T12:00,10.9,76,0,1.21,294,0,0,70
2001-08-30T13:00,10.5,81,0,0.81,277,0,6,45
2001-08-30T14:00,14.2,72,0,0.32,288,0,112,145
2001-08-30T15:00,18.1,48,0,0.41,76,2,299,425
2001-08-30T16:00,20.4,42,0,1.2,85,4,485,620
2001-08-30T17:00,22.1,39,0,1.9,93,5,632,860
2001-08-30T18:00,23.7,36,0,2.5,106,5,704,1130
2001-08-30T19:00,24.7,35,0,2.59,118,38,751,1595
2001-08-30T20:00,24.9,33,0,2.14,169,63,594,1935
2001-08-30T21:00,23,40,1.1,3.18,224,96,525,1255
2001-08-30T22:00,20.8,49,0.8,3.22,240,93,76,485
2001-08-30T23:00,20.2,50,0,1.57,243,91,32,505
2001-08-31T00:00,20.7,47,0,1.33,167,88,100,510
2001-08-31T01:00,20.1,52,0,1.5,176,91,31,365
2001-08-31T02:00,18.5,59,0,1.84,202,93,1,85
2001-08-31T03:00,16.9,65,0,2.13,221,97,0,55
2001-08-31T04:00,16.3,66,0,2.41,222,98,0,55
2001-08-31T05:00,15.7,67,0,2.48,220,98,0,60
2001-08-31T06:00,14.9,68,0,2.5,217,100,0,65
2001-08-31T07:00,14.8,69,0.4,2.66,214,85,0,80
2001-08-31T08:00,13.9,73,0,2.69,211,1,0,90
2001-08-31T09:00,13.7,74,0,2.69,202,0,0,110
2001-08-31T10:00,13,76,0,2.95,208,0,0,105
2001-08-31T11:00,12.6,77,0,3,217,4,0,100
2001-08-31T12:00,12.2,78,0,2.91,221,38,0,80
2001-08-31T13:00,12.3,77,0,2.9,224,77,3,70
2001-08-31T14:00,13.9,72,0,2.62,227,91,64,75
2001-08-31T15:00,18.1,58,0,1.77,227,79,236,145
2001-08-31T16:00,21.6,41,0,1.2,228,87,457,500
2001-08-31T17:00,23.4,34,0,0.85,225,81,535,1365
2001-08-31T18:00,24.5,31,0,0.22,153,77,632,2130
2001-08-31T19:00,25.2,29,0,0.78,130,76,613,2550
2001-08-31T20:00,25.7,29,0,1.39,159,82,470,2570
2001-08-31T21:00,24.9,32,0,1.14,255,94,252,1860
2001-08-31T22:00,22.3,46,0.8,3.86,280,86,170,535
2001-08-31T23:00,18.7,64,1,2.42,246,84,71,425
2001-09-01T00:00,17.9,70,0.3,1.8,214,94,47,380
2001-09-01T01:00,17.5,71,0,1.28,219,95,20,225
2001-09-01T02:00,16.8,74,0,1.39,210,93,0,85
2001-09-01T03:00,16.2,77,0,1.84,209,77,0,55
2001-09-01T04:00,15.6,79,0,2.16,214,66,0,50
2001-09-01T05:00,14.9,81,0,2.42,218,65,0,50
2001-09-01T06:00,14.4,81,0,2.55,225,55,0,50
2001-09-01T07:00,13.5,80,0,2.55,225,70,0,45
2001-09-01T08:00,12.8,80,0,2.69,225,41,0,45
2001-09-01T09:00,12.2,80,0,2.83,225,9,0,45
2001-09-01T10:00,11.7,80,0,2.62,230,0,0,50
2001-09-01T11:00,11.3,79,0,2.62,230,0,0,45
2001-09-01T12:00,10.9,78,0,2.62,227,0,0,45
2001-09-01T13:00,10.9,77,0,2.62,223,0,5,45
2001-09-01T14:00,13.8,70,0,2.62,223,0,109,55
2001-09-01T15:00,18.9,52,0,1.72,216,0,294,130
2001-09-01T16:00,22.7,34,0,1.36,197,0,480,680
2001-09-01T17:00,24.5,26,0,0.64,219,9,638,2140
2001-09-01T18:00,25.6,23,0,1.03,331,43,711,2815
2001-09-01T19:00,26.1,20,0,1.65,346,45,663,2965
2001-09-01T20:00,26.6,20,0,1.6,356,41,701,3125
2001-09-01T21:00,26.7,19,0,1.43,25,28,546,3260
2001-09-01T22:00,26.4,20,0,1.91,6,54,456,3310
2001-09-01T23:00,26.2,20,0,2.14,37,60,414,2495
2001-09-02T00:00,25.3,23,0,0.36,124,82,225,790
2001-09-02T01:00,22.7,32,0.2,1.58,235,79,63,55
2001-09-02T02:00,20.4,40,0,1.79,243,68,1,50
2001-09-02T03:00,18.3,50,0,1.89,238,31,0,35
2001-09-02T04:00,16.8,56,0,2.19,227,25,0,35
2001-09-02T05:00,15.5,62,0,2.69,225,21,0,40
2001-09-02T06:00,14.6,66,0,2.9,226,13,0,45
2001-09-02T07:00,13.9,69,0,2.91,229,1,0,45
2001-09-02T08:00,13.3,68,0,2.91,229,2,0,40
2001-09-02T09:00,12.7,68,0,2.91,229,0,0,40
2001-09-02T10:00,12.2,68,0,3.14,233,0,0,45
2001-09-02T11:00,11.8,66,0,3.2,231,0,0,45
2001-09-02T12:00,11.5,65,0,3.26,230,2,0,45
2001-09-02T13:00,11.4,65,0,3.19,229,0,5,45
2001-09-02T14:00,14.6,59,0,3.14,233,1,110,55
2001-09-02T15:00,20.3,44,0,2.2,240,0,296,115
2001-09-02T16:00,24.3,25,0,2.1,270,0,483,715
2001-09-02T17:00,26.1,20,0,2.76,314,36,641,2830
2001-09-02T18:00,26.6,18,0,2.78,322,29,549,3175
2001-09-02T19:00,27.2,16,0,2.36,324,11,656,3220
2001-09-02T20:00,27.5,16,0,2.15,332,9,688,3350
2001-09-02T21:00,27.9,16,0,2.06,346,3,747,3400
2001-09-02T22:00,27.8,16,0,1.84,29,75,619,3415
2001-09-02T23:00,27.3,16,0,2.2,357,43,436,3105
2001-09-03T00:00,25.8,20,0,3.11,303,55,190,610
2001-09-03T01:00,23.7,28,0,2.96,282,5,94,285
2001-09-03T02:00,20.7,37,0,2.57,257,0,4,105
2001-09-03T03:00,18.5,45,0,2.47,238,7,0,55
2001-09-03T04:00,17,51,0,2.58,234,11,0,40
2001-09-03T05:00,15.7,55,0,2.64,233,4,0,40
2001-09-03T06:00,14.8,58,0,2.56,231,1,0,35
2001-09-03T07:00,14.2,65,0,2.64,233,0,0,35
2001-09-03T08:00,13.5,66,0,2.5,233,0,0,35
2001-09-03T09:00,12.9,67,0,2.44,235,0,0,35
2001-09-03T10:00,12.4,68,0,2.33,239,1,0,35
2001-09-03T11:00,12.1,68,0,2.33,239,3,0,35
2001-09-03T12:00,11.8,67,0,2.3,236,7,0,30
2001-09-03T13:00,11.6,67,0,2.3,236,11,5,30
2001-09-03T14:00,15.2,61,0,2.36,234,6,105,40
2001-09-03T15:00,21.3,43,0,1.39,249,8,290,105
2001-09-03T16:00,25.2,25,0,0.99,315,2,478,440
2001-09-03T17:00,26.8,19,0,1.61,7,0,617,2620
2001-09-03T18:00,27.7,18,0,2.1,25,15,685,3105
2001-09-03T19:00,28.2,16,0,2.11,31,12,737,3175
2001-09-03T20:00,28.6,15,0,2.11,31,10,717,3130
2001-09-03T21:00,28.8,15,0,2.08,35,8,704,3165
2001-09-03T22:00,28.5,15,0,2.26,45,24,559,3600
2001-09-03T23:00,28.2,16,0,2.22,54,26,446,3115
2001-09-04T00:00,27.3,17,0,1.44,34,12,259,695
2001-09-04T01:00,26.1,21,0,0.89,333,12,77,50
2001-09-04T02:00,23.5,28,0,0.89,243,12,3,35
2001-09-04T03:00,20.6,33,0,1.1,185,5,0,40
2001-09-04T04:00,18.8,38,0,2.31,185,0,0,115
2001-09-04T05:00,18.3,39,0,3.34,189,0,0,185
2001-09-04T06:00,17.5,41,0,3.35,197,0,0,165
2001-09-04T07:00,16.1,43,0,3.07,199,0,0,135
2001-09-04T08:00,14.9,48,0,3.1,201,0,0,115
2001-09-04T09:00,14.1,52,0,3.13,207,0,0,95
2001-09-04T10:00,13.4,55,0,3.24,214,0,0,80
2001-09-04T11:00,12.9,57,0,3.06,218,0,0,65
2001-09-04T12:00,12.4,59,0,2.94,215,0,0,60
2001-09-04T13:00,12.3,60,0,2.94,215,0,4,60
2001-09-04T14:00,15.2,55,0,2.7,219,0,104,70
2001-09-04T15:00,20.6,41,0,1.78,218,0,290,140
2001-09-04T16:00,24.4,27,0,0.81,240,0,479,485
2001-09-04T17:00,26.4,21,0,0.54,22,0,639,1460
2001-09-04T18:00,27.6,18,0,1.43,65,0,743,2145
2001-09-04T19:00,28.5,16,0,1.63,79,0,799,2445
2001-09-04T20:00,29,16,0,1.5,90,0,801,2695
2001-09-04T21:00,28.9,16,0,1.53,101,7,648,2855
2001-09-04T22:00,28.8,16,0,2.87,119,61,578,2875
2001-09-04T23:00,28.3,15,0,3.83,139,72,331,2070
2001-09-05T00:00,27,18,0,3.55,148,45,125,1075
2001-09-05T01:00,24.9,23,0,3.42,159,12,53,565
2001-09-05T02:00,22.2,28,0,3.55,170,5,2,360
2001-09-05T03:00,20.5,32,0,3.71,177,11,0,365
2001-09-05T04:00,19.3,34,0,4.2,179,23,0,420
2001-09-05T05:00,18.2,37,0,4.5,181,42,0,435
2001-09-05T06:00,17.2,40,0,4.42,185,43,0,350
2001-09-05T07:00,16.4,43,0,4.08,191,56,0,245
2001-09-05T08:00,15.3,48,0,3.74,196,70,0,200
2001-09-05T09:00,14.5,52,0,3.64,201,45,0,170
2001-09-05T10:00,13.7,55,0,3.71,207,46,0,140
2001-09-05T11:00,13.1,57,0,3.4,208,63,0,120
2001-09-05T12:00,12.7,58,0,3.31,209,51,0,110
2001-09-05T13:00,12.5,59,0,3.28,211,1,4,105
2001-09-05T14:00,14.9,54,0,3.11,213,0,101,120
2001-09-05T15:00,19.7,42,0,2.42,210,0,286,195
2001-09-05T16:00,23.5,30,0,1.71,201,0,471,435
2001-09-05T17:00,25.9,24,0,1.22,189,1,630,1215
2001-09-05T18:00,27.4,21,0,0.63,162,29,677,2690
2001-09-05T19:00,28.3,17,0,0.72,124,36,738,3235
2001-09-05T20:00,28.5,17,0,0.78,140,55,624,3345
2001-09-05T21:00,28.3,17,0,1.52,203,69,591,3045
2001-09-05T22:00,27.1,19,0.5,2.02,200,81,386,1910
2001-09-05T23:00,25.6,26,0,2.2,150,79,203,1260
2001-09-06T00:00,25,28,0,1.8,180,72,148,1050
2001-09-06T01:00,23,37,0,1.46,254,82,40,160
2001-09-06T02:00,21,43,0,1.17,211,66,1,30
2001-09-06T03:00,19.1,49,0,1.87,196,46,0,55
2001-09-06T04:00,17.6,55,0,2.69,195,11,0,180
2001-09-06T05:00,16.4,58,0,3.23,196,5,0,175
2001-09-06T06:00,15.5,61,0,3.32,201,1,0,150
2001-09-06T07:00,15,64,0,3.31,205,0,0,125
2001-09-06T08:00,14.4,66,0,3.36,210,3,0,100
2001-09-06T09:00,13.8,67,0,3.38,214,7,0,80
2001-09-06T10:00,13.4,67,0,3.4,223,4,0,85
2001-09-06T11:00,12.9,67,0,3.11,225,3,0,70
2001-09-06T12:00,12.5,68,0,3.11,222,2,0,60
2001-09-06T13:00,12.3,68,0,3.05,221,1,3,55
2001-09-06T14:00,15,61,0,2.97,222,0,99,65
2001-09-06T15:00,20.1,45,0,2.14,217,0,283,155
2001-09-06T16:00,24,29,0,2.31,198,0,473,1275
2001-09-06T17:00,25.8,21,0,3.11,222,9,621,2260
2001-09-06T18:00,26.5,20,0,2.76,226,13,631,2635
2001-09-06T19:00,27.6,17,0,2.83,222,19,774,3070
2001-09-06T20:00,28,16,0,3.04,226,49,733,3450
2001-09-06T21:00,28.3,16,0,4.67,260,92,652,1990
2001-09-06T22:00,24.7,24,0.5,2.32,263,96,279,1405
2001-09-06T23:00,23.8,24,0,1.33,13,67,126,365
2001-09-07T00:00,23.4,26,0,0.73,16,86,105,245
2001-09-07T01:00,21.1,34,0,2.44,325,88,17,240
2001-09-07T02:00,19.4,40,0,2.52,7,84,0,325
2001-09-07T03:00,18.2,45,0,2.11,31,78,0,220
2001-09-07T04:00,17.2,49,0,1.63,47,44,0,170
2001-09-07T05:00,15.6,55,0,1.91,43,36,0,230
2001-09-07T06:00,14.3,62,0,1.94,35,89,0,280
2001-09-07T07:00,12.3,89,1.1,1.77,16,91,0,365
2001-09-07T08:00,11.6,96,2.8,2.33,25,98,0,445
2001-09-07T09:00,10,95,3.2,1.87,16,96,0,505
2001-09-07T10:00,8.8,95,1.3,0.61,351,97,0,195
2001-09-07T11:00,7.9,92,1.1,0.61,261,86,0,115
2001-09-07T12:00,7.6,94,1.4,1.2,270,99,0,280
2001-09-07T13:00,7.3,96,1.1,0.5,323,100,0,230
2001-09-07T14:00,7.9,94,0.8,0.72,326,97,5,890
2001-09-07T15:00,8,90,0.2,0.22,333,62,29,340
2001-09-07T16:00,10.6,68,0,3.56,308,4,318,935
2001-09-07T17:00,13.1,48,0,3.26,320,6,498,1515
2001-09-07T18:00,15.3,35,0,1.81,6,8,661,1760
2001-09-07T19:00,16.4,30,0,1.92,28,0,710,1985
2001-09-07T20:00,17.2,30,0,1.8,34,0,765,2195
2001-09-07T21:00,17.9,29,0,1.98,49,1,722,2295
2001-09-07T22:00,18,29,0,1.89,32,2,571,2085
2001-09-07T23:00,17.6,31,0,1.5,53,30,454,1700
2001-09-08T00:00,16.8,33,0,2.43,81,46,225,845
2001-09-08T01:00,15.4,38,0,2.06,76,36,75,285
2001-09-08T02:00,13.9,42,0,1.71,69,35,1,100
2001-09-08T03:00,12.5,53,0,1.89,58,65,0,70
2001-09-08T04:00,12.5,48,0,1.12,27,58,0,60
2001-09-08T05:00,10.7,61,0.1,4.09,22,99,0,595
2001-09-08T06:00,9.6,71,0.5,5.24,35,99,0,765
2001-09-08T07:00,6.6,99,1.5,3.61,48,100,0,685
2001-09-08T08:00,6.1,100,1.5,3.19,32,100,0,675
2001-09-08T09:00,5.3,100,1.5,2.51,23,100,0,610
2001-09-08T10:00,4,99,1,1.81,354,100,0,200
2001-09-08T11:00,3.3,100,1.1,2.3,2,100,0,240
2001-09-08T12:00,2.9,100,1.6,2.6,358,100,0,270
2001-09-08T13:00,2.6,100,2.2,3.07,341,100,0,255
2001-09-08T14:00,2.5,100,2.2,2.88,340,100,2,235
2001-09-08T15:00,2.7,100,1.8,2.98,346,100,9,240
2001-09-08T16:00,2.5,97,1.2,3.11,354,98,8,390
2001-09-08T17:00,2.6,97,1,3.31,357,99,1,480
2001-09-08T18:00,3.1,95,0.9,3.2,358,99,3,455
2001-09-08T19:00,3.5,87,0.5,2.7,360,80,68,400
2001-09-08T20:00,6,80,0.2,2.81,4,77,266,610
2001-09-08T21:00,7,76,0.2,2.65,11,85,244,740
2001-09-08T22:00,6.4,77,0.1,2.12,352,83,215,890
2001-09-08T23:00,7.3,70,0.3,1.61,7,65,223,635
2001-09-09T00:00,6.5,76,0.4,0.73,16,42,133,545
2001-09-09T01:00,6.1,73,0,0.2,90,35,29,410
2001-09-09T02:00,5.7,75,0,1.26,198,4,0,125
2001-09-09T03:00,4.7,79,0,1.92,208,2,0,45
2001-09-09T04:00,3.7,82,0,2.42,218,1,0,40
2001-09-09T05:00,2.5,84,0,2.06,219,0,0,40
2001-09-09T06:00,1.7,83,0,1.92,219,0,0,45
2001-09-09T07:00,1.1,78,0,2.56,219,0,0,50
2001-09-09T08:00,0.3,78,0,3.05,221,6,0,60
2001-09-09T09:00,-0.4,78,0,3.41,220,1,0,65
2001-09-09T10:00,-1.1,79,0,3.61,222,7,0,65
2001-09-09T11:00,-1.4,79,0,3.75,222,8,0,70
2001-09-09T12:00,-1.9,80,0,3.83,221,8,0,70
2001-09-09T13:00,-1.9,78,0,3.91,220,5,2,70
2001-09-09T14:00,0.2,73,0,3.69,221,0,97,75
2001-09-09T15:00,4.5,65,0,3.05,221,0,288,105
2001-09-09T16:00,9.9,47,0,2.42,218,0,481,180
2001-09-09T17:00,13.4,36,0,1.79,207,0,643,365
2001-09-09T18:00,15.8,28,0,1.4,176,0,758,720
2001-09-09T19:00,17.1,25,0,1.62,158,0,816,970
2001-09-09T20:00,18.2,24,0,1.7,152,0,811,1085
2001-09-09T21:00,18.9,24,0,1.75,149,0,745,1130
2001-09-09T22:00,19.2,24,0,2.02,123,0,623,1080
2001-09-09T23:00,19.2,25,0,2.01,117,0,456,900
2001-09-10T00:00,18.2,35,0,1.75,103,0,262,385
2001-09-10T01:00,16.2,40,0,2.26,135,0,79,95
2001-09-10T02:00,13.6,48,0,2.71,184,0,1,85
2001-09-10T03:00,10.9,60,0,2.31,198,0,0,75
2001-09-10T04:00,8.4,72,0,2.64,205,0,0,70
2001-09-10T05:00,7.4,75,0,2.68,207,0,0,65
2001-09-10T06:00,6.7,75,0,2.82,207,0,0,65
2001-09-10T07:00,6.4,73,0,2.87,209,0,0,65
2001-09-10T08:00,6,71,0,2.83,212,0,0,65
2001-09-10T09:00,5.6,70,0,2.92,218,0,0,55
2001-09-10T10:00,5.3,69,0,3.05,221,0,0,50
2001-09-10T11:00,4.9,69,0,2.9,224,23,0,45
2001-09-10T12:00,4.6,69,0,2.9,224,19,0,40
2001-09-10T13:00,4.5,69,0,2.9,224,0,2,35
2001-09-10T14:00,7,68,0,3.04,224,0,95,40
2001-09-10T15:00,12.5,60,0,2.48,227,0,285,60
2001-09-10T16:00,17.4,44,0,1.56,230,0,479,150
2001-09-10T17:00,20.3,32,0,0.99,225,0,643,375
2001-09-10T18:00,22.2,27,0,0.71,188,0,759,715
2001-09-10T19:00,23.8,23,0,0.8,180,0,816,1190
2001-09-10T20:00,24.7,21,0,0.73,164,0,809,1565
2001-09-10T21:00,25.1,20,0,0.86,126,0,740,1880
2001-09-10T22:00,25.3,20,0,1.9,72,0,615,1620
2001-09-10T23:00,24.8,23,0,2.59,62,1,448,750
2001-09-11T00:00,23.1,35,0,1.64,52,0,255,320
2001-09-11T01:00,21,45,0,1.5,53,0,75,45
2001-09-11T02:00,18,51,0,0.58,211,0,1,30
2001-09-11T03:00,15.1,59,0,1.28,219,0,0,30
2001-09-11T04:00,12.3,71,0,1.7,220,0,0,25
2001-09-11T05:00,10.8,78,0,2.05,223,0,0,25
2001-09-11T06:00,10,79,0,2.12,225,0,0,25
2001-09-11T07:00,9.4,82,0,2.13,229,0,0,20
2001-09-11T08:00,8.9,81,0,2.2,231,0,0,20
2001-09-11T09:00,8.5,79,0,2.2,231,0,0,20
2001-09-11T10:00,8.1,77,0,2.69,228,0,0,30
2001-09-11T11:00,7.5,77,0,2.69,228,0,0,35
2001-09-11T12:00,7,77,0,2.77,229,0,0,35
2001-09-11T13:00,6.8,78,0,2.78,232,0,2,35
2001-09-11T14:00,10,75,0,2.86,234,0,90,40
2001-09-11T15:00,16.6,56,0,2.25,238,0,274,60
2001-09-11T16:00,21,38,0,1.43,245,0,464,175
2001-09-11T17:00,23.4,25,0,0.92,283,2,624,1390
2001-09-11T18:00,24.7,20,0,1.58,325,32,738,2610
2001-09-11T19:00,25,19,0,2.15,332,28,742,2880
2001-09-11T20:00,25.1,19,0,2.04,349,36,659,2985
2001-09-11T21:00,25.2,19,0,2.01,6,28,677,2945
2001-09-11T22:00,24.7,19,0,1.77,16,40,509,3210
2001-09-11T23:00,24.1,21,0,1.88,25,28,398,1540
2001-09-12T00:00,22.7,31,0,1.25,29,14,214,300
2001-09-12T01:00,21.4,37,0,1.08,34,2,61,55
2001-09-12T02:00,17.8,42,0,1.49,290,1,0,30
2001-09-12T03:00,16,44,0,1.92,261,0,0,30
2001-09-12T04:00,13.5,54,0,1.48,242,0,0,25
2001-09-12T05:00,11.6,63,0,2,233,0,0,20
2001-09-12T06:00,10.7,66,0,1.94,235,1,0,20
2001-09-12T07:00,10.9,62,0,2,267,7,0,25
2001-09-12T08:00,11.5,53,0,1.8,273,10,0,40
2001-09-12T09:00,11.2,53,0,1.84,257,8,0,35
2001-09-12T10:00,10.3,57,0,1.84,241,13,0,25
2001-09-12T11:00,9.2,63,0,1.8,236,8,0,20
2001-09-12T12:00,8.3,67,0,1.64,232,4,0,15
2001-09-12T13:00,7.8,72,0,1.7,230,1,1,15
2001-09-12T14:00,10.4,76,0,1.91,227,45,77,20
2001-09-12T15:00,16.8,54,0,1.41,225,94,252,70
2001-09-12T16:00,20,35,0,0.72,214,92,348,270
2001-09-12T17:00,22,29,0,0.64,141,90,438,560
2001-09-12T18:00,23,28,0,1.64,128,88,314,1195
2001-09-12T19:00,24.9,25,0,2.47,148,91,628,2260
2001-09-12T20:00,25.8,23,0,2.86,155,41,581,2605
2001-09-12T21:00,26.1,22,0,3.16,162,24,553,2790
2001-09-12T22:00,26.2,21,0,3.83,160,56,543,3470
2001-09-12T23:00,25.6,23,0,3.89,154,25,348,2910
2001-09-13T00:00,23.8,31,0,3.86,149,24,145,705
2001-09-13T01:00,21.4,34,0,3.98,155,14,50,470
2001-09-13T02:00,19.2,38,0,4.59,169,13,0,475
2001-09-13T03:00,18,41,0,4.3,179,9,0,370
2001-09-13T04:00,17,44,0,4.12,186,16,0,285
2001-09-13T05:00,16.2,47,0,4.28,191,14,0,270
2001-09-13T06:00,15.2,51,0,4.22,194,42,0,260
2001-09-13T07:00,15,45,0,4.08,197,70,0,240
2001-09-13T08:00,14.4,47,0,3.96,201,88,0,215
2001-09-13T09:00,13.8,50,0,3.89,206,82,0,190
2001-09-13T10:00,13.1,53,0,4.07,208,60,0,190
2001-09-13T11:00,12.4,56,0,3.86,211,19,0,130
2001-09-13T12:00,11.9,58,0,3.69,213,31,0,80
2001-09-13T13:00,11.6,60,0,3.66,215,33,1,70
2001-09-13T14:00,13.5,59,0,3.64,217,42,77,75
2001-09-13T15:00,18,52,0,2.86,216,54,242,110
2001-09-13T16:00,21.9,40,0,2.25,212,64,357,270
2001-09-13T17:00,24.4,32,0,1.91,223,80,459,670
2001-09-13T18:00,25.9,27,0,1.34,297,89,533,2450
2001-09-13T19:00,26.6,25,0,1.77,16,79,447,2520
2001-09-13T20:00,26.6,25,0,3.14,9,65,506,1935
2001-09-13T21:00,25.6,27,0,4.04,351,68,284,1400
2001-09-13T22:00,24.1,31,0,3.3,358,79,238,1020
2001-09-13T23:00,23.3,34,0,2.91,4,96,220,965
2001-09-14T00:00,21.8,43,0,1.08,326,95,49,470
2001-09-14T01:00,20.1,51,0,1.71,277,91,24,140
2001-09-14T02:00,18.2,58,0,1.9,273,78,0,120
2001-09-14T03:00,17.2,63,0,1.43,258,67,0,75
2001-09-14T04:00,16.1,67,0,1.3,238,54,0,35
2001-09-14T05:00,15,72,0,1.49,228,57,0,25
2001-09-14T06:00,13.8,77,0,1.49,222,52,0,25
2001-09-14T07:00,12.5,86,0,1.84,221,35,0,35
2001-09-14T08:00,12,86,0,2.05,227,22,0,40
2001-09-14T09:00,11.2,87,0,2.13,229,20,0,40
2001-09-14T10:00,10.6,88,0,2.56,231,5,0,45
2001-09-14T11:00,10.1,88,0,2.25,238,4,0,40
2001-09-14T12:00,9.7,87,0,2.16,236,10,0,35
2001-09-14T13:00,9.4,86,0,1.94,235,20,1,35
2001-09-14T14:00,11.6,81,0,1.86,234,11,73,40
2001-09-14T15:00,16.4,67,0,1,233,9,245,110
2001-09-14T16:00,19.9,51,0,0.32,162,5,427,460
2001-09-14T17:00,21.8,44,0,0.73,74,2,575,1090
2001-09-14T18:00,23,38,0,1.26,72,25,670,1730
2001-09-14T19:00,23.4,35,0,1.81,84,38,659,1950
2001-09-14T20:00,23.7,32,0,1.87,106,77,576,2175
2001-09-14T21:00,23.4,32,0,0.95,342,78,320,975
2001-09-14T22:00,22.4,36,0,1.43,348,60,201,1005
2001-09-14T23:00,20.7,43,0.3,1.14,345,57,146,650
2001-09-15T00:00,19.5,53,0,1.42,321,79,155,265
2001-09-15T01:00,18.5,58,0,1.8,341,76,41,250
2001-09-15T02:00,16.7,68,0,2.21,5,36,0,290
2001-09-15T03:00,15.5,73,0,2.18,16,30,0,410
2001-09-15T04:00,14.4,77,0.3,2.14,11,76,0,360
2001-09-15T05:00,13.4,84,0.3,1.46,16,98,0,235
2001-09-15T06:00,12.4,92,0,0.81,7,100,0,115
2001-09-15T07:00,11.8,92,0,0.63,342,49,0,65
2001-09-15T08:00,11.4,94,0,0.1,360,28,0,45
2001-09-15T09:00,10.7,96,0,0.71,225,65,0,40
2001-09-15T10:00,10,97,0,1.63,223,52,0,60
2001-09-15T11:00,9.3,99,0,1.56,220,52,0,55
2001-09-15T12:00,8.7,98,0,1.5,217,58,0,55
2001-09-15T13:00,8.7,97,0,1.35,228,55,0,55
2001-09-15T14:00,10.1,94,0,1.14,232,39,56,70
2001-09-15T15:00,12.8,84,0,0.36,304,33,174,185
2001-09-15T16:00,15.7,70,0,1.13,45,32,351,465
2001-09-15T17:00,17.3,64,0,1.75,59,73,377,810
2001-09-15T18:00,16.1,69,0.2,2.28,61,66,205,870
2001-09-15T19:00,17.1,64,0.1,2.64,65,63,407,690
2001-09-15T20:00,18.6,60,0,2.88,56,66,454,620
2001-09-15T21:00,16.9,68,2,2.02,57,88,379,605
2001-09-15T22:00,14.4,82,2.8,2.77,77,74,298,540
2001-09-15T23:00,15.4,78,0.2,2.21,72,90,249,540
2001-09-16T00:00,14.7,82,0,1.78,52,100,43,305
2001-09-16T01:00,13.9,85,0,0.42,315,100,17,120
2001-09-16T02:00,13.6,87,0,1.02,191,77,0,230
2001-09-16T03:00,13.3,89,0,1.24,166,30,0,140
2001-09-16T04:00,12.8,91,0,1.53,169,11,0,130
2001-09-16T05:00,12,94,0,1.92,171,8,0,130
2001-09-16T06:00,11.9,94,0,2,177,19,0,135
2001-09-16T07:00,11,92,0,2.32,187,20,0,135
2001-09-16T08:00,10.3,94,0,2.5,196,21,0,130
2001-09-16T09:00,10.3,94,0,2.64,205,15,0,160
2001-09-16T10:00,10.7,93,0,2.58,216,16,0,145
2001-09-16T11:00,10.4,93,0,2.56,219,1,0,125
2001-09-16T12:00,9.7,93,0,2.72,216,3,0,85
2001-09-16T13:00,9.1,95,0,2.91,221,0,0,70
2001-09-16T14:00,10.7,94,0,2.83,225,1,71,95
2001-09-16T15:00,14.1,82,0,2.05,227,0,246,155
2001-09-16T16:00,17.5,64,0,1.35,228,0,445,285
2001-09-16T17:00,20.7,45,0,0.41,166,10,600,500
2001-09-16T18:00,22.9,33,0,0.85,111,31,685,1205
2001-09-16T19:00,23.2,30,0,0.92,77,45,702,2590
2001-09-16T20:00,23.7,27,0,0.78,50,49,683,2890
2001-09-16T21:00,23.4,27,0,1.34,63,52,371,2430
2001-09-16T22:00,22.7,29,0,1.27,225,72,381,1420
2001-09-16T23:00,21.4,35,0,1.73,190,89,184,665
2001-09-17T00:00,18.9,53,0.2,1.53,122,64,46,195
2001-09-17T01:00,17.9,59,0,1.72,144,80,23,65
2001-09-17T02:00,15.8,69,0,1.6,180,18,0,40
2001-09-17T03:00,14.3,78,0,1.43,205,10,0,30
2001-09-17T04:00,12.9,83,0,1,217,34,0,20
2001-09-17T05:00,11.8,86,0,1.06,221,74,0,15
2001-09-17T06:00,11,88,0,1.42,219,85,0,20
2001-09-17T07:00,10.5,87,0,1.64,218,93,0,25
2001-09-17T08:00,10.8,84,0,1.78,218,97,0,30
2001-09-17T09:00,10.9,82,0,1.7,225,98,0,35
2001-09-17T10:00,10.5,83,0,1.7,230,99,0,35
2001-09-17T11:00,9.8,84,0,1.35,228,97,0,30
2001-09-17T12:00,10.1,81,0,1.36,234,100,0,25
2001-09-17T13:00,10.5,79,0,1.08,248,98,0,20
2001-09-17T14:00,11.5,80,0.2,0.58,301,85,4,35
2001-09-17T15:00,13,80,0,1.1,5,67,29,140
2001-09-17T16:00,14.3,77,0.2,1.58,18,79,99,445
2001-09-17T17:00,15.4,66,0,1.92,9,49,200,600
2001-09-17T18:00,16.9,60,0.1,2.25,21,43,479,930
2001-09-17T19:00,17.4,64,0.1,2.62,43,59,551,975
2001-09-17T20:00,17.6,63,0.1,2.91,63,73,436,1060
2001-09-17T21:00,16.3,68,1,2.21,18,91,379,820
2001-09-17T22:00,15.8,71,1.4,2.52,353,83,176,425
2001-09-17T23:00,14.4,76,1.3,2,360,81,122,495
2001-09-18T00:00,14.1,78,0,1.57,63,65,76,410
2001-09-18T01:00,13.4,76,0.3,1.5,37,56,23,325
2001-09-18T02:00,12.5,81,0.1,1.48,28,76,0,155
2001-09-18T03:00,12.1,83,0,1.1,360,91,0,160
2001-09-18T04:00,10.6,91,0,1.12,333,90,0,105
2001-09-18T05:00,9.4,95,0,1.02,281,88,0,65
2001-09-18T06:00,8.8,94,0,0.78,230,79,0,55
2001-09-18T07:00,9,93,0,1.28,219,34,0,65
2001-09-18T08:00,8.3,94,0,1.27,225,25,0,65
2001-09-18T09:00,8.4,93,0,1.42,231,32,0,55
2001-09-18T10:00,7.6,93,0,1.53,212,48,0,55
2001-09-18T11:00,6.8,94,0,1.7,230,49,0,40
2001-09-18T12:00,5.9,96,0,1.84,229,15,0,35
2001-09-18T13:00,5.3,97,0,1.92,231,0,0,35
2001-09-18T14:00,8.2,93,0,1.66,237,0,62,45
2001-09-18T15:00,12.3,79,0,0.71,278,4,226,160
2001-09-18T16:00,14.3,66,0,0.91,6,14,412,585
2001-09-18T17:00,15.8,58,0,1.53,11,18,505,1210
2001-09-18T18:00,16.9,54,0,1.94,12,32,567,1530
2001-09-18T19:00,17.8,50,0,2.02,20,24,626,1685
2001-09-18T20:00,18.4,49,0,2.08,35,15,552,1690
2001-09-18T21:00,18.8,48,0,2.2,51,13,621,1525
2001-09-18T22:00,18.2,48,0.5,2.06,76,47,476,910
2001-09-18T23:00,17,53,0,2.88,70,37,188,845
2001-09-19T00:00,16.3,57,0,1.92,81,15,120,625
2001-09-19T01:00,15.2,64,0,1.06,131,3,30,135
2001-09-19T02:00,14.2,68,0,1.61,173,0,0,40
2001-09-19T03:00,12.8,76,0,1.77,196,0,0,35
2001-09-19T04:00,10.9,84,0,1.34,207,0,0,25
2001-09-19T05:00,9.8,88,0,1.8,214,0,0,25
2001-09-19T06:00,9.1,89,0,2.08,215,0,0,30
2001-09-19T07:00,8.5,86,0,2.36,216,0,0,35
2001-09-19T08:00,8.3,85,0,2.42,218,0,0,40
2001-09-19T09:00,8,83,0,2.48,220,0,0,40
2001-09-19T10:00,7.6,83,0,2.76,226,0,0,45
2001-09-19T11:00,7.2,82,0,2.76,226,0,0,40
2001-09-19T12:00,6.9,82,0,2.83,225,0,0,40
2001-09-19T13:00,6.7,81,0,2.83,225,0,0,40
2001-09-19T14:00,8.8,78,0,2.9,224,0,70,45
2001-09-19T15:00,14.1,62,0,2.13,221,0,245,85
2001-09-19T16:00,18.1,43,0,1.57,207,0,430,335
2001-09-19T17:00,20.3,32,0,1.32,189,0,588,1625
2001-09-19T18:00,21.6,30,0,1.22,189,0,700,2045
2001-09-19T19:00,22.5,27,0,1.2,180,7,754,2300
2001-09-19T20:00,23.4,26,0,1.14,165,25,739,2550
2001-09-19T21:00,23.9,25,0,0.63,162,34,639,2765
2001-09-19T22:00,24,25,0,0.36,124,31,464,3135
2001-09-19T23:00,23.7,26,0,0.36,124,33,320,85
2001-09-20T00:00,22.5,36,0,1.36,144,46,157,25
2001-09-20T01:00,20.6,48,0,2.33,155,35,32,40
2001-09-20T02:00,19.8,41,0,2.2,183,6,0,40
2001-09-20T03:00,15.2,55,0,2.1,205,1,0,40
2001-09-20T04:00,12.5,64,0,2.64,217,0,0,40
2001-09-20T05:00,11.1,70,0,2.83,222,0,0,40
2001-09-20T06:00,10.6,69,0,2.76,224,0,0,35
2001-09-20T07:00,10,65,0,2.62,223,0,0,35
2001-09-20T08:00,9.4,65,0,2.55,222,0,0,35
2001-09-20T09:00,9,66,0,2.62,223,0,0,30
2001-09-20T10:00,8.6,66,0,2.97,228,0,0,40
2001-09-20T11:00,8.4,66,0,2.77,229,0,0,35
2001-09-20T12:00,8.1,66,0,2.7,231,0,0,35
2001-09-20T13:00,7.9,68,0,2.42,232,0,0,35
2001-09-20T14:00,9.9,68,0,2.28,232,0,70,35
2001-09-20T15:00,15.3,58,0,1.35,228,0,246,60
2001-09-20T16:00,19.6,41,0,0.72,124,0,432,390
2001-09-20T17:00,21.9,30,0,1.63,101,1,590,875
2001-09-20T18:00,22.9,27,0,1.8,93,1,700,1415
2001-09-20T19:00,23,28,0,1.9,93,5,751,1695
2001-09-20T20:00,23.8,27,0,2.3,92,1,743,1680
2001-09-20T21:00,24.2,27,0,2.6,90,11,624,1580
2001-09-20T22:00,24.1,28,0,3.27,67,18,506,1480
2001-09-20T23:00,23.2,31,0,3.14,68,47,309,825
2001-09-21T00:00,21.8,39,0,1.08,56,62,137,185
2001-09-21T01:00,20,43,0,1.75,77,32,26,55
2001-09-21T02:00,18.5,48,0,0.72,124,1,0,30
2001-09-21T03:00,15.8,57,0,0.92,193,0,0,30
2001-09-21T04:00,13.7,64,0,1.43,192,0,0,45
2001-09-21T05:00,12.6,67,0,2.25,201,0,0,65
2001-09-21T06:00,11.2,73,0,3.05,203,0,0,105
2001-09-21T07:00,11.2,70,0,3.49,204,0,0,125
2001-09-21T08:00,10.9,70,0,3.54,209,0,0,115
2001-09-21T09:00,10.4,70,0,3.58,210,0,0,100
2001-09-21T10:00,9.9,70,0,3.52,215,0,0,105
2001-09-21T11:00,9.3,71,0,3.26,220,0,0,75
2001-09-21T12:00,8.7,72,0,3.05,221,0,0,60
2001-09-21T13:00,8.2,74,0,3.11,222,0,0,50
2001-09-21T14:00,10.1,70,0,3.18,224,0,67,55
2001-09-21T15:00,15.3,59,0,2.19,227,0,243,80
2001-09-21T16:00,20.1,41,0,1.42,231,0,429,210
2001-09-21T17:00,23.1,28,0,0.67,243,3,586,555
2001-09-21T18:00,24.7,22,0,0.1,90,9,676,2180
2001-09-21T19:00,25.3,19,0,0.22,117,24,668,2940
2001-09-21T20:00,25.7,18,0,0.4,90,37,644,3105
2001-09-21T21:00,25.8,17,0,0.95,72,46,576,3250
2001-09-21T22:00,25.6,17,0,1.98,49,84,445,1645
2001-09-21T23:00,25.1,19,0,1.99,72,53,272,670
2001-09-22T00:00,23,30,0,1.36,343,62,67,55
2001-09-22T01:00,20.3,36,0,2.2,309,49,24,55
2001-09-22T02:00,18.3,42,0,1.66,295,31,0,35
2001-09-22T03:00,16.4,50,0,1.12,243,36,0,20
2001-09-22T04:00,13.9,60,0,1.78,232,28,0,25
2001-09-22T05:00,12.2,69,0,2.26,225,24,0,30
2001-09-22T06:00,11.2,74,0,2.48,220,12,0,30
2001-09-22T07:00,10.7,69,0,2.48,220,3,0,30
2001-09-22T08:00,10.2,68,0,2.48,220,0,0,30
2001-09-22T09:00,9.8,67,0,2.48,223,0,0,30
2001-09-22T10:00,9.5,66,0,3.14,233,7,0,40
2001-09-22T11:00,9.3,65,0,3.14,233,17,0,40
2001-09-22T12:00,9.1,64,0,3.06,232,29,0,40
2001-09-22T13:00,8.9,65,0,3,233,33,0,40
2001-09-22T14:00,11.1,64,0,3.08,234,33,63,40
2001-09-22T15:00,16.6,54,0,2.33,239,39,237,65
2001-09-22T16:00,21.4,35,0,1.22,261,26,403,230
2001-09-22T17:00,23.7,18,0,1.71,353,8,532,1940
2001-09-22T18:00,23.5,16,0,2.72,6,36,292,3180
2001-09-22T19:00,24.6,16,0,2.98,14,49,653,3185
2001-09-22T20:00,24.8,16,0,2.92,22,13,614,3165
2001-09-22T21:00,24.6,16,0,2.95,28,28,566,3190
2001-09-22T22:00,24.1,17,0,3.48,51,30,362,1670
2001-09-22T23:00,23.3,19,0,2.98,40,14,260,1370
2001-09-23T00:00,21.5,27,0,1.88,25,5,164,460
2001-09-23T01:00,18.7,34,0,1.79,27,0,33,205
2001-09-23T02:00,16.5,42,0,1.66,25,0,0,125
2001-09-23T03:00,14.7,51,0,1.3,356,0,0,50
2001-09-23T04:00,13.5,57,0,1.35,312,0,0,35
2001-09-23T05:00,12.3,62,0,1.32,279,0,0,30
2001-09-23T06:00,11.3,67,0,1.4,266,0,0,30
2001-09-23T07:00,11.7,62,0,1.36,253,0,0,25
2001-09-23T08:00,10.7,66,0,1.08,236,0,0,20
2001-09-23T09:00,9.8,71,0,0.92,229,0,0,20
2001-09-23T10:00,8.7,77,0,1.06,229,0,0,20
2001-09-23T11:00,7.7,83,0,1.35,222,0,0,20
2001-09-23T12:00,7.2,86,0,1.06,221,0,0,25
2001-09-23T13:00,7,86,0,1,217,0,0,25
2001-09-23T14:00,9.1,82,0,0.82,256,0,59,40
2001-09-23T15:00,13.5,59,0,0.73,344,0,225,265
2001-09-23T16:00,15.5,52,0,0.32,342,0,409,550
2001-09-23T17:00,17.4,48,0,0.28,45,0,565,705
2001-09-23T18:00,19.3,42,0,0.86,54,0,675,815
2001-09-23T19:00,21,36,0,1.56,50,3,712,1000
2001-09-23T20:00,21.9,32,0,2.06,51,6,700,1235
2001-09-23T21:00,22.2,31,0,2.34,50,14,600,1110
2001-09-23T22:00,21.8,32,0,2.61,58,13,437,925
2001-09-23T23:00,21.3,33,0,2.36,54,8,338,895
2001-09-24T00:00,20,40,0,1.75,31,1,179,345
2001-09-24T01:00,17.8,47,0,2.06,14,0,30,65
2001-09-24T02:00,16,54,0,1.5,356,0,0,40
2001-09-24T03:00,14.2,62,0,1.04,287,0,0,30
2001-09-24T04:00,13,67,0,1.21,246,0,0,30
2001-09-24T05:00,11.8,73,0,1.14,232,0,0,30
2001-09-24T06:00,10.2,81,0,1.5,217,0,0,30
2001-09-24T07:00,9.1,85,0,1.8,214,0,0,40
2001-09-24T08:00,8.6,85,0,2.02,213,0,0,50
2001-09-24T09:00,8.2,85,0,2.08,215,0,0,50
2001-09-24T10:00,7.8,85,0,2.27,221,0,0,55
2001-09-24T11:00,7.4,85,0,2.4,225,0,0,45
2001-09-24T12:00,7.2,85,0,2.4,225,0,0,40
2001-09-24T13:00,7,84,0,2.55,225,0,0,40
2001-09-24T14:00,9,78,0,2.62,227,0,60,45
2001-09-24T15:00,14.7,61,0,1.84,229,0,230,75
2001-09-24T16:00,19.4,43,0,0.86,234,0,416,210
2001-09-24T17:00,22.4,31,0,0.5,360,0,572,595
2001-09-24T18:00,24.1,24,0,1.66,33,2,682,1445
2001-09-24T19:00,25.2,20,0,2.33,43,2,734,2060
2001-09-24T20:00,25.5,19,0,2.56,51,10,671,2040
2001-09-24T21:00,25.5,19,0,2.69,59,8,617,1645
2001-09-24T22:00,24.9,20,0,2.62,50,32,492,1505
2001-09-24T23:00,24.4,21,0,1.94,35,65,297,960
2001-09-25T00:00,23.1,28,0,1.3,67,49,151,145
2001-09-25T01:00,21.2,36,0,0.72,56,2,28,25
2001-09-25T02:00,19.6,37,0,0.76,203,7,0,20
2001-09-25T03:00,16,48,0,1.2,222,29,0,25
2001-09-25T04:00,14,55,0,1.39,210,20,0,25
2001-09-25T05:00,12.1,65,0,1.58,215,3,0,25
2001-09-25T06:00,10.7,73,0,1.86,216,0,0,25
2001-09-25T07:00,9.8,75,0,1.92,219,0,0,25
2001-09-25T08:00,9.2,79,0,1.7,220,0,0,20
2001-09-25T09:00,8.7,81,0,1.63,223,0,0,20
2001-09-25T10:00,8.3,82,0,2.19,223,0,0,30
2001-09-25T11:00,8,82,0,2.4,225,0,0,35
2001-09-25T12:00,7.7,82,0,2.55,225,0,0,35
2001-09-25T13:00,7.6,80,0,2.62,227,0,0,35
2001-09-25T14:00,10.2,71,0,2.97,228,0,59,40
2001-09-25T15:00,16.4,55,0,2.22,234,0,229,60
2001-09-25T16:00,21.4,35,0,1.04,253,0,414,190
2001-09-25T17:00,23.9,25,0,1.02,349,0,572,785
2001-09-25T18:00,25.4,19,0,1.87,16,0,681,2555
2001-09-25T19:00,26.3,15,0,2.59,28,1,735,2855
2001-09-25T20:00,26.5,15,0,2.88,34,6,717,2830
2001-09-25T21:00,26,15,0,2.98,40,26,577,2520
2001-09-25T22:00,25.3,16,0,2.98,50,68,419,2135
2001-09-25T23:00,24.5,19,0,2.91,41,91,179,1180
2001-09-26T00:00,22.9,27,0,1.63,43,66,80,220
2001-09-26T01:00,21,33,0,0.5,37,13,23,30
2001-09-26T02:00,18.9,37,0,1,233,8,0,30
2001-09-26T03:00,15.8,45,0,1.52,203,2,0,40
2001-09-26T04:00,13.3,55,0,2.2,210,0,0,45
2001-09-26T05:00,12,61,0,2.5,217,0,0,45
2001-09-26T06:00,11.2,64,0,2.64,217,0,0,40
2001-09-26T07:00,10.6,62,0,2.64,217,0,0,40
2001-09-26T08:00,10.2,62,0,2.72,216,0,0,40
2001-09-26T09:00,10,62,0,2.92,218,0,0,40
2001-09-26T10:00,9.7,62,0,2.97,225,0,0,40
2001-09-26T11:00,9.3,63,0,3.04,226,0,0,40
2001-09-26T12:00,9,64,0,3.11,225,0,0,40
2001-09-26T13:00,8.8,65,0,3.11,225,0,0,40
2001-09-26T14:00,10.6,63,0,3.18,226,0,57,40
2001-09-26T15:00,16.2,52,0,2.62,227,0,226,65
2001-09-26T16:00,21.6,34,0,1.77,223,0,410,175
2001-09-26T17:00,24.9,21,0,1.3,238,0,567,1775
2001-09-26T18:00,26.4,15,0,1.75,301,20,676,3225
2001-09-26T19:00,27.1,13,0,1.75,329,39,682,3480
2001-09-26T20:00,27.1,13,0,1.49,340,44,607,3535
2001-09-26T21:00,27.2,13,0,1.04,343,37,537,3510
2001-09-26T22:00,26.9,14,0,0.92,41,52,420,3570
2001-09-26T23:00,26.4,14,0,1.91,43,61,303,1070
2001-09-27T00:00,24.9,21,0,1.52,337,52,133,105
2001-09-27T01:00,22.8,23,0,2.01,297,40,16,60
2001-09-27T02:00,19.5,31,0,2,270,40,0,40
2001-09-27T03:00,17.2,39,0,2.25,249,36,0,30
2001-09-27T04:00,15.3,47,0,1.94,235,52,0,25
2001-09-27T05:00,13.9,53,0,1.84,229,39,0,20
2001-09-27T06:00,12.3,61,0,1.91,223,63,0,20
2001-09-27T07:00,11.4,63,0,2.06,219,43,0,20
2001-09-27T08:00,10.9,64,0,2.27,221,12,0,25
2001-09-27T09:00,10.3,65,0,2.27,221,0,0,25
2001-09-27T10:00,9.8,66,0,2.76,226,0,0,35
2001-09-27T11:00,9.4,68,0,2.62,230,0,0,35
2001-09-27T12:00,8.9,69,0,2.62,230,1,0,30
2001-09-27T13:00,8.6,70,0,2.55,228,0,0,30
2001-09-27T14:00,10.8,66,0,2.62,230,0,54,30
2001-09-27T15:00,17.4,49,0,2.08,235,0,220,55
2001-09-27T16:00,22.7,30,0,1.24,256,0,403,210
2001-09-27T17:00,25.3,20,0,0.95,342,0,558,1110
2001-09-27T18:00,26.5,16,0,1.26,18,4,666,2535
2001-09-27T19:00,26.9,16,0,0.78,40,8,672,2870
2001-09-27T20:00,27.2,15,0,0.71,45,3,649,2950
2001-09-27T21:00,27.3,15,0,0.71,45,9,578,2960
2001-09-27T22:00,27.1,15,0,2.04,79,38,462,3640
2001-09-27T23:00,26.4,16,0,1.88,65,47,289,2060
2001-09-28T00:00,24.9,23,0,1.79,27,52,133,105
2001-09-28T01:00,22.8,26,0,0.85,339,18,19,30
2001-09-28T02:00,20.7,31,0,1.03,241,2,0,30
2001-09-28T03:00,17.4,40,0,1.06,221,0,0,30
2001-09-28T04:00,14.8,49,0,1.08,202,0,0,25
2001-09-28T05:00,13.4,55,0,1.34,207,0,0,30
2001-09-28T06:00,12.5,58,0,1.66,213,0,0,30
2001-09-28T07:00,12.1,54,0,2.11,211,0,0,35
2001-09-28T08:00,11.1,57,0,2.22,216,0,0,40
2001-09-28T09:00,10.4,59,0,2.28,218,0,0,35
2001-09-28T10:00,9.6,62,0,2.69,222,0,0,50
2001-09-28T11:00,8.9,66,0,2.62,220,0,0,40
2001-09-28T12:00,8.3,69,0,2.62,220,0,0,40
2001-09-28T13:00,7.9,72,0,2.62,223,0,0,40
2001-09-28T14:00,10,68,0,2.69,225,0,52,40
2001-09-28T15:00,16.4,50,0,1.91,227,0,216,65
2001-09-28T16:00,21.3,31,0,0.78,230,0,398,240
2001-09-28T17:00,23.7,24,0,0.54,112,0,552,590
2001-09-28T18:00,25.7,21,0,1.44,124,17,653,1225
2001-09-28T19:00,27.1,16,0,1.36,126,48,669,3250
2001-09-28T20:00,27.6,15,0,1.2,138,39,588,3425
2001-09-28T21:00,27.7,14,0,0.92,167,41,423,3460
2001-09-28T22:00,27,15,0,0.98,114,68,315,3240
2001-09-28T23:00,26,18,0,0.71,172,76,195,1200
2001-09-29T00:00,23.3,29,0,1.41,172,93,75,170
2001-09-29T01:00,21.2,34,0,2.47,159,86,13,90
2001-09-29T02:00,19.8,34,0,2.5,182,85,0,135
2001-09-29T03:00,18.3,37,0,2.62,187,88,0,175
2001-09-29T04:00,17.4,40,0,2.93,188,89,0,180
2001-09-29T05:00,16.5,43,0,3.3,194,100,0,160
2001-09-29T06:00,15.1,48,0,3.36,203,100,0,130
2001-09-29T07:00,14.3,53,0,3.49,207,99,0,105
2001-09-29T08:00,13.5,55,0,3.41,212,99,0,90
2001-09-29T09:00,13.1,57,0,3.33,213,99,0,80
2001-09-29T10:00,12.7,58,0,3.33,221,85,0,70
2001-09-29T11:00,12.1,59,0,3.2,219,83,0,60
2001-09-29T12:00,11.8,59,0,2.92,218,95,0,50
2001-09-29T13:00,11.4,60,0,2.84,219,94,0,50
2001-09-29T14:00,12.6,58,0,2.97,222,93,25,50
2001-09-29T15:00,16.9,50,0,2.26,225,95,155,70
2001-09-29T16:00,21.6,35,0,1.42,231,93,305,195
2001-09-29T17:00,24.3,25,0,0.22,243,90,424,680
2001-09-29T18:00,25.9,20,0,0.89,27,90,495,2180
2001-09-29T19:00,26.1,19,0,1.72,36,88,484,3125
2001-09-29T20:00,24.5,28,0.4,2.42,38,91,296,2755
2001-09-29T21:00,24.1,25,0,2.1,360,86,130,2035
2001-09-29T22:00,22.3,33,0,1.14,255,99,36,265
2001-09-29T23:00,21.2,38,0,1.49,250,98,39,455
2001-09-30T00:00,19.9,44,0,1.06,311,98,17,235
2001-09-30T01:00,18.4,51,0,1.08,304,100,1,60
2001-09-30T02:00,17,58,0,0.98,294,99,0,65
2001-09-30T03:00,15.9,63,0,1.17,250,98,0,65
2001-09-30T04:00,15,66,0,1.56,225,96,0,55
2001-09-30T05:00,13.8,71,0,1.63,223,100,0,45
2001-09-30T06:00,12.9,75,0,1.63,223,99,0,40
2001-09-30T07:00,12.3,76,0,1.77,223,100,0,40
2001-09-30T08:00,11.6,77,0,1.91,223,96,0,40
2001-09-30T09:00,11.1,78,0,1.91,227,95,0,40
2001-09-30T10:00,10.7,79,0,1.42,231,90,0,30
2001-09-30T11:00,10.3,80,0,1.12,260,71,0,20
2001-09-30T12:00,10.1,78,0,1.08,292,60,0,40
2001-09-30T13:00,9.9,79,0,0.98,294,34,0,50
2001-09-30T14:00,10.7,81,0,1.04,287,1,30,80
2001-09-30T15:00,14.2,63,0,1.21,336,0,166,325
2001-09-30T16:00,16.5,52,0,1.32,351,0,335,610
2001-09-30T17:00,18.5,44,0,1.43,12,0,512,785
2001-09-30T18:00,20.1,39,0,1.58,35,0,610,975
2001-09-30T19:00,20.1,40,0,1.58,55,2,663,1185
2001-09-30T20:00,20.5,39,0,1.71,69,4,541,1395
2001-09-30T21:00,21.1,37,0,1.58,55,9,498,1380
2001-09-30T22:00,21,37,0,1.9,87,25,384,1565
2001-09-30T23:00,20.3,38,0.4,1.32,171,13,246,1475
2001-10-01T00:00,18.6,45,0,1,233,21,93,340
2001-10-01T01:00,16.7,54,0,0.72,236,33,13,20
2001-10-01T02:00,14.9,63,0,0.61,189,32,0,20
2001-10-01T03:00,13.4,71,0,1.2,222,14,0,25
2001-10-01T04:00,12.4,75,0,1.56,225,9,0,30
2001-10-01T05:00,11.4,79,0,1.77,227,8,0,35
2001-10-01T06:00,10.8,79,0,1.98,225,5,0,35
2001-10-01T07:00,10.3,78,0,2.19,223,5,0,40
2001-10-01T08:00,9.8,79,0,2.27,221,2,0,40
2001-10-01T09:00,9.3,80,0,2.41,222,1,0,40
2001-10-01T10:00,8.8,80,0,2.83,225,0,0,65
2001-10-01T11:00,8.5,79,0,2.83,225,0,0,65
2001-10-01T12:00,8.3,79,0,2.62,227,0,0,55
2001-10-01T13:00,8,79,0,2.62,227,1,0,45
2001-10-01T14:00,9.6,73,0,2.83,225,1,45,55
2001-10-01T15:00,15,54,0,2.05,227,0,202,90
2001-10-01T16:00,19.3,36,0,1.5,233,0,382,290
2001-10-01T17:00,21.8,28,0,0.81,263,5,536,820
2001-10-01T18:00,23.4,22,0,1.12,350,22,638,2730
2001-10-01T19:00,24.2,18,0,1.53,32,46,635,2965
2001-10-01T20:00,24.4,17,0,1.77,43,42,610,3015
2001-10-01T21:00,24.5,17,0,1.84,49,24,589,2975
2001-10-01T22:00,24.2,17,0,0.57,135,35,394,3190
2001-10-01T23:00,23.4,18,0,0.64,129,13,233,2470
2001-10-02T00:00,22,25,0,1.02,191,19,120,90
2001-10-02T01:00,19.5,33,0,2.25,201,19,10,110
2001-10-02T02:00,16.3,45,0,2.56,211,8,0,95
2001-10-02T03:00,14.9,51,0,2.58,216,16,0,75
2001-10-02T04:00,14,54,0,2.56,219,15,0,55
2001-10-02T05:00,13.1,57,0,2.7,219,7,0,50
2001-10-02T06:00,12.3,58,0,2.91,221,0,0,45
2001-10-02T07:00,11.4,61,0,3.04,224,0,0,45
2001-10-02T08:00,10.9,61,0,3.04,226,1,0,45
2001-10-02T09:00,10.3,61,0,3.04,226,4,0,40
2001-10-02T10:00,9.9,61,0,3.06,232,0,0,45
2001-10-02T11:00,9.5,60,0,3.06,232,1,0,45
2001-10-02T12:00,9.1,60,0,2.91,229,7,0,40
2001-10-02T13:00,8.8,60,0,2.91,229,12,0,40
2001-10-02T14:00,10.2,57,0,3.05,229,23,44,45
2001-10-02T15:00,15.7,45,0,2.42,232,33,199,70
2001-10-02T16:00,21,27,0,1.58,252,32,326,365
2001-10-02T17:00,22.8,18,0,2.16,304,36,400,2075
2001-10-02T18:00,23.7,16,0,2.4,343,33,582,3315
2001-10-02T19:00,24.2,16,0,2.43,351,40,539,3325
2001-10-02T20:00,24.4,15,0,2.42,353,40,523,3360
2001-10-02T21:00,24.3,14,0,2.5,360,39,450,3365
2001-10-02T22:00,23.9,14,0,2.75,33,58,363,3410
2001-10-02T23:00,23.4,14,0,1.4,356,59,229,1785
2001-10-03T00:00,21.8,18,0,1.42,309,30,123,100
2001-10-03T01:00,19.9,21,0,1.8,289,35,12,45
2001-10-03T02:00,17.4,25,0,1.94,282,23,0,40
2001-10-03T03:00,15.4,30,0,1.88,295,11,0,40
2001-10-03T04:00,14,34,0,2.41,312,23,0,55
2001-10-03T05:00,13,39,0,2.77,319,31,0,105
2001-10-03T06:00,11.7,45,0,2.27,311,0,0,105
2001-10-03T07:00,11.1,49,0,1.32,279,0,0,45
2001-10-03T08:00,10.1,53,0,1.3,247,0,0,30
2001-10-03T09:00,8.8,60,0,1.35,228,0,0,20
2001-10-03T10:00,7.7,67,0,1.77,223,0,0,25
2001-10-03T11:00,7,73,0,1.91,223,0,0,25
2001-10-03T12:00,6.6,75,0,2.13,221,0,0,30
2001-10-03T13:00,6.6,72,0,2.33,223,0,0,35
2001-10-03T14:00,8.5,65,0,2.62,223,0,43,40
2001-10-03T15:00,14.2,47,0,1.91,227,0,202,85
2001-10-03T16:00,19.1,29,0,1.35,228,0,383,350
2001-10-03T17:00,21.8,21,0,0.78,220,0,538,1120
2001-10-03T18:00,23.3,17,0,0.41,194,0,615,2540
2001-10-03T19:00,24.2,14,0,0.2,180,17,678,2955
2001-10-03T20:00,24.8,14,0,0.1,270,33,645,3130
2001-10-03T21:00,25,13,0,0.14,45,47,538,3285
2001-10-03T22:00,24.8,13,0,1.34,63,47,368,2420
2001-10-03T23:00,24.5,14,0,1.72,54,51,266,1675
2001-10-04T00:00,22.9,18,0,1.63,43,38,88,225
2001-10-04T01:00,20.6,20,0,1.26,18,32,10,45
2001-10-04T02:00,19,23,0,1.3,270,14,0,35
2001-10-04T03:00,15.7,30,0,1.71,249,5,0,40
2001-10-04T04:00,13.4,36,0,1.53,238,2,0,30
2001-10-04T05:00,11.5,44,0,1.52,247,0,0,25
2001-10-04T06:00,10.4,50,0,1.51,262,0,0,25
2001-10-04T07:00,10.8,47,0,1.43,282,0,0,30
2001-10-04T08:00,9.7,52,0,1.21,294,0,0,55
2001-10-04T09:00,8.9,58,0,1.03,299,0,0,60
2001-10-04T10:00,7.8,66,0,0.89,297,0,0,75
2001-10-04T11:00,6.9,72,0,1.77,313,3,0,95
2001-10-04T12:00,6.2,77,0,2.06,337,35,0,120
2001-10-04T13:00,5.6,81,0,1.75,347,55,0,115
2001-10-04T14:00,6.7,80,0,1.6,4,61,39,175
2001-10-04T15:00,9.8,70,0,1.62,22,74,167,295
2001-10-04T16:00,11.9,63,0,1.84,41,94,263,410
2001-10-04T17:00,13.4,58,0,1.97,60,79,326,560
2001-10-04T18:00,15.8,49,0,2.51,67,35,616,685
2001-10-04T19:00,13.6,52,0,3.48,72,6,305,730
2001-10-04T20:00,14.3,49,0,4.08,73,1,499,770
2001-10-04T21:00,14.7,48,0,4.18,69,15,551,890
2001-10-04T22:00,14.2,50,0,3.54,61,6,367,870
2001-10-04T23:00,13.8,51,0,4.06,52,23,278,765
2001-10-05T00:00,12.4,55,0,4.53,43,51,96,685
2001-10-05T01:00,10.3,61,0,3.58,30,96,7,595
2001-10-05T02:00,8.5,67,0,2.46,27,100,0,550
2001-10-05T03:00,7.4,71,0,2.64,29,100,0,525
2001-10-05T04:00,6.7,75,0,3.31,25,100,0,535
2001-10-05T05:00,5.7,82,0.2,3.27,23,100,0,505
2001-10-05T06:00,2.8,97,1,3.83,20,100,0,510
2001-10-05T07:00,1.7,98,0.8,4.08,17,98,0,500
2001-10-05T08:00,1.3,96,0.7,3.01,21,95,0,455
2001-10-05T09:00,0.9,96,0.3,2.69,31,99,0,400
2001-10-05T10:00,0.5,96,0.3,2.3,34,99,0,235
2001-10-05T11:00,0.3,95,0.3,2.78,38,96,0,290
2001-10-05T12:00,0,94,0.2,2.44,35,92,0,360
2001-10-05T13:00,0,93,0.1,1.77,47,94,0,315
2001-10-05T14:00,-0.1,90,0,1.36,73,100,6,340
2001-10-05T15:00,0.7,81,0,1.41,98,99,40,535
2001-10-05T16:00,2.9,69,0,1.61,120,77,164,695
2001-10-05T17:00,5.2,60,0,1.5,127,73,153,905
2001-10-05T18:00,8.6,48,0,1.73,80,15,423,1115
2001-10-05T19:00,9.9,41,0,3.16,79,0,637,1035
2001-10-05T20:00,10.8,39,0,3.75,81,0,683,995
2001-10-05T21:00,11,38,0,3.95,81,0,580,1020
2001-10-05T22:00,10.8,37,0,2.79,75,0,469,830
2001-10-05T23:00,10.2,38,0,2.44,71,0,302,705
2001-10-06T00:00,9.2,41,0,2.12,82,0,122,535
2001-10-06T01:00,7.7,47,0,1.58,72,0,8,285
2001-10-06T02:00,6.4,54,0,1.46,74,0,0,175
2001-10-06T03:00,5.6,57,0,0.51,79,0,0,120
2001-10-06T04:00,3.7,68,0,0.51,169,0,0,75
2001-10-06T05:00,2.8,74,0,1.03,209,0,0,60
2001-10-06T06:00,2,80,0,1.28,219,0,0,35
2001-10-06T07:00,1.1,83,0,1.25,209,0,0,25
2001-10-06T08:00,0.6,85,0,1.25,209,0,0,25
2001-10-06T09:00,0.1,86,0,1.22,215,0,0,25
2001-10-06T10:00,-0.2,86,0,2.13,221,0,0,45
2001-10-06T11:00,-0.3,85,0,2.41,222,0,0,45
2001-10-06T12:00,-0.2,82,0,2.55,222,0,0,40
2001-10-06T13:00,-0.2,79,0,2.62,223,0,0,35
2001-10-06T14:00,1.8,69,0,2.62,223,0,38,40
2001-10-06T15:00,7.6,53,0,2.06,219,0,195,60
2001-10-06T16:00,13,34,0,1.17,200,0,377,195
2001-10-06T17:00,16.2,25,0,1.17,149,8,531,625
2001-10-06T18:00,18.5,20,0,1.08,124,7,639,1375
2001-10-06T19:00,19.8,17,0,1.32,99,13,688,1865
2001-10-06T20:00,20.7,17,0,1.4,86,31,664,2200
2001-10-06T21:00,21.2,17,0,1.99,72,34,571,1770
2001-10-06T22:00,21.1,17,0,2.33,59,34,449,1445
2001-10-06T23:00,20.2,19,0,2.46,63,73,271,830
2001-10-07T00:00,18.2,25,0,2.12,82,95,111,190
2001-10-07T01:00,16.1,29,0,2.72,144,76,7,105
2001-10-07T02:00,13.4,39,0,3.06,191,18,0,120
2001-10-07T03:00,11.4,45,0,2.28,209,25,0,80
2001-10-07T04:00,9.2,55,0,2.28,218,13,0,45
2001-10-07T05:00,7.4,65,0,2.34,220,2,0,35
2001-10-07T06:00,6.6,71,0,2.34,220,2,0,35
2001-10-07T07:00,6.1,69,0,2.27,221,20,0,30
2001-10-07T08:00,5.7,68,0,2.27,221,81,0,30
2001-10-07T09:00,5.6,66,0,2.33,223,91,0,30
2001-10-07T10:00,5.5,63,0,2.69,225,99,0,35
2001-10-07T11:00,5.5,61,0,2.9,224,100,0,40
2001-10-07T12:00,5.4,60,0,2.97,225,100,0,40
2001-10-07T13:00,5.3,60,0,2.97,225,100,0,40
2001-10-07T14:00,6.5,59,0,3.04,226,96,23,40
2001-10-07T15:00,11.5,49,0,2.83,228,66,142,65
2001-10-07T16:00,17,33,0,2.19,227,76,261,175
2001-10-07T17:00,19,28,0,2.13,229,90,371,765
2001-10-07T18:00,20.2,25,0,2.11,239,94,390,1185
2001-10-07T19:00,20.7,24,0,1.77,227,86,258,1875
2001-10-07T20:00,21.3,23,0,1.5,217,39,307,2515
2001-10-07T21:00,21.8,23,0,1.28,219,32,408,2710
2001-10-07T22:00,21.3,25,0,0.71,225,78,257,1730
2001-10-07T23:00,20.9,26,0,1.87,286,95,232,165
2001-10-08T00:00,17.8,42,0.4,1.3,270,68,40,100
2001-10-08T01:00,16.1,48,0,1.21,246,47,2,20
2001-10-08T02:00,14.5,55,0,1.41,262,47,0,25
2001-10-08T03:00,12.4,63,0,1.55,255,16,0,25
2001-10-08T04:00,10.6,70,0,1.89,238,8,0,25
2001-10-08T05:00,9.5,73,0,2.13,229,1,0,30
2001-10-08T06:00,8.5,76,0,2.56,231,0,0,40
2001-10-08T07:00,7.7,77,0,2.62,230,0,0,40
2001-10-08T08:00,7.2,77,0,2.9,226,0,0,45
2001-10-08T09:00,6.8,77,0,2.97,228,0,0,45
2001-10-08T10:00,6.3,78,0,2.83,222,53,0,40
2001-10-08T11:00,5.8,79,0,2.83,222,54,0,40
2001-10-08T12:00,5.5,79,0,2.91,221,1,0,40
2001-10-08T13:00,5.1,80,0,2.97,222,1,0,45
2001-10-08T14:00,6.3,76,0,3.11,222,4,33,50
2001-10-08T15:00,11.4,59,0,2.48,223,1,183,80
2001-10-08T16:00,16.1,42,0,1.91,223,0,357,480
2001-10-08T17:00,18.5,32,0,1.5,266,4,505,1705
2001-10-08T18:00,19.7,27,0,1.08,326,36,607,2450
2001-10-08T19:00,20.9,23,0,1.02,11,23,541,2635
2001-10-08T20:00,21.2,22,0,0.32,18,37,585,2715
2001-10-08T21:00,21.2,22,0,0.36,146,50,460,2645
2001-10-08T22:00,21,22,0,0.7,180,79,347,2660
2001-10-08T23:00,20.5,23,0,0.41,166,76,201,2395
2001-10-09T00:00,19.1,29,0,0.54,68,34,75,45
2001-10-09T01:00,17.4,32,0,0.95,288,47,3,15
2001-10-09T02:00,15.2,42,0,1.26,252,75,0,20
2001-10-09T03:00,12.9,54,0,1.3,247,87,0,25
2001-10-09T04:00,11.6,62,0,1.71,263,90,0,25
2001-10-09T05:00,10.8,67,0,1.17,290,91,0,40
2001-10-09T06:00,10.2,69,0,1.52,293,85,0,90
2001-10-09T07:00,9.7,64,0,1.81,276,81,0,90
2001-10-09T08:00,9,67,0,1.5,266,78,0,70
2001-10-09T09:00,7.9,73,0,1.24,256,51,0,40
2001-10-09T10:00,7.1,78,0,0.9,270,12,0,40
2001-10-09T11:00,6.5,81,0,0.91,276,17,0,25
2001-10-09T12:00,5.8,84,0,0.81,263,33,0,20
2001-10-09T13:00,5.3,85,0,1.14,232,48,0,15
2001-10-09T14:00,6.5,78,0,1.36,234,65,25,25
2001-10-09T15:00,10.6,63,0,0.91,276,88,115,105
2001-10-09T16:00,13.2,51,0,0.82,346,74,103,340
2001-10-09T17:00,14.9,44,0,0.51,349,66,190,815
2001-10-09T18:00,16.1,41,0,0.51,101,67,376,1345
2001-10-09T19:00,17.1,39,0,1.02,169,64,406,1945
2001-10-09T20:00,18.1,35,0,1.39,210,87,447,2420
2001-10-09T21:00,17.9,32,0,2.85,252,70,293,1385
2001-10-09T22:00,15.5,40,0.9,2.92,338,59,177,960
2001-10-09T23:00,14,42,0,3.8,333,50,108,920
2001-10-10T00:00,12.9,38,0,2.83,352,55,74,1080
2001-10-10T01:00,11,37,0,2.22,8,35,4,280
2001-10-10T02:00,9.4,41,0,2.73,8,8,0,240
2001-10-10T03:00,7.8,50,0,1.77,16,15,0,145
2001-10-10T04:00,6.9,55,0,0.42,45,6,0,105
2001-10-10T05:00,7.1,53,0,0.6,90,15,0,85
2001-10-10T06:00,6.6,55,0,0.41,76,16,0,75
2001-10-10T07:00,5.6,70,0,0.8,90,15,0,65
2001-10-10T08:00,5.3,68,0,0.73,106,23,0,55
2001-10-10T09:00,5,67,0,0.72,124,13,0,40
2001-10-10T10:00,4.4,70,0,1,186,30,0,35
2001-10-10T11:00,3.3,76,0,1.17,160,56,0,40
2001-10-10T12:00,1.9,81,0,1.17,149,51,0,45
2001-10-10T13:00,1.7,80,0,1.35,132,57,0,70
2001-10-10T14:00,2.4,81,0,0.89,117,77,25,150
2001-10-10T15:00,4.8,73,0,1.12,117,92,129,435
2001-10-10T16:00,6.6,59,0,1.5,86,92,197,640
2001-10-10T17:00,8.3,47,0,1.63,79,92,334,1105
2001-10-10T18:00,9.8,38,0,1.2,95,88,410,1565
2001-10-10T19:00,10.6,31,0,1.6,86,78,373,1830
2001-10-10T20:00,12.1,24,0,1.7,93,53,332,2010
2001-10-10T21:00,12.8,22,0,2.32,83,57,251,1945
2001-10-10T22:00,13,23,0,2.45,78,13,371,1825
2001-10-10T23:00,11.8,29,0,3.41,58,3,220,1265
2001-10-11T00:00,10.2,37,0,3.72,59,0,85,660
2001-10-11T01:00,8.1,43,0,1.84,61,0,4,275
2001-10-11T02:00,6.7,52,0,1.22,55,0,0,95
2001-10-11T03:00,6.5,52,0,0.51,11,0,0,70
2001-10-11T04:00,4.4,63,0,0.98,246,0,0,80
2001-10-11T05:00,3.2,71,0,1.13,225,0,0,50
2001-10-11T06:00,2.7,76,0,1.5,217,0,0,45
2001-10-11T07:00,1.6,74,0,2.02,213,0,0,50
2001-10-11T08:00,1.2,73,0,2.47,212,0,0,60
2001-10-11T09:00,0.9,72,0,2.75,213,0,0,65
2001-10-11T10:00,0.7,71,0,2.78,218,3,0,65
2001-10-11T11:00,0.4,69,0,2.91,221,15,0,65
2001-10-11T12:00,0.2,66,0,3.06,218,25,0,65
2001-10-11T13:00,-0.1,64,0,3.14,217,58,0,65
2001-10-11T14:00,0.9,59,0,3.26,220,55,30,75
2001-10-11T15:00,5.6,43,0,2.62,227,9,175,120
2001-10-11T16:00,10.3,28,0,1.98,221,62,350,265
2001-10-11T17:00,13.8,19,0,1.7,183,97,488,500
2001-10-11T18:00,16.3,14,0,2.34,160,100,495,1100
2001-10-11T19:00,18.2,12,0,2.63,171,100,517,1865
2001-10-11T20:00,18.5,12,0,2.52,187,99,209,2370
2001-10-11T21:00,18.2,14,0,2.42,210,96,74,2800
2001-10-11T22:00,18.7,13,0,1.14,345,84,151,860
2001-10-11T23:00,17.8,17,0,2.2,357,92,76,415
2001-10-12T00:00,15.6,22,0,1.5,356,90,11,155
2001-10-12T01:00,13.3,27,0,1.89,328,98,1,65
2001-10-12T02:00,11.8,33,0,1.81,276,99,0,70
2001-10-12T03:00,9.7,37,0,1.08,248,95,0,60
2001-10-12T04:00,8.5,41,0,1.34,243,99,0,30
2001-10-12T05:00,7.4,47,0,1.2,275,93,0,25
2001-10-12T06:00,6.6,53,0,1.14,308,100,0,70
2001-10-12T07:00,6.5,55,0,2.06,337,100,0,245
2001-10-12T08:00,6.5,56,0,3.86,10,96,0,530
2001-10-12T09:00,5.7,62,0.2,3.79,12,95,0,775
2001-10-12T10:00,5.1,62,0,2.91,356,98,0,995
2001-10-12T11:00,4.4,57,0,3.71,3,100,0,1015
2001-10-12T12:00,3.8,56,0,4.92,5,100,0,1290
2001-10-12T13:00,2.6,62,0,5.16,9,99,0,1395
2001-10-12T14:00,1.6,72,0.4,4.98,10,100,8,1375
2001-10-12T15:00,1.9,71,0.3,5.92,5,85,10,1095
2001-10-12T16:00,2.6,66,0.2,6.23,6,84,48,1365
2001-10-12T17:00,4.5,49,0.2,6.12,5,52,362,1450
2001-10-12T18:00,6.2,38,0,6.01,3,68,367,1535
2001-10-12T19:00,6.5,39,0,5.32,4,64,357,1885
2001-10-12T20:00,7.9,32,0,4.33,7,92,505,2110
2001-10-12T21:00,8.7,28,0,3.21,5,84,342,2310
2001-10-12T22:00,8.9,28,0,1.8,360,91,267,1815
2001-10-12T23:00,8.5,29,0,1.63,349,83,146,1775
2001-10-13T00:00,7.5,33,0,0.8,360,6,68,1140
2001-10-13T01:00,6.1,39,0,0.61,99,0,2,30
2001-10-13T02:00,4.4,45,0,1.41,188,0,0,30
2001-10-13T03:00,3.2,49,0,1.48,208,0,0,30
2001-10-13T04:00,2,54,0,1.8,199,6,0,35
2001-10-13T05:00,1.8,52,0,2.47,194,20,0,55
2001-10-13T06:00,1.5,51,0,2.66,200,15,0,70
2001-10-13T07:00,1.5,47,0,2.47,212,10,0,65
2001-10-13T08:00,1.4,48,0,2.62,220,11,0,60
2001-10-13T09:00,1.9,49,0,2.48,223,15,0,60
2001-10-13T10:00,2.1,52,0,1.62,202,33,0,30
2001-10-13T11:00,2.2,56,0,2.28,195,50,0,35
2001-10-13T12:00,2.4,58,0,2.37,208,53,0,45
2001-10-13T13:00,2.5,60,0,1.84,221,66,0,40
2001-10-13T14:00,2.7,64,0,2.28,218,85,18,40
2001-10-13T15:00,6.4,56,0,2.06,209,89,88,60
2001-10-13T16:00,10,42,0,0.67,207,78,187,135
2001-10-13T17:00,12.3,32,0,0.5,90,81,328,1690
2001-10-13T18:00,13.4,27,0,2.56,309,60,512,2480
2001-10-13T19:00,13.8,29,0,4.76,321,54,337,2575
2001-10-13T20:00,14.2,27,0,5.11,329,45,380,2590
2001-10-13T21:00,14.6,25,0,4.74,335,19,434,2515
2001-10-13T22:00,14.2,27,0,3.62,332,43,277,2335
2001-10-13T23:00,13.7,27,0,3.2,346,40,211,2030
2001-10-14T00:00,12.1,33,0,1.52,23,24,75,205
2001-10-14T01:00,10.5,38,0,1.2,48,7,2,35
2001-10-14T02:00,8.8,46,0,0.82,166,10,0,30
2001-10-14T03:00,7.9,49,0,0.71,188,9,0,25
2001-10-14T04:00,5.7,57,0,0.57,135,4,0,20
2001-10-14T05:00,3.8,65,0,0.5,127,11,0,30
2001-10-14T06:00,3,71,0,1.08,56,15,0,40
2001-10-14T07:00,5,70,0,1.5,86,17,0,55
2001-10-14T08:00,4.8,73,0,1.53,148,15,0,55
2001-10-14T09:00,3.2,81,0,2.01,186,6,0,75
2001-10-14T10:00,2,82,0,2.04,191,2,0,95
2001-10-14T11:00,1.5,80,0,2.01,186,0,0,70
2001-10-14T12:00,1.2,78,0,2.09,197,1,0,60
2001-10-14T13:00,0.8,77,0,1.84,202,0,0,50
2001-10-14T14:00,1.7,75,0,1.7,208,0,23,45
2001-10-14T15:00,6.7,61,0,0.92,193,0,157,75
2001-10-14T16:00,11,38,0,1.48,118,0,326,440
2001-10-14T17:00,13,34,0,1.12,100,13,478,1270
2001-10-14T18:00,14.8,31,0,0.98,66,20,574,1785
2001-10-14T19:00,16.4,28,0,1,6,10,629,2285
2001-10-14T20:00,17.6,25,0,1.91,313,50,464,2635
2001-10-14T21:00,18.6,22,0,2.34,310,6,465,2720
2001-10-14T22:00,18.8,21,0,2.33,295,2,399,2340
2001-10-14T23:00,18,23,0,2.08,305,0,237,1680
2001-10-15T00:00,16.6,26,0,1.9,357,0,77,100
2001-10-15T01:00,14.1,29,0,2.52,7,4,2,155
2001-10-15T02:00,12.1,34,0,2.64,29,32,0,220
2001-10-15T03:00,10.5,41,0,2.11,31,9,0,185
2001-10-15T04:00,8.7,50,0,1.75,24,13,0,165
2001-10-15T05:00,7.1,63,0,1.66,57,5,0,130
2001-10-15T06:00,6,76,0,1.12,153,4,0,80
2001-10-15T07:00,4.2,79,0,1.58,215,24,0,45
2001-10-15T08:00,3.2,83,0,1.56,310,50,0,45
2001-10-15T09:00,2.2,96,0.7,7.18,19,98,0,720
2001-10-15T10:00,-1,91,0.8,4.21,18,98,0,640
2001-10-15T11:00,-1.5,92,0.3,2.28,23,94,0,545
2001-10-15T12:00,-1.6,88,0.2,1.22,35,77,0,395
2001-10-15T13:00,-1.5,81,0,0.78,50,81,0,405
2001-10-15T14:00,-1.5,80,0,0.57,45,45,11,355
2001-10-15T15:00,-0.3,74,0,1.58,55,34,104,445
2001-10-15T16:00,1.6,65,0,1.61,60,7,312,560
2001-10-15T17:00,3.6,57,0,1.84,68,1,485,640
2001-10-15T18:00,5.9,50,0,1.99,72,0,589,720
2001-10-15T19:00,7.2,46,0,2.26,77,5,635,800
2001-10-15T20:00,8.5,42,0,2.55,79,6,616,850
2001-10-15T21:00,9.1,41,0,2.84,80,13,541,870
2001-10-15T22:00,9.2,40,0,3.01,94,0,416,655
2001-10-15T23:00,8.8,41,0,2.42,114,0,250,635
2001-10-16T00:00,7.7,44,0,1.66,115,0,80,270
2001-10-16T01:00,6.3,49,0,2.08,125,0,1,80
2001-10-16T02:00,5,54,0,2.22,172,0,0,65
2001-10-16T03:00,3.7,60,0,1.82,189,0,0,55
2001-10-16T04:00,2.5,66,0,1.71,201,0,0,50
2001-10-16T05:00,1.4,71,0,1.7,208,0,0,45
2001-10-16T06:00,0.7,72,0,1.89,212,1,0,45
2001-10-16T07:00,0.4,73,0,2.16,214,14,0,45
2001-10-16T08:00,0.2,70,0,2.36,216,5,0,45
2001-10-16T09:00,0,68,0,2.5,217,11,0,50
2001-10-16T10:00,-0.2,67,0,3.06,218,14,0,55
2001-10-16T11:00,-0.5,66,0,2.92,218,37,0,45
2001-10-16T12:00,-0.7,65,0,2.64,217,35,0,40
2001-10-16T13:00,-0.8,64,0,2.64,217,26,0,40
2001-10-16T14:00,0,62,0,2.7,219,1,18,40
2001-10-16T15:00,4.5,52,0,2.5,217,3,120,50
2001-10-16T16:00,10.6,37,0,1.53,212,15,235,115
2001-10-16T17:00,14.6,22,0,1.1,175,41,389,360
2001-10-16T18:00,16.9,17,0,1.28,141,23,446,680
2001-10-16T19:00,19.2,14,0,1.2,132,0,636,1075
2001-10-16T20:00,20.3,13,0,1.1,95,1,621,1400
2001-10-16T21:00,20.7,12,0,1.36,73,0,544,1405
2001-10-16T22:00,20.5,13,0,2.14,53,37,414,900
2001-10-16T23:00,19.2,18,0,1.41,45,3,245,245
2001-10-17T00:00,17.3,24,0,1.49,42,1,77,30
2001-10-17T01:00,16,25,0,0.6,180,0,1,15
2001-10-17T02:00,12,33,0,1.53,212,0,0,25
2001-10-17T03:00,8.6,43,0,1.92,219,4,0,20
2001-10-17T04:00,5.6,57,0,2.41,222,25,0,25
2001-10-17T05:00,5.3,57,0,2.69,222,5,0,35
2001-10-17T06:00,5.1,55,0,2.97,222,0,0,40
2001-10-17T07:00,4.5,55,0,3.04,224,0,0,40
2001-10-17T08:00,4.1,56,0,3.11,225,0,0,40
2001-10-17T09:00,3.7,57,0,3.11,225,0,0,40
2001-10-17T10:00,3.4,57,0,3.11,225,16,0,40
2001-10-17T11:00,3,58,0,3.04,224,54,0,40
2001-10-17T12:00,2.7,59,0,3.11,222,76,0,40
2001-10-17T13:00,2.5,59,0,3.11,222,33,0,40
2001-10-17T14:00,3.2,58,0,3.26,223,23,19,40
2001-10-17T15:00,7.9,49,0,3.26,223,37,152,50
2001-10-17T16:00,14.5,35,0,2.27,221,42,316,100
2001-10-17T17:00,18.8,22,0,1.61,210,64,412,270
2001-10-17T18:00,21,16,0,1.53,191,89,389,980
2001-10-17T19:00,22.2,14,0,1.46,196,97,504,1385
2001-10-17T20:00,22.5,13,0,1.2,175,92,224,1700
2001-10-17T21:00,22.9,13,0,1.34,153,97,279,1930
2001-10-17T22:00,22.3,17,0,1.4,94,96,87,820
2001-10-17T23:00,21.4,22,0,1.64,38,88,58,110
2001-10-18T00:00,19.2,35,0,1.75,13,82,11,40
2001-10-18T01:00,16.7,30,0,0.45,27,17,0,20
2001-10-18T02:00,13.1,38,0,0.45,243,0,0,20
2001-10-18T03:00,9.7,48,0,1.75,239,23,0,20
2001-10-18T04:00,7.1,59,0,2,233,29,0,20
2001-10-18T05:00,6.6,59,0,2.34,230,36,0,20
2001-10-18T06:00,6.7,53,0,2.56,231,41,0,30
2001-10-18T07:00,5.8,57,0,2.69,228,69,0,30
2001-10-18T08:00,5.3,56,0,2.76,226,48,0,35
2001-10-18T09:00,4.7,58,0,2.69,228,40,0,35
2001-10-18T10:00,4.1,59,0,2.39,237,18,0,40
2001-10-18T11:00,3.8,61,0,1.7,230,48,0,30
2001-10-18T12:00,4.4,59,0,1.3,212,34,0,35
2001-10-18T13:00,3.6,65,0,1.42,231,6,0,25
2001-10-18T14:00,3.2,70,0,2.44,215,0,14,35
2001-10-18T15:00,8,56,0,2.47,194,20,147,85
2001-10-18T16:00,12.4,38,0,1.34,117,13,316,225
2001-10-18T17:00,13.6,35,0,3.14,59,0,453,745
2001-10-18T18:00,14.3,36,0,3.66,55,10,548,930
2001-10-18T19:00,14.3,35,0,4.06,52,5,614,860
2001-10-18T20:00,13.7,39,0,4.16,55,24,525,855
2001-10-18T21:00,13.2,42,0,3.85,65,33,356,780
2001-10-18T22:00,13.3,42,0,3.32,83,68,319,725
2001-10-18T23:00,12.9,43,0,2.81,94,51,154,595
2001-10-19T00:00,11.7,49,0,1.55,105,0,63,260
2001-10-19T01:00,10.2,54,0,2.36,144,0,0,120
2001-10-19T02:00,8.8,60,0,2.6,180,0,0,115
2001-10-19T03:00,7.7,63,0,2.6,203,0,0,80
2001-10-19T04:00,6.1,66,0,2.83,212,0,0,60
2001-10-19T05:00,4.7,69,0,3.05,212,0,0,60
2001-10-19T06:00,4.1,67,0,3.11,213,0,0,65
2001-10-19T07:00,3.9,58,0,3.08,216,0,0,65
2001-10-19T08:00,3.5,56,0,3.11,213,0,0,60
2001-10-19T09:00,3.1,55,0,2.94,215,0,0,55
2001-10-19T10:00,2.6,56,0,2.34,220,0,0,40
2001-10-19T11:00,2,57,0,2.41,222,0,0,35
2001-10-19T12:00,1.7,58,0,2.27,229,0,0,35
2001-10-19T13:00,1.4,59,0,2.05,227,0,0,30
2001-10-19T14:00,1.9,61,0,2.05,227,0,17,30
2001-10-19T15:00,7,54,0,1.98,221,0,147,45
2001-10-19T16:00,12.5,29,0,1.1,185,24,319,195
2001-10-19T17:00,14.7,21,0,2.13,139,22,468,1080
2001-10-19T18:00,16.3,19,0,2.1,155,23,568,1750
2001-10-19T19:00,19,16,0,1.65,166,4,613,2105
2001-10-19T20:00,20.1,16,0,0.5,143,0,596,2350
2001-10-19T21:00,20.7,16,0,0.54,22,0,520,2370
2001-10-19T22:00,20.7,16,0,1.14,38,0,392,1360
2001-10-19T23:00,19.7,20,0,0.94,58,0,229,205
2001-10-20T00:00,17.7,25,0,1.51,82,0,66,45
2001-10-20T01:00,16.2,26,0,1.8,177,0,0,65
2001-10-20T02:00,11.8,36,0,2.67,193,0,0,90
2001-10-20T03:00,9.2,43,0,3.44,206,0,0,75
2001-10-20T04:00,7.5,49,0,3.62,208,0,0,70
2001-10-20T05:00,6.9,50,0,3.67,209,0,0,70
2001-10-20T06:00,6,52,0,3.55,212,19,0,65
2001-10-20T07:00,5.4,52,0,3.44,216,23,0,60
2001-10-20T08:00,4.8,54,0,3.36,217,52,0,55
2001-10-20T09:00,4.3,55,0,3.34,219,50,0,50
2001-10-20T10:00,3.8,57,0,3.39,225,40,0,50
2001-10-20T11:00,3.3,58,0,3.25,225,45,0,45
2001-10-20T12:00,3,58,0,3.25,225,65,0,45
2001-10-20T13:00,2.8,58,0,3.18,226,93,0,45
2001-10-20T14:00,3.5,57,0,2.7,231,100,8,45
2001-10-20T15:00,7,52,0,1.89,238,100,70,50
2001-10-20T16:00,13.1,36,0,0.41,256,100,196,120
2001-10-20T17:00,16.5,25,0,1.2,85,98,245,440
2001-10-20T18:00,18.5,18,0,2.02,110,100,337,625
2001-10-20T19:00,17.8,20,0,2.47,122,100,247,815
2001-10-20T20:00,18.8,19,0,2.83,122,100,240,1010
2001-10-20T21:00,19.1,18,0,3.26,117,98,110,975
2001-10-20T22:00,19,19,0,3.23,106,89,85,660
2001-10-20T23:00,18.1,23,0,2.47,104,83,80,520
2001-10-21T00:00,16.4,28,0,1.9,87,52,27,225
2001-10-21T01:00,14.4,31,0,0.73,106,20,0,110
2001-10-21T02:00,11.8,36,0,1.1,185,0,0,100
2001-10-21T03:00,10,41,0,1.75,211,0,0,85
2001-10-21T04:00,7.8,49,0,2.08,215,0,0,55
2001-10-21T05:00,6.6,54,0,2.41,222,0,0,40
2001-10-21T06:00,5.9,55,0,2.48,223,0,0,40
2001-10-21T07:00,5,59,0,2.48,227,0,0,35
2001-10-21T08:00,4.6,59,0,2.33,227,0,0,35
2001-10-21T09:00,4,60,0,2.13,229,0,0,30
2001-10-21T10:00,3.5,62,0,1.89,238,20,0,25
2001-10-21T11:00,3.7,63,0,0.85,339,27,0,25
2001-10-21T12:00,3.9,63,0,0.5,53,65,0,65
2001-10-21T13:00,6,53,0,0.91,174,86,0,35
2001-10-21T14:00,5.3,57,0,1.17,200,100,10,25
2001-10-21T15:00,6.6,65,0,1.4,184,100,79,100
2001-10-21T16:00,9.6,47,0,1.25,151,100,117,250
2001-10-21T17:00,11.7,41,0,1.63,133,99,139,430
2001-10-21T18:00,13.7,36,0,2.2,129,97,168,625
2001-10-21T19:00,16,29,0,2.69,132,100,128,865
2001-10-21T20:00,17.4,25,0,2.77,131,100,134,1070
2001-10-21T21:00,17.8,24,0,2.86,126,100,73,1025
2001-10-21T22:00,17.4,25,0,2.73,114,100,21,665
2001-10-21T23:00,16.5,30,0,1.21,114,100,9,295
2001-10-22T00:00,14.8,41,0,0.98,24,100,1,185
2001-10-22T01:00,13,43,0,1.22,325,100,0,45
2001-10-22T02:00,11.9,48,0,1.41,278,100,0,25
2001-10-22T03:00,10.8,53,0,0.92,229,100,0,25
2001-10-22T04:00,9.7,57,0,1.64,218,100,0,25
2001-10-22T05:00,9.2,58,0,2.08,215,100,0,35
2001-10-22T06:00,8.8,60,0,2.34,220,100,0,45
2001-10-22T07:00,8.3,64,0,2.34,220,99,0,45
2001-10-22T08:00,8,65,0,2.42,218,86,0,50
2001-10-22T09:00,7.4,68,0,2.56,219,29,0,55
2001-10-22T10:00,6.7,71,0,2.69,225,28,0,60
2001-10-22T11:00,5.6,75,0,2.69,225,18,0,55
2001-10-22T12:00,5,77,0,2.69,225,5,0,50
2001-10-22T13:00,4.5,78,0,2.69,225,5,0,50
2001-10-22T14:00,4.6,76,0,3.04,224,2,12,55
2001-10-22T15:00,8.1,62,0,2.62,220,1,118,85
2001-10-22T16:00,13.1,44,0,2.15,202,1,296,435
2001-10-22T17:00,15.8,33,0,2.78,232,3,438,1685
2001-10-22T18:00,17.3,27,0,2.73,262,11,514,2310
2001-10-22T19:00,18.1,21,0,2.67,283,20,413,2775
2001-10-22T20:00,18.6,18,0,3.07,289,30,482,3035
2001-10-22T21:00,18.5,17,0,3.2,290,47,393,2930
2001-10-22T22:00,18,18,0,3.31,273,59,247,1360
2001-10-22T23:00,17,21,0,2.28,285,69,126,1510
2001-10-23T00:00,15.5,26,0,0.32,342,52,24,45
2001-10-23T01:00,13.9,28,0,0.36,214,81,0,20
2001-10-23T02:00,11.9,35,0,0.78,220,75,0,25
2001-10-23T03:00,9.5,44,0,1.56,230,38,0,35
2001-10-23T04:00,7.8,51,0,1.56,230,3,0,30
2001-10-23T05:00,6.5,56,0,1.97,210,0,0,30
2001-10-23T06:00,5.6,59,0,2.33,205,1,0,35
2001-10-23T07:00,4.7,63,0,2.55,206,45,0,40
2001-10-23T08:00,4.2,65,0,2.92,202,58,0,50
2001-10-23T09:00,4,64,0,3.16,198,74,0,70
2001-10-23T10:00,4.4,61,0,3,210,56,0,75
2001-10-23T11:00,4.3,59,0,3,210,12,0,70
2001-10-23T12:00,4,58,0,3.31,205,0,0,75
2001-10-23T13:00,3.8,58,0,3.31,205,0,0,80
2001-10-23T14:00,4.1,58,0,3.31,205,0,12,85
2001-10-23T15:00,8,49,0,2.95,204,0,130,130
2001-10-23T16:00,13.6,31,0,2.62,198,0,300,970
2001-10-23T17:00,16.5,24,0,3.58,240,0,437,1895
2001-10-23T18:00,18.1,22,0,5.01,267,0,544,2550
2001-10-23T19:00,19.1,19,0,5.7,270,0,579,2875
2001-10-23T20:00,19.3,18,0,5.8,269,2,563,2985
2001-10-23T21:00,19.2,17,0,5.52,265,0,488,3080
2001-10-23T22:00,18.7,17,0,5.71,267,2,372,3305
2001-10-23T23:00,17.6,19,0,4.04,261,22,212,2910
2001-10-24T00:00,15.8,23,0,2.44,251,4,54,1670
2001-10-24T01:00,13.9,26,0,2.26,283,18,0,445
2001-10-24T02:00,12,32,0,2.44,325,37,0,115
2001-10-24T03:00,10.7,37,0,2.52,353,60,0,210
2001-10-24T04:00,8.8,47,0,2.9,360,55,0,230
2001-10-24T05:00,7.5,53,0.1,2.6,2,63,0,240
2001-10-24T06:00,6.1,61,0.3,2.67,13,65,0,250
2001-10-24T07:00,3.5,79,0.8,2.14,11,34,0,205
2001-10-24T08:00,2.6,77,0.3,2.82,6,12,0,275
2001-10-24T09:00,1.9,73,0.3,3.23,344,30,0,400
2001-10-24T10:00,1.4,66,0,2.69,329,3,0,330
2001-10-24T11:00,1,56,0,2.98,346,2,0,435
2001-10-24T12:00,0.8,49,0,3.49,333,0,0,1740
2001-10-24T13:00,0.7,43,0,3.68,317,0,0,1685
2001-10-24T14:00,1.1,36,0,3.47,314,0,12,1565
2001-10-24T15:00,2.6,37,0,4.3,306,0,135,1515
2001-10-24T16:00,4.4,27,0,4.88,296,0,307,1495
2001-10-24T17:00,6.4,20,0,4.98,292,0,458,1615
2001-10-24T18:00,8.2,16,0,5.03,291,0,562,1885
2001-10-24T19:00,9.7,14,0,5.38,288,0,607,2190
2001-10-24T20:00,10.6,13,0,5.44,290,0,589,2485
2001-10-24T21:00,11,13,0,5,290,0,511,2635
2001-10-24T22:00,11.1,13,0,4.04,312,0,381,2880
2001-10-24T23:00,10.5,14,0,3.26,317,0,214,2655
2001-10-25T00:00,9.1,18,0,2.6,337,0,54,1515
2001-10-25T01:00,7.2,23,0,1.22,305,6,0,1125
2001-10-25T02:00,5.8,25,0,1,270,4,0,980
2001-10-25T03:00,3.2,34,0,0.3,270,6,0,70
2001-10-25T04:00,1.4,42,0,1.72,126,5,0,40
2001-10-25T05:00,0.7,46,0,1.84,158,4,0,45
2001-10-25T06:00,0.8,48,0,1.4,184,0,0,35
2001-10-25T07:00,3.2,36,0,1.12,153,0,0,30
2001-10-25T08:00,0.1,46,0,2.15,118,0,0,115
2001-10-25T09:00,-0.6,47,0,2.14,101,0,0,110
2001-10-25T10:00,-0.7,47,0,1.98,131,0,0,80
2001-10-25T11:00,-0.9,48,0,2.13,139,0,0,75
2001-10-25T12:00,-2.3,54,0,2.05,137,0,0,65
2001-10-25T13:00,-3.1,58,0,2.37,152,0,0,80
2001-10-25T14:00,-2.6,60,0,2.12,161,0,11,90
2001-10-25T15:00,1.9,44,0,2.24,153,0,127,225
2001-10-25T16:00,5.7,31,0,2.64,155,0,294,370
2001-10-25T17:00,8.2,26,0,2.94,145,0,440,790
2001-10-25T18:00,10.2,23,0,2.42,120,0,540,1495
2001-10-25T19:00,11.8,20,0,2.35,102,0,582,1820
2001-10-25T20:00,12.6,20,0,2.62,97,1,564,1815
2001-10-25T21:00,12.6,20,0,2.91,86,0,489,1435
2001-10-25T22:00,12.1,20,0,2.7,88,2,362,1085
2001-10-25T23:00,10.9,22,0,2.7,92,0,201,580
2001-10-26T00:00,8.8,27,0,1.96,105,5,49,180
2001-10-26T01:00,7.2,30,0,2.47,148,34,0,95
2001-10-26T02:00,5.9,35,0,2.06,194,37,0,55
2001-10-26T03:00,4.3,42,0,1.53,212,6,0,35
2001-10-26T04:00,2.7,52,0,1.7,220,4,0,25
2001-10-26T05:00,1.2,62,0,1.41,225,2,0,20
2001-10-26T06:00,0.4,68,0,1.36,234,0,0,15
2001-10-26T07:00,-0.1,73,0,1.22,235,0,0,15
2001-10-26T08:00,0,70,0,1.22,235,0,0,15
2001-10-26T09:00,-0.1,70,0,1.22,235,5,0,15
2001-10-26T10:00,-0.1,69,0,1.39,249,2,0,25
2001-10-26T11:00,0.2,67,0,0.73,286,0,0,15
2001-10-26T12:00,0.4,63,0,0.32,162,3,0,20
2001-10-26T13:00,0.3,61,0,1.41,188,0,0,25
2001-10-26T14:00,-0.5,66,0,1.32,189,0,10,35
2001-10-26T15:00,3.6,55,0,1.26,162,0,121,105
2001-10-26T16:00,7.3,37,0,1.64,128,0,287,350
2001-10-26T17:00,9.8,30,0,2.16,124,0,432,580
2001-10-26T18:00,12,26,0,2.55,132,0,533,830
2001-10-26T19:00,13.4,24,0,2.48,133,0,578,1090
2001-10-26T20:00,14.8,22,0,2.56,129,0,561,1265
2001-10-26T21:00,15.6,21,0,2.66,124,0,485,1240
2001-10-26T22:00,15.5,21,0,3,120,7,356,930
2001-10-26T23:00,14.2,24,0,2.28,119,14,197,465
2001-10-27T00:00,11.8,30,0,2.15,118,26,46,170
2001-10-27T01:00,10,33,0,2.31,175,9,0,105
2001-10-27T02:00,7.4,41,0,2.25,201,1,0,80
2001-10-27T03:00,5.5,49,0,2.06,203,19,0,60
2001-10-27T04:00,3.5,59,0,2.33,205,49,0,50
2001-10-27T05:00,2.4,66,0,2.42,210,90,0,50
2001-10-27T06:00,2.1,66,0,2.47,212,94,0,50
2001-10-27T07:00,1.8,66,0,2.52,214,98,0,45
2001-10-27T08:00,1.7,65,0,2.52,214,95,0,45
2001-10-27T09:00,1.4,66,0,2.58,216,92,0,40
2001-10-27T10:00,1.2,65,0,2.86,216,80,0,40
2001-10-27T11:00,1.1,63,0,2.86,216,33,0,40
2001-10-27T12:00,1.1,60,0,2.98,220,3,0,40
2001-10-27T13:00,0.8,60,0,3.05,221,20,0,40
2001-10-27T14:00,1.2,58,0,3.11,222,60,9,40
2001-10-27T15:00,5.2,50,0,3.19,221,84,116,50
2001-10-27T16:00,12,35,0,2.28,218,86,262,90
2001-10-27T17:00,16.9,21,0,1.88,205,75,419,270
2001-10-27T18:00,19.5,15,0,2.01,207,74,510,1210
2001-10-27T19:00,20.7,13,0,1.92,231,78,545,1625
2001-10-27T20:00,21.5,13,0,1.53,238,55,542,2025
2001-10-27T21:00,21.8,13,0,1.17,239,54,444,2380
2001-10-27T22:00,21.6,13,0,0.86,126,50,335,2555
2001-10-27T23:00,19.5,22,0,1.4,90,37,188,80
2001-10-28T00:00,17.6,30,0,0.86,144,32,41,20
2001-10-28T01:00,14.7,29,0,1.7,208,29,0,25
2001-10-28T02:00,11.4,38,0,2.06,219,20,0,25
2001-10-28T03:00,8.7,48,0,2.78,218,13,0,25
2001-10-28T04:00,8.1,48,0,3,217,15,0,35
2001-10-28T05:00,7.7,48,0,3.14,217,9,0,35
2001-10-28T06:00,7.2,50,0,3.22,216,23,0,40
2001-10-28T07:00,6.4,53,0,3.36,217,60,0,40
2001-10-28T08:00,6.2,54,0,3.47,213,70,0,45
2001-10-28T09:00,6.2,53,0,3.61,214,72,0,55
2001-10-28T10:00,6.6,51,0,3.64,217,93,0,55
2001-10-28T11:00,7.2,49,0,3.4,223,99,0,50
2001-10-28T12:00,7.3,49,0,3.26,223,100,0,45
2001-10-28T13:00,7.3,50,0,3.26,220,100,0,45
2001-10-28T14:00,7.5,51,0,3.33,221,100,1,45
2001-10-28T15:00,9.4,47,0,3.41,220,100,12,60
2001-10-28T16:00,13.3,40,0,2.86,216,100,52,90
2001-10-28T17:00,17,33,0,2.25,201,100,79,375
2001-10-28T18:00,19.7,28,0,3,210,100,170,1610
2001-10-28T19:00,20.5,27,0,2.62,223,100,181,1890
2001-10-28T20:00,20.9,25,0,2.27,229,97,174,2060
2001-10-28T21:00,21.3,24,0,1.84,225,71,180,2135
2001-10-28T22:00,21.4,23,0,2.19,204,28,288,1725
2001-10-28T23:00,20.7,26,0,1.26,198,27,151,220
2001-10-29T00:00,19.5,31,0,1.71,201,19,36,30
2001-10-29T01:00,16.6,36,0,1.56,220,8,0,20
2001-10-29T02:00,14,41,0,1.35,228,32,0,20
2001-10-29T03:00,10.5,54,0,1.77,227,55,0,20
2001-10-29T04:00,8.9,61,0,1.91,227,28,0,20
2001-10-29T05:00,7.8,67,0,1.98,229,72,0,20
2001-10-29T06:00,7.1,71,0,2.2,231,67,0,25
2001-10-29T07:00,6.3,71,0,2.42,232,60,0,30
2001-10-29T08:00,6,72,0,2.3,236,57,0,25
2001-10-29T09:00,5.8,73,0,2.1,267,80,0,25
2001-10-29T10:00,5.4,75,0,1.61,277,84,0,35
2001-10-29T11:00,5.2,76,0,1.22,305,81,0,65
2001-10-29T12:00,4.7,78,0,0.81,300,82,0,40
2001-10-29T13:00,3.6,83,0,0.81,263,81,0,15
2001-10-29T14:00,3.8,83,0,0.86,234,96,4,15
2001-10-29T15:00,7.1,73,0,1.06,221,100,51,45
2001-10-29T16:00,11.8,52,0,0.51,191,96,165,180
2001-10-29T17:00,14.5,43,0,0.3,90,96,254,360
2001-10-29T18:00,16.3,38,0,1.22,81,98,287,510
2001-10-29T19:00,17.5,34,0,2,90,99,232,685
2001-10-29T20:00,18.4,32,0,2.5,92,97,253,875
2001-10-29T21:00,18.9,31,0,2.7,90,96,231,950
2001-10-29T22:00,18.8,31,0,3.06,79,89,196,690
2001-10-29T23:00,17.6,35,0,2.28,67,74,146,545
2001-10-30T00:00,15.1,43,0,1.66,33,77,37,100
2001-10-30T01:00,12.7,51,0,1.34,27,95,0,55
2001-10-30T02:00,11,57,0,0.82,346,97,0,50
2001-10-30T03:00,9.5,62,0,1.6,274,98,0,50
2001-10-30T04:00,7.9,68,0,1.21,246,99,0,30
2001-10-30T05:00,6.6,74,0,1.14,218,98,0,25
2001-10-30T06:00,5.2,79,0,1.72,216,99,0,30
2001-10-30T07:00,4.9,81,0,2.06,219,99,0,40
2001-10-30T08:00,4.6,79,0,2.19,223,100,0,40
2001-10-30T09:00,4.9,75,0,2.26,225,100,0,40
2001-10-30T10:00,5,72,0,2.33,223,100,0,35
2001-10-30T11:00,5.2,70,0,2.55,222,99,0,40
2001-10-30T12:00,5.7,67,0,2.69,222,100,0,40
2001-10-30T13:00,6,65,0,2.91,221,100,0,40
2001-10-30T14:00,6.3,64,0,2.98,220,100,0,45
2001-10-30T15:00,7.9,59,0,2.92,218,100,2,50
2001-10-30T16:00,9.8,54,0,2.92,218,100,4,65
2001-10-30T17:00,12.9,46,0,2.72,216,100,11,80
2001-10-30T18:00,15.3,40,0,2.39,213,100,28,100
2001-10-30T19:00,17,34,0,2.12,199,100,45,305
2001-10-30T20:00,18.8,25,0,2.62,198,100,83,570
2001-10-30T21:00,20.8,19,0,3.16,198,98,236,990
2001-10-30T22:00,21.3,18,0,2.43,171,100,206,1035
2001-10-30T23:00,20.1,21,0,2.2,150,100,84,200
2001-10-31T00:00,17.6,25,0,2.84,170,100,13,75
2001-10-31T01:00,15,31,0,2.12,199,100,0,60
2001-10-31T02:00,12.3,38,0,2.44,215,100,0,45
2001-10-31T03:00,10.6,42,0,2.56,219,100,0,35
2001-10-31T04:00,10.2,42,0,2.86,216,100,0,40
2001-10-31T05:00,10.3,41,0,3.28,211,100,0,50
2001-10-31T06:00,10.1,41,0,3.67,209,99,0,60
2001-10-31T07:00,9.4,44,0,3.8,207,100,0,70
2001-10-31T08:00,9.4,43,0,3.72,204,100,0,80
2001-10-31T09:00,9.1,44,0,3.7,199,99,0,90
2001-10-31T10:00,8.8,45,0,3.18,208,94,0,75
2001-10-31T11:00,8.2,47,0,3.4,208,37,0,85
2001-10-31T12:00,7.7,49,0,3.58,210,1,0,95
2001-10-31T13:00,7.6,50,0,3.8,207,29,0,90
2001-10-31T14:00,8.2,51,0,3.81,210,8,3,85
2001-10-31T15:00,11.2,47,0,3.49,207,0,98,130
2001-10-31T16:00,15.6,36,0,3.4,208,7,263,1375
2001-10-31T17:00,17.5,32,0,5.54,231,12,405,1950
2001-10-31T18:00,18.7,28,0,5.99,244,10,495,2475
2001-10-31T19:00,19.3,24,0,6.74,255,37,471,2605
2001-10-31T20:00,19,22,0,6.84,255,9,422,2400
2001-10-31T21:00,18.6,21,0,6.18,256,3,424,2170
2001-10-31T22:00,17.8,24,0,5.61,259,16,300,1865
2001-10-31T23:00,16.4,27,0,4.34,262,43,162,1685
2001-11-01T00:00,14.2,32,0,3.1,268,21,34,1285
2001-11-01T01:00,12.3,36,0,2.4,268,0,0,910
2001-11-01T02:00,11.1,38,0,2.38,248,0,0,680
2001-11-01T03:00,9.2,43,0,2.62,220,0,0,495
2001-11-01T04:00,6.9,51,0,1.92,208,0,0,180
2001-11-01T05:00,5.7,54,0,1.3,176,0,0,30
2001-11-01T06:00,5,56,0,2.2,183,0,0,40
2001-11-01T07:00,4.5,57,0,2.6,196,0,0,55
2001-11-01T08:00,3.9,60,0,2.6,203,0,0,60
2001-11-01T09:00,3.2,64,0,2.64,209,0,0,60
2001-11-01T10:00,2.5,68,0,2.78,210,14,0,55
2001-11-01T11:00,2.2,70,0,3.05,212,28,0,60
2001-11-01T12:00,2,71,0,3.02,214,56,0,60
2001-11-01T13:00,1.7,73,0,2.91,221,79,0,55
2001-11-01T14:00,1.8,74,0,2.7,231,80,3,45
2001-11-01T15:00,5.3,63,0,2.33,239,73,85,60
2001-11-01T16:00,10,45,0,1,264,41,204,265
2001-11-01T17:00,11.4,40,0,1.17,329,31,248,1490
2001-11-01T18:00,13,35,0,1.49,312,78,380,2095
2001-11-01T19:00,14.4,26,0,0.99,315,42,247,2150
2001-11-01T20:00,15.8,22,0,1.49,318,54,475,2555
2001-11-01T21:00,16.4,20,0,1.97,336,61,319,2625
2001-11-01T22:00,16,21,0,2.61,32,25,230,1880
2001-11-01T23:00,14.7,24,0,2.88,34,46,133,645
2001-11-02T00:00,12.7,29,0,2.19,43,46,29,305
2001-11-02T01:00,10.8,35,0,2.19,66,37,0,275
2001-11-02T02:00,9,38,0,1.71,83,9,0,105
2001-11-02T03:00,7.3,43,0,0.22,117,2,0,15
2001-11-02T04:00,5.8,48,0,0.4,180,0,0,15
2001-11-02T05:00,4.3,54,0,0.63,162,0,0,15
2001-11-02T06:00,3.1,62,0,0.67,153,0,0,15
2001-11-02T07:00,4.6,56,0,0.81,187,0,0,20
2001-11-02T08:00,2.8,64,0,0.81,187,0,0,25
2001-11-02T09:00,1.4,72,0,0.95,198,0,0,25
2001-11-02T10:00,0.8,77,0,1.14,195,0,0,25
2001-11-02T11:00,0.5,79,0,1.34,207,0,0,25
2001-11-02T12:00,0.2,81,0,1.44,214,0,0,30
2001-11-02T13:00,0.1,81,0,1.56,220,0,0,30
2001-11-02T14:00,0.3,79,0,1.77,227,0,4,30
2001-11-02T15:00,4.6,64,0,1.44,236,0,96,40
2001-11-02T16:00,10.1,39,0,0.42,315,0,252,285
2001-11-02T17:00,12.3,32,0,0.64,51,0,392,630
2001-11-02T18:00,14.1,29,0,1.1,85,0,491,950
2001-11-02T19:00,15.1,27,0,1.7,90,0,534,1250
2001-11-02T20:00,16,25,0,2.2,90,0,518,1450
2001-11-02T21:00,16.5,24,0,2.6,90,0,444,1510
2001-11-02T22:00,16.4,25,0,2.71,94,0,320,1235
2001-11-02T23:00,15.3,27,0,2.35,78,0,165,630
2001-11-03T00:00,13,33,0,2.06,61,19,30,85
2001-11-03T01:00,10.9,40,0,1.27,45,76,0,50
2001-11-03T02:00,9.8,42,0,0.5,270,90,0,40
2001-11-03T03:00,7.5,50,0,1.3,247,94,0,35
2001-11-03T04:00,5.9,57,0,1.41,225,96,0,30
2001-11-03T05:00,4.4,64,0,1.17,211,98,0,25
2001-11-03T06:00,3.2,71,0,1.3,212,83,0,25
2001-11-03T07:00,2.5,75,0,1.44,214,97,0,25
2001-11-03T08:00,2,77,0,1.41,225,98,0,20
2001-11-03T09:00,1.7,79,0,1.35,228,94,0,20
2001-11-03T10:00,1.5,80,0,1.22,235,99,0,15
2001-11-03T11:00,1.5,79,0,1.21,246,96,0,15
2001-11-03T12:00,1.8,77,0,1.08,248,94,0,15
2001-11-03T13:00,1.7,77,0,0.94,238,90,0,15
2001-11-03T14:00,2.1,75,0,0.92,229,94,1,15
2001-11-03T15:00,5.1,69,0,1.2,228,94,45,20
2001-11-03T16:00,10.9,43,0,0.5,323,92,184,345
2001-11-03T17:00,13,34,0,1.7,28,94,323,765
2001-11-03T18:00,14.2,32,0,2.13,41,98,397,945
2001-11-03T19:00,14.5,30,0,2.41,48,97,459,1070
2001-11-03T20:00,14.8,29,0,2.44,55,95,402,1140
2001-11-03T21:00,14.6,30,0,2.15,62,92,219,1170
2001-11-03T22:00,14.3,30,0,2.1,65,80,211,1060
2001-11-03T23:00,13.4,32,0,1.97,66,59,98,565
2001-11-04T00:00,11.8,36,0,2,53,22,27,65
2001-11-04T01:00,10.7,38,0,0.89,27,4,0,20
2001-11-04T02:00,9.1,44,0,0.36,214,0,0,10
2001-11-04T03:00,5.8,56,0,1.06,221,0,0,20
2001-11-04T04:00,4.2,65,0,1,217,0,0,20
2001-11-04T05:00,3.2,71,0,1.8,214,0,0,20
2001-11-04T06:00,2.9,72,0,2.2,210,0,0,30
2001-11-04T07:00,2.3,75,0,2.46,207,0,0,40
2001-11-04T08:00,2.3,74,0,2.73,208,0,0,50
2001-11-04T09:00,2.3,75,0,2.83,212,0,0,55
2001-11-04T10:00,2,76,0,3.02,214,0,0,70
2001-11-04T11:00,1.6,77,0,2.92,218,0,0,60
2001-11-04T12:00,1.3,78,0,2.97,222,0,0,55
2001-11-04T13:00,1,79,0,2.9,224,0,0,45
2001-11-04T14:00,0.9,79,0,2.76,224,0,3,40
2001-11-04T15:00,4.4,66,0,2.62,223,0,93,45
2001-11-04T16:00,10.8,45,0,1.49,222,0,251,100
2001-11-04T17:00,14.6,32,0,0.89,207,0,393,340
2001-11-04T18:00,16.8,26,0,0.81,173,0,493,625
2001-11-04T19:00,19.1,20,0,0.92,139,0,539,975
2001-11-04T20:00,20,17,0,1.34,117,0,523,1400
2001-11-04T21:00,20.3,16,0,1.65,104,0,448,1540
2001-11-04T22:00,20,16,0,2.42,97,0,321,1485
2001-11-04T23:00,18.7,20,0,1.82,99,0,164,280
2001-11-05T00:00,16.1,25,0,2.5,127,0,28,105
2001-11-05T01:00,12.9,33,0,2.62,187,0,0,105
2001-11-05T02:00,10.8,40,0,2.73,208,0,0,95
2001-11-05T03:00,8.9,47,0,2.01,207,0,0,75
2001-11-05T04:00,6.5,56,0,2.25,212,0,0,55
2001-11-05T05:00,5.1,62,0,2.52,214,0,0,45
2001-11-05T06:00,4.4,64,0,2.72,216,0,0,45
2001-11-05T07:00,4.3,61,0,2.84,219,0,0,40
2001-11-05T08:00,3.9,60,0,2.77,221,0,0,40
2001-11-05T09:00,3.5,60,0,2.69,222,0,0,35
2001-11-05T10:00,3.1,60,0,2.62,223,0,0,30
2001-11-05T11:00,2.8,60,0,2.4,225,0,0,30
2001-11-05T12:00,2.5,61,0,2.4,225,2,0,25
2001-11-05T13:00,2.3,61,0,2.26,225,6,0,25
2001-11-05T14:00,2.3,61,0,2.33,223,7,3,25
2001-11-05T15:00,6.2,52,0,2.4,225,8,90,35
2001-11-05T16:00,12.6,37,0,1.77,227,21,246,70
2001-11-05T17:00,17,24,0,0.72,236,23,374,430
2001-11-05T18:00,19,19,0,0.14,45,48,474,1585
2001-11-05T19:00,19.7,17,0,0.78,50,53,503,2010
2001-11-05T20:00,20.1,16,0,1.13,45,65,490,2215
2001-11-05T21:00,20.1,16,0,1.84,49,75,392,2105
2001-11-05T22:00,19.6,16,0,2.11,85,55,257,1460
2001-11-05T23:00,18,19,0,1.58,72,25,112,235
2001-11-06T00:00,16.1,22,0,2.4,73,33,12,75
2001-11-06T01:00,15,24,0,1.22,125,45,0,25
2001-11-06T02:00,13.7,26,0,1.03,209,59,0,25
2001-11-06T03:00,9.9,35,0,1.42,219,54,0,30
2001-11-06T04:00,7.9,42,0,1.7,225,57,0,25
2001-11-06T05:00,6.2,50,0,1.77,227,5,0,20
2001-11-06T06:00,5.2,55,0,1.84,225,5,0,20
2001-11-06T07:00,4.5,62,0,1.91,227,19,0,20
2001-11-06T08:00,4,64,0,1.84,229,20,0,20
2001-11-06T09:00,3.7,66,0,1.84,229,33,0,20
2001-11-06T10:00,3.4,68,0,2.19,223,25,0,25
2001-11-06T11:00,2.9,71,0,1.84,225,1,0,20
2001-11-06T12:00,2.5,74,0,1.7,230,0,0,20
2001-11-06T13:00,2.2,75,0,1.56,230,1,0,15
2001-11-06T14:00,2.1,77,0,1.56,230,2,2,15
2001-11-06T15:00,6.1,65,0,1.56,230,2,79,20
2001-11-06T16:00,13,43,0,0.98,246,2,234,100
2001-11-06T17:00,16.4,28,0,0.28,45,0,368,685
2001-11-06T18:00,17.8,26,0,1.4,90,0,469,1135
2001-11-06T19:00,18.3,23,0,2.06,104,2,422,1780
2001-11-06T20:00,19,21,0,2.19,114,8,437,2165
2001-11-06T21:00,19.4,20,0,2.52,124,21,381,2200
2001-11-06T22:00,19.2,20,0,2.69,132,52,270,2500
2001-11-06T23:00,18,22,0,1.97,120,47,117,330
2001-11-07T00:00,15.9,25,0,2.78,128,1,20,125
2001-11-07T01:00,13.9,28,0,2.51,157,5,0,85
2001-11-07T02:00,11.8,32,0,2.55,191,18,0,85
2001-11-07T03:00,9.9,37,0,1.96,195,9,0,85
2001-11-07T04:00,8,44,0,2.42,204,0,0,75
2001-11-07T05:00,6.8,48,0,2.69,211,0,0,65
2001-11-07T06:00,6.1,51,0,2.88,214,0,0,60
2001-11-07T07:00,5.8,52,0,3,217,0,0,60
2001-11-07T08:00,5.4,55,0,3.05,221,0,0,55
2001-11-07T09:00,4.9,58,0,2.9,226,0,0,45
2001-11-07T10:00,4.4,62,0,2.91,229,0,0,45
2001-11-07T11:00,4,64,0,2.77,229,0,0,40
2001-11-07T12:00,3.7,67,0,2.62,230,0,0,35
2001-11-07T13:00,3.4,69,0,2.62,230,0,0,35
2001-11-07T14:00,3.4,70,0,2.69,228,0,2,40
2001-11-07T15:00,6.2,62,0,2.76,226,0,81,45
2001-11-07T16:00,12.4,43,0,1.84,221,3,233,110
2001-11-07T17:00,16.1,32,0,1.63,227,39,371,965
2001-11-07T18:00,17.7,28,0,1.33,257,76,451,1590
2001-11-07T19:00,18.3,27,0.2,0.85,291,89,441,2025
2001-11-07T20:00,18.9,25,0,0.54,338,88,402,2280
2001-11-07T21:00,18.7,26,0,0.71,8,96,261,2395
2001-11-07T22:00,18.1,27,0,2.02,327,93,111,695
2001-11-07T23:00,15.1,41,0.5,1.9,3,88,15,490
2001-11-08T00:00,11.8,61,0.5,4.63,33,100,4,745
2001-11-08T01:00,7.7,91,1.1,4.79,29,91,0,690
2001-11-08T02:00,5.9,98,1.7,3.07,19,96,0,605
2001-11-08T03:00,3.9,99,1.8,2.52,7,100,0,595
2001-11-08T04:00,2.2,100,1.5,3.04,9,97,0,580
2001-11-08T05:00,0.9,99,1.1,3.16,11,99,0,575
2001-11-08T06:00,0.1,97,0.8,3.26,11,97,0,650
2001-11-08T07:00,-0.8,95,0.5,3.2,2,96,0,670
2001-11-08T08:00,-0.8,93,0.4,2.75,350,100,0,585
2001-11-08T09:00,-0.7,90,0.3,2.85,342,97,0,470
2001-11-08T10:00,-0.5,89,0.3,1.34,333,99,0,325
2001-11-08T11:00,-0.3,87,0.6,0.92,319,100,0,305
2001-11-08T12:00,-0.3,84,0.4,0.86,324,100,0,310
2001-11-08T13:00,0.1,82,0.3,0.2,270,100,0,215
2001-11-08T14:00,0.7,81,0,0.78,230,99,0,180
2001-11-08T15:00,1.3,82,0,0.4,180,86,1,185
2001-11-08T16:00,2.5,72,0,0.32,72,75,45,340
2001-11-08T17:00,4.1,59,0,0.63,18,43,298,595
2001-11-08T18:00,5.5,51,0,1.21,24,38,392,820
2001-11-08T19:00,5.8,56,0,1.72,36,5,416,845
2001-11-08T20:00,6.7,51,0,1.64,38,7,385,845
2001-11-08T21:00,6.8,50,0,1.27,45,0,341,805
2001-11-08T22:00,6.7,49,0,0,270,0,243,540
2001-11-08T23:00,6.4,49,0,0.63,162,0,128,370
2001-11-09T00:00,5,54,0,1,174,0,20,20
2001-11-09T01:00,3.3,61,0,1.84,209,0,0,25
2001-11-09T02:00,1.3,69,0,1.86,216,0,0,25
2001-11-09T03:00,-0.2,74,0,1.64,218,0,0,25
2001-11-09T04:00,-1.2,76,0,1.7,220,0,0,25
2001-11-09T05:00,-1.9,76,0,1.84,221,0,0,25
2001-11-09T06:00,-2.3,76,0,1.91,223,0,0,25
2001-11-09T07:00,-3.2,75,0,1.91,223,0,0,25
2001-11-09T08:00,-3.4,73,0,2.05,223,0,0,25
2001-11-09T09:00,-3.6,71,0,2.19,223,0,0,30
2001-11-09T10:00,-3.7,68,0,2.56,219,0,0,35
2001-11-09T11:00,-3.8,66,0,2.7,219,0,0,35
2001-11-09T12:00,-3.9,64,0,2.62,220,0,0,35
2001-11-09T13:00,-4.1,62,0,2.7,219,0,0,35
2001-11-09T14:00,-4,59,0,2.78,218,0,2,35
2001-11-09T15:00,-1.1,50,0,2.92,218,0,87,35
2001-11-09T16:00,4.2,41,0,2.48,220,0,250,50
2001-11-09T17:00,9.3,31,0,1.56,220,0,398,80
2001-11-09T18:00,12.6,20,0,1,233,0,500,180
2001-11-09T19:00,14.1,15,0,0.51,281,0,543,330
2001-11-09T20:00,14.8,14,0,0.61,351,0,525,400
2001-11-09T21:00,14.8,14,0,1.12,10,0,447,375
2001-11-09T22:00,14,19,0,0.73,16,0,318,100
2001-11-09T23:00,12,26,0,0.72,236,0,157,15
2001-11-10T00:00,9.1,37,0,1.42,231,0,23,20
2001-11-10T01:00,5.2,39,0,1.35,228,0,0,20
2001-11-10T02:00,1.2,50,0,1.63,227,0,0,20
2001-11-10T03:00,-1.1,55,0,1.77,227,0,0,20
2001-11-10T04:00,-2.2,56,0,1.77,227,0,0,20
2001-11-10T05:00,-2.9,55,0,1.91,227,0,0,20
2001-11-10T06:00,-3.5,55,0,1.91,227,0,0,20
2001-11-10T07:00,-3.8,54,0,1.91,227,0,0,20
2001-11-10T08:00,-4,51,0,1.84,225,0,0,20
2001-11-10T09:00,-4.2,49,0,1.84,225,0,0,15
2001-11-10T10:00,-4.5,48,0,1.91,227,0,0,20
2001-11-10T11:00,-4.7,48,0,1.84,225,0,0,15
2001-11-10T12:00,-4.9,47,0,1.77,223,0,0,15
2001-11-10T13:00,-5,46,0,1.63,223,0,0,15
2001-11-10T14:00,-5,45,0,1.49,222,0,2,15
2001-11-10T15:00,-1.6,42,0,1.49,222,0,83,15
2001-11-10T16:00,5,38,0,1.42,219,0,245,25
2001-11-10T17:00,10.4,23,0,0.71,225,0,391,80
2001-11-10T18:00,12.6,14,0,0.45,153,0,493,295
2001-11-10T19:00,13.6,13,0,0.54,112,0,538,450
2001-11-10T20:00,14.1,13,0,0.71,98,0,521,505
2001-11-10T21:00,14.1,15,0,0.9,90,0,443,510
2001-11-10T22:00,13.5,20,0,1.87,74,0,314,250
2001-11-10T23:00,11.8,25,0,1.9,90,0,153,60
2001-11-11T00:00,9.7,28,0,1.14,165,0,21,25
2001-11-11T01:00,4.7,37,0,1.7,208,0,0,30
2001-11-11T02:00,1.2,46,0,1.79,207,0,0,35
2001-11-11T03:00,-1.3,53,0,2.2,210,0,0,35
2001-11-11T04:00,-2.2,55,0,2.42,210,0,0,40
2001-11-11T05:00,-2.6,55,0,2.56,211,0,0,45
2001-11-11T06:00,-2.7,55,0,2.69,211,0,0,50
2001-11-11T07:00,-2,50,0,2.75,213,0,0,50
2001-11-11T08:00,-1.9,49,0,2.72,216,0,0,45
2001-11-11T09:00,-1.9,49,0,2.7,219,0,0,45
2001-11-11T10:00,-1.9,50,0,2.33,223,0,0,35
2001-11-11T11:00,-2,51,0,2.13,221,5,0,30
2001-11-11T12:00,-2,52,0,2.13,221,11,0,30
2001-11-11T13:00,-2,53,0,2.2,219,10,0,30
2001-11-11T14:00,-1.9,54,0,2.2,219,12,1,30
2001-11-11T15:00,0.5,53,0,2.19,223,14,51,35
2001-11-11T16:00,5.6,47,0,1.91,227,14,172,45
2001-11-11T17:00,10.5,36,0,1,233,4,331,125
2001-11-11T18:00,13,28,0,0.32,198,0,429,395
2001-11-11T19:00,13.9,25,0,0.5,143,1,502,660
2001-11-11T20:00,14.5,25,0,0.98,114,0,482,805
2001-11-11T21:00,14.7,26,0,1.82,99,2,370,725
2001-11-11T22:00,14.3,28,0,1.6,86,22,281,385
2001-11-11T23:00,12.6,33,0,2.66,70,5,137,145
2001-11-12T00:00,10.1,39,0,1.3,32,2,18,45
2001-11-12T01:00,8.4,42,0,0.8,270,21,0,25
2001-11-12T02:00,6.3,46,0,1.17,250,80,0,20
2001-11-12T03:00,3.8,56,0,1.2,228,94,0,15
2001-11-12T04:00,1.4,69,0,1.49,222,96,0,15
2001-11-12T05:00,0.6,75,0,1.84,221,97,0,20
2001-11-12T06:00,0.2,76,0,2.05,223,93,0,25
2001-11-12T07:00,0.6,74,0,2.12,225,90,0,25
2001-11-12T08:00,0.4,74,0,2.12,225,49,0,25
2001-11-12T09:00,0.1,74,0,2.19,227,3,0,30
2001-11-12T10:00,-0.2,74,0,2.12,225,0,0,25
2001-11-12T11:00,-0.3,73,0,2.05,227,0,0,20
2001-11-12T12:00,-0.4,72,0,2.12,225,0,0,25
2001-11-12T13:00,-0.5,73,0,2.12,225,0,0,25
2001-11-12T14:00,-0.5,73,0,2.19,223,0,1,25
2001-11-12T15:00,2.1,68,0,2.4,225,0,69,35
2001-11-12T16:00,7.4,57,0,2.19,227,0,216,60
2001-11-12T17:00,11.7,44,0,1.35,228,0,354,165
2001-11-12T18:00,14,35,0,1.08,202,0,451,740
2001-11-12T19:00,15.3,30,0,1.3,184,0,492,1600
2001-11-12T20:00,15.9,28,0,1.63,169,16,480,1895
2001-11-12T21:00,16.2,27,0,1.88,155,53,406,1875
2001-11-12T22:00,15.9,29,0,1.98,131,13,281,1000
2001-11-12T23:00,14.5,35,0,2.28,113,4,134,155
2001-11-13T00:00,11.9,42,0,1.92,129,36,17,50
2001-11-13T01:00,9.2,47,0,0.89,153,72,0,40
2001-11-13T02:00,6.2,57,0,1.36,197,98,0,45
2001-11-13T03:00,3.5,68,0,2.15,208,100,0,45
2001-11-13T04:00,2.5,72,0,2.47,212,100,0,45
2001-11-13T05:00,1.9,72,0,2.61,212,99,0,45
2001-11-13T06:00,1.5,72,0,2.83,212,99,0,55
2001-11-13T07:00,1.6,71,0,2.97,213,98,0,55
2001-11-13T08:00,1.6,70,0,3.02,214,99,0,55
2001-11-13T09:00,1.7,68,0,2.98,220,97,0,55
2001-11-13T10:00,1.4,69,0,3.47,221,90,0,55
2001-11-13T11:00,1.2,69,0,3.19,221,96,0,45
2001-11-13T12:00,1.1,70,0,3.18,224,97,0,45
2001-11-13T13:00,1.1,70,0,2.9,226,99,0,40
2001-11-13T14:00,1.2,71,0,2.83,228,99,0,40
2001-11-13T15:00,2.7,68,0,2.76,226,98,17,40
2001-11-13T16:00,6.7,59,0,2.55,228,99,48,55
2001-11-13T17:00,11.2,46,0,1.63,227,99,156,125
2001-11-13T18:00,13.9,36,0,1.28,231,88,177,415
2001-11-13T19:00,15.5,27,0,1,233,90,411,730
2001-11-13T20:00,16.1,25,0,0.64,231,94,384,955
2001-11-13T21:00,16.3,24,0,0,270,93,321,1065
2001-11-13T22:00,15.7,31,0,0.63,18,95,214,145
2001-11-13T23:00,14.1,39,0,1.73,10,94,84,55
2001-11-14T00:00,11.8,44,0,1.84,22,97,9,50
2001-11-14T01:00,9.8,51,0,0.71,8,98,0,30
2001-11-14T02:00,8.6,52,0,0.86,306,96,0,25
2001-11-14T03:00,6.6,58,0,1.65,284,94,0,25
2001-11-14T04:00,5.6,62,0,1.61,277,98,0,30
2001-11-14T05:00,5.1,64,0,1.9,270,97,0,35
2001-11-14T06:00,4.5,67,0,1.94,258,96,0,30
2001-11-14T07:00,4,68,0,1.99,252,92,0,25
2001-11-14T08:00,3.2,72,0,1.88,245,97,0,25
2001-11-14T09:00,3,73,0,1.92,242,97,0,25
2001-11-14T10:00,3.1,74,0,1.39,240,96,0,20
2001-11-14T11:00,2.7,75,0,1.75,239,82,0,20
2001-11-14T12:00,2,77,0,1.75,239,63,0,20
2001-11-14T13:00,1.5,78,0,1.84,241,93,0,20
2001-11-14T14:00,1.2,77,0,1.75,239,90,0,15
2001-11-14T15:00,3.5,73,0,1.39,240,90,61,20
2001-11-14T16:00,8.9,59,0,1.21,246,53,198,50
2001-11-14T17:00,11.6,37,0,0.71,315,6,328,475
2001-11-14T18:00,12.9,33,0,0.82,14,1,438,965
2001-11-14T19:00,13.6,30,0,1.06,41,22,471,1155
2001-11-14T20:00,14,29,0,1.14,52,37,448,1230
2001-11-14T21:00,14,30,0,1.27,45,34,375,1205
2001-11-14T22:00,13.7,31,0,1.75,77,48,260,1185
2001-11-14T23:00,12.6,38,0,1.8,56,31,121,190
2001-11-15T00:00,11.1,47,0,0.3,90,53,13,25
2001-11-15T01:00,8.4,51,0,0.71,172,59,0,20
2001-11-15T02:00,6.1,57,0,0.86,216,62,0,25
2001-11-15T03:00,4,66,0,1.42,219,69,0,25
2001-11-15T04:00,2.4,74,0,1.75,211,81,0,25
2001-11-15T05:00,1.6,77,0,1.78,218,86,0,25
2001-11-15T06:00,1,79,0,1.78,218,83,0,25
2001-11-15T07:00,0.6,79,0,1.7,220,78,0,25
2001-11-15T08:00,0.2,79,0,1.7,225,82,0,25
2001-11-15T09:00,0.1,79,0,1.7,220,59,0,25
2001-11-15T10:00,0,78,0,2.02,213,46,0,25
2001-11-15T11:00,0,78,0,2.08,215,4,0,30
2001-11-15T12:00,-0.3,78,0,2.14,217,3,0,30
2001-11-15T13:00,-0.4,78,0,2.14,217,0,0,30
2001-11-15T14:00,-0.5,78,0,2.06,219,0,0,30
2001-11-15T15:00,2.3,72,0,2.13,221,0,58,35
2001-11-15T16:00,7.9,58,0,1.64,218,0,196,65
2001-11-15T17:00,11.6,40,0,0.92,193,0,333,320
2001-11-15T18:00,13.4,37,0,1.25,151,0,434,715
2001-11-15T19:00,14.7,35,0,1.36,144,0,477,1155
2001-11-15T20:00,15.3,35,0,1.2,132,0,464,1315
2001-11-15T21:00,15.5,35,0,1.39,120,0,395,1295
2001-11-15T22:00,15.1,37,0,1.61,120,0,275,905
2001-11-15T23:00,13.7,45,0,1.92,118,1,127,215
2001-11-16T00:00,11.3,59,0,2.5,164,8,14,135
2001-11-16T01:00,8.7,65,0,2.66,200,11,0,115
2001-11-16T02:00,6.8,72,0,2.02,200,6,0,80
2001-11-16T03:00,4.7,82,0,2.34,200,4,0,80
2001-11-16T04:00,3.5,86,0,2.64,205,1,0,95
2001-11-16T05:00,3,86,0,2.56,211,1,0,85
2001-11-16T06:00,2.7,85,0,2.66,214,1,0,65
2001-11-16T07:00,2.2,86,0,2.83,212,0,0,60
2001-11-16T08:00,2,85,0,2.92,211,3,0,60
2001-11-16T09:00,1.7,85,0,2.88,214,4,0,60
2001-11-16T10:00,1.5,84,0,3,210,4,0,70
2001-11-16T11:00,1,85,0,3.05,212,6,0,65
2001-11-16T12:00,0.8,84,0,3.11,213,4,0,65
2001-11-16T13:00,0.5,84,0,3.05,212,0,0,65
2001-11-16T14:00,0.3,83,0,2.97,213,1,0,65
2001-11-16T15:00,2.4,78,0,2.88,214,2,57,70
2001-11-16T16:00,7.5,62,0,2.16,214,0,203,105
2001-11-16T17:00,11.7,48,0,1.43,205,0,342,240
2001-11-16T18:00,13.9,39,0,1.02,191,0,440,605
2001-11-16T19:00,15.5,34,0,0.81,173,0,483,905
2001-11-16T20:00,16.2,31,0,0.81,150,0,469,1115
2001-11-16T21:00,16.3,30,0,0.99,135,0,399,1165
2001-11-16T22:00,15.7,34,0,1.42,129,0,276,615
2001-11-16T23:00,14,44,0,1.98,135,0,126,220
2001-11-17T00:00,11.6,53,0,2.61,176,0,14,135
2001-11-17T01:00,9.4,61,0,2.55,206,0,0,105
2001-11-17T02:00,7.6,69,0,2.15,202,0,0,95
2001-11-17T03:00,5.3,78,0,2.51,203,0,0,95
2001-11-17T04:00,4,83,0,2.68,207,0,0,90
2001-11-17T05:00,3.4,83,0,2.73,208,0,0,85
2001-11-17T06:00,2.8,83,0,2.59,208,0,0,80
2001-11-17T07:00,2.1,85,0,2.64,209,2,0,70
2001-11-17T08:00,1.6,84,0,2.61,212,1,0,60
2001-11-17T09:00,1.2,83,0,2.5,217,2,0,50
2001-11-17T10:00,0.8,83,0,2.48,220,2,0,40
2001-11-17T11:00,0.5,82,0,2.27,221,2,0,35
2001-11-17T12:00,0.3,81,0,2.13,221,1,0,30
2001-11-17T13:00,0.1,81,0,2.14,217,0,0,30
2001-11-17T14:00,0,81,0,2.25,212,1,0,30
2001-11-17T15:00,2.1,76,0,2.58,216,0,56,40
2001-11-17T16:00,7.4,61,0,1.98,221,0,198,65
2001-11-17T17:00,11.9,43,0,0.99,225,0,336,245
2001-11-17T18:00,13.8,36,0,0.22,297,0,430,690
2001-11-17T19:00,15.7,31,0,0.95,18,0,473,1125
2001-11-17T20:00,16.2,29,0,1.78,38,0,456,1290
2001-11-17T21:00,16.1,28,0,2.34,50,0,383,1220
2001-11-17T22:00,15.4,30,0,2.28,61,0,268,690
2001-11-17T23:00,14,36,0,1.93,69,0,122,160
2001-11-18T00:00,12.1,48,0,1.53,101,0,13,40
2001-11-18T01:00,9.8,49,0,1.22,189,2,0,35
2001-11-18T02:00,6.8,60,0,1.5,217,26,0,30
2001-11-18T03:00,3.9,74,0,1.63,223,63,0,20
2001-11-18T04:00,2.5,81,0,1.7,225,60,0,20
2001-11-18T05:00,2.2,80,0,1.98,229,83,0,20
2001-11-18T06:00,2.5,74,0,2.06,231,97,0,25
2001-11-18T07:00,2.4,73,0,2.2,231,98,0,30
2001-11-18T08:00,2.1,72,0,2.34,230,53,0,30
2001-11-18T09:00,1.5,73,0,2.34,230,5,0,30
2001-11-18T10:00,0.7,74,0,2.48,230,0,0,30
2001-11-18T11:00,0.2,75,0,2.34,230,0,0,30
2001-11-18T12:00,-0.1,74,0,2.34,230,0,0,30
2001-11-18T13:00,-0.3,74,0,2.48,227,0,0,35
2001-11-18T14:00,-0.5,74,0,2.69,225,51,0,40
2001-11-18T15:00,2.2,65,0,2.55,225,11,49,45
2001-11-18T16:00,6.5,60,0,0.81,263,1,197,75
2001-11-18T17:00,9,44,0,2.98,40,10,334,640
2001-11-18T18:00,9,47,0,4.03,46,37,418,770
2001-11-18T19:00,8.2,54,0,3.78,37,69,318,875
2001-11-18T20:00,7.4,61,0.1,4.02,27,99,148,895
2001-11-18T21:00,6.1,73,0.8,3.62,24,99,91,725
2001-11-18T22:00,4.8,90,0.9,2.79,15,97,48,560
2001-11-18T23:00,3.4,98,0.7,3.38,19,100,17,625
2001-11-19T00:00,2,99,1,3.89,18,100,1,545
2001-11-19T01:00,0.3,98,0.8,3.08,13,99,0,605
2001-11-19T02:00,-0.8,95,0.5,2.63,9,99,0,575
2001-11-19T03:00,-1.6,95,0.4,2.14,11,99,0,530
2001-11-19T04:00,-2.1,94,0.3,1.87,16,93,0,495
2001-11-19T05:00,-2.3,94,0.2,1.17,20,90,0,420
2001-11-19T06:00,-2.6,93,0,1.06,41,92,0,390
2001-11-19T07:00,-3.5,89,0,0.72,56,88,0,325
2001-11-19T08:00,-3.5,87,0,1,96,57,0,255
2001-11-19T09:00,-3.3,83,0,1.35,132,29,0,215
2001-11-19T10:00,-2.9,79,0,1.22,171,41,0,230
2001-11-19T11:00,-3.1,80,0,0.95,108,18,0,160
2001-11-19T12:00,-2.7,77,0,0.76,113,19,0,95
2001-11-19T13:00,-3.8,83,0,1.6,180,20,0,95
2001-11-19T14:00,-3.8,82,0,2.12,199,10,0,60
2001-11-19T15:00,-1.9,83,0,1.62,202,0,51,70
2001-11-19T16:00,1.9,71,0,1.9,198,0,198,145
2001-11-19T17:00,4.5,58,0,1.96,195,0,338,270
2001-11-19T18:00,6.6,47,0,1.71,187,0,438,415
2001-11-19T19:00,9.4,33,0,1.12,170,0,486,545
2001-11-19T20:00,10.6,28,0,0.85,111,0,472,655
2001-11-19T21:00,11,26,0,1.22,81,0,398,640
2001-11-19T22:00,10.5,28,0,1.08,68,0,276,390
2001-11-19T23:00,9.2,34,0,1.39,60,0,125,45
2001-11-20T00:00,7.8,37,0,0.91,186,29,13,15
2001-11-20T01:00,3.7,50,0,1.34,207,75,0,25
2001-11-20T02:00,0.2,62,0,1.89,212,81,0,25
2001-11-20T03:00,-0.7,64,0,2.08,215,70,0,30
2001-11-20T04:00,-1.1,60,0,2.06,219,51,0,35
2001-11-20T05:00,-1.8,60,0,1.98,225,3,0,30
2001-11-20T06:00,-2.2,58,0,1.91,227,0,0,30
2001-11-20T07:00,-2.4,57,0,2.05,227,0,0,30
2001-11-20T08:00,-2.4,52,0,2.41,222,0,0,30
2001-11-20T09:00,-2.4,49,0,2.77,221,1,0,40
2001-11-20T10:00,-2.5,48,0,2.98,220,4,0,40
2001-11-20T11:00,-2.6,46,0,3.33,221,0,0,45
2001-11-20T12:00,-2.7,46,0,3.47,221,0,0,45
2001-11-20T13:00,-3,46,0,3.54,223,0,0,45
2001-11-20T14:00,-3.1,45,0,3.61,222,0,0,45
2001-11-20T15:00,-1.1,42,0,3.61,222,0,56,50
2001-11-20T16:00,3.8,36,0,3.54,223,0,205,60
2001-11-20T17:00,9.3,30,0,2.69,222,0,350,90
2001-11-20T18:00,12.9,25,0,2.13,221,0,451,150
2001-11-20T19:00,15.3,21,0,1.41,225,0,497,250
2001-11-20T20:00,16.3,20,0,0.5,233,0,480,350
2001-11-20T21:00,16.5,20,0,0.78,50,0,403,345
2001-11-20T22:00,15.6,26,0,1.58,72,10,278,110
2001-11-20T23:00,13.7,31,0,1.41,82,7,125,30
2001-11-21T00:00,11.9,32,0,0.41,104,0,12,15
2001-11-21T01:00,8.6,38,0,0.78,230,0,0,15
2001-11-21T02:00,5.3,45,0,0.94,238,0,0,15
2001-11-21T03:00,1.8,55,0,1.58,235,4,0,15
2001-11-21T04:00,0,59,0,1.64,232,33,0,15
2001-11-21T05:00,-0.7,61,0,1.56,230,2,0,15
2001-11-21T06:00,-1.7,64,0,1.63,227,0,0,15
2001-11-21T07:00,-2.4,69,0,1.77,227,0,0,15
2001-11-21T08:00,-2.5,66,0,1.84,225,0,0,20
2001-11-21T09:00,-2.6,62,0,1.98,225,0,0,20
2001-11-21T10:00,-2.7,59,0,2.4,225,0,0,30
2001-11-21T11:00,-2.8,55,0,2.48,227,0,0,30
2001-11-21T12:00,-2.9,52,0,2.41,228,0,0,30
2001-11-21T13:00,-3.1,49,0,2.41,228,0,0,30
2001-11-21T14:00,-3.2,47,0,2.41,228,0,0,30
2001-11-21T15:00,-0.9,45,0,2.34,230,0,52,35
2001-11-21T16:00,4.9,39,0,2.14,233,0,197,40
2001-11-21T17:00,9.5,28,0,1.36,234,1,340,80
2001-11-21T18:00,11.9,19,0,0.71,188,34,441,220
2001-11-21T19:00,13.5,16,0,0.72,146,73,458,450
2001-11-21T20:00,14.2,15,0,0.3,90,79,421,735
2001-11-21T21:00,14.4,15,0,1,90,51,343,790
2001-11-21T22:00,13.9,19,0,1.44,56,9,232,195
2001-11-21T23:00,12.2,24,0,1.77,43,5,106,60
2001-11-22T00:00,10.1,30,0,1.26,108,68,11,25
2001-11-22T01:00,5.6,39,0,1.22,189,16,0,25
2001-11-22T02:00,2.3,50,0,1.12,207,3,0,20
2001-11-22T03:00,-0.1,62,0,1.72,216,13,0,20
2001-11-22T04:00,-0.5,63,0,1.94,215,38,0,25
2001-11-22T05:00,-0.6,63,0,2.22,216,44,0,35
2001-11-22T06:00,-0.9,64,0,2.55,222,24,0,40
2001-11-22T07:00,-1,60,0,2.64,217,57,0,40
2001-11-22T08:00,-0.8,59,0,2.78,218,67,0,45
2001-11-22T09:00,-0.8,58,0,2.94,215,100,0,50
2001-11-22T10:00,-0.4,57,0,2.97,222,99,0,45
2001-11-22T11:00,-0.2,57,0,2.91,221,99,0,45
2001-11-22T12:00,-0.1,56,0,2.76,224,100,0,40
2001-11-22T13:00,0.3,54,0,2.69,222,100,0,40
2001-11-22T14:00,0.3,54,0,2.69,225,100,0,45
2001-11-22T15:00,1.3,54,0,2.9,226,99,3,50
2001-11-22T16:00,3.3,52,0,2.69,225,94,3,60
2001-11-22T17:00,5.7,50,0,1.64,218,32,29,110
2001-11-22T18:00,9.5,36,0,1.56,220,4,205,720
2001-11-22T19:00,12.6,31,0,1.06,229,8,454,1075
2001-11-22T20:00,13.4,30,0,0.42,225,12,423,1575
2001-11-22T21:00,13.8,30,0,0.42,315,73,380,1920
2001-11-22T22:00,13.4,33,0,1.71,21,62,224,430
2001-11-22T23:00,11.9,38,0,2.22,36,100,28,120
2001-11-23T00:00,9.5,53,0,1.86,54,96,1,70
2001-11-23T01:00,8,47,0,0.45,63,99,0,50
2001-11-23T02:00,5.9,52,0,0.32,162,100,0,35
2001-11-23T03:00,3.1,64,0,0.81,210,100,0,25
2001-11-23T04:00,2.3,68,0,0.64,219,100,0,15
2001-11-23T05:00,1.9,70,0,1.2,185,100,0,55
2001-11-23T06:00,2.1,68,0,1.12,190,99,0,60
2001-11-23T07:00,1.4,89,0.7,1.53,191,99,0,50
2001-11-23T08:00,1.4,89,0.7,1.14,195,100,0,55
2001-11-23T09:00,1.2,90,0.6,0.76,247,100,0,25
2001-11-23T10:00,1,90,0.5,0.32,198,100,0,15
2001-11-23T11:00,-0.4,97,0.7,0.57,315,100,0,30
2001-11-23T12:00,-0.1,95,1.2,1.84,331,100,0,90
2001-11-23T13:00,0.2,94,1,2.06,331,100,0,155
2001-11-23T14:00,0.4,93,0.1,2.58,324,100,0,300
2001-11-23T15:00,0.9,90,0,2.73,332,100,3,480
2001-11-23T16:00,2.2,87,0.1,3.26,342,100,8,1040
2001-11-23T17:00,2.1,86,0.4,3.82,354,100,6,1140
2001-11-23T18:00,1.6,90,0.9,3.8,2,100,18,1160
2001-11-23T19:00,1.6,95,0.7,3.8,2,100,17,1170
2001-11-23T20:00,1.4,93,0.7,4.1,3,100,17,915
2001-11-23T21:00,1.8,90,0.2,3.8,2,100,42,765
2001-11-23T22:00,2,88,0,3.1,2,100,65,970
2001-11-23T23:00,1.9,85,0,3.11,356,100,7,655
2001-11-24T00:00,1.4,81,0,2.98,346,100,1,465
2001-11-24T01:00,0.7,77,0,2.95,332,100,0,310
2001-11-24T02:00,-0.5,77,0,3.06,322,100,0,235
2001-11-24T03:00,-1.5,74,0,2.9,316,97,0,210
2001-11-24T04:00,-1.9,72,0,2.56,309,65,0,160
2001-11-24T05:00,-2.4,69,0,2.42,308,37,0,150
2001-11-24T06:00,-2.8,67,0,2.27,311,40,0,150
2001-11-24T07:00,-1.4,64,0,2.14,307,40,0,130
2001-11-24T08:00,-2.3,65,0,2.01,297,26,0,115
2001-11-24T09:00,-2.1,63,0,1.82,279,4,0,80
2001-11-24T10:00,-2.5,65,0,1.88,295,8,0,70
2001-11-24T11:00,-2.8,64,0,1.8,289,4,0,45
2001-11-24T12:00,-3.3,64,0,1.9,267,1,0,30
2001-11-24T13:00,-3.3,62,0,1.71,249,0,0,20
2001-11-24T14:00,-3.6,61,0,1.61,240,0,0,15
2001-11-24T15:00,-2.5,65,0,1.8,236,0,43,20
2001-11-24T16:00,0.4,66,0,1.06,229,0,177,120
2001-11-24T17:00,2.3,48,0,1,276,0,317,815
2001-11-24T18:00,3.3,42,0,1.61,300,0,416,1105
2001-11-24T19:00,3.5,48,0,1.2,312,0,464,1370
2001-11-24T20:00,5.1,30,0,0.1,360,0,453,1465
2001-11-24T21:00,4.5,42,0,0.92,77,21,381,1390
2001-11-24T22:00,4.4,43,0,2.21,85,64,260,510
2001-11-24T23:00,2.7,51,0,1.92,99,31,109,220
2001-11-25T00:00,0.3,57,0,2.56,129,0,9,75
2001-11-25T01:00,-0.9,55,0,2.82,163,0,0,70
2001-11-25T02:00,-2.1,58,0,3.3,166,0,0,90
2001-11-25T03:00,-3,60,0,3.16,169,0,0,115
2001-11-25T04:00,-3.3,60,0,2.9,182,95,0,130
2001-11-25T05:00,-3.3,59,0,2.93,188,82,0,145
2001-11-25T06:00,-3,57,0,3.08,193,91,0,155
2001-11-25T07:00,-4.6,60,0,3.42,195,96,0,155
2001-11-25T08:00,-4.6,61,0,3.16,198,83,0,140
2001-11-25T09:00,-4.6,62,0,2.86,205,7,0,130
2001-11-25T10:00,-5,64,0,2.7,219,0,0,115
2001-11-25T11:00,-5,64,0,2.19,223,12,0,70
2001-11-25T12:00,-5.2,64,0,2.2,219,0,0,55
2001-11-25T13:00,-5.2,63,0,2.08,235,0,0,45
2001-11-25T14:00,-5.9,66,0,1.96,255,0,0,40
2001-11-25T15:00,-2.3,57,0,0.92,257,0,41,50
2001-11-25T16:00,-0.3,52,0,0.64,51,7,171,180
2001-11-25T17:00,1,51,0,1.25,61,13,226,335
2001-11-25T18:00,2.4,48,0,1.66,65,36,241,430
2001-11-25T19:00,2.3,51,0,2.1,65,100,417,525
2001-11-25T20:00,2.3,54,0,2.33,59,100,280,600
2001-11-25T21:00,1.2,62,0.2,2.62,50,99,69,415
2001-11-25T22:00,-0.4,72,0.3,2.41,5,89,45,465
2001-11-25T23:00,-1.5,77,0.3,2.79,15,88,23,395
2001-11-26T00:00,-2.7,82,0.5,2.44,19,98,1,345
2001-11-26T01:00,-3.1,86,0.4,2.41,5,100,0,385
2001-11-26T02:00,-4,90,0.4,2.9,358,100,0,405
2001-11-26T03:00,-4,90,0.2,2.61,4,100,0,365
2001-11-26T04:00,-4.3,92,0,2.12,8,100,0,305
2001-11-26T05:00,-4.6,93,0,2.3,2,100,0,310
2001-11-26T06:00,-4.8,94,0.2,2.61,4,100,0,310
2001-11-26T07:00,-5,93,0.5,2.7,2,100,0,310
2001-11-26T08:00,-5.1,93,0.4,2.7,2,100,0,325
2001-11-26T09:00,-5.2,92,0.3,2.6,2,100,0,315
2001-11-26T10:00,-5.4,92,0.3,3.1,358,100,0,455
2001-11-26T11:00,-5.5,92,0.2,2.33,10,99,0,380
2001-11-26T12:00,-5.7,92,0.3,2.34,20,98,0,380
2001-11-26T13:00,-5.8,92,0.4,2.51,23,100,0,435
2001-11-26T14:00,-6.2,92,0.4,2.51,23,100,0,470
2001-11-26T15:00,-6.3,91,0.4,2.38,22,99,0,445
2001-11-26T16:00,-6.2,89,0.3,1.75,31,96,3,455
2001-11-26T17:00,-5.9,88,0.3,1.72,36,98,33,445
2001-11-26T18:00,-5.7,85,0.2,1.84,41,96,85,450
2001-11-26T19:00,-5.1,83,0.1,1.89,58,97,151,450
2001-11-26T20:00,-5.2,83,0,2.06,67,91,126,455
2001-11-26T21:00,-5.1,83,0,2.28,67,89,157,440
2001-11-26T22:00,-5.5,85,0,1.3,67,85,52,285
2001-11-26T23:00,-6.4,88,0,1.44,56,93,23,225
2001-11-27T00:00,-7.2,90,0,1.58,72,95,1,185
2001-11-27T01:00,-7.9,91,0,1.43,78,99,0,200
2001-11-27T02:00,-8.3,91,0.1,1.24,76,98,0,145
2001-11-27T03:00,-9,92,0.1,1.32,81,95,0,125
2001-11-27T04:00,-9.2,92,0,1.2,85,96,0,110
2001-11-27T05:00,-9.4,92,0,1,90,90,0,100
2001-11-27T06:00,-9.9,91,0,1.14,105,80,0,110
2001-11-27T07:00,-10.8,91,0,1.26,108,85,0,95
2001-11-27T08:00,-11.1,90,0,1.17,110,79,0,95
2001-11-27T09:00,-11.2,90,0,1.08,112,81,0,105
2001-11-27T10:00,-11.5,90,0,1.08,146,94,0,60
2001-11-27T11:00,-12,89,0,0.92,131,92,0,60
2001-11-27T12:00,-12.4,88,0,1.17,121,86,0,70
2001-11-27T13:00,-12.7,87,0,1.55,105,83,0,85
2001-11-27T14:00,-13.5,87,0,1.65,104,90,0,75
2001-11-27T15:00,-13.9,87,0,0.98,114,92,12,90
2001-11-27T16:00,-12.9,82,0,1.02,101,79,54,185
2001-11-27T17:00,-11.1,76,0,0.95,72,96,181,370
2001-11-27T18:00,-10.2,72,0,1.17,59,83,293,515
2001-11-27T19:00,-9.1,68,0,1.5,53,74,286,630
2001-11-27T20:00,-8.7,66,0,1.78,52,76,290,640
2001-11-27T21:00,-8.7,66,0,1.91,43,78,235,610
2001-11-27T22:00,-8.9,68,0,1.14,15,89,203,440
2001-11-27T23:00,-9.6,74,0,0.73,16,82,65,215
2001-11-28T00:00,-10.9,77,0,0.51,101,61,4,60
2001-11-28T01:00,-10.2,72,0,1.61,150,56,0,70
2001-11-28T02:00,-10.9,74,0,1.7,177,52,0,45
2001-11-28T03:00,-12.3,79,0,1.65,194,48,0,35
2001-11-28T04:00,-15.2,83,0,1.92,208,63,0,30
2001-11-28T05:00,-17.3,86,0,1.79,207,74,0,35
2001-11-28T06:00,-18.9,83,0,1.66,205,37,0,30
2001-11-28T07:00,-19.5,78,0,1.79,207,7,0,30
2001-11-28T08:00,-20,75,0,1.79,207,1,0,30
2001-11-28T09:00,-20.5,75,0,1.75,211,0,0,30
2001-11-28T10:00,-20.8,74,0,2.2,210,0,0,30
2001-11-28T11:00,-21.1,73,0,2.08,215,0,0,25
2001-11-28T12:00,-21.2,73,0,1.84,221,0,0,20
2001-11-28T13:00,-21.3,73,0,1.86,216,0,0,20
2001-11-28T14:00,-21.4,73,0,2,217,1,0,20
2001-11-28T15:00,-20.3,72,0,2.22,216,1,38,25
2001-11-28T16:00,-16.5,66,0,2.02,213,0,168,40
2001-11-28T17:00,-10.9,56,0,1.39,201,0,311,70
2001-11-28T18:00,-6.7,50,0,1.24,166,0,411,185
2001-11-28T19:00,-5.5,52,0,1.39,150,0,461,340
2001-11-28T20:00,-3.9,47,0,1.36,144,0,449,410
2001-11-28T21:00,-3.3,47,0,1.77,137,2,379,400
2001-11-28T22:00,-3.8,53,0,1.7,135,22,260,270
2001-11-28T23:00,-5.7,62,0,2.36,144,10,113,125
2001-11-29T00:00,-8.2,64,0,3.01,176,26,9,65
2001-11-29T01:00,-9.3,61,0,2.69,202,0,0,50
2001-11-29T02:00,-11,62,0,2.38,202,0,0,45
2001-11-29T03:00,-12.2,62,0,2.42,210,0,0,45
2001-11-29T04:00,-12.9,63,0,2.69,211,0,0,45
2001-11-29T05:00,-13.4,64,0,2.88,214,0,0,45
2001-11-29T06:00,-13.9,67,0,2.92,218,0,0,40
2001-11-29T07:00,-14.6,70,0,2.92,218,15,0,35
2001-11-29T08:00,-14.9,72,0,3.16,215,3,0,40
2001-11-29T09:00,-14.7,71,0,3.42,218,0,0,40
2001-11-29T10:00,-14.3,70,0,3.64,217,0,0,40
2001-11-29T11:00,-14,69,0,3.47,221,0,0,40
2001-11-29T12:00,-13.9,69,0,3.32,224,3,0,40
2001-11-29T13:00,-13.8,70,0,3.25,225,0,0,40
2001-11-29T14:00,-13.5,69,0,3.33,221,0,0,40
2001-11-29T15:00,-12,66,0,3.19,221,0,34,45
2001-11-29T16:00,-8.2,61,0,2.9,224,0,162,55
2001-11-29T17:00,-3.6,56,0,2.06,219,13,276,75
2001-11-29T18:00,0.4,51,0,1.21,204,81,335,140
2001-11-29T19:00,3.2,51,0,1,174,91,343,265
2001-11-29T20:00,4.2,47,0,1.08,158,71,200,345
2001-11-29T21:00,5,40,0,1.12,153,25,282,395
2001-11-29T22:00,5.4,41,0,1.43,65,55,221,160
2001-11-29T23:00,1.6,67,0,2.41,42,41,102,70
2001-11-30T00:00,1.2,51,0,2.36,36,6,8,45
2001-11-30T01:00,0.7,49,0,1.65,14,0,0,25
2001-11-30T02:00,-0.4,49,0,0.64,321,0,0,15
2001-11-30T03:00,-3.8,55,0,1.08,248,0,0,15
2001-11-30T04:00,-7.2,60,0,1.52,247,0,0,15
2001-11-30T05:00,-10.8,67,0,1.78,232,33,0,20
2001-11-30T06:00,-12.4,69,0,0.99,225,77,0,15
2001-11-30T07:00,-9.9,64,0,1.08,236,39,0,20
2001-11-30T08:00,-10.9,69,0,1.7,230,57,0,25
2001-11-30T09:00,-10.8,73,0,1.7,225,72,0,25
2001-11-30T10:00,-11,76,0,1.63,223,51,0,20
2001-11-30T11:00,-11.3,76,0,2.14,233,12,0,25
2001-11-30T12:00,-12.1,75,0,2.55,225,40,0,30
2001-11-30T13:00,-13.2,75,0,2.69,222,21,0,30
2001-11-30T14:00,-14,75,0,3.05,221,46,0,35
2001-11-30T15:00,-13.1,72,0,3.11,222,87,34,40
2001-11-30T16:00,-9.4,65,0,2.77,221,89,119,50
2001-11-30T17:00,-5.1,59,0,1.97,210,60,239,65
2001-11-30T18:00,-1.1,53,0,1.32,189,43,302,195
2001-11-30T19:00,1.4,57,0,1.1,180,70,384,780
2001-11-30T20:00,2.5,58,0,1.08,214,45,355,1645
2001-11-30T21:00,3.1,45,0,1.61,263,36,226,1815
2001-11-30T22:00,2.9,42,0,1.33,283,47,149,95
2001-11-30T23:00,3,32,0,0.64,219,36,90,20
2001-12-01T00:00,-1.7,47,0,1.62,202,5,6,20
2001-12-01T01:00,-5.1,53,0,2.02,213,0,0,20
2001-12-01T02:00,-8.1,61,0,1.64,218,0,0,20
2001-12-01T03:00,-9.9,66,0,2.44,215,12,0,25
2001-12-01T04:00,-10.5,67,0,2.8,215,24,0,35
2001-12-01T05:00,-10.9,69,0,3.08,216,7,0,40
2001-12-01T06:00,-11.6,70,0,3.36,217,1,0,45
2001-12-01T07:00,-12.4,73,0,3.42,218,0,0,50
2001-12-01T08:00,-12.8,73,0,3.56,218,0,0,50
2001-12-01T09:00,-13.4,75,0,3.5,217,0,0,50
2001-12-01T10:00,-13.8,75,0,3.58,216,0,0,55
2001-12-01T11:00,-13.9,75,0,3.48,219,0,0,50
2001-12-01T12:00,-14,74,0,3.41,220,0,0,45
2001-12-01T13:00,-14,74,0,3.41,220,0,0,45
2001-12-01T14:00,-14.4,74,0,3.34,219,0,0,45
2001-12-01T15:00,-13.7,71,0,3.48,219,0,33,50
2001-12-01T16:00,-10.7,66,0,3.42,218,0,160,65
2001-12-01T17:00,-6.8,62,0,3.05,212,0,299,105
2001-12-01T18:00,-2.6,57,0,2.82,203,0,406,245
2001-12-01T19:00,0.9,49,0,3.2,194,0,455,335
2001-12-01T20:00,2.1,47,0,3.22,187,0,444,385
2001-12-01T21:00,2.5,49,0,3,180,0,375,375
2001-12-01T22:00,2,54,0,2.71,176,0,256,235
2001-12-01T23:00,0.3,58,0,2.81,184,16,111,85
2001-12-02T00:00,-2,63,0,3.2,200,27,7,50
2001-12-02T01:00,-3.4,64,0,3.31,205,44,0,45
2001-12-02T02:00,-4.5,65,0,3.58,210,43,0,55
2001-12-02T03:00,-5.2,65,0,3.69,213,22,0,55
2001-12-02T04:00,-5.9,65,0,3.81,210,6,0,65
2001-12-02T05:00,-6.3,65,0,3.85,208,0,0,75
2001-12-02T06:00,-6.7,65,0,3.81,210,0,0,80
2001-12-02T07:00,-7.5,67,0,3.74,214,0,0,80
2001-12-02T08:00,-8,70,0,3.7,218,0,0,75
2001-12-02T09:00,-8.5,72,0,3.62,219,0,0,65
2001-12-02T10:00,-8.8,74,0,3.41,220,0,0,60
2001-12-02T11:00,-8.9,74,0,3.54,223,7,0,50
2001-12-02T12:00,-9,75,0,3.47,221,3,0,50
2001-12-02T13:00,-9.1,76,0,3.33,221,4,0,45
2001-12-02T14:00,-9.2,77,0,3.33,221,2,0,45
2001-12-02T15:00,-8.5,76,0,3.25,225,0,28,45
2001-12-02T16:00,-5.1,70,0,3.04,224,0,151,50
2001-12-02T17:00,-0.5,65,0,2.34,220,0,285,70
2001-12-02T18:00,3.6,63,0,1.48,208,1,373,135
2001-12-02T19:00,5.6,56,0,1.4,184,28,425,275
2001-12-02T20:00,6,56,0,1.87,164,77,384,430
2001-12-02T21:00,6,58,0,1.97,150,63,318,435
2001-12-02T22:00,5.5,62,0,2.41,138,31,220,185
2001-12-02T23:00,4.5,65,0,3.48,162,32,96,125
2001-12-03T00:00,3,69,0,3.31,183,69,7,105
2001-12-03T01:00,1.2,74,0,3.74,196,63,0,100
2001-12-03T02:00,-0.3,78,0,4.05,200,78,0,105
2001-12-03T03:00,-0.8,79,0,4.24,199,92,0,115
2001-12-03T04:00,-1,78,0,4.24,199,90,0,130
2001-12-03T05:00,-1,78,0,4.18,201,71,0,130
2001-12-03T06:00,-1.1,78,0,4.07,205,81,0,115
2001-12-03T07:00,-1.1,78,0,3.98,208,77,0,100
2001-12-03T08:00,-1.5,79,0,3.94,210,40,0,90
2001-12-03T09:00,-2,79,0,3.88,215,21,0,80
2001-12-03T10:00,-2.7,79,0,3.84,219,28,0,65
2001-12-03T11:00,-3.3,79,0,3.91,220,26,0,60
2001-12-03T12:00,-3.7,78,0,3.76,220,18,0,55
2001-12-03T13:00,-4,77,0,3.76,220,25,0,55
2001-12-03T14:00,-4.2,76,0,3.78,217,25,0,55
2001-12-03T15:00,-3.4,72,0,3.83,213,25,27,65
2001-12-03T16:00,-0.6,67,0,3.54,209,7,148,80
2001-12-03T17:00,3.5,60,0,2.97,200,8,281,120
2001-12-03T18:00,6.8,53,0,2.71,184,13,374,680
2001-12-03T19:00,7.9,47,0,3.13,187,7,406,1045
2001-12-03T20:00,8.4,45,0,3.21,184,34,402,1140
2001-12-03T21:00,8.1,47,0,3.31,185,31,335,1050
2001-12-03T22:00,8.9,42,0,3.73,188,97,221,390
2001-12-03T23:00,6.9,47,0,3.61,183,38,84,120
2001-12-04T00:00,4.2,53,0,3.75,189,38,7,90
2001-12-04T01:00,2.1,59,0,3.79,198,9,0,80
2001-12-04T02:00,0.4,63,0,3.67,206,0,0,75
2001-12-04T03:00,-0.8,65,0,3.54,209,0,0,60
2001-12-04T04:00,-1.6,65,0,3.47,213,0,0,55
2001-12-04T05:00,-2.2,65,0,3.44,216,0,0,50
2001-12-04T06:00,-2.6,65,0,3.3,215,0,0,50
2001-12-04T07:00,-3,65,0,3.3,215,0,0,45
2001-12-04T08:00,-3.2,65,0,3.3,215,0,0,50
2001-12-04T09:00,-3.4,64,0,3.3,215,0,0,50
2001-12-04T10:00,-3.6,64,0,3.52,215,0,0,55
2001-12-04T11:00,-3.7,63,0,3.44,216,0,0,55
2001-12-04T12:00,-3.8,63,0,3.42,218,0,0,55
2001-12-04T13:00,-3.9,63,0,3.34,219,0,0,55
2001-12-04T14:00,-5.4,66,0,3.26,220,0,0,55
2001-12-04T15:00,-4.4,64,0,3.12,220,0,27,55
2001-12-04T16:00,-0.8,58,0,3.05,221,0,148,75
2001-12-04T17:00,3.2,53,0,2.14,217,0,283,120
2001-12-04T18:00,6.2,49,0,1.62,202,0,384,270
2001-12-04T19:00,7.8,44,0,1.6,176,0,431,940
2001-12-04T20:00,8.6,41,0,2.28,165,0,422,1320
2001-12-04T21:00,8.4,43,0,2.14,169,0,352,1485
2001-12-04T22:00,8.6,43,0,1.6,176,16,233,215
2001-12-04T23:00,7,47,0,2.38,165,14,99,95
2001-12-05T00:00,4.3,55,0,2.79,195,0,7,65
2001-12-05T01:00,1.7,64,0,2.15,202,1,0,55
2001-12-05T02:00,-0.3,72,0,2.64,209,0,0,60
2001-12-05T03:00,-1,73,0,2.66,214,1,0,55
2001-12-05T04:00,-1.4,73,0,2.47,212,49,0,50
2001-12-05T05:00,-1.7,73,0,2.3,214,50,0,60
2001-12-05T06:00,-1.7,73,0,1.91,227,44,0,55
2001-12-05T07:00,-1.8,69,0,1.84,257,65,0,40
2001-12-05T08:00,-2.6,73,0,1.66,303,66,0,45
2001-12-05T09:00,-1.2,66,0,1.42,309,72,0,65
2001-12-05T10:00,-1.6,68,0,0.57,225,76,0,50
2001-12-05T11:00,-4.8,76,0,1.8,199,73,0,35
2001-12-05T12:00,-5.9,75,0,1.93,201,19,0,40
2001-12-05T13:00,-5.9,68,0,2.01,207,0,0,40
2001-12-05T14:00,-5.8,57,0,2.39,213,0,0,55
2001-12-05T15:00,-4.7,47,0,2.48,220,0,27,200
2001-12-05T16:00,-3,38,0,2.55,228,0,156,945
2001-12-05T17:00,0.8,28,0,3.64,238,0,299,905
2001-12-05T18:00,2.8,25,0,3.41,230,0,403,980
2001-12-05T19:00,3.5,25,0,3.91,220,0,447,1175
2001-12-05T20:00,4,26,0,4.63,213,0,435,1470
2001-12-05T21:00,4.2,27,0,5.06,210,0,365,1640
2001-12-05T22:00,3.8,30,0,4.58,212,0,250,1630
2001-12-05T23:00,2.4,34,0,3.68,202,0,108,445
2001-12-06T00:00,0.8,34,0,3.45,202,0,8,165
2001-12-06T01:00,-0.1,34,0,3.51,200,0,0,160
2001-12-06T02:00,-0.2,33,0,4.05,200,0,0,250
2001-12-06T03:00,-0.3,32,0,4.2,205,4,0,355
2001-12-06T04:00,-0.4,31,0,3.98,208,12,0,415
2001-12-06T05:00,-0.6,31,0,3.58,203,0,0,370
2001-12-06T06:00,-1.3,34,0,3.42,187,0,0,220
2001-12-06T07:00,-1.7,40,0,3.92,174,0,0,185
2001-12-06T08:00,-2.1,42,0,4.08,169,0,0,185
2001-12-06T09:00,-2.3,44,0,3.75,171,27,0,155
2001-12-06T10:00,-2.6,45,0,3.31,177,6,0,65
2001-12-06T11:00,-2.9,46,0,2.71,184,70,0,60
2001-12-06T12:00,-3.1,47,0,2.75,190,46,0,70
2001-12-06T13:00,-3.7,49,0,2.79,201,6,0,65
2001-12-06T14:00,-4.1,51,0,2.53,198,0,0,60
2001-12-06T15:00,-3.3,49,0,2.85,198,0,25,65
2001-12-06T16:00,0.4,41,0,3.1,195,0,147,110
2001-12-06T17:00,3.9,35,0,3.01,186,0,283,225
2001-12-06T18:00,6.3,31,0,3.61,177,0,384,440
2001-12-06T19:00,8.5,28,0,4.01,184,0,432,895
2001-12-06T20:00,9.5,27,0,3.77,202,0,422,1210
2001-12-06T21:00,9.9,27,0,3.22,206,0,355,1440
2001-12-06T22:00,9,32,0,2.14,169,0,242,180
2001-12-06T23:00,6.9,38,0,2.5,182,0,103,80
2001-12-07T00:00,3.4,48,0,2.2,210,0,8,40
2001-12-07T01:00,0.7,56,0,2.14,217,0,0,35
2001-12-07T02:00,-0.8,58,0,2.47,212,0,0,35
2001-12-07T03:00,-1.5,58,0,2.61,212,0,0,40
2001-12-07T04:00,-1.8,56,0,2.75,213,0,0,40
2001-12-07T05:00,-1.9,55,0,2.87,209,0,0,45
2001-12-07T06:00,-2.1,55,0,3,206,0,0,50
2001-12-07T07:00,-2.5,54,0,3.18,208,0,0,55
2001-12-07T08:00,-2.6,54,0,2.94,215,1,0,60
2001-12-07T09:00,-3.1,55,0,2.62,227,2,0,55
2001-12-07T10:00,-3.3,56,0,2.11,239,20,0,40
2001-12-07T11:00,-3.1,59,0.3,1.97,240,72,0,35
2001-12-07T12:00,-2.8,63,0.3,1.97,246,87,0,45
2001-12-07T13:00,-2.8,67,0,1.94,235,89,0,50
2001-12-07T14:00,-3,68,0,2.05,227,89,0,45
2001-12-07T15:00,-2.4,65,0,2.08,235,48,10,45
2001-12-07T16:00,0,56,0,1.84,257,70,102,70
2001-12-07T17:00,1.8,40,0,1.64,322,38,241,1460
2001-12-07T18:00,3.4,28,0,3.13,343,28,357,1880
2001-12-07T19:00,3.6,32,0,4.25,336,45,335,2100
2001-12-07T20:00,3.4,30,0,4.48,336,67,266,2015
2001-12-07T21:00,2.8,31,0,4.31,338,73,189,1815
2001-12-07T22:00,2.2,34,0,3.16,349,36,169,1800
2001-12-07T23:00,0.6,44,0,2.31,355,39,68,600
2001-12-08T00:00,-1.2,51,0,2.5,344,33,4,235
2001-12-08T01:00,-2.6,54,0,1.35,318,8,0,110
2001-12-08T02:00,-3.3,55,0,1.48,298,1,0,75
2001-12-08T03:00,-4,54,0,1.87,286,0,0,65
2001-12-08T04:00,-4.9,53,0,2.3,272,0,0,75
2001-12-08T05:00,-5.7,52,0,2.63,261,0,0,95
2001-12-08T06:00,-6.4,50,0,2.86,245,0,0,100
2001-12-08T07:00,-6.8,49,0,2.86,234,0,0,85
2001-12-08T08:00,-6.9,46,0,2.42,232,0,0,75
2001-12-08T09:00,-7.2,43,0,2.42,232,0,0,80
2001-12-08T10:00,-7.6,42,0,2.27,229,0,0,65
2001-12-08T11:00,-8.1,41,0,2.34,230,0,0,70
2001-12-08T12:00,-8.6,42,0,2.69,228,0,0,75
2001-12-08T13:00,-9,42,0,2.97,228,0,0,75
2001-12-08T14:00,-9.2,41,0,3.04,226,0,0,70
2001-12-08T15:00,-8.4,40,0,3.25,225,0,24,75
2001-12-08T16:00,-5.2,35,0,3.11,225,0,146,90
2001-12-08T17:00,-0.9,29,0,2.55,225,0,283,135
2001-12-08T18:00,2.8,23,0,2.12,225,0,384,260
2001-12-08T19:00,5.6,19,0,1.91,227,0,433,455
2001-12-08T20:00,6.9,17,0,1.49,222,0,424,635
2001-12-08T21:00,7.5,17,0,1.48,208,0,359,685
2001-12-08T22:00,7.1,21,0,1.35,132,0,246,130
2001-12-08T23:00,5.3,26,0,2.28,151,0,105,50
2001-12-09T00:00,1.4,35,0,1.97,204,0,8,30
2001-12-09T01:00,-2.3,47,0,1.75,211,0,0,25
2001-12-09T02:00,-3.4,49,0,2.08,215,0,0,35
2001-12-09T03:00,-3.9,49,0,2.27,221,0,0,40
2001-12-09T04:00,-4.3,48,0,2.41,222,0,0,40
2001-12-09T05:00,-4.6,47,0,2.62,220,0,0,40
2001-12-09T06:00,-4.8,46,0,2.83,222,0,0,40
2001-12-09T07:00,-5,47,0,2.97,222,0,0,45
2001-12-09T08:00,-5,47,0,2.97,222,0,0,45
2001-12-09T09:00,-5.1,47,0,3.11,222,0,0,50
2001-12-09T10:00,-5.4,48,0,3.11,222,0,0,45
2001-12-09T11:00,-5.8,49,0,3.18,224,0,0,45
2001-12-09T12:00,-6.2,51,0,3.18,224,0,0,40
2001-12-09T13:00,-6.6,51,0,3.18,224,0,0,40
2001-12-09T14:00,-7,52,0,3.25,225,0,0,40
2001-12-09T15:00,-6.1,49,0,3.25,225,0,22,40
2001-12-09T16:00,-2.2,42,0,3.39,225,13,142,50
2001-12-09T17:00,3.1,34,0,2.69,225,19,280,75
2001-12-09T18:00,7.4,25,0,1.98,221,28,380,140
2001-12-09T19:00,9.8,20,0,1.7,208,48,423,255
2001-12-09T20:00,10.9,17,0,1.53,191,66,408,335
2001-12-09T21:00,10.9,19,0,0.91,174,77,303,325
2001-12-09T22:00,9.7,25,0,1.7,140,78,134,50
2001-12-09T23:00,7.1,34,0,1.73,170,96,42,25
2001-12-10T00:00,3.3,42,0,1.34,207,88,3,20
2001-12-10T01:00,-0.9,60,0,1,217,50,0,15
2001-12-10T02:00,-2.8,67,0,1.2,222,21,0,15
2001-12-10T03:00,-3.6,65,0,1.35,228,4,0,15
2001-12-10T04:00,-3.8,59,0,1.49,228,12,0,15
2001-12-10T05:00,-4,55,0,1.56,230,3,0,15
2001-12-10T06:00,-4.3,52,0,1.49,228,0,0,15
2001-12-10T07:00,-4.5,52,0,1.42,231,1,0,15
2001-12-10T08:00,-4.5,49,0,1.39,240,18,0,15
2001-12-10T09:00,-4.7,48,0,1.48,242,37,0,15
2001-12-10T10:00,-4.7,46,0,1.25,241,59,0,15
2001-12-10T11:00,-4.7,46,0,1.08,236,73,0,15
2001-12-10T12:00,-4.7,46,0,0.92,229,64,0,15
2001-12-10T13:00,-5.1,47,0,0.85,225,77,0,15
2001-12-10T14:00,-5.8,49,0,0.64,231,76,0,10
2001-12-10T15:00,-5.3,48,0,0.64,231,54,15,10
2001-12-10T16:00,-1.3,40,0,0.5,233,38,114,30
2001-12-10T17:00,2,33,0,0.45,63,59,246,240
2001-12-10T18:00,3.4,33,0,1.14,75,64,342,505
2001-12-10T19:00,4.8,33,0,1.6,94,73,389,660
2001-12-10T20:00,5.4,33,0,2.04,101,71,355,810
2001-12-10T21:00,5.5,35,0,2.42,97,71,265,805
2001-12-10T22:00,4.6,41,0,1.97,66,48,144,435
2001-12-10T23:00,2.8,49,0,2.08,55,18,70,150
2001-12-11T00:00,-0.1,60,0,2.11,59,41,7,65
2001-12-11T01:00,-0.5,61,0,0.81,30,79,0,40
2001-12-11T02:00,-2.5,69,0,1.03,241,89,0,35
2001-12-11T03:00,-3.4,71,0,1.28,219,32,0,30
2001-12-11T04:00,-4.4,73,0,1.56,220,1,0,40
2001-12-11T05:00,-4.8,70,0,1.86,216,0,0,55
2001-12-11T06:00,-4.7,65,0,2.02,213,0,0,65
2001-12-11T07:00,-4.8,60,0,2.73,208,0,0,85
2001-12-11T08:00,-4.6,58,0,3.22,206,0,0,105
2001-12-11T09:00,-4.2,56,0,3.76,205,0,0,125
2001-12-11T10:00,-4,55,0,3.86,211,0,0,215
2001-12-11T11:00,-4,53,0,3.64,212,0,0,190
2001-12-11T12:00,-4.5,53,0,2.95,208,0,0,110
2001-12-11T13:00,-5.2,53,0,2.68,207,0,0,70
2001-12-11T14:00,-5.9,53,0,2.73,208,0,0,65
2001-12-11T15:00,-5.6,50,0,2.95,208,0,21,75
2001-12-11T16:00,-2.8,41,0,2.91,207,0,140,140
2001-12-11T17:00,0.3,33,0,2.88,200,0,278,910
2001-12-11T18:00,2.1,27,0,3.69,213,0,381,1050
2001-12-11T19:00,3.2,25,0,3.28,218,0,433,1140
2001-12-11T20:00,3.8,24,0,3.06,218,0,424,1385
2001-12-11T21:00,4,23,0,2.47,212,5,358,1590
2001-12-11T22:00,3.8,24,0,1.58,198,0,234,730
2001-12-11T23:00,2.6,28,0,1.65,166,9,101,60
2001-12-12T00:00,0,35,0,1,186,23,7,20
2001-12-12T01:00,-2.1,41,0,0.78,220,30,0,20
2001-12-12T02:00,-3.8,45,0,1.32,261,50,0,25
2001-12-12T03:00,-4.1,45,0,2.28,299,47,0,70
2001-12-12T04:00,-4.7,46,0,3,323,57,0,220
2001-12-12T05:00,-4.8,47,0,3.14,338,75,0,450
2001-12-12T06:00,-4.8,53,0,2.68,333,86,0,465
2001-12-12T07:00,-5,71,0,2.06,321,64,0,360
2001-12-12T08:00,-5,72,0,1.41,315,86,0,290
2001-12-12T09:00,-4.8,72,0,1.22,325,95,0,415
2001-12-12T10:00,-4.3,71,0,1.73,350,97,0,360
2001-12-12T11:00,-4.3,73,0.1,1.55,15,99,0,395
2001-12-12T12:00,-4.5,76,0.1,1.63,43,98,0,435
2001-12-12T13:00,-4.5,77,0.2,1.41,45,98,0,600
2001-12-12T14:00,-4.8,79,0.3,1.2,48,99,0,505
2001-12-12T15:00,-5.1,81,0.3,1.14,52,99,1,485
2001-12-12T16:00,-4.8,79,0.2,1.44,56,100,14,515
2001-12-12T17:00,-4.4,75,0.2,1.7,45,100,45,550
2001-12-12T18:00,-3.9,68,0.1,1.78,38,100,90,610
2001-12-12T19:00,-3.6,64,0.1,1.86,36,100,66,825
2001-12-12T20:00,-3.2,62,0,1.7,45,96,61,840
2001-12-12T21:00,-2.8,59,0,1.36,54,90,111,845
2001-12-12T22:00,-2.8,59,0,1.24,76,7,122,435
2001-12-12T23:00,-3.4,61,0,1.1,85,6,54,390
2001-12-13T00:00,-3.9,61,0,1.4,94,17,4,125
2001-12-13T01:00,-4.3,62,0,1.34,153,13,0,75
2001-12-13T02:00,-6,69,0,1.8,199,5,0,55
2001-12-13T03:00,-7,71,0,2.25,212,0,0,45
2001-12-13T04:00,-7.8,71,0,2.06,219,0,0,45
2001-12-13T05:00,-8.3,68,0,1.77,223,0,0,40
2001-12-13T06:00,-8.7,65,0,1.91,227,1,0,45
2001-12-13T07:00,-9.5,60,0,2.19,227,1,0,50
2001-12-13T08:00,-9.6,57,0,2.41,228,5,0,55
2001-12-13T09:00,-10.1,56,0,2.56,231,8,0,60
2001-12-13T10:00,-10.8,55,0,2.33,227,6,0,45
2001-12-13T11:00,-11.6,55,0,2.9,226,1,0,55
2001-12-13T12:00,-12.1,54,0,3.11,228,0,0,60
2001-12-13T13:00,-12.5,53,0,3.11,228,0,0,65
2001-12-13T14:00,-12.7,51,0,3.26,227,0,0,65
2001-12-13T15:00,-12.1,48,0,3.39,225,0,19,70
2001-12-13T16:00,-8.8,41,0,3.26,223,0,136,85
2001-12-13T17:00,-4.3,34,0,2.72,216,0,275,135
2001-12-13T18:00,-0.3,27,0,2.42,204,0,377,245
2001-12-13T19:00,2.9,23,0,1.8,199,17,427,460
2001-12-13T20:00,4.3,22,0,1.3,212,62,421,950
2001-12-13T21:00,4.8,22,0,1.58,252,83,281,1135
2001-12-13T22:00,4.4,25,0,1,180,69,133,135
2001-12-13T23:00,3.2,29,0,1.58,215,1,50,40
2001-12-14T00:00,0.6,36,0,1.39,240,20,8,30
2001-12-14T01:00,-2.5,45,0,1.36,234,44,0,25
2001-12-14T02:00,-4.2,50,0,1.7,225,5,0,25
2001-12-14T03:00,-5.4,53,0,2.05,223,1,0,35
2001-12-14T04:00,-5.5,51,0,2.4,225,10,0,45
2001-12-14T05:00,-5,50,0,2.76,224,31,0,50
2001-12-14T06:00,-5.5,52,0,3.26,223,17,0,60
2001-12-14T07:00,-6.6,54,0,3.47,221,1,0,65
2001-12-14T08:00,-7.2,55,0,3.61,222,0,0,65
2001-12-14T09:00,-7.5,55,0,3.91,220,0,0,70
2001-12-14T10:00,-7.7,55,0,3.7,218,0,0,60
2001-12-14T11:00,-8,56,0,3.97,221,0,0,60
2001-12-14T12:00,-8.3,58,0,3.89,222,0,0,65
2001-12-14T13:00,-8.5,59,0,3.84,219,0,0,60
2001-12-14T14:00,-8.7,60,0,3.92,218,0,0,65
2001-12-14T15:00,-8,58,0,4.05,220,0,17,65
2001-12-14T16:00,-4.9,51,0,3.84,219,0,129,75
2001-12-14T17:00,-0.4,43,0,3.16,215,0,263,110
2001-12-14T18:00,3.4,37,0,2.73,204,0,362,215
2001-12-14T19:00,6.9,31,0,2.82,186,0,417,440
2001-12-14T20:00,8,28,0,3,178,2,410,585
2001-12-14T21:00,8.4,28,0,3.03,172,34,351,540
2001-12-14T22:00,7.5,33,0,2.45,168,46,242,305
2001-12-14T23:00,4.9,42,0,2.61,184,47,97,115
2001-12-15T00:00,1.4,53,0,3.1,201,21,7,80
2001-12-15T01:00,-1.2,60,0,3.31,209,24,0,65
2001-12-15T02:00,-1.7,60,0,3.5,211,31,0,65
2001-12-15T03:00,-2,58,0,3.61,214,39,0,75
2001-12-15T04:00,-2.8,59,0,3.52,215,17,0,70
2001-12-15T05:00,-3.8,60,0,3.52,215,9,0,75
2001-12-15T06:00,-4.2,58,0,3.74,214,7,0,80
2001-12-15T07:00,-4.3,57,0,3.78,217,0,0,75
2001-12-15T08:00,-4.7,57,0,3.78,217,7,0,70
2001-12-15T09:00,-5.1,58,0,3.58,216,49,0,65
2001-12-15T10:00,-5.7,59,0,3.86,217,58,0,65
2001-12-15T11:00,-6.2,59,0,3.91,220,42,0,60
2001-12-15T12:00,-6.7,59,0,3.76,220,94,0,55
2001-12-15T13:00,-6.8,58,0,3.56,218,66,0,55
2001-12-15T14:00,-7,58,0,3.5,217,95,0,55
2001-12-15T15:00,-6.7,57,0,3.64,217,90,9,65
2001-12-15T16:00,-4.1,50,0,3.39,225,94,71,70
2001-12-15T17:00,0.3,40,0,1.88,245,77,183,95
2001-12-15T18:00,3.2,34,0,1.17,329,50,288,260
2001-12-15T19:00,4.6,31,0,2.1,360,47,353,760
2001-12-15T20:00,4.6,33,0,2.14,11,23,398,940
2001-12-15T21:00,4.5,33,0,2.38,15,50,322,945
2001-12-15T22:00,3.7,39,0,2.06,39,60,197,575
2001-12-15T23:00,1.5,51,0,2.01,27,71,57,190
2001-12-16T00:00,-0.6,63,0.1,2.86,12,74,2,115
2001-12-16T01:00,-1.9,70,0.3,2.9,360,73,0,170
2001-12-16T02:00,-2.8,76,0.2,2.86,12,96,0,380
2001-12-16T03:00,-2.7,79,0.2,2.16,34,94,0,570
2001-12-16T04:00,-3.4,86,0.4,1.44,34,99,0,480
2001-12-16T05:00,-3.5,89,0.5,1.41,45,100,0,455
2001-12-16T06:00,-3.7,90,0.4,1.39,60,100,0,425
2001-12-16T07:00,-4.3,92,0.3,1.1,85,99,0,370
2001-12-16T08:00,-5,91,0.1,0.78,140,96,0,300
2001-12-16T09:00,-5.5,88,0,1.1,180,15,0,210
2001-12-16T10:00,-6.8,86,0,2.06,194,0,0,50
2001-12-16T11:00,-8.8,84,0,1.92,208,2,0,50
2001-12-16T12:00,-10.6,81,0,2.48,223,7,0,55
2001-12-16T13:00,-12.1,79,0,3.06,232,4,0,55
2001-12-16T14:00,-13.2,76,0,3.2,231,1,0,55
2001-12-16T15:00,-13.5,70,0,3.47,226,0,17,50
2001-12-16T16:00,-10.8,62,0,3.47,226,0,133,65
2001-12-16T17:00,-6.2,55,0,2.83,228,0,273,95
2001-12-16T18:00,-1.9,48,0,2.27,229,0,378,180
2001-12-16T19:00,0.8,41,0,1.94,235,0,432,370
2001-12-16T20:00,2.2,37,0,1.63,259,0,426,650
2001-12-16T21:00,2.9,37,0,1.62,292,0,363,710
2001-12-16T22:00,3.4,30,0,0.78,40,0,250,130
2001-12-16T23:00,2.6,30,0,0.22,117,0,109,20
2001-12-17T00:00,-1.9,43,0,1.63,223,0,9,20
2001-12-17T01:00,-5,51,0,1.78,232,0,0,20
2001-12-17T02:00,-6.2,54,0,2.48,227,0,0,30
2001-12-17T03:00,-7.1,57,0,2.9,226,0,0,40
2001-12-17T04:00,-8.1,60,0,3.05,229,0,0,45
2001-12-17T05:00,-8.3,61,0,3.34,231,0,0,55
2001-12-17T06:00,-8.6,63,0,3.55,230,0,0,60
2001-12-17T07:00,-8.3,66,0,3.61,226,0,0,60
2001-12-17T08:00,-8.4,67,0,3.75,226,0,0,60
2001-12-17T09:00,-8.5,67,0,3.96,227,1,0,60
2001-12-17T10:00,-8.6,67,0,3.82,227,21,0,50
2001-12-17T11:00,-8.7,67,0,4.03,226,58,0,55
2001-12-17T12:00,-8.9,68,0,4.03,226,63,0,50
2001-12-17T13:00,-9.1,68,0,3.96,225,47,0,50
2001-12-17T14:00,-9.3,69,0,4.1,223,19,0,50
2001-12-17T15:00,-8.8,67,0,4.04,222,34,13,45
2001-12-17T16:00,-5.4,61,0,3.97,221,35,114,55
2001-12-17T17:00,-0.8,56,0,3.55,220,0,183,70
2001-12-17T18:00,3.1,51,0,2.8,215,0,288,100
2001-12-17T19:00,7.6,42,0,2.28,203,0,415,155
2001-12-17T20:00,8.8,38,0,2.22,188,0,412,225
2001-12-17T21:00,9,39,0,2.32,173,0,352,220
2001-12-17T22:00,8,44,0,2.2,180,0,244,105
2001-12-17T23:00,5.6,52,0,2.57,193,0,107,55
2001-12-18T00:00,2.1,64,0,2.64,209,0,9,40
2001-12-18T01:00,-0.3,73,0,3.08,216,8,0,40
2001-12-18T02:00,-1.7,75,0,3.05,221,22,0,40
2001-12-18T03:00,-2.7,74,0,2.97,222,63,0,35
2001-12-18T04:00,-3.5,73,0,2.97,222,54,0,35
2001-12-18T05:00,-4,72,0,2.83,225,16,0,35
2001-12-18T06:00,-4.5,71,0,2.76,226,39,0,35
2001-12-18T07:00,-4.5,69,0,2.62,230,39,0,35
2001-12-18T08:00,-4.8,68,0,2.39,237,7,0,30
2001-12-18T09:00,-5.3,68,0,2.25,238,2,0,25
2001-12-18T10:00,-5.4,66,0,1.8,273,2,0,25
2001-12-18T11:00,-6,67,0,0.67,243,0,0,20
2001-12-18T12:00,-7,67,0,1.22,235,1,0,15
2001-12-18T13:00,-7.2,65,0,0.81,240,51,0,10
2001-12-18T14:00,-7.9,65,0,0.76,247,95,0,10
2001-12-18T15:00,-8,64,0,1.1,275,98,13,25
2001-12-18T16:00,-5,60,0,0.82,256,6,114,65
2001-12-18T17:00,0,46,0,0.3,90,6,241,260
2001-12-18T18:00,2.4,44,0,1.1,90,0,360,875
2001-12-18T19:00,2.7,52,0,0.92,49,0,405,1140
2001-12-18T20:00,3.9,38,0,1.9,360,43,407,1375
2001-12-18T21:00,3.6,43,0,2.85,18,37,334,1325
2001-12-18T22:00,2.2,56,0,2.41,42,9,243,565
2001-12-18T23:00,0.4,68,0,2.13,41,18,94,230
2001-12-19T00:00,-1.2,75,0,1.39,69,23,7,90
2001-12-19T01:00,-3.1,82,0,0.86,126,12,0,40
2001-12-19T02:00,-4.5,82,0,1.55,195,3,0,30
2001-12-19T03:00,-5.4,78,0,2.28,209,0,0,35
2001-12-19T04:00,-6.2,73,0,2.15,208,0,0,45
2001-12-19T05:00,-6.9,67,0,2.08,215,0,0,50
2001-12-19T06:00,-7.8,64,0,2.5,217,0,0,60
2001-12-19T07:00,-8.9,60,0,3.05,221,0,0,65
2001-12-19T08:00,-9.5,57,0,3.41,220,0,0,70
2001-12-19T09:00,-10,56,0,3.69,221,0,0,70
2001-12-19T10:00,-10.3,56,0,3.7,218,0,0,65
2001-12-19T11:00,-10.3,55,0,3.76,220,5,0,60
2001-12-19T12:00,-10.3,55,0,3.75,222,12,0,60
2001-12-19T13:00,-10.3,54,0,3.69,221,25,0,55
2001-12-19T14:00,-10.1,54,0,3.69,221,28,0,55
2001-12-19T15:00,-9.4,53,0,3.62,219,27,15,55
2001-12-19T16:00,-6.1,48,0,3.34,219,26,124,65
2001-12-19T17:00,-1.6,42,0,2.64,217,2,259,85
2001-12-19T18:00,2.7,35,0,2.12,199,0,363,135
2001-12-19T19:00,6,29,0,2.33,170,0,417,300
2001-12-19T20:00,7.5,27,0,2.47,166,1,414,630
2001-12-19T21:00,8.2,27,0,2.33,170,0,354,1080
2001-12-19T22:00,7.6,34,0,2.02,171,0,246,120
2001-12-19T23:00,5.5,41,0,2.1,177,5,109,45
2001-12-20T00:00,2.2,50,0,1.9,198,33,9,35
2001-12-20T01:00,-1.2,63,0,2.25,212,29,0,30
2001-12-20T02:00,-3,65,0,2.66,214,30,0,35
2001-12-20T03:00,-4.2,65,0,2.78,218,21,0,40
2001-12-20T04:00,-5.1,65,0,2.91,221,24,0,40
2001-12-20T05:00,-5.8,64,0,2.76,224,22,0,40
2001-12-20T06:00,-6.2,62,0,2.62,223,4,0,35
2001-12-20T07:00,-6.6,61,0,2.62,223,0,0,35
2001-12-20T08:00,-7,60,0,2.91,221,0,0,35
2001-12-20T09:00,-7.5,59,0,2.98,220,0,0,40
2001-12-20T10:00,-7.7,58,0,2.4,225,23,0,35
2001-12-20T11:00,-7.9,57,0,2.26,225,24,0,35
2001-12-20T12:00,-8,56,0,2.12,225,0,0,30
2001-12-20T13:00,-8.2,55,0,1.98,225,10,0,30
2001-12-20T14:00,-8.3,54,0,2.13,221,87,0,30
2001-12-20T15:00,-7.7,51,0,2.28,218,92,14,30
2001-12-20T16:00,-4,44,0,2.39,213,42,108,45
2001-12-20T17:00,0.5,39,0,1.89,212,47,215,80
2001-12-20T18:00,4.6,31,0,1.36,197,96,348,180
2001-12-20T19:00,7.4,25,0,1.41,172,97,387,350
2001-12-20T20:00,8.5,23,0,1.58,162,95,346,475
2001-12-20T21:00,8.9,23,0,1.48,152,96,291,490
2001-12-20T22:00,7.8,30,0,2.33,155,91,159,180
2001-12-20T23:00,5.6,37,0,2.01,186,93,67,110
2001-12-21T00:00,1.9,48,0,2.06,203,95,6,85
2001-12-21T01:00,-1.6,60,0,2.51,203,96,0,75
2001-12-21T02:00,-3.2,64,0,2.95,204,97,0,80
2001-12-21T03:00,-3.4,62,0,3.36,203,100,0,95
2001-12-21T04:00,-3.5,60,0,3.58,203,100,0,105
2001-12-21T05:00,-3.5,58,0,3.76,205,98,0,110
2001-12-21T06:00,-3.9,58,0,3.85,208,97,0,105
2001-12-21T07:00,-4.2,58,0,3.94,210,70,0,95
2001-12-21T08:00,-4.6,57,0,4.02,215,92,0,85
2001-12-21T09:00,-4.8,56,0,4.2,218,41,0,80
2001-12-21T10:00,-5,55,0,4.4,219,23,0,75
2001-12-21T11:00,-5,54,0,4.39,221,39,0,65
2001-12-21T12:00,-4.8,53,0,4.39,223,7,0,60
2001-12-21T13:00,-4.7,52,0,4.32,222,8,0,55
2001-12-21T14:00,-4.5,51,0,4.39,221,0,0,55
2001-12-21T15:00,-3.8,50,0,4.39,223,0,14,55
2001-12-21T16:00,-0.6,45,0,4.03,224,0,123,65
2001-12-21T17:00,3.8,38,0,3.2,219,0,265,105
2001-12-21T18:00,7.9,29,0,2.24,207,0,371,1160
2001-12-21T19:00,9.8,22,0,3.01,201,0,423,2345
2001-12-21T20:00,9.6,21,0,4.36,212,5,412,2575
2001-12-21T21:00,9.1,22,0,3.94,210,18,353,2295
2001-12-21T22:00,7.9,27,0,1.48,242,32,234,215
2001-12-21T23:00,5.6,34,0,1.61,263,51,94,30
2001-12-22T00:00,2.3,44,0,2.41,265,64,5,25
2001-12-22T01:00,0.3,54,0,2.22,278,91,0,30
2001-12-22T02:00,-0.5,63,0.2,1.8,304,95,0,90
2001-12-22T03:00,-1.2,85,1.2,2.64,323,99,0,185
2001-12-22T04:00,-1.9,92,1.6,3.18,336,100,0,460
2001-12-22T05:00,-2.6,92,2.1,3.91,347,100,0,660
2001-12-22T06:00,-3,91,1.8,3.83,353,100,0,630
2001-12-22T07:00,-3.3,92,1.1,3.1,358,100,0,500
2001-12-22T08:00,-3.8,91,0.4,2.25,339,100,0,220
2001-12-22T09:00,-3.5,88,0,1.34,297,100,0,160
2001-12-22T10:00,-4.2,86,0,1.08,338,100,0,110
2001-12-22T11:00,-5.5,83,0,0.89,297,72,0,65
2001-12-22T12:00,-7.6,80,0,1.72,234,42,0,20
2001-12-22T13:00,-10.6,81,0,1.42,219,24,0,20
2001-12-22T14:00,-13.6,83,0,2.02,213,1,0,25
2001-12-22T15:00,-13.7,79,0,2.08,215,37,12,30
2001-12-22T16:00,-10.7,71,0,2.3,214,15,99,45
2001-12-22T17:00,-4.5,54,0,1.44,214,8,254,70
2001-12-22T18:00,-1,38,0,0.67,207,10,364,635
2001-12-22T19:00,-0.2,57,0,1.44,326,28,379,1500
2001-12-22T20:00,0.8,50,0,2.16,326,58,332,1565
2001-12-22T21:00,0.9,49,0,2.27,319,31,292,1585
2001-12-22T22:00,0,57,0,0.81,353,15,236,565
2001-12-22T23:00,-2.1,62,0,0.22,63,18,103,10
2001-12-23T00:00,-1.3,48,0,0.64,231,4,10,15
2001-12-23T01:00,-3.1,49,0,1.9,252,23,0,25
2001-12-23T02:00,-6.8,55,0,2.09,253,80,0,25
2001-12-23T03:00,-8.9,58,0,1.08,248,23,0,20
2001-12-23T04:00,-10.5,61,0,0.94,238,25,0,20
2001-12-23T05:00,-11.6,65,0,1,217,22,0,15
2001-12-23T06:00,-12.7,68,0,1.14,195,10,0,20
2001-12-23T07:00,-12.4,72,0,1.36,197,9,0,20
2001-12-23T08:00,-13.8,74,0,1.7,208,6,0,25
2001-12-23T09:00,-15,75,0,2.14,217,3,0,30
2001-12-23T10:00,-15.7,75,0,2.26,225,2,0,30
2001-12-23T11:00,-16,72,0,2.9,226,1,0,40
2001-12-23T12:00,-16.2,71,0,2.97,228,0,0,45
2001-12-23T13:00,-16.3,72,0,2.91,229,0,0,45
2001-12-23T14:00,-16.2,72,0,2.91,229,0,0,40
2001-12-23T15:00,-15.5,70,0,2.83,228,0,13,40
2001-12-23T16:00,-11.8,65,0,2.62,223,0,120,45
2001-12-23T17:00,-7.1,60,0,2.05,223,0,258,55
2001-12-23T18:00,-2.2,51,0,1.17,211,0,364,130
2001-12-23T19:00,0.2,53,0,0.85,159,0,420,400
2001-12-23T20:00,1.5,53,0,1.04,107,0,420,610
2001-12-23T21:00,1.3,52,0,1.43,78,0,362,575
2001-12-23T22:00,0.4,59,0,1.51,82,0,255,475
2001-12-23T23:00,0,48,0,1.51,82,0,117,35
2001-12-24T00:00,-0.5,46,0,0.71,172,0,12,10
2001-12-24T01:00,-4.3,55,0,0.81,210,0,0,15
2001-12-24T02:00,-8.2,63,0,1.7,208,0,0,15
2001-12-24T03:00,-11.2,69,0,1.43,205,0,0,15
2001-12-24T04:00,-12.7,70,0,1.39,210,0,0,15
2001-12-24T05:00,-14,71,0,1.36,216,0,0,15
2001-12-24T06:00,-15.2,73,0,1.49,222,0,0,15
2001-12-24T07:00,-16.7,76,0,1.7,225,0,0,15
2001-12-24T08:00,-17.5,77,0,1.91,223,0,0,15
2001-12-24T09:00,-17.9,77,0,2.2,219,0,0,20
2001-12-24T10:00,-17.9,77,0,2.55,222,0,0,25
2001-12-24T11:00,-17.8,76,0,2.55,228,0,0,30
2001-12-24T12:00,-18.1,76,0,2.14,233,15,0,30
2001-12-24T13:00,-18.8,76,0,1.72,234,22,0,20
2001-12-24T14:00,-19.1,74,0,1.7,230,12,0,15
2001-12-24T15:00,-18.6,72,0,1.49,228,1,12,15
2001-12-24T16:00,-13.4,63,0,1,233,1,119,15
2001-12-24T17:00,-6,50,0,0.67,243,1,257,25
2001-12-24T18:00,-2.1,43,0,0.81,60,0,361,400
2001-12-24T19:00,-1.6,51,0,1.34,63,5,418,550
2001-12-24T20:00,-1.4,50,0,1.62,68,43,422,540
2001-12-24T21:00,-1.6,55,0,1.46,74,82,319,480
2001-12-24T22:00,-2.2,65,0,0.71,98,92,191,355
2001-12-24T23:00,-3.2,59,0,0.51,79,97,67,40
2001-12-25T00:00,-3.8,59,0,0.81,187,93,7,15
2001-12-25T01:00,-8,68,0,1.08,214,96,0,15
2001-12-25T02:00,-10.1,68,0,1.56,225,97,0,15
2001-12-25T03:00,-11.8,67,0,1.06,229,74,0,15
2001-12-25T04:00,-13.7,68,0,0.86,234,2,0,15
2001-12-25T05:00,-15.6,71,0,1.42,231,0,0,15
2001-12-25T06:00,-16.9,74,0,1.84,229,0,0,20
2001-12-25T07:00,-17.3,75,0,2.2,231,0,0,20
2001-12-25T08:00,-17.2,74,0,2.62,230,0,0,30
2001-12-25T09:00,-16.9,72,0,2.92,232,1,0,35
2001-12-25T10:00,-16.7,71,0,2.94,235,0,0,35
2001-12-25T11:00,-16.4,69,0,3.02,236,3,0,35
2001-12-25T12:00,-16.1,68,0,3.22,234,15,0,35
2001-12-25T13:00,-15.6,66,0,3.22,234,44,0,35
2001-12-25T14:00,-15.1,65,0,3.12,230,16,0,35
2001-12-25T15:00,-14.1,64,0,2.92,232,75,12,40
2001-12-25T16:00,-10.1,58,0,2.52,236,80,114,45
2001-12-25T17:00,-5.2,55,0,1.84,241,79,229,70
2001-12-25T18:00,-1.1,52,0,0.64,321,73,338,450
2001-12-25T19:00,1.3,48,0,1.73,10,58,401,700
2001-12-25T20:00,1.8,47,0,1.81,6,60,371,810
2001-12-25T21:00,1.7,50,0,1.61,7,45,333,825
2001-12-25T22:00,1.1,56,0,1.7,40,38,246,295
2001-12-25T23:00,-0.9,64,0,2.41,48,70,113,105
2001-12-26T00:00,-0.9,48,0,1.71,97,79,12,30
2001-12-26T01:00,-2.3,50,0,0.8,180,0,0,15
2001-12-26T02:00,-6,56,0,1.49,222,3,0,20
2001-12-26T03:00,-9.4,61,0,1.56,225,7,0,20
2001-12-26T04:00,-11.8,66,0,2.19,227,11,0,25
2001-12-26T05:00,-13.2,70,0,2.42,232,7,0,30
2001-12-26T06:00,-13.4,69,0,2.7,231,3,0,35
2001-12-26T07:00,-13.5,70,0,2.84,231,1,0,40
2001-12-26T08:00,-13.8,71,0,2.84,231,2,0,40
2001-12-26T09:00,-14.1,71,0,2.84,231,1,0,40
2001-12-26T10:00,-14.3,71,0,2.77,229,8,0,35
2001-12-26T11:00,-14.4,71,0,3.05,229,17,0,40
2001-12-26T12:00,-14.2,70,0,3.33,229,0,0,45
2001-12-26T13:00,-13.9,69,0,3.55,230,0,0,45
2001-12-26T14:00,-13.6,69,0,3.55,230,0,0,45
2001-12-26T15:00,-13,68,0,3.55,230,0,12,45
2001-12-26T16:00,-9.9,65,0,3.26,227,0,117,50
2001-12-26T17:00,-5.2,62,0,2.69,228,0,254,65
2001-12-26T18:00,-0.5,60,0,1.7,230,0,361,95
2001-12-26T19:00,2.9,62,0,1.06,229,0,419,200
2001-12-26T20:00,5.8,37,0,0.63,198,0,421,465
2001-12-26T21:00,5.7,38,0,0.73,106,0,365,490
2001-12-26T22:00,4.7,47,0,1.77,106,0,259,170
2001-12-26T23:00,3.6,49,0,1.86,126,0,121,35
2001-12-27T00:00,0.7,52,0,1.7,180,0,13,25
2001-12-27T01:00,-2.2,59,0,1.7,208,0,0,25
2001-12-27T02:00,-5.1,66,0,2,217,0,0,25
2001-12-27T03:00,-7,70,0,2.48,223,0,0,30
2001-12-27T04:00,-7.9,70,0,2.62,230,26,0,35
2001-12-27T05:00,-8.2,69,0,2.52,236,87,0,35
2001-12-27T06:00,-8.2,68,0,2.52,236,98,0,30
2001-12-27T07:00,-8.4,68,0,2.25,238,98,0,25
2001-12-27T08:00,-8.8,69,0,1.56,230,97,0,20
2001-12-27T09:00,-9.7,70,0,1.28,219,48,0,15
2001-12-27T10:00,-10.4,70,0,1.3,203,55,0,15
2001-12-27T11:00,-10.7,69,0,1.66,205,62,0,20
2001-12-27T12:00,-11,67,0,1.66,205,28,0,20
2001-12-27T13:00,-11.4,66,0,1.48,208,21,0,15
2001-12-27T14:00,-11.8,68,0,1.56,220,12,0,20
2001-12-27T15:00,-11.6,67,0,2.14,217,9,10,25
2001-12-27T16:00,-8.3,62,0,2.56,219,6,111,40
2001-12-27T17:00,-4,58,0,2.13,221,16,246,75
2001-12-27T18:00,0.6,46,0,1.64,218,14,343,175
2001-12-27T19:00,2.7,43,0,1.14,218,4,412,445
2001-12-27T20:00,4.2,32,0,0.5,233,0,423,960
2001-12-27T21:00,4.9,28,0,0.6,270,0,368,1120
2001-12-27T22:00,4.9,29,0,0.98,114,0,263,285
2001-12-27T23:00,2.7,43,0,1.4,90,0,125,30
2001-12-28T00:00,-0.9,51,0,0.86,144,0,15,15
2001-12-28T01:00,-4.6,58,0,1.88,205,0,0,25
2001-12-28T02:00,-7.5,66,0,1.44,214,0,0,25
2001-12-28T03:00,-9.2,68,0,1.92,231,0,0,30
2001-12-28T04:00,-10,67,0,2.56,231,0,0,35
2001-12-28T05:00,-10.1,64,0,2.97,228,0,0,40
2001-12-28T06:00,-10.2,63,0,3.4,223,0,0,45
2001-12-28T07:00,-10.8,64,0,3.61,224,0,0,50
2001-12-28T08:00,-11.3,64,0,3.75,222,36,0,55
2001-12-28T09:00,-11.6,63,0,4.06,218,96,0,60
2001-12-28T10:00,-11.1,62,0,3.75,224,100,0,50
2001-12-28T11:00,-10.3,62,0,3.68,225,94,0,50
2001-12-28T12:00,-9.9,62,0,3.61,224,82,0,45
2001-12-28T13:00,-8.5,61,0,3.76,220,80,0,45
2001-12-28T14:00,-7.8,62,0,3.83,221,34,0,50
2001-12-28T15:00,-6.9,63,0,3.68,223,2,4,45
2001-12-28T16:00,-4.6,60,0,3.26,223,10,89,50
2001-12-28T17:00,-1.1,58,0,2.48,220,26,223,70
2001-12-28T18:00,2.9,52,0,1.17,211,4,354,105
2001-12-28T19:00,5.6,48,0,0.67,153,0,397,1080
2001-12-28T20:00,7.1,36,0,1.1,360,36,396,1905
2001-12-28T21:00,6.7,38,0,2.02,9,57,341,1815
2001-12-28T22:00,5.1,47,0,2.28,52,59,186,265
2001-12-28T23:00,2.8,59,0,2.19,43,42,61,235
2001-12-29T00:00,-0.6,76,0.2,3,53,63,11,370
2001-12-29T01:00,-3.4,89,0.2,1.52,67,81,0,310
2001-12-29T02:00,-4.4,92,0.1,1.3,94,73,0,200
2001-12-29T03:00,-4.9,91,0,1.81,84,38,0,175
2001-12-29T04:00,-5.5,90,0,1.91,84,65,0,170
2001-12-29T05:00,-6.5,89,0,1.41,98,76,0,115
2001-12-29T06:00,-7.2,88,0,1.5,127,73,0,115
2001-12-29T07:00,-7,85,0,1.92,141,49,0,120
2001-12-29T08:00,-6.4,83,0,1.53,148,28,0,95
2001-12-29T09:00,-6.5,82,0,1.2,175,9,0,70
2001-12-29T10:00,-7.9,82,0,1.92,208,18,0,65
2001-12-29T11:00,-10.3,82,0,2.16,214,13,0,45
2001-12-29T12:00,-11.2,78,0,1.66,213,23,0,50
2001-12-29T13:00,-11.7,73,0,1.78,218,54,0,45
2001-12-29T14:00,-12.1,71,0,1.84,221,30,0,40
2001-12-29T15:00,-11.7,69,0,2.05,223,23,5,40
2001-12-29T16:00,-9.9,68,0,1.84,225,16,65,45
2001-12-29T17:00,-5.6,63,0,0.99,225,30,226,75
2001-12-29T18:00,-1.1,51,0,0.51,101,23,341,185
2001-12-29T19:00,0.2,49,0,1.43,78,2,414,365
2001-12-29T20:00,0.6,51,0,2.01,63,0,412,455
2001-12-29T21:00,0.3,55,0,2.56,59,0,364,470
2001-12-29T22:00,-0.7,62,0,2.44,55,51,256,400
2001-12-29T23:00,-2.3,71,0,1.64,38,71,115,245
2001-12-30T00:00,-4.5,79,0,2.47,32,70,11,120
2001-12-30T01:00,-6.2,83,0,2,37,64,0,115
2001-12-30T02:00,-7.3,84,0,1.75,31,71,0,115
2001-12-30T03:00,-7.2,84,0,1.48,28,80,0,115
2001-12-30T04:00,-7.3,84,0,1.2,42,99,0,135
2001-12-30T05:00,-7.6,83,0,1.08,56,98,0,150
2001-12-30T06:00,-8,84,0,1.12,63,100,0,135
2001-12-30T07:00,-7.8,79,0,0.95,72,100,0,95
2001-12-30T08:00,-8,80,0,0.95,72,100,0,90
2001-12-30T09:00,-8.9,82,0,1.12,63,100,0,100
2001-12-30T10:00,-9.8,84,0,1.2,85,100,0,90
2001-12-30T11:00,-10.2,84,0,1.3,94,100,0,145
2001-12-30T12:00,-10.3,85,0,1.3,94,100,0,170
2001-12-30T13:00,-10.2,85,0,1.22,99,100,0,185
2001-12-30T14:00,-10.4,84,0,1.22,99,95,0,170
2001-12-30T15:00,-10.7,83,0,1.4,94,80,4,170
2001-12-30T16:00,-9.6,79,0,1.2,95,84,31,210
2001-12-30T17:00,-7.3,73,0,1.52,113,89,71,380
2001-12-30T18:00,-5.9,68,0,1.41,135,68,172,560
2001-12-30T19:00,-4.4,64,0,1.36,144,82,249,715
2001-12-30T20:00,-2.9,60,0,1.14,128,79,313,885
2001-12-30T21:00,-2.2,59,0,2.1,90,37,229,660
2001-12-30T22:00,-2.9,62,0,1.3,67,5,237,465
2001-12-30T23:00,-4,68,0,1.27,45,1,123,225
2001-12-31T00:00,-5.9,73,0,2.19,47,2,16,90
2001-12-31T01:00,-6.3,73,0,1.92,39,4,0,65
2001-12-31T02:00,-6.5,73,0,1.62,22,8,0,45
2001-12-31T03:00,-6.8,75,0,0.22,63,8,0,30
2001-12-31T04:00,-7.7,77,0,0.22,243,3,0,15
2001-12-31T05:00,-10.7,83,0,1.08,214,0,0,15
2001-12-31T06:00,-13,83,0,1.56,220,2,0,15
2001-12-31T07:00,-15.4,79,0,1.36,216,1,0,15
2001-12-31T08:00,-15.7,76,0,1.44,214,1,0,15
2001-12-31T09:00,-15.8,74,0,1.36,216,2,0,15
2001-12-31T10:00,-16.1,74,0,1.36,216,4,0,15
2001-12-31T11:00,-16.2,73,0,1.41,225,11,0,15
2001-12-31T12:00,-16.2,72,0,1.06,221,16,0,15
2001-12-31T13:00,-15.8,71,0,1.35,222,13,0,15
2001-12-31T14:00,-15.6,71,0,1.5,217,34,0,15
2001-12-31T15:00,-15.4,72,0,1.42,219,34,11,20
2001-12-31T16:00,-12.1,68,0,1.72,216,30,110,30
2001-12-31T17:00,-5.5,53,0,1.17,200,75,255,65
2001-12-31T18:00,-2.4,55,0,1.14,142,96,361,255
2001-12-31T19:00,-0.2,53,0,1.44,124,90,404,470
2001-12-31T20:00,0.6,52,0,1.55,105,97,381,625
2001-12-31T21:00,0.8,52,0,2.02,81,89,338,640
2001-12-31T22:00,0.3,56,0,2.34,70,37,253,550
2001-12-31T23:00,-1.4,65,0,2.08,55,58,127,155
